<?xml version='1.0' encoding='UTF-8'?>
<?xml-model href="https://raw.githubusercontent.com/OpenITI/tei_openiti/master/tei_openiti.rng" type="application/xml" schematypens="http://relaxng.org/ns/structure/1.0"?>
<?xml-model href="https://raw.githubusercontent.com/OpenITI/tei_openiti/master/tei_openiti.rng" type="application/xml" schematypens="http://purl.oclc.org/dsdl/schematron"?>
<TEI xmlns="http://www.tei-c.org/ns/1.0">
  <teiHeader>
    <fileDesc>
      <titleStmt>
        <title/>
      </titleStmt>
      <publicationStmt>
        <p/>
      </publicationStmt>
      <sourceDesc>
        <p/>
      </sourceDesc>
    </fileDesc>
    <profileDesc>
      <calendarDesc>
        <calendar xml:id="ah">
          <p>Anno Hegirae</p>
        </calendar>
      </calendarDesc>
    </profileDesc>
    <xenoData xml:space="preserve">
CREATED: 2024-04-12T12:30:39.047300+00:00
CREATED BY: eScriptorium vpassthistobuildcmd
IMAGE FILENAME: A121078-2425.tif
IMAGE WIDTH: 2386
IMAGE HEIGHT: 3828
</xenoData>
  </teiHeader>
  <text>
    <body>
      <div>
        <p>
          <lb/>421
          <lb/>Au verso du titre: TYPOGRAPHVS GRAE- cae linguae stu¬
          <lb/>diosis.
          <lb/>R101309. Prov.: BN Munich, 14/IV. 1880, 0,30 M.
          <lb/>Oxford, Bibl. Bodleiana; B M Strasbourg O 2813b et 1317. 627
          <lb/>DEMOSTHENES
          <lb/>Haguenau, J. Secer, 1524.
          <lb/>DEMOSTHE NIS OLYNTHIACA PRIMA IN LATI NAM
          <lb/>LINGVAM VERSA, A] PHIL. MEL. (anchthon.)
          <lb/>A la fin: HAGANOAE, per Iohannem Se cerium. Anno
          <lb/>M. D. XXIIII.
          <lb/>In-80, car, ital. et grecs, 24 ff. non ch., sign. A-C, dernier f.
          <lb/>verso blanc, notes marginales, initiale à fig. N, bandes d’ornement.
          <lb/>R101.308(2). Prov.: Bibl. Menke, Brême, 1873.
          <lb/>628
          <lb/>DEMOSTHENES
          <lb/>Haquenau, J. Secer, 1527.
          <lb/>CONTRA ARISTOGITONEM, DEMOSTHENIS ORA) tiones duae
          <lb/>doctissimae à Philippo Melanchthone iam primum latini¬
          <lb/>tate donatae. Item alia quaedam, quorum titulos in pro¬
          <lb/>xima pagella lector, reperies. [Ce sont: 1) Plinianae praefa¬
          <lb/>tionis xaράgpaote. 2) Encomium Suevorum; et 3) In laudem
          <lb/>artis medicae orationes duae, Vitembergae habitae.]
          <lb/>Haganoae per Iohan. Secerium Anno M. D. XXVII.
          <lb/>Mense Augusto.
          <lb/>In-8°, car. ital. &amp;amp; grecs, 88 ff. non ch., sign. aa-Il, titre courant,
          <lb/>réclames, notes marginales, initiales à fig. E, S,C,V,R, N.
          <lb/>Titre encadré. (H et B, Planche LXIX, n° 1.)
          <lb/>f. aa 2a: PHILIPPVS MEMT thaeo ab Val¬
          <lb/>denrod. (4 pages.)
          <lb/>R101.308. Prov.: Bibliothèque Menke, Brême, 1873.
          <lb/>BN Paris, X. 16869.
          <lb/>629
          <lb/>DEMOSTHENES
          <lb/>Haguenau, P. Brubach, 1535.
          <lb/>DEMOSTHE NIS ORATIONES PHILIP-picae quatuor la¬
          <lb/>tinae factae. INTERPRETE CHRISTO- phoro Hegendorfino.
          <lb/>ACCESSIT ET SECVNDA OLYN-thiaca, &amp;amp; singulae orationes
          <lb/>diligenter illustratae sunt argumentis &amp;amp; oconomia dispo¬
        </p>
      </div>
    </body>
  </text>
</TEI>
