<?xml version='1.0' encoding='UTF-8'?>
<?xml-model href="https://raw.githubusercontent.com/OpenITI/tei_openiti/master/tei_openiti.rng" type="application/xml" schematypens="http://relaxng.org/ns/structure/1.0"?>
<?xml-model href="https://raw.githubusercontent.com/OpenITI/tei_openiti/master/tei_openiti.rng" type="application/xml" schematypens="http://purl.oclc.org/dsdl/schematron"?>
<TEI xmlns="http://www.tei-c.org/ns/1.0">
  <teiHeader>
    <fileDesc>
      <titleStmt>
        <title/>
      </titleStmt>
      <publicationStmt>
        <p/>
      </publicationStmt>
      <sourceDesc>
        <p/>
      </sourceDesc>
    </fileDesc>
    <profileDesc>
      <calendarDesc>
        <calendar xml:id="ah">
          <p>Anno Hegirae</p>
        </calendar>
      </calendarDesc>
    </profileDesc>
    <xenoData xml:space="preserve">
CREATED: 2024-04-12T12:30:38.626115+00:00
CREATED BY: eScriptorium vpassthistobuildcmd
IMAGE FILENAME: A121078-2410.tif
IMAGE WIDTH: 2380
IMAGE HEIGHT: 3824
</xenoData>
  </teiHeader>
  <text>
    <body>
      <div>
        <p>
          <lb/>406
          <lb/>RI0.011. Prov: Don de la Bibl. Universitaire de Gœttinque 1872.
          <lb/>Proctor II, Sectio I. N° 10.252: Londres, British Museum;
          <lb/>Schmidt VIII, n° 231; BM Strasbourg et Bibl. St. Guillaume Stras¬
          <lb/>bourg; GPB: BN Berlin, BU Bonn, Halle, Kiel.
          <lb/>1.
          <lb/>605
          <lb/>GUSA Nicolaus de (Cusanus). Voir: NICOLAUS de Cusa.
          <lb/>CUSPINIANUS Johannes Spiesshaymer Strasbourg, Cr. Mylius, 1540.
          <lb/>IOANNIS CVSPI ( NIANI VIRI CLARISSIMI, POETAEET
          <lb/>MEDICI, AC DIVI MAXIMILIANI AvGVSTI! Oratoris, de Caesa¬
          <lb/>ribus atque Imperatori- bus Romanis opus insigne.
          <lb/>DEDICATIO OPERIS AD INVICTISSI-mum Imperatorem Caro¬
          <lb/>LVM Quintum, per Christophorum Scheurle I. V. D.
          <lb/>VITA IOANNIS CVSPINIANI ET DE VTILITATE huius Historiae,
          <lb/>4
          <lb/>per D. Nicolaum Gerbe- lium lureconsultum.
          <lb/>Marque typ. de Crato Mylius. (H a B, Planche XXVII, NO 9.)
          <lb/>Cum gratia &amp;amp; priuilegio Imperiali ac Regio.Anno
          <lb/>M. D. XL. (Verso blanc.)
          <lb/>Au verso du dernier f. autre marque de Mylius. (H dt B, Plan¬
          <lb/>che XXVIII, NO 10; Silvestre, No 1088.)
          <lb/>Au-dessous: Ex munificentia Serenissimi Regis Roma¬
          <lb/>norum. Ferdinandi, Caesaris inuictissimi.
          <lb/>In-fol., car. rom., 8 ff. non ch., DCCLXII (762) pages ch., 4́ ff.
          <lb/>non ch. dont le dernier blanc, (Table), titre courant, réclames, initiales
          <lb/>à fig. et initiales ornées, de nombreux portraits d’empereurs en médaillon.
          <lb/>fol. 2a non ch.: AD DIVVM CAROLVM AVSTRIVM IMPERA¬
          <lb/>TOREM ROMA- norum... prooemium Christophori Scheurlae
          <lb/>I. V. D.Aduocati patriae... (Dédicace de 6 pages.)
          <lb/>fol. 5a non ch.: NICOLAVS GERBELI-VS PHORCENSIS
          <lb/>CANDIDO LECTORI SALVTEM... — Argentorati kalen. Au¬
          <lb/>gusti, ab anno redempti orbis M. D. XL Suivent 2 pages de
          <lb/>table à 2 col.
          <lb/>R 10.463. Prov. : Oscar Rauthe, Berlin, 18/VII. 1913; 24M.
          <lb/>GPB: BN Berlin, BU Bonn, Breslau, Gœttingue, Halle, Kiel,
          <lb/>Kœnigsberg, Marbourg, Munster; Oxford, Bibl. Bodleiana; BM Stras¬
          <lb/>bourg, 1018. (1)
          <lb/>Baer, Francfort s. M., Catalogue 500 (1907), N° 976(1); 30 M.:
          <lb/>8 unnum, 386 num., 3 unnum. Bll. Mit vielen schönen Porträtmedaillon...
          <lb/>Ist die erste Ausgabe dieses Geschichtswerkes.
          <lb/>Bibliographie de Cuspinianus: Schottenloher I, No 3558-3566.
          <lb/>6o6
        </p>
      </div>
    </body>
  </text>
</TEI>
