<?xml version='1.0' encoding='UTF-8'?>
<?xml-model href="https://raw.githubusercontent.com/OpenITI/tei_openiti/master/tei_openiti.rng" type="application/xml" schematypens="http://relaxng.org/ns/structure/1.0"?>
<?xml-model href="https://raw.githubusercontent.com/OpenITI/tei_openiti/master/tei_openiti.rng" type="application/xml" schematypens="http://purl.oclc.org/dsdl/schematron"?>
<TEI xmlns="http://www.tei-c.org/ns/1.0">
  <teiHeader>
    <fileDesc>
      <titleStmt>
        <title/>
      </titleStmt>
      <publicationStmt>
        <p/>
      </publicationStmt>
      <sourceDesc>
        <p/>
      </sourceDesc>
    </fileDesc>
    <profileDesc>
      <calendarDesc>
        <calendar xml:id="ah">
          <p>Anno Hegirae</p>
        </calendar>
      </calendarDesc>
    </profileDesc>
    <xenoData xml:space="preserve">
CREATED: 2024-04-12T12:30:35.124352+00:00
CREATED BY: eScriptorium vpassthistobuildcmd
IMAGE FILENAME: A121078-2286.tif
IMAGE WIDTH: 2298
IMAGE HEIGHT: 3818
</xenoData>
  </teiHeader>
  <text>
    <body>
      <div>
        <p>
          <lb/>282
          <lb/>CANTIONES
          <lb/>Strasbourg, Bl. Fabricius, 1555
          <lb/>CHRISTIA- NAE CANTIONES ET PRECATIONES) partim
          <lb/>graecae, partim latinae, usitatae in classibus. Gymnasij
          <lb/>Argentinensis.
          <lb/>TTEM. LEGES SCHOLAE] à Senatu traditae.
          <lb/>ARGNTRTIBlasius Fabricius ANNO M. D. LV.
          <lb/>In-8°, car, rom., grecs et goth., 16 ff. non ch., sign. A-B, titre
          <lb/>courant, réclames, initiales ornées.
          <lb/>Au verso du titre: CANTIO MATVTINA ND SPIRITVM SANC¬
          <lb/>TVM. (6 lignes.)
          <lb/>Aux trois derniers ff.: Statuta vnd ordnun-gen von
          <lb/>vnsern Hern, Radt vnd Ein vnd zwantzigen den Schü¬
          <lb/>len gegeben... — Actum et Decretm Mitwochen den
          <lb/>Sechs vnud (!) Zwentzigsten Nouembris, von der Geburt
          <lb/>Christi... Funffzehen hun dert Dreyssig vnd Neun Jar.
          <lb/>R102300 Prov.: Bibliothèque du Gymnase de Heilbronn, 2/IV.
          <lb/>1878; contre échange.
          <lb/>BM Strasbourg O 2778a; BU Fribourg en Br. B 8481. 425
          <lb/>CANTZLEY-BUCHLIN
          <lb/>Strasbourg, J Knoblech, 1522
          <lb/>Cantzley büchlin. Zeiget an, Wie man schriben sol
          <lb/>eim yedenn, in was würden, stadt oder wesens er ist,
          <lb/>geistlich vnd wel tlich, in kurtz form begriffen.
          <lb/>A la fin, avant l’index: Getruckt zù Straszburg durch
          <lb/>den furnemen Johannem Knoblouch. Als mann zalt nach
          <lb/>der gebûrt Christi Fünffzehenhundert vnd zweintzig
          <lb/>zwey Jare.
          <lb/>In-4°, car. goth., LVI ff. ch., 3 ff. non ch. et 1 f. blanc (erreurs
          <lb/>de pagination), titre courant, réclames, initiale à fig. Cet initiales ornées
          <lb/>H, D
          <lb/>Au verso du titre: Die vorrede in disz büchlin. (1 p.)
          <lb/>*R102.236. Prov.: J. Halle, Munich, 29/X. 1935; 18 M.
          <lb/>Notes mss. Au haut du titre:, Sum fratris Conradi Grossmanj Augiae
          <lb/>minoris professi. Au bas du titre:,Sum fratris Johannis Weishopt j
          <lb/>Augiae Minoris professi Anno 1582.
          <lb/>BU Fribourg en Br. R 2871 dm; GPB: Berlin BN, Bonn
          <lb/>BU.
          <lb/>Manque chez Schmidt, qui a une édition de 1520 (VII, N° 211:
          <lb/>BN Munich.)
          <lb/>426
        </p>
      </div>
    </body>
  </text>
</TEI>
