<?xml version='1.0' encoding='UTF-8'?>
<?xml-model href="https://raw.githubusercontent.com/OpenITI/tei_openiti/master/tei_openiti.rng" type="application/xml" schematypens="http://relaxng.org/ns/structure/1.0"?>
<?xml-model href="https://raw.githubusercontent.com/OpenITI/tei_openiti/master/tei_openiti.rng" type="application/xml" schematypens="http://purl.oclc.org/dsdl/schematron"?>
<TEI xmlns="http://www.tei-c.org/ns/1.0">
  <teiHeader>
    <fileDesc>
      <titleStmt>
        <title/>
      </titleStmt>
      <publicationStmt>
        <p/>
      </publicationStmt>
      <sourceDesc>
        <p/>
      </sourceDesc>
    </fileDesc>
    <profileDesc>
      <calendarDesc>
        <calendar xml:id="ah">
          <p>Anno Hegirae</p>
        </calendar>
      </calendarDesc>
    </profileDesc>
    <xenoData xml:space="preserve">
CREATED: 2024-04-12T12:30:26.400749+00:00
CREATED BY: eScriptorium vpassthistobuildcmd
IMAGE FILENAME: A121078-2003.tif
IMAGE WIDTH: 2396
IMAGE HEIGHT: 3828
</xenoData>
  </teiHeader>
  <text>
    <body>
      <div>
        <p>
          <lb/>121035
          <lb/>REPERTOIRE BIBLIOGRAPHIQUE DES LIVRES
          <lb/>IMPRIMES EN ALSACE
          <lb/>AUX XVe ET XVIe SIÈCLES
          <lb/>IIe PARTIE
          <lb/>REPERTOIRE BIBLIOGRAPHIQUE
          <lb/>DES LIVRES DU XVIE SIECLE
          <lb/>qui se trouvent
          <lb/>à la Bibliothèque Nationale et Universitaire
          <lb/>de Strasbourg
          <lb/>PAR
          <lb/>FR. RITTER
          <lb/>A- D
          <lb/>EDITIONS P. H. HEITZ
          <lb/>STRASBOURG
          <lb/>1937
          <lb/>Natio
          <lb/>Strosb.
        </p>
      </div>
    </body>
  </text>
</TEI>
