<?xml version='1.0' encoding='UTF-8'?>
<?xml-model href="https://raw.githubusercontent.com/OpenITI/tei_openiti/master/tei_openiti.rng" type="application/xml" schematypens="http://relaxng.org/ns/structure/1.0"?>
<?xml-model href="https://raw.githubusercontent.com/OpenITI/tei_openiti/master/tei_openiti.rng" type="application/xml" schematypens="http://purl.oclc.org/dsdl/schematron"?>
<TEI xmlns="http://www.tei-c.org/ns/1.0">
  <teiHeader>
    <fileDesc>
      <titleStmt>
        <title/>
      </titleStmt>
      <publicationStmt>
        <p/>
      </publicationStmt>
      <sourceDesc>
        <p/>
      </sourceDesc>
    </fileDesc>
    <profileDesc>
      <calendarDesc>
        <calendar xml:id="ah">
          <p>Anno Hegirae</p>
        </calendar>
      </calendarDesc>
    </profileDesc>
    <xenoData xml:space="preserve">
CREATED: 2024-04-12T12:30:28.699079+00:00
CREATED BY: eScriptorium vpassthistobuildcmd
IMAGE FILENAME: A121078-2081.tif
IMAGE WIDTH: 2344
IMAGE HEIGHT: 3826
</xenoData>
  </teiHeader>
  <text>
    <body>
      <div>
        <p>
          <lb/>77
          <lb/>PATC(IL
          <lb/>BAPISTA Mantuanus
          <lb/>Strasbourg, J. Prüss père, 1510.
          <lb/>Baptiste Mantuani! Bucolica seu adolescentia, in decem
          <lb/>æglo gas diuisa: Ab Jodoco Badio Ascen- sio familiariter
          <lb/>exposita: cum indice dictionum.
          <lb/>Dialogus eiusdem de vita beata.
          <lb/>Carmen eiusdem de sancto Joanne Baptista.
          <lb/>Hermanni Buschij oda de contemnendo mun! do &amp;amp;
          <lb/>amanda sola virtute &amp;amp; scientia... Decatosticon! Joannis
          <lb/>Gallinarij Budorini...
          <lb/>A la fin: Johannes Prüsz ciuis Argentinus impressit:
          <lb/>Anno. M. CCCCCX.
          <lb/>In-4°, car. rom., 4 ff. non ch. — LXXX ff. ch. — 16 non ch.,
          <lb/>sign. A-T., titre courant, notes marginales, initiale ornée F.
          <lb/>R101.009(1). Prov.: J. M. Heberle, Cologne, 20. III. 1891;
          <lb/>7 M. 20; notes mss.
          <lb/>Schmidt III, p. 25 N° 83; Walter, No 1819; BM Sélestat.
          <lb/>BN Paris, Rés. p. Yc. 1433.
          <lb/>134
          <lb/>BAPTISTA Mantuanus
          <lb/>Strasbourg, M. Schürer, 1510
          <lb/>BAPTISTAE MANTUANI CARMELITAE. DE PA TIENTIA.
          <lb/>LI- BRI TRES.
          <lb/>Cum sententiarum &amp;amp; dictionum indice. Quibus, cum
          <lb/>patientia ad foelicitatem nos trahat, accessit. EIVSDEM DE
          <lb/>VITA BEATA DIA LOGVS SANCTISSIMVS. ET AUGVSTINI
          <lb/>DATHI DE EA DEM RE LIBELLVS.
          <lb/>Patiens esto, &amp;amp; Beatus efficieris.
          <lb/>Au verso du titre: Mathias Schürerius Selestatinus, Lec¬
          <lb/>tori S. D.... — Argentorati, xiiij. Cal. Decemb. An. M.XV.X.
          <lb/>(Préface; 18 lignes.)
          <lb/>In-40, car. rom., 7 ff. non ch. (titre et table), CXXXVI ff. ch.,
          <lb/>titre courant, notes marginales, initiales d’attente.
          <lb/>fol. a 2a (signé à tort a 3a): VENERANDVS Frater Baptista
          <lb/>Mantuanus! Carmelita Francisco Fantutio. S. P. D....
          <lb/>A la fin: Joannes Pulsormus Nicolao Beraldo suo. S.
          <lb/>(5 distiques.)
          <lb/>R 101016. Proc.: BN Munich, 1. Il. 1877; 1 M.50.
          <lb/>Beaulieux, p. 38: BU Paris, Réserve No 732.
          <lb/>Proctor II, Sectio I, No 10; Londres, British Museum.
          <lb/>Schmidt VIII, No 42: Jadis Bibl. de Strasbourg, Incun. No 622.
          <lb/>GPB: Berlin SB, Breslau UB, Greifswald UB, Königsberg UB.
          <lb/>135
        </p>
      </div>
    </body>
  </text>
</TEI>
