<?xml version='1.0' encoding='UTF-8'?>
<?xml-model href="https://raw.githubusercontent.com/OpenITI/tei_openiti/master/tei_openiti.rng" type="application/xml" schematypens="http://relaxng.org/ns/structure/1.0"?>
<?xml-model href="https://raw.githubusercontent.com/OpenITI/tei_openiti/master/tei_openiti.rng" type="application/xml" schematypens="http://purl.oclc.org/dsdl/schematron"?>
<TEI xmlns="http://www.tei-c.org/ns/1.0">
  <teiHeader>
    <fileDesc>
      <titleStmt>
        <title/>
      </titleStmt>
      <publicationStmt>
        <p/>
      </publicationStmt>
      <sourceDesc>
        <p/>
      </sourceDesc>
    </fileDesc>
    <profileDesc>
      <calendarDesc>
        <calendar xml:id="ah">
          <p>Anno Hegirae</p>
        </calendar>
      </calendarDesc>
    </profileDesc>
    <xenoData xml:space="preserve">
CREATED: 2024-04-12T12:30:33.267173+00:00
CREATED BY: eScriptorium vpassthistobuildcmd
IMAGE FILENAME: A121078-2223.tif
IMAGE WIDTH: 2290
IMAGE HEIGHT: 3822
</xenoData>
  </teiHeader>
  <text>
    <body>
      <div>
        <p>
          <lb/>In-80, car. ital., 72 ff. non ch., sign. A-I, réclames, notes mar¬
          <lb/>ginales, initiale ornée D, titre encadré: au haut, ornement d’architecture;
          <lb/>bordures latérales, colonne avec un enfant grimpant; au bas, une sirène
          <lb/>ailée avee deux queues de poisson, à droite un génie à genoux, à gauche
          <lb/>un génie debout, regardant la sirène.
          <lb/>fol. A 2a: EPISTOLA GRATVLA-TORIA. (6 pages.)
          <lb/>*R101.998. Prov. : Donation Cunite, Strasbourg 1886.
          <lb/>Note mss.: Justi Joannae Defensio pro conjugio Sacer¬
          <lb/>dotum. Melanchthon de Conjugio Sacerdotum Tomo II. Opp.
          <lb/>p 168.
          <lb/>BN Paris, D2. 3362(1); Schmidt VII, No 307: Bibl. St. Guil¬
          <lb/>laume Strasbourg; GPB: Bonn BU, Vienne BN. Geisenhof, loc. cit.,
          <lb/>No 157: Bonn BU, Cambridge BU, Dublin BU, Fribourg en Br. BU,
          <lb/>St. Galles (Bibl. Vadiana). Hannover B M. Heidelberg BU, Copenhaque
          <lb/>Bibl. Roy., Munich BN, Paris BN et Bibl. St. Geneviève, Regensbourg.
          <lb/>Stuttgart, Ueberlingen (Leop.-Soph. Bibl). Upsala BU, Utrecht BU,
          <lb/>Vienne BN, Zwickau (Ratschulbibl).
          <lb/>327
          <lb/>BUGENHAGEN Iohannes
          <lb/>Strasbourg, (J. Knobloch ? ), 1526.
          <lb/>IN DIVVM HIOB BREVISSIMA, IOHANNIS BVGEN hagij
          <lb/>Pomerani Scholia, quibus ueteris tra- lationis nubila
          <lb/>dispellun- tur. (Feuille de treffle.) ARGENTORATI M. D. XXVI.
          <lb/>(Verso blane.)
          <lb/>A la fin: ARGENTORATI ANNO M. D. XXVI. (Feuille de
          <lb/>treffle).
          <lb/>In-80, car. ital., 46 ff. ch. — 1 f. blanc avec l’explieit au recto,
          <lb/>titre courant, réclames, notes marginales, initiale à fig. C.
          <lb/>R101.134. Prov.: Rosenthal, Munich, 28/x. 1890; 3 M. 50.
          <lb/>BN Paris, A 6729; Bibl. St. Guillaume, Strasbourg.
          <lb/>GPB: Breslau BU, Vienne BN. Geisenhof, loco cit., No 193:
          <lb/>Berlin, Bâle BU. Brandenbourg (Gotthardtbibl.), Celle (Ministerial¬
          <lb/>Bibl.), Danzia BM, Dillingen, Elbing BM, Göttweig (Autriche), Hei¬
          <lb/>delberg BU, Leipeig EU, Michelstadt (Kirchenbibl), Nuremberg BM,
          <lb/>Rome (Bibl. Vaticana), Rostock BU, Utrecht BU, Zwiekau (Ratschul¬
          <lb/>bibl.).
          <lb/>328
          <lb/>219
          <lb/>BUGENHAGEN Johannes
          <lb/>Haguenau, J. Secer, 1531.
          <lb/>IO. PO MERANI IN D. PAV li ad Romanos epistolam,
          <lb/>Interpretatio doctissi- ma, multisque in locis! locupletata.
          <lb/>Haganoe, per lohan, Secer. Anno M. D. XXXI. Mense
          <lb/>Iulio.
        </p>
      </div>
    </body>
  </text>
</TEI>
