<?xml version='1.0' encoding='UTF-8'?>
<?xml-model href="https://raw.githubusercontent.com/OpenITI/tei_openiti/master/tei_openiti.rng" type="application/xml" schematypens="http://relaxng.org/ns/structure/1.0"?>
<?xml-model href="https://raw.githubusercontent.com/OpenITI/tei_openiti/master/tei_openiti.rng" type="application/xml" schematypens="http://purl.oclc.org/dsdl/schematron"?>
<TEI xmlns="http://www.tei-c.org/ns/1.0">
  <teiHeader>
    <fileDesc>
      <titleStmt>
        <title/>
      </titleStmt>
      <publicationStmt>
        <p/>
      </publicationStmt>
      <sourceDesc>
        <p/>
      </sourceDesc>
    </fileDesc>
    <profileDesc>
      <calendarDesc>
        <calendar xml:id="ah">
          <p>Anno Hegirae</p>
        </calendar>
      </calendarDesc>
    </profileDesc>
    <xenoData xml:space="preserve">
CREATED: 2024-04-12T12:30:26.606926+00:00
CREATED BY: eScriptorium vpassthistobuildcmd
IMAGE FILENAME: A121078-2016.tif
IMAGE WIDTH: 2392
IMAGE HEIGHT: 3824
</xenoData>
  </teiHeader>
  <text>
    <body>
      <div>
        <p>
          <lb/>12
          <lb/>AGRICOLA Johannes
          <lb/>Haguenau, [J. Secer, 1 1537.
          <lb/>Sybenhun-dert vnd Fünfftzig! Teütscher Sprich
          <lb/>wörter, verneü- wert vnd ge-! beszert. ! Johan.! Agri¬
          <lb/>cola.
          <lb/>Zu Hagenaw, im! jar. M. D. XXXVII. am viij. tag des
          <lb/>Mertzen.
          <lb/>in-8°, car. goth., 16 ff. non ch., 384 ff. ch., verso du dernier f.
          <lb/>blanc, titre courant, réclames au verso des ff., notes marg. donnant les
          <lb/>proverbes en latin, initiale ornée W, en tout 749 proverbes, numérotés
          <lb/>à la marge des pages par des chiffres arabes de 1-749.
          <lb/>Au verso du titre : Johannes Agricola; Eisleben.
          <lb/>Suivent 15 ff. à 2 col.: Index des proverbes par ordre alpha¬
          <lb/>bétique.
          <lb/>Titre encadré, au bas, monogramme de Secer (H&amp;amp; B, Planche
          <lb/>LXIX, No 2).
          <lb/>Cd 130393. Prov.: Harrassowitz, Leipsic, 1. Vl. 1896, 5 M. 50.
          <lb/>A l&amp;#x27;intérieur de la couverture: Exlibris de J. F. Schefold J. U. L.
          <lb/>Au verso du f. blane qui précède le titre, note mss.: «Agricola Jo¬
          <lb/>hann, zu Eisleben 1492 geboren und zu Berlin als Hofprediger 1566
          <lb/>gestorben... Editio rara. Bauer Bibl. lib. rar.: Suppl. Tome I. f. 29.
          <lb/>Au crayon: Werth 15 M.
          <lb/>GPB, II, 3725: Berlin.
          <lb/>20
          <lb/>AGRICOLA Rodolphus
          <lb/>Strasbourg, J. Knobloch, 1521.
          <lb/>RODOL-] PHI AGRICO-]LAE PHRISII, ! De inuentione Dia¬
          <lb/>lectica! Libri Tres.
          <lb/>Osòς ouveρyop. (!), τάντα τοιεε͂ ραdίωc.
          <lb/>Agricolae, quondam magni cultoris Erasmi Accipe,
          <lb/>tum foelix aedi- dit auctor, opus. (Verso blanc.)
          <lb/>A la fin: Argentinae apud Joannem Knoblouchum. ] Anno
          <lb/>M. D. XXI.
          <lb/>in-4°, car. rom., 2 ff. non ch., 139 ff. ch., 1 f. blanc, titre courant,
          <lb/>réclames, notes marg., initiales ornées et initiales d’attente; titre encadré
          <lb/>de 4 pièces juxta-posées: en haut, ornement; à gauche, cinq enfants
          <lb/>nus jouant avec une grosse boule; à droite, un vase entre deux en¬
          <lb/>fants nus; au bas, une sirène ailée avec deux queues de poisson, l’une
          <lb/>terminée par une tête d’homme, l’autre par une tête de monstre.
          <lb/>La pièce latérale de gauche se trouve chez H&amp;amp;B, Planche IX, N° 2a,
          <lb/>comme pièce supérieure d’un autre encadrement.
          <lb/>Fol. A 2a: RODOL. AGRI. PLINIO SVO. S. D. P. (Préface
          <lb/>en ital.j
          <lb/>*Bh 113721a. Prov.: Don de l’abbé Cromer, Saverne, 29. VII. 1879.
          <lb/>Au-dessus de l’encadrement du titre: Pro-Franciscanis de Obser¬
          <lb/>vantia Tabernensibus; en outre quelques annotations mss.
          <lb/>Schmidt VII, N° 226 cite son exemplaire.
          <lb/>GPB, II, 3842. Berlin, Munich, Vienne, Göttingen.
          <lb/>21
        </p>
      </div>
    </body>
  </text>
</TEI>
