<?xml version='1.0' encoding='UTF-8'?>
<?xml-model href="https://raw.githubusercontent.com/OpenITI/tei_openiti/master/tei_openiti.rng" type="application/xml" schematypens="http://relaxng.org/ns/structure/1.0"?>
<?xml-model href="https://raw.githubusercontent.com/OpenITI/tei_openiti/master/tei_openiti.rng" type="application/xml" schematypens="http://purl.oclc.org/dsdl/schematron"?>
<TEI xmlns="http://www.tei-c.org/ns/1.0">
  <teiHeader>
    <fileDesc>
      <titleStmt>
        <title/>
      </titleStmt>
      <publicationStmt>
        <p/>
      </publicationStmt>
      <sourceDesc>
        <p/>
      </sourceDesc>
    </fileDesc>
    <profileDesc>
      <calendarDesc>
        <calendar xml:id="ah">
          <p>Anno Hegirae</p>
        </calendar>
      </calendarDesc>
    </profileDesc>
    <xenoData xml:space="preserve">
CREATED: 2024-04-12T12:30:36.161029+00:00
CREATED BY: eScriptorium vpassthistobuildcmd
IMAGE FILENAME: A121078-2330.tif
IMAGE WIDTH: 2318
IMAGE HEIGHT: 3814
</xenoData>
  </teiHeader>
  <text>
    <body>
      <div>
        <p>
          <lb/>326
          <lb/>A la fin: ARGENTORATI EX AEDIBVS Hulderichi Morhardi.
          <lb/>Mense Martio. An. M. D. XXII.REGNANTE IMPERATORE
          <lb/>CAROLO P. F. A. PP. (Verso blanc.)
          <lb/>In-4°, car. rom., 6 ff. non ch. (Index), 86 ff. ch., titre courant,
          <lb/>initiale ornée O, titre rouge et noir, encadré, une foule d’enfants nus
          <lb/>occupés à des jeux divers. (Voir p. 325).
          <lb/>&amp;quot;R 100.069. Prov.: Abbé Cromer, curé à Saverne, 29/VII. 1879.
          <lb/>Annotations mse,, surtout au verso blanc du dernier f.
          <lb/>Schmidt IV, p. 30, No 8: «Bibliothèque particulière», sans autre
          <lb/>497
          <lb/>désignation; GPB: BU Gœttingue, Marbourg.
          <lb/>CICERO
          <lb/>Strasbourg, J. Knobloch, 1525.
          <lb/>M.T.C.EPISTOLAE FAMI- liares, plerisque in locis
          <lb/>diligenter ca- stigatae.
          <lb/>ARGENTORATI EX! cudebat lo. Knoblochus! M. D. XXV.
          <lb/>(Verso blanc.)
          <lb/>A la fin: ARGENTORATI EXCVDEBATIOANNES KNOBLO¬
          <lb/>CHVS, MENSE FEBRVARIO, ANNO M. D. XXV.
          <lb/>In-80, car. ital., 261 ff. ch. — 2 ff. non ch., titre courant, récla¬
          <lb/>mes, init. ornées; titre encadré: bordure supérieure, ornements d’archi¬
          <lb/>tecture, dans le coin gauche: Herman; bordures latérales, colonne avec
          <lb/>enfant grimpant; bordure inférieure, sirène ailée avec 2 queues de pois¬
          <lb/>sons, à droite, un génie agenouillé, à gauche, un génie debout, regar¬
          <lb/>dant la sirène.
          <lb/>A l’avant dernier f. non ch.: Lectori.
          <lb/>*RIOI670. Prov.: Rudolphi é Klemm, Zurich, 28.I1.1887, 1M.
          <lb/>Notes mss. Endommagé à la fin.
          <lb/>Manque chez Schmidt.
          <lb/>498
          <lb/>Haguenau, J. Secer, 1525.
          <lb/>CICERO
          <lb/>OFFICIA CICERONIS, CVM SCHO! LIIS PHIL. MELAN.
          <lb/>QVAE possint esse uice prolixi commentarij. Nam pleri¬
          <lb/>que loci quos hactenus nemo attigit, hic enarrantur.
          <lb/>Haganoae, apud Iohan, Sec. Anno M. D. XXV.
          <lb/>A la fin: Haganoae excudebat Iohan. Secer.Ano.
          <lb/>M. D. XXV.
          <lb/>In-8°, car. rom,, 114 ff. ch., 10 ff. non ch. (Index et marque typ.
          <lb/>de Secer au recto du dernier f. (HeB. Planche LXX. No7; Silvestre
          <lb/>No 683.), titre courant, réclames, notes marginales en car. ital., initiales
          <lb/>à fig. O. P.
        </p>
      </div>
    </body>
  </text>
</TEI>
