<?xml version='1.0' encoding='UTF-8'?>
<?xml-model href="https://raw.githubusercontent.com/OpenITI/tei_openiti/master/tei_openiti.rng" type="application/xml" schematypens="http://relaxng.org/ns/structure/1.0"?>
<?xml-model href="https://raw.githubusercontent.com/OpenITI/tei_openiti/master/tei_openiti.rng" type="application/xml" schematypens="http://purl.oclc.org/dsdl/schematron"?>
<TEI xmlns="http://www.tei-c.org/ns/1.0">
  <teiHeader>
    <fileDesc>
      <titleStmt>
        <title/>
      </titleStmt>
      <publicationStmt>
        <p/>
      </publicationStmt>
      <sourceDesc>
        <p/>
      </sourceDesc>
    </fileDesc>
    <profileDesc>
      <calendarDesc>
        <calendar xml:id="ah">
          <p>Anno Hegirae</p>
        </calendar>
      </calendarDesc>
    </profileDesc>
    <xenoData xml:space="preserve">
CREATED: 2024-04-12T12:30:31.476106+00:00
CREATED BY: eScriptorium vpassthistobuildcmd
IMAGE FILENAME: A121078-2163.tif
IMAGE WIDTH: 2296
IMAGE HEIGHT: 3828
</xenoData>
  </teiHeader>
  <text>
    <body>
      <div>
        <p>
          <lb/>In-4°, car. goth., 166 ff. non ch., sign. A-2. a-r, réclames, de
          <lb/>nombreuses gravures, dont quelques unes à 2 bois, plusieurs sont
          <lb/>répétées. Voir : Heitz, Formschneider-Arbeiten des 16. und 17. Jahrh.
          <lb/>Planche 88.
          <lb/>fol. 2a: Vorred D. Seba stianj Brandts inns Narren¬
          <lb/>schiff.
          <lb/>fol. 4b : Das Narrenschiff zûm! Leser.
          <lb/>R100.220. Prov.: Bibliothèque Heitz, à l&amp;#x27;intérieur du 1er plat
          <lb/>Exlibris de Strobel (Cathédrale de Strasbourg), annotations manuscrites
          <lb/>au recto du f. de garde.
          <lb/>B M Strasbourg; GPB: Berlin SB.
          <lb/>Dr Jos. Benzing, Berlin, m’écrit au sujet de cette édition:
          <lb/>,Diese Ausgabe ist ein Nachdruck der Cammerlander¬
          <lb/>Ausgabe von 1545, bearbeitet von Jakob Vielefeld.&amp;quot;
          <lb/>249
          <lb/>BRASSICANUS Iohannes
          <lb/>Strasbourg, J. Prüss père, 1508.
          <lb/>Institutiones gram- matice Joannis Bras sicani:
          <lb/>vracensis pedotribe.
          <lb/>Liber de se. (2 distiques lat.)
          <lb/>Vdolrici Rustici Concionatoris Nurtingeñ. Distichon....
          <lb/>(Verso blanc.)
          <lb/>A la fin: Ex officina litteraria Ioannis Priiss chalcogra¬
          <lb/>phi: ciuis Argentini : vulgo zum Thyergarten nun cupata
          <lb/>depromptum: Die vicesimatertia mensis Iunij: Anno
          <lb/>salutis. M. CCCCCVIII.
          <lb/>Au-dessous: marque typographique de J. Prüss (He B, Planche
          <lb/>VIII, no 2.)
          <lb/>In-40, car, rom., 8 ff. non ch. CXXXIII ff. ch., 1 f. non ch.
          <lb/>(Explicit et marque au recto, verso blanc.), titre courant, initiales ornées
          <lb/>G,N,PV,A,C,I.
          <lb/>fol. 2a non ch.: Ad magnificum et generosvm co mitem
          <lb/>Ioannem de Salm, Ioannis Brassicani epistola.... — Datae
          <lb/>sedecimo kalendas Martias.
          <lb/>R 101.569. Prov. : Bibl. Edouard Cunitz à Strasbourg 1886.
          <lb/>Annotations mss. en allemand, donnant des recettes. Au bas du
          <lb/>titre: Basileae, P. de Langendorff 1514.
          <lb/>Schmidt III, p. 19, N0* 66 met 23 janvier 1508 au lieu de 23
          <lb/>juin, comme le numéro porte un asthérisque, Schmidt n’a pas vu l’exem¬
          <lb/>plaire, d’où probablement l’erreur.
          <lb/>GPB. Berlin SB.
          <lb/>250
          <lb/>159
        </p>
      </div>
    </body>
  </text>
</TEI>
