<?xml version='1.0' encoding='UTF-8'?>
<?xml-model href="https://raw.githubusercontent.com/OpenITI/tei_openiti/master/tei_openiti.rng" type="application/xml" schematypens="http://relaxng.org/ns/structure/1.0"?>
<?xml-model href="https://raw.githubusercontent.com/OpenITI/tei_openiti/master/tei_openiti.rng" type="application/xml" schematypens="http://purl.oclc.org/dsdl/schematron"?>
<TEI xmlns="http://www.tei-c.org/ns/1.0">
  <teiHeader>
    <fileDesc>
      <titleStmt>
        <title/>
      </titleStmt>
      <publicationStmt>
        <p/>
      </publicationStmt>
      <sourceDesc>
        <p/>
      </sourceDesc>
    </fileDesc>
    <profileDesc>
      <calendarDesc>
        <calendar xml:id="ah">
          <p>Anno Hegirae</p>
        </calendar>
      </calendarDesc>
    </profileDesc>
    <xenoData xml:space="preserve">
CREATED: 2024-04-12T12:30:38.732924+00:00
CREATED BY: eScriptorium vpassthistobuildcmd
IMAGE FILENAME: A121078-2417.tif
IMAGE WIDTH: 2386
IMAGE HEIGHT: 3822
</xenoData>
  </teiHeader>
  <text>
    <body>
      <div>
        <p>
          <lb/>ARGENTORATI, IMPRIMEBAT IODOCVS MARTINVS. ANNO
          <lb/>M. D. XCIII.
          <lb/>ch. — 50 p. ch. — 1 f. non ch. (Brevis Corporis Mathematici 3
          <lb/>In-8°, car. rom., 6 ff. non ch., 68 p. ch. (Protheoria), 7 ff. non
          <lb/>volumina), sign. A2-15, réclames, initiales ornées I, A, culs de lampe
          <lb/>à la fin des livres.
          <lb/>sans indic. du prix.
          <lb/>R101.036. Prov: Vente Hugueny, Strasbourg, 20/VII. 1896;
          <lb/>614
          <lb/>
          <lb/>DASYPODIUS Petrus
          <lb/>Strasbourg, Th. Rihel, (1599l.
          <lb/>Dictionarium latino GERMANICVM ET VICE- VER- sa
          <lb/>Germanico latinum ex optimis Latinae linguae scriptori¬
          <lb/>bus con- cinnatum. CVI ACCESSERVNT NOMINA Locorum
          <lb/>&amp;amp; Amnium in Germania, aliorumque multorum, quorum
          <lb/>titulos pagina sequens indicat. Adiectis insuper, &amp;amp; in ordi¬
          <lb/>nem redactis vocabulis atque loquendi modis Forensibus.
          <lb/>Authore Petro Dasypodio.
          <lb/>NVNC DENVO MAGNO QVIDEM, SED studiosis vtili labore,
          <lb/>multis probatorum Authorum vocibus auctum &amp;amp; locupleta¬
          <lb/>tum.
          <lb/>Marque typ. de Theod. Rihel, (H&amp;amp; B. Planche XXXI, NO I0;
          <lb/>Silvestre, No 854.)
          <lb/>Au-dessous: Cum gratia &amp;amp; Priuilegio Caesareo.
          <lb/>ARGENTORATI, Excudebat Theodosius Rihelius.
          <lb/>In-8), car, rom. et goth., 2 col., 448 ff. non ch, sign. A-Z, Aa¬
          <lb/>Qq (latin allemand), A-S (goth), dictionnaire allemand latin), réclames
          <lb/>au verso des ff. Le verso du titre contient les TITVLI NOMENCLATV
          <lb/>rae Rerum. Les préfaces A 2a et A 3a comme au n° suivant.
          <lb/>R 101.601. Prov.: Don du Prof. H. F. Massmann à Berlin 1871,
          <lb/>à côté de la marque typogr.: Monasterij Ochsenhusani.
          <lb/>BN Paris, X. 9125, GPB: RU Gœttingue.
          <lb/>615
          <lb/>413
          <lb/>DASYPODIUS Petrus
          <lb/>Strasbourg, Th. Rihel, (1596l.
          <lb/>Dictionarium latino GERMANICVM, ET VICE VER- sa
          <lb/>Germanico latinum, ex optimis Latinae lingae scriptoribus
          <lb/>con- cinnatum. CVI ACCESSERVNT NOMINA Locorum &amp;amp;
          <lb/>...
        </p>
      </div>
    </body>
  </text>
</TEI>
