<?xml version='1.0' encoding='UTF-8'?>
<?xml-model href="https://raw.githubusercontent.com/OpenITI/tei_openiti/master/tei_openiti.rng" type="application/xml" schematypens="http://relaxng.org/ns/structure/1.0"?>
<?xml-model href="https://raw.githubusercontent.com/OpenITI/tei_openiti/master/tei_openiti.rng" type="application/xml" schematypens="http://purl.oclc.org/dsdl/schematron"?>
<TEI xmlns="http://www.tei-c.org/ns/1.0">
  <teiHeader>
    <fileDesc>
      <titleStmt>
        <title/>
      </titleStmt>
      <publicationStmt>
        <p/>
      </publicationStmt>
      <sourceDesc>
        <p/>
      </sourceDesc>
    </fileDesc>
    <profileDesc>
      <calendarDesc>
        <calendar xml:id="ah">
          <p>Anno Hegirae</p>
        </calendar>
      </calendarDesc>
    </profileDesc>
    <xenoData xml:space="preserve">
CREATED: 2024-04-12T12:30:26.501750+00:00
CREATED BY: eScriptorium vpassthistobuildcmd
IMAGE FILENAME: A121078-2010.tif
IMAGE WIDTH: 2400
IMAGE HEIGHT: 3826
</xenoData>
  </teiHeader>
  <text>
    <body>
      <div>
        <p>
          <lb/>Anno domini M. D. XIX. (Même encadrement qu’au titre
          <lb/>principal.)
          <lb/>Bequẽtiarum
          <lb/>luculenta interpreratio:
          <lb/>nedũ scbolasticig: scd
          <lb/>z ecclesiasticis cogni
          <lb/>tu necessaria: p Jo
          <lb/>an. adelpbd̃ pbu
          <lb/>sici Argẽtin.
          <lb/>collecta:
          <lb/>Anno dmi. MD XIX.
          <lb/>A la fin: Argentoraco in Jo-annis knoblouch Calco¬
          <lb/>graphi edibus! humane redemptionis milesimo! quingen¬
          <lb/>tesimo vno de vigin ti anno. Jdibus Martijs. (Verso blanc.)
          <lb/>in-4°, car. goth., Ire partie, CXXXVI ff. ch., 2e partie, 4 ff. n. ch.,
          <lb/>LXXX ff. ch., titre courant, notes marginales, grande initiale à fig. G.
          <lb/>initiales ornées L, P, et initiales d’attente, titre en rouge et en noir,
          <lb/>encadré. Même encadrement que dans l&amp;#x27;édition de Knobloch, 1513, mais
          <lb/>sans la bande enroulée derrière l’écu.
        </p>
      </div>
    </body>
  </text>
</TEI>
