<?xml version='1.0' encoding='UTF-8'?>
<?xml-model href="https://raw.githubusercontent.com/OpenITI/tei_openiti/master/tei_openiti.rng" type="application/xml" schematypens="http://relaxng.org/ns/structure/1.0"?>
<?xml-model href="https://raw.githubusercontent.com/OpenITI/tei_openiti/master/tei_openiti.rng" type="application/xml" schematypens="http://purl.oclc.org/dsdl/schematron"?>
<TEI xmlns="http://www.tei-c.org/ns/1.0">
  <teiHeader>
    <fileDesc>
      <titleStmt>
        <title/>
      </titleStmt>
      <publicationStmt>
        <p/>
      </publicationStmt>
      <sourceDesc>
        <p/>
      </sourceDesc>
    </fileDesc>
    <profileDesc>
      <calendarDesc>
        <calendar xml:id="ah">
          <p>Anno Hegirae</p>
        </calendar>
      </calendarDesc>
    </profileDesc>
    <xenoData xml:space="preserve">
CREATED: 2024-04-12T12:30:30.051621+00:00
CREATED BY: eScriptorium vpassthistobuildcmd
IMAGE FILENAME: A121078-2122.tif
IMAGE WIDTH: 2308
IMAGE HEIGHT: 3828
</xenoData>
  </teiHeader>
  <text>
    <body>
      <div>
        <p>
          <lb/>118
          <lb/>Item auch mitt Zweyhundert Figuren mehr dan vor¬
          <lb/>hien nie, jm Truck auszgangen seind.
          <lb/>Getruckt zû Straszburg bey Wolff Köphl. An. M. D.
          <lb/>XXXV.
          <lb/>In-fol., car. goth., 2 col., titre courant, réclames, notes marginales,
          <lb/>initiales ornées, titre rouge et noir, encadrement de W. Köpfel. (H&amp;amp;B
          <lb/>Planche XX, N° 16), de nombreuses petites gravures, illustrant le texte.
          <lb/>Simson avec le lion. (fol. XXVa).
          <lb/>Ire partie: Les 5 livres de Moïse, 6 ff. non ch. CVIII ff. ch..
          <lb/>Au verso du titre: Register der gantzen Bibel. Au verso du
          <lb/>dernier f. marque typogr. de W. Köpfel. (HEB Planche XVIII, NO 9.)
          <lb/>2e partie avec un nouveau titre encadré comme le titre principal:
          <lb/>Das Ander teyl des Alten Testaments.Die Bücher so
          <lb/>in disem theyl begryffen seind. (Suivent les titres de 12 livres.)
          <lb/>Verso blanc.
          <lb/>A la fin: Gedruckt ze Straszburg bey Wolff Köpffel,
          <lb/>als man zellet, M. D. xXXV. jar.
          <lb/>CVI ff. ch.
          <lb/>3e partie: Alle Propheten nach He braischer sprach
          <lb/>verteütschet. Das seind die Propheten die inn Biblischer
          <lb/>geschrifft funden werden, nach der Hebraischen vertol¬
          <lb/>metschung. (Suivent les noms des 16 prophètes.)
          <lb/>2
        </p>
      </div>
    </body>
  </text>
</TEI>
