<?xml version='1.0' encoding='UTF-8'?>
<?xml-model href="https://raw.githubusercontent.com/OpenITI/tei_openiti/master/tei_openiti.rng" type="application/xml" schematypens="http://relaxng.org/ns/structure/1.0"?>
<?xml-model href="https://raw.githubusercontent.com/OpenITI/tei_openiti/master/tei_openiti.rng" type="application/xml" schematypens="http://purl.oclc.org/dsdl/schematron"?>
<TEI xmlns="http://www.tei-c.org/ns/1.0">
  <teiHeader>
    <fileDesc>
      <titleStmt>
        <title/>
      </titleStmt>
      <publicationStmt>
        <p/>
      </publicationStmt>
      <sourceDesc>
        <p/>
      </sourceDesc>
    </fileDesc>
    <profileDesc>
      <calendarDesc>
        <calendar xml:id="ah">
          <p>Anno Hegirae</p>
        </calendar>
      </calendarDesc>
    </profileDesc>
    <xenoData xml:space="preserve">
CREATED: 2024-04-12T12:30:34.239568+00:00
CREATED BY: eScriptorium vpassthistobuildcmd
IMAGE FILENAME: A121078-2255.tif
IMAGE WIDTH: 2296
IMAGE HEIGHT: 3818
</xenoData>
  </teiHeader>
  <text>
    <body>
      <div>
        <p>
          <lb/>ARGENTORATI ANNO M. D. XLI. Mense Augusto.
          <lb/>In-4°, car, rom,, 12 ff. ch., tître courant, réclames, initiale ornée 1.
          <lb/>R101492. Prov.: L. Rosenthal, Munich, 23/x. 1890, 10M.
          <lb/>2e ex. R. 101.523. (2) Prov.: Bibliothèque Ch. Schmidt.
          <lb/>BN Paris, D2, 1726; BM et Bibl. St. Guillaume, Strasbourg;
          <lb/>Walter: Sélestat N° 873 signale en outre comme double une impression
          <lb/>où il est dit: Mense Iunio, au lieu de Augusto.
          <lb/>Mentz No 48 cite l’impression du mois de juin et celle du mois
          <lb/>d’août :, Es existiert auch ein anderer, sonst ganz gleicher Druck dieses
          <lb/>Schriftchens, auf dessen Titel nur zuletzt steht : Mense Augusto.&amp;quot; 376
          <lb/>BUTZER Martin
          <lb/>Strasbourg, 1541.
          <lb/>ACTA COLLO QVII IN COMITIIS IMPERII RA- TISPONAE
          <lb/>HABITI, HOC EST ARTICVLI de religione conciliati, &amp;amp; non
          <lb/>conciliati om-nes, ut ab Imperatore Ordinibus Impe-rij
          <lb/>ad ivdicandum, &amp;amp; deliberan- dum propositi sunt.
          <lb/>Consulta &amp;amp; deliberata de his actis Imperatoris sin¬
          <lb/>gulorum Ordinum Imperij, &amp;amp; Le- gati Romani. Et, quae¬
          <lb/>dam alia, quorum Catalogum ha- bes sequenti pagina.
          <lb/>Per Martinum Bucerum.
          <lb/>ARGENTORATI MENSE SEP- TEMBRI. M. D. XLI.
          <lb/>A la fin: Il. Non. Septembr. Argentorati. Anno M.D.XLI.
          <lb/>(Verso blanc.)
          <lb/>In-4°, car, rom,, 6 ff. non ch., 104 ff. ch., 4 ff. non ch., (erreurs
          <lb/>de pagination), titre courant, réclames, quelques notes marginales, initia¬
          <lb/>les noires sur fond blanc.
          <lb/>fol. A 2a non ch.:... DOMiNO LVDOVI-co de Flandria,
          <lb/>Domino Prati. Imperatoriae Maiestatis supremo Cubicu¬
          <lb/>lario... Martinus Bucerus S. D.... — Argentorati. 4. Nonn.
          <lb/>Septemb. M. D. XLI. (Préface de 6 pp.)
          <lb/>R101523.(1) Prov.: Bibl. Ch. Schmidt, avec son ex-libris à l&amp;#x27;in¬
          <lb/>térieur du Ier plat; au-dessous:,acheté à Paris.&amp;quot; Notes mss. de la
          <lb/>main de Schmidt au recto du f. de garde: Les actes de la journée im¬
          <lb/>périale tenue en la cité de Reguespourg, autrement dicte Ratispone, l’an
          <lb/>mil cinq cent quarante et un, sur les différens qui sont aujourd’huy en la
          <lb/>rel gion. S. l. 1542, pet. in 80°., Relation originale, fort rare, de la célè¬
          <lb/>bre conférence de Ratisbonne, contenant en entier le livre de l’Intérim.&amp;quot;
          <lb/>(Catal. de M. Leber, T. Il, p. 62, n° 3357.)
          <lb/>Est-ce une traduction de la relation de Bucer? Cela pourrait paraître
          <lb/>assez vraisemblable. Cependant à en juger par la table, imprimée chez
          <lb/>Henry, III, II, 199 et suiv. la relation française contient plus de matière
          <lb/>que la relation latine. La lère a été attribuée à Calvin (Vogt, p. 7)
          <lb/>251
        </p>
      </div>
    </body>
  </text>
</TEI>
