<?xml version='1.0' encoding='UTF-8'?>
<?xml-model href="https://raw.githubusercontent.com/OpenITI/tei_openiti/master/tei_openiti.rng" type="application/xml" schematypens="http://relaxng.org/ns/structure/1.0"?>
<?xml-model href="https://raw.githubusercontent.com/OpenITI/tei_openiti/master/tei_openiti.rng" type="application/xml" schematypens="http://purl.oclc.org/dsdl/schematron"?>
<TEI xmlns="http://www.tei-c.org/ns/1.0">
  <teiHeader>
    <fileDesc>
      <titleStmt>
        <title/>
      </titleStmt>
      <publicationStmt>
        <p/>
      </publicationStmt>
      <sourceDesc>
        <p/>
      </sourceDesc>
    </fileDesc>
    <profileDesc>
      <calendarDesc>
        <calendar xml:id="ah">
          <p>Anno Hegirae</p>
        </calendar>
      </calendarDesc>
    </profileDesc>
    <xenoData xml:space="preserve">
CREATED: 2024-04-12T12:30:29.623778+00:00
CREATED BY: eScriptorium vpassthistobuildcmd
IMAGE FILENAME: A121078-2109.tif
IMAGE WIDTH: 2320
IMAGE HEIGHT: 3824
</xenoData>
  </teiHeader>
  <text>
    <body>
      <div>
        <p>
          <lb/>105
          <lb/>Au verso du titre: VOLFGANGVS BEBELIVS IN LIBELLVM FRA.
          <lb/>(5 distiques.) Puis: HENRICVS BEBELIVS AD LECTOREM....
          <lb/>— Ex Tubinga die Mauritij. Anno. M. D. XI et Epistola Bebelij:
          <lb/>ad... Ioannem Salicetum, alias Vuidman, eiusque filios,
          <lb/>utri- usque luris docfores Beatum, ducalem senatorem,
          <lb/>atque Ambrosium Tubingensem praepositum.... — Tubin¬
          <lb/>gae. XV. Kalendas Iulias. Anno. M. D.VI.
          <lb/>Imprimé à la suite de Heinrichmann Iacobus, Institutiones gram¬
          <lb/>maticae, avec continuation de la pagination.
          <lb/>In-4°, car, rom., fol. 71— 115 et 1 f, non ch. (verso blanc), titre
          <lb/>courant.
          <lb/>R100.051(3). Prov.: Bibliothécaire W. List, Strasbourg, 31VI. 1890.
          <lb/>Rel. anc. GPB: Greifswald. Manque chez Panzer, Schmidt et Zapf.
          <lb/>175
          <lb/>BEBENBURGIUS. Voir: LUPOLDUS DE EGLOFFSTEIN.
          <lb/>BECHOFFEN Iohannes
          <lb/>Strasbourg, J. Schott, 1519.
          <lb/>Quadruplex exposi-tio Missalis, seu officii Misse: vi¬
          <lb/>delicet! Litteralis: Allegorica: Tro-pologica: et Anago¬
          <lb/>gica.
          <lb/>Materia que etiam populo publice pre- dicari expediat
          <lb/>quo ad sensum litte- ralem, allegoricum, atque tropologi¬
          <lb/>cum:vsque ad oblationem.
          <lb/>Residua vero ad contemplationem perti-nent: prout
          <lb/>in fine patet. Quaestionum quae-rundam breuium annexis
          <lb/>responsis, per ! totum Misse officium ordinatis.
          <lb/>A la fin: Argentine in edibus Joannis Scoti: impensis
          <lb/>vero Blasij Salomonis Leyptzensis. Kalen. Februarij. Anno
          <lb/>Christi, 1519. (Verso blanc.)
          <lb/>In-4°, car. goth., 90 ff. non ch., sign. A-P, titre courant, notes
          <lb/>marginales, initiale ornée M, titre rouge et noir, avec encadrement:
          <lb/>à gauche une Mater Dolorosa, debout, à droite un Christ, homme de dou¬
          <lb/>leurs, assis, au bas un évêque célébrant la messe, agenouillé devant l’autel,
          <lb/>au haut deux monstres marins, auxquels deux enfants nus poussent
          <lb/>un fer dans la bouche; au verso du titre, au bas, une bande d’ornement,
          <lb/>au milieu, deux enfants qui se querellent; aux extrémités deux autres en¬
          <lb/>fants dont chacun tient un jouet, dit moulin à vent; celui de gauche porte
          <lb/>en outre une cuirasse et sonne la trompette.
          <lb/>RI01.327. Prov.: Albert Cohn, Berlin, 8XI. 1888; a M.
          <lb/>BN Paris, Rés. B. 2419; Schmidt II, N° 44.
          <lb/>176
          <lb/>BECLAGUNG
          <lb/>[Strasbourg, J. Prüss, vers 1526.]
          <lb/>Beclagung Tütscher Nation. Disz zeychen bedüt den
          <lb/>text des propheten Hieremie. (
          <lb/>Disz zeychen bedüt die vszlegung des texts. 65
        </p>
      </div>
    </body>
  </text>
</TEI>
