<?xml version='1.0' encoding='UTF-8'?>
<?xml-model href="https://raw.githubusercontent.com/OpenITI/tei_openiti/master/tei_openiti.rng" type="application/xml" schematypens="http://relaxng.org/ns/structure/1.0"?>
<?xml-model href="https://raw.githubusercontent.com/OpenITI/tei_openiti/master/tei_openiti.rng" type="application/xml" schematypens="http://purl.oclc.org/dsdl/schematron"?>
<TEI xmlns="http://www.tei-c.org/ns/1.0">
  <teiHeader>
    <fileDesc>
      <titleStmt>
        <title/>
      </titleStmt>
      <publicationStmt>
        <p/>
      </publicationStmt>
      <sourceDesc>
        <p/>
      </sourceDesc>
    </fileDesc>
    <profileDesc>
      <calendarDesc>
        <calendar xml:id="ah">
          <p>Anno Hegirae</p>
        </calendar>
      </calendarDesc>
    </profileDesc>
    <xenoData xml:space="preserve">
CREATED: 2024-04-12T12:30:27.756540+00:00
CREATED BY: eScriptorium vpassthistobuildcmd
IMAGE FILENAME: A121078-2051.tif
IMAGE WIDTH: 2348
IMAGE HEIGHT: 3830
</xenoData>
  </teiHeader>
  <text>
    <body>
      <div>
        <p>
          <lb/>ARNOBIUS Afer
          <lb/>ARNOBII
          <lb/>AFRI, VETVSTI PARITER
          <lb/>ac laudatissimi scriptoris commentarij, pij
          <lb/>iuxta ac sinceriter eruditi. In omnes psals
          <lb/>mos, Sermone Latino, sed tum apud Afros
          <lb/>uulgari per Erasmum Roterodamũ pros
          <lb/>diti &amp;amp; emendati.
          <lb/>Strasbourg, J. Knobloch, 1522.
          <lb/>Cum D. Erasmi Roferodami Præfatione
          <lb/>ad nuper electum Pontificem Romanum
          <lb/>Adrianum huius nominis sextum.
          <lb/>47
          <lb/>1
          <lb/>Adiuncto D. Erasmi Roterod, commen
          <lb/>tario in psalmũ, Quare fremuerunt gentes.
          <lb/>Z
          <lb/>Fruere lector hoc fœlici
          <lb/>opere, &amp;amp; uiue fœliciter.
          <lb/>A
        </p>
      </div>
    </body>
  </text>
</TEI>
