<?xml version='1.0' encoding='UTF-8'?>
<?xml-model href="https://raw.githubusercontent.com/OpenITI/tei_openiti/master/tei_openiti.rng" type="application/xml" schematypens="http://relaxng.org/ns/structure/1.0"?>
<?xml-model href="https://raw.githubusercontent.com/OpenITI/tei_openiti/master/tei_openiti.rng" type="application/xml" schematypens="http://purl.oclc.org/dsdl/schematron"?>
<TEI xmlns="http://www.tei-c.org/ns/1.0">
  <teiHeader>
    <fileDesc>
      <titleStmt>
        <title/>
      </titleStmt>
      <publicationStmt>
        <p/>
      </publicationStmt>
      <sourceDesc>
        <p/>
      </sourceDesc>
    </fileDesc>
    <profileDesc>
      <calendarDesc>
        <calendar xml:id="ah">
          <p>Anno Hegirae</p>
        </calendar>
      </calendarDesc>
    </profileDesc>
    <xenoData xml:space="preserve">
CREATED: 2024-04-12T12:30:34.612541+00:00
CREATED BY: eScriptorium vpassthistobuildcmd
IMAGE FILENAME: A121078-2267.tif
IMAGE WIDTH: 2302
IMAGE HEIGHT: 3820
</xenoData>
  </teiHeader>
  <text>
    <body>
      <div>
        <p>
          <lb/>263
          <lb/>ARGENTORATI EXCVDEBAT Nicolaus Wyriot. M. D.
          <lb/>LXXVI, (Verso blanc.)
          <lb/>In-4°, car. rom., grees et ital., 8 ff. non ch., sign. A-B, réclames,
          <lb/>titre encadré (ornements).
          <lb/>fol. A 2a: M. IOANNES MEM- hardus Praeceptor disce¬
          <lb/>dens ad Discipulos. (24 vers.)
          <lb/>R102.315. Prov.: L. Rosenthal, Munich, 24./IV. 1889;6M. 396
          <lb/>CALAMINUS Georg
          <lb/>Strasbourg, N. Wyriot, 1583.
          <lb/>Georgij Calamini Silesij LIBER, VEL EPISTOLA
          <lb/>Mnemosynes ad Eugeniam, de litera- Origine &amp;amp;
          <lb/>propagatione.
          <lb/>Elegiarum liber I.
          <lb/>Lyricorum lib. I.
          <lb/>Epithalamiõn lib. I.
          <lb/>Epigrammatum. lib. I.
          <lb/>Marque typographique de N. Wyriot, (He B, Planche XLIII,
          <lb/>No 2; Silvestre No 763.)
          <lb/>ARGOTExcudebat Nicolaus Wyriot. M.D.LXXXIII.
          <lb/>(Verso blanc).
          <lb/>In-8°, car. ital., 104 ff. non ch., sign. A-N, titre courant, récla¬
          <lb/>mes; à la fin de la préface, Vignette.
          <lb/>fol. A 2a: AD GENEROSOS... ARCHIDUCATVS Av- striae
          <lb/>superioris Praesides ordinarios... GEOR. CALAMINI SIL.
          <lb/>Epigramma. (5 distiques.)
          <lb/>Au verso: Praefatio autoris... Lincij; calendis Iunijs
          <lb/>annum... 1582...
          <lb/>R100.156. Prov.: Wilh. Köbner, Breslau (Catal. 171, N° 1182),
          <lb/>2/V. 1885; 1 M. 20. Au bas du titre: Hieronymo Arconato autor dono
          <lb/>dedit Lincij. A. 1583. M. Aug.
          <lb/>GPB: Berlin BN, Breslau BU, Gœttingue BU.
          <lb/>397
          <lb/>CALAMINUS Georg
          <lb/>Strasbourg, A. Bertram, 1591.
          <lb/>Helis GEORGH CA- LAMINI SILESII:  ILLVSTRIS SCHOLAE
          <lb/>LYN- CENSIS POETAE, &amp;amp;c.
          <lb/>Tragoedia sacra. EIVSDEM! De casu nuptiali FREIDE¬
          <lb/>KIANO Austriaco. LIBRI DVO. (Vignette.)
          <lb/>ARGENTORATI Excudebat Antonius Bertramus, M.D.XCI.
          <lb/>(Verso blanc.)
        </p>
      </div>
    </body>
  </text>
</TEI>
