<?xml version='1.0' encoding='UTF-8'?>
<?xml-model href="https://raw.githubusercontent.com/OpenITI/tei_openiti/master/tei_openiti.rng" type="application/xml" schematypens="http://relaxng.org/ns/structure/1.0"?>
<?xml-model href="https://raw.githubusercontent.com/OpenITI/tei_openiti/master/tei_openiti.rng" type="application/xml" schematypens="http://purl.oclc.org/dsdl/schematron"?>
<TEI xmlns="http://www.tei-c.org/ns/1.0">
  <teiHeader>
    <fileDesc>
      <titleStmt>
        <title/>
      </titleStmt>
      <publicationStmt>
        <p/>
      </publicationStmt>
      <sourceDesc>
        <p/>
      </sourceDesc>
    </fileDesc>
    <profileDesc>
      <calendarDesc>
        <calendar xml:id="ah">
          <p>Anno Hegirae</p>
        </calendar>
      </calendarDesc>
    </profileDesc>
    <xenoData xml:space="preserve">
CREATED: 2024-04-12T12:30:31.068413+00:00
CREATED BY: eScriptorium vpassthistobuildcmd
IMAGE FILENAME: A121078-2151.tif
IMAGE WIDTH: 2302
IMAGE HEIGHT: 3828
</xenoData>
  </teiHeader>
  <text>
    <body>
      <div>
        <p>
          <lb/>gegen sie verhal- ten, vnd wie sich ein jeder auff seine
          <lb/>Reise recht schicken, vnd dieselbe! Christlich verbrin¬
          <lb/>gen soll.
          <lb/>II. Die Pilgerschafft vnnd Wahl-fart der frommen
          <lb/>Christen, in diesem Elen- den leben, wie sie sich auff
          <lb/>jhre Geystliche Wander- schafft, rüsten vnd schicken
          <lb/>müssen, die rechte Strasse wol anfangen, fursichtig vnd
          <lb/>Christlich darauff wandelen, vnd Ritterlich streit- ten,
          <lb/>darmit sie jhr Himmlisches Vatterland erlangen, vnd
          <lb/>ewig besitzen mögen. Beschriben durch M. David Bra¬
          <lb/>merum. I. Timoth. 3. Vbe ein gute Ritterschafft, vnd
          <lb/>habe den glauben vnd gut gewissen. Philip; 3. Unser
          <lb/>Wandel ist im Himmel, von dannen wir erwarten des
          <lb/>Heylands Jesu Christi des HErren.
          <lb/>M. D. LXXXIIIlI. (Verso blanc).
          <lb/>A la fin : Gedruckt zu Straszburg, bey Bernhard
          <lb/>Jobin, AnNo M. D. LXXXIIII.
          <lb/>Au-dessus, marque typ. de B. Jobin. (HEB, Planche XXXVII,
          <lb/>No 4.) (Verso blanc).
          <lb/>In-8°, car. goth., 31 ff. non ch., 159 ff. ch., 1 f. non ch. avec
          <lb/>l’explicit au recto, verso blanc, titre courant, réclames, notes marginales,
          <lb/>initiales ornées, vignettes, titre rouge et noir.
          <lb/>fol. A 2a non ch.: Vorrede. Den... Herrn Burgermeister
          <lb/>vnd Rhat! der löblichen Statt Bremen, mei- nen grosz¬
          <lb/>günstigen Her-ren &amp;amp;c.... — Datum den 20. Ja- nuarij
          <lb/>Anno 1584. M. Dauid Bramerus.
          <lb/>fol. D - D5b: Inhalt, (5 ff.)
          <lb/>R102.171. Prov.: K. Th. Völcker, Francfort s. M., 22/1. 1883;
          <lb/>6M.
          <lb/>235
          <lb/>147
          <lb/>BRANT Sebastian. Voir: HORTULUS ANIMAE, 1503.
          <lb/>BRANT Sebastian, Elegia in morte Philippi regis Castelle filij
          <lb/>Maximiliani regis. Voir: HENRICUS DE HASSIA, Speculum
          <lb/>animae, 1507.
          <lb/>BRANT Sebastian
          <lb/>Strasbourg, M. Hupfuff, 1513.
          <lb/>Der heiligen leben neüw getruckt. Der hohen vnteil¬
          <lb/>barlichen driual- tigkeit zû lob. Marie der würdigsten
        </p>
      </div>
    </body>
  </text>
</TEI>
