<?xml version='1.0' encoding='UTF-8'?>
<?xml-model href="https://raw.githubusercontent.com/OpenITI/tei_openiti/master/tei_openiti.rng" type="application/xml" schematypens="http://relaxng.org/ns/structure/1.0"?>
<?xml-model href="https://raw.githubusercontent.com/OpenITI/tei_openiti/master/tei_openiti.rng" type="application/xml" schematypens="http://purl.oclc.org/dsdl/schematron"?>
<TEI xmlns="http://www.tei-c.org/ns/1.0">
  <teiHeader>
    <fileDesc>
      <titleStmt>
        <title/>
      </titleStmt>
      <publicationStmt>
        <p/>
      </publicationStmt>
      <sourceDesc>
        <p/>
      </sourceDesc>
    </fileDesc>
    <profileDesc>
      <calendarDesc>
        <calendar xml:id="ah">
          <p>Anno Hegirae</p>
        </calendar>
      </calendarDesc>
    </profileDesc>
    <xenoData xml:space="preserve">
CREATED: 2024-04-12T12:30:33.307980+00:00
CREATED BY: eScriptorium vpassthistobuildcmd
IMAGE FILENAME: A121078-2225.tif
IMAGE WIDTH: 2290
IMAGE HEIGHT: 3822
</xenoData>
  </teiHeader>
  <text>
    <body>
      <div>
        <p>
          <lb/>Baer, Francfort s. M., Catalogue 500, No 1403: Mit herrlicher
          <lb/>Titelbordüre von Hans Pilgrim gen. Wächtelin. — Olschki, Florence,
          <lb/>1
          <lb/>Catalogue 81 (1912), N° 223: 300 frs. — Rosenthal, Munich, Cat, 135
          <lb/>*F (1914), N° 228; 50 M.
          <lb/>330
          <lb/>BURCHARDUS Urspergensis
          <lb/>Strasbourg, Cr. Mylius, 1537.
          <lb/>CHRONICVM ABBATIS VRSPERGENSIS, A NINO REGE
          <lb/>ASSYRIORVM MAGNO, VSQVE AD FRIDE RICVM II, ROMANO¬
          <lb/>RVM IMPERATOREM, EX OPTI mis autoribus, Josepho, Euse¬
          <lb/>bio, Orosio, Historia Tripartita, Eutro- pio, Procopio, Beda,
          <lb/>Jornande, Historia rerum Geticarum, Witichindo, Eginhar¬
          <lb/>do, &amp;amp; plerisque aliis (è quibus ó óxod̀ó sua collegit) per
          <lb/>STVDIOSVM HISTORIARVM uirum candidum... recognitum...
          <lb/>PARALEIPOMENA RERVM MEMORABILIVM, à Friderico II. usque
          <lb/>ad Carolum V. Augustum hoc est ab anno domini MCC
          <lb/>XXX. usque ad annum MDXXXVII... historiae! Abbatis
          <lb/>Vrspergensis per eundem STVDIOSVMannexa. CVM
          <lb/>ICONIBVS IMP. ET PRINCIPVM ad uivum expressis. (Verso blanc.)
          <lb/>Marque typographique de Craton Mylius. (Hae B, Planche XXVI,
          <lb/>No 4.) Anno M. D. XXXVII. Mense Martio, (Verso blanc.)
          <lb/>A la fin: ARGENTORATI APVD CRATONEM MYLIVM, MENSE
          <lb/>MARTIO, Anno Domini M. D. XXXVII.
          <lb/>Au verso du dernier f. blanc, marque typographique de Mylius
          <lb/>(HAB, Planche XXVI, Ne 2; Silvestre, No 804.)
          <lb/>In-fol., car, rom., 4 ff. non ch. dont le dernier blanc, DVI (506)
          <lb/>pages ch. et 1 f. blanc, titre courant, réclames, notes marginales, initiales
          <lb/>à fig. de moyenne et de petite grandeur, de nombreux médaillons d’em¬
          <lb/>pereurs.
          <lb/>« ..1. .
          <lb/>fol. 2a non ch.: ILLVSTRISSIMO PRINCIPI AC DOMINO, D.
          <lb/>PHILIPPO COMI] ti Palatino Rheni, &amp;amp; Duci Bauariae...
          <lb/>Philippus Melanchthon S. D.... (Epistola nuncupatoria, deux
          <lb/>pages et demie.)
          <lb/>Le Chronicon Abbatis Uspergensis va jusqu’à page 340.
          <lb/>Les Paraleipomena de IC. Hediol vont de page 341 à 506.
          <lb/>page 343: CRATO MYLIVS SELESTADIENSIS PHILIPPO ME¬
          <lb/>LANCH-THONI PRAECEPTORI CLARISSIMO) S. D.... — Argen¬
          <lb/>torati, Anno Domini M. D. XXXVII.Mense Mar tio.
          <lb/>(feuille de lierre. Epistola nuncupatoria, 4 pages.)
          <lb/>page 506: RERVM MEMORABILIVM CATALOGVS LIBRORVM
          <lb/>ET AvTO rum, è quibus magna parte Paraleipomena haec
          <lb/>conscripta sunt. LBRI IMPRESST... (au nombre de 21) LIBRI
          <lb/>SCRIPTI... (au nombre de 7.)
          <lb/>221
        </p>
      </div>
    </body>
  </text>
</TEI>
