<?xml version='1.0' encoding='UTF-8'?>
<?xml-model href="https://raw.githubusercontent.com/OpenITI/tei_openiti/master/tei_openiti.rng" type="application/xml" schematypens="http://relaxng.org/ns/structure/1.0"?>
<?xml-model href="https://raw.githubusercontent.com/OpenITI/tei_openiti/master/tei_openiti.rng" type="application/xml" schematypens="http://purl.oclc.org/dsdl/schematron"?>
<TEI xmlns="http://www.tei-c.org/ns/1.0">
  <teiHeader>
    <fileDesc>
      <titleStmt>
        <title/>
      </titleStmt>
      <publicationStmt>
        <p/>
      </publicationStmt>
      <sourceDesc>
        <p/>
      </sourceDesc>
    </fileDesc>
    <profileDesc>
      <calendarDesc>
        <calendar xml:id="ah">
          <p>Anno Hegirae</p>
        </calendar>
      </calendarDesc>
    </profileDesc>
    <xenoData xml:space="preserve">
CREATED: 2024-04-12T12:30:33.629017+00:00
CREATED BY: eScriptorium vpassthistobuildcmd
IMAGE FILENAME: A121078-2231.tif
IMAGE WIDTH: 2296
IMAGE HEIGHT: 3818
</xenoData>
  </teiHeader>
  <text>
    <body>
      <div>
        <p>
          <lb/>227
          <lb/>A la fin: Impressus in officina industrij Joannis knob¬
          <lb/>louch calcographi in oppido imperiali Argentina ciuis. VI.
          <lb/>die mensis Junij. Anno domini. M. D. XVI. (Verso blanc.)
          <lb/>In-40, car. goth., 7 ff. non ch. à 2 col. (Tabula) et LII ff. ch.,
          <lb/>titre courant, notes marginales, initiales ornées V, D, T, le reste initiales
          <lb/>d’attente.
          <lb/>*R100.847. Prov: BN Munich, 28/1. 1880;6M.
          <lb/>Proctor II; Sectio I, N° 10.098: Londres, British Museum;
          <lb/>Schmidt VII, No 115: BM Strasbourg. [490). GPB: Berlin SB,
          <lb/>Breslau B U, Gœttingue BU.
          <lb/>340
          <lb/>BURLEIGH Walter Voir: BURLAEUS.
          <lb/>BURSA pauonis. Voir: EccIUS Johannes.
          <lb/>BUSCHIUS Hermann, Carmen saphicum. Voir: BAPTISTA MAN¬
          <lb/>TUANUS, Bucolica. Strasbourg, J. Prüss, 1503 et 1507.
          <lb/>341
          <lb/>BUSCHIUS Hermann, Oda de contemnendo mundo. Voir: BAp¬
          <lb/>TISTA MANTUANUS, Bucolica. Strasbourg, J. Prüss, 1507, 1510,
          <lb/>1513, 1514, 1515.
          <lb/>BUSTIS BERNARDINUS DE
          <lb/>Strasbourg, M. Flach fils, 1502.
          <lb/>Mariale eximii viri Ber nardini de busti ordinis se
          <lb/>raphici Francisci de singulis festiuitatibus beate virginis
          <lb/>per mo dum sermonum tractans: omni theologia copio¬
          <lb/>sum. denique vtriusque iuris auctoritatibus applicatis; et
          <lb/>arte humanitatis refertum: in omnibus allegationibus
          <lb/>promptissimum. (Verso blanc).
          <lb/>A la fin:... Im- pressum Argentine per Martinum
          <lb/>flach iu- niorem Anno a natiuitate domini Mille-! simo
          <lb/>quingentesimosecundo: Mensis vero! Nouembris, die deci¬
          <lb/>mo Finit feliciter. (Verso blanc.)
          <lb/>In. fol., car. goth., 2 col., 374 ff. non ch., sign. A-B, a-2, aa-22,
          <lb/>AA-GG, titre courant, notes marginales, initiales d’attente.
          <lb/>fol. A 2a: Tabula Alphabetica, (27 pages.)
          <lb/>fol. a 1a: Prologus.
          <lb/>R10.307. Prov.: Butsch, Augsbourg, 20/II. 1879; 20M.
        </p>
      </div>
    </body>
  </text>
</TEI>
