<?xml version='1.0' encoding='UTF-8'?>
<?xml-model href="https://raw.githubusercontent.com/OpenITI/tei_openiti/master/tei_openiti.rng" type="application/xml" schematypens="http://relaxng.org/ns/structure/1.0"?>
<?xml-model href="https://raw.githubusercontent.com/OpenITI/tei_openiti/master/tei_openiti.rng" type="application/xml" schematypens="http://purl.oclc.org/dsdl/schematron"?>
<TEI xmlns="http://www.tei-c.org/ns/1.0">
  <teiHeader>
    <fileDesc>
      <titleStmt>
        <title/>
      </titleStmt>
      <publicationStmt>
        <p/>
      </publicationStmt>
      <sourceDesc>
        <p/>
      </sourceDesc>
    </fileDesc>
    <profileDesc>
      <calendarDesc>
        <calendar xml:id="ah">
          <p>Anno Hegirae</p>
        </calendar>
      </calendarDesc>
    </profileDesc>
    <xenoData xml:space="preserve">
CREATED: 2024-04-12T12:30:30.634234+00:00
CREATED BY: eScriptorium vpassthistobuildcmd
IMAGE FILENAME: A121078-2140.tif
IMAGE WIDTH: 2314
IMAGE HEIGHT: 3826
</xenoData>
  </teiHeader>
  <text>
    <body>
      <div>
        <p>
          <lb/>136
          <lb/>Réimpression de l&amp;#x27;éd. de 1587.
          <lb/>R 10.499. Prov.: Don d’Edouard Koch, pharmacien, Sarrebruek,
          <lb/>1871. Rel. anc.
          <lb/>GPB. Berlin SB, Marburq UB.
          <lb/>Manque chez Schreiber, Kräuterbücher.
          <lb/>220
          <lb/>BODENSTEIN (Adam von). Voir: PARACELUS, Spittal Buch, 1562.
          <lb/>BODENSTEIN (Botenstein) von Carolstadt. Voir: KARLSTADT
          <lb/>Andreas.
          <lb/>BODIN Joh.
          <lb/>Strasbourg, B. Jobin, 1581.
          <lb/>DE DAEMONOMANIA MAGORVM. Vom Auszgelasznen
          <lb/>Wütigen Teuffelsheer der Beses- senen Vnsinnigen Hexen
          <lb/>vnd Hexenmey- ster, Vnholden, Teuffels beschwerer,
          <lb/>Warsager, Schwartzkünstler, Vergiffter, Nestelverknipffer,
          <lb/>Veruntreuer, Nachtschädiger, Augenverblender, &amp;amp;c. vnd
          <lb/>aller anderer Zauberer geschlecht, sampt jhrn vngeheurn,
          <lb/>händeln: Wie sie vermög der Recht erkant, eingetrieben,
          <lb/>gehindert, erkün- digt, erforscht, Peinlich ersucht vnd
          <lb/>ge- strafft sollen werden:
          <lb/>Alles nicht alleyn ausz H. Schrifft vnd nach der
          <lb/>hierüber auszgangenen Determination der Theolo-gen
          <lb/>zu Parisz, sondern auch ausz gründlicher Philosophi, Hi¬
          <lb/>storien, vnd gemeynen Rechten gezogen, vnd wider Doctoris
          <lb/>J. Wier Buch hievon geschriben, durch den Edeln, Hoch¬
          <lb/>gelehrten vnd Ferrberumbten! H. Johan Bodin, der Rechten
          <lb/>Doctorn, vnd des Parle-! ments Rahts inn Franckreich, &amp;amp;c.
          <lb/>Nun erstmals durch den auch Ehrnvesten vnd Hochge¬
          <lb/>lehrten H. Johann Fischart, der Rechten Doctorn, ausz
          <lb/>Frantzösischer Sprach, treulich inn Teutsche gebracht, vnd
          <lb/>an etlichen enden gemehret vnd erklaret.
          <lb/>Heutigs Tags, bei nun zumal zweiffelhafftiger Nachfrag
          <lb/>von der Hexen verdienst vnd Straff, den Theologen,
          <lb/>Rechtsgelehr-ten, Medicis, Amptleuten, Richtern, Rhäten,
          <lb/>Rhatsper- sonen vnd jeder Oberkeyt notwendig zu wis¬
          <lb/>sen vnd sich darnach zurichten.
          <lb/>Mit Röm: Key: May: Freiheyt auff zehen Jar.
          <lb/>Straszburg bei B. Jobin, 1581. (Verso blanc.)
          <lb/>In-8°, car. goth.. 8 ff. non ch., 806 pages ch., titre courant,
          <lb/>réclames, notes marginales, titre rouge et noir.
        </p>
      </div>
    </body>
  </text>
</TEI>
