<?xml version='1.0' encoding='UTF-8'?>
<?xml-model href="https://raw.githubusercontent.com/OpenITI/tei_openiti/master/tei_openiti.rng" type="application/xml" schematypens="http://relaxng.org/ns/structure/1.0"?>
<?xml-model href="https://raw.githubusercontent.com/OpenITI/tei_openiti/master/tei_openiti.rng" type="application/xml" schematypens="http://purl.oclc.org/dsdl/schematron"?>
<TEI xmlns="http://www.tei-c.org/ns/1.0">
  <teiHeader>
    <fileDesc>
      <titleStmt>
        <title/>
      </titleStmt>
      <publicationStmt>
        <p/>
      </publicationStmt>
      <sourceDesc>
        <p/>
      </sourceDesc>
    </fileDesc>
    <profileDesc>
      <calendarDesc>
        <calendar xml:id="ah">
          <p>Anno Hegirae</p>
        </calendar>
      </calendarDesc>
    </profileDesc>
    <xenoData xml:space="preserve">
CREATED: 2024-04-12T12:30:29.248445+00:00
CREATED BY: eScriptorium vpassthistobuildcmd
IMAGE FILENAME: A121078-2098.tif
IMAGE WIDTH: 2326
IMAGE HEIGHT: 3830
</xenoData>
  </teiHeader>
  <text>
    <body>
      <div>
        <p>
          <lb/>94
          <lb/>In-4°, car. goth., 24 ff. non ch. CLX ff. ch., la pagination com¬
          <lb/>mence avec IIII; titre courant, réclames.
          <lb/>Fol. VIIIe, gravure: Hemisphère, entouré d’un cercle avec la désiqna¬
          <lb/>tion des vents, chacun représenté par une tête, en haut: SUDWIND,
          <lb/>SUD WEST, WEST SUD WEST, WESTERWIND etc.
          <lb/>Fol. 2a non ch.:... Herrn Wolffgang Roelingern, lieb¬
          <lb/>haber vnd forderer aller gûtten künst..... Michael Herr
          <lb/>Medicus, (5 ff. de préface.)
          <lb/>Fol. 7b non ch.: Der Tolmetsch zum gûtwilligen Teüt¬
          <lb/>schen Leser. Suivent fol. Sa les noms des auteurs qui ont écrit sur
          <lb/>la culture des champs au nombre de 39, puis 16 ff. d’Index.
          <lb/>R100.041. Prov.: Philipp Michel, Munich, 10/VIII 1882, 3 M.
          <lb/>Notes mss. au f. du titre.
          <lb/>GPB: Berlin SB, Berlin UB, Königsberg.
          <lb/>160
          <lb/>BASSUS Cassianus
          <lb/>Strasbourg, Th. Rihel, (1551l.
          <lb/>Der Feldbaw, oder das Buch von der Feldarbeyt.
          <lb/>Vor tausent Jaren von dem Christlichen Key-er (!) Con¬
          <lb/>stantino IIII. inn Griechischer spraach! beschriben, vnnd
          <lb/>durch D. Michael Herren verdolmetscht.Jetzund von
          <lb/>newem widerumb vberlesen, ge mehret vnd gebessert.
          <lb/>Marque typographique de Theodosius Rihel. (H. &amp;amp; B., Planche
          <lb/>XXXI, N° 10; Silvestre, No 854.)
          <lb/>Au-dessous: Cum gratia &amp;amp; Priuilegio Caesareo.
          <lb/>Getruckt zu Straszburg, durch! Theodosium Rihel.
          <lb/>(Verso blanc.)
          <lb/>In-8°, car. goth., 215 ff. ch. et 8 ff. non ch. (Index), titre courant,
          <lb/>réclames, titre rouge et noir.
          <lb/>Rhein, Hertzogen in Nidern vnd O- bern Beyern....
          <lb/>Datum! Straszburg mitwochen nach Luce! den xxj. tag
          <lb/>Weinmonats. Jm Jar nach der geburt Jesu Christi...
          <lb/>tausent, fünffhundert, fünfftzig vnd eins gezalt, etc....
          <lb/>Ludwig Rabus D. (Préface de 9 ff.)
          <lb/>R100.040. Prov.: K. Th. Völcker, Francfort-s.-M., 15/III 1897, 9M.
          <lb/>Au recto du titre: Johann hainrich Hommelh. A l&amp;#x27;intérieur
          <lb/>de la couverture un exlibris avec les lettres C. S. Ce n’est pas celui de
          <lb/>Ch. Schmidt. Rel. anc.
          <lb/>GPB: Berlin, Göttingen, Greifswald.
          <lb/>161
          <lb/>BASSUS Cassianus
          <lb/>Strasbourg, S. Emmel, 1561.
          <lb/>Der veldbaw oder das Bûch von der!Veldtarbeyt,
          <lb/>darausz alle not-wendige stuck, so zû fürderung vnd
          <lb/>auffgang der Veldtarbeyt dienstlich sein mögen, erlerne t
        </p>
      </div>
    </body>
  </text>
</TEI>
