<?xml version='1.0' encoding='UTF-8'?>
<?xml-model href="https://raw.githubusercontent.com/OpenITI/tei_openiti/master/tei_openiti.rng" type="application/xml" schematypens="http://relaxng.org/ns/structure/1.0"?>
<?xml-model href="https://raw.githubusercontent.com/OpenITI/tei_openiti/master/tei_openiti.rng" type="application/xml" schematypens="http://purl.oclc.org/dsdl/schematron"?>
<TEI xmlns="http://www.tei-c.org/ns/1.0">
  <teiHeader>
    <fileDesc>
      <titleStmt>
        <title/>
      </titleStmt>
      <publicationStmt>
        <p/>
      </publicationStmt>
      <sourceDesc>
        <p/>
      </sourceDesc>
    </fileDesc>
    <profileDesc>
      <calendarDesc>
        <calendar xml:id="ah">
          <p>Anno Hegirae</p>
        </calendar>
      </calendarDesc>
    </profileDesc>
    <xenoData xml:space="preserve">
CREATED: 2024-04-12T12:30:34.281045+00:00
CREATED BY: eScriptorium vpassthistobuildcmd
IMAGE FILENAME: A121078-2257.tif
IMAGE WIDTH: 2294
IMAGE HEIGHT: 3818
</xenoData>
  </teiHeader>
  <text>
    <body>
      <div>
        <p>
          <lb/>253
          <lb/>dam alia, quorum Catalogum statim post Epistolam dedi¬
          <lb/>catoriam inuenies. Per Martinum Bucerum.
          <lb/>Accesserunt iam Indices duo, alter in Librum ab
          <lb/>Imperatore propositum, alter in omnia alia quae isti subi¬
          <lb/>jciuntur.
          <lb/>ARGENTORATI MENSE Febrvario. M. D. XLII. (Verso blanc.)
          <lb/>A la fin: Argentorati per VuendelinumRihelium.
          <lb/>M. D. XLII. (Verso blanc.)
          <lb/>In-4°, car, rom., 8 ff. non ch. 236 p. ch, et 8 ff. non ch., titre
          <lb/>courant, réclames, notes marginales, initiales ornées; (erreurs de pagina¬
          <lb/>tion).
          <lb/>fol. a 2a: ... DOMINO Lypovi- co de Flandria, Domino
          <lb/>Prati, Imperatoriae Maiestatis supremo Cubiculario...
          <lb/>Martinus Bucerus S. D.... — Argen-torati. 4. Non. Sep¬
          <lb/>temb.M. D. XLI. (Préface de 3 ff.)
          <lb/>3e édition élargie de celle de 1541.
          <lb/>R101.524. Prov.: Bibliothèque Baum, 20/II. 1879.
          <lb/>Notes mss. Au bas du titre: Die erste Ausgabe erschien im Sep¬
          <lb/>tember 1541. zu Strassburg...
          <lb/>BN Paris, D2 1473 et M 4516; Oxford, Bibl. Bodleiana.
          <lb/>GPR vol I, No 7527 sous Acta colloquiï: Berlin SB, Bonn RU,
          <lb/>Gættinque BU, Marbourg BU, Munster BU, Munich SB, Vienne BN.
          <lb/>Mentz 49b.
          <lb/>379
          <lb/>BUTZER Martin, Scripta duo adversaria. Strasbourg, 1544. Voir:
          <lb/>LATOMUS Bartholomaeus.
          <lb/>BUTZER Martin
          <lb/>Strasbourg, G. Messerschmidt, 1545.
          <lb/>DE CONCILIO, ET LEGITIME IVDICANDIS CONTROVERSIIS
          <lb/>RELIGIONIS, CRIMINVM, QVAE IN MART.Bucerum loh.
          <lb/>Cochlaeus ad Illustrissimos Prin- cipes ac clarissimos
          <lb/>Ordines S. Ro. Imperij per Germaniam, 8 quae Ioh.
          <lb/>Groppe- rus ad Maiest. Imperatoriam per- scripsit, Con¬
          <lb/>futatio.
          <lb/>EPISTOLA Io. COCHLAEI AD! eosdem Ordines, in Mart.
          <lb/>Bucerum. PSAL. 75. Cum coetum sumpsero, quae aequa
          <lb/>sunt iudicabo. PSAL. 26. Odiui cœtum malitiosorum, &amp;amp;
          <lb/>cum impijs non sedebo.
          <lb/>CAPITA HOC LIBROtractata : signata sunt Qua- ter¬
          <lb/>nione. t. PER MARTINVM BVCERVM.
        </p>
      </div>
    </body>
  </text>
</TEI>
