<?xml version='1.0' encoding='UTF-8'?>
<?xml-model href="https://raw.githubusercontent.com/OpenITI/tei_openiti/master/tei_openiti.rng" type="application/xml" schematypens="http://relaxng.org/ns/structure/1.0"?>
<?xml-model href="https://raw.githubusercontent.com/OpenITI/tei_openiti/master/tei_openiti.rng" type="application/xml" schematypens="http://purl.oclc.org/dsdl/schematron"?>
<TEI xmlns="http://www.tei-c.org/ns/1.0">
  <teiHeader>
    <fileDesc>
      <titleStmt>
        <title/>
      </titleStmt>
      <publicationStmt>
        <p/>
      </publicationStmt>
      <sourceDesc>
        <p/>
      </sourceDesc>
    </fileDesc>
    <profileDesc>
      <calendarDesc>
        <calendar xml:id="ah">
          <p>Anno Hegirae</p>
        </calendar>
      </calendarDesc>
    </profileDesc>
    <xenoData xml:space="preserve">
CREATED: 2024-04-12T12:30:36.908145+00:00
CREATED BY: eScriptorium vpassthistobuildcmd
IMAGE FILENAME: A121078-2355.tif
IMAGE WIDTH: 2326
IMAGE HEIGHT: 3818
</xenoData>
  </teiHeader>
  <text>
    <body>
      <div>
        <p>
          <lb/>Vol. II.]: M. T. CICE RONIS PHILOSO-PHICORVM vO¬
          <lb/>LVMEN SECVN-dum. Post postremam Naugerianam &amp;amp;
          <lb/>Victoria- nam correctionem.! EMENDATVM A IOAN.) Stur¬
          <lb/>mio.
          <lb/>De Natura deorum. De Diuinatione. De Fato.De
          <lb/>Somnio Scipionis.De Legibus.De Uniuersitate. De
          <lb/>Petitione Consulatus.Cum Indice locupletissimo. Cum
          <lb/>gratia &amp;amp; priuilegio Caesa- reo ad annos octo.) M.D.LXIX.
          <lb/>(Verso blanc.)
          <lb/>In-80, car, ital., 9ff. non ch. dont les 3 derniers blancs, 213 ff.
          <lb/>ch. de 2 à 214; 14 ff. non ch. (Index), titre courant, réclames, initiale
          <lb/>ornée D, le reste, initiales d’attente.
          <lb/>fol. a 2a: IOAN. STVRMH AD IOAN. BONERVM SEVERI¬
          <lb/>ni filium praefatio... — Argentorati! octauo Cal. Apriles.
          <lb/>Anno M. D. XLI. (9 p.)
          <lb/>R101685. Prov.: Don de la BM de Heilbronn 1871.
          <lb/>Notes mss. Rel, anc. avec la date 1570 en bas et les lettres W V
          <lb/>H en haut, en outre, la justice personnifiée et Lucrèce comme au No 528.
          <lb/>GPB: BU Bonn, Breslau, Gœttingue.
          <lb/>530
          <lb/>CICERO
          <lb/>Strasbourg, J. Rihel, 1574.
          <lb/>M. T. CICERONIS ORATIONVM VOLVMINA TRIA. Post
          <lb/>postremam Naugerianam, &amp;amp; Victo-rianam correctionem
          <lb/>EMMENDATA A IOAN. STVRMIO. Omnia &amp;amp; paginarum &amp;amp; ver¬
          <lb/>suum numero atque lon-gitudine Aldinis respondent.
          <lb/>Marque typ. de Iosias Rihel (H a B, Planche XXXI, No 9;
          <lb/>Silvestre, N° 599.)
          <lb/>Cum Gratia &amp;amp; Priuilegio Caesareo ad annos octo.
          <lb/>ARGENTORATI! M. D. LXXIIII. (Verso blanc.)
          <lb/>A la fin: Argentorati per Iosiam Rihelium. Ao
          <lb/>M.D.LXXIIII. Mense Ianuario. (Verso blanc.)
          <lb/>In-8°, car. ital., 16 ff. non ch., 305 ff. ch. — 11 ff. non ch.
          <lb/>(Index), titre courant, réclames, grande initiale à fig. F, initiales d’attente.
          <lb/>fol. 2a: Préface de Jean Sturm au prince Guillaume de Gueldre.
          <lb/>(10 p.)
          <lb/>fol. a 7a: LIBRARIVS. (2 p.)
          <lb/>fol. a 8a: LEONI X PONTIFICI MA XIMO ANDREAS NAV¬
          <lb/>GERIVS. (14 p.)
          <lb/>R101645. Prov.: Don de la BM de Mayence, 1871. Notes mss.
          <lb/>Au haut du titre: « Carmeli Mogunt. 1713». Rel. anc. A l&amp;#x27;extérieur du
          <lb/>1er plat, au haut: R. A. G., en bas: 1577. La Bibliothèque ne possède
          <lb/>que le Ier vol.
          <lb/>GPB: BN Berlin (vol. 2), Breslau. Halle (vol. 3).
          <lb/>531
          <lb/>351
        </p>
      </div>
    </body>
  </text>
</TEI>
