<?xml version='1.0' encoding='UTF-8'?>
<?xml-model href="https://raw.githubusercontent.com/OpenITI/tei_openiti/master/tei_openiti.rng" type="application/xml" schematypens="http://relaxng.org/ns/structure/1.0"?>
<?xml-model href="https://raw.githubusercontent.com/OpenITI/tei_openiti/master/tei_openiti.rng" type="application/xml" schematypens="http://purl.oclc.org/dsdl/schematron"?>
<TEI xmlns="http://www.tei-c.org/ns/1.0">
  <teiHeader>
    <fileDesc>
      <titleStmt>
        <title/>
      </titleStmt>
      <publicationStmt>
        <p/>
      </publicationStmt>
      <sourceDesc>
        <p/>
      </sourceDesc>
    </fileDesc>
    <profileDesc>
      <calendarDesc>
        <calendar xml:id="ah">
          <p>Anno Hegirae</p>
        </calendar>
      </calendarDesc>
    </profileDesc>
    <xenoData xml:space="preserve">
CREATED: 2024-04-12T12:30:31.145575+00:00
CREATED BY: eScriptorium vpassthistobuildcmd
IMAGE FILENAME: A121078-2155.tif
IMAGE WIDTH: 2300
IMAGE HEIGHT: 3828
</xenoData>
  </teiHeader>
  <text>
    <body>
      <div>
        <p>
          <lb/>Burger zû Straszburg. Vnd zû einem seligen ende ge¬
          <lb/>bracht vff Zynstag den nechsten nach des heyligenn
          <lb/>zwölf botten sant Jacobs tag. Als man zalt von der
          <lb/>gebürt Christi vnszers herren Tausent fünf! hundert vnd
          <lb/>im Achtzehensten iare. Regnante diuo Maximiliano im¬
          <lb/>peratore felicissimo &amp;amp;c. Anno imperij eiusdem. xxxij.
          <lb/>Au recto du dernier f., marque typographique de J. Knobloch.
          <lb/>(HEB, Planche IX, NO 1.)
          <lb/>In-fol., car, goth., 8 ff. non ch., OLI ff. ch. et 1 f. non ch., dont
          <lb/>le verso blane, titre courant, notes marginales, initiales ornées, N, W,
          <lb/>A; Ière ligne du titre en noir, le reste en rouge.
          <lb/>Les vers de Brant de l’édition 1516, f. A 8 a, se trouvent au
          <lb/>verso du titre, la dédicace et la table sont les mêmes.
          <lb/>R 10.232. Prov.: O. Harrassowitz, Leipzig, 16/XI. 1888; 20 M.
          <lb/>Schmidt VII, No 159; n’ayant pas connu d’exemplaire de cette édition,
          <lb/>Schmidt la cite d’après Panzer, Annalen I, 416, 905.
          <lb/>GPB: Göttingen UB.
          <lb/>239
          <lb/>BRANT Sebastian
          <lb/>Strasbourg, (J. Knobloch), 1518.
          <lb/>AD DIVVM MAXI MILIANVM CAESAREM INVICTISSI
          <lb/>mum, cunctosque Christiani nominis princi- pes &amp;amp; populos,
          <lb/>Naenia Sebastiani brant, In Thurcarum nyciteria, cum
          <lb/>arri piendae in eosdem expeditio- nis exhortatione.
          <lb/>(4 feuilles de lierre en forme de croix.) (Verso blanc.)
          <lb/>A la fin: Ex Argentoraco Nonis Februarijs Anno.
          <lb/>M. D. XVIII.
          <lb/>In-4°, car. rom., 4 ff. non ch., sign. A.
          <lb/>RI01.093 (2). Prov.: Curé R. Hartter à Luizhausen, 94/x.1877.
          <lb/>2 ex. R102.072. Prov.: Recteur Müller, Quedlinbourg, 15/V.1889.
          <lb/>GPB: Berlin SB, Göttingen UB; Proctor 10116: London, British
          <lb/>Museum; Schmidt II, NO 41.
          <lb/>240
          <lb/>151
          <lb/>BRANT Sebastian
          <lb/>Strasbourg J. Knobloch, 1518.
          <lb/>Von dem anfang vnd Wesen der hailigen Statt Jeru¬
          <lb/>salem, Vnd zû welchen zey! ten die selb dem auszer
          <lb/>wölten volck Gottes jngegeben, wi der entzogen, vnd
          <lb/>nachmals aber zûgestelt worden ist, Auch allen Künigen
          <lb/>daselbs regierenden vffung vnd abgang, Vnd wie die
        </p>
      </div>
    </body>
  </text>
</TEI>
