<?xml version='1.0' encoding='UTF-8'?>
<?xml-model href="https://raw.githubusercontent.com/OpenITI/tei_openiti/master/tei_openiti.rng" type="application/xml" schematypens="http://relaxng.org/ns/structure/1.0"?>
<?xml-model href="https://raw.githubusercontent.com/OpenITI/tei_openiti/master/tei_openiti.rng" type="application/xml" schematypens="http://purl.oclc.org/dsdl/schematron"?>
<TEI xmlns="http://www.tei-c.org/ns/1.0">
  <teiHeader>
    <fileDesc>
      <titleStmt>
        <title/>
      </titleStmt>
      <publicationStmt>
        <p/>
      </publicationStmt>
      <sourceDesc>
        <p/>
      </sourceDesc>
    </fileDesc>
    <profileDesc>
      <calendarDesc>
        <calendar xml:id="ah">
          <p>Anno Hegirae</p>
        </calendar>
      </calendarDesc>
    </profileDesc>
    <xenoData xml:space="preserve">
CREATED: 2024-04-12T12:30:26.414169+00:00
CREATED BY: eScriptorium vpassthistobuildcmd
IMAGE FILENAME: A121078-2005.tif
IMAGE WIDTH: 2394
IMAGE HEIGHT: 3820
</xenoData>
  </teiHeader>
  <text>
    <body>
      <div>
        <p>
          <lb/>ACRERMANN
          <lb/>Strasbourg, M. Flach, 1520.
          <lb/>SChone Red vnd widerred, Eins ackermanns, vnnd,
          <lb/>des Todes.! Mit scharpffer entscheidung jrs kriegs Das
          <lb/>eim vegklichen vast nützlichen, vnd kurtzweilig zû lesen,
          <lb/>vnd auch gût zû hören ist.
          <lb/>Gravure sur bois: Un paysan ensemençant son champ, devant
          <lb/>lui la mort, un valet avec deux chevaux tirant une herse, au fond
          <lb/>paysage; gravure ancienne et grossière. (Verso blanc.)
          <lb/>A la fin: Getruckt zû Straszburg durch den er-baren
          <lb/>Martinum Flach. Als man ! zalt Nach der gebûrt Christi.
          <lb/>M. D. vnd xX. Jare. (Verso blanc.)
          <lb/>in-4°, car. goth., 18 ff. non ch., sign. a-d, initiales ornées O, E.
          <lb/>R100340. Prov.: Bull (Vente Noiriel) Strasbourg, 17/IV. 1874;
          <lb/>sans indication de prix.
          <lb/>Schmidt, VI, p. 34, N0 59.
          <lb/>GPB, I, 6808: Berlin, Munich.
          <lb/>ACTA
          <lb/>Haguenau, Th. Anshelm, 1518.
          <lb/>Acta Judiciorum inter F. Jacobum Hochstraten Inqui¬
          <lb/>sito rem Coloniensium &amp;amp; Johan nem Reuchlin. L. L. Doc.
          <lb/>ex Registro publico autentico &amp;amp; sigil lato.
          <lb/>AD LECTOREM. 5 lignes. (Verso blanc.)
          <lb/>A la fin: Hagenoae, in aedibus Thomae Anshelmi Anno
          <lb/>M. D. XVIII. Mense Februario! Judicent Presentes! et Posteri.
          <lb/>in-4°, car. rom., 46 ff. non ch.
          <lb/>R.1
        </p>
      </div>
    </body>
  </text>
</TEI>
