<?xml version='1.0' encoding='UTF-8'?>
<?xml-model href="https://raw.githubusercontent.com/OpenITI/tei_openiti/master/tei_openiti.rng" type="application/xml" schematypens="http://relaxng.org/ns/structure/1.0"?>
<?xml-model href="https://raw.githubusercontent.com/OpenITI/tei_openiti/master/tei_openiti.rng" type="application/xml" schematypens="http://purl.oclc.org/dsdl/schematron"?>
<TEI xmlns="http://www.tei-c.org/ns/1.0">
  <teiHeader>
    <fileDesc>
      <titleStmt>
        <title/>
      </titleStmt>
      <publicationStmt>
        <p/>
      </publicationStmt>
      <sourceDesc>
        <p/>
      </sourceDesc>
    </fileDesc>
    <profileDesc>
      <calendarDesc>
        <calendar xml:id="ah">
          <p>Anno Hegirae</p>
        </calendar>
      </calendarDesc>
    </profileDesc>
    <xenoData xml:space="preserve">
CREATED: 2024-04-12T12:30:36.858484+00:00
CREATED BY: eScriptorium vpassthistobuildcmd
IMAGE FILENAME: A121078-2352.tif
IMAGE WIDTH: 2330
IMAGE HEIGHT: 3818
</xenoData>
  </teiHeader>
  <text>
    <body>
      <div>
        <p>
          <lb/>348
          <lb/>fol. a 5a: AD REVERENDVM PATREM ET PRINCIPEM,
          <lb/>DOMI-num Wolffgangum à Gruenenstein Abba-tem
          <lb/>Campidunensem. (Préface de 6 p.)
          <lb/>R 101667. Prov.: Prof. Hertlein, Wertheim, 4/III. 1881; sans
          <lb/>indic, du prix. A l&amp;#x27;intérieur du Ier plat: F. C. Hertlein. Heidelberg
          <lb/>1822. est 21 Xr. in der Versteigerung. Au verso du titre: Ex Bibliotheca
          <lb/>Universitatis Heidelbergensis. Rel. anc. avec la date 1568.
          <lb/>526
          <lb/>GPB: BU Breslau, Kœnigsberg, Marbourg.
          <lb/>CICERO
          <lb/>Strasbourg, I. Rihel, 1568.
          <lb/>M. T. CICERONIS DE ORATORE AD QVINTVM Fratrem
          <lb/>Libri III. POST NAVGERIANAM ET VICTORI- anam correc¬
          <lb/>tionem emendati à IOAN. STVRMIO.Aldinae paginae in
          <lb/>marginibus notatae sunt.
          <lb/>Marque typ. de J. Rihel. (HEB, Planche XXXI, NO8; Silvestre,
          <lb/>N° 821.)
          <lb/>Cum Gratia &amp;amp; Priuilegio Caesareo ad decennium.
          <lb/>M. D. LXVIII.
          <lb/>A la fin: ARGENTORATI, PER IOSIAMRihelium, Anno
          <lb/>Salutis humanae M. D. LXVIII. Mense Iunio.
          <lb/>In-80, car, ital., 247 p. ch., numérotées de 263 à 509 (à la suite
          <lb/>de Cicero, Rhetoricorum ad. C. Herennium, 1568), R101654, (Voir No
          <lb/>528); la dernière page est numérotée 409 au lieu de 509, suivent 5 pages
          <lb/>d’Index à 2 col, et 1 f. blanc; titre courant, réclames, initiales ornées.
          <lb/>Au verso du titre: TYPOGRAPHVS LECTORI S... — Dat.
          <lb/>Argentorati ex aedibus nostris! Anno 1568. (1 p.)
          <lb/>R101.654(2). Prov.: Bibl. F. A. Menke, Brême, 1873. Rel. anc.
          <lb/>GPB: BU Kœnigsberg.
          <lb/>527
          <lb/>CICERO
          <lb/>Strasbourg, J. Rihel, 1568.
          <lb/>M. T. CICERONIS RHETORICORVM AD C. HE) rennium
          <lb/>Libri IIII. Eiusdem de Inuentione Libri I.PosT NAV¬
          <lb/>GERIANAM ET VICTORI-) anam correctionem emendati à
          <lb/>IOAN. STVRMIO. Aldinae paginae in marginibus notatae
          <lb/>sunt.
          <lb/>Marque typ. de I. Rihel. (HEB, Planche XXXI, No 8, Su¬
          <lb/>vestre, No 821.)
          <lb/>Cum Gratia &amp;amp; Priuilegio Caesareo ad decennium.
          <lb/>M. D. LXVIII.
        </p>
      </div>
    </body>
  </text>
</TEI>
