<?xml version='1.0' encoding='UTF-8'?>
<?xml-model href="https://raw.githubusercontent.com/OpenITI/tei_openiti/master/tei_openiti.rng" type="application/xml" schematypens="http://relaxng.org/ns/structure/1.0"?>
<?xml-model href="https://raw.githubusercontent.com/OpenITI/tei_openiti/master/tei_openiti.rng" type="application/xml" schematypens="http://purl.oclc.org/dsdl/schematron"?>
<TEI xmlns="http://www.tei-c.org/ns/1.0">
  <teiHeader>
    <fileDesc>
      <titleStmt>
        <title/>
      </titleStmt>
      <publicationStmt>
        <p/>
      </publicationStmt>
      <sourceDesc>
        <p/>
      </sourceDesc>
    </fileDesc>
    <profileDesc>
      <calendarDesc>
        <calendar xml:id="ah">
          <p>Anno Hegirae</p>
        </calendar>
      </calendarDesc>
    </profileDesc>
    <xenoData xml:space="preserve">
CREATED: 2024-04-12T12:30:30.508124+00:00
CREATED BY: eScriptorium vpassthistobuildcmd
IMAGE FILENAME: A121078-2133.tif
IMAGE WIDTH: 2308
IMAGE HEIGHT: 3828
</xenoData>
  </teiHeader>
  <text>
    <body>
      <div>
        <p>
          <lb/>129
          <lb/>R 10.511.() Prop.: Bibl, de l&amp;#x27;ancienne Faculté de médecine de
          <lb/>Strasbourg. Notes mss. A l&amp;#x27;intérieur du 1er plat:,Greutter Buch
          <lb/>Anno 1615, Pierre Vuillemey 1670.&amp;quot; Rel, anc.
          <lb/>GPB: Berlin, Breslau, Gœttingue, Halle, Kœnigsberg. Schreiber,
          <lb/>Kräuterbücher p. XLII-XLIII.
          <lb/>213
          <lb/>BOCK Hieronymus
          <lb/>Strasbourg, W. Rihel, 1550.
          <lb/>Teütsche Speiszkam-mer.Jnn welcher du findest,
          <lb/>Was gesunden vnnd krancken men-schen zur Leibs
          <lb/>narung vnd desselben gepresten von nöten, Auch wie
          <lb/>alle speis vnd dranck Gesun- den vnd Krancken jeder
          <lb/>zeit zur Kost vnd artznei gerei- chet werden! sollen.
          <lb/>Zù dienst vnd wolfart allen frommen Teutschen! durch
          <lb/>HIERONYMUM BOCK mit fleisziger trewer arbeit, vormalns
          <lb/>nie gese- hen, beschriben vnd ans! liecht gegeben.
          <lb/>Den jnnhalt dises Bûchs findestu auff der andern
          <lb/>seitten verzeichnet.
          <lb/>Sampt einem nutzlichen Register.
          <lb/>Mit Röm Kais. Maie. Freiheit auff vij jar.
          <lb/>Gedruckt zû Straszburg bei Wendel Rihel. Jm jar M.D.L.
          <lb/>Au verso du dernier f., marque typographique de W. Rihel.
          <lb/>(H. A B., Planche XXIX, NO I.
          <lb/>In-4°, car. goth., 12 ff. non ch., CXIX ff. ch., titre courant,
          <lb/>réclames, notes marginales.
          <lb/>Rhein...-Sarbrücken, den zwentzigsten Augusti. Anno
          <lb/>M. D. L.Hieronymus Bock. (Préface de 6 pages.)
          <lb/>R 101788. Prov, inconnue.
          <lb/>GPB: Berlin S B, Königsberg, UB.
          <lb/>214
          <lb/>BOCK Hieronymus
          <lb/>Strasbourg, W. Rihel, 1551.
          <lb/>Kreuter Buch. Darinn Vnderscheidt, Nammen und
          <lb/>Würckung der Kreütter; Stauden, Hecken vnnd Beümen,
          <lb/>sampt! ihren Früchten so inn deütschen Landen wachsen
          <lb/>etc. (Comme dans l’édition de 1546.)
          <lb/>Gedruckt zû Straszburg durch Wendel! Rihel, Jm jar
          <lb/>M. D. L I.
          <lb/>In - fol, car. goth. 20 fl, non ch. CCCOXIII ff. ch., 6 ff. non
          <lb/>ch. à 2 col. (Table des maladies.), titre courant, réclames, notes marg.,
          <lb/>initiales goth., les gravures sont tirées de l’édition de 1546. Fol. 209
          <lb/>non ch.: Portrait d’Hieronymus Bock encadré, fait par David Kandel;
          <lb/>R.a
        </p>
      </div>
    </body>
  </text>
</TEI>
