<?xml version='1.0' encoding='UTF-8'?>
<?xml-model href="https://raw.githubusercontent.com/OpenITI/tei_openiti/master/tei_openiti.rng" type="application/xml" schematypens="http://relaxng.org/ns/structure/1.0"?>
<?xml-model href="https://raw.githubusercontent.com/OpenITI/tei_openiti/master/tei_openiti.rng" type="application/xml" schematypens="http://purl.oclc.org/dsdl/schematron"?>
<TEI xmlns="http://www.tei-c.org/ns/1.0">
  <teiHeader>
    <fileDesc>
      <titleStmt>
        <title/>
      </titleStmt>
      <publicationStmt>
        <p/>
      </publicationStmt>
      <sourceDesc>
        <p/>
      </sourceDesc>
    </fileDesc>
    <profileDesc>
      <calendarDesc>
        <calendar xml:id="ah">
          <p>Anno Hegirae</p>
        </calendar>
      </calendarDesc>
    </profileDesc>
    <xenoData xml:space="preserve">
CREATED: 2024-04-12T12:30:27.723660+00:00
CREATED BY: eScriptorium vpassthistobuildcmd
IMAGE FILENAME: A121078-2049.tif
IMAGE WIDTH: 2360
IMAGE HEIGHT: 3828
</xenoData>
  </teiHeader>
  <text>
    <body>
      <div>
        <p>
          <lb/>45
          <lb/>R 101.835. Prov.: L. Rosenthal, Munich, 13/Ix. 1890, 6 M.
          <lb/>Notes mss.
          <lb/>GPB VI, 6489: Berlin, Braunsberg.
          <lb/>78
          <lb/>ARISTOTELES
          <lb/>Strasbourg, J. Rihel, 1560.
          <lb/>I. APIETOTEAOYE HEPI APETON, KAI KAKION
          <lb/>BIBAION «. ARISTOTELIS DE VIRTVTIBVS,) &amp;amp; uitiis liber
          <lb/>unus. H. TOY ZODOTATOY MHXAHA TOY TEAAOY
          <lb/>tapBoì ète dosraς, xoì κανιας. MICHAELIS PSELI HOMINIS DO¬
          <lb/>ctissimi Jambi, in Virtutes, &amp;amp; uitia.
          <lb/>H. OPOI HAATONOE. Definitiones Platonis.
          <lb/>OMNIA NUNC LIMATEVS EDITA: I additis uirtutum, uitio¬
          <lb/>rumque omnium! schematismis.
          <lb/>ARGENTORATI! Excudebat Josias Rihelius. M. D. LX.
          <lb/>(Verso blanc.)
          <lb/>in-80, car. grecs et rom., 28 ff. ch., réclames, notes marg, init.
          <lb/>ornées E, A.
          <lb/>R 101.844. Prov. inconnue.
          <lb/>BM Colmar; GPB VI, 7307: Berlin, Bonn, München, Münster,
          <lb/>Göttingen, Königsberg.
          <lb/>78
          <lb/>ARISTOTELES
          <lb/>Strasbourg. J. Rihel, 1563.
          <lb/>APIYTO- TEAOYE HOIKON( NIKOMAXEIQN BIBAIA
          <lb/>AEKA. ! ARISTOTELIS DE MORIBVS AD ! Nicomachum Libri
          <lb/>decem. Cum uarijs lectionibus in fine adiectis.
          <lb/>Marque typ. de J. Rihel. (H &amp;amp; B Planche XXIX, NO 5; Silves¬
          <lb/>tre, No 757.)
          <lb/>ARGENTORATI Excudebat Josias Rihelius! M. D. LXIII.
          <lb/>(Verso blanc.)
          <lb/>in-80, car. grecs, 8 ff. non ch. dont les 2 derniers blancs, 154 ff.
          <lb/>ch. (texte grec) et 13 ff. non ch. dont les 2 derniers blancs (Commen¬
          <lb/>taire), réclames, notes marg., init. ornées.
          <lb/>Fol. a 2a non ch.: JOANNES STVR- mius.... (5p.)
          <lb/>Fol. a 4b non ch.: JOANNES LyDoVI- cus Viues. (4 p.)
          <lb/>R101.836. Prov. inconnue.
          <lb/>Oxford, Bibl. Bodleiana; GPB VI, 6494: Göttingen.
          <lb/>80
          <lb/>ARISTOTELES
          <lb/>Strasbourg, Th. Rihel, 1570.
          <lb/>ARISTOTELIS! Rhetoricorvm libri! II. IN LATINVM
          <lb/>SERMONEM! conuersi, &amp;amp; Scholis breuioribus explicati à
          <lb/>Joanne Stvrmio. I NVNC PRIMVM, IN GRATIAM ET] vsum stu¬
          <lb/>diosorum dicendi doctrinae editi.
          <lb/>Marque typ. de Th. Rihel. (H&amp;amp; B Planche XXXI, No 10; Sil¬
          <lb/>vestre, No 854.)
          <lb/>Cum Gratia &amp;amp; Priuilegio Caesareo.
          <lb/>ARGENTINAE! Excudebat Theodosius Rihelius.
          <lb/>A la fin: ARGENTINAE Excudebat Theodosius Rihelius.
          <lb/>M. D. LXX. (Verso blanc.)
          <lb/>Oxford, Bibl. Bodleiana.
        </p>
      </div>
    </body>
  </text>
</TEI>
