<?xml version='1.0' encoding='UTF-8'?>
<?xml-model href="https://raw.githubusercontent.com/OpenITI/tei_openiti/master/tei_openiti.rng" type="application/xml" schematypens="http://relaxng.org/ns/structure/1.0"?>
<?xml-model href="https://raw.githubusercontent.com/OpenITI/tei_openiti/master/tei_openiti.rng" type="application/xml" schematypens="http://purl.oclc.org/dsdl/schematron"?>
<TEI xmlns="http://www.tei-c.org/ns/1.0">
  <teiHeader>
    <fileDesc>
      <titleStmt>
        <title/>
      </titleStmt>
      <publicationStmt>
        <p/>
      </publicationStmt>
      <sourceDesc>
        <p/>
      </sourceDesc>
    </fileDesc>
    <profileDesc>
      <calendarDesc>
        <calendar xml:id="ah">
          <p>Anno Hegirae</p>
        </calendar>
      </calendarDesc>
    </profileDesc>
    <xenoData xml:space="preserve">
CREATED: 2024-04-12T12:30:37.647755+00:00
CREATED BY: eScriptorium vpassthistobuildcmd
IMAGE FILENAME: A121078-2379.tif
IMAGE WIDTH: 2372
IMAGE HEIGHT: 3820
</xenoData>
  </teiHeader>
  <text>
    <body>
      <div>
        <p>
          <lb/>375
          <lb/>COLLIMITIUS Georgius Voir: TANSTETTER Collimitius Georgius.
          <lb/>COLONNA Egidio. Voir: AEGIDIUS Romanus.
          <lb/>COLUMELLA Lucius. De cultu hortorum. Voir: FIERA, De her¬
          <lb/>barum virtutibus. Strasbourg, Chr. Egenolph, 1529.
          <lb/>COLUMELLA Lucius
          <lb/>Strasbourg, W. Rihel, 1538.
          <lb/>Das Ackerwerck Lucij Columelle vnd Palladij zwe¬
          <lb/>ver hocherfarner Römer, Haltet inn allen veldbaw, von
          <lb/>getreyd, wein, früchten, allerley kreütern, obsbeu- men
          <lb/>als öpffel vnd bierbeumen &amp;amp;. Vnd allerley gartenwerck,
          <lb/>pflan- tzung oder impfung. Item den viechzûg, als rinder,
          <lb/>pferd, esel, schaf,! hûner, gens, enten, tauben vnd binen
          <lb/>8. Vnd artznei wider eyns yeden thiers kranckheyten,
          <lb/>Deszgleichen eyn schönen bericht der hausz sorg, wie
          <lb/>allerley frucht, vnnd kreüter inzu- beyssen, allerley kreüter¬
          <lb/>wein zu machen mancherley vassbüne, vnnd an- ders
          <lb/>desgleichen, fast nûtz vnd lûstig zu lesen.Verteütschet
          <lb/>Durch Michael Herren, liebhabern der freien künsten vnd
          <lb/>artznei. Eyn yedes bûch hat sein volkommen Register.
          <lb/>Gedruckt zû Straszburg bei Wendel Rihel. Anno.
          <lb/>M. D. XXXVIII.Mit Keyserlicher freiheyt vff Sechs jar.
          <lb/>(Verso blanc.)
          <lb/>In-4°, car. goth., 5 ff. non ch., OXLVIII ff. ch., titre courant,
          <lb/>réclames, 9 instruments pour mesurer les champs et 4 pour mesurer la
          <lb/>distance qu’il faut observer pour la plantation des plantes.
          <lb/>fol. 2a... Iûnckern Peter Scheren dem Eltern, Röm.
          <lb/>Key... Rath... — Geben z6 Straszburg am dritten tag Apri¬
          <lb/>lis. Anno M. D. XXXVIII. Michael Herr.
          <lb/>R 10.010. Prov. : Bibliothecae Hermanianae Argentorati, annota¬
          <lb/>tion manuscrite: Rarus... In honorem viri nostratis diligentissimi &amp;amp;̀ ad
          <lb/>historiam litterariam Argentoratensem patriae Bibliothecae conservandum
          <lb/>optime servatum volumen.
          <lb/>GPB. BN Berlin, BU Breslau, Gœttinque.
          <lb/>561
          <lb/>COLUMNA Aegidius. Voir: AEGIDIUS Romanus, (Figure dans le
          <lb/>Gesamtkatalog der Wiegendrucke sous Columna Aegidius, dans celui
          <lb/>der Preussischen Bibliotheken sous Colonna Egidio.)
        </p>
      </div>
    </body>
  </text>
</TEI>
