<?xml version='1.0' encoding='UTF-8'?>
<?xml-model href="https://raw.githubusercontent.com/OpenITI/tei_openiti/master/tei_openiti.rng" type="application/xml" schematypens="http://relaxng.org/ns/structure/1.0"?>
<?xml-model href="https://raw.githubusercontent.com/OpenITI/tei_openiti/master/tei_openiti.rng" type="application/xml" schematypens="http://purl.oclc.org/dsdl/schematron"?>
<TEI xmlns="http://www.tei-c.org/ns/1.0">
  <teiHeader>
    <fileDesc>
      <titleStmt>
        <title/>
      </titleStmt>
      <publicationStmt>
        <p/>
      </publicationStmt>
      <sourceDesc>
        <p/>
      </sourceDesc>
    </fileDesc>
    <profileDesc>
      <calendarDesc>
        <calendar xml:id="ah">
          <p>Anno Hegirae</p>
        </calendar>
      </calendarDesc>
    </profileDesc>
    <xenoData xml:space="preserve">
CREATED: 2024-04-12T12:30:35.466464+00:00
CREATED BY: eScriptorium vpassthistobuildcmd
IMAGE FILENAME: A121078-2295.tif
IMAGE WIDTH: 2304
IMAGE HEIGHT: 3820
</xenoData>
  </teiHeader>
  <text>
    <body>
      <div>
        <p>
          <lb/>fol. B 3b: Hulderico Zwinglio... Wolfgangus Capito.
          <lb/>du titre: Reverendo domino praeposito St. Thomae Laurentio Schenck¬
          <lb/>R 102.367. Prov.: G. Lissa, Berlin, 3. VI. 1891, 10 M. Au bas
          <lb/>becher.
          <lb/>N° 912. GPB: BN Berlin, Baum No 24.
          <lb/>BM et Bibliothèque St. Guillaume Strasbourg; Walter: Sélestat
          <lb/>440
          <lb/>CAPITO Wolfgang Fabricius
          <lb/>Strasbourg, W. Köpfel, 1526.
          <lb/>IN HABA KVK PROPHE- tam V. Fabritij Capitonis enar¬
          <lb/>rationes. Argent. apud Vuolphium Ce- phalaeum. Mense
          <lb/>Mar- tio. Ann1526. *, (Verso blanc.)
          <lb/>In-8°, car. rom. et ital., 50 ff. ch., sign. A-F, titre courant, ini¬
          <lb/>tiales à fig., initiales ornées et initiales d’attente, titre encadré avec
          <lb/>marque typogr. de Köpfel. (H e B, Planche XIX, N° 15.)
          <lb/>fol. 24: NOBILI AC ERVDITO IAco-] bo Sturmio, Ciui &amp;amp;
          <lb/>Senatori Argentin. Caesarei Senatus hoc temporis consi¬
          <lb/>liario... Gratiam &amp;amp; pacem... exoptat... — Argentine
          <lb/>14. Martij.Anno M. D. XXVI. (4 p.)
          <lb/>R101.135. Prov.: J. A. Sprecher, Chur (Catal. 14, N° 234), 14/XI.
          <lb/>1879,1M.
          <lb/>BN Paris, Rés. A. 17966; Bibl. St. Guillaume, Strasbourg.
          <lb/>GPB: BN Berlin, BU Breslau, Kœnigsberg, Marbourg, Baum
          <lb/>No 22.
          <lb/>441
          <lb/>CAPITO Wolfgang Fabricius
          <lb/>Strasbourg, W. Köpfel, 1527.
          <lb/>KInder bericht vnd frag- stuck von gemeynen puncten
          <lb/>Christlichs glaubens.
          <lb/>Marque typogr. de Wolfg. Köpfel. (H&amp;amp; B, Planche XVII, Nò 8a.)
          <lb/>Bey Wolff Köpphel, An. M. D. XXVII.
          <lb/>A la fin: Gedruckt zû Straszburg, bey Wolff Köpphel
          <lb/>im jar. 1527.
          <lb/>Au verso marque typographique de Köpfel. (HE B, Planche
          <lb/>XIX, No 13.)
          <lb/>In-8°, car. goth., 38 ff. non ch, sign. A-E, initiale à fig. K;
          <lb/>titre encadré, instruments de musique.
          <lb/>Au verso du titre, gravure sur bois: l’Evangéliste St. Jean avec
          <lb/>l’aigle, écrivant l’Evangile.
          <lb/>R100.638. Prov.: L. Rosenthal, Munich, 23/VIII. 1880, 30 M.
          <lb/>A l&amp;#x27;intérieur de la couverture: Heinrich Föringer, Kustos in der
          <lb/>Herzogspital-Hofkirche. N° 197.
          <lb/>GPB: BN Berlin, B U Marbourg, Manque chez Baum. 412
          <lb/>291
        </p>
      </div>
    </body>
  </text>
</TEI>
