<?xml version='1.0' encoding='UTF-8'?>
<?xml-model href="https://raw.githubusercontent.com/OpenITI/tei_openiti/master/tei_openiti.rng" type="application/xml" schematypens="http://relaxng.org/ns/structure/1.0"?>
<?xml-model href="https://raw.githubusercontent.com/OpenITI/tei_openiti/master/tei_openiti.rng" type="application/xml" schematypens="http://purl.oclc.org/dsdl/schematron"?>
<TEI xmlns="http://www.tei-c.org/ns/1.0">
  <teiHeader>
    <fileDesc>
      <titleStmt>
        <title/>
      </titleStmt>
      <publicationStmt>
        <p/>
      </publicationStmt>
      <sourceDesc>
        <p/>
      </sourceDesc>
    </fileDesc>
    <profileDesc>
      <calendarDesc>
        <calendar xml:id="ah">
          <p>Anno Hegirae</p>
        </calendar>
      </calendarDesc>
    </profileDesc>
    <xenoData xml:space="preserve">
CREATED: 2024-04-12T12:30:32.430169+00:00
CREATED BY: eScriptorium vpassthistobuildcmd
IMAGE FILENAME: A121078-2199.tif
IMAGE WIDTH: 2284
IMAGE HEIGHT: 3826
</xenoData>
  </teiHeader>
  <text>
    <body>
      <div>
        <p>
          <lb/>fol. 6a non ch.: ExPOSTVLATIO CVM ME-dicina ob mor¬
          <lb/>tem Otthonis Brunfelsij eximij Medici.! Ioan. Sapido Autore.
          <lb/>(16 vers.)
          <lb/>fol. 6b non ch. : Large bande d’ornement avec les portraits de
          <lb/>David, Esaias, Paulus, Johannes.
          <lb/>R10279.(1) Prov, : Bibl. Prof. Baum, 20/II. 1879.
          <lb/>Notes mss. A l&amp;#x27;intérieur de la couverture : Hoc rarissimum
          <lb/>volumen Othonis Brunfelsii in Nov. Testamentum exquisi¬
          <lb/>tas &amp;amp; piissimas Annotationes et Joannis Calvini Institutio¬
          <lb/>nem complectens Samadenae Oenigadinae oppidulo a Xeno¬
          <lb/>docho eodemque bibliophilo emi. Erat hoc volumen quondam
          <lb/>celeberrimi illius Sebastiani Castellionis qui et,, Castalio
          <lb/>signare solebat, cujus nomen autographum in superiore
          <lb/>parte tituli intactum extat sicut multoties in literis auto¬
          <lb/>graphis istius piissimi et in rebus christianis dijudicandis
          <lb/>suum saeculum longe antecellentis viri exaratum vidi.
          <lb/>Emptione comparavi mense Septemb. 1855.
          <lb/>Casparus Frizonius cujus nomen in eadem extat pa¬
          <lb/>gina, pastor erat perdoctus Ecclesiae Cellerinae in eadem
          <lb/>valle Oenigadinae, qui in conscribendis libris ecclesiasticis,
          <lb/>lingua, romana&amp;quot; sive vulgari istius regionis dialecto mul¬
          <lb/>tam eandemque felicissimam operam collocavit. Erat, ni
          <lb/>fallor, in primis qui sacra Biblia ista in dialecto reddere
          <lb/>conati sunt. «Signé Baum.» Rel, anc.
          <lb/>Londres, British Museum C. 66. g. 7. (1.)
          <lb/>Oxford, Bibl. Bodleiana; Roth, loco citato No1: BN Vienne.
          <lb/>GPB: Berlin, Königsberg BU, Munich BU.
          <lb/>299
          <lb/>195
          <lb/>(BRUNFELS Ottol
          <lb/>Strasbourg, J. Cammerlander, (1537).
          <lb/>Ein newe Badenfart.! Von allerhandt erwelten wassern
          <lb/>vnnd schwaisz Bädern, für allerley siechtagen, im oder
          <lb/>am leip, fürnemlich für das grün, steyn vnnd lame
          <lb/>glieder, Auch wie mann sich darin, mit artznei, purgie¬
          <lb/>rung, schrepffen lassen, essen vnnd trincken etc. halten
          <lb/>soll ausz den alten artzten ein kurtzer bericht.
          <lb/>Gravure sur bois: salle de bains, dans un baignoir, un homme,
          <lb/>à côté un autre homme qui verse de l’eau sur le baigneur; devant le
          <lb/>baignoir, une femme assise dans un autre baignoir.
          <lb/>Au-dessous: Getruckt zû Strassburg bey M. Jacob Cam
          <lb/>merlandern von Mentz, s. d. (1537.] Verso blanc.
        </p>
      </div>
    </body>
  </text>
</TEI>
