<?xml version='1.0' encoding='UTF-8'?>
<?xml-model href="https://raw.githubusercontent.com/OpenITI/tei_openiti/master/tei_openiti.rng" type="application/xml" schematypens="http://relaxng.org/ns/structure/1.0"?>
<?xml-model href="https://raw.githubusercontent.com/OpenITI/tei_openiti/master/tei_openiti.rng" type="application/xml" schematypens="http://purl.oclc.org/dsdl/schematron"?>
<TEI xmlns="http://www.tei-c.org/ns/1.0">
  <teiHeader>
    <fileDesc>
      <titleStmt>
        <title/>
      </titleStmt>
      <publicationStmt>
        <p/>
      </publicationStmt>
      <sourceDesc>
        <p/>
      </sourceDesc>
    </fileDesc>
    <profileDesc>
      <calendarDesc>
        <calendar xml:id="ah">
          <p>Anno Hegirae</p>
        </calendar>
      </calendarDesc>
    </profileDesc>
    <xenoData xml:space="preserve">
CREATED: 2024-04-12T12:30:33.169433+00:00
CREATED BY: eScriptorium vpassthistobuildcmd
IMAGE FILENAME: A121078-2218.tif
IMAGE WIDTH: 2288
IMAGE HEIGHT: 3824
</xenoData>
  </teiHeader>
  <text>
    <body>
      <div>
        <p>
          <lb/>214
          <lb/>men das man nent opfferen. Ein kurtze vnderrichtung
          <lb/>Vsz götlicher geschrifft. Durch Johannem bûchstab! Schûl¬
          <lb/>meister in Zofingen.
          <lb/>i. Eszdre, 7. (4 lignes.) (Verso blanc.)
          <lb/>A la fin: Getruckt vnd volendet disz büchlin vff sant
          <lb/>Katharinen abent, Jm iar als man zalt nach der geburt
          <lb/>Christi. M. CCCCC.vnd xxvij.
          <lb/>In-4°, car. goth., 16 ff. non ch. dont le dernier blanc, sign. A-D,
          <lb/>notes marginales, initiales goth.
          <lb/>R101.568. Prov.: Recteur Müller, Quedlinbourg, 15/V. 1889;
          <lb/>sans indication du prix.
          <lb/>Schmidt I. N° 235 : Bibl. St. Guillaume, mais avec variantes au
          <lb/>titre et à la fin; GPB: Berlin.
          <lb/>322
          <lb/>BUCHSTAB Johannes
          <lb/>[Strasbourg, J. Grüninger, 1 1528.
          <lb/>Von dem fegfeür mit sampt einem besclusz (!) über
          <lb/>zehen vszgangnen büchlin Johann Bûch-stab von Win¬
          <lb/>thertur. Jetzt wonend in der Christlichen stat Fryburg
          <lb/>im yechtland. (Feuille de lierre.)
          <lb/>Ecclesia. 7. (2 lignes.)
          <lb/>A la fin: 1528.
          <lb/>In-4°, car. goth, 10 ff. non ch., sign. A-C, notes marginales,
          <lb/>initiales goth.
          <lb/>fol. B 4b (en bas): Beschluss über die zehen vszgangnen
          <lb/>Büechlin.... Ob es doch an jm (l’auteur) selbs were, wie
          <lb/>in vnser, der schwitz-er Catilina für naem hien durch zû
          <lb/>trucken, aber woll! ich jung, vnd noch nit fünff Lustra
          <lb/>erlangt, vnd mich in die zal der gelerten nit schetzet,
          <lb/>vnd noch nit schetzen, so fand ich doch in einer bybli,
          <lb/>durch teglichs laesen, daz dise sachen ful vnd vnrecht
          <lb/>woren. Do ich nûn etwan! vil gelasz, das ich mengklichem
          <lb/>vsz dem wortt Gotts seiner irrung möcht wider standt
          <lb/>thûn, woltt ich mir! semlichs nit allein behalten, nam mich
          <lb/>für, macht ein bûch, teilet die artickel (durch mich be¬
          <lb/>schriben) jnn Capitel, vermeint do mitt, nit allein minem
          <lb/>vatter land, sunder allen liebhaberen der göttlichen wor¬
          <lb/>heit, stür zû thûn, ir standt hafftigkeit, wider die ver¬
          <lb/>damp ten, schantlichen, wiklefischen betrügnüssen vnd
          <lb/>jrungen Do ich nûn semlichs in ein bûch zesamen bracht
        </p>
      </div>
    </body>
  </text>
</TEI>
