<?xml version='1.0' encoding='UTF-8'?>
<?xml-model href="https://raw.githubusercontent.com/OpenITI/tei_openiti/master/tei_openiti.rng" type="application/xml" schematypens="http://relaxng.org/ns/structure/1.0"?>
<?xml-model href="https://raw.githubusercontent.com/OpenITI/tei_openiti/master/tei_openiti.rng" type="application/xml" schematypens="http://purl.oclc.org/dsdl/schematron"?>
<TEI xmlns="http://www.tei-c.org/ns/1.0">
  <teiHeader>
    <fileDesc>
      <titleStmt>
        <title/>
      </titleStmt>
      <publicationStmt>
        <p/>
      </publicationStmt>
      <sourceDesc>
        <p/>
      </sourceDesc>
    </fileDesc>
    <profileDesc>
      <calendarDesc>
        <calendar xml:id="ah">
          <p>Anno Hegirae</p>
        </calendar>
      </calendarDesc>
    </profileDesc>
    <xenoData xml:space="preserve">
CREATED: 2024-04-12T12:30:26.872087+00:00
CREATED BY: eScriptorium vpassthistobuildcmd
IMAGE FILENAME: A121078-2020.tif
IMAGE WIDTH: 2384
IMAGE HEIGHT: 3828
</xenoData>
  </teiHeader>
  <text>
    <body>
      <div>
        <p>
          <lb/>16
          <lb/>St-Mathieu 1505: N° 25.
          <lb/>Au verso de ce titre: la même épitaphe qu’à la Postille de
          <lb/>Fol. Ba 2a : Table.
          <lb/>qu’au N° 24.
          <lb/>E 11529b et E 11530b, même provenance et annotations mss.
          <lb/>BU Paris, Réserve 112: Beaulieux, p. 12.
          <lb/>GPB, II, 10057: Breslau, Halle, Bonn, Vienne.
          <lb/>26
          <lb/>ALBERTUS Magnus
          <lb/>Strasbourg, M. Flach, 1508.
          <lb/>das bûch der heymlichkeiten! Magni Alberti von! den
          <lb/>Albertus Magnus. Das bûch der Versamlung oder
          <lb/>tugenden der! krüter, vnd edel- gestein vnd! von etlichb en
          <lb/>thie ren. (Bande d’ornement.)
          <lb/>A la fin: Getruckt zû Straszburg durch Martino! flach.
          <lb/>Als man zalt... Dusent funff hundert vnd acht! Jar, im
          <lb/>augst mondt.
          <lb/>in-4°, car. goth., 36 ff. non ch., sign. A-F, verso du dernier f. blanc.
          <lb/>Fol. A 2a: Prologus vnd vorrede in dis bûch. (1 page.)
          <lb/>*1102289. Prov.: J. Halle, Munich, 31/XIl. 1895. Notes mss.
          <lb/>Schmidt VI, p. 22, N 16: Musée germanique Nuremberg.
          <lb/>Manque dans le GPB.
          <lb/>27
          <lb/>7-
          <lb/>Huertus mtannno
          <lb/>ur lrtretis mulirrum pt uirmunt.
          <lb/>9
          <lb/>In
          <lb/>Y
          <lb/>(Voir le N° suivant.)
        </p>
      </div>
    </body>
  </text>
</TEI>
