<?xml version='1.0' encoding='UTF-8'?>
<?xml-model href="https://raw.githubusercontent.com/OpenITI/tei_openiti/master/tei_openiti.rng" type="application/xml" schematypens="http://relaxng.org/ns/structure/1.0"?>
<?xml-model href="https://raw.githubusercontent.com/OpenITI/tei_openiti/master/tei_openiti.rng" type="application/xml" schematypens="http://purl.oclc.org/dsdl/schematron"?>
<TEI xmlns="http://www.tei-c.org/ns/1.0">
  <teiHeader>
    <fileDesc>
      <titleStmt>
        <title/>
      </titleStmt>
      <publicationStmt>
        <p/>
      </publicationStmt>
      <sourceDesc>
        <p/>
      </sourceDesc>
    </fileDesc>
    <profileDesc>
      <calendarDesc>
        <calendar xml:id="ah">
          <p>Anno Hegirae</p>
        </calendar>
      </calendarDesc>
    </profileDesc>
    <xenoData xml:space="preserve">
CREATED: 2024-04-12T12:30:38.078948+00:00
CREATED BY: eScriptorium vpassthistobuildcmd
IMAGE FILENAME: A121078-2394.tif
IMAGE WIDTH: 2374
IMAGE HEIGHT: 3822
</xenoData>
  </teiHeader>
  <text>
    <body>
      <div>
        <p>
          <lb/>390
          <lb/>H. xiij. XV. XXj. ordnungen Erstlichen, das der Ammeister keinem Burger,
          <lb/>oder burgers sohn, vmb sachen, darumb er gesessen oder caution thun
          <lb/>kan, in gefängliche hafft ein zihen solle.
          <lb/>2. Daz man kein heimliche leitung wider ihn führen solle.
          <lb/>3. Daz auch, wan er vmb ein schwere mishandlung angeklagt, vndt
          <lb/>durch E. E. Raht in hafft erkandt were, man ihme in Zeit 3. tag sein
          <lb/>ankläger neben sich an seine seite gestellet, vnndt zû seiner redlichen
          <lb/>verantwortung lassen solle. Vnndt da er dessen, so er beschuldiget, vn¬
          <lb/>schuldig erfunden, so soll sein ankläger mitt der Straaff, die dem Beklagte
          <lb/>widerfahren sein sollte, ebenmässiger weiss gestraaft werdten.
          <lb/>2e ex. M 9453, Prov, inconnue. Un ex. (R75) à Auszug. Voir N0119.
          <lb/>GPB Vol. 8. N° 9676 (à Auszug): BN Berlin, B U Gœttingue,
          <lb/>583
          <lb/>Munich.
          <lb/>CONSTITUTION
          <lb/>(Strasbourg), 1594.
          <lb/>Constitution vnnd Satzung! eines Ersamen Rahts der
          <lb/>Freyen Reichs- Statt Straszburg, wie der Ehebruch vnd
          <lb/>an-dere Vnzucht hinfüro gestrafft werden sollen.
          <lb/>Armoiries de la ville de Strasbourg.
          <lb/>M. D. XCHIII. (Verso blanc.)
          <lb/>A la fin: Actum &amp;amp; Decretum Sambstags den 15. Julij
          <lb/>Anno 1594.
          <lb/>In-fol., car. goth., 4 ff. non ch., sign. A, réclames, initiale ornée W.
          <lb/>fol. A 2a: WIr Hugo Sturm der Meister, vnnd der
          <lb/>Raht,Schöffel vnnd Amman dieser Freyen Reichsstatt
          <lb/>Straszburg, Thun kundt,...
          <lb/>R 79/1) et RSO. Prov, inconnue.
          <lb/>GPB: BU Gœttinque.
          <lb/>584
          <lb/>COPEY
          <lb/>Strasbourg, Th. Rihel, 1272.
          <lb/>Copey vnnd Abdruck! der Römischen Kayserlichen
          <lb/>Maie- stat Freyheit, den Erfindern der Holtzspa- rungs¬
          <lb/>kunst, Geben zu Wienn am Kayserlichen Hoff Den! 16.
          <lb/>Junij. Anno M. D. LXXII. (Vignette.)
          <lb/>Au-dessous : Mit Röm. Kayser, Maiest, Freyheit.
          <lb/>Getruckt zu Straszburg, durch Theodosium Rihel.
          <lb/>In-4°, car. goth., 7 ff. non ch. sign. A-B, réclames, initiales or¬
          <lb/>nées D, W
          <lb/>fol. A 2a: Préface au lecteur. (2 ff.)
          <lb/>R 102.428. Prov. : Bibliothèque Heitz, Strasbourg, 1871.
          <lb/>Donne comme inventeurs Jeremias Neuner e Mich. Kopmann, tous
          <lb/>deux citoyens de Strasbourg.
          <lb/>585
        </p>
      </div>
    </body>
  </text>
</TEI>
