<?xml version='1.0' encoding='UTF-8'?>
<?xml-model href="https://raw.githubusercontent.com/OpenITI/tei_openiti/master/tei_openiti.rng" type="application/xml" schematypens="http://relaxng.org/ns/structure/1.0"?>
<?xml-model href="https://raw.githubusercontent.com/OpenITI/tei_openiti/master/tei_openiti.rng" type="application/xml" schematypens="http://purl.oclc.org/dsdl/schematron"?>
<TEI xmlns="http://www.tei-c.org/ns/1.0">
  <teiHeader>
    <fileDesc>
      <titleStmt>
        <title/>
      </titleStmt>
      <publicationStmt>
        <p/>
      </publicationStmt>
      <sourceDesc>
        <p/>
      </sourceDesc>
    </fileDesc>
    <profileDesc>
      <calendarDesc>
        <calendar xml:id="ah">
          <p>Anno Hegirae</p>
        </calendar>
      </calendarDesc>
    </profileDesc>
    <xenoData xml:space="preserve">
CREATED: 2024-04-12T12:30:34.627154+00:00
CREATED BY: eScriptorium vpassthistobuildcmd
IMAGE FILENAME: A121078-2268.tif
IMAGE WIDTH: 2302
IMAGE HEIGHT: 3820
</xenoData>
  </teiHeader>
  <text>
    <body>
      <div>
        <p>
          <lb/>264
          <lb/>In-80, car. ital., 75 ff. non ch., dont 47 pour la Ière partie, sign.
          <lb/>A-E, et 28 pour la seconde, sign. F-I, la seconde partie a un titre
          <lb/>spécial, réclames, notes marginales, initiales ornées V, 0, A.
          <lb/>fol. 2a: AD SERENISSIMVM AVSTRIAE ARCHIDVCVM
          <lb/>Matthiam, &amp;amp;c.... GEORG. CALAMINI SILESIIEpigramma.
          <lb/>(10 distiques.)
          <lb/>fol. 3a: ... Georgio Calamino: Illustris Scholae Lyn¬
          <lb/>censis Poetae... MELCHIOR IVNIVS, Ar- gentinensis Aca¬
          <lb/>demiae Rector... — Argentinae, XVII. Cal. April. Anno...
          <lb/>M. D. XCI. (Vignette.)
          <lb/>R100.157. Prov.: Bibl. Heitz, Strasbourg, 1871.
          <lb/>BM Strasbourg O 4759b; BU Fribourg en Br. D 8323; GPB:
          <lb/>398
          <lb/>Berlin BN, Bonn BU, Breslau BU, Gœttingue BU.
          <lb/>CALAMINUS Georg
          <lb/>Strasbourg, J. Rihel, 1594.
          <lb/>RVDOLPHOTTOCARVS :AVSTRIACA TRAGOEDIA NOVA :
          <lb/>RV-DOLPHI I. HABSBVRGI SECVLVM ET RES GESTAS! con¬
          <lb/>tinens; adiunctis notis! historicis.
          <lb/>RVDOLPHIDOS LIBER: RES AVSTRIADVM A RV- DOLPHO
          <lb/>I. AD II. VSQUE nostrum; pictura Streinofreidekia- na
          <lb/>subijciens.
          <lb/>AVTORE GEORGIO CALAMINO Silesio.
          <lb/>ANNO M. D. XCIV. (Verso blanc.)
          <lb/>A la fin: ARGENTORATI! per losiam Rihelivm.
          <lb/>In-8°, car. ital. et rom., 83 ff. non ch., dont 71 pour la Ière par¬
          <lb/>tie (dernier blanc) et 12 pour la seconde qui a un nouveau titre, titre
          <lb/>courant, réclames, notes marginales, vignettes, initiale ornée E.
          <lb/>fol 2a: Dédicace de l’auteur à l’empereur Rodolphe II. (15 dis¬
          <lb/>tiques.)
          <lb/>fol. 3a: LECTORI BENE- VOLO GEORGIVS CALAMINUS....
          <lb/>— Lyncij ex prouinciali Procerum illustrium Gymna¬
          <lb/>sio Calendis Maij Anno 1594.
          <lb/>fol. 6b: Epigramma pro RVDOLPHOTTOCARO Georgij
          <lb/>Calamini, (7 distiques.)
          <lb/>Au-dessous: Hieronymus Arconatus Leorinus Sac. Caes.
          <lb/>Maiest, à Secretis bel- licis Pragae faciebat. XX. Ian.
          <lb/>Anno 94.
          <lb/>R100.160. Prov.: Breslauer, Berlin, 4/III. 1914; 72 M.
          <lb/>BN Paris, Rés, p. Yc, 68; BM Strasbourg O 4759a; BU Fri¬
          <lb/>bourg en Br. D 8323 d; GPB. Berlin BN, Breslau BU, Gœttingue
          <lb/>BU, Halle BU.
          <lb/>399
        </p>
      </div>
    </body>
  </text>
</TEI>
