<?xml version='1.0' encoding='UTF-8'?>
<?xml-model href="https://raw.githubusercontent.com/OpenITI/tei_openiti/master/tei_openiti.rng" type="application/xml" schematypens="http://relaxng.org/ns/structure/1.0"?>
<?xml-model href="https://raw.githubusercontent.com/OpenITI/tei_openiti/master/tei_openiti.rng" type="application/xml" schematypens="http://purl.oclc.org/dsdl/schematron"?>
<TEI xmlns="http://www.tei-c.org/ns/1.0">
  <teiHeader>
    <fileDesc>
      <titleStmt>
        <title/>
      </titleStmt>
      <publicationStmt>
        <p/>
      </publicationStmt>
      <sourceDesc>
        <p/>
      </sourceDesc>
    </fileDesc>
    <profileDesc>
      <calendarDesc>
        <calendar xml:id="ah">
          <p>Anno Hegirae</p>
        </calendar>
      </calendarDesc>
    </profileDesc>
    <xenoData xml:space="preserve">
CREATED: 2024-04-12T12:30:37.585815+00:00
CREATED BY: eScriptorium vpassthistobuildcmd
IMAGE FILENAME: A121078-2375.tif
IMAGE WIDTH: 2370
IMAGE HEIGHT: 3816
</xenoData>
  </teiHeader>
  <text>
    <body>
      <div>
        <p>
          <lb/>Ein litr Ber be
          <lb/>richt der gangen Mhisiotto
          <lb/>mey vnd Citomancy geiogen vf dem
          <lb/>fur t reffenlicben in disen tunsten har
          <lb/>tbolomco Coclitt von Bononta¬
          <lb/>oer naturlicen l&amp;#x27;unst vnò
          <lb/>arbney Soctoz.
          <lb/>371
          <lb/>In-8°, car. goth., 120 ff. non ch., sign. A-P; les gravures sont
          <lb/>pour la plupart les mêmes que dans l’édition latine de la même année.
          <lb/>Au verso du titre: Préface.
          <lb/>R 101540. Prov.: Welter (Vente), Paris, 5/VI. 1895; 32 fr.
          <lb/>GPB. BN Berlin.
          <lb/>555
          <lb/>COCLES Bartholmaeus
          <lb/>Strasbourg, J. Albrecht, 1534.
          <lb/>BARPTO LOMAEI COCLITIS Bo-[ noniensis, naturalis Phi¬
          <lb/>losophiae ac Medicinae Doctoris, Physio gnomiae &amp;amp; Chi¬
          <lb/>romantiae Compendium.
          <lb/>ARGENTORATI, ANNO! M. D. XXXIIII. (Verso blanc.)
          <lb/>A la fin: ARGENTINAE APVD Ioannem Albrecht. Anno.
          <lb/>XXXIIII.
        </p>
      </div>
    </body>
  </text>
</TEI>
