<?xml version='1.0' encoding='UTF-8'?>
<?xml-model href="https://raw.githubusercontent.com/OpenITI/tei_openiti/master/tei_openiti.rng" type="application/xml" schematypens="http://relaxng.org/ns/structure/1.0"?>
<?xml-model href="https://raw.githubusercontent.com/OpenITI/tei_openiti/master/tei_openiti.rng" type="application/xml" schematypens="http://purl.oclc.org/dsdl/schematron"?>
<TEI xmlns="http://www.tei-c.org/ns/1.0">
  <teiHeader>
    <fileDesc>
      <titleStmt>
        <title/>
      </titleStmt>
      <publicationStmt>
        <p/>
      </publicationStmt>
      <sourceDesc>
        <p/>
      </sourceDesc>
    </fileDesc>
    <profileDesc>
      <calendarDesc>
        <calendar xml:id="ah">
          <p>Anno Hegirae</p>
        </calendar>
      </calendarDesc>
    </profileDesc>
    <xenoData xml:space="preserve">
CREATED: 2024-04-12T12:30:29.607333+00:00
CREATED BY: eScriptorium vpassthistobuildcmd
IMAGE FILENAME: A121078-2108.tif
IMAGE WIDTH: 2322
IMAGE HEIGHT: 3824
</xenoData>
  </teiHeader>
  <text>
    <body>
      <div>
        <p>
          <lb/>104
          <lb/>Contra epistolandi modos Pontii &amp;amp; aliorum.! Contra
          <lb/>epistolas Caroli.! Commentaria de abusione linguae latinae
          <lb/>apud Germanos,... (14 lignes.)
          <lb/>HAEC DENVO SUNT ADDITA. (6 lignes.). INDEx COM¬
          <lb/>MENTARIORVM BEBELIANORVM.
          <lb/>Haec omnia sunt nouissime per auctorem recognita,
          <lb/>emen- data, &amp;amp; in multis locis, multisque uerbis aucta,
          <lb/>solique Schurerio commissa. An- no domini. M. D. XIII.
          <lb/>Die. IIIl. Men sis Maii.
          <lb/>A la fin: ARGentinae Mense Februario. M. D.XVI.
          <lb/>Au-dessous: Armoiries de Bebel.
          <lb/>In-4°, car, rom,, 14 ff. non ch., CLXVIII ff. ch., titre courant,
          <lb/>les lignes des pages sont numérotées par dizaine, 10, 20, 30, 40, en tout
          <lb/>42 à 43 lignes.
          <lb/>Au verso du titre: Ad... Principem Vdalricym Vuirten¬
          <lb/>bergensem... Epistola Henrici Bebelij... — Ex Tubinga
          <lb/>quarto Idus lulias. M.CCCCC. (3 pp.)
          <lb/>Fol. B-C: Index Commentariorum, (4 col.)
          <lb/>RI01.015(5). Prov.: BN Munich, 11I. 1877; sans indic. de prix.
          <lb/>Rel, anc. BN Paris, Rés. Z. 3096; Schmidt VIII, No 179; Bibl.
          <lb/>St. Guillaume, Strasbourg; GPB. Berlin, Gœttingue, Greifswald. Zapf,
          <lb/>Bebel p. 124-127.
          <lb/>174
          <lb/>BEBELIUS Henricus, Ars condendorum carminum. Voir: HEN¬
          <lb/>RICHMANN Iacobus, Grammaticae Institutiones 1517.
          <lb/>BEBELIUS Henricus
          <lb/>Strasbourg, H. Morhard, 1522.
          <lb/>ARS VERSIFICAN! DI, ET CARMINVM CONDENDO- I rum,
          <lb/>Cum quantitatibus syllabarum Henrici Bebelij Iustingensis,
          <lb/>Poetae Laureati.
          <lb/>Haec omnia denuo emendata sunt diligentissime, per
          <lb/>authorem ipsum! Cum additione nouissima plus quam
          <lb/>ducentarum dictionum, maxime graecarum, quae in usu
          <lb/>sunt apud lati- nos poetas, Ex Tubinga Pridie Calen¬
          <lb/>das Iulias. Anno M. D. XII.
          <lb/>Hexastichon Ioannis Hyphantici Vuissenhornensis,! in
          <lb/>absolutissimam traditionem Versi-ficandi artis Bebelij.
          <lb/>(3 distiques.)
          <lb/>DICTIONES GRAECAE, QVAS habet opusculum insertas,
          <lb/>cum elegantissimis characteribus &amp;amp; apicibus, accentiun¬
          <lb/>culis siue uocum moderamentis, quae in alijs impressio¬
          <lb/>nibus non reperies.
          <lb/>Alexandri Brassicani, (2 distiques.)
          <lb/>A la fin: ARGENTORATI APVD HVLDE- richum Morhar¬
          <lb/>dum, Mense Nouemb. Anno! M. D. XXII. (Verso blanc.)
        </p>
      </div>
    </body>
  </text>
</TEI>
