<?xml version='1.0' encoding='UTF-8'?>
<?xml-model href="https://raw.githubusercontent.com/OpenITI/tei_openiti/master/tei_openiti.rng" type="application/xml" schematypens="http://relaxng.org/ns/structure/1.0"?>
<?xml-model href="https://raw.githubusercontent.com/OpenITI/tei_openiti/master/tei_openiti.rng" type="application/xml" schematypens="http://purl.oclc.org/dsdl/schematron"?>
<TEI xmlns="http://www.tei-c.org/ns/1.0">
  <teiHeader>
    <fileDesc>
      <titleStmt>
        <title/>
      </titleStmt>
      <publicationStmt>
        <p/>
      </publicationStmt>
      <sourceDesc>
        <p/>
      </sourceDesc>
    </fileDesc>
    <profileDesc>
      <calendarDesc>
        <calendar xml:id="ah">
          <p>Anno Hegirae</p>
        </calendar>
      </calendarDesc>
    </profileDesc>
    <xenoData xml:space="preserve">
CREATED: 2024-04-12T12:30:31.935407+00:00
CREATED BY: eScriptorium vpassthistobuildcmd
IMAGE FILENAME: A121078-2179.tif
IMAGE WIDTH: 2286
IMAGE HEIGHT: 3828
</xenoData>
  </teiHeader>
  <text>
    <body>
      <div>
        <p>
          <lb/>Schott : Bande supérieure, un feston; bandes latérales, ornements (ins¬
          <lb/>truments de musique, trophées d’armes); bande inférieure, deux enfants
          <lb/>qui se querellent; aux deux extrémités deux autres enfants tenant
          <lb/>chacun le jouet, dit moulin à vent; celui de gauche a une sorte de cui¬
          <lb/>rasse et sonne de la trompette.
          <lb/>Au verso du titre: An ein gemeyne Christliche versam¬
          <lb/>lung. Otho Brunnfelsz... — Geben zû Newen burg im
          <lb/>Breiszgaw Simonis et Jude. Anno. M. d. xxiij.
          <lb/>R 101.945. Prov. : Bibl. Cunitz, 1886.
          <lb/>Schmidt II, No 79 d’après son exemplaire. Roth, loco citato No 5
          <lb/>met entre parenthèses par erreur: (Oppenheim 1523) et donne comme
          <lb/>exemplaires: Bâle, Meiningen, Munich, Berlin. GPB: Berlin, Kœnigs-
          <lb/>berg BU.
          <lb/>273
          <lb/>BRUNFELS Otto
          <lb/>[Strasbourg, J. Schott, ] 1524.
          <lb/>175
          <lb/>Mon dem Pfafsen Z eben
          <lb/>den Dunoert pnnõ
          <lb/>3roen pno fyer¬
          <lb/>tic
          <lb/>Bcbluffreden.
          <lb/>Durch Othonem Bruñfetf.
        </p>
      </div>
    </body>
  </text>
</TEI>
