<?xml version='1.0' encoding='UTF-8'?>
<?xml-model href="https://raw.githubusercontent.com/OpenITI/tei_openiti/master/tei_openiti.rng" type="application/xml" schematypens="http://relaxng.org/ns/structure/1.0"?>
<?xml-model href="https://raw.githubusercontent.com/OpenITI/tei_openiti/master/tei_openiti.rng" type="application/xml" schematypens="http://purl.oclc.org/dsdl/schematron"?>
<TEI xmlns="http://www.tei-c.org/ns/1.0">
  <teiHeader>
    <fileDesc>
      <titleStmt>
        <title/>
      </titleStmt>
      <publicationStmt>
        <p/>
      </publicationStmt>
      <sourceDesc>
        <p/>
      </sourceDesc>
    </fileDesc>
    <profileDesc>
      <calendarDesc>
        <calendar xml:id="ah">
          <p>Anno Hegirae</p>
        </calendar>
      </calendarDesc>
    </profileDesc>
    <xenoData xml:space="preserve">
CREATED: 2024-04-12T12:30:31.493503+00:00
CREATED BY: eScriptorium vpassthistobuildcmd
IMAGE FILENAME: A121078-2164.tif
IMAGE WIDTH: 2296
IMAGE HEIGHT: 3828
</xenoData>
  </teiHeader>
  <text>
    <body>
      <div>
        <p>
          <lb/>160
          <lb/>BRASSICANUS Johannes
          <lb/>Strasbourg, J. Prüss père, 1509.
          <lb/>Institutiones grammaticae IOANNIS BRASSICANI TVBIN¬
          <lb/>GEN SIS PEDOTRIBAE, STVDIOSIS DENVO EXARATAE.
          <lb/>Haec notula &amp;amp; huic libello inserta te in vocabularii
          <lb/>(Schmidt dit vocabularium) Ioannis Altenstaig Mindelheimensis
          <lb/>super gram- matieis voculis aeditum, plane dirigit: ad
          <lb/>ta! lium vocum interpretationem dignoscendam.! Liber
          <lb/>de se. (2 distiques.)
          <lb/>Vdalrici rustici concionatoris Nurtingensis Distichon.
          <lb/>A la fin: Denuo transscriptus est hic codex opera
          <lb/>Ioannis Prüsz chalcographi Argentini: inina zum
          <lb/>Thiergarten, xiiij. kal. Ia- nuarij: Anno salutis M.CCCCC.IX.
          <lb/>(Verso blanc.)
          <lb/>In-40, car, rom, 4 ff. non ch., CXV ff. ch. et 1 non ch., titre
          <lb/>courant, initiales ornées G, I. S.
          <lb/>Au verso du titre: Ad... comitem Ioannem de Salm
          <lb/>Ioannis Brassicani epistola.... Die XVi. kalendas Martias.
          <lb/>(4 pages.)
          <lb/>fol. 3a non ch.: Ioannis Brassicani ad librum Phaleuticon.
          <lb/>(20 vers.) Suivent 3 pages à 2 col. (Index).
          <lb/>fol. 4b non ch.: BEBELIVS AD BRASSICANVM, (5 distiques.)
          <lb/>R101.565.(2) Prov.: Fidelis Butsch fils, antiquaire à Augsbourg,
          <lb/>1871.
          <lb/>Schmidt III, p. 22, No 74: Jadis Bibl. de Strasbourg, Incun.
          <lb/>n° 1196a; GPB: Berlin SB.
          <lb/>251
          <lb/>BRASSICANUS Johannes
          <lb/>Strasbourg, Math. Schürer, 1512.
          <lb/>Grammaticae institutiones IOANNIS BRASSICANI TVBIN¬
          <lb/>GEN SIS PAEDOTRIBE CUM QVAN TITATIBUS BEBELIANIS
          <lb/>EXAMVSSIM ABSO LVTISSIMIS. Liber de se. (2 distiques latins).
          <lb/>In osores (1 distique) et en outre 1 distique d’Udalrique Rusticus.
          <lb/>A la fin: Ex Aedibus Schurerianis Mense Augusto.
          <lb/>Anno. M. D. XII.
          <lb/>In-4°, car, rom., 10 ff. non ch. (titre, préface de l’auteur à Jean
          <lb/>de Salm, table), CXXII ff. ch., verso du dernier blanc, titre courant,
          <lb/>init, d’attente.
          <lb/>R 101.570. Prov.: BN Munich, 28.XII.1883.
          <lb/>Proctor II, Sectio I N° 10200: Londres, British Museum;
          <lb/>Schmidt VIII, No 83: Bibl. St. Guillaume, Strasbourg.
          <lb/>252
        </p>
      </div>
    </body>
  </text>
</TEI>
