<?xml version='1.0' encoding='UTF-8'?>
<?xml-model href="https://raw.githubusercontent.com/OpenITI/tei_openiti/master/tei_openiti.rng" type="application/xml" schematypens="http://relaxng.org/ns/structure/1.0"?>
<?xml-model href="https://raw.githubusercontent.com/OpenITI/tei_openiti/master/tei_openiti.rng" type="application/xml" schematypens="http://purl.oclc.org/dsdl/schematron"?>
<TEI xmlns="http://www.tei-c.org/ns/1.0">
  <teiHeader>
    <fileDesc>
      <titleStmt>
        <title/>
      </titleStmt>
      <publicationStmt>
        <p/>
      </publicationStmt>
      <sourceDesc>
        <p/>
      </sourceDesc>
    </fileDesc>
    <profileDesc>
      <calendarDesc>
        <calendar xml:id="ah">
          <p>Anno Hegirae</p>
        </calendar>
      </calendarDesc>
    </profileDesc>
    <xenoData xml:space="preserve">
CREATED: 2024-04-12T12:30:39.206171+00:00
CREATED BY: eScriptorium vpassthistobuildcmd
IMAGE FILENAME: A121078-2435.tif
IMAGE WIDTH: 2386
IMAGE HEIGHT: 3822
</xenoData>
  </teiHeader>
  <text>
    <body>
      <div>
        <p>
          <lb/>DIETENBERGER Johannes
          <lb/>[Strasbourg, J. Grüninger) 1524
          <lb/>Christliche vnderweisung, wie man gotes heili¬
          <lb/>gen in dem hymmel an rüffen, vnd das heil thum auff
          <lb/>erden Eeren soll. Jo. Dytenberger 1524.
          <lb/>est probablement une faute d’impression; de même il n’y a pas de petit
          <lb/>A la fin: 1524 et non 1514 comme dit Schmidt I, N° 218, 1514
          <lb/>écusson au-dessous dans mon exemplaire, comme Schmidt le prétend.
          <lb/>In-40, car. goth., 24 ff. non ch., sign. E-I, notes marginales, titre
          <lb/>encadré de 4 pièces d’ornement, la pièce latérale de droite contient 5 génies
          <lb/>nus l’un sur l’autre, chaque page a une bordure; initiales ornées A, W, D.
          <lb/>Au verso du titre: Dem achtbarn ersamen weysen, meins.
          <lb/>G. H. von Trier Secretan en her Peter meyer der lobli¬
          <lb/>chen stat Cobelentz! Schuldtheisz, seinem wolgünstigen
          <lb/>lieben hern. Entbeut brûder Johann Dytenberger! seinen
          <lb/>früntlichen grûsz... — geben zû Frank 1524 (Feuille de lierre.)
          <lb/>fol. 2b : Vorred Johannes Dytemberger.
          <lb/>R 100.237. Prov : Breslauer, Berlin, 4/III. 1914, 112 M. 50.
          <lb/>Schmidt I, 218 dit sign. A-I, il manquerait dans mon exemplaire
          <lb/>les sign. A-D, mais la préface du fol. ijb semble continuer fol. Ea.
          <lb/>Schmidt l’attribue à Grüninger, il cite l’exemplaire du Musée
          <lb/>germanique de Nuremberg; malheureusement il ne signale pas le nom¬
          <lb/>bre des ff.
          <lb/>Weller, 2852 dit aussi 24 ff., sign. E-I. (Strassburg, Joh. Grü¬
          <lb/>ninger.)
          <lb/>648
          <lb/>431
          <lb/>DIETENBERGER Johannes
          <lb/>Strasbourg, (J. Grüninger)] 1524
          <lb/>Der Bauer.Obe die christen mügen durch iere
          <lb/>gû- ten werck das hy-melreich ver- dienen. Johan¬
          <lb/>nes dietemberger. Galatas. vj. (6 lignes.)
          <lb/>A la fin: Getruckt vff des heiligen Crütz findung abent.
          <lb/>Jm iar 1524.
          <lb/>In-40, car. goth., 18 ff. non ch. dont le dernier blanc, notes mar¬
          <lb/>ginales, initiales ornées W, B, titre encadré de 4 lignes doubles qui se
          <lb/>croisent à angles droits.
          <lb/>Au verso du titre: Dem wirdigen vatter Antonio Spend
          <lb/>selig Lectori der heiligen Schrifft, Prediger Or dens zû
          <lb/>Costentz &amp;amp; Jo. Cochleus... Geben zû Franck. am 17. tag
          <lb/>sep. im 1523 iar.
        </p>
      </div>
    </body>
  </text>
</TEI>
