<?xml version='1.0' encoding='UTF-8'?>
<?xml-model href="https://raw.githubusercontent.com/OpenITI/tei_openiti/master/tei_openiti.rng" type="application/xml" schematypens="http://relaxng.org/ns/structure/1.0"?>
<?xml-model href="https://raw.githubusercontent.com/OpenITI/tei_openiti/master/tei_openiti.rng" type="application/xml" schematypens="http://purl.oclc.org/dsdl/schematron"?>
<TEI xmlns="http://www.tei-c.org/ns/1.0">
  <teiHeader>
    <fileDesc>
      <titleStmt>
        <title/>
      </titleStmt>
      <publicationStmt>
        <p/>
      </publicationStmt>
      <sourceDesc>
        <p/>
      </sourceDesc>
    </fileDesc>
    <profileDesc>
      <calendarDesc>
        <calendar xml:id="ah">
          <p>Anno Hegirae</p>
        </calendar>
      </calendarDesc>
    </profileDesc>
    <xenoData xml:space="preserve">
CREATED: 2024-04-12T12:30:30.132708+00:00
CREATED BY: eScriptorium vpassthistobuildcmd
IMAGE FILENAME: A121078-2126.tif
IMAGE WIDTH: 2308
IMAGE HEIGHT: 3828
</xenoData>
  </teiHeader>
  <text>
    <body>
      <div>
        <p>
          <lb/>122
          <lb/>elis biel Spiren. sacre theolo gie Licen tiati. Dominice
          <lb/>singule habent duos sermones. Sermo de fugienda peste
          <lb/>per modus que stionis latissime patens Fol. exliiij.
          <lb/>Defensorium obedientie pontificis ad ec- clesiam Ro¬
          <lb/>manam Fol, cliij, (Verso blanc.)
          <lb/>A la fin des Sermones hyemales fol. CLXVI: Impensis circum¬
          <lb/>specti viri Joannis Rynman de Oringau archibibliopole.
          <lb/>In officina industrij Henrici Gran, in imperiali oppido Ha¬
          <lb/>genaw ciuis. Anno... M. D. XIX. tertia die mensis octobris.
          <lb/>La pagination continue jusqu’à fol. CCXCIII mais avec un nou¬
          <lb/>veau titre encadré (HEB semblable à Planche LXVI, No 3 mais plus
          <lb/>grand et les bandes latérales interverties, celle de gauche est à droite
          <lb/>et celle de droite est à gauche): De festiuitatibus Christi Ser¬
          <lb/>mones spe- ctabilis viri Gabrie- lis Biel...
          <lb/>L’exemplaire que j&amp;#x27;ai est incomplet, il cesse fol. COXCIII verso
          <lb/>avec les mots: Sequuntur nunc! Sermones de festiuitatibus
          <lb/>beate Marie virginis.
          <lb/>In-4°, car. goth., 2 col., 10 ff. non ch. — COXCHII ff. ch. dont
          <lb/>CLXVI pour les Sermones hiemales; de fol. CLXVII-CCXCIII les
          <lb/>sermons pour les jours de fête; les sermons pour les fêtes de la Ste Vierge
          <lb/>manquent dans mon exemplaire, titre courant, initiale ornée E; titres en¬
          <lb/>cadrés. (H a B Planche LXVI, NO 3; avec la variante que les bandes
          <lb/>latérales sont interverties.)
          <lb/>R101.338. Prov.: Bibl. Ch. Schmidt (I0/IV. 1895.) (avee son
          <lb/>autographe et la date : Avril 1839 (Paris); au recto du titre on lit:
          <lb/>Le Geay Rhemensis Augustinianus me habet.
          <lb/>BN Paris, Rés. D. 6554. GPB: Greifswald.
          <lb/>204
          <lb/>BIGA SALUTIS. Voir: MICHAEL DE UNGARIA.
          <lb/>BIGUS PICTORIUS Ludovicus. Voir: PICTORIUS, Ludovicus.
          <lb/>BILLICANUS Theobaldus. Voir: GERLACHER Theob.
          <lb/>BIRCK Sixte
          <lb/>Strasbourg, A. Bertram, 1585.
          <lb/>IVDITH, DRAMA COMICO TRAGICVM : SPECIMEN CON¬
          <lb/>TINENS FIRMISSIMI CIVITATIS! praesidij: Autore Xysto! Be¬
          <lb/>tuleio.
          <lb/>Pro Argentinensi Academia, &amp;amp; nouo Theatro.
          <lb/>Marque typogr. d’Ant. Bertram. (HEB Planche XLIV, NO I;
          <lb/>Silvestre, N° 1023.)
          <lb/>In-8°, car. ital., pour les tîtres car, rom., 58 ff. non ch., sign. 4-G,
          <lb/>réclames, quelques petites initiales ornées.
          <lb/>R 100.087. Prov.: Bibliothèque Heitz.
          <lb/>205
        </p>
      </div>
    </body>
  </text>
</TEI>
