<?xml version='1.0' encoding='UTF-8'?>
<?xml-model href="https://raw.githubusercontent.com/OpenITI/tei_openiti/master/tei_openiti.rng" type="application/xml" schematypens="http://relaxng.org/ns/structure/1.0"?>
<?xml-model href="https://raw.githubusercontent.com/OpenITI/tei_openiti/master/tei_openiti.rng" type="application/xml" schematypens="http://purl.oclc.org/dsdl/schematron"?>
<TEI xmlns="http://www.tei-c.org/ns/1.0">
  <teiHeader>
    <fileDesc>
      <titleStmt>
        <title/>
      </titleStmt>
      <publicationStmt>
        <p/>
      </publicationStmt>
      <sourceDesc>
        <p/>
      </sourceDesc>
    </fileDesc>
    <profileDesc>
      <calendarDesc>
        <calendar xml:id="ah">
          <p>Anno Hegirae</p>
        </calendar>
      </calendarDesc>
    </profileDesc>
    <xenoData xml:space="preserve">
CREATED: 2024-04-12T12:30:28.648339+00:00
CREATED BY: eScriptorium vpassthistobuildcmd
IMAGE FILENAME: A121078-2078.tif
IMAGE WIDTH: 2346
IMAGE HEIGHT: 3826
</xenoData>
  </teiHeader>
  <text>
    <body>
      <div>
        <p>
          <lb/>74
          <lb/>2e ex. *R101114C). Pror.: Don de F. Butsch fils, antiquaire
          <lb/>à Augsbourg, 1871.
          <lb/>3e ex. R 101.013. (2). Prov.: Bibl. Ch. Schmidt, qui l’a acheté
          <lb/>en 1880 chez Butsch. Avec la faute 1402; tandisque les 2 premiers
          <lb/>ne l’ont pas.
          <lb/>BM. Strasbourg. J 443 avec la faute 1402.
          <lb/>Schmidt II, No 7: Jadis Bibl. de Strasbourg, Incun. No 626 et
          <lb/>son exemplaire. GPB: Berlin SB.
          <lb/>128
          <lb/>Strasbourg, J. Prüss père, 1503.
          <lb/>BAPTISTA Mantuanus
          <lb/>F. Baptiste Mantuani,) Bucolica Seu adolescentia in
          <lb/>decem aeglogas diuisa. Ab Jodoco Badio Ascensio familia¬
          <lb/>riter exposita cum indice dictionum.
          <lb/>Carmen eiusdem de sancto Johanne Baptista Carmen
          <lb/>Saphicum Hermanni Buschij de contemnendo! mundo...
          <lb/>(gravure sur bois: Armoiries de Strasbourg.) Verso blanc.
          <lb/>A la fin: Impressum Argentinae Impensis honesti Jo¬
          <lb/>hannis Prusz. X. Kal. Aprilis; Anno. M. D. iij.
          <lb/>In-40, ear, rom., 8 ff. non ch. — LXXXIV ff. ch. — 3 ff. non ch.;
          <lb/>comme le numérotage commence avec f. III, il n’y a que 82 ff. ch., titre
          <lb/>courant, notes marginales.
          <lb/>*R101003. Prov, inconnue.
          <lb/>Proctor II, Sectio I, N° 9967: Londres, British Museum; Schmidt
          <lb/>III, No 39: Bâle. GPB: Berlin SB, Breslau UB, Münster UB. 129
          <lb/>BAPTISTA Mantuanus
          <lb/>Strasbourg, J. Prüss père, 1504.
          <lb/>F. Baptiste Mantuani! Bucolica seu adolescentia in
          <lb/>decem aeglogas diuisa. Ab Jodoco Badio Ascensio fa¬
          <lb/>miliari! ter exposita: cum indice dictionum.! Carmen eius¬
          <lb/>dem de sancto Johanne BaptistaDialogus eiusdem de
          <lb/>vita beata.! In Aeglogas Mantuani Decatosticon! omnium
          <lb/>earum argumenta complectens: Joannis Gallinarij Budo¬
          <lb/>rini. (5 distiques.)
          <lb/>A la fin: Impressum Argentinae per ho- nestum Johan¬
          <lb/>nem PrüsCiuem Argentin. In aedibus zum Thier
          <lb/>garten. Anno M. CCCCC. IIII. (Verso blanc).
          <lb/>In-4°, car. rom., 6 ff. non ch., 80 ff. ch. et 26 ff. non ch., sign.
          <lb/>A-T., titre courant, notes marginales.
          <lb/>Au verso du titre: Inventarium hujus operis.
          <lb/>fol. A 5a non ch. Thomas Wolfius Junior Jacabo wym
          <lb/>phelingio... - Argentinae cursim ex aedibus nostris sexto
          <lb/>Kalen. Martij,
          <lb/>Anno Christi M. CCCCCIII, puis Jacobus
        </p>
      </div>
    </body>
  </text>
</TEI>
