<?xml version='1.0' encoding='UTF-8'?>
<?xml-model href="https://raw.githubusercontent.com/OpenITI/tei_openiti/master/tei_openiti.rng" type="application/xml" schematypens="http://relaxng.org/ns/structure/1.0"?>
<?xml-model href="https://raw.githubusercontent.com/OpenITI/tei_openiti/master/tei_openiti.rng" type="application/xml" schematypens="http://purl.oclc.org/dsdl/schematron"?>
<TEI xmlns="http://www.tei-c.org/ns/1.0">
  <teiHeader>
    <fileDesc>
      <titleStmt>
        <title/>
      </titleStmt>
      <publicationStmt>
        <p/>
      </publicationStmt>
      <sourceDesc>
        <p/>
      </sourceDesc>
    </fileDesc>
    <profileDesc>
      <calendarDesc>
        <calendar xml:id="ah">
          <p>Anno Hegirae</p>
        </calendar>
      </calendarDesc>
    </profileDesc>
    <xenoData xml:space="preserve">
CREATED: 2024-04-12T12:30:27.739879+00:00
CREATED BY: eScriptorium vpassthistobuildcmd
IMAGE FILENAME: A121078-2050.tif
IMAGE WIDTH: 2360
IMAGE HEIGHT: 3828
</xenoData>
  </teiHeader>
  <text>
    <body>
      <div>
        <p>
          <lb/>46
          <lb/>In-8°, car. grecs et ital, ’8 ff. non ch. dont le dernier blanc, 429 ff.
          <lb/>ch., 3 ff. non ch. (Index), titre courant, réclames, notes marg., initiales
          <lb/>ornées; texte grec dans l’une et traduction latine dans l’autre colonne,
          <lb/>après chaque chapitre, Scholia en lat.
          <lb/>Au verso du titre: Ad Zoilum. (4 distiques de Michael Toxites.)
          <lb/>Fol. 2a non ch.: ... Consulibus, &amp;amp; vniuer- so ordini Sena¬
          <lb/>torio Reipub. Reginae Hra- deczij ad Albim, in regno
          <lb/>Boiemiae... Joannes Cocinus Pisecensis Boiemus, S. P. D.
          <lb/>... — Argen- torati VII. Jdus Martij. Anno 1570. (Préface de 6ff.)
          <lb/>Ri01.837. Prov.: E. Nolte, Bonn, 20/xII, 1882, 1 M. 50.
          <lb/>Notes mess. Au milieu du titre: «Ex libris Laurentii Scheiir¬
          <lb/>lin Ulmensis Emptus Argentinae... anno 1576.»
          <lb/>81
          <lb/>ARISTOTELES
          <lb/>Strasbourg, L. Zetzner, 1598.
          <lb/>ARISTOTELIS ] FLORVM ILLVSTRI-ORVM EX VNIVERSA
          <lb/>EIVS PHILOSOPHIA COLLECTORVM, &amp;amp; ad certa quaedam
          <lb/>capita reuocato-[rum, libri tres:! AvTORE Jacobo Bou¬
          <lb/>chereau Parisino. OMNIA NVNC CORRECTIORA! &amp;amp; auctiora
          <lb/>edita, opera! Joannis Ludouici Hauuenreuteri.
          <lb/>Marque typ. de L Zetzner. (H&amp;amp; B Planche XLIX, N° 21), avec
          <lb/>la devise «Scientia immutabilis.»
          <lb/>ARGENTINAE. Jmpensis Lazari Zetzneri Bibliopolae
          <lb/>Argentinensis. 1 M. D. XCVIII, (Verso blanc.)
          <lb/>in-90, car. rom. et ital., 12 ff. non ch. 794 pp. ch., 6 ff. non ch.
          <lb/>(Index à 2 col.), titre courant, réclames, notes marg., init, ornées.
          <lb/>Fol. 2a non ch.: AD GENEROSVM DOMINVM, D. VICTO( rem
          <lb/>ab Althan, Goltburgium, Muer &amp;amp; Kirchenstatensem Libe¬
          <lb/>rum Baro-nem, JOANN. LVDOVICI HAWENREVTERI. ... —
          <lb/>Argentorati Calend. Septemb. Anno Christi CIDIDXXCIV. (3F.)
          <lb/>Fol, 5a non ch.:... Nicolao Peleuaeo Ambianensi Epis¬
          <lb/>copo,! Jacobus Bouchereau S.... — Datum! Lutetiae, Jdi¬
          <lb/>bus Nouemb. è Re-gio Nauarrae Gymnasio. (Epistola nun¬
          <lb/>cupatoria, 7 ff.)
          <lb/>Au-dessous: JACOBI BOVCHEREI! Epigramma, ad Lectorem.
          <lb/>(7 distiques.)
          <lb/>R 101.838. Prov.: Don du baron de Dörnberg, 1890. Notes mes.
          <lb/>au bas du titre: «Ludovicus à Doringenbergk anno 1602.» 82
          <lb/>ARISTOTELES, Problamata. Voir: VALLA G., Strasboura, H. Subold
          <lb/>115291 et 1530.
          <lb/>ARNALDUS DE VILLA NOVA. Voir: VILLANOVA Arnaldus de
        </p>
      </div>
    </body>
  </text>
</TEI>
