<?xml version='1.0' encoding='UTF-8'?>
<?xml-model href="https://raw.githubusercontent.com/OpenITI/tei_openiti/master/tei_openiti.rng" type="application/xml" schematypens="http://relaxng.org/ns/structure/1.0"?>
<?xml-model href="https://raw.githubusercontent.com/OpenITI/tei_openiti/master/tei_openiti.rng" type="application/xml" schematypens="http://purl.oclc.org/dsdl/schematron"?>
<TEI xmlns="http://www.tei-c.org/ns/1.0">
  <teiHeader>
    <fileDesc>
      <titleStmt>
        <title/>
      </titleStmt>
      <publicationStmt>
        <p/>
      </publicationStmt>
      <sourceDesc>
        <p/>
      </sourceDesc>
    </fileDesc>
    <profileDesc>
      <calendarDesc>
        <calendar xml:id="ah">
          <p>Anno Hegirae</p>
        </calendar>
      </calendarDesc>
    </profileDesc>
    <xenoData xml:space="preserve">
CREATED: 2024-04-12T12:30:37.171168+00:00
CREATED BY: eScriptorium vpassthistobuildcmd
IMAGE FILENAME: A121078-2360.tif
IMAGE WIDTH: 2342
IMAGE HEIGHT: 3824
</xenoData>
  </teiHeader>
  <text>
    <body>
      <div>
        <p>
          <lb/>356
          <lb/>France.
          <lb/>Au verso du titre: texte des privilèges de l’empereur et du roi de
          <lb/>ERRIÇO Memmio... — Lutetia, a. d. Kalendas Mart. Anno...
          <lb/>fol. a 2a non ch.: (Bande d’ornement) DIONYS. LAMBINVS
          <lb/>CID.ID.LXVI. (Préface de 8 pages et demie en car, rom.)
          <lb/>lito lectori.. — a. d. Kalendas Martias anno. CIO.ID.LXVI.
          <lb/>fol. a 6a non ch.: IDEM ERVDITO, ET  HVMANITATE Po¬
          <lb/>(11 p.
          <lb/>fol. B 3b non ch.: M. T. CICERONIS PA-TRIA, GENVS, IN¬
          <lb/>GENIVM, STV- DIA, DOCTRINA, MORES, VITA... à Dionysio
          <lb/>Lambino collecta. AD CAROLVM IX. FRANCIAE! Regem...—
          <lb/>Lutetiae a. d. x. Kalendas Mart, anno, CIO.ID.LXVI. (25 p.)
          <lb/>Suivent des vers grecs et latins sur Cicéron de différents auteurs. (7 p.)
          <lb/>fol. 0 5a: EORVM QVI ANTE DIONYS. Lambinum in emen¬
          <lb/>dando Cicerone aliquid ! operae posuerunt... (3 p.)
          <lb/>fol. 8 6b: ORDO, ET NVMERVS OMNIVM M. TVLLH CICE¬
          <lb/>RONIS! Opervm. (Contenu de chacun des 9 volumes, 4 p.)
          <lb/>IVol. 111: ORATIONVM M. T. CICERONIS, VOLVMEN
          <lb/>PRIMVM. EX EMENDATIONE DIO-nysii! Lambini. Omnia
          <lb/>&amp;amp; paginarum &amp;amp; versuum numero, atque! longitudine op¬
          <lb/>timis editionibus respondent.
          <lb/>Marque typ. de J. Rihel. (H e B, Planche XXXII, NO 14.)
          <lb/>CvM Priuilegijs Caesareae Mtis &amp;amp; Regis Galliae.
          <lb/>ARGENTORATI Impensis Iosiae Rihelij, &amp;amp; Iacobi Du¬
          <lb/>puys. M. D. LXXXI. (Verso blanc.)
          <lb/>In-8°, car. ital., 2 ff. non ch., 305 ff. ch., 1 f. blanc, 64 ff. non
          <lb/>ch. (annotations de Lambinus et Index); titre courant, réclames, notes
          <lb/>marginales, initiales ornées.
          <lb/>Au verso du titre: Typographus Lectori S.P.... — Ar¬
          <lb/>gentorati M. D. LXXXI.
          <lb/>(Vol. III) manque.
          <lb/>(Vol. IVI: ORATIONVM M. T. CICERONIS, VOLVMEN III.
          <lb/>EX EMENDATIONE DIONYSH LAMBINI.
          <lb/>Marque typ. de Dupuys et Rihel, (HEB, Planche XXXIII,
          <lb/>No 1.
          <lb/>CvM Priuilegijs Caesareae Mtis.Regis Galliae.
          <lb/>ARGENTORATI Impensis Iacobi Dupuys, &amp;amp; lIosiae
          <lb/>Rihelij. M. D. LXXXI.
        </p>
      </div>
    </body>
  </text>
</TEI>
