<?xml version='1.0' encoding='UTF-8'?>
<?xml-model href="https://raw.githubusercontent.com/OpenITI/tei_openiti/master/tei_openiti.rng" type="application/xml" schematypens="http://relaxng.org/ns/structure/1.0"?>
<?xml-model href="https://raw.githubusercontent.com/OpenITI/tei_openiti/master/tei_openiti.rng" type="application/xml" schematypens="http://purl.oclc.org/dsdl/schematron"?>
<TEI xmlns="http://www.tei-c.org/ns/1.0">
  <teiHeader>
    <fileDesc>
      <titleStmt>
        <title/>
      </titleStmt>
      <publicationStmt>
        <p/>
      </publicationStmt>
      <sourceDesc>
        <p/>
      </sourceDesc>
    </fileDesc>
    <profileDesc>
      <calendarDesc>
        <calendar xml:id="ah">
          <p>Anno Hegirae</p>
        </calendar>
      </calendarDesc>
    </profileDesc>
    <xenoData xml:space="preserve">
CREATED: 2024-04-12T12:30:38.048582+00:00
CREATED BY: eScriptorium vpassthistobuildcmd
IMAGE FILENAME: A121078-2392.tif
IMAGE WIDTH: 2374
IMAGE HEIGHT: 3824
</xenoData>
  </teiHeader>
  <text>
    <body>
      <div>
        <p>
          <lb/>388
          <lb/>Gotslesterns, Schwerens... ernstlich durch vnsere offene
          <lb/>vszgangne man- daten verpotten... So sind wir die vorausz
          <lb/>gangne Mandaten nach folgender masz zu erneüern...
          <lb/>R22(11) Prov.: Collection Heitz, Strasbourg, 1871.
          <lb/>579
          <lb/>GPB: BN Berlin, BU Halle.
          <lb/>CONSTITUTION
          <lb/>[Strasbourg, 1 1552.
          <lb/>Constitution vnd Satzung eines löblichen Rahts der
          <lb/>Freyen Statt Straszburg, wie es mit dem Vngeerbten
          <lb/>Auszgohn hinfürter gehalten werden soll.
          <lb/>Armoiries de la ville de Strasbourg. (Verso blanc.)
          <lb/>A la fin: Geben den Ersten Octobris, im Jar nach
          <lb/>Christi vnsers! Seligmachers geburt, Taussent, Fünffhun¬
          <lb/>dert, Fünfftzig vnnd Zwey.
          <lb/>In-fol., car. goth., 4 ff. non ch., sign. A, titre courant, réclames,
          <lb/>initiale goth. W.
          <lb/>fol. A 2a: WJR Hiltprand! von Mülheim der Meister
          <lb/>vnd der Raht zû Straszburg, Thûnd kund menigklich
          <lb/>mit diser vnser Satzung vnd erkandtnus, Das demnach
          <lb/>sich ein grosser miszbrauch biszhero allhie inn der Statt
          <lb/>Straszburg erhalten, so jemanden vngeerbt ausz- gehen
          <lb/>wöllen...
          <lb/>R76. Prov.: Don de la RU Gœttingue 1872.
          <lb/>2 ex.: R 77. Prov. inconnue.
          <lb/>GPB: BU Gœttingue.
          <lb/>580
          <lb/>CONSTITUTION
          <lb/>[Strasbourgl 1552.
          <lb/>Constitution und Satzung Eines Löblichen Raths der
          <lb/>Freyen Statt Straszburg, Wie es mit dem Ungeerbten
          <lb/>Ausgehen hinfüro gehalten werden soll.
          <lb/>Armoiries de la ville de Strasbourg.
          <lb/>ANNO! M. D. LII. (Verso blanc.)
          <lb/>A la fin: Geben den Ersten Octobris, im Jahr nach
          <lb/>Christi unsers Seligmachers Geburt, Tausend Fünfhundert
          <lb/>Fünfzig vnd zwey. (Vignette).
          <lb/>In-fol., car. goth., 8 pages ch., titre courant, réclames, initiale
          <lb/>goth. W.
          <lb/>R 78. Prov. inconnue.
          <lb/>GPB: BN Berlin, BU Gœttingue.
          <lb/>581
        </p>
      </div>
    </body>
  </text>
</TEI>
