<?xml version='1.0' encoding='UTF-8'?>
<?xml-model href="https://raw.githubusercontent.com/OpenITI/tei_openiti/master/tei_openiti.rng" type="application/xml" schematypens="http://relaxng.org/ns/structure/1.0"?>
<?xml-model href="https://raw.githubusercontent.com/OpenITI/tei_openiti/master/tei_openiti.rng" type="application/xml" schematypens="http://purl.oclc.org/dsdl/schematron"?>
<TEI xmlns="http://www.tei-c.org/ns/1.0">
  <teiHeader>
    <fileDesc>
      <titleStmt>
        <title/>
      </titleStmt>
      <publicationStmt>
        <p/>
      </publicationStmt>
      <sourceDesc>
        <p/>
      </sourceDesc>
    </fileDesc>
    <profileDesc>
      <calendarDesc>
        <calendar xml:id="ah">
          <p>Anno Hegirae</p>
        </calendar>
      </calendarDesc>
    </profileDesc>
    <xenoData xml:space="preserve">
CREATED: 2024-04-12T12:30:33.188140+00:00
CREATED BY: eScriptorium vpassthistobuildcmd
IMAGE FILENAME: A121078-2219.tif
IMAGE WIDTH: 2292
IMAGE HEIGHT: 3822
</xenoData>
  </teiHeader>
  <text>
    <body>
      <div>
        <p>
          <lb/>mitt einer vorgenden Epistel, an ein lobliche fürnaeme,
          <lb/>Eid gnoschafft (!), schickt ich das bûch zû, dem Erwirdi¬
          <lb/>gen vnd wol gelerten herren M. Hieronimus blotzhein
          <lb/>vff der Thûm zà Basel verpfrüendt (vnd ist disz ge- schehen
          <lb/>jm xxiij jar die wil ich noch zû Bremgarten Schûlmeister
          <lb/>was) das er es schüeffe zû trucken, aber es möcht nit
          <lb/>sin es wollts keiner an nemen, es woren kein Platentia
          <lb/>darin, dar noch jm xxiiij jar hab ichs! gon Constentz
          <lb/>geschickt, do wolt mans ouch nit an nemen! Darnoch jm
          <lb/>XXV jar schickt ichs gon friburg, do wolts ouch nit gon,
          <lb/>der trucker clagt sich es wer im zû grosz,! also hab ichs
          <lb/>niergent moegen vnderbringen. Nûn zûm letsten hab ichs
          <lb/>geteilt (das bûch) vnnd noch minem vermögen für vnd
          <lb/>für gebessert, vnd etliche vor pfin- gsten einem vffgeben,
          <lb/>dar inen ein meister, ein liebhaber des göttlichen worts
          <lb/>vnd der gerechtigkeit vszgangen hatt, Gott gebe im den
          <lb/>lon so er es des am meisten notur- fftig wirdt sin Vnd
          <lb/>verhoff also, dem vnpartigischen Leser, die artickel (so
          <lb/>ich jn zehen büechlin hab vszlos- sen gon) mit gnûgsa¬
          <lb/>mer geschrifft dar don han, vnd ob aber etwar wider
          <lb/>mich schriben würde, vnd ich nit! vlends antwurte, sol
          <lb/>sich niemant für mich lossen be- langen (die wil mir Gott
          <lb/>gesuntheit verlyhen wirdt) dan ein schûlmeister (vor vsz
          <lb/>vff einer styfft) nit sein selbs alweg gewaltig ist, in sinen
          <lb/>geschefften zûhandlen ouch mir der truck vast wyt von
          <lb/>der handt, So hab! ich ouch gar niemant der mir weder
          <lb/>an arbeit, noch an kosten oder gelt Hilff thüe, vnd ob
          <lb/>es schon vmb wenig were Aber nüt döster minder wil
          <lb/>ich mit der zyt alweg, dapffer antworten vnd mich we¬
          <lb/>ren bisz an min end, mit dem schwert des göttlichen
          <lb/>worts... vnd ob in etwas fal gejret, vnnd geschriben
          <lb/>hette, daz wider haltung, ordnung, verstand sin, oder
          <lb/>meinung were der heiligen Cristenlichen kirchen, will! ich
          <lb/>hie mit solichs wider rüefft haben, sol mir ouch nit! an¬
          <lb/>ders sein, dan als ob ichs nit geschriben hette, dan! die
          <lb/>wil die heilig Cristenlich kirch (in den dingen so z6 dem.
          <lb/>woren glouben notwendig seind) nit jrret! als ich gnûg¬
          <lb/>sam angezogen hab... 1528.
          <lb/>R 101.756. Prov.: Träbner, Strasbourg, I0/VI. 1887, 6M.
          <lb/>Manque chez Schmidt; GPB: Berlin, Marbourg RU.
          <lb/>Dans un ouvrage postérieur de Buchstab, qui se trouve à la Bibl.
          <lb/>St. Guillaume, Strasbourg,, Dasz die Biblischen geschrifften
          <lb/>müssen ein geystliche vszlegung han etc.&amp;quot; (imprimé che¬
          <lb/>215
        </p>
      </div>
    </body>
  </text>
</TEI>
