<?xml version='1.0' encoding='UTF-8'?>
<?xml-model href="https://raw.githubusercontent.com/OpenITI/tei_openiti/master/tei_openiti.rng" type="application/xml" schematypens="http://relaxng.org/ns/structure/1.0"?>
<?xml-model href="https://raw.githubusercontent.com/OpenITI/tei_openiti/master/tei_openiti.rng" type="application/xml" schematypens="http://purl.oclc.org/dsdl/schematron"?>
<TEI xmlns="http://www.tei-c.org/ns/1.0">
  <teiHeader>
    <fileDesc>
      <titleStmt>
        <title/>
      </titleStmt>
      <publicationStmt>
        <p/>
      </publicationStmt>
      <sourceDesc>
        <p/>
      </sourceDesc>
    </fileDesc>
    <profileDesc>
      <calendarDesc>
        <calendar xml:id="ah">
          <p>Anno Hegirae</p>
        </calendar>
      </calendarDesc>
    </profileDesc>
    <xenoData xml:space="preserve">
CREATED: 2024-04-12T12:30:34.318752+00:00
CREATED BY: eScriptorium vpassthistobuildcmd
IMAGE FILENAME: A121078-2259.tif
IMAGE WIDTH: 2292
IMAGE HEIGHT: 3814
</xenoData>
  </teiHeader>
  <text>
    <body>
      <div>
        <p>
          <lb/>BUTZER Martin
          <lb/>[Strasbourg, W. Rihel ?1 1545.
          <lb/>Ein Christlich onge- fährlich bedencken, Wie ein
          <lb/>leidli- cher anefang Christlicher vergleichung in der
          <lb/>Religion zù machen sein möchte.
          <lb/>Zû Leypsig Anno M. D. XXXIX, zûsammen getragen.
          <lb/>Dabey Georg Vicel auch gewe- sen, vnd in alles bewil¬
          <lb/>liget hat. CHRISTVS MATTH. VII. (2 lignes.)
          <lb/>IEREMIAE VI. (3 lignes.)
          <lb/>ANNO M. D. XLV.
          <lb/>In-40, car. goth., 32 ff. non ch., sign. A-H, réclames, quelques notes
          <lb/>marginales en ital.
          <lb/>R101748. Prov.: Recteur Müller, Quedlinbourg, 15/ V. 1889;
          <lb/>sans indication du prix.
          <lb/>GPB: Berlin SB, Breslau BU, Halle BU, Kœnigsberg BU.
          <lb/>Baum N° 71; Mentz No 59; Jena, Halle.
          <lb/>382
          <lb/>BUTZER Martin
          <lb/>Strasbourg, W. Rihel, 1545.
          <lb/>Der newe glaub, von! den Doctoren zû Löuen, die
          <lb/>sich! Doctoren der Gottheit rhümen, in xxxij Articulen
          <lb/>fürge-geben.
          <lb/>Mit Christlicher verwarnung dagegen durch die pre¬
          <lb/>diger zû Strasz-burg.
          <lb/>Matth. am xxiij. Weh euch Schrifftgeleerten vnd
          <lb/>Phariseer... (5 lignes) M. D. XLV. (Verso blanc.)
          <lb/>A la fin: Getruckt zû Strassburg bei Wen-del Rihel.
          <lb/>In-4°, car. goth., 40 ff. non ch., sign. A-K., titre courant, notes
          <lb/>marginales, réclames.
          <lb/>R 102.344. Prov.: Bibliothèque Ch. Schmidt, I0/IV. 1895.
          <lb/>BM et Bibl. St. Guillaume, Strasbourg; Walter: Sélestat 877.
          <lb/>GPB vol. VII, N&amp;#x27; 6161 sous Articuli orthodoxam religionem
          <lb/>respicientes (en allemand): Berlin SB, Breslau B U. Kœnigsberg BU.
          <lb/>Baum No 73 dit que cet ouvrage est sans contredit de Butzer;
          <lb/>Mente No 62.
          <lb/>383
          <lb/>255
          <lb/>BUTZER Martin
          <lb/>Strasbourg, G. Messerschmidt, 1545.
          <lb/>Wider auffrichtung der Messen, anderer Sacramen¬
          <lb/>tenvnd Ceremonien, vnd des Papstumbs.
          <lb/>Martin Butzer.
        </p>
      </div>
    </body>
  </text>
</TEI>
