<?xml version='1.0' encoding='UTF-8'?>
<?xml-model href="https://raw.githubusercontent.com/OpenITI/tei_openiti/master/tei_openiti.rng" type="application/xml" schematypens="http://relaxng.org/ns/structure/1.0"?>
<?xml-model href="https://raw.githubusercontent.com/OpenITI/tei_openiti/master/tei_openiti.rng" type="application/xml" schematypens="http://purl.oclc.org/dsdl/schematron"?>
<TEI xmlns="http://www.tei-c.org/ns/1.0">
  <teiHeader>
    <fileDesc>
      <titleStmt>
        <title/>
      </titleStmt>
      <publicationStmt>
        <p/>
      </publicationStmt>
      <sourceDesc>
        <p/>
      </sourceDesc>
    </fileDesc>
    <profileDesc>
      <calendarDesc>
        <calendar xml:id="ah">
          <p>Anno Hegirae</p>
        </calendar>
      </calendarDesc>
    </profileDesc>
    <xenoData xml:space="preserve">
CREATED: 2024-04-12T12:30:30.013449+00:00
CREATED BY: eScriptorium vpassthistobuildcmd
IMAGE FILENAME: A121078-2120.tif
IMAGE WIDTH: 2308
IMAGE HEIGHT: 3830
</xenoData>
  </teiHeader>
  <text>
    <body>
      <div>
        <p>
          <lb/>116
          <lb/>A l&amp;#x27;intérieur de la couverture: Sigillum Curatorum Scholae Refor¬
          <lb/>matae Fridericianae. (Rel. anc.)
          <lb/>2e ex. R101.060. Prov.: Don de la BM de Lübeck.
          <lb/>BN Paris, M13.744. GPB. Berlin, Bonn, Breslau, Halle. Gœt-
          <lb/>tinque, Kœnigsbery.
          <lb/>196
          <lb/>BEUTHER Michael
          <lb/>Strasbourg, B. Jobin héritiers, 1594.
          <lb/>MICHAELIS BEVTHERI IVRISCON-SVLTI ATQVE HISTO¬
          <lb/>RICI CLARISSIMIIN PVB. CORN. TACITI EO. ROMANI DE
          <lb/>SITV, MORIBVS) &amp;amp; Populis Germanorum.
          <lb/>LIBELLVM COMMENTARII ABSOLVTIS- simi, nostris tem¬
          <lb/>poribus accómodati.
          <lb/>NVNC PRIMVM AUSPICHIS IOH. MICH. BEVTHERI F. I. V.
          <lb/>Doctoris, vnà cum notis ad margi-nem perpetuis, post
          <lb/>parentis obitum in lucem editi.Cum Rerum ac verbo¬
          <lb/>rum Indice.
          <lb/>Marque typographique de B. Jobin. (HEB Planche XXXVII,
          <lb/>No 5.) Cum gratia &amp;amp; Priuilegio Caes. Maiest.
          <lb/>Argentinae Apud Haeredes Bernh. Iobini Anno 1594.
          <lb/>(Verso blanc.)
          <lb/>In-8b, car, rom. et ital., 5 ff. non ch., 211 pages ch., 15 ff. non
          <lb/>ch. (Index), titre courant, réclames, notes marginales, initiales à fig. O, H.
          <lb/>Fol. 2a non ch.:... Dn. IOANNI PHILIPPO A KET-TENHEIM
          <lb/>Praetorio Dn. ABRAHAMO HELDIO! Consulari DN. IOSIAE
          <lb/>RIHELIO TREDE- cemuiro... — Argentinae VIII. Cal. Mart.
          <lb/>Anno... CD.D.XCIIII. Iohannes Michael Beutherus
          <lb/>Argentoratensis I. V. Doctor. (Préface de 4 pages et demie.)
          <lb/>Fol. 4b non ch.: Ab... IOHANNEM MICHAELEM BEVTHERVM
          <lb/>... GRATVLATIO: PETRI FRIDERI Mindani I. C. (16 distiques.)
          <lb/>RI0L777. Prov.: W. Gläser, Lubeck, 20/XI. 1877; 1 M. 30.
          <lb/>Au milieu du titre, cachet: «Luebeckische Stadt Bibliothek»
          <lb/>et «DUPLUM Ex BIBL. LUBECENSIS».
          <lb/>BN Paris, M. 13.745. GPB: Berlin, Breslau, Gœttingue, Halle,
          <lb/>Kœnigsberg.
          <lb/>197
          <lb/>BIBLIA
          <lb/>Strasbourg, W. Köpfel, 1526.
          <lb/>(Feuille de lierre.) T̃s xαλαiα~
          <lb/>xaì
          <lb/>véας &amp;amp; τανα
          <lb/>DIVINAE SCRI- pturae, ueteris nouaeque omnia.
          <lb/>Argentorati apud Vuolphium Cephal. An. M. D. XXVI.
          <lb/>(Verso blanc.)
          <lb/>3 vol. in-8°, car, grecs, tître courant.
          <lb/>Vol. I: 4 ff. non ch., 275 ff. ch., initiales à figures O, E et ini.
          <lb/>tiales d’attente; titre rouge et noir, encadré. (HEB Planche XIX¬
          <lb/>N° 15.) Au verso du dernier f. blanc marque typographique de W. Köpfel,
          <lb/>(H &amp;amp; B Planche XVI, No 2.)
          <lb/>Fol. a 2a non ch.: CHRISTIA-NO LECTORI IOHANNES Lo¬
          <lb/>nicerus in Christo yxípetv.
        </p>
      </div>
    </body>
  </text>
</TEI>
