<?xml version='1.0' encoding='UTF-8'?>
<?xml-model href="https://raw.githubusercontent.com/OpenITI/tei_openiti/master/tei_openiti.rng" type="application/xml" schematypens="http://relaxng.org/ns/structure/1.0"?>
<?xml-model href="https://raw.githubusercontent.com/OpenITI/tei_openiti/master/tei_openiti.rng" type="application/xml" schematypens="http://purl.oclc.org/dsdl/schematron"?>
<TEI xmlns="http://www.tei-c.org/ns/1.0">
  <teiHeader>
    <fileDesc>
      <titleStmt>
        <title/>
      </titleStmt>
      <publicationStmt>
        <p/>
      </publicationStmt>
      <sourceDesc>
        <p/>
      </sourceDesc>
    </fileDesc>
    <profileDesc>
      <calendarDesc>
        <calendar xml:id="ah">
          <p>Anno Hegirae</p>
        </calendar>
      </calendarDesc>
    </profileDesc>
    <xenoData xml:space="preserve">
CREATED: 2024-04-12T12:30:36.762085+00:00
CREATED BY: eScriptorium vpassthistobuildcmd
IMAGE FILENAME: A121078-2346.tif
IMAGE WIDTH: 2328
IMAGE HEIGHT: 3818
</xenoData>
  </teiHeader>
  <text>
    <body>
      <div>
        <p>
          <lb/>342
          <lb/>fol, a 84: VALENTINVS( Erythraevs... adolescenti, Da¬
          <lb/>uidi à Kirchen, Lindauiensi,... Marci à Kirchen Filio
          <lb/>S. P. D... — Argentorati, 1550. Idib. Martijs, (13 p.)
          <lb/>fol. b 6b: IOAN. STVR mius lacobo Stvr mio fratri
          <lb/>S... — Argenti nae III. Cal. Feb. Anno 1539. (2 p.
          <lb/>R 101 647. Prov.: Bibl. Ch. Schmidt, avec son ex-libris.
          <lb/>1704.» Rel. anc.
          <lb/>A l&amp;#x27;intérieur du 1er plat, en haut: «Georg Heinrich Eisenmann,
          <lb/>GPB: BN Berlin.
          <lb/>518
          <lb/>CICERO
          <lb/>Strasbourg, J. Rihel é S. Emmel, 1560.
          <lb/>EPISTOLA- RVM FAMILARI- VM M. T. CICERONIS LIBRI
          <lb/>XVI. ( ex eloquentissimorum oratorum castigationi- bus
          <lb/>recogniti, multò etiam quàm an- te hac à mendis curio¬
          <lb/>sius repurgati.
          <lb/>Marque typ. de S. Emmel, (H&amp;amp; B, Planche XXXV, NO 1.)
          <lb/>Au-dessous: CVM SCHOLHS ET ANNO-tationibus Pauli
          <lb/>Manutij.
          <lb/>ARGENTORATI EXCVDEBAT Iosias Rihelius &amp;amp; Samuel
          <lb/>Emmel. ANNo M. D. LX. (Verso blanc.)
          <lb/>In-8°, car. ital., 8 ff. non ch., 650 p. ch., 3 ff. non ch. (Verba
          <lb/>graeca latinis expressa), 52 ff. non ch. (Argumenta et scholia
          <lb/>D. Philippi Melanchthonis), 43 ff. non ch. (Pauli Manutii scho¬
          <lb/>lia), 17 ff. non ch. (Annotationes).
          <lb/>Au verso du dernier f., même marque typ. qu’au titre. Titre rouge
          <lb/>et noir, réclames, notes marginales, initiales ornées.
          <lb/>fol. 2a non ch.: FRANCISCVS PETRARCHA M. T. CICE. S...
          <lb/>— XVI. Cal. Qu. Anno ab ortu eius quem tu noveras.
          <lb/>M.CCCXL.
          <lb/>fol. 2a non ch.: ALDVS MA NVTIVS ROMA-) nus, Sigis¬
          <lb/>mundo Thurzo Pannonio Varadiensi Episcopo S. P.D.
          <lb/>12 p.).
          <lb/>R 101.669. Prov.: E. Freiesleben, Strasbourg, 4/IV, 1879; sans
          <lb/>indic. du prix, avec notes mss. A l’extérieur du Ier plat en haut:
          <lb/>L. S.», en bas -1573». Rel. anc.
          <lb/>GPB: BU Kœnigsberg.
          <lb/>519
          <lb/>CICERO
          <lb/>Strasbourg. J. Rihel, 1562.
          <lb/>M. T. CICERO- NS ORATIO- nes tres elegantissimae,
          <lb/>pro Q. Li-gario, Lege Manilia, &amp;amp; Rege Deiotaro, pro
          <lb/>Schola Argenti-nensi selectae.
        </p>
      </div>
    </body>
  </text>
</TEI>
