<?xml version='1.0' encoding='UTF-8'?>
<?xml-model href="https://raw.githubusercontent.com/OpenITI/tei_openiti/master/tei_openiti.rng" type="application/xml" schematypens="http://relaxng.org/ns/structure/1.0"?>
<?xml-model href="https://raw.githubusercontent.com/OpenITI/tei_openiti/master/tei_openiti.rng" type="application/xml" schematypens="http://purl.oclc.org/dsdl/schematron"?>
<TEI xmlns="http://www.tei-c.org/ns/1.0">
  <teiHeader>
    <fileDesc>
      <titleStmt>
        <title/>
      </titleStmt>
      <publicationStmt>
        <p/>
      </publicationStmt>
      <sourceDesc>
        <p/>
      </sourceDesc>
    </fileDesc>
    <profileDesc>
      <calendarDesc>
        <calendar xml:id="ah">
          <p>Anno Hegirae</p>
        </calendar>
      </calendarDesc>
    </profileDesc>
    <xenoData xml:space="preserve">
CREATED: 2024-04-12T12:30:39.110051+00:00
CREATED BY: eScriptorium vpassthistobuildcmd
IMAGE FILENAME: A121078-2429.tif
IMAGE WIDTH: 2392
IMAGE HEIGHT: 3824
</xenoData>
  </teiHeader>
  <text>
    <body>
      <div>
        <p>
          <lb/>125
          <lb/>In-4°, car. goth., 2 col., 159 ff. non ch., sign. a-2, A-E, titre rouge
          <lb/>et noir, encadrement de Gran (HeB, Planche LXIV, No 2).
          <lb/>R101605(U. Prov, BN Munich, 14/IV. 1880; 2 M. Au milieu
          <lb/>du titre: Duplum Bibliothecae R. Monac.
          <lb/>Proctor II, Sectio I, No 11.665: Londres, British Museum. 635
          <lb/>DICTIONARIUM
          <lb/>Haguenau, H. Gran, 5 mai 1518.
          <lb/>Dictionarium: quod! Gemmagemmarum vo! cant:
          <lb/>nuper castigatum. In quo nihil eorum que in prioribus
          <lb/>excu sa sunt desiderantur.
          <lb/>A la fin: Vocabularius gemmagemmarum.. .Impressus¬
          <lb/>que imperiali oppido Hagenaw: per industrium Henricum
          <lb/>Gran inibi incolam. impensis &amp;amp; sumptibus cir cumspecti
          <lb/>viri archibibliopole Ioannis Rynman de Oringaw... Anno
          <lb/>... Millesimo Quingentesimo. Xviij. quinta die mensis! Maij.
          <lb/>In-4°, car. goth., 2 col., 156 ff. non ch., sign. a-2, A-E, titre
          <lb/>rouge et noir, encadré (He B. Planche LXIV, No 2).
          <lb/>Au verso du titre: Prologue et 4 distiques au lecteur.
          <lb/>R101.608. Prov.: BN Munich, 22/1. 1880; 1 M. A l&amp;#x27;intérieur
          <lb/>du 1er plat: Ad Bibliothecam Canoniae Regularis in Diessen avec ex¬
          <lb/>libris de 1755; au recto du f. de garde: Gregorius pals est possessor
          <lb/>huius libri 1573; au-dessous : Paulus Schwetzenpacher; au verso avec le
          <lb/>crayon: Duplum bibliothecae reg. Monacensis; au f. blanc à la fin: anno¬
          <lb/>tation manuscrite ennumérant le «pensum» d’étude pour chaque jour de
          <lb/>la semaine.
          <lb/>636
          <lb/>DICTIONARIUM
          <lb/>Haguenau, H. Gran, 4 déc. 1518.
          <lb/>Dictionarium. quod Gemma gemmarum vo- cant.
          <lb/>nuper castigatum In quo nihil eorum que in prioribus
          <lb/>excu! sa sunt desiderantur.
          <lb/>A la fin: Vocabularius gemma gemma! rum cum addi¬
          <lb/>tionibus diligenter reuisus. Impressusque in! imperiali op¬
          <lb/>pido hagenaw per Henricum Gran impensis circumspecti
          <lb/>viri ac archibibliopole Jo annis rynman de Oringaw: finit
          <lb/>fe liciter Anno salutis nostre.! M. D. XViij. die, iiij. mensis
          <lb/>Decembris. (Verso blane.)
          <lb/>In-40, car. goth., 2 col., 142 ff. non ch., sign. a-2, aa-ce, titre
          <lb/>courant, titre rouge et noir, encadré. (H e B, Planche LXIV, No 2).
          <lb/>Au verso du titre: Prologue et a4 distiques au lecteur.
        </p>
      </div>
    </body>
  </text>
</TEI>
