<?xml version='1.0' encoding='UTF-8'?>
<?xml-model href="https://raw.githubusercontent.com/OpenITI/tei_openiti/master/tei_openiti.rng" type="application/xml" schematypens="http://relaxng.org/ns/structure/1.0"?>
<?xml-model href="https://raw.githubusercontent.com/OpenITI/tei_openiti/master/tei_openiti.rng" type="application/xml" schematypens="http://purl.oclc.org/dsdl/schematron"?>
<TEI xmlns="http://www.tei-c.org/ns/1.0">
  <teiHeader>
    <fileDesc>
      <titleStmt>
        <title/>
      </titleStmt>
      <publicationStmt>
        <p/>
      </publicationStmt>
      <sourceDesc>
        <p/>
      </sourceDesc>
    </fileDesc>
    <profileDesc>
      <calendarDesc>
        <calendar xml:id="ah">
          <p>Anno Hegirae</p>
        </calendar>
      </calendarDesc>
    </profileDesc>
    <xenoData xml:space="preserve">
CREATED: 2024-04-12T12:30:28.734517+00:00
CREATED BY: eScriptorium vpassthistobuildcmd
IMAGE FILENAME: A121078-2083.tif
IMAGE WIDTH: 2330
IMAGE HEIGHT: 3824
</xenoData>
  </teiHeader>
  <text>
    <body>
      <div>
        <p>
          <lb/>Frater Baptista Mantua-nus... Au-dessous, 3 distiques au
          <lb/>même de Franciscus Tantius Corniger.
          <lb/>*R101.010. — Prov. inconnue.
          <lb/>Schmidt VIII, 41: BM et Bibl. St. Guillaume de Strasbourg.
          <lb/>Walter, No 1818: BM de Sélestat. BM. Strasbourg I. 461.
          <lb/>GPB: Breslau, Göttingen, Königsberg.
          <lb/>187
          <lb/>BAPTISTA Mantuanus
          <lb/>Strasbourg, J. Prüss fils, 1513.
          <lb/>Baptiste Mantuani! Bucolica seu adolescentia, in decem
          <lb/>aeglo- gas diuisa: Ab Jodoco Badio Ascen- sio familia¬
          <lb/>riter exposita: cum! indice dictionum.
          <lb/>Dialogus eiusdem de vita beata. Carmem eiusdem de
          <lb/>sancto Joanne Baptista.! Hermanni Buschij oda de contem¬
          <lb/>nendo mun do &amp;amp; amanda sola virtute &amp;amp; scientia.
          <lb/>IN AEGLOGAS MANTVANI DECATOS ! tichon omnium earum
          <lb/>argumenta complectens! Gallinarij Budorini, (5 distiques.)
          <lb/>A la fin: Joannes Prusz iunior ciuis Argentinus impres¬
          <lb/>sit! Anno. M.D.XIII. (Verso blanc.)
          <lb/>In-40, car. rom., 4 ff. non ch., (titre et Index), LXXVIII ff. ch.,
          <lb/>16 ff. non ch., [Carmen Mantuani in laudem Joannis Baptistae;
          <lb/>Mantuani Vita, de Origine Carmelitarum et Buschii Oda
          <lb/>(10 strophes)), titre courant, notes marginales, titre encadré, com¬
          <lb/>posé de 4 pièces: la pièce supérieure et les 2 pièces latérales comme
          <lb/>chez H. Gran, (H&amp;amp;B, Planche LXIV), dans la pièce inférieure 2 en¬
          <lb/>fants nus jouant à la Strebekatz.
          <lb/>Au verso de l&amp;#x27;avant-dernier f.: THOMAS WOLPHIVS JVNIOR
          <lb/>JACOBOVuimphelingio sacrae paginae licenciato... — Ar¬
          <lb/>gentinae, cursim ex aedibus no- stris sexto Kalendas Martij.
          <lb/>Anno Christi millesimo quingentesimo tertio.
          <lb/>Au recto du dernier f.: JACOBVS WIMPHELINGIVS THOMAE
          <lb/>Vuolphio iuniori... — Ex Hieremitorio diui Guiller mi
          <lb/>Kalendas Martij. Anno salutis nostrae. M.CCCCC.III.
          <lb/>R100.138. Provenance inconnue.
          <lb/>Schmidt III, p. 31, N° 6 cite notre exemplaire, mais dit à tort
          <lb/>que le titre est comme celui de l’édition de 1507, faite par Prüss,
          <lb/>père. Il y a plusieurs variations; de même il y a erreur s’il dit que
          <lb/>le livre est sans pagination. S’agirait-il d’un autre exemplaire de
          <lb/>1513 de la BN, en tout cas je n’ai trouvé aucune trace d’un autre
          <lb/>exemplaire.
          <lb/>138
          <lb/>BAPTISTA Mantuanus, Elegia in amorem. Voir: PicVs a Miran¬
          <lb/>dola, De expellendis Venere et Cupidine carmen heroicum.
          <lb/>Strasbourg, J. Schott, 1513. R. 101.025.
          <lb/>79
        </p>
      </div>
    </body>
  </text>
</TEI>
