<?xml version='1.0' encoding='UTF-8'?>
<?xml-model href="https://raw.githubusercontent.com/OpenITI/tei_openiti/master/tei_openiti.rng" type="application/xml" schematypens="http://relaxng.org/ns/structure/1.0"?>
<?xml-model href="https://raw.githubusercontent.com/OpenITI/tei_openiti/master/tei_openiti.rng" type="application/xml" schematypens="http://purl.oclc.org/dsdl/schematron"?>
<TEI xmlns="http://www.tei-c.org/ns/1.0">
  <teiHeader>
    <fileDesc>
      <titleStmt>
        <title/>
      </titleStmt>
      <publicationStmt>
        <p/>
      </publicationStmt>
      <sourceDesc>
        <p/>
      </sourceDesc>
    </fileDesc>
    <profileDesc>
      <calendarDesc>
        <calendar xml:id="ah">
          <p>Anno Hegirae</p>
        </calendar>
      </calendarDesc>
    </profileDesc>
    <xenoData xml:space="preserve">
CREATED: 2024-04-12T12:30:31.994715+00:00
CREATED BY: eScriptorium vpassthistobuildcmd
IMAGE FILENAME: A121078-2183.tif
IMAGE WIDTH: 2294
IMAGE HEIGHT: 3824
</xenoData>
  </teiHeader>
  <text>
    <body>
      <div>
        <p>
          <lb/>179
          <lb/>BRUNFELS Otto
          <lb/>Strasbourg. J. Schott, 1528.
          <lb/>CATA LOGIVirorum illustrium Veteris et No! ui
          <lb/>Testamenti.Virorum obscurorum utriusque Test. Ilus¬
          <lb/>trium item Mulierum.Obscurarum dein Mulierum. De
          <lb/>Bellis, uictoria, &amp;amp; triumphis lustorum contra Impios.
          <lb/>Orationes, exhortationes, obsecra- tiones, Patrum, Prophe¬
          <lb/>tarum, Re- gum &amp;amp; uirorum Illustrium. De Tyrannide
          <lb/>et Bellis Impiorum! contra lustos. Othonis Brunfelsij.
          <lb/>In-80, car. ital., 38 ff. ch., 2 ff. non ch. (Index à 2 col.), titre
          <lb/>courant, notes marginales, init, ornée A; titre encadré. (Hct B, Planche
          <lb/>IV, No 8.)
          <lb/>Au verso du titre: OTHO Brunfelsius Lectori... — Argen¬
          <lb/>torati. 16. kalend. Marcij.Anno. 1528. (19 lignes.) Les Cata¬
          <lb/>logi font partie des Pandectae.
          <lb/>R102.025. Prov.: T. O. Weigel, Leipzig, 6/II. 1879; 1 M. 20.
          <lb/>Schmidt II, No 101 a une édition de Schott de 1527, avec le
          <lb/>même titre, mais un autre encadrement; il n’a pas celle de 1528.
          <lb/>Oxford, Bibl. Bodleiana; Roth, loco citato No 19,1: Seminarbibl.
          <lb/>Mainz, Hofbibl. Wien.
          <lb/>281
          <lb/>BRUNFELS Otto
          <lb/>Strasbourg, J. Schott, 1528.
          <lb/>PRECA TIONES! BIBLICAE] Sanctorum Patrum, Illus¬
          <lb/>tri-um Virorum et Mulierum utriusque Testamenti.
          <lb/>OTH. BR.
          <lb/>Argentorati apud Ioan- nem Schottum.1528.
          <lb/>Soli Deo Gloria. (Verso blanc.)
          <lb/>A la fin: Excusum Argentorati apud loannem Schot¬
          <lb/>tum,! Anno. 1528.
          <lb/>(Feuille de lierre.) VERBVM ! DOMINI! manet in aeternum.
          <lb/>In-80, car, ital., 8 ff. non ch., 91 ff. ch. et 1 f. non ch. avec la
          <lb/>marque typographique de J. Schott au recto. (H &amp;amp; B, Planche IV.
          <lb/>No 9), titre courant, titre rouge et noir, encadré : en bas Ezechias,
          <lb/>couché sur un lit de repos, derrière lui Isaias; toutes les pages ont un
          <lb/>encadrement, (en partie remarquable: scènes de chasse, jeux d’enfants
          <lb/>etc.); fol 8b non ch., gravure sur bois, Jésus au jardin des oliviers en
          <lb/>prière, tandis que les apôtres sont endormis.
          <lb/>fol. 2a non ch.: Fidelibus omnibus in Christo lesu,
          <lb/>Otho Brunfelsius... — Cum gratia &amp;amp; priuilegio Caes. Maiest.
          <lb/>ad sexennium. Datum. 1 Sept.! Anno, 1528. Au verso, Index.
          <lb/>(8 pages.)
          <lb/>RIOI.976. Prop.: Rosenthal, Munich, 28/x. 1890; 30 M.
          <lb/>Oxford, Bibl. Bodleiana; Roth N° 21: Hofbibl. Wien; Schmidt
          <lb/>II, N0 104: Bibl. St. Guillaume Strasbourg.
          <lb/>282
        </p>
      </div>
    </body>
  </text>
</TEI>
