<?xml version='1.0' encoding='UTF-8'?>
<?xml-model href="https://raw.githubusercontent.com/OpenITI/tei_openiti/master/tei_openiti.rng" type="application/xml" schematypens="http://relaxng.org/ns/structure/1.0"?>
<?xml-model href="https://raw.githubusercontent.com/OpenITI/tei_openiti/master/tei_openiti.rng" type="application/xml" schematypens="http://purl.oclc.org/dsdl/schematron"?>
<TEI xmlns="http://www.tei-c.org/ns/1.0">
  <teiHeader>
    <fileDesc>
      <titleStmt>
        <title/>
      </titleStmt>
      <publicationStmt>
        <p/>
      </publicationStmt>
      <sourceDesc>
        <p/>
      </sourceDesc>
    </fileDesc>
    <profileDesc>
      <calendarDesc>
        <calendar xml:id="ah">
          <p>Anno Hegirae</p>
        </calendar>
      </calendarDesc>
    </profileDesc>
    <xenoData xml:space="preserve">
CREATED: 2024-04-12T12:30:26.974574+00:00
CREATED BY: eScriptorium vpassthistobuildcmd
IMAGE FILENAME: A121078-2027.tif
IMAGE WIDTH: 2380
IMAGE HEIGHT: 3828
</xenoData>
  </teiHeader>
  <text>
    <body>
      <div>
        <p>
          <lb/>23
          <lb/>Fol. BVIa non ch.: Index à deux col. (22 pages.)
          <lb/>Fol. BIIla non ch.: Candido! Lectori! SALVTEM. (6 pages.)
          <lb/>1878, contre échange.
          <lb/>C117615. Prov.: Bibliothèque du Gymnase de Heilbronn, 2/IV.
          <lb/>GPB III, 1682: Berlin, Munich, Vienne, Breslau.
          <lb/>36
          <lb/>ALFONSO V, roi d’Aragon (1416-1458). Voir: MARGARITA
          <lb/>FACETIARUM.
          <lb/>ALIACO Petrus de. Voir: PETRUS DE ALIACO.
          <lb/>ALKINDUS Jacobus. Voir: TACUINUS SANITATIS.
          <lb/>ALTEN, die vierundzwanzig. Voir: OTTO VON PASSAU.
          <lb/>ALTENSTAIG Johann
          <lb/>Strasbourg, J. Prüss, 1509.
          <lb/>Vocabularius! Joannis Altenstaig Mindelhaimensis.
          <lb/>Vocum quae in opere grammatico plu rimorum conti¬
          <lb/>nentur, breuis &amp;amp; vera interpretatio.
          <lb/>Henrici Bebelij Epigramma. (4 distiques.)
          <lb/>A la fin: Joannes Prüsz chalcographus Argentinus in
          <lb/>officina sua (zum Thiergarten) trans scripsit, xiij. die Oc¬
          <lb/>tobris: Anno! salutis M. CCCCC. IX.
          <lb/>Au-dessous: Ad Julium secundum! Tetrasthycum. J. W.
          <lb/>(— Jacobus Wimphelingus.) (2 distiques.)
          <lb/>in-4°, car, rom., 2 col. sauf la préface et les 2 derniers ff., 4 ff.
          <lb/>non ch., CIX ff. ch. et 1 f. blane, qui porte au recto la marque typ. de
          <lb/>J. Prüss (H&amp;amp; B, Planche VIII, NO 1; Silvestre N° 1107), titre cou¬
          <lb/>rant, grande init. à fig. V de 5 cm.
          <lb/>Au verso du titre: Carmen saphicum Sebastiani Reffeck
          <lb/>bonarum! artium sacraeque litteraturae inuigilatoris in
          <lb/>laudem libelli. (4 strophes de 4 vers.)
          <lb/>Au-dessous: Tetrastichon Mathiae Kretz Landtspergij.
          <lb/>(2 distiques.)
          <lb/>Fol. A 2a non ch.; Jacobus Henrichmann Sindelfingensis
          <lb/>S. P. D.Joanni Altenstaigio... — Ex Crespachio nonis
          <lb/>Maij: Anno octa uo vltra sesquimillesimum.
          <lb/>Fol. A2b non ch.: ... Henrico Bebe lio... Joannes Alten¬
          <lb/>staig... — Ex Tubinga: Anno! salutis humanae. M. CCCCC.
          <lb/>VIII. (Préface de 4 pages.)
          <lb/>Fol. A4b non ch.: Generoso Baroni Cristofero Schwartzen¬
          <lb/>bergio Joannes Altenstaig... — Anno.... octauo supra mille¬
          <lb/>simum &amp;amp; quingentesimum.
          <lb/>Suit un index de 2 ff.
        </p>
      </div>
    </body>
  </text>
</TEI>
