<?xml version='1.0' encoding='UTF-8'?>
<?xml-model href="https://raw.githubusercontent.com/OpenITI/tei_openiti/master/tei_openiti.rng" type="application/xml" schematypens="http://relaxng.org/ns/structure/1.0"?>
<?xml-model href="https://raw.githubusercontent.com/OpenITI/tei_openiti/master/tei_openiti.rng" type="application/xml" schematypens="http://purl.oclc.org/dsdl/schematron"?>
<TEI xmlns="http://www.tei-c.org/ns/1.0">
  <teiHeader>
    <fileDesc>
      <titleStmt>
        <title/>
      </titleStmt>
      <publicationStmt>
        <p/>
      </publicationStmt>
      <sourceDesc>
        <p/>
      </sourceDesc>
    </fileDesc>
    <profileDesc>
      <calendarDesc>
        <calendar xml:id="ah">
          <p>Anno Hegirae</p>
        </calendar>
      </calendarDesc>
    </profileDesc>
    <xenoData xml:space="preserve">
CREATED: 2024-04-12T12:30:34.192400+00:00
CREATED BY: eScriptorium vpassthistobuildcmd
IMAGE FILENAME: A121078-2252.tif
IMAGE WIDTH: 2296
IMAGE HEIGHT: 3816
</xenoData>
  </teiHeader>
  <text>
    <body>
      <div>
        <p>
          <lb/>248
          <lb/>BUTZER Martin
          <lb/>hui-i
          <lb/>3
          <lb/>Son oen juoe
          <lb/>Gh/pũ mie ote onoer
          <lb/>ben histẽ zu halten sindlein Natb
          <lb/>schlag sourch die gelertẽ am ende dis
          <lb/>bũchlins verzeichnetszugericit,
          <lb/>¶ Htem
          <lb/>Ei meitere erfleruno
          <lb/>onbbeschirmung drs selbiꝯ
          <lb/>gen Nabtscblags.
          <lb/>Durdh Martin Pucer.
          <lb/>3 merò gesudt von denẽ/ die nit nab
          <lb/>Jsaie. lrp. Copit.
          <lb/>mir fragtẽ Jo merd fundẽ von denen
          <lb/>oie mid nit sudten/ ono zû oen beioen!
          <lb/>oie meinen namen nit anrũffen,sage
          <lb/>i /Bie bin id / Qie bin idic.
          <lb/>(Strasbourg, W. Köpfel), 1539
          <lb/>2
          <lb/>νlι
          <lb/>Suutuaudude
          <lb/>S
          <lb/>S
          <lb/>2
        </p>
      </div>
    </body>
  </text>
</TEI>
