<?xml version='1.0' encoding='UTF-8'?>
<?xml-model href="https://raw.githubusercontent.com/OpenITI/tei_openiti/master/tei_openiti.rng" type="application/xml" schematypens="http://relaxng.org/ns/structure/1.0"?>
<?xml-model href="https://raw.githubusercontent.com/OpenITI/tei_openiti/master/tei_openiti.rng" type="application/xml" schematypens="http://purl.oclc.org/dsdl/schematron"?>
<TEI xmlns="http://www.tei-c.org/ns/1.0">
  <teiHeader>
    <fileDesc>
      <titleStmt>
        <title/>
      </titleStmt>
      <publicationStmt>
        <p/>
      </publicationStmt>
      <sourceDesc>
        <p/>
      </sourceDesc>
    </fileDesc>
    <profileDesc>
      <calendarDesc>
        <calendar xml:id="ah">
          <p>Anno Hegirae</p>
        </calendar>
      </calendarDesc>
    </profileDesc>
    <xenoData xml:space="preserve">
CREATED: 2024-04-12T12:30:31.920369+00:00
CREATED BY: eScriptorium vpassthistobuildcmd
IMAGE FILENAME: A121078-2178.tif
IMAGE WIDTH: 2292
IMAGE HEIGHT: 3824
</xenoData>
  </teiHeader>
  <text>
    <body>
      <div>
        <p>
          <lb/>174
          <lb/>fol. A3a-4b: AVGVSTISSIMAE FRANCO-rum Reginae
          <lb/>Britonumque Duci Annae, Germanus Brixius Altissiodorensis
          <lb/>foelicitatem.... — Blesis decimo Calend. Nouemb. M.D.XII.
          <lb/>R100.894. Prov.: Jacques Rosenthal, Munich, 25/1x.1898, 20M.
          <lb/>Schmidt VIII, N° 126: Bibl, vadiana S. Gallensis; GPB: Berlin.
          <lb/>271
          <lb/>BRUNFELS Otto
          <lb/>Strasbourg, J. Schott, 1519.
          <lb/>DE CORRIGEN DIS STVDHIS SEVERIO- RIBVS PRAE¬
          <lb/>CEPTIVNCVLAE breues, Othonis Brunnfelsij Mo-guntini,
          <lb/>Carthusiani. &amp;quot;,
          <lb/>Σoρíα γάρ μóvn τῶν κτημάτων ἀθανατον.
          <lb/>Argentorati apud loannem! Scotum, urbis indigenam,
          <lb/>in Thomae loco. 1519
          <lb/>In-4°, car, rom., 14 ff. non ch., verso du dernier f. blanc; sign.
          <lb/>A-C, titre courant, notes marginales.
          <lb/>Au verso du titre: SVMMA contentorum....
          <lb/>fol. A 2a: Nycholao Gerbelio pontificij iuris doctori.
          <lb/>Otho Moguntinus, Carthusianus. S. D....
          <lb/>R 100.001. Prov.: Baer, Francfort s. M, 22/xI. 1878, sans in¬
          <lb/>dication du prix.
          <lb/>BN Paris, R. 6044; Schmidt II, No 49: Bibl. St. Guillaume
          <lb/>Strasbourg et B M Zurich.
          <lb/>Roth, Schriften des Otto Brunfels (Jahrbuch des Vogesenklubs XVI,
          <lb/>1900) N° 1: Hofbibl. Darmstadt, Bibliotheca Haeberliniana IV, p. 287,
          <lb/>n° 578. GPB: Berlin, Bonn BU, Gœttinque BU.
          <lb/>272
          <lb/>BRUNFELS Otto, Pro Ulricho Hutteno defuncto ad Erasmi
          <lb/>Roter. Spongiam responsio. Voir: Hutten, Cum Erasmo
          <lb/>Roterodamo Expostulatio.
          <lb/>(Strasbourg, J. Schott 1523.] R 100.970.
          <lb/>BRUNFELS Otto
          <lb/>[Strasbourg, J. Schott], 1523.
          <lb/>Von dem Euange lischen anstosz.wie vnnd in
          <lb/>was! gestalt das wort Gottes! vffrûr mache. Durch
          <lb/>Otthonem Brunnfelsz newlich vszgangen. M. D. XXIII.
          <lb/>Au-dessus de l’encadrement: Allein Gott die eer. Au-dessous,
          <lb/>verset de Math. V et Luc. VII. (2 lignes).
          <lb/>In-4°, car. goth., XVI ff. ch., titre courant, notes marginales,
          <lb/>grande initiale à fig. A, titre encadré, attribué à Wechtelin, 4́ pièces
          <lb/>juxta-posées qui se trouvent aussi séparément dans les imprimés de
        </p>
      </div>
    </body>
  </text>
</TEI>
