<?xml version='1.0' encoding='UTF-8'?>
<?xml-model href="https://raw.githubusercontent.com/OpenITI/tei_openiti/master/tei_openiti.rng" type="application/xml" schematypens="http://relaxng.org/ns/structure/1.0"?>
<?xml-model href="https://raw.githubusercontent.com/OpenITI/tei_openiti/master/tei_openiti.rng" type="application/xml" schematypens="http://purl.oclc.org/dsdl/schematron"?>
<TEI xmlns="http://www.tei-c.org/ns/1.0">
  <teiHeader>
    <fileDesc>
      <titleStmt>
        <title/>
      </titleStmt>
      <publicationStmt>
        <p/>
      </publicationStmt>
      <sourceDesc>
        <p/>
      </sourceDesc>
    </fileDesc>
    <profileDesc>
      <calendarDesc>
        <calendar xml:id="ah">
          <p>Anno Hegirae</p>
        </calendar>
      </calendarDesc>
    </profileDesc>
    <xenoData xml:space="preserve">
CREATED: 2024-04-12T12:30:37.684529+00:00
CREATED BY: eScriptorium vpassthistobuildcmd
IMAGE FILENAME: A121078-2381.tif
IMAGE WIDTH: 2372
IMAGE HEIGHT: 3816
</xenoData>
  </teiHeader>
  <text>
    <body>
      <div>
        <p>
          <lb/>377
          <lb/>A la fin: Argentorati, sex-to Calendas Iunij. M. D.
          <lb/>XLVIII.
          <lb/>Edouard, duc de Sommerset, datée de Strasbourg, Mai 1548), 111 ff.
          <lb/>In-8°, car. rom., 8 ff. non ch., (Préface de Sleidan au prince
          <lb/>ch. — 9 ff. non ch., (IOANNES SLEIDA-NUS lectori); titre cou¬
          <lb/>rant, réclames, initiales ornées 0, P,F, S, O.
          <lb/>que de Rihel, (H dt B, Planche XXIX, N° 3; Silvestre, No 740.)
          <lb/>Au verso du dernier f. dont le recto est blanc, marque typographi¬
          <lb/>R101262. Prov.: Trübner, Strasbourg, 29/x 1883; 2 M. 50.
          <lb/>BN Paris, Lat6, 16. C; BM et Bibl. St. Guillaume, Strasbourg.
          <lb/>GPB: BU Breslau, Bonn, Kœnigsberg.
          <lb/>563
          <lb/>COMINES Philippes de
          <lb/>Strasbourg, W. Rihel, 1551
          <lb/>HISTORIVrsprung vnd Vrsach! des Burgundischen
          <lb/>Kriegs, so sich zwischen König Ludwigen inn Franckreich,
          <lb/>dem XI. disz Namens, vnd H. Carle von Bur-gund,
          <lb/>Schweitzern vnd den Teutschen, ver- lauffen.
          <lb/>Beschreibung des Neapolitani-schen kriegs, vnd König
          <lb/>Carle, obgenan-ten König Ludwigs Son.
          <lb/>Durch den Gestrengen Herren Philippsen von Comi¬
          <lb/>nis, Ritter, inn Fran tzösischer Sprach gantz artig vnd
          <lb/>wol beschriben, Vnd newlich ausz dem Latin durch D.
          <lb/>Caspar Hedion verteut- schet.
          <lb/>Straszburg. M. D. LI. (Verso blanc.)
          <lb/>A la fin: Gedruckt zû Straszburg bey Wendel Rihel.
          <lb/>M. D. Ll. Au verso: marque typogr. de W. Rihel. (HeB, Planche
          <lb/>XXIX, NO I.)
          <lb/>In-40, car. goth., 19 ff. non ch., CC ff. ch., titre courant, réclames
          <lb/>notes marginales, initiales goth.
          <lb/>fol. 2a non ch.:... Herrn Günther, Grauen! zà Schwartz¬
          <lb/>burg... — Straszburg den zehenden tag Junij Anno LI.
          <lb/>Caspar Hedio. (Préface de 8 pages.)
          <lb/>fol. Aa 2b: Johannes Sleidanus wünscht dem Leser,
          <lb/>al- les gûts... — Straszburg den xxvij. Hornung, M. D.
          <lb/>XLV. (Introduction de 8 fr.)
          <lb/>R101263. Prov.: Baer, Francfort s. M. 31/V. 1898; 5M.40.
          <lb/>GPB: BU Breslau, Gœttingue, Greifswald (incomplet), Halle,
          <lb/>Kœnigsberg.
          <lb/>Brunet 115, col. 192; en allemand, par Gasp. Hedio, avec une pré¬
          <lb/>face de Beuther, Strasbourg 1551 et 1561.
          <lb/>564
        </p>
      </div>
    </body>
  </text>
</TEI>
