<?xml version='1.0' encoding='UTF-8'?>
<?xml-model href="https://raw.githubusercontent.com/OpenITI/tei_openiti/master/tei_openiti.rng" type="application/xml" schematypens="http://relaxng.org/ns/structure/1.0"?>
<?xml-model href="https://raw.githubusercontent.com/OpenITI/tei_openiti/master/tei_openiti.rng" type="application/xml" schematypens="http://purl.oclc.org/dsdl/schematron"?>
<TEI xmlns="http://www.tei-c.org/ns/1.0">
  <teiHeader>
    <fileDesc>
      <titleStmt>
        <title/>
      </titleStmt>
      <publicationStmt>
        <p/>
      </publicationStmt>
      <sourceDesc>
        <p/>
      </sourceDesc>
    </fileDesc>
    <profileDesc>
      <calendarDesc>
        <calendar xml:id="ah">
          <p>Anno Hegirae</p>
        </calendar>
      </calendarDesc>
    </profileDesc>
    <xenoData xml:space="preserve">
CREATED: 2024-04-12T12:30:37.784666+00:00
CREATED BY: eScriptorium vpassthistobuildcmd
IMAGE FILENAME: A121078-2387.tif
IMAGE WIDTH: 2366
IMAGE HEIGHT: 3820
</xenoData>
  </teiHeader>
  <text>
    <body>
      <div>
        <p>
          <lb/>Zù Straszburg bey Hans Schotten zûm Thyergarten.
          <lb/>M. D. xxiiij. Mit Keyserlicher freyheit vff sechs jar.
          <lb/>A la fin: Vollendet durch Hans Schotten zâ Strassz¬
          <lb/>burg, vff den sibentze-hendsten tag des Brach- monats.
          <lb/>Anno Chri- sti. M. D. xxiiij.
          <lb/>In-fol., car. goth., 107 ff. non ch. à 2 col. et un fol. blanc, sign.
          <lb/>A-S, titre courant, grand et bel encadrement de titre: au haut Adam
          <lb/>et Eve chassés par l’ange du paradis, au bas sacrifice d’Abraham, l’ange
          <lb/>arrête le bras d’Abraham, voulant immoler son fils, à gauche Caïn tuant
          <lb/>son frère Abel, à droite le serpent d’Airin, à côté Moïse avec les deux
          <lb/>tables de la loi.
          <lb/>Au verso du titre: Johannes Schott, trucker zû Straszburg,
          <lb/>wünscht dem christlichen Leszer, heyl vnd Gotts genad....
          <lb/>*R10.091. Prov.: Völcker, Francfort s. M., 22/11. 1883, 7 M.
          <lb/>GPB: BN Berlin, BU Breslau, Kœnigsberg; Schmidt II,
          <lb/>No 85: BM Colmar. M. Benzing de la BN de Berlin me rend atten¬
          <lb/>tif que Hans Schott est l’auteur.
          <lb/>573
          <lb/>CONCUBINARII
          <lb/>[Strasbourg, J. Cammerlander,] 1545.
          <lb/>En haut, bande d’ornement. Concubinarij. (entre 2 feuilles de lierre.)
          <lb/>Vnderricht ausz Götlichen vnd Gaist-lichen Rechten,
          <lb/>Ob ein Priester ein Eheweib, oder! Concubin, das ist, ein
          <lb/>beyschläfferin haben mög.
          <lb/>Jtem, Von nutz der Pfaffen Mägdt, vnd ihrem er- lichen
          <lb/>leben, darumb mann sie billig den Pfaffen, soll vnnd musz
          <lb/>lassen.Darinn wirt auch gemelt, Wie mann ein recht
          <lb/>Christ lich Concilium anbringen, vnnd war mann sich
          <lb/>inn den Concilijs richten vnnd! halten soll.
          <lb/>2
          <lb/>383
          <lb/>~
        </p>
      </div>
    </body>
  </text>
</TEI>
