<?xml version='1.0' encoding='UTF-8'?>
<?xml-model href="https://raw.githubusercontent.com/OpenITI/tei_openiti/master/tei_openiti.rng" type="application/xml" schematypens="http://relaxng.org/ns/structure/1.0"?>
<?xml-model href="https://raw.githubusercontent.com/OpenITI/tei_openiti/master/tei_openiti.rng" type="application/xml" schematypens="http://purl.oclc.org/dsdl/schematron"?>
<TEI xmlns="http://www.tei-c.org/ns/1.0">
  <teiHeader>
    <fileDesc>
      <titleStmt>
        <title/>
      </titleStmt>
      <publicationStmt>
        <p/>
      </publicationStmt>
      <sourceDesc>
        <p/>
      </sourceDesc>
    </fileDesc>
    <profileDesc>
      <calendarDesc>
        <calendar xml:id="ah">
          <p>Anno Hegirae</p>
        </calendar>
      </calendarDesc>
    </profileDesc>
    <xenoData xml:space="preserve">
CREATED: 2024-04-12T12:30:27.298713+00:00
CREATED BY: eScriptorium vpassthistobuildcmd
IMAGE FILENAME: A121078-2036.tif
IMAGE WIDTH: 2368
IMAGE HEIGHT: 3828
</xenoData>
  </teiHeader>
  <text>
    <body>
      <div>
        <p>
          <lb/>32
          <lb/>ANATHOMIA
          <lb/>Strasbourg, J. Frölich, 1544.
          <lb/>Anathomia oder abconterfettung eines! Weibs leib, wie er
          <lb/>inwendig gestaltet ist.
          <lb/>Au bas: Gedruckt zû Straszburg, bey! Jacob Frölich,
          <lb/>Im Jar,! M. D. XLIIII.
          <lb/>Une feuille: grande planche représentant les diverses parties du
          <lb/>corps de la femme; et 9 petites figures reproduisant chacune de ses
          <lb/>parties; texte explicatif.
          <lb/>Strasbourg.
          <lb/>R10153. Prov.: Bibl. de l’ancienne Faculté de Médecine de
          <lb/>51
          <lb/>ANDREAS Hispanus
          <lb/>Strasbourg, M. Hupfuff, 1507.
          <lb/>Contenta hoc libello! Modus confitendi Compositus! per
          <lb/>Re, episcopum Andream Hispanum Sancte Romane ec¬
          <lb/>clesie Pe.
          <lb/>Interrogationes et doctrine quibus quilibet sacerdos
          <lb/>debet interrogare suum confitentem.
          <lb/>Canones penitentiales per Episcopum Ciui tatensem
          <lb/>summa cum diligentia Compositi et correcti.
          <lb/>Casus Papales et Episcopales. (Verso blanc.)
          <lb/>A la fin: Impressum Argentine. Anno domini Mille simo
          <lb/>quingestesimo septimo per Honorabilem vi rum Mathiam
          <lb/>Hupfuff.
          <lb/>in-4°, car. goth., 19 ff. non ch. et 1 f. blanc, sign. A-D.
          <lb/>E 121823. Prov. : Abbé Cromer, Saverne, 23/VII. 1879.
          <lb/>Schmidt V, No 63: Jadis Bibl. de Strasbourg, Incun. n° 292. 52
          <lb/>ANDREAS Hispanus
          <lb/>Strasbourg, J. Knobloch, 1508.
          <lb/>MOdus confitendi Com positus per Re. episco pum
          <lb/>Andream Hispanum (Sancte Romane ec clesie Peniten¬
          <lb/>tiarium.
          <lb/>Interrogationes et doctrine quibus quilibet sacer-] dos
          <lb/>debet interrogare suum confitentem.! Canones penitentiales
          <lb/>per episcopum Ciuitatensem. summa cum diligentia com¬
          <lb/>positi et correcti.! Casus papales et episcopales.
          <lb/>A la fin: Impressum Argentine per Johannem Knoblouch.
          <lb/>Anno domini! Millesimo quingen! tesimo octa-Iuo.
          <lb/>in-4°, car. goth., 19 ff. non ch., sign. A-D, initiales d’attente.
          <lb/>*E 121825. Prov. inconnue.
          <lb/>Schmidt VII, N° 42: BM Strasbourg.
          <lb/>53
          <lb/>ANDRELINUS Publius Faustus
          <lb/>Strasbourg, M. Schürer, 1508.
          <lb/>P. FAUSTI ANDRELINI! Foroliuiensis Poetae Laureati
          <lb/>atque Oratoris clarissimi! Epistolae prouerbiales! &amp;amp; mo¬
          <lb/>rales lon-ge lepidissimaenec minus senten-tiosae.
        </p>
      </div>
    </body>
  </text>
</TEI>
