<?xml version='1.0' encoding='UTF-8'?>
<?xml-model href="https://raw.githubusercontent.com/OpenITI/tei_openiti/master/tei_openiti.rng" type="application/xml" schematypens="http://relaxng.org/ns/structure/1.0"?>
<?xml-model href="https://raw.githubusercontent.com/OpenITI/tei_openiti/master/tei_openiti.rng" type="application/xml" schematypens="http://purl.oclc.org/dsdl/schematron"?>
<TEI xmlns="http://www.tei-c.org/ns/1.0">
  <teiHeader>
    <fileDesc>
      <titleStmt>
        <title/>
      </titleStmt>
      <publicationStmt>
        <p/>
      </publicationStmt>
      <sourceDesc>
        <p/>
      </sourceDesc>
    </fileDesc>
    <profileDesc>
      <calendarDesc>
        <calendar xml:id="ah">
          <p>Anno Hegirae</p>
        </calendar>
      </calendarDesc>
    </profileDesc>
    <xenoData xml:space="preserve">
CREATED: 2024-04-12T12:30:27.765858+00:00
CREATED BY: eScriptorium vpassthistobuildcmd
IMAGE FILENAME: A121078-2052.tif
IMAGE WIDTH: 2348
IMAGE HEIGHT: 3830
</xenoData>
  </teiHeader>
  <text>
    <body>
      <div>
        <p>
          <lb/>48
          <lb/>A la fin, avant les «Errata»: ARGENTORATI EX AEDIBVS JOAN
          <lb/>nis Knoblouchij Mense Decembri. Anno Christi! M. D. XXII.
          <lb/>in-4°, car. rom., 159 ff. non ch., sign. a-2, A-E, titre courant,
          <lb/>réclames, notes marg., init, ornées et init. d’attente; titre encadré (HRB
          <lb/>Planche LXVI, N° 3), propre à H. Gran, Haguenau, avec la marque
          <lb/>de Gran dans la bordure inférieure.
          <lb/>Fol. a 2a: Préface d’Erasme au pape Adrien VI, datée de Bâle
          <lb/>Calend. Augu sti Anno M. D. XXII. (5 ff.)
          <lb/>Fol. A-ET: Commentaire d’Erasme sur le psaume: Quare fre¬
          <lb/>muerunt gentes. (31 ff.)
          <lb/>R 101.839. Prov: Don de l’antiquaire F. Butsch fils, Augsbourg,
          <lb/>1871.
          <lb/>2 ex. R 102.096 (2). Prov. : Hollei, Spire, 29/IV. 1896; 4 M.
          <lb/>Incomplet: ff. 71, 72, 77 et 78 manquent, complétés à la main.
          <lb/>Schmidt VII, No 247.
          <lb/>BM Colmar.
          <lb/>83
          <lb/>ARTICKEL
          <lb/>Haguenau, Th. Anshelm, 1521.
          <lb/>Etlich Artickel gottes lob, vnd des heyligen Römischen
          <lb/>Reichs, vnd der gantzen Teut schen Nation ere vnd gemey¬
          <lb/>nen nutz belangend. Ein Christliche verwarnung zû allen
          <lb/>Christen wie man sich gegen dem hei ligen Evangelio
          <lb/>halten sol.
          <lb/>A la fin: Gedruckt zù Hagenaw durch Tho man Anszhelm
          <lb/>in dem Hornung,! Nach der gepurt vnsersz hern! Christi
          <lb/>Tausent fünffhun-dert vnd einunzwenzig! Jar.
          <lb/>Au-dessous: Marque typ. de Th. Anshelm. (H&amp;amp; B Planche LXII,
          <lb/>No 4; Silvestre, No 545).
          <lb/>In-40, car. goth., 8 ff. non ch., dont le dernier blane, sign. A-B.
          <lb/>init. à fig. V, D; titre encadré, composé de 4 pièces d’ornement (ara¬
          <lb/>besques) juxta-posées.
          <lb/>R 102.090. Prov.: Recteur Müller, Quedlinbourg, 15/V. 1889, sans
          <lb/>indication du prix.
          <lb/>84
          <lb/>ARTICKEL
          <lb/>Strasbourg, J. Prüss, 1521.
          <lb/>Etlich Artickel got tes lob, vnd des hei¬ligen Römischen
          <lb/>Reichs, vnd der gantzen Teutschen Na tion ere vnd
          <lb/>gemeynen) nutz belangend. (Feuille de treffle).
          <lb/>Ein Christliche verwarung zû allen Christen wie man
          <lb/>sich ge- gen dem heiligen Evangelio halten sol.
          <lb/>A la fin: Gedruckt zû Straszburg durch Jo hannem
          <lb/>Prüszen in dem Meyen! Nach der gepurt vnsersz herrn
          <lb/>Christi Tausent fünffhun! dert vnd einunzwenzig! Jar.
          <lb/>In-4°, car. goth., 7 ff. non ch. sign. A-B, init. ornées V, D, titre
          <lb/>encadré (H&amp;amp; B Planche XIII, N° 6), employé aussi par Schürer avec
          <lb/>le monogramme M. S. dans la bordure inférieurc, Prüss l’emploie sans
          <lb/>monogramme.
          <lb/>*R102.089. Prov, inconnue.
          <lb/>Schmidt III, p. 36, N° 25: B M Strasbourg 03903.
          <lb/>85
        </p>
      </div>
    </body>
  </text>
</TEI>
