<?xml version='1.0' encoding='UTF-8'?>
<?xml-model href="https://raw.githubusercontent.com/OpenITI/tei_openiti/master/tei_openiti.rng" type="application/xml" schematypens="http://relaxng.org/ns/structure/1.0"?>
<?xml-model href="https://raw.githubusercontent.com/OpenITI/tei_openiti/master/tei_openiti.rng" type="application/xml" schematypens="http://purl.oclc.org/dsdl/schematron"?>
<TEI xmlns="http://www.tei-c.org/ns/1.0">
  <teiHeader>
    <fileDesc>
      <titleStmt>
        <title/>
      </titleStmt>
      <publicationStmt>
        <p/>
      </publicationStmt>
      <sourceDesc>
        <p/>
      </sourceDesc>
    </fileDesc>
    <profileDesc>
      <calendarDesc>
        <calendar xml:id="ah">
          <p>Anno Hegirae</p>
        </calendar>
      </calendarDesc>
    </profileDesc>
    <xenoData xml:space="preserve">
CREATED: 2024-04-12T12:30:36.117724+00:00
CREATED BY: eScriptorium vpassthistobuildcmd
IMAGE FILENAME: A121078-2327.tif
IMAGE WIDTH: 2318
IMAGE HEIGHT: 3820
</xenoData>
  </teiHeader>
  <text>
    <body>
      <div>
        <p>
          <lb/>In-4°, car, rom., 2 ff. non ch., (Index), LX ff. ch., titre courant,
          <lb/>de nombreuses petites initiales ornées, titre encadré de 4 pièces juxta¬
          <lb/>posées: dans la bande supérieure aux coins 2 génies ailés tenant chacun
          <lb/>un épi, joints par des festons, au milieu écu blanc. Voir No 97.
          <lb/>R 100.067. Prov.: Don de Fid. Butsch, Augsbourg 1872. Anno¬
          <lb/>tations mss. dans le texte.
          <lb/>Schmitt VIII, N° 168 dit 14 ff. non chiffrés. GPB: BN Berlin,
          <lb/>B U Bonn, Munster.
          <lb/>492
          <lb/>CICERO
          <lb/>Strasbourg, M. Schürer, 1516.
          <lb/>M. T. C. Tuscu lanarum Questionum li- bri Quin¬
          <lb/>que. Cum Indice.
          <lb/>A la fin: Argentorati in Aedibus Matthiae Schurerij,
          <lb/>Mense Iunio. Anno M. D. XVI. REGNANTE IMP. CAES.
          <lb/>MAXIMI- LIANO P. F. AVG. P. P.
          <lb/>In-4°, car, rom, LXXXIII ff. ch., 5 fl. non ch. (Index), verso
          <lb/>du dernier f., blanc) titre courant, initiales blanches sur fond noir C, N,0;
          <lb/>titre encadré: un portique sur le socle duquel l’aigle impériale, à droite
          <lb/>du socle monogramme d’Urs Graf. Au-dessus du portique, bande d’or¬
          <lb/>nement. (Reproduit dans le Catalogue LXXXI d’Olschki, Florence, 1912
          <lb/>p. 67).
          <lb/>Au verso du titre: Vulphganus Angst Lectori... — Argen¬
          <lb/>toraco, ex Aedibus Schu-rerianis. Vl. Idus Februarij.
          <lb/>Anno. M. D.X.
          <lb/>*R 100.068. Prov, inconnue.
          <lb/>De nombreuses annotations mss. dans le texte.
          <lb/>Schmidt VIII, No 188: BM de Colmar; il dit sans pagination.
          <lb/>GPB. BU Breslau, Gœttingue; Olschki, Florence, Cataloque
          <lb/>LXXXI, No 59; 50 frs.
          <lb/>493
          <lb/>323
          <lb/>CICERO
          <lb/>Strasbourg, M. Schürer, 1518.
          <lb/>M. TVLLII CICERONIS RHETORICO-(RVM LIBRI QVATV¬
          <lb/>OR AD HEREN ] NIVM.
          <lb/>Item. M. Tullij Ciceronis de Inuen-tione libri duo.)
          <lb/>Et haec quam castigatissime.
          <lb/>A la fin: Argentorati. Ex Aedibus Schurerij. Mense
          <lb/>Ianuario. Anno M. D. XVIII.! Conrado Duntzenhemio. IIl
          <lb/>Dictatore Argentoratensi. REGNANTE IMPERATORE CAESARE
          <lb/>MAXIMILIANO P. F. AVG. P. P.
          <lb/>In-4°, car. rom., CXII. ff. ch., titre courant, titre encadré. Voir
          <lb/>No 97.
        </p>
      </div>
    </body>
  </text>
</TEI>
