<?xml version='1.0' encoding='UTF-8'?>
<?xml-model href="https://raw.githubusercontent.com/OpenITI/tei_openiti/master/tei_openiti.rng" type="application/xml" schematypens="http://relaxng.org/ns/structure/1.0"?>
<?xml-model href="https://raw.githubusercontent.com/OpenITI/tei_openiti/master/tei_openiti.rng" type="application/xml" schematypens="http://purl.oclc.org/dsdl/schematron"?>
<TEI xmlns="http://www.tei-c.org/ns/1.0">
  <teiHeader>
    <fileDesc>
      <titleStmt>
        <title/>
      </titleStmt>
      <publicationStmt>
        <p/>
      </publicationStmt>
      <sourceDesc>
        <p/>
      </sourceDesc>
    </fileDesc>
    <profileDesc>
      <calendarDesc>
        <calendar xml:id="ah">
          <p>Anno Hegirae</p>
        </calendar>
      </calendarDesc>
    </profileDesc>
    <xenoData xml:space="preserve">
CREATED: 2024-04-12T12:30:36.445174+00:00
CREATED BY: eScriptorium vpassthistobuildcmd
IMAGE FILENAME: A121078-2337.tif
IMAGE WIDTH: 2318
IMAGE HEIGHT: 3812
</xenoData>
  </teiHeader>
  <text>
    <body>
      <div>
        <p>
          <lb/>chus et Index.), titre courant, réclames, initiale à fig. Get initiale
          <lb/>In-8°, car. ital., 6 ff. non ch. 275 ff. ch. 15 ff. non ch. Elen¬
          <lb/>d’attente.
          <lb/>fol. 2a non ch.: AD MICHAELEM COMITEM WERTHEI¬
          <lb/>mensen loannis Sturmij Praefatio. (4 p.)
          <lb/>fol. 4a non ch.: LIBRARIVS, (8 lignes.)
          <lb/>fol. 5a non ch.: IACOBO SADOLETO (ANDREAS NAVG. (6 p.)
          <lb/>fol Sa non ch.: Index.
          <lb/>R101 913.: Prov.: O. Harrassowitz, Leipzig (Catal. 57, No 847),
          <lb/>28/X. 1879; 1 M. Rel. anc.
          <lb/>2e exemplaire, R101.684 Prov.: Don du pasteur Riedel. Lubeck,
          <lb/>21/XI. 1877 avec l’autographe de Riedel au milieu du titre. Rel, anc.
          <lb/>GPB: B U Breslau.
          <lb/>508
          <lb/>CICERO
          <lb/>Strasbourg, W. Rihel, 1549-50.
          <lb/>M. T. Ciceronis Epistolarvm volvmen primvm, quod
          <lb/>est librorum sedecim. Cvm praefatione loan. Stvr- mii,
          <lb/>ad Erasmum Argentoratensium Episcopum delectum.
          <lb/>Additus est etiam Index copiosus: &amp;amp; scholia Pauli Manutij.
          <lb/>Marque typ. de Wendelin Rihel (H e B. Planche XXIX, N°3;
          <lb/>Silvestre, No 740.)
          <lb/>Au-dessous: Cum gratia &amp;amp; Priuilegio Caesareo ad Sep¬
          <lb/>tennium. Argentorati. XLIX. (Verso blanc.)
          <lb/>A la fin: Argentorati in Aedibus Vuendelini Rihelij.
          <lb/>Mense Septembri Anno M. D. XLIX. (Verso blanc).
          <lb/>(II.] Altervm Epi- stolarum Volumen. Ad T. Atticum.
          <lb/>Ad M. Brutum. Ad Quintum fratrem. Cvm praefatione
          <lb/>Ioan. Stvr mij ad Vuolfgangum Abbatem Campidunen¬
          <lb/>sem. Cvm Indice et Pavli Manu- tij Annotationibus.
          <lb/>Même marque typogr. qu’au premier volume.
          <lb/>Au dessous: Cum gratia &amp;amp; Priuilegio Caesario ad Sep¬
          <lb/>tennium. Mais sans lieu ni date.
          <lb/>In-8°, car. ital., Vol. I: 8 ff. non ch. — 267 ff. ch. (dernier f.
          <lb/>par erreur chiffré 367) — 23 f. non ch. (Variationes et Index.)
          <lb/>Vol. H. 15 ff. non ch. suivis d’un f. blanc - 331 ff. ch. - 32 ff.
          <lb/>non ch. (Index), titre courant, réclames, initiales d’attente.
          <lb/>Vol. I fol. a 2a: Ad... Erasmum Episcopum Argen¬
          <lb/>toratensem, electum Lantgra- uium Alsatiae Ioan. Stur
          <lb/>mij Praefatio.
          <lb/>333
        </p>
      </div>
    </body>
  </text>
</TEI>
