<?xml version='1.0' encoding='UTF-8'?>
<?xml-model href="https://raw.githubusercontent.com/OpenITI/tei_openiti/master/tei_openiti.rng" type="application/xml" schematypens="http://relaxng.org/ns/structure/1.0"?>
<?xml-model href="https://raw.githubusercontent.com/OpenITI/tei_openiti/master/tei_openiti.rng" type="application/xml" schematypens="http://purl.oclc.org/dsdl/schematron"?>
<TEI xmlns="http://www.tei-c.org/ns/1.0">
  <teiHeader>
    <fileDesc>
      <titleStmt>
        <title/>
      </titleStmt>
      <publicationStmt>
        <p/>
      </publicationStmt>
      <sourceDesc>
        <p/>
      </sourceDesc>
    </fileDesc>
    <profileDesc>
      <calendarDesc>
        <calendar xml:id="ah">
          <p>Anno Hegirae</p>
        </calendar>
      </calendarDesc>
    </profileDesc>
    <xenoData xml:space="preserve">
CREATED: 2024-04-12T12:30:39.618421+00:00
CREATED BY: eScriptorium vpassthistobuildcmd
IMAGE FILENAME: A121078-2450.tif
IMAGE WIDTH: 2402
IMAGE HEIGHT: 3828
</xenoData>
  </teiHeader>
  <text>
    <body>
      <div>
        <p>
          <lb/>446
          <lb/>DURANDUS Guilhelmus
          <lb/>Haguenau, H. Gran, 1509
          <lb/>Rationale diuinorum. (Verso blanc.)
          <lb/>A la fin: Rationale diuinorum impensis circumspe cti
          <lb/>viri Joannis Rynman de Oringau: in officina industrij
          <lb/>Henrici Gran, in oppi do imperiali Hagenaw impressum
          <lb/>in prima die mensis septembris completum: anno vir¬
          <lb/>ginei partus M. D. XIX finit feliciter.
          <lb/>titre courant, initiales ornées. Presque identique avec l’édition précé¬
          <lb/>In-fol., car. goth., 2 col., 3 ff. non ch. (table), CCXXXII ff. ch.,
          <lb/>dente.
          <lb/>fol. Ia: Prologus cipit Rationale diuinorum offi¬
          <lb/>ciorum Guilhelmi minaten- sis ecclesie episcopi...
          <lb/>R10.317. Prov.: BN Munich, 22/1. 1880, 1M.
          <lb/>Annotations mss. Au bas du titre: Ex libris Ottonis Gesneri; à
          <lb/>l&amp;#x27;intérieur du Ier plat: Duplum Bibliothecae regiae Monacensis; fol. a
          <lb/>2a non ch., en haut: PP. Reformatorum ad Frisinge bibliothecam.
          <lb/>BN Paris, Rés. B 604 bis; Proctor II, Sectio I, No 11.679:
          <lb/>Londres, British Museum.
          <lb/>669
          <lb/>DURUS DE PASCOLO, Aulicus Politicus, Voir: Speculum Auli¬
          <lb/>carum. N 5. Strasbourg, L. Zetzner, 1600.
          <lb/>DYNTER Edm., Genealogia ducum Burgundiae... Voir, GERARDUS
          <lb/>Noviomagus.
          <lb/>atio
          <lb/>Strast
        </p>
      </div>
    </body>
  </text>
</TEI>
