<?xml version='1.0' encoding='UTF-8'?>
<?xml-model href="https://raw.githubusercontent.com/OpenITI/tei_openiti/master/tei_openiti.rng" type="application/xml" schematypens="http://relaxng.org/ns/structure/1.0"?>
<?xml-model href="https://raw.githubusercontent.com/OpenITI/tei_openiti/master/tei_openiti.rng" type="application/xml" schematypens="http://purl.oclc.org/dsdl/schematron"?>
<TEI xmlns="http://www.tei-c.org/ns/1.0">
  <teiHeader>
    <fileDesc>
      <titleStmt>
        <title/>
      </titleStmt>
      <publicationStmt>
        <p/>
      </publicationStmt>
      <sourceDesc>
        <p/>
      </sourceDesc>
    </fileDesc>
    <profileDesc>
      <calendarDesc>
        <calendar xml:id="ah">
          <p>Anno Hegirae</p>
        </calendar>
      </calendarDesc>
    </profileDesc>
    <xenoData xml:space="preserve">
CREATED: 2024-04-12T12:30:36.398172+00:00
CREATED BY: eScriptorium vpassthistobuildcmd
IMAGE FILENAME: A121078-2334.tif
IMAGE WIDTH: 2318
IMAGE HEIGHT: 3814
</xenoData>
  </teiHeader>
  <text>
    <body>
      <div>
        <p>
          <lb/>330
          <lb/>9 ff. non ch. (Index), titre courant, réclames, initiale ornée M, le reste
          <lb/>In-4°, car. ital, 8 ff. non ch. dont le dernier blanc, 245 ff. ch.,
          <lb/>initiales d’attente.
          <lb/>(H e B, Planche XXIX, NO 2; Silvestre, No 742).
          <lb/>Au verso du dernier f. (recto blanc,) marque typ. de W. Rihel.
          <lb/>SILIARIVM loannis Sturmij praefatio. (2 p.)
          <lb/>fol. a 2a non ch.: AD ADAMVM CARO! LVM REGIVM CON¬
          <lb/>fol. a 3a non ch.: ALDI P. M. AD ANDREAM! NAVGERIVM
          <lb/>PATRITIVM VENE TVM, COMPATREM, IN LI BROS DE ARTE
          <lb/>RHETO RICA PRAEFATIO. (10 p.)
          <lb/>anc.
          <lb/>R101.689. Prov.: Don de la Bibliothèque de Stuttgart 18r1. Rel.
          <lb/>GPB: BN et BU Berlin, BU Breslau, Halle, Kœnigsberg. 501
          <lb/>CICERO
          <lb/>Strasbourg, W. Rihel, 1541.
          <lb/>M. TVLLII CICERO-INIS ALTERVM EPI- stolarum Volu¬
          <lb/>men.Ad. T. Atticum. Ad M. Brutum.Ad Quintum
          <lb/>fratrem, CVM PRAEFATIONE IOAN. STVR mij ad Vuolf¬
          <lb/>gangum Abbatem Campidunensem. Cum Indice &amp;amp; Pauli
          <lb/>Manu- tij Annotationibus.
          <lb/>Marque typ de W. Rihel. (H e B, Planche XXIX, No 4; Sil¬
          <lb/>vestre, N° 741.) Verso blanc.
          <lb/>Nouveau titre pour Manutius: PAVLI MANVTIIIN EPISTO¬
          <lb/>LAS AD ATTICVM, ad Brutum, ad Quintum fratrem scho¬
          <lb/>lia, quibus abditi locorum sensus osten-duntur, cum
          <lb/>explicatione ca- stigationum, quae in his epi- stolis penè
          <lb/>innumerabi- les factae sunt.
          <lb/>Même marque typ. qu’au titre principal.
          <lb/>Argentorati per Vuendelinum Rihelium, ANNo M.D.XLI.
          <lb/>(Verso blanc)
          <lb/>Au verso du dernier f. des épîtres ainsi qu’au verso du dernier
          <lb/>f. des Scholia, marque typ. de W. Rihel. (HŒB, Planche XXIX, No 2,
          <lb/>Silvestre, NO 742.)
          <lb/>In-8°, car. ital, 16 ff. non ch., dont le dernier blanc, 331 ff. ch.
          <lb/>pour les épîtres avec un Index de 32 ff. non ch. et 1 f. blanc, 24 ff.
          <lb/>non ch. pour les Scholia de Manutius, réclames, initiales d’attente.
          <lb/>fol. a 2a non ch.: Ad... Vuolffgangum à Grüenensteyn
          <lb/>Abba tem Campidunensem. (Préface de 6 p.)
          <lb/>R101.912. Prov.: Bibliothèque F. A. Menke, Brême, 1873, avec
          <lb/>l’autographe de Menke et la date 1823.
        </p>
      </div>
    </body>
  </text>
</TEI>
