<?xml version='1.0' encoding='UTF-8'?>
<?xml-model href="https://raw.githubusercontent.com/OpenITI/tei_openiti/master/tei_openiti.rng" type="application/xml" schematypens="http://relaxng.org/ns/structure/1.0"?>
<?xml-model href="https://raw.githubusercontent.com/OpenITI/tei_openiti/master/tei_openiti.rng" type="application/xml" schematypens="http://purl.oclc.org/dsdl/schematron"?>
<TEI xmlns="http://www.tei-c.org/ns/1.0">
  <teiHeader>
    <fileDesc>
      <titleStmt>
        <title/>
      </titleStmt>
      <publicationStmt>
        <p/>
      </publicationStmt>
      <sourceDesc>
        <p/>
      </sourceDesc>
    </fileDesc>
    <profileDesc>
      <calendarDesc>
        <calendar xml:id="ah">
          <p>Anno Hegirae</p>
        </calendar>
      </calendarDesc>
    </profileDesc>
    <xenoData xml:space="preserve">
CREATED: 2024-04-12T12:30:33.709636+00:00
CREATED BY: eScriptorium vpassthistobuildcmd
IMAGE FILENAME: A121078-2236.tif
IMAGE WIDTH: 2294
IMAGE HEIGHT: 3818
</xenoData>
  </teiHeader>
  <text>
    <body>
      <div>
        <p>
          <lb/>232
          <lb/>A la fin: Prime partis sermonum Rosarij Finis opta
          <lb/>tus adest: Henrico Gran ciue Hagenaw coo-perante, Jm¬
          <lb/>pensis &amp;amp; sumptibus prouidi Joannis Rynman de Oringaw.
          <lb/>Anno salutis nostre Tre! decimo supra Mille quingentos:
          <lb/>Jpsa Vigi-lia Pentecostes.
          <lb/>In-fol., car. goth., 2 col., 26 ff. non ch. CCXIII ff. ch., titre
          <lb/>courant, quelques initiales d’attente.
          <lb/>Au verso du titre: Epistola ac domino Bernar¬
          <lb/>dino Rhomane ecclesie tituli sanctae Crucis in Hierusalem
          <lb/>presbytero Cardinali dignissimo: frater Bernar dinus de
          <lb/>Busti de Mediolano... commendationem. (12 lignes.)
          <lb/>fol. aa 2a non ch.: Pulcra carmina in commenda! tionem
          <lb/>huius operis... (2 pp. de vers latins). Le reste des ff. non ch.: Index.
          <lb/>R10.312. Prov.: Don de Fidelis Butsch fils, antiquaire à Augs¬
          <lb/>bourg, 1871. Au haut du titre: Monasterij Ranshouen. Rel. anc.
          <lb/>GPB: Berlin SB, Breslau BU.
          <lb/>348
          <lb/>BUTZER Martin
          <lb/>[Strasbourg, J. Schott, 1523].
          <lb/>Das ym selbs niemant, sonder anderen leben soll.
          <lb/>vnd wie der menschen da hin kumm-en mög. Mar¬
          <lb/>tinus Butzer.
          <lb/>In-4°, car. goth, 16 ff. non ch., titre courant, réclames, notes
          <lb/>marginales, grande initiale à fig. G; titre encadré. (Voir No 6 et 9).
          <lb/>Au verso du titre: Vorred.Martinus Butzer seinen zû¬
          <lb/>hörern... — Zâ Straszburg. Anno. M. D. xxiij. Mense
          <lb/>Augusti.
          <lb/>&amp;quot;RIOI.978. Prop.: Bibliothèque Ch. Schmidt, avec son exlibrie
          <lb/>et l’annotation de sa main: “Double de la bibliothèque de S. Guillaume,
          <lb/>qui me fut cédé en janvier 1884.»
          <lb/>Schmidt II, N° 75; Bibl. St. Guillaume Strasbourg; Walter:
          <lb/>Sélestat N° 850. GPB: Berlin SB, Gœttingue BU, Kœnigsberg BU,
          <lb/>Marbourg BU, Munster BU.
          <lb/>Baum J. W., Capito und Bucer, Elberfeld, 1860, in-80, No1;
          <lb/>Mentz Ferd., Bibliographische Zusammenstellung der gedruckten Schrif¬
          <lb/>ten Butzers I= Zur 400 jahrigen Geburtsfeier Martin Butzers, p. 100¬
          <lb/>180), Strassburg, J. H. Ed. Heitz, 1891, N° 1: Wernigerode (Bibl.
          <lb/>Stolberg).
          <lb/>Schottenloher Karl, Bibliographie sur deutschen Geschichte im
          <lb/>Zeitalter der Glaubensspaltung (1517-1585), Leipzig, Hiersemann, 1933
          <lb/>et suiv., in-80. Vol. I, N° 2230-2292.
          <lb/>Dans la suite ces ouvrages seront cités : Baum, Mentz, Schotten¬
          <lb/>loher.
          <lb/>349
        </p>
      </div>
    </body>
  </text>
</TEI>
