<?xml version='1.0' encoding='UTF-8'?>
<?xml-model href="https://raw.githubusercontent.com/OpenITI/tei_openiti/master/tei_openiti.rng" type="application/xml" schematypens="http://relaxng.org/ns/structure/1.0"?>
<?xml-model href="https://raw.githubusercontent.com/OpenITI/tei_openiti/master/tei_openiti.rng" type="application/xml" schematypens="http://purl.oclc.org/dsdl/schematron"?>
<TEI xmlns="http://www.tei-c.org/ns/1.0">
  <teiHeader>
    <fileDesc>
      <titleStmt>
        <title/>
      </titleStmt>
      <publicationStmt>
        <p/>
      </publicationStmt>
      <sourceDesc>
        <p/>
      </sourceDesc>
    </fileDesc>
    <profileDesc>
      <calendarDesc>
        <calendar xml:id="ah">
          <p>Anno Hegirae</p>
        </calendar>
      </calendarDesc>
    </profileDesc>
    <xenoData xml:space="preserve">
CREATED: 2024-04-12T12:30:38.128662+00:00
CREATED BY: eScriptorium vpassthistobuildcmd
IMAGE FILENAME: A121078-2397.tif
IMAGE WIDTH: 2376
IMAGE HEIGHT: 3824
</xenoData>
  </teiHeader>
  <text>
    <body>
      <div>
        <p>
          <lb/>lappii egregii mercatoris &amp;amp; ciuis Schorndorfi in regio-ne
          <lb/>ducis Vuirtembergensis...
          <lb/>fol. 288a: CONRADI GESNERI APPENDIX... AD FRAN- ciscum
          <lb/>Calceolarium, pharmacopolam Veronen- sem... — Tiguri
          <lb/>Heluetiorum Cal. Iunij. Anno M. D. LXI.
          <lb/>fol. 301b: TAMHAION MICHAELIS BARTH. ANNAEBERGEN¬
          <lb/>SISAD M. MORICIVM STEINMETZ. (I page et demie à 2 col, vers
          <lb/>latins.)
          <lb/>R 48. Prov. inconnue. Rel, anc.
          <lb/>2 ex. R 10.518. Prov.: Don de la Bibl. Univ. de Gœttingue; au
          <lb/>verso du titre: Ex-libris. Rel. anc.
          <lb/>3e ex. R 10.414./1) Prov.: Bibliothèque Hermann, Strasbourg.
          <lb/>De nombreuses notes mss. au f. de garde au haut : « Liber quintus
          <lb/>qui hic adiectus est, rarissimus est. Qui ejus raritatem norunt, solent illum
          <lb/>exscriptum suo exemplari addere, etc...?; au bas: «Toxites hic, qui vo¬
          <lb/>lumine hoc usus est, Medicus fuit Argentinensis, qui medio Seculo XVI
          <lb/>Carrichteri herbarium denuo edidit.» Au bas du titre, autographe de
          <lb/>Toxites. Après 239 un f. manuscrit : «Ad Gesnerum de hortis Germaniae»
          <lb/>de la main de Hermann, Anno 1797.
          <lb/>4e ex. R 10528. Prov.: Don du Prof. F. A. Flückiger, Bern,
          <lb/>16/V. 1895. Notes mss. Sur une fiche collée à l&amp;#x27;intérieur du ter plat:
          <lb/>Reproduction du Portrait de Valerius Cordus, au-dessus: « Veterum ali¬
          <lb/>quot et recentium Medicorum philosophorumque Icones : Ex bibliotheca
          <lb/>Johannis Sambuci, cum ejusdem ad singulas eulogiis. Praemisso hac edi¬
          <lb/>tione, Vitae singulorum &amp;amp; scriptorum indiculo... Ex officina Plantiniana
          <lb/>Raphelengii Antwerp. 1603. Vorrede von Sambucus; Vienna, Kalend. Jan.
          <lb/>1574. Göttinger Bibliothek.» Au-dessous du portrait 2 distiques latins. A
          <lb/>l&amp;#x27;intérieur du Ier plat: « Das Bild von Valerius Cordus in D. Pauli Fre¬
          <lb/>heri Theatrum virorum clarorum Noribergae impensis Johannis Hofmanni
          <lb/>1688 ist nur eine schlechte Copie aus Sambuci Icones Ex off. Plantiniana
          <lb/>Raphelengi Antwerpiae 1603. Dieses letztere Bild hier beiliegend, woher
          <lb/>es stammt, gibt weder Freher noch Sambucus an.»
          <lb/>Au verso du titre, timbre: «Doublette der Stadtbibliothek 2u Breslau.»
          <lb/>A la fin sur une fiche blanche: «Das fünfte Buch der Stirpium
          <lb/>descriptiones, welches Meyer, Geschichte der Botanik IV, 318. 321 er¬
          <lb/>wähnt, fehlt hier. Im Exemplare der Strassburger Bibliothek (mit den 4
          <lb/>Büchern zusammengebunden, welche Gesner 1561 herausgegeben) steht
          <lb/>von der Hand Hermanns, des ausgezeichneten Strassburger Bibliophilen:
          <lb/>&amp;quot;Liber quintus. qui hic adiectus est, rarissimus est.» Den Inhalt dieses
          <lb/>V. Buches, 25 Beschreibungen italienischer Pflanzen habe ich im Anhang
          <lb/>zur 2. Aufl. der Pharmakognosie angeführt; die Pflanzen selbst wären
          <lb/>noch im einzelnen zu deuten.» En outre une facture de la librairie Wil¬
          <lb/>helm Kœbner, Breslau du 12. 6.1880 adressée à l’Institut Pharmaceuti¬
          <lb/>que de l&amp;#x27;Université de Strasbourg, prix 4M. 50 au bas de laquelle il est
          <lb/>dit: von mir bezahlt, Privateigentum, Flückiger.
          <lb/>BN Paris, Te 139, 10; Oxford, Bibl. Bodleiana. GPB: BN Ber¬
          <lb/>587
          <lb/>lin, BU Breslau, Gœttingue, Halle, Kiel, Kœnigsberg.
          <lb/>393
        </p>
      </div>
    </body>
  </text>
</TEI>
