<?xml version='1.0' encoding='UTF-8'?>
<?xml-model href="https://raw.githubusercontent.com/OpenITI/tei_openiti/master/tei_openiti.rng" type="application/xml" schematypens="http://relaxng.org/ns/structure/1.0"?>
<?xml-model href="https://raw.githubusercontent.com/OpenITI/tei_openiti/master/tei_openiti.rng" type="application/xml" schematypens="http://purl.oclc.org/dsdl/schematron"?>
<TEI xmlns="http://www.tei-c.org/ns/1.0">
  <teiHeader>
    <fileDesc>
      <titleStmt>
        <title/>
      </titleStmt>
      <publicationStmt>
        <p/>
      </publicationStmt>
      <sourceDesc>
        <p/>
      </sourceDesc>
    </fileDesc>
    <profileDesc>
      <calendarDesc>
        <calendar xml:id="ah">
          <p>Anno Hegirae</p>
        </calendar>
      </calendarDesc>
    </profileDesc>
    <xenoData xml:space="preserve">
CREATED: 2024-04-12T12:30:26.547375+00:00
CREATED BY: eScriptorium vpassthistobuildcmd
IMAGE FILENAME: A121078-2013.tif
IMAGE WIDTH: 2394
IMAGE HEIGHT: 3826
</xenoData>
  </teiHeader>
  <text>
    <body>
      <div>
        <p>
          <lb/>EXCVSVM MüLHvsn superioris Alsatiae per Petrum
          <lb/>Fabricium. 1 1560. (Verso blanc.)
          <lb/>A la fin: MYLOECH! Excudebat Petrus Fabricius, I mense
          <lb/>Septembri, Anno l M. D. LX.
          <lb/>Au verso du dernier f. blanc: Marque typ. de P. Schmid. (H&amp;amp;B,
          <lb/>Planche LXXV, No 1; Silvestre, No 1183.)
          <lb/>in-4°, car, rom, et ital., 4 ff. non ch., 63 ff. ch., titre courant,
          <lb/>réclames, nôtes marginales, initiale à fig. O et initiale ornée O.
          <lb/>Fol.A2a: PRINCIPI...Domino Fridericho Comiti Pala
          <lb/>tino Rheni, Duci Bauariae... Joannes Jaco-bus Huggelius.
          <lb/>S. P. D. 1... — Basileae XII. ! Calend. Junij. Anno M. D. LX.
          <lb/>R100569. Prov.: Don de Fidelis Butsch, antiquaire à Augs¬
          <lb/>bourg, 1871.
          <lb/>GPB, II, 2549. München, Wien.
          <lb/>13
          <lb/>AGENDA
          <lb/>Strasbourg, R. Beck, 1513.
          <lb/>Agenda siue Exe quiale sacramentorum.! Et eorum
          <lb/>que in eccle sijs aguntur.
          <lb/>A la fin: Excussum Argentine per Renatum Beck, An¬
          <lb/>no M. D. Xiij. (Verso blanc.)
          <lb/>in-4°, car. goth. de missel, noirs et rouges, titre en rouge, table
          <lb/>au verso du titre en car, rom.; LXXX ff. ch. - 2 ff. non ch.; initiales
          <lb/>ornées: E, J. P, L, A, O, S, B.
          <lb/>M 105555. Prov.: Bibl. Heitz.
          <lb/>Au dernier f. blanc: notes mss. (21 lignes).
          <lb/>Sur une fiche collée à l&amp;#x27;intérieur de la couverture: «Diese Agenda
          <lb/>e. Exequiale ist ein Abdruck der um das Jahr 1480 zu Strassburg
          <lb/>gedruckten Agenda parochialium ecclesiarum Argentinensis Diocesis»,
          <lb/>ohne Titelblatt. Doch fehlt hier Bischof Albrechts Admonitio ad cle¬
          <lb/>ricos suos.
          <lb/>Voir: Kathol. K. u. Sch. Bl. für das Elsass, 1857.
          <lb/>Schmidt, IV, p.18, N08.
          <lb/>GPE, II, 2899. Berlin, Kiel.
          <lb/>14
          <lb/>AGENDA
          <lb/>Strasbourg, R. Beck, vers 1513.
          <lb/>Agenda: siue Exequia le sacramentorum. Et eorum
          <lb/>que in ecclesijs parochi alibus aguntur.
          <lb/>S. l. n. d. [Commencement du 16e siècle; Strasbourg, R. Beck.]
          <lb/>in-4°, car. goth. de missel, noirs et rouges, titre en rouge; LXXXVI
          <lb/>ff. ch. — 1 f. non ch., verso du dernier f. blanc, table au verso du
          <lb/>titre en car. rom., initiales rouges: E, A, O, B, L.
          <lb/>Réimpression de l’Agenda parochialium ecclesiarum publié à
          <lb/>Strasbourg en 1480.
          <lb/>*M105554. Prov.: Theodor Völcker, Francfort-s.-M., 1900, 75 M.
          <lb/>Note mes. au bas du titre: Christophorus Helvicus ex dono Da¬
          <lb/>nielis Volscii... 1611.
          <lb/>Manque chez Schmidt, IV.
          <lb/>15
        </p>
      </div>
    </body>
  </text>
</TEI>
