<?xml version='1.0' encoding='UTF-8'?>
<?xml-model href="https://raw.githubusercontent.com/OpenITI/tei_openiti/master/tei_openiti.rng" type="application/xml" schematypens="http://relaxng.org/ns/structure/1.0"?>
<?xml-model href="https://raw.githubusercontent.com/OpenITI/tei_openiti/master/tei_openiti.rng" type="application/xml" schematypens="http://purl.oclc.org/dsdl/schematron"?>
<TEI xmlns="http://www.tei-c.org/ns/1.0">
  <teiHeader>
    <fileDesc>
      <titleStmt>
        <title/>
      </titleStmt>
      <publicationStmt>
        <p/>
      </publicationStmt>
      <sourceDesc>
        <p/>
      </sourceDesc>
    </fileDesc>
    <profileDesc>
      <calendarDesc>
        <calendar xml:id="ah">
          <p>Anno Hegirae</p>
        </calendar>
      </calendarDesc>
    </profileDesc>
    <xenoData xml:space="preserve">
CREATED: 2024-04-12T12:30:26.958835+00:00
CREATED BY: eScriptorium vpassthistobuildcmd
IMAGE FILENAME: A121078-2026.tif
IMAGE WIDTH: 2382
IMAGE HEIGHT: 3828
</xenoData>
  </teiHeader>
  <text>
    <body>
      <div>
        <p>
          <lb/>22
          <lb/>Ecclesiae De-] cano, Menradus ! Moltherus! S. D. .. —
          <lb/>Spirae! Nemetum. Idibus Fe-[bruarii, Anno à Jesu! nato.
          <lb/>M. D. XXIX, (6 pages.)
          <lb/>indic. du prix.
          <lb/>E121795. Prov.: Recteur Müller, Quedlinbourg, 15/V. 1889, sans
          <lb/>GPB III, 169: Munich, Vienne, Breslau, Kiel, Königsberg. 34
          <lb/>ALCUINUS
          <lb/>Strasbourg, P. Schäffer, 1530.
          <lb/>DE TRINI-ITATE AC MYSTE] RIIS CHRISTI, ALCUINI] LE¬
          <lb/>VITAE LIBRI TRES.Sunt in his pleraeque certo et clare
          <lb/>definita, quae hoc potissimum! seculo, non sine fidei con
          <lb/>tumelia, in dubium! uocantur.
          <lb/>D. CAROLO IMPE-] RATORI DICATI.
          <lb/>Anno. M. D. LXXX. (Verso blanc.)
          <lb/>A la fin: ARGENTORATI APVD PETRVM ] SCHEFER, ET Jo¬
          <lb/>HANNEM APRONIANVM, SOCIOS. ] KALENDIS MARTIIS.
          <lb/>M. D. XXX.
          <lb/>in-8°, car, rom., 67 ff. non ch., sign. a-i, titre courant, réclames,
          <lb/>notes marg.
          <lb/>Fol. a 24: KAROLO Imperatori Avgvstiss.... humilis
          <lb/>Leuita Alcuinus...
          <lb/>E 141152. Prov.: Rosenthal, Munich, 21/x. 1884, 4 M.
          <lb/>GPB III, 176: Munich, Vienne, Breslau, Münster, Königsberg. 35
          <lb/>ALEANDER Hier, Voir: ELEMENTALE INTRODUCTORIUM,
          <lb/>C115145.
          <lb/>ALEXANDER Trallianus
          <lb/>Strasbourg, R. Guedon, 1549.
          <lb/>ALEXANDRI TRALLIANI MEDICI ] ABSOLVTISSIMI LIBRI
          <lb/>DVODECIM, Razae de Pestillentia libellus. Omnes nunc
          <lb/>primùm de Graeco accuratis-sime conuersi, multisque in
          <lb/>locis restituti &amp;amp; emendati, per Joannem Guinterium
          <lb/>Andernacum D. M.
          <lb/>Marque typ. de R. Guedon. (H &amp;amp; B. Planche XXXIV, n° 1.)
          <lb/>ARGENTORATI, Ex officina Remigii Guedonis.) Anno
          <lb/>M. D. XLIX, (Verso blane.)
          <lb/>A la fin: REMIGIVS GVEDON ] ARGENTORATI EXCVDE- BAT
          <lb/>PRIDIE IDVVM MARTII, ANNO 1549.
          <lb/>Au-dessus: même marque typ. qu’au titre.
          <lb/>in-80, ear. rom., 24 ff. non ch., 662 pages ch. — 1 f. blanc; titre
          <lb/>courant, notes marg., init. ornées C,A, E, P, H, Q, G.
          <lb/>Fol. A 2a non ch.: AD THOMAM CRANMERVM ARCHIE¬
          <lb/>PISCOPVM CANTVA]RIENSEM... JOANNIS GVINTERII ANDERNACI
          <lb/>PRAEFATIO... — Argentorati Idus Martias. (18 pages.)
        </p>
      </div>
    </body>
  </text>
</TEI>
