<?xml version='1.0' encoding='UTF-8'?>
<?xml-model href="https://raw.githubusercontent.com/OpenITI/tei_openiti/master/tei_openiti.rng" type="application/xml" schematypens="http://relaxng.org/ns/structure/1.0"?>
<?xml-model href="https://raw.githubusercontent.com/OpenITI/tei_openiti/master/tei_openiti.rng" type="application/xml" schematypens="http://purl.oclc.org/dsdl/schematron"?>
<TEI xmlns="http://www.tei-c.org/ns/1.0">
  <teiHeader>
    <fileDesc>
      <titleStmt>
        <title/>
      </titleStmt>
      <publicationStmt>
        <p/>
      </publicationStmt>
      <sourceDesc>
        <p/>
      </sourceDesc>
    </fileDesc>
    <profileDesc>
      <calendarDesc>
        <calendar xml:id="ah">
          <p>Anno Hegirae</p>
        </calendar>
      </calendarDesc>
    </profileDesc>
    <xenoData xml:space="preserve">
CREATED: 2024-04-12T12:30:34.543753+00:00
CREATED BY: eScriptorium vpassthistobuildcmd
IMAGE FILENAME: A121078-2262.tif
IMAGE WIDTH: 2292
IMAGE HEIGHT: 3818
</xenoData>
  </teiHeader>
  <text>
    <body>
      <div>
        <p>
          <lb/>258
          <lb/>BUTZER Martin
          <lb/>[Strasbourg ? 1 1546.
          <lb/>Ein warhafftiger berichte vom Colloquio zu Regen¬
          <lb/>spurg, dis jars angefangen, vnd von dem abzug der Au¬
          <lb/>ditoren vnd Colloquenten, die von Fürsten vnd Stenden
          <lb/>der Augspurgi- schen Confession da- hin verordnet
          <lb/>waren. (Feuille de lierre.)
          <lb/>LVCE XX. (5 lignes.)
          <lb/>Martin. Buc. ANo M. D. XLVI. (Verso blanc.)
          <lb/>réclames. Variante du numéro précédent.
          <lb/>In-4°, car. goth., 8 ff. non ch., dont le dernier blanc, sign. A-B,
          <lb/>indication du prix.
          <lb/>R 101.543. Prov.: Recteur Müller, Quedlinbourg, 15/V. 1889, sans
          <lb/>GPB: Berlin BN et BU, Breslau BU, Kœnigsberg BU.
          <lb/>Mente No 71e.
          <lb/>388
          <lb/>BUTZER Martin
          <lb/>[Strasbourg, W. Rihel ?1 1546.
          <lb/>Ein warhaffter berich von Colloquio zu Regens¬
          <lb/>purg, dis jars angefangen, vnd von dem abzug der
          <lb/>Auditoren vnd Colloquenten, die von Fürsten vnd Sten¬
          <lb/>den der Augspurgischen Confes! sion dahin verord! net
          <lb/>waren.
          <lb/>Luc. XX. (5 lignes.)
          <lb/>Martin Bucer. Anno 1546. (Verso blanc.)
          <lb/>In-40, car. goth., 8 ff. non ch., verso du dernier f. blanc, sign.
          <lb/>A-B, réclames, initiale goth. A. fol. A2 sign. aij au lieu de Aij.
          <lb/>Variante des deux numéros précédents.
          <lb/>R101.542. Prov.: Bibliothèque Ch. Schmidt, avec son ex-libris à
          <lb/>t&amp;#x27;intérieur de la couverture.
          <lb/>B M Strasbourg; Oxford, Bibl. Bodleiana; GPB: Gœttinque RU,
          <lb/>Greifswald RU. Dr. Benzing m’écrit:, Davon gibt es eine unterschrie¬
          <lb/>bene Ausgabe von W. Rihel vorhanden in Marburger UB.&amp;quot;
          <lb/>Mente No 77d.
          <lb/>389
          <lb/>BUTZER Martin
          <lb/>[Strasbourg? 1 1547.
          <lb/>Das sich niemand zâ verwundern habe, Auch nit
          <lb/>vrsach, kleinmütig vnd zag zû werden! ab der schweren
          <lb/>trieb- sal diser zeit, Vnd wa mit man sich dage-gen
          <lb/>trösten vnd stercken solle.
          <lb/>Ein Sendbrieue Martini Bu- ceri, An ein Christliche
          <lb/>angefochtene Gemeinde Christi.Psalm. 119. Herr, ich
        </p>
      </div>
    </body>
  </text>
</TEI>
