<?xml version='1.0' encoding='UTF-8'?>
<?xml-model href="https://raw.githubusercontent.com/OpenITI/tei_openiti/master/tei_openiti.rng" type="application/xml" schematypens="http://relaxng.org/ns/structure/1.0"?>
<?xml-model href="https://raw.githubusercontent.com/OpenITI/tei_openiti/master/tei_openiti.rng" type="application/xml" schematypens="http://purl.oclc.org/dsdl/schematron"?>
<TEI xmlns="http://www.tei-c.org/ns/1.0">
  <teiHeader>
    <fileDesc>
      <titleStmt>
        <title/>
      </titleStmt>
      <publicationStmt>
        <p/>
      </publicationStmt>
      <sourceDesc>
        <p/>
      </sourceDesc>
    </fileDesc>
    <profileDesc>
      <calendarDesc>
        <calendar xml:id="ah">
          <p>Anno Hegirae</p>
        </calendar>
      </calendarDesc>
    </profileDesc>
    <xenoData xml:space="preserve">
CREATED: 2024-04-12T12:30:32.058442+00:00
CREATED BY: eScriptorium vpassthistobuildcmd
IMAGE FILENAME: A121078-2187.tif
IMAGE WIDTH: 2292
IMAGE HEIGHT: 3818
</xenoData>
  </teiHeader>
  <text>
    <body>
      <div>
        <p>
          <lb/>183
          <lb/>côtés sont partagées ensemble en 10 carrés, dans chacun desquels le soi¬
          <lb/>disant portrait d’un médecin ou d’un naturaliste de l’antiquité, chacun
          <lb/>avec son nom; en bas, assemblée de médecins, dans une salle au milieu
          <lb/>de laquelle un vase avec un bouquet de fleurs.
          <lb/>fol. 77a: bande d’ornement avec un lièvre au milieu.
          <lb/>Au verso du titre: DOCTORI THEOBALDO Fettich, Van¬
          <lb/>gionum Medico Clariss. OTHO BRVNNFEL.! S. D....— Argen¬
          <lb/>torati. XXVI. Decembr. Anno Christi. M. D. XXIX. (2 pages.)
          <lb/>Suivent 5 pages d’Index à 2 col.
          <lb/>R 101916. Prov.: Echange avec le Friedrich-Gymnasium, Franc¬
          <lb/>fort s. Oder, 14/XII. 1888.
          <lb/>A l&amp;#x27;intérieur de la couverture, cachet: SIGILLVM CVRATORVM
          <lb/>S-HOLAE REFORMATAE FRIDERICIANAE FRANÇOF. AD O.
          <lb/>Oxford, Bibl. Bodleiana; BN Paris, 3 exemplaires: Q. 570, T.81
          <lb/>44 Rés. O. 223; Roth, loco citato N° 23: Hofbibl. Darmstadt, Hosbibl.
          <lb/>Wien, UB Leipzig; Schmidt II, NO 116. GPB: Berlin, Breslau RU,
          <lb/>Bonn BU, Gœttinque BU, Greifswald BU, Marbourg BU.
          <lb/>286
          <lb/>BRUNFELS Otto
          <lb/>Strasbourg, J. Schott, 1530.
          <lb/>HERBA! RVM! VIVAE EICONES! ad naturae imitationem,
          <lb/>summa cum diligentia et artificio effigiatae, vna cum
          <lb/>FFE- CTIBVS earundem, in gratiam ue- teris illius, &amp;amp;
          <lb/>iamiam renascentis Herbariae Medicinae, PER. OTH.
          <lb/>BRVNF.) recens editae. M. D. XXX. Quibus adiecta ad
          <lb/>calcem, AppENDiX isagogica de vsu &amp;amp; ad- ministratione
          <lb/>SIMPLICIVM. Item INDEX Contentorum singulorum.
          <lb/>Argentorati apud Ioannem Schottum cum! Caes. Maiest.
          <lb/>Priuilegio ad Sexennium. (Verso blanc.)
          <lb/>A la fin de l’appendice: ARGENT, per lo. Schottum, CA¬
          <lb/>ROL. Imp. V. Anno 10. CHRI-T) uero Seruatoris 1530.
          <lb/>Au-dessus: NICOLAVS Prugnerus, candido Lectori S.
          <lb/>9 strophes à 4 vers.)
          <lb/>In-fol., car. rom., 4 ff. non ch., 266 pp. ch., par erreur la pagi¬
          <lb/>nation saute de 18 à 21, 3 ff. non ch. L’appendice, 29 ff. non ch., sign.
          <lb/>A-G, titre courant, notes marg., titre rouge et noir; init. à fig. V, P.
          <lb/>De nombreuses gravures de plantes faites par Jean Weidita. Titre en¬
          <lb/>cadré: au haut, Venus et Silène, ivre dans un jardin; au bas, à droite,
          <lb/>Hercule assommant le dragon qui regarde de la porte du jardin des
          <lb/>Hespérides; à gauche, le jardin lui-même avec des orangers et des
          <lb/>palmiers et les 3 filles d’Hespérus; dans la bordure de gauche, Dios¬
          <lb/>coride tenant de la droite un livre et de la gauche une plante; dans celle
          <lb/>de droite, Apollon tenant de la droite un violoncelle et de la gauche 3 flè¬
          <lb/>ches. Le tout accompagné d’inseriptions les unes en grec, les autres en
          <lb/>latin. Cette grande pièce, très-finement exécutée fut composée et gravée
        </p>
      </div>
    </body>
  </text>
</TEI>
