<?xml version='1.0' encoding='UTF-8'?>
<?xml-model href="https://raw.githubusercontent.com/OpenITI/tei_openiti/master/tei_openiti.rng" type="application/xml" schematypens="http://relaxng.org/ns/structure/1.0"?>
<?xml-model href="https://raw.githubusercontent.com/OpenITI/tei_openiti/master/tei_openiti.rng" type="application/xml" schematypens="http://purl.oclc.org/dsdl/schematron"?>
<TEI xmlns="http://www.tei-c.org/ns/1.0">
  <teiHeader>
    <fileDesc>
      <titleStmt>
        <title/>
      </titleStmt>
      <publicationStmt>
        <p/>
      </publicationStmt>
      <sourceDesc>
        <p/>
      </sourceDesc>
    </fileDesc>
    <profileDesc>
      <calendarDesc>
        <calendar xml:id="ah">
          <p>Anno Hegirae</p>
        </calendar>
      </calendarDesc>
    </profileDesc>
    <xenoData xml:space="preserve">
CREATED: 2024-04-12T12:30:39.501865+00:00
CREATED BY: eScriptorium vpassthistobuildcmd
IMAGE FILENAME: A121078-2443.tif
IMAGE WIDTH: 2400
IMAGE HEIGHT: 3820
</xenoData>
  </teiHeader>
  <text>
    <body>
      <div>
        <p>
          <lb/>fol, 2a: Doctori Nicolai Capitoni, inclitae Vrbis Ar¬
          <lb/>gent. Medico primario, Otho Brunfelsius... — Argent. Anno
          <lb/>ab orbe redempto, 1529. (2 p.)
          <lb/>fol. 3a: Jo RVELLIVS SVESSIONEN. Antonio Disomo...
          <lb/>Parisijs. Calen- dis Maij. Anno Domini. M. D. XVI. (1 p.)
          <lb/>R10434 (1). Prov. inconnue.
          <lb/>BN Paris: Tef38, 33; Oxford, Bibl Bodleiana; Schmitt II, N° 111.
          <lb/>658
          <lb/>DIOSCORIDES, Exegesis omnium simplicium. Voir: N° 361.
          <lb/>DIOSCORIDES
          <lb/>Strasbourg, J. Rihel, 1565.
          <lb/>Eöxόptoτα! Ped. Dioscoridis ANAZARBEI AD ANDROMA¬
          <lb/>CHVM, Hoc est! DE CVRATIONIBVS] MORBORVM PER MEDI¬
          <lb/>CAMENTA PA- ratu facilia, libri Il. Nunc primùm &amp;amp; Græcè
          <lb/>editi, &amp;amp; partim! à JoANNE MoIbano Medico Augustano,
          <lb/>partim uero post huius mortem à CONRADO GESNERO in
          <lb/>linguam Latinam conuersi adiectis ab utroque interprete
          <lb/>Symphoniis Galeni aliorumque Græcorum Medicorum. CVM
          <lb/>Gratia &amp;amp; priuilegio Cæsareo ad annos octo.
          <lb/>Marque typ. de Josias Rihel. (H. BB, Planche XXXI, n° 8;
          <lb/>Silvestre, n° 821.) Des deux côtés de la marque: Cvm indice.
          <lb/>En bas: ARGENTORATI excudebat Josias Rihelius,! ANNo
          <lb/>M. D. LXV.
          <lb/>In-8°, car, ital, rom. et grecs, 32 ff. non ch., sign. a-d. 903 pages
          <lb/>ch. et 12 ff. non ch., dont le dernier et le verso de l’avant dernier blancs,
          <lb/>titre courant, notes marginales, initiales ornées.
          <lb/>f. A 2a: Préface de Gesner; f. 6b: Lettre d’Achille Gasser, mé¬
          <lb/>decin à Augsbourg à Conrad Gesner et f. b. de J. Crato (Vratislavensis)
          <lb/>à Gesner. Au verso du titre: ACHILLIS P. GASSERI L. Epigramma.
          <lb/>(7 distiques.)
          <lb/>R101.314. Prov.: Antiquaire Bensheimer, Strasbourg, 24/VI. 1878,
          <lb/>7 M. Notes mss. au titre et au dernier f. blanc.
          <lb/>BM Strasbourg 1319; BN Paris, 8e Tefr, 52; Catalogue Ch.
          <lb/>Eggimann, Paris (La Licorne, Bulletin No, 10), 1937, No 1843 pour
          <lb/>260 fr.:, Editio princeps, très rare du traité des médicaments simples et
          <lb/>composés de Dioscoride, avec version latine et commentaires par J. Moibanus
          <lb/>et C. Gesner&amp;quot;.
          <lb/>Brunet 115, 734. Tricot-Royer, Bibl. de Vopiscus Fortunatus
          <lb/>Plempius, Professeur de Médecine au XVIIe siècle, Bruxelles, 1925
          <lb/>No 559.
          <lb/>659
          <lb/>439
        </p>
      </div>
    </body>
  </text>
</TEI>
