<?xml version='1.0' encoding='UTF-8'?>
<?xml-model href="https://raw.githubusercontent.com/OpenITI/tei_openiti/master/tei_openiti.rng" type="application/xml" schematypens="http://relaxng.org/ns/structure/1.0"?>
<?xml-model href="https://raw.githubusercontent.com/OpenITI/tei_openiti/master/tei_openiti.rng" type="application/xml" schematypens="http://purl.oclc.org/dsdl/schematron"?>
<TEI xmlns="http://www.tei-c.org/ns/1.0">
  <teiHeader>
    <fileDesc>
      <titleStmt>
        <title/>
      </titleStmt>
      <publicationStmt>
        <p/>
      </publicationStmt>
      <sourceDesc>
        <p/>
      </sourceDesc>
    </fileDesc>
    <profileDesc>
      <calendarDesc>
        <calendar xml:id="ah">
          <p>Anno Hegirae</p>
        </calendar>
      </calendarDesc>
    </profileDesc>
    <xenoData xml:space="preserve">
CREATED: 2024-04-12T12:30:27.315656+00:00
CREATED BY: eScriptorium vpassthistobuildcmd
IMAGE FILENAME: A121078-2037.tif
IMAGE WIDTH: 2366
IMAGE HEIGHT: 3828
</xenoData>
  </teiHeader>
  <text>
    <body>
      <div>
        <p>
          <lb/>33
          <lb/>(Schmidt, VIII, No 6 écrit: Foroliniensis... lepidissimeque, ... senten¬
          <lb/>tioseque.)
          <lb/>A la fin: Argentoraci. Ex aedibusMathiae Schürerij
          <lb/>Schletsta tini: Nonas Septem-bris. Anno post! dominicum
          <lb/>natalem M. D. VIII. (Verso blanc.)
          <lb/>in-4°, car, rom., 16 ff. non ch., sign. A-C, tître courant, initiales
          <lb/>d&amp;#x27;attente.
          <lb/>Au verso du titre: Beatus Rhenanus Hieronymo Gebvilero
          <lb/>Selestati bonas litteras profitenti... — Selestati, pridie
          <lb/>kl. septembris. Anno. M. D. VIII.
          <lb/>Fol. A 2a: Epistola nuncupatoria.! Faustus illustri Fran¬
          <lb/>ciae Cancellario, Joanni de Ganay Mecoenati suo foelici¬
          <lb/>tatem.
          <lb/>Au verso: Epigramme de Faustus au chancelier de France
          <lb/>&amp;quot;Guido Rupefortis,. (4 distiques.)
          <lb/>*R101842. Prov.: Bibl. Böcking.
          <lb/>Schmidt VIII, No 6: Jadis Bibliothèque de Strasbourg, Incun.
          <lb/>No 301 et Bâle.
          <lb/>BM Colmar; GPB IV, 7629: Berlin, München, Wien, Breslau,
          <lb/>Göttingen, Königsberg.
          <lb/>54
          <lb/>ANDRELINUS Publius Faustus
          <lb/>Strasbourg, Math. Schürer, 1509.
          <lb/>P. FAVSTI ANDRELINI] Foroliuiensis, Poetae et oratoris
          <lb/>clarissimi, De virtutibus cum! moralibus, tum intel¬
          <lb/>lectualibus, Car men dignissi-mum.! Eiusdem Elegiae
          <lb/>quaedam castiores, sanctioresque.
          <lb/>A la fin: P. Fausti Andrelini, De virtutibus Carmen
          <lb/>atque eiusdem Elegias, Matthias Schü rerius Heluetensis,
          <lb/>stamneis vsus ! calamis, Argentoraci exscripsit. Mense
          <lb/>AVG. I ROMANIS! IMPERITANTE.
          <lb/>in-4°, car. rom., 24 ff. non ch., sign. a-d. Au verso du titre:
          <lb/>Dédicace de Beatus Rhenanus: Jacobo Fullanio Bernensium
          <lb/>Rhetori, datée de Strasbourg Cal. Februar. Anno a natali Christiano
          <lb/>M. D. VIII. .. Ensuite, Lettre de l’auteur: Petro Coardo Praesidi
          <lb/>Parrhisiensi.
          <lb/>Fol.14b: De Vir tvtibvs et mora libvs et intel lectua¬
          <lb/>libvs! finis.
          <lb/>Fol. 15 a: Pvblii Favsti Elegiae quaedam castiores atque
          <lb/>selecte.
          <lb/>R.3
        </p>
      </div>
    </body>
  </text>
</TEI>
