<?xml version='1.0' encoding='UTF-8'?>
<?xml-model href="https://raw.githubusercontent.com/OpenITI/tei_openiti/master/tei_openiti.rng" type="application/xml" schematypens="http://relaxng.org/ns/structure/1.0"?>
<?xml-model href="https://raw.githubusercontent.com/OpenITI/tei_openiti/master/tei_openiti.rng" type="application/xml" schematypens="http://purl.oclc.org/dsdl/schematron"?>
<TEI xmlns="http://www.tei-c.org/ns/1.0">
  <teiHeader>
    <fileDesc>
      <titleStmt>
        <title/>
      </titleStmt>
      <publicationStmt>
        <p/>
      </publicationStmt>
      <sourceDesc>
        <p/>
      </sourceDesc>
    </fileDesc>
    <profileDesc>
      <calendarDesc>
        <calendar xml:id="ah">
          <p>Anno Hegirae</p>
        </calendar>
      </calendarDesc>
    </profileDesc>
    <xenoData xml:space="preserve">
CREATED: 2024-04-12T12:30:31.612609+00:00
CREATED BY: eScriptorium vpassthistobuildcmd
IMAGE FILENAME: A121078-2171.tif
IMAGE WIDTH: 2294
IMAGE HEIGHT: 3826
</xenoData>
  </teiHeader>
  <text>
    <body>
      <div>
        <p>
          <lb/>167
          <lb/>OMNIA NVNC RECENS EMENDATA ET] aucta, notis deni¬
          <lb/>que ad marginem illustrata; studio &amp;amp; diligentiâ PETRI
          <lb/>CORN. BREDERODI IC. HAomitani.
          <lb/>XXXI, No 10; Silvestre, No 854.)
          <lb/>Marque typographique de Theodosius Rihel. (H &amp;amp; B, Planche
          <lb/>Au dessous: Cum Gratia &amp;amp; Priuilegio Caesareo.
          <lb/>Excudebat Theodosius Rihelius. (Verso blanc.)
          <lb/>In-8e, car, rom. et ital., 6 ff. non ch., 588 pages ch. et 20 ff.
          <lb/>aton ch. (Index), dont le dernier blane; titre courant, réclames, notes
          <lb/>marginales; fol, 259; modèle d’un arbre généalogique, au bas HAEC
          <lb/>EST ARBOR CONSANGVINITATIS.
          <lb/>fol. 2a-6b non ch. :... Domino Venceslao Lessczinski
          <lb/>Baroni... — Basileae Kal. Septemb. Anno Redempt. Huma¬
          <lb/>nae 1593. Petrus Brederodius Ie. Hagocomitanus.
          <lb/>(Epistola Dedicatoria).
          <lb/>R 101.050. Prov.: Museum Rym. Faesch Bâle. Rel, anc.
          <lb/>Comme Brederodius n’est pas l’auteur, mais simplement l’éditeur,
          <lb/>on trouve l’ouvrage aussi sous Analysis, p. ex. dans le GPB Vol. IV,
          <lb/>N° 2355: Berlin, Breslau RU, Bonn BU, Gœttinque RU, Munich BN.
          <lb/>260
          <lb/>BRENTIUS Johannes
          <lb/>Haguenau, J. Setzer, 1527.
          <lb/>DE ADMINI STRANDA PIE REPVB LICA, AC SVBDITO¬
          <lb/>RVMerga Magistratus iusta obedientia li bellus, per
          <lb/>lohannem Brentium apud Salinas Sueuorum Ecclesiasten,
          <lb/>ad quendam Germaniae Prin- cipem, per Hiobem Gast
          <lb/>latio donatus.
          <lb/>Haganoe per Ioannem Secerium. Anno M. D. XXVII.
          <lb/>A la fin: Haganoe per lohan. Secerium Mense lunio.
          <lb/>Anno XXVII. (Verso blanc.)
          <lb/>In-80, car, rom., 89 ff. non ch., sign. A-L, titre courant, réclames,
          <lb/>initiales à fig. C, P, I, H, 0, S.
          <lb/>Au verso du titre:... SiGIs mundo comiti ab Hoenloe,
          <lb/>Ar gentoracensis ecclesiae summo! Decano... — Ex Hala
          <lb/>Sueuorum. XXVIl. Idib. Martiis in procinctu. Hiob
          <lb/>Gast. (Préface de 7 pp.)
          <lb/>R100.932 Prov.: A. Claudin, Paris, 25/IV, 1898; 10 frs. 40.
          <lb/>BN Paris, D2 3381; Kohler, Bibliographia Brentiana N° 23:
          <lb/>Bâle, Berlin, B M Breslau, Dresde, Gotha, Hambourg, Helmstedt, Carls¬
          <lb/>ruhe, BN et BU Munich, Stuttgart, Vienne, Zwickau.
          <lb/>261
        </p>
      </div>
    </body>
  </text>
</TEI>
