<?xml version='1.0' encoding='UTF-8'?>
<?xml-model href="https://raw.githubusercontent.com/OpenITI/tei_openiti/master/tei_openiti.rng" type="application/xml" schematypens="http://relaxng.org/ns/structure/1.0"?>
<?xml-model href="https://raw.githubusercontent.com/OpenITI/tei_openiti/master/tei_openiti.rng" type="application/xml" schematypens="http://purl.oclc.org/dsdl/schematron"?>
<TEI xmlns="http://www.tei-c.org/ns/1.0">
  <teiHeader>
    <fileDesc>
      <titleStmt>
        <title/>
      </titleStmt>
      <publicationStmt>
        <p/>
      </publicationStmt>
      <sourceDesc>
        <p/>
      </sourceDesc>
    </fileDesc>
    <profileDesc>
      <calendarDesc>
        <calendar xml:id="ah">
          <p>Anno Hegirae</p>
        </calendar>
      </calendarDesc>
    </profileDesc>
    <xenoData xml:space="preserve">
CREATED: 2024-04-12T12:30:27.783956+00:00
CREATED BY: eScriptorium vpassthistobuildcmd
IMAGE FILENAME: A121078-2053.tif
IMAGE WIDTH: 2348
IMAGE HEIGHT: 3822
</xenoData>
  </teiHeader>
  <text>
    <body>
      <div>
        <p>
          <lb/>48
          <lb/>ASCHAM Roger. Voir: HERESBACH Conradus, De laudibus
          <lb/>Graecarum literarum.
          <lb/>AESCHINES
          <lb/>Haguenau, Th. Anshelm, 1522.
          <lb/>TON THE EA AAAOX EEOXON PHTO( pov dieyivoo
          <lb/>xaì onposbévove, λóyoν aύτεxaλot. Graeciæ excellen! tium
          <lb/>Oratorum Aeschinis &amp;amp; Demosthe! nis, orationes aduersariae.
          <lb/>(Verso blanc.)
          <lb/>A la fin: Haganoae, ex Academia Anshelmiana Mense
          <lb/>Aprili. Anno M. D. XXII. (Verso blanc.)
          <lb/>In-40, car. grecs, 80 ff. non ch, sig. aa-tt, titre courant, init. à
          <lb/>fig., bandes d’ornement, texte grec.
          <lb/>Fol. 2a. IOHANNES REVCHLIN PHORCEN SIS, ARTIVM
          <lb/>LIBERA LIVM MAGISTER, ET IMPERIALIVM( legum doctor.
          <lb/>Thomae! Anshelmo praestanti! librario. S.D.P....— Tubingae
          <lb/>Idibus Ianuariis. Anno Millesimo quingentesimo uigesimo
          <lb/>secundo. (3 p. en car. rom.)
          <lb/>R 102.091. Prov.: Dr Ed. Nolte, Bonn, 20/xII, 1881; 4 M.
          <lb/>Notes mss. A Tintérieur de la couverture, exlibris (des enfants
          <lb/>cueillant des fruits, au bas: « Inter folia fructus », à gauche petite
          <lb/>plaquette avec les lettres O. J.)
          <lb/>86
          <lb/>AESCHINES
          <lb/>Strasbourg, W. Rihel, 1545.
          <lb/>TON THE EAAAAOE API ] XTON PHTOPON, At-(Gyívoo
          <lb/>xdi Anpocbévooc, Royoi aòtíraλot. PRAESTANTISSI] MORUM
          <lb/>GRAECIAE ORATO-(rum, Aeschinis et Demosthenis, ora- tiones
          <lb/>inter se contrariae.
          <lb/>Cum breui Praefatione.
          <lb/>ARGENTORATI PER WEN- delinum Rihelium. Anno
          <lb/>M. D. XLV. (Verso blanc.)
          <lb/>In-8°, car. grecs, 8 ff. non ch. dont 2 blancs, 260 p. ch., titre
          <lb/>courant, réclames, init, ornées, texte grec.
          <lb/>fol. « 2a non ch.: STVDIOSIS Apy-lescentibus.... (Préface
          <lb/>de 5 p. en car. rom.)
          <lb/>R102.092. Prov.: Don BU Koenigsberg, 1872.
          <lb/>87
          <lb/>AESCHINES
          <lb/>Strasbourg, W. Rihel, 1550.
          <lb/>AESCHINIS ET DE- MOSTHENIS ORATIONES duae con¬
          <lb/>trariae.! Commentariolum Ioannis Stur! mij in easdem
          <lb/>Hecatom-meres.
          <lb/>Marque typ. de W. Rihel. (H&amp;amp; B Planche XXIX, NO 3.), répétée
          <lb/>au verso du dernier f.; Silvestre, No 740.)
          <lb/>ARGENTORATI PER WENDE-linum Rihelium, ANNO
          <lb/>M. D. L. (Verso blanc.
          <lb/>R.1
        </p>
      </div>
    </body>
  </text>
</TEI>
