<?xml version='1.0' encoding='UTF-8'?>
<?xml-model href="https://raw.githubusercontent.com/OpenITI/tei_openiti/master/tei_openiti.rng" type="application/xml" schematypens="http://relaxng.org/ns/structure/1.0"?>
<?xml-model href="https://raw.githubusercontent.com/OpenITI/tei_openiti/master/tei_openiti.rng" type="application/xml" schematypens="http://purl.oclc.org/dsdl/schematron"?>
<TEI xmlns="http://www.tei-c.org/ns/1.0">
  <teiHeader>
    <fileDesc>
      <titleStmt>
        <title/>
      </titleStmt>
      <publicationStmt>
        <p/>
      </publicationStmt>
      <sourceDesc>
        <p/>
      </sourceDesc>
    </fileDesc>
    <profileDesc>
      <calendarDesc>
        <calendar xml:id="ah">
          <p>Anno Hegirae</p>
        </calendar>
      </calendarDesc>
    </profileDesc>
    <xenoData xml:space="preserve">
CREATED: 2024-04-12T12:30:28.339933+00:00
CREATED BY: eScriptorium vpassthistobuildcmd
IMAGE FILENAME: A121078-2074.tif
IMAGE WIDTH: 2346
IMAGE HEIGHT: 3824
</xenoData>
  </teiHeader>
  <text>
    <body>
      <div>
        <p>
          <lb/>70
          <lb/>BADENFAHRT, ein newe. Voir: BRUNFELS Otto et PHRIES
          <lb/>Laurentius.
          <lb/>BADERBUCHLIN. Voir: PICTORIUS 1560 et PARACELSUS
          <lb/>1562.
          <lb/>Strasbourg, J. Prüss père, 1502.
          <lb/>BADIUS Jodocus
          <lb/>olod Badllasii
          <lb/>sij Scultiferɇ̨ nauiculę seu scaphę Fatu
          <lb/>aruni mullerum:circa sensus quin ex
          <lb/>teniores fraude nauigantium.
          <lb/>Stultilerę naues sens animos trahentes
          <lb/>Mortis inexirium.
          <lb/>maius leba za cmina soat Nafonica
          <lb/>Rn
          <lb/>l2 pduat Relegio
        </p>
      </div>
    </body>
  </text>
</TEI>
