<?xml version='1.0' encoding='UTF-8'?>
<?xml-model href="https://raw.githubusercontent.com/OpenITI/tei_openiti/master/tei_openiti.rng" type="application/xml" schematypens="http://relaxng.org/ns/structure/1.0"?>
<?xml-model href="https://raw.githubusercontent.com/OpenITI/tei_openiti/master/tei_openiti.rng" type="application/xml" schematypens="http://purl.oclc.org/dsdl/schematron"?>
<TEI xmlns="http://www.tei-c.org/ns/1.0">
  <teiHeader>
    <fileDesc>
      <titleStmt>
        <title/>
      </titleStmt>
      <publicationStmt>
        <p/>
      </publicationStmt>
      <sourceDesc>
        <p/>
      </sourceDesc>
    </fileDesc>
    <profileDesc>
      <calendarDesc>
        <calendar xml:id="ah">
          <p>Anno Hegirae</p>
        </calendar>
      </calendarDesc>
    </profileDesc>
    <xenoData xml:space="preserve">
CREATED: 2024-04-12T12:30:28.261155+00:00
CREATED BY: eScriptorium vpassthistobuildcmd
IMAGE FILENAME: A121078-2069.tif
IMAGE WIDTH: 2340
IMAGE HEIGHT: 3826
</xenoData>
  </teiHeader>
  <text>
    <body>
      <div>
        <p>
          <lb/>AUSSCHREIBEN
          <lb/>Strasbourg, J. Prüss fils, 1539.
          <lb/>Ausschreiben, an alle! Stende des Reichs, jnn der
          <lb/>Christ- lichen Religion.... Die beschwerung des Keyser¬
          <lb/>lichen Cam- mergerichts belangende. (2 petites gravures:
          <lb/>les armoiries de l’électeur de Saxe et celles du landgrave de Hesse).
          <lb/>Verbum Domini manet in aeternum. (Verso blanc.)
          <lb/>A la fin: Gedruckt zû Straszburg bei Hans! Preüssen.
          <lb/>M. D. xxxix. (2 feuilles de lierre.)
          <lb/>In-40, car. goth., 22 ff. non ch., sign. A-F, dernier f. blanc, ini¬
          <lb/>tiales goth.
          <lb/>*R101281. Prop.: Rosenthal, Munich, 26. VIII, 1890, 12 M.25.
          <lb/>Au haut du titre: Hans Rudolff von Erlach 1596.
          <lb/>Schmidt III, p. 41, No 48: Bibl. St. Guillaume, Strasbourg.
          <lb/>GPB: Wien, Breslau UB, Marburg UB.
          <lb/>116
          <lb/>AUSSCHREIBEN
          <lb/>Strasbourg, 18 février 1576.
          <lb/>Allen vnd jeden Churfürsten, Fürsten, Graffen, Freien,
          <lb/>Herren, von der Rit-terschafft. Amptleüten, Burger¬
          <lb/>meistern, Räthen, Gerichten, vnd in gemein allen vnd jeden
          <lb/>Schützenmeistern vnnd Schieszgesellen, inn! waz Stand....
          <lb/>die seyen, denen disz Auszschreiben fürkompt, Entbieten
          <lb/>wir Steffan Sturm der Meister vnd der Rat des Heiligen
          <lb/>Römischen Reichs Freyen Statt Strasz-burg, nach eines
          <lb/>jeden geburt, vnser... dienst vnd grûsz... vnd freündtlich
          <lb/>zfuernemmen....
          <lb/>En bas: Dessen zu vrkund haben wir Meister vnd Raht
          <lb/>obgenandt, vnser Statt Secret Insigel zû ruck vfftrucken
          <lb/>lassen, vnd Geben Sambstag den xviij Februarij, Als man
          <lb/>nach vnsers Heilands, und! Seligmachers, Christi Geburt
          <lb/>zahlte, Tausent, Fünffhundert, Sibentzig vnd sechsz jar.
          <lb/>Une grande feuille dans le format des grandes affiches publi¬
          <lb/>ques, car. goth., se rapporte à 2 concours de tirs qui ont eu lieu
          <lb/>en 1576.
          <lb/>Au verso: le sceau de la ville de Strasbourg, au dessus 4 cercles
          <lb/>l’un dans l’autre, dans le second en bas, imprimé, le mot &amp;quot;Zihl», dans
          <lb/>les 2 plus grands le mot «Rayn».
          <lb/>R10.172. Prov.: Don de Franz Xaver Ostermair, Rechtsrath,
          <lb/>Ingolstadt 1871. Au-dessus du Sceau: «Straszburg 1576».
          <lb/>Adresse: Der Erbaren weysenn vnsern Lieben vnnd gût¬
          <lb/>ten fründen dem Burgermaister und dem Rath zû Ingollstatt.
          <lb/>C’est donc l’exemplaire de l’invitation que la ville de Strasbourg
          <lb/>a envoyé en 1576 à la ville de Ingolstadt.
          <lb/>117
          <lb/>R.5
          <lb/>65
        </p>
      </div>
    </body>
  </text>
</TEI>
