<?xml version='1.0' encoding='UTF-8'?>
<?xml-model href="https://raw.githubusercontent.com/OpenITI/tei_openiti/master/tei_openiti.rng" type="application/xml" schematypens="http://relaxng.org/ns/structure/1.0"?>
<?xml-model href="https://raw.githubusercontent.com/OpenITI/tei_openiti/master/tei_openiti.rng" type="application/xml" schematypens="http://purl.oclc.org/dsdl/schematron"?>
<TEI xmlns="http://www.tei-c.org/ns/1.0">
  <teiHeader>
    <fileDesc>
      <titleStmt>
        <title/>
      </titleStmt>
      <publicationStmt>
        <p/>
      </publicationStmt>
      <sourceDesc>
        <p/>
      </sourceDesc>
    </fileDesc>
    <profileDesc>
      <calendarDesc>
        <calendar xml:id="ah">
          <p>Anno Hegirae</p>
        </calendar>
      </calendarDesc>
    </profileDesc>
    <xenoData xml:space="preserve">
CREATED: 2024-04-12T12:30:35.899271+00:00
CREATED BY: eScriptorium vpassthistobuildcmd
IMAGE FILENAME: A121078-2312.tif
IMAGE WIDTH: 2314
IMAGE HEIGHT: 3818
</xenoData>
  </teiHeader>
  <text>
    <body>
      <div>
        <p>
          <lb/>308
          <lb/>In-40, car. rom., 44 ff. non ch., sign. A-G, titre courant, initiales
          <lb/>ornées, titre encadré. (He B, Planche XIII, n° 6) mais écusson vide
          <lb/>sans les lettres M.S.
          <lb/>Au verso du titre: Mathias Schurerius, studiosae iuuen¬
          <lb/>tuti. S. D.... — Emito igitur, legito, edisci! to, &amp;amp; fruitor, ac
          <lb/>Valeto. Argentorati, XVI. Calend. Nouem bris. Anno.
          <lb/>M. D. XV.
          <lb/>Au-dessous: Epigramma Gerardi Nouiomagi in laudem.
          <lb/>D. Erasmi Roteroda! mi Theologi, (4 distiques.)
          <lb/>fol. 2a non ch.: Praefatio in Catonem.! Erasmus Rotero¬
          <lb/>damus. M. Ioanni Ne- uio Hondiscotano Lilianorum Loua¬
          <lb/>nii! Gymnasiarchae. Salutem. S. P.... — Louanii, Anno.
          <lb/>D. M. XV. (!) Ka-len. Augu.
          <lb/>R100.063. Prov.: Rosenthal, Munich, 15/VII. 1885,8M.
          <lb/>Schmidt VIII, N° 167: Jadis Bibl. de Strasbourg, Incun. No 14;
          <lb/>469
          <lb/>Walter: BM Sélestat N° 1223; GPB: BN Berlin.
          <lb/>CATO Dionysius
          <lb/>Strasbourg, M. Schürer, 1516.
          <lb/>CONTENTA IN HOC OPE) re sunt haec:
          <lb/>Catonis praecepta moralia recogni! ta atque interpre¬
          <lb/>tata ab Eras- mo Roterodamo. Mimi Publiani. Septem
          <lb/>sapientum illustres sententiae. Institutio hominis Christiani
          <lb/>uersibus hexametris per Erasmum Ro terodamum. Iso¬
          <lb/>cratis Paraenesis ad Demoniacum Ru- dolpho Agricola
          <lb/>interprete, reco-gnita per Martinum Dorpium. Epicteti
          <lb/>Stoici Enchiridion. Plutarchi libellus de odio &amp;amp; inuidia.
          <lb/>Cum gratia &amp;amp; priuilegio.
          <lb/>A la fin: Argentorati, ex aedibus Schu rerianis Mense
          <lb/>Martio. M. D. XVI. (Verso blane.)
          <lb/>In-4°, car, rom., 60 ff. non ch., sign. A-K., titre courant, de nom¬
          <lb/>breuses petites initiales ornées, titre encadré, composé de 4 pièces juxta¬
          <lb/>posées: ornements d’architecture; dans la bande supérieure 2 génies ailés
          <lb/>aux coins tenant une épi, au milieu, plaquette blanche vide. (Voir No 97).
          <lb/>Au verso du titre: Matthias Schürer, studiosae iuuentuti
          <lb/>comme dans l’édition 1515.
          <lb/>Au-dessous: Idem studioso Lectori. S.
          <lb/>fol. 2a la préface d’Erasme de l’édition 1515.
          <lb/>*R 100.064. Prov. inconnue.
          <lb/>BN Paris, Rés. Z. 1072; Schmidt VIII, No *184, n’a pas con¬
          <lb/>nu d’exemplaire, il cite Panzer 6. 80, 448 et 81, 459; GPB. BN
          <lb/>Berlin.
          <lb/>470
        </p>
      </div>
    </body>
  </text>
</TEI>
