<?xml version='1.0' encoding='UTF-8'?>
<?xml-model href="https://raw.githubusercontent.com/OpenITI/tei_openiti/master/tei_openiti.rng" type="application/xml" schematypens="http://relaxng.org/ns/structure/1.0"?>
<?xml-model href="https://raw.githubusercontent.com/OpenITI/tei_openiti/master/tei_openiti.rng" type="application/xml" schematypens="http://purl.oclc.org/dsdl/schematron"?>
<TEI xmlns="http://www.tei-c.org/ns/1.0">
  <teiHeader>
    <fileDesc>
      <titleStmt>
        <title/>
      </titleStmt>
      <publicationStmt>
        <p/>
      </publicationStmt>
      <sourceDesc>
        <p/>
      </sourceDesc>
    </fileDesc>
    <profileDesc>
      <calendarDesc>
        <calendar xml:id="ah">
          <p>Anno Hegirae</p>
        </calendar>
      </calendarDesc>
    </profileDesc>
    <xenoData xml:space="preserve">
CREATED: 2024-04-12T12:30:29.788649+00:00
CREATED BY: eScriptorium vpassthistobuildcmd
IMAGE FILENAME: A121078-2118.tif
IMAGE WIDTH: 2312
IMAGE HEIGHT: 3832
</xenoData>
  </teiHeader>
  <text>
    <body>
      <div>
        <p>
          <lb/>114
          <lb/>BEROALDUS, De hisce floribus judicium. Voir: MIRANDULA
          <lb/>Octavianus, Illustrium poetarum flores. Strasbourg, W. Rihel,
          <lb/>1538.
          <lb/>BERTRANDUS DE TURRE
          <lb/>Strasbourg, (G. Husnerl, 1501.
          <lb/>Sermones Bertrandi de tem pore, et de sanctis. una
          <lb/>cum! quadragesimali epistolari.
          <lb/>I.) Pars hyemalis. 18 ff. non ch. (Table), CCCXIX ff. ch. et
          <lb/>1 f. blanc. [Gesamtkatalog der Wiegendrucke No 4180)
          <lb/>II.] Sermones Ber trandi de tempore. Pars estiualis.
          <lb/>15 ff. non ch. (Tables), CCLXXXIII ff. ch. et 1 f. blanc.
          <lb/>A la fin: Sermones de tempore reuerendi prioris! et
          <lb/>domini: domini Bertrandi cardinalis Im! pressi Argentinae.
          <lb/>finiunt feliciter Anno domini. 1501. nona die mensis Maij.
          <lb/>In-40, car. goth., 2 col., titre courant, initiales d’attente.
          <lb/>*R101.334. Prov.: Don de la ville de Heilbronn, 1871; avec
          <lb/>l&amp;#x27;ex-libris de la BM de Heilbronn, au verso du titre.
          <lb/>Manque chez Schmidt. GPB: Berlin.
          <lb/>193
          <lb/>BESCHREIBUNG
          <lb/>Strasbourg, Chr. Müller, 1562.
          <lb/>Warhafftige Beschrei-bung vnnd verzeychnusz, wel¬
          <lb/>cher ge- stalt die Königliche Wirde Maximi- lian, vnd
          <lb/>Fräwlin Maria, gebor- ne Königin ausz Hispanien, dero
          <lb/>Gemahel, zu Böhemischen König, vnd Königin in Prag,
          <lb/>den zwentzig- sten Septembris dises 1562. Jars gekrönet
          <lb/>wor- den seind. (Vignette.)
          <lb/>Getruckt zû Straszburg am Kornmarckt bey Chry¬
          <lb/>stian Müller. 1562. (Verso blanc.)
          <lb/>In-4°, car. goth., 8 ff. non ch., sign. A-B, réclames, initiales goth. E, D.
          <lb/>R100.428. Prov.: Baer, Francfort s. M., HI/VIII. 1916; 36 M.
          <lb/>194
          <lb/>BESSARION
          <lb/>Strasbourg, M. Schürer, 1513.
          <lb/>QUAE IN SEQVENTIBVS HABENTVR.! Bessarionis Cardi¬
          <lb/>nalis Niceni, &amp;amp; Patriarchae Con! stantinopolitani, Oratio
          <lb/>de Sacramento Eu charistiae, &amp;amp; quibus verbis Christi
          <lb/>corpus perficiatur. EIVSDEM Epistola ad Graecos.! Index
          <lb/>eorum omnium quae hic pertractantur. (Verso blanc.)
          <lb/>A la fin: Argentorati, Ex aedibus Schurerij, Men. De¬
          <lb/>cemb. An. M.D. XIII.Regnan. Imperatore Caesa. Maximi¬
          <lb/>liano. P F Aug. P. P.
          <lb/>In-40, car. rom., 39 ff. non ch., sign. A-G, titre courant, initiales
          <lb/>ornées F, B.
          <lb/>*R101.471. Prov.: Albert Cohn, Berlin, 4/V. 1885; 4 M.
          <lb/>Schmidt VIII, No rII6 n’a pas connu d’exemplaire, il cite d’après
          <lb/>Panzer 6, 62, 304. GPB: Berlin, Breslau.
          <lb/>195
        </p>
      </div>
    </body>
  </text>
</TEI>
