<?xml version='1.0' encoding='UTF-8'?>
<?xml-model href="https://raw.githubusercontent.com/OpenITI/tei_openiti/master/tei_openiti.rng" type="application/xml" schematypens="http://relaxng.org/ns/structure/1.0"?>
<?xml-model href="https://raw.githubusercontent.com/OpenITI/tei_openiti/master/tei_openiti.rng" type="application/xml" schematypens="http://purl.oclc.org/dsdl/schematron"?>
<TEI xmlns="http://www.tei-c.org/ns/1.0">
  <teiHeader>
    <fileDesc>
      <titleStmt>
        <title/>
      </titleStmt>
      <publicationStmt>
        <p/>
      </publicationStmt>
      <sourceDesc>
        <p/>
      </sourceDesc>
    </fileDesc>
    <profileDesc>
      <calendarDesc>
        <calendar xml:id="ah">
          <p>Anno Hegirae</p>
        </calendar>
      </calendarDesc>
    </profileDesc>
    <xenoData xml:space="preserve">
CREATED: 2024-04-12T12:30:32.338662+00:00
CREATED BY: eScriptorium vpassthistobuildcmd
IMAGE FILENAME: A121078-2193.tif
IMAGE WIDTH: 2294
IMAGE HEIGHT: 3828
</xenoData>
  </teiHeader>
  <text>
    <body>
      <div>
        <p>
          <lb/>189
          <lb/>fol. A 2a non ch.: LECTORI pio Otho Brunnfelsius... —
          <lb/>Argentorati, Nonis Iu- lij. Anno 1529. (Suivent 2 index.)
          <lb/>FR101.126. Prov. : Casp. Haugg, Augsbourg, 29/1. 1887; 7 M.
          <lb/>Rel. anc.
          <lb/>BN Paris, D2, 6977 (2); Cette édition manque ches Schmidt.
          <lb/>292
          <lb/>BRUNFELS Otto
          <lb/>Strasbourg, G. Ulricher, 1532.
          <lb/>(Feuille de lierre) THESES SEV COMMVNES LOCI,  totius
          <lb/>rei Medicae ITEM. DE USV PHARMACO-rum, deque
          <lb/>artifio suppressam aluum ciendi, Liber. Per Othonem
          <lb/>Brunfelsium.
          <lb/>Marque typogr. de G Ulricher. (H A B, Planche XXII, No 3;
          <lb/>Silvestre, No 735.)
          <lb/>ARGENTORATI EXCVDE- bat Georgius Ulricher Andla¬
          <lb/>nus, Anno M DXXXII.
          <lb/>Au verso du dernier f., autre marque typographique de G. Ulricher
          <lb/>différant de celles que donnent Heits &amp;amp; Barack, Planche XXII. N° I-7
          <lb/>et Silvestre No 735-737 et 1210. Voir ci-dessous.
          <lb/>7
          <lb/>Déesse Abundantia avec la corne d’abondance.
          <lb/>In-8°, car, rom., 8 ff. non ch., 232 ff. ch. (231 par erreur 203),
          <lb/>titre courant, réclames, notes marginales en car, ital., initiales à fig.
          <lb/>A, 0.
          <lb/>Au verso du titre: EPIGRAMMA IOHANNIS MVNTERI
          <lb/>Gandauiensis. (5 distiques.) Suivent 12 pages d’Index et 1 page
          <lb/>d’Errata.
        </p>
      </div>
    </body>
  </text>
</TEI>
