<?xml version='1.0' encoding='UTF-8'?>
<?xml-model href="https://raw.githubusercontent.com/OpenITI/tei_openiti/master/tei_openiti.rng" type="application/xml" schematypens="http://relaxng.org/ns/structure/1.0"?>
<?xml-model href="https://raw.githubusercontent.com/OpenITI/tei_openiti/master/tei_openiti.rng" type="application/xml" schematypens="http://purl.oclc.org/dsdl/schematron"?>
<TEI xmlns="http://www.tei-c.org/ns/1.0">
  <teiHeader>
    <fileDesc>
      <titleStmt>
        <title/>
      </titleStmt>
      <publicationStmt>
        <p/>
      </publicationStmt>
      <sourceDesc>
        <p/>
      </sourceDesc>
    </fileDesc>
    <profileDesc>
      <calendarDesc>
        <calendar xml:id="ah">
          <p>Anno Hegirae</p>
        </calendar>
      </calendarDesc>
    </profileDesc>
    <xenoData xml:space="preserve">
CREATED: 2024-04-12T12:30:35.962056+00:00
CREATED BY: eScriptorium vpassthistobuildcmd
IMAGE FILENAME: A121078-2316.tif
IMAGE WIDTH: 2312
IMAGE HEIGHT: 3822
</xenoData>
  </teiHeader>
  <text>
    <body>
      <div>
        <p>
          <lb/>312
          <lb/>CHERLERUS Paulus
          <lb/>IN NATALEM
          <lb/>IESV CHRISTI
          <lb/>Saluatoris nostri: Dei patris, &amp;amp; Mariæ virginis,
          <lb/>Filij, Elegiarum liber vnus, cui aliæ duæ accesse¬
          <lb/>runt elegiæ: Vna, de conuerso S. Paulo Apostolo:
          <lb/>Aliera, de S. Stephano, primo post Christi ad
          <lb/>Cœlos ascensum Martyre Quibus etiam
          <lb/>omnibus sua adiecta sunt Epi¬
          <lb/>mythia. A
          <lb/>PAVLO CHERLERO
          <lb/>Elsterburgensi.
          <lb/>Strasbourg. Christ. Mylius, 1562.
          <lb/>2
          <lb/>Gravure sur bois: l’enfant Jésus assis sur un cousin, tenant de
          <lb/>la main gauche le globe surmonté d’une croix.
          <lb/>A la fin: ARGENTORATI, EXCVSVM! à Christiano Mylio:
          <lb/>Anno redempti Mundi, M. D. LXII. Calend. Ianuarij.
          <lb/>(Bande d’ornement, verso blanc.)
          <lb/>In-8°, car. ital., 32 ff. non ch., réclames, initiale à fig. I.
          <lb/>Au verso du tître: Gratiarum actio aad Deum! pro Christi
          <lb/>natiuitate, (5 distiques.)
          <lb/>fol. A 2a:... Adolescentibus: ERASMO, Philip-] po, Vl¬
          <lb/>richo Marbachiis: Fratribus! Germanis: filijs... IOANNIS
          <lb/>MARBACHH... &amp;amp; Affini eius, LeONI WEISLANDIO, Vl-mensi,
          <lb/>discipulis suis... — Datae Argentorati, in aedibus ! patris
        </p>
      </div>
    </body>
  </text>
</TEI>
