<?xml version='1.0' encoding='UTF-8'?>
<?xml-model href="https://raw.githubusercontent.com/OpenITI/tei_openiti/master/tei_openiti.rng" type="application/xml" schematypens="http://relaxng.org/ns/structure/1.0"?>
<?xml-model href="https://raw.githubusercontent.com/OpenITI/tei_openiti/master/tei_openiti.rng" type="application/xml" schematypens="http://purl.oclc.org/dsdl/schematron"?>
<TEI xmlns="http://www.tei-c.org/ns/1.0">
  <teiHeader>
    <fileDesc>
      <titleStmt>
        <title/>
      </titleStmt>
      <publicationStmt>
        <p/>
      </publicationStmt>
      <sourceDesc>
        <p/>
      </sourceDesc>
    </fileDesc>
    <profileDesc>
      <calendarDesc>
        <calendar xml:id="ah">
          <p>Anno Hegirae</p>
        </calendar>
      </calendarDesc>
    </profileDesc>
    <xenoData xml:space="preserve">
CREATED: 2024-04-12T12:30:35.448809+00:00
CREATED BY: eScriptorium vpassthistobuildcmd
IMAGE FILENAME: A121078-2294.tif
IMAGE WIDTH: 2294
IMAGE HEIGHT: 3816
</xenoData>
  </teiHeader>
  <text>
    <body>
      <div>
        <p>
          <lb/>290
          <lb/>In-40, car. goth., 4 ff. non ch, sign. A, grande initiale goth. W.
          <lb/>R 102.297. Prov.: Bibliothèque Charles Schmidt avec son ex-libris
          <lb/>à M’intérieur de la couverture.
          <lb/>438
          <lb/>CAPITO Wolfgang Fabricius
          <lb/>Strasbourg, IW. Köpfell, 1526.
          <lb/>An gemeyne stend des heyligen Römischen reichs:
          <lb/>vetzund zû Speyr versamlet, wider D. Hanns Fabri! Pfarr¬
          <lb/>herren zû Lindaw &amp;amp;c. Missiuen vnd Sendbrief Wolffgang
          <lb/>Capitons.Mense Augusto, Anno M. D. XXVI. (Verso blanc.)
          <lb/>A la fin: Geben Straszburg am Dreytzehen-den tag
          <lb/>Augusti. Anno 1526.
          <lb/>In-4°, car. goth., 3 ff. non ch. et 1 f. blanc, initiale à fig. D.
          <lb/>R 102.363. Prov.: Bibl. Ch. Schmidt avec son ex-libris.
          <lb/>BM et Bibl. St. Guillaume, Strasbourg. GPB. BN Berlin, BU
          <lb/>Bonn, Baum No 25.
          <lb/>439
          <lb/>CAPITO Wolfgang Fabricius
          <lb/>Strasbourg, (W. Köpfell, 1526.
          <lb/>(Feuille de lierre.) EPISTOLA V. FABRITII CAPITONIS, AD]
          <lb/>Hulderichum Zuinglium, quam ab Heluetijs forte! inter¬
          <lb/>ceptam, D. Joan. Faber Constantiensis in Ger- manicum
          <lb/>uersam deprauauit, una cum dua bus Epistolis, quibus
          <lb/>illum Concionatores! Argentinenses ad collationem! scrip¬
          <lb/>turarum pro- uocarunt.Quibus cognosces Lector, qua
          <lb/>arte, dolo, impo- stura &amp;amp; perfidia, Capitonem ut op¬
          <lb/>primeret Faber adorsus sit. In Fabrum. (2 distiques grecs
          <lb/>et 3 distiques latins.)
          <lb/>A la fin: Argentinae 12. Augusti! Anno 1526. (Verso blanc.)
          <lb/>In-8°, car, ital., 22 ff. non ch., sign. A-C, notes marginales,
          <lb/>initiale à fig. G.
          <lb/>Au verso du titre: AD LECTO] REM V. FABRITIUS CAPITO...
          <lb/>— Argentinae 2. Augusti Anno 1256. (au lieu de 1526.)
          <lb/>Au verso du f. A3: Magnifico viro D. D. Ioanni Fabro
          <lb/>Constantiensi Canonico &amp;amp; agenti modo in! Baden... Concio¬
          <lb/>natores &amp;amp; fratres Vrbis Argentinae... — Ar gentinae
          <lb/>23. Maij. Anno 1526.
          <lb/>fol. 46b: Magnifico Viro D. Ioanni Fabro... Praedi¬
          <lb/>catores Euangelij Ar-gentinae, V. Capito, C. Hedio.
          <lb/>Matthaeus Zellius. M.Bucerus &amp;amp; coeteri...
        </p>
      </div>
    </body>
  </text>
</TEI>
