<?xml version='1.0' encoding='UTF-8'?>
<?xml-model href="https://raw.githubusercontent.com/OpenITI/tei_openiti/master/tei_openiti.rng" type="application/xml" schematypens="http://relaxng.org/ns/structure/1.0"?>
<?xml-model href="https://raw.githubusercontent.com/OpenITI/tei_openiti/master/tei_openiti.rng" type="application/xml" schematypens="http://purl.oclc.org/dsdl/schematron"?>
<TEI xmlns="http://www.tei-c.org/ns/1.0">
  <teiHeader>
    <fileDesc>
      <titleStmt>
        <title/>
      </titleStmt>
      <publicationStmt>
        <p/>
      </publicationStmt>
      <sourceDesc>
        <p/>
      </sourceDesc>
    </fileDesc>
    <profileDesc>
      <calendarDesc>
        <calendar xml:id="ah">
          <p>Anno Hegirae</p>
        </calendar>
      </calendarDesc>
    </profileDesc>
    <xenoData xml:space="preserve">
CREATED: 2024-04-12T12:30:38.749206+00:00
CREATED BY: eScriptorium vpassthistobuildcmd
IMAGE FILENAME: A121078-2418.tif
IMAGE WIDTH: 2386
IMAGE HEIGHT: 3822
</xenoData>
  </teiHeader>
  <text>
    <body>
      <div>
        <p>
          <lb/>414
          <lb/>Amnium in Germania, aliorumque multorum, vt Plan¬
          <lb/>tarum, Herbarum, Arborum, Forensium loquendi modi at¬
          <lb/>que vocabula, &amp;amp;c. quae tamen singula sub litera sua
          <lb/>ini- tiali facilè reperiuntur.Authore Petro Dasypodio.
          <lb/>NVNC DENVO MAGNO QVIDEM SED (studiosis vtili labore,
          <lb/>multis probatorum Authorum vocibus auctum &amp;amp; locuple¬
          <lb/>tatum.
          <lb/>Marque typ. de Th. Rihel, (H e B, Planche XXXI, N° 10; Sû¬
          <lb/>vestre, No 854)
          <lb/>Cum gratia &amp;amp; Priuilegio Caesareo.
          <lb/>ARGENTORATI, Excudebat Theodosius Rihelius. (Verso
          <lb/>blanc.)
          <lb/>In-8°, car. rom, et goth., 2 col., 328 ff. non ch., sign. A-Z, Aa¬
          <lb/>Z2, Aaa- Hhh; titre courant.
          <lb/>fol. A 24: IOHANNES LyDOVI- eus Viues tradendis dis¬
          <lb/>ciplinis libro tertio.
          <lb/>Au verso: STVDIOSIS LITERARVM Adolescentibus per
          <lb/>Germaniam lacobus Bedrotus S. D.
          <lb/>fol. A 3a: PETRVS DASYPODIVSAEQVO LECTORI SALV¬
          <lb/>TEM.. — Argentorati, octauo Kalend. Martias Anno M. D.
          <lb/>XXXVII.
          <lb/>R101604. Prov.: Prof. X. Krauss, Strasbourg, 25/x. 1877,6M.
          <lb/>A l’extérieur du Ier plat 1577; annotations manuscrites, entre
          <lb/>autres le nom de Henricus Reichman Trevirensis in platea 26 augusti
          <lb/>1726.
          <lb/>BN Paris, X. 23679; GPB. BN Berlin, BU Breslau, Mar¬
          <lb/>616
          <lb/>bourg.
          <lb/>Strasbourg, W. Rihel, 1535.
          <lb/>DASYPODIUS Petrus
          <lb/>DICTIONARIVM VOCES PROPEMODVM VNIUERSAS in au¬
          <lb/>toribus latinae linguae probatis, ac uul- gò receptis occu¬
          <lb/>rentes Germanicè ex- plicans, pro iuuentute Germanica
          <lb/>primum in literis Tyrocinium faciente, fideliter &amp;amp; magno
          <lb/>labore iam recens con- cinnatum.A PVBEM GERMANI¬
          <lb/>CAM PETRVS DASYPODIVS, (7 vers.)
          <lb/>Cum gratia &amp;amp; priuilegio Regio ad Sexennium. M. D.
          <lb/>XXXV. (Verso blanc.)
          <lb/>A la fin: ARGENTORATI, EXPENSIS &amp;amp; Sumptu Vendelini
          <lb/>Rihelij Bibliopolae. Anno Millesimo Quingentesimo Trice¬
          <lb/>simo quinto, Mense uero Martio.
        </p>
      </div>
    </body>
  </text>
</TEI>
