<?xml version='1.0' encoding='UTF-8'?>
<?xml-model href="https://raw.githubusercontent.com/OpenITI/tei_openiti/master/tei_openiti.rng" type="application/xml" schematypens="http://relaxng.org/ns/structure/1.0"?>
<?xml-model href="https://raw.githubusercontent.com/OpenITI/tei_openiti/master/tei_openiti.rng" type="application/xml" schematypens="http://purl.oclc.org/dsdl/schematron"?>
<TEI xmlns="http://www.tei-c.org/ns/1.0">
  <teiHeader>
    <fileDesc>
      <titleStmt>
        <title/>
      </titleStmt>
      <publicationStmt>
        <p/>
      </publicationStmt>
      <sourceDesc>
        <p/>
      </sourceDesc>
    </fileDesc>
    <profileDesc>
      <calendarDesc>
        <calendar xml:id="ah">
          <p>Anno Hegirae</p>
        </calendar>
      </calendarDesc>
    </profileDesc>
    <xenoData xml:space="preserve">
CREATED: 2024-04-12T12:30:28.754691+00:00
CREATED BY: eScriptorium vpassthistobuildcmd
IMAGE FILENAME: A121078-2084.tif
IMAGE WIDTH: 2330
IMAGE HEIGHT: 3824
</xenoData>
  </teiHeader>
  <text>
    <body>
      <div>
        <p>
          <lb/>80
          <lb/>BAPTISTA Mantuanus
          <lb/>Strasbourg, J. Prües fils, 1514.
          <lb/>Baptiste Mantuani Bu- colica seu adolescentia: in decem
          <lb/>aeglogas! diuisa. Ab Jodoco Badio Ascencio familiariter
          <lb/>exposita; cum in- dice dictionum.
          <lb/>Carmen eiusdem de sancto Joanne Baptista. Dialogus
          <lb/>eiusdem de uita beata.
          <lb/>Ilermanni Buschij oda de contemnendo mun- do &amp;amp;
          <lb/>amanda sola uirtute &amp;amp; scientia.
          <lb/>JN AEGLOGAS MANTVANI DECATO! stichon, omnium ea¬
          <lb/>rum argumenta complectens! Gallinarij Budorini, (5 distiques.)
          <lb/>16 ff. non ch. pour le reste [Carmen Mantuani in laudem Joh. Bap¬
          <lb/>In-4°, car, rom., 6 ff. non ch., LXXVIII ff. ch. pour les Eglogues,
          <lb/>tae, De vita beata, Oda Hermani Buschij et des distiques de plusieurs
          <lb/>auteurs.), titre courant, notes marginales, titre encadré comme dans
          <lb/>les éditions de 1513 et 1520 des Bucolica par Prüss.
          <lb/>Au verso du 4e fol, non ch.: THOMAS WOLPHIVS JVNIOR JA¬
          <lb/>COBO Vuimphelingio Sacrae paginae licentiato... — Ar¬
          <lb/>gentinae cursim ex aedibus no- stris Sexto Kalendas Martij.
          <lb/>Anno Christi M.D.III.
          <lb/>Fol. Va: JACOBVS WIMPHELINGIVS THO! mae Vuolphio
          <lb/>iuniori... — M.D.III.
          <lb/>Fol. Vb: In Aeglogas Fratris Baptistae Mantuani Elegia
          <lb/>cum Thomae Aucuparij Argentinensis. (10 distiques.) et plusieurs
          <lb/>autres distiques de différents auteurs.
          <lb/>Fol. VIb: BAPTISTA MANTUANUS CARME lita Paridi Cere¬
          <lb/>sario... — Kalendis Septembris. M.CCCCXCVIII.
          <lb/>Au recto du dernier f.: CHRYSOSTOMUS LVCANVS HISPA
          <lb/>niarum orator. Sebastiano Brant...
          <lb/>*R100.140. Prov, : Heberle, Cologne, 29 x, 1897, 3 M.
          <lb/>Schmidt III, p. 32, No *9 n’a pas eu d’exemplaire, il cite le titre
          <lb/>en abrégé d’après Panzer 11, 861.
          <lb/>GPE: Berlin, Breslau.
          <lb/>139
          <lb/>BAPTISTA Mantuanus
          <lb/>Strasbourg, J. Knobloch, 1515.
          <lb/>BAPTISTE MANTVANI BV] colica seu adolescentia, in
          <lb/>decem aeglogas diuisa.! Dialogus eiusdem de vita beata
          <lb/>Carmen eiusdem de sancto Johanne Baptista.Hermanni
          <lb/>Buschii oda de contemnendo mun- do &amp;amp; amanda sola
          <lb/>virtute &amp;amp; scientia.
          <lb/>A la fin: Impresse argentinae per! Johannem Knoblouch
          <lb/>Pauli.
        </p>
      </div>
    </body>
  </text>
</TEI>
