<?xml version='1.0' encoding='UTF-8'?>
<?xml-model href="https://raw.githubusercontent.com/OpenITI/tei_openiti/master/tei_openiti.rng" type="application/xml" schematypens="http://relaxng.org/ns/structure/1.0"?>
<?xml-model href="https://raw.githubusercontent.com/OpenITI/tei_openiti/master/tei_openiti.rng" type="application/xml" schematypens="http://purl.oclc.org/dsdl/schematron"?>
<TEI xmlns="http://www.tei-c.org/ns/1.0">
  <teiHeader>
    <fileDesc>
      <titleStmt>
        <title/>
      </titleStmt>
      <publicationStmt>
        <p/>
      </publicationStmt>
      <sourceDesc>
        <p/>
      </sourceDesc>
    </fileDesc>
    <profileDesc>
      <calendarDesc>
        <calendar xml:id="ah">
          <p>Anno Hegirae</p>
        </calendar>
      </calendarDesc>
    </profileDesc>
    <xenoData xml:space="preserve">
CREATED: 2024-04-12T12:30:36.492039+00:00
CREATED BY: eScriptorium vpassthistobuildcmd
IMAGE FILENAME: A121078-2340.tif
IMAGE WIDTH: 2316
IMAGE HEIGHT: 3816
</xenoData>
  </teiHeader>
  <text>
    <body>
      <div>
        <p>
          <lb/>336
          <lb/>suum numero atque longi-tudine Aldinis respondent.
          <lb/>Accessit huic editioni Elenchus uariarum lectionum.
          <lb/>Silvestre, No 740.)
          <lb/>Marque typ de Wend. Rihel, (HGB, Planche XXIX, No 3;
          <lb/>Cum gratia &amp;amp; priuilegio Caesareo ad septennium.
          <lb/>ArgentoratiAnno L. (Verso blanc.)
          <lb/>num Rihelium, Anno! M. D. L. Mense! Martio, Au verso du
          <lb/>A la fin des trois volumes: ARGENTORATI PER WEN-deli¬
          <lb/>dernier f. des 2 derniers volumes, marque typ. de Wend. Rihel, (H &amp;amp;
          <lb/>B. Planche XXIX, NO 3; Silvestre, No 740.)
          <lb/>ch. Vol. II; 8 ff. non ch. — 281 ff. ch. — 14 ff. non ch. (Index).
          <lb/>In-8, car. ital.. Vol. I. 16 ff non ch. — 305 ff. ch. — 10 ff. non
          <lb/>Vol. III. 7 ff. non ch. —275 ff. ch. —15 ff. non ch. (Elenchus Lectio¬
          <lb/>num et Index), titre courant, réclames, initiales ornées et initiales d’attente.
          <lb/>Vol. I. fol a 2a: Préface de Jean Sturm au Prince Guillaume
          <lb/>de Geldren.
          <lb/>fol. a 6b: Librarivs.
          <lb/>fol. a Sa: Leoni X. Pontifici! Maximo Andreas Nav gerivs.
          <lb/>Vol. II. fol. a 2a: Préface de Jean Sturm à l’archevêque Her¬
          <lb/>mannus de Cologne.
          <lb/>Vol. III. fol. 2a: Préface de Jean Sturm, «ad Michaelem
          <lb/>Comitem Werthei-mensem.
          <lb/>fol. 4a: Librarivs : Sunt quaedam non inutiles incom¬
          <lb/>moditates. Conati! sumus elaborare ut Aldinis exemplari¬
          <lb/>bus, nostra adae- quarentur. Id in Sestiana et Vattinia¬
          <lb/>na, fieri non potuit: in quibus quoniam multa restituta
          <lb/>sunt, coacti sumus! non nostrae uolontati, sed communi¬
          <lb/>bus utilitatibus ob-temperare. Numerum tamen retinui¬
          <lb/>mus, &amp;amp; ea quae in-terposita sunt notauimus, si id pec¬
          <lb/>care est, uerum esset multos esse utiles errores, &amp;amp;
          <lb/>necessaria uitia. (Verso blanc.)
          <lb/>fol, 5a: Iacobo Sadoleto Andreas Navg. (6 p.)
          <lb/>R101.672. Prov. : Don de Hugo Barbeck, antiquaire à Nurnbera
          <lb/>1871. Notes mss. Rel. anc.
          <lb/>GPB: BU Breslau, Marbourg (mais seulement le 1er vol.). 511
          <lb/>CICERO
          <lb/>Strasbourg, W. Rihel, 1551.
          <lb/>APPARATVS VERBORVM LINGVAE Latinae, Ciceronia¬
          <lb/>nus.! CVM PRAEFATIONE! Ioannis Sturmij.
          <lb/>Marque typ. de W. Rihel. (HEB, Planche XXIX, NO 1, répétée
          <lb/>au verso du dernier f. blanc avec la devise Nemesis Rihelii en latin et
          <lb/>en grec.
        </p>
      </div>
    </body>
  </text>
</TEI>
