<?xml version='1.0' encoding='UTF-8'?>
<?xml-model href="https://raw.githubusercontent.com/OpenITI/tei_openiti/master/tei_openiti.rng" type="application/xml" schematypens="http://relaxng.org/ns/structure/1.0"?>
<?xml-model href="https://raw.githubusercontent.com/OpenITI/tei_openiti/master/tei_openiti.rng" type="application/xml" schematypens="http://purl.oclc.org/dsdl/schematron"?>
<TEI xmlns="http://www.tei-c.org/ns/1.0">
  <teiHeader>
    <fileDesc>
      <titleStmt>
        <title/>
      </titleStmt>
      <publicationStmt>
        <p/>
      </publicationStmt>
      <sourceDesc>
        <p/>
      </sourceDesc>
    </fileDesc>
    <profileDesc>
      <calendarDesc>
        <calendar xml:id="ah">
          <p>Anno Hegirae</p>
        </calendar>
      </calendarDesc>
    </profileDesc>
    <xenoData xml:space="preserve">
CREATED: 2024-04-12T12:30:29.229244+00:00
CREATED BY: eScriptorium vpassthistobuildcmd
IMAGE FILENAME: A121078-2097.tif
IMAGE WIDTH: 2326
IMAGE HEIGHT: 3830
</xenoData>
  </teiHeader>
  <text>
    <body>
      <div>
        <p>
          <lb/>BASILIUS MAGNUS, Epistola de vita solitaria ad Gregorium
          <lb/>Nazanzenum (!) per Franciscum Philelphum e Graeco tra¬
          <lb/>ducta. Voir: ATHANASIUS, In psalmos opusculum. Stras¬
          <lb/>bourg, M. Schürer, 1508, fol. H4b-12b. (4 p.)
          <lb/>BASILIUS MAGNUS, Basilii oratio de invidia e graeco in lati¬
          <lb/>num conversa per Nicolaum Perotum. Voir: ATHANASIUS,
          <lb/>Magni Athanasii in psalmos opusculum. Strasbourg, M. Schürer,
          <lb/>1508, fol. D5b-EAb. (11 p.)
          <lb/>BASILIUS MAGNUS
          <lb/>Haguenau, J. Secer, 1528.
          <lb/>BASILI] MAGNI, ET GREGO) RII NAZANZENI (!), ! Theolo¬
          <lb/>gorum, Epistolae) Graecae, nunquàm antea editae. Opus
          <lb/>planè sanctum, &amp;amp;! Theologicum.
          <lb/>Haganoae per Iohan. Sec. ! M. D.XXVIII.
          <lb/>A la fin: Haganoae per loh. Secerium ! Anno M.D.XXVIII.
          <lb/>Au recto du dernier f. blanc, marque typogr. de J. Secer. (H. &amp;amp; B.,
          <lb/>Planche LXIX, No 2.)
          <lb/>In-8°, car, grecs, 184 ff. non ch., sign. A-Z, titre courant, réclames,
          <lb/>initiales à fig. C, E; titre encadré. (H. &amp;amp; B., Planche LXIX, No 2.)
          <lb/>Fol. A2a:... DOMINO BILIBALDO! PYRCKHEIMERO, PA¬
          <lb/>TRITIO! Norinbergensi, Vincentius! Obsopoeus Sal.... (Epi¬
          <lb/>stola Nuncupatoria.) 11 p. en car. rom.
          <lb/>Fol. A7b: VITA BASI LII MAGNI, EX SVIDA. (3 p.)
          <lb/>R101291. Prov.: Baer, Francfort-s.-M., 7/II 1880, 7 M. 50.
          <lb/>Annotations mss.
          <lb/>BN Paris, C 3682.
          <lb/>GPB: Breslau, Bonn, Münster, Göttingen, Königsberg.
          <lb/>159
          <lb/>BASSUS Cassianus
          <lb/>Strasbourg, B. Beck, 1545.
          <lb/>DEr veldtbaw, od) das bûch von der veld arbeyt,
          <lb/>in dem alle notwendige stuck, so zur veldarbeyt dienst¬
          <lb/>lich oder hinderlich sein mögen, mit höchstem fleisz an¬
          <lb/>gezeyt werden. Wie man auch allen schaden, so von
          <lb/>bösem wetter, oder schädlichem vngezifer den gewäch¬
          <lb/>sen zûstadt, abwenden vnd fürkummen soll. Darneben
          <lb/>auch, wie alles vihe zuerkennen, zuweyden, vnd zuartz
          <lb/>neyen sey. Alles vor tausent jaren von dem Key- ser
          <lb/>Constantino dem vierdten, in Kriechi- scher sprach be¬
          <lb/>schriben. Vnd yetz new- lich durch D. Michael Herren,
          <lb/>ausz der Kriechischen, in! Teütsche sprach ver] tolmetscht.
          <lb/>Getruckt zû Straszburg, bei! Balthassar Beck. Mit
          <lb/>Künigklicher maiestat freyheyt, M.D. XLV. (Verso blanc.)
          <lb/>95
        </p>
      </div>
    </body>
  </text>
</TEI>
