<?xml version='1.0' encoding='UTF-8'?>
<?xml-model href="https://raw.githubusercontent.com/OpenITI/tei_openiti/master/tei_openiti.rng" type="application/xml" schematypens="http://relaxng.org/ns/structure/1.0"?>
<?xml-model href="https://raw.githubusercontent.com/OpenITI/tei_openiti/master/tei_openiti.rng" type="application/xml" schematypens="http://purl.oclc.org/dsdl/schematron"?>
<TEI xmlns="http://www.tei-c.org/ns/1.0">
  <teiHeader>
    <fileDesc>
      <titleStmt>
        <title/>
      </titleStmt>
      <publicationStmt>
        <p/>
      </publicationStmt>
      <sourceDesc>
        <p/>
      </sourceDesc>
    </fileDesc>
    <profileDesc>
      <calendarDesc>
        <calendar xml:id="ah">
          <p>Anno Hegirae</p>
        </calendar>
      </calendarDesc>
    </profileDesc>
    <xenoData xml:space="preserve">
CREATED: 2024-04-12T12:30:26.929999+00:00
CREATED BY: eScriptorium vpassthistobuildcmd
IMAGE FILENAME: A121078-2024.tif
IMAGE WIDTH: 2386
IMAGE HEIGHT: 3828
</xenoData>
  </teiHeader>
  <text>
    <body>
      <div>
        <p>
          <lb/>20
          <lb/>ALCIATI And.,
          <lb/>Haguenau, J. Secer, 1530.
          <lb/>ANp. AL ciati Libellus, 1 de Ponderibus et! mensuris.
          <lb/>Item Budaei quaedam de eadem re, adhuc non visa.
          <lb/>Item Philippi Melanchthonis, de iisdem, ad Germa¬
          <lb/>norum usum, sententia.
          <lb/>Alciati quoque, et Philippi Melanchthonis,! in laudem
          <lb/>iuris Ciujlis, orationes duae! elegantissimae.
          <lb/>Haganoae apud Johan. Sec. Anno MDXXX. Mense
          <lb/>Martio. (Verso blanc.)
          <lb/>in-8°, car, rom,, 50 ff. non ch., sign. A-G, titre courant, réclames,
          <lb/>notes marg, initiales à fig. C, D.
          <lb/>D 103321. Prov.: Don du Ministère d’Anhalt, 10/V. 1881.
          <lb/>Walter, No 570: BM Sélestat.
          <lb/>BN Paris, S. 21766 et Z. 19062, GPB II, 12102: BN Berlin,
          <lb/>Munich, BU Bonn, Göttingen.
          <lb/>32
          <lb/>ALCUINUS
          <lb/>Strasbourg, J. Herwagen, 1527.
          <lb/>ALBINI! DIACONI ANGLICI IN! D. Ioannis Euangelium
          <lb/>commen! tariorum libri septem, Chri! stiana fruge refer¬
          <lb/>tiszimi.*
          <lb/>ARGENTORATI ! ANNO, M. D. XXVII.
          <lb/>A la fin: ARGENTORATI APVD ] IOANNEM HERVA- GIVM,
          <lb/>MENSE IA-INVARIO. ANNO! M. D. XXVII.
          <lb/>in-8°, car. ital, 20 ff. non ch., 267 ff. ch. et 1 f. n. ch. avec l&amp;#x27;ex¬
          <lb/>plicit au recto, titre courant, réclames, notes marg., initiales à fig. P. 0, 1
          <lb/>et initiales ornées, bandes d’ornement, titre encadré: en haut: ballus¬
          <lb/>trade avec des colonnes, au milieu la &amp;quot;Renommée», sonnant la trom¬
          <lb/>pette, colonnes aux côtés latéraux, au bas à gauche, un guerrier à
          <lb/>cheval, et plusieurs à pied, le premier d’eux tenant un poignard sur
          <lb/>une flamme, de l’autre côté un roi, derrière lui des hommes avec des
          <lb/>lances. (Voir la gravure à la page suivante.)
          <lb/>Au verso du titre: I. G. CHRISTIANO LECTORI. (Préface de
          <lb/>2 pages et demie.) Suit l’Index (8 pages).
          <lb/>Fol. 11a n. ch. (Bande d’ornement): VENERAN-I DO PATRINO¬
          <lb/>BISQUE CVM SVM! mo honore amplectando Albino magistro,
          <lb/>hu-millimae Christi famulae, Gisla &amp;amp; Richtruda! perpetuae
          <lb/>beatitudinis salutem. (4 pages.)
          <lb/>Fol. 13a non ch. (Bande d’ornement): NOBILLIS- SIMIS IN CHRI¬
          <lb/>STIANAE RELI- gionis sanctitate, &amp;amp; in sapientiae studijs
          <lb/>deuo- tissimis, Deoque dicatis uirginibus, Gislae &amp;amp; Rich¬
          <lb/>trudae filiabus, humilis frater &amp;amp;pater Albinus... (8 pages.)
          <lb/>R100476a. Prov.: Rosenthal, Munich, 15/VII, 1885; 6 M.
          <lb/>Notes mss., au haut du titre: Collegij Soeietatis Ignatij Lands¬
          <lb/>perga.
          <lb/>GPB III, 155: Berlin, Munich, Vienne, Münster, Göttingen,
          <lb/>Königsbere.
          <lb/>33
        </p>
      </div>
    </body>
  </text>
</TEI>
