<?xml version='1.0' encoding='UTF-8'?>
<?xml-model href="https://raw.githubusercontent.com/OpenITI/tei_openiti/master/tei_openiti.rng" type="application/xml" schematypens="http://relaxng.org/ns/structure/1.0"?>
<?xml-model href="https://raw.githubusercontent.com/OpenITI/tei_openiti/master/tei_openiti.rng" type="application/xml" schematypens="http://purl.oclc.org/dsdl/schematron"?>
<TEI xmlns="http://www.tei-c.org/ns/1.0">
  <teiHeader>
    <fileDesc>
      <titleStmt>
        <title/>
      </titleStmt>
      <publicationStmt>
        <p/>
      </publicationStmt>
      <sourceDesc>
        <p/>
      </sourceDesc>
    </fileDesc>
    <profileDesc>
      <calendarDesc>
        <calendar xml:id="ah">
          <p>Anno Hegirae</p>
        </calendar>
      </calendarDesc>
    </profileDesc>
    <xenoData xml:space="preserve">
CREATED: 2024-04-12T12:30:33.207499+00:00
CREATED BY: eScriptorium vpassthistobuildcmd
IMAGE FILENAME: A121078-2220.tif
IMAGE WIDTH: 2292
IMAGE HEIGHT: 3822
</xenoData>
  </teiHeader>
  <text>
    <body>
      <div>
        <p>
          <lb/>216
          <lb/>Grüninger, Strasbourg) il y a au verso du titre, une lettre de
          <lb/>Buchstab à Grüninger, datée de Zofingen, 30 décembre 1529. Dans cette
          <lb/>lettre il est dit que Grüninger a déjà imprimé 4 traités de Buchstab.
          <lb/>Schmidt I, No 244 n’en a connu que celui de,Von becleidung der
          <lb/>Priester&amp;quot;, les autres lui étaient inconnus. Nous en avons done 2
          <lb/>nouveaux. Schmidt suppose que le 4ème était,, Eynentlich vnd gründ¬
          <lb/>lich Kuntschafft ausz göttlicher biblischer geschrifft des
          <lb/>M. Ulrich Zwinglein, evn falscher Prophet vnd verfürer
          <lb/>des christlenlichen volcks ist. Von fürbitt der Mutter Gottesz
          <lb/>Marie&amp;quot; etc. 1528. Cet ouvrage se trouvait à l’ancienne Bibl. de
          <lb/>Strasbourg, Incun. No 1269. Nous connaitrions ainsi les 4 ouvrages
          <lb/>de Buchstab, imprimés à Strasbourg par Grüninger avant 1529. Je
          <lb/>suppose&amp;quot;, dit Schmidt,, que Grüninger expédiait les éditions entières
          <lb/>de ces pamphlets en Suisse; à Strasbourg il n’aurait plus guère
          <lb/>trouvé moyen d’en vendre.&amp;quot; Voyez Schmidt I, Nu 235 et 244.
          <lb/>323
          <lb/>BUCOLDIANUS Gerardus
          <lb/>Strasbourg, J. Albrecht, 1534.
          <lb/>(Feuille de lierre) GERARDI BVCOLDIANI DE (NVENTIO¬
          <lb/>ne, et amplificatio-ne Oratoria: seu Vsu loco-rum
          <lb/>Libri tres. EPITOME IN RHETORICAM Ciceronis utranque.
          <lb/>Autore! Conrado Celle. PROGYMNASMATA PETRI! Mosellani
          <lb/>in priuatum discipulorum suorum usum comparata.
          <lb/>EORVM FERME OMNIVM, quae Rhetores in orationem uenire
          <lb/>adferunt ex Cicerone Index. DRAGMATA LOCORVM TAM
          <lb/>Rhetoricorum, quàm Dialecticorum, ex opti- mis quibus¬
          <lb/>que Autoribus depromptis. AutoreChristophoro Hegen¬
          <lb/>dorphino.
          <lb/>ARGENTORATI ANNO! M. D. XXXIIII.
          <lb/>A la fin: ARGENTORATI EXCVDEBAT IOANNES ALBERTVS.
          <lb/>In-80, car. ital., 8 ff. non ch. (Dédicace, Prologue et table), 367 p.
          <lb/>ch., titre courant, (car, rom.), réclames, petites initiales ornées, notes
          <lb/>marginales, au verso du dernier f.: marque typographique de J. Albrecht
          <lb/>(H C B, Planche XXV, No 2, Silvestre, No 1116.)
          <lb/>fol. 2a non ch.: ... Inclytae Bononiensis Reipub. Praesidi
          <lb/>gra-uiszimo Francisco Guicciardino, Gerardus Bucol¬
          <lb/>dianus S. P. D. ... — Bononiae Calendis Ianuarij.
          <lb/>M. D. XXXIIII. (Dédicace de 5 p.)
          <lb/>fol. 4b non ch.: PROLOGVS (6 p.)
          <lb/>Le livre de Inventione oratoria a 217 p.
        </p>
      </div>
    </body>
  </text>
</TEI>
