<?xml version='1.0' encoding='UTF-8'?>
<?xml-model href="https://raw.githubusercontent.com/OpenITI/tei_openiti/master/tei_openiti.rng" type="application/xml" schematypens="http://relaxng.org/ns/structure/1.0"?>
<?xml-model href="https://raw.githubusercontent.com/OpenITI/tei_openiti/master/tei_openiti.rng" type="application/xml" schematypens="http://purl.oclc.org/dsdl/schematron"?>
<TEI xmlns="http://www.tei-c.org/ns/1.0">
  <teiHeader>
    <fileDesc>
      <titleStmt>
        <title/>
      </titleStmt>
      <publicationStmt>
        <p/>
      </publicationStmt>
      <sourceDesc>
        <p/>
      </sourceDesc>
    </fileDesc>
    <profileDesc>
      <calendarDesc>
        <calendar xml:id="ah">
          <p>Anno Hegirae</p>
        </calendar>
      </calendarDesc>
    </profileDesc>
    <xenoData xml:space="preserve">
CREATED: 2024-04-12T12:30:36.414473+00:00
CREATED BY: eScriptorium vpassthistobuildcmd
IMAGE FILENAME: A121078-2335.tif
IMAGE WIDTH: 2320
IMAGE HEIGHT: 3816
</xenoData>
  </teiHeader>
  <text>
    <body>
      <div>
        <p>
          <lb/>Notes mes., à l&amp;#x27;intérieur du 1er plat en bas: &amp;quot;C. E. L. Weidener
          <lb/>Halberstadii MD CCXXXIV, Au recto du f. de garde: «Si nomen meum
          <lb/>scire vis verte folium videbis.» Au verso: «Curiosus fuisti et nomen
          <lb/>meum non vidisti.» Rel. anc.
          <lb/>GPB: BN Berlin, BU Breslau.
          <lb/>505
          <lb/>CICERO
          <lb/>Strasbourg. W. Rihel, 1541.
          <lb/>(L] M. T. Ciceronis Librorvm Philosophicorvm! uolu¬
          <lb/>men primum. Post Naugerianam &amp;amp; Victorianam correc¬
          <lb/>tionem. EMENDATVM A IOAN. STVRMIO.Academicae
          <lb/>quaestiones. Editionis primae liber quartus, qui Lucullus
          <lb/>inscribitur. Editionis secundae liber primus. De finibus
          <lb/>bonorum &amp;amp; malorum. Tusculanae quaestiones.
          <lb/>Indice rerum verborumque insigniorum adiecto.
          <lb/>Marque typ. de Wendelin Rihel, (He B, Planche XXIX, N°4;
          <lb/>Silvestre, No 741
          <lb/>Au-dessous: Cum gratia &amp;amp; Priuilegio Caesario ad septen¬
          <lb/>nium. (Verso blanc).
          <lb/>A la fin: IMPRESSVM ARGENTORA-ti, apud Wendelinum
          <lb/>Rihelium. An. M. D. XLI. (Verso blanc.)
          <lb/>In-80, car. ital, 8 ff, non ch., 251 ff. ch, 38 ff. non ch. (Index)
          <lb/>1 f. blanc avec la même marque typ. au verso qu’au titre; titre courant,
          <lb/>réclames, initiale à fig. H et initiales d’attente.
          <lb/>fol. a 2a: Ad... Seuerinum Bonerum de Balicze, in
          <lb/>Ogrodzieniecz &amp;amp; Camieniecz haeredem Bieczen. Bur¬ gra¬
          <lb/>bium.. Ioan. Sturmij Prae- fatio. — Argentorati Calend.
          <lb/>Martij.
          <lb/>fol. a 3a: Franciscus Asculanus lectori. (6 ff.)
          <lb/>III). M. T. Ciceronis) Philosophicorvm volvmen secun¬
          <lb/>dum, Post postremam Naugerianam « Victorianam correc¬
          <lb/>tionem. Emendatvm a Ioan. Stvrmio. De Natura deorum.
          <lb/>De Diuinatione. De Fato.De Somnio Scipionis. De
          <lb/>Legibus. De Vniuersitate. De Petitione Consulatus.
          <lb/>Cum Indice locupletissimo.
          <lb/>Au-dessous: Marque typ. de W. Rihel, (H e B. Planche XXIX,
          <lb/>N° 4; Silvestre, N° 741.)
          <lb/>Cum gratia &amp;amp; Priuilegio Caesarioad septennium.
          <lb/>(Verso blanc).
          <lb/>In-8°, car. ital., 9 ff. non ch., dont le verso du Ge et les 3 suivants
          <lb/>blanes, 213 ff. ch. numerotés de 2-214, 14 ff. non ch. (Index), au verso
          <lb/>du dernier f. même marque tup. qu’au titre., titre courant, réclames,
          <lb/>initiale ornée D, le reste initiales d’attente.
          <lb/>331
        </p>
      </div>
    </body>
  </text>
</TEI>
