<?xml version='1.0' encoding='UTF-8'?>
<?xml-model href="https://raw.githubusercontent.com/OpenITI/tei_openiti/master/tei_openiti.rng" type="application/xml" schematypens="http://relaxng.org/ns/structure/1.0"?>
<?xml-model href="https://raw.githubusercontent.com/OpenITI/tei_openiti/master/tei_openiti.rng" type="application/xml" schematypens="http://purl.oclc.org/dsdl/schematron"?>
<TEI xmlns="http://www.tei-c.org/ns/1.0">
  <teiHeader>
    <fileDesc>
      <titleStmt>
        <title/>
      </titleStmt>
      <publicationStmt>
        <p/>
      </publicationStmt>
      <sourceDesc>
        <p/>
      </sourceDesc>
    </fileDesc>
    <profileDesc>
      <calendarDesc>
        <calendar xml:id="ah">
          <p>Anno Hegirae</p>
        </calendar>
      </calendarDesc>
    </profileDesc>
    <xenoData xml:space="preserve">
CREATED: 2024-04-12T12:30:37.347586+00:00
CREATED BY: eScriptorium vpassthistobuildcmd
IMAGE FILENAME: A121078-2371.tif
IMAGE WIDTH: 2350
IMAGE HEIGHT: 3826
</xenoData>
  </teiHeader>
  <text>
    <body>
      <div>
        <p>
          <lb/>In-4°, car. rom., 2 col, 4 ff. non ch., C ff. ch., titre courant, notes
          <lb/>marginales, initiales blanches sur fond noir, C, P. H, titre rouge et noir,
          <lb/>encadré comme No 256.
          <lb/>Au verso du titre: Saphicon Georgij Altenheymer A
          <lb/>Lectorem. (5 strophes à 4 vers.)
          <lb/>fol. A 2a non ch.: HUMANISSIMO PHILOSOPHIAE MA! gistro
          <lb/>Hieronymo Gebuilerio Tribotinae pu bis litterariae...
          <lb/>Georgius Alten- heymer Oertingensis... (Préface de 4
          <lb/>pages).
          <lb/>fol. A 5b: Georgius Altenheymer politioribus litterarum
          <lb/>studijs incumbenti S. D.... — Ex gymna sio litterario
          <lb/>aedis pontificalis.
          <lb/>fol. O1a: Epilogvs ad Stvdiosam Gymna siorvm Ivven¬
          <lb/>tvtem... Lustro tercio, supra seculum decimum quintum.
          <lb/>Septimo Calendas Ianuarias.
          <lb/>*R100.053. Prov.: Brockhaus, Leipzio, 27/11. 1875; 4 M. 50.
          <lb/>Annotations mss.
          <lb/>2e ex. *0131757.(2) Prov.: Butsch fils, Augsbourg, 12/x. 1883;
          <lb/>8 M. 50.
          <lb/>BU Fribourg D 4123m; Schmidt III, p. 32, N°12; BM Stras¬
          <lb/>bourg (618 (1) et 410l.
          <lb/>547
          <lb/>367
          <lb/>COCHLAEUS Iohannes
          <lb/>Strasbourg, J. Grüninger, 1522.
          <lb/>DE GRATIA SA CRAMENTORVM LIBER UNVS IOAN.
          <lb/>Cochlaei. aduersus as- sertionem Marti.Lutheri.
          <lb/>A la fin (fol. 75a): EXCVSVM ARGENTINAE, IMPEN sis &amp;amp;
          <lb/>opera honesti viri Ioannis Grienin-ger ciuis Argentin. In
          <lb/>vigilia Diui Nicolai Anno salutis. M. D. XXij.
          <lb/>Suivent 2 pages d’Errata: ERRATA QVAEOAM, QVAE AVT IN
          <lb/>curia aut Immodica festinatione hinc inde repsere sic
          <lb/>emendabis.
          <lb/>In-4°, car, rom., 75 ff. ch., 1 f. non ch., titre courant, notes mar¬
          <lb/>ginales, initiales ornées, titre encadré, (Hdt B, Planche I, No 2.)
          <lb/>Au verso du titre: BONARVM LITERARVM STVDIOSE Iuuen¬
          <lb/>tuti Germanicae lo. Cochlaeus... (Préface de 3 pages.)
          <lb/>R101764. Prov.: Don BU de Munich, I0/VII. 1877.
          <lb/>BN Paris: D. 7033; B U Fribourg en Br. N6219 à f; GPB.
          <lb/>BN Berlin, BU Bonn, Gœttingue, Kœnigsberg, Marbourg. Schmidt I,
          <lb/>N° 192: Bibl. St. Guillaume Strasbourg.
          <lb/>548
        </p>
      </div>
    </body>
  </text>
</TEI>
