<?xml version='1.0' encoding='UTF-8'?>
<?xml-model href="https://raw.githubusercontent.com/OpenITI/tei_openiti/master/tei_openiti.rng" type="application/xml" schematypens="http://relaxng.org/ns/structure/1.0"?>
<?xml-model href="https://raw.githubusercontent.com/OpenITI/tei_openiti/master/tei_openiti.rng" type="application/xml" schematypens="http://purl.oclc.org/dsdl/schematron"?>
<TEI xmlns="http://www.tei-c.org/ns/1.0">
  <teiHeader>
    <fileDesc>
      <titleStmt>
        <title/>
      </titleStmt>
      <publicationStmt>
        <p/>
      </publicationStmt>
      <sourceDesc>
        <p/>
      </sourceDesc>
    </fileDesc>
    <profileDesc>
      <calendarDesc>
        <calendar xml:id="ah">
          <p>Anno Hegirae</p>
        </calendar>
      </calendarDesc>
    </profileDesc>
    <xenoData xml:space="preserve">
CREATED: 2024-04-12T12:30:31.683298+00:00
CREATED BY: eScriptorium vpassthistobuildcmd
IMAGE FILENAME: A121078-2175.tif
IMAGE WIDTH: 2292
IMAGE HEIGHT: 3826
</xenoData>
  </teiHeader>
  <text>
    <body>
      <div>
        <p>
          <lb/>171
          <lb/>BRENTIUS Johannes
          <lb/>Haguenau, V. Kobian, 1539.
          <lb/>Der Euange- list Johannes Auszge legt durch D.
          <lb/>Johan nem Brentium. ! Verdeutschet durch Hiobem Gast.
          <lb/>M. D. XXXIX.
          <lb/>A la fin : Getruckt Zû Hagenaw durchValentinum
          <lb/>Kobian An! no &amp;amp;c. 1539. (Au-dessus: feuille de lierre.)
          <lb/>In-8°, car. goth., 18 ff. non ch., dont ff. 14-16 blancs, (préface
          <lb/>de Gast à Georges Vogler, du 12 octobre), 563 ff. ch. (erreurs de pagi¬
          <lb/>nation : 25 p. 35, 97 p. 67, 84 p. 94, 488 p. 509, 524 p. 542, à 559
          <lb/>suit 540, 541); titre courant, réclames; titre encadré: en haut, St. Jean
          <lb/>à Patmos, assis, un livre ouvert sur les genoux, une plume à la main,
          <lb/>devant lui un aigle, tous les deux tournent leurs veux vers la Ste. Vierge
          <lb/>tenant l’enfant Jésus sur les bras; bordures latérales, ornements (fleurs)
          <lb/>surmontés d’une tête d’ange, bordure inférieure, deux enseignes, tenues
          <lb/>par un homme, les bras étendus, dont le corps se termine en 2 queues
          <lb/>de poisson.
          <lb/>R 101177. Prov. : Bibl. Heitz, Strasbourg, 1871.
          <lb/>Köhler W., Bibliographia Brentiana N°105: Berlin, Kœnigsberg,
          <lb/>Wernigerode, Vienne.
          <lb/>267
          <lb/>BRENTIUS Johannes
          <lb/>Haquenau, V. Kobian, 1539.
          <lb/>Das Sechst Capitell desEuangelisten Luce, sampt
          <lb/>dem Fünff- ten Mathei, von der rechten warhaffti! gen
          <lb/>auszlegung des Gesetzes, innxxi predigt, verfasset,
          <lb/>durch Johann. Brentz Eccle! siasten, ausz dem la tein
          <lb/>verteutscht durchWolffgang Maler Diaco- non, zû
          <lb/>Schwebischen Hall. Psalm 118. (4 lignes.)
          <lb/>Getrûckt Zù Hagenaw. (Verso blanc.)
          <lb/>A la fin: Getrûckt Zû Hagenaw, bei Veltin Kobian,
          <lb/>alsz mann zalt Tausent Fünffhundert Dreissig! Neün Jar.
          <lb/>Au-dessous: bande d’ornement. (Verso blanc.)
          <lb/>In-4°, car. goth., 4 ff. non ch, CCII ff. ch., titre courant, récla¬
          <lb/>mes, notes marginales, initiale à fig. D et initiales goth., titre encadré
          <lb/>(H a B, Planche LXI, N° I, sans le monogramme de Th. Anshelm dans
          <lb/>t́a bordure inférieure.)
          <lb/>fol. 2a non ch.: Den...weisen Stetmeyster, vnnd Rathe,
          <lb/>der Stat Schwebischen Hall... — Ge ben zu Schwebischen
          <lb/>Hall Am xX. tag des herbst- monads Anno &amp;amp; M. D.xxxix.
          <lb/>Wolffgang Maler. (4 p.) Suit une table de 2 p.
          <lb/>R101974. Prov.: Trübner, Strasbourg, 14/VI. 1883, 10M.
          <lb/>Köhler W., Bibliographia Brentiana N° 107: Hamburg, Helm¬
          <lb/>stedt, BM et BU Kœnigsberg, Regensburg, Zwickau.
          <lb/>268
        </p>
      </div>
    </body>
  </text>
</TEI>
