<?xml version='1.0' encoding='UTF-8'?>
<?xml-model href="https://raw.githubusercontent.com/OpenITI/tei_openiti/master/tei_openiti.rng" type="application/xml" schematypens="http://relaxng.org/ns/structure/1.0"?>
<?xml-model href="https://raw.githubusercontent.com/OpenITI/tei_openiti/master/tei_openiti.rng" type="application/xml" schematypens="http://purl.oclc.org/dsdl/schematron"?>
<TEI xmlns="http://www.tei-c.org/ns/1.0">
  <teiHeader>
    <fileDesc>
      <titleStmt>
        <title/>
      </titleStmt>
      <publicationStmt>
        <p/>
      </publicationStmt>
      <sourceDesc>
        <p/>
      </sourceDesc>
    </fileDesc>
    <profileDesc>
      <calendarDesc>
        <calendar xml:id="ah">
          <p>Anno Hegirae</p>
        </calendar>
      </calendarDesc>
    </profileDesc>
    <xenoData xml:space="preserve">
CREATED: 2024-04-12T12:30:34.596830+00:00
CREATED BY: eScriptorium vpassthistobuildcmd
IMAGE FILENAME: A121078-2266.tif
IMAGE WIDTH: 2300
IMAGE HEIGHT: 3820
</xenoData>
  </teiHeader>
  <text>
    <body>
      <div>
        <p>
          <lb/>262
          <lb/>No 2; Silvestre No 763.)
          <lb/>Marque typographique de N. Wyriot, (HEB, Planche XLIII,
          <lb/>Au-dessous: Argentorati Excudebat Nicolaus Wyriot.
          <lb/>Anno! M. D. LXXV. (Verso blanc.)
          <lb/>cadré (ornements simples), au recto du dernier f. Vignette.
          <lb/>In-4°, car. ital. et rom., 4 ff. non ch., sign. A, réclames, titre en¬
          <lb/>Au verso du dernier f.: IN EIVSDEM ABITVM M. Sebastiani
          <lb/>Figuli Landa-uiensis, Elegia. (9 distiques grecs.)
          <lb/>R 100158. Prov.: L. Rosenthal, Munich, 11/XI.1889;3M.
          <lb/>304
          <lb/>CALAMINUS Georg
          <lb/>Strasbourg, 1575.
          <lb/>VITA CLARISSIMI, DOCTIS- SIMIQUE VIRI IOANNIS GVIN¬
          <lb/>therij Andernaci Medici cele- berrimi, Heroico carmine
          <lb/>conscripta per GEORGIVM CALAMINVM SIL-] berbergen¬
          <lb/>sem Silesium.
          <lb/>Adiuncta est in eiusdem obitum Naenia, et in funus,
          <lb/>tumulumque Carmen.
          <lb/>ZENODORVS. (Citation grecque, 2 lignes.)
          <lb/>HORATIVS. (Citation latine, 2 lignes.)
          <lb/>ARGENTORATI, Anno M. D. LXXV. (Verso blanc.)
          <lb/>In-4°, car. ital., 28 ff. non ch., sign. A-G, titre courant, réclames,
          <lb/>notes marginales.
          <lb/>fol. A 2a: Portrait encadré de Jean Guinther d’Andernach
          <lb/>(.. Natus... M. CCCC. LXXXVII. Obijt) anno M. D. LXXIIII.
          <lb/>die IIII. Octobris. Argentinae sepultus.)
          <lb/>R 102.433. Prov.: Bibl. Heitz, Strasbourg 1871.
          <lb/>Annotation mss. à l&amp;#x27;intérieur de la couverture: C. Bibliothecae
          <lb/>Hermanianae Argentorati.
          <lb/>Oxford, Bibl. Bodleiana; Fribourg en Br. D 6371, 1 avec note
          <lb/>mss. au f. du titre: »Dono accepit Mathaeus Herterus Tilluangensis
          <lb/>a D. Michaele Wenckio Argentoratensi suo familiarissimo»; GPB:
          <lb/>Berlin BN, Breslau BU, Kiel BU.
          <lb/>395
          <lb/>CALAMINUS Georg
          <lb/>Strasbourg, N. Wyriot, 1576.
          <lb/>Abitus! VIRI DOCTISSIMI, DO- MINI M. IOANNIS MEM¬
          <lb/>HARDI, EX Argentoratensi Academia in ScholamLint¬
          <lb/>zianam descriptus à M. GEORGIO CALAMINO SILESIO.
          <lb/>M. IOANNE LEITNERO AVSTRIACO. GOTHFRIDO POPPIO GOTHANO.
          <lb/>Marque typ. de N. Wyriot. (HRB, Planche XLIII, NO I.)
        </p>
      </div>
    </body>
  </text>
</TEI>
