<?xml version='1.0' encoding='UTF-8'?>
<?xml-model href="https://raw.githubusercontent.com/OpenITI/tei_openiti/master/tei_openiti.rng" type="application/xml" schematypens="http://relaxng.org/ns/structure/1.0"?>
<?xml-model href="https://raw.githubusercontent.com/OpenITI/tei_openiti/master/tei_openiti.rng" type="application/xml" schematypens="http://purl.oclc.org/dsdl/schematron"?>
<TEI xmlns="http://www.tei-c.org/ns/1.0">
  <teiHeader>
    <fileDesc>
      <titleStmt>
        <title/>
      </titleStmt>
      <publicationStmt>
        <p/>
      </publicationStmt>
      <sourceDesc>
        <p/>
      </sourceDesc>
    </fileDesc>
    <profileDesc>
      <calendarDesc>
        <calendar xml:id="ah">
          <p>Anno Hegirae</p>
        </calendar>
      </calendarDesc>
    </profileDesc>
    <xenoData xml:space="preserve">
CREATED: 2024-04-12T12:30:36.087599+00:00
CREATED BY: eScriptorium vpassthistobuildcmd
IMAGE FILENAME: A121078-2325.tif
IMAGE WIDTH: 2314
IMAGE HEIGHT: 3816
</xenoData>
  </teiHeader>
  <text>
    <body>
      <div>
        <p>
          <lb/>In-4°, car. rom., CII ff. ch, titre courant, initiales d’attente.
          <lb/>Au verso du titre: Vulphganus Angst Lectori.
          <lb/>Argentora-co ex aedibus Schurerianis. VI. Idus Febru.
          <lb/>&amp;quot;R101.678. Prop.: Wilh. Scholz, Brunschwig, 30/III. 1897, 5M.
          <lb/>Schmidt VIII, n° 65: BM Zurich.
          <lb/>487
          <lb/>CICERO
          <lb/>Strasbourg, M. Schürer, 1512.
          <lb/>sianis introductiunculis ! recognitis &amp;amp; auctis, &amp;amp; argumen¬
          <lb/>tis illu stratis, Additis, regulis venusti sermonis ad
          <lb/>finem operis.
          <lb/>A la fin, fol. CCIIIb: Argentorati In Aedibus Mathiae
          <lb/>Schurerij, Mense Martio. M. D. XII. Tempus obserua.
          <lb/>In-4°, car, rom. CCIII ff. ch. — 8 ff. non ch. (Introductiones
          <lb/>Ascensiane); verso du dernier f., blane, titre courant, notes marginales,
          <lb/>initiales d’attente.
          <lb/>Au verso du titre: SEBASTIANVS MVRRHO IVNIOR COLMA
          <lb/>riensis. Thome Alberto Studioso Adulescenti. S. D.... —
          <lb/>Ex aedibus Schurerij. Anno domini! M. D. XII.
          <lb/>R101657. Prov.: Don de l’antiquaire Butsch, Augsbourg, 1871.
          <lb/>Rel. anc.
          <lb/>Schmidt VIII, No 68.
          <lb/>488
          <lb/>321
          <lb/>CICERO
          <lb/>Strasbourg, Math. Schürer, 1512.
          <lb/>M. T. Ciceronis DE OFFICIIS. Libri tres. LECTOR
          <lb/>EME, LEGE, ET PROBABIS.
          <lb/>Marque typ. de Math. Schürer. (HE B, Planche XII, N° 2).
          <lb/>In-40, car, rom. LXII ff. ch., titre courant, initiales d’attente.
          <lb/>Au verso du titre : Sebastianus Murrho lunior Colmarien¬
          <lb/>sis, loan. Sapido ludi literarum magi stro in Seletstat,
          <lb/>S. D.... — Ex aedibus Schurerij. Anno. M. D. XII. quinto
          <lb/>Idus Iulias.
          <lb/>R 102.443 (2). Prov. inconnue. Annotations mss.
          <lb/>Schmidt VIII, No 92: BM Francfort s. M.; GPB: BN Berlin,
          <lb/>BU Gœttingue.
          <lb/>489
          <lb/>R. 21
        </p>
      </div>
    </body>
  </text>
</TEI>
