<?xml version='1.0' encoding='UTF-8'?>
<?xml-model href="https://raw.githubusercontent.com/OpenITI/tei_openiti/master/tei_openiti.rng" type="application/xml" schematypens="http://relaxng.org/ns/structure/1.0"?>
<?xml-model href="https://raw.githubusercontent.com/OpenITI/tei_openiti/master/tei_openiti.rng" type="application/xml" schematypens="http://purl.oclc.org/dsdl/schematron"?>
<TEI xmlns="http://www.tei-c.org/ns/1.0">
  <teiHeader>
    <fileDesc>
      <titleStmt>
        <title/>
      </titleStmt>
      <publicationStmt>
        <p/>
      </publicationStmt>
      <sourceDesc>
        <p/>
      </sourceDesc>
    </fileDesc>
    <profileDesc>
      <calendarDesc>
        <calendar xml:id="ah">
          <p>Anno Hegirae</p>
        </calendar>
      </calendarDesc>
    </profileDesc>
    <xenoData xml:space="preserve">
CREATED: 2024-04-12T12:30:36.508296+00:00
CREATED BY: eScriptorium vpassthistobuildcmd
IMAGE FILENAME: A121078-2341.tif
IMAGE WIDTH: 2318
IMAGE HEIGHT: 3820
</xenoData>
  </teiHeader>
  <text>
    <body>
      <div>
        <p>
          <lb/>337
          <lb/>Au-dessous: ARGENTORATI EXCVDEBAT! Vuendelinus Rihe¬
          <lb/>lius Anno M. D. LI. (Verso blanc.)
          <lb/>In-4°, car. ital, 2 col., sign. a, 4-2, Aa-Z2, Aaa-Fff, titre
          <lb/>courant, réclames, initiales ornées.
          <lb/>fol. a 2a: AD NOBILEM ET ORNA- TISSIMVM VIRVM : D.
          <lb/>HENRICVM! Vuitzlebium, Ioannis Sturmij! Praefatio.. (4p.)
          <lb/>fol. a 44: TYPOGRAPHVS LECTORIBUS S. (1 p.)
          <lb/>R101955. Prov. inconnue. A l’intérieur du Ier plat « Robert
          <lb/>Moore,» Notes mss, au titre et au verso du dernier f. Ainsi au haut
          <lb/>du titre: John Smith emit a domino Shao 1588 tunc temporis Chadlyto¬
          <lb/>niae habitante et commorante cum reverendo viro M. D. H. Post commu¬
          <lb/>tavit cum M. Agirmit (?) anno quasi 607; ac etiam denuo maio 25.610
          <lb/>Rel. anc.
          <lb/>512
          <lb/>CICERO
          <lb/>Strasbourg, W. Rihel, 1553.
          <lb/>M. T. CICERONIS DE OFFICHS LIB. III.
          <lb/>Cato maior, siue de Senectute. Laelius, siue de Ami¬
          <lb/>citia.Somnium Scipionis.Paradoxa. Sylloge lib. de
          <lb/>Repub.
          <lb/>beodópou rept̀ vnpos épumνétα, καt’Oνςιρος ἐκετίωνoc.
          <lb/>POST POSTREMAM NAVGERIA- nam, &amp;amp; Victorianam,
          <lb/>correctionem ! Emendata à IOANNE STVRMIO.! Cum INDICE
          <lb/>locupletissimo.! Additae etiam sunt Erasmi Roterodami, &amp;amp;
          <lb/>Philippi Melanchthonis, &amp;amp; Bartholomaei Latomi an- nota¬
          <lb/>tiones in eosdem libros.
          <lb/>Omnia, quàm antehac, &amp;amp; locupletiora! &amp;amp; emendatiora.
          <lb/>CVM GRATIA ET PRIVILEGIO Caesario ad Septennium.)
          <lb/>M. D. LHI. (Verso blanc.)
          <lb/>In-8°, car. ital., et grecs, 56 ff. non ch., 132 f. ch., 86 ff. non
          <lb/>ch. —1 f. blanc avec la marque typ. de Wendelin Rihel au verso, (Ha
          <lb/>B, Planche XXIX, N° 3; Silvestre, N° 740.)
          <lb/>Titre courant, initiale ornée I, le reste initiales d’attente.
          <lb/>fol. A 2a non ch.: IOANNES STVRMIVS STANISLAO SEVE¬
          <lb/>RINI FILIO ET] Andreae Francisci filio Boneris patruelibus
          <lb/>Polonis. S. P. D... — Argentorati decimo Calen. April, anno
          <lb/>M. D. XLI. (4 p.)
          <lb/>fol. A 4a: IOANNES BAPTISTA EGNATIVS VENETVS MAR¬
          <lb/>CO MO LINO PATRITIO ORNATISSI-] mo Aloisij. D. Marci
          <lb/>Procuratoris ! filio S. P. D. (5 p.)
          <lb/>R. 22
        </p>
      </div>
    </body>
  </text>
</TEI>
