<?xml version='1.0' encoding='UTF-8'?>
<?xml-model href="https://raw.githubusercontent.com/OpenITI/tei_openiti/master/tei_openiti.rng" type="application/xml" schematypens="http://relaxng.org/ns/structure/1.0"?>
<?xml-model href="https://raw.githubusercontent.com/OpenITI/tei_openiti/master/tei_openiti.rng" type="application/xml" schematypens="http://purl.oclc.org/dsdl/schematron"?>
<TEI xmlns="http://www.tei-c.org/ns/1.0">
  <teiHeader>
    <fileDesc>
      <titleStmt>
        <title/>
      </titleStmt>
      <publicationStmt>
        <p/>
      </publicationStmt>
      <sourceDesc>
        <p/>
      </sourceDesc>
    </fileDesc>
    <profileDesc>
      <calendarDesc>
        <calendar xml:id="ah">
          <p>Anno Hegirae</p>
        </calendar>
      </calendarDesc>
    </profileDesc>
    <xenoData xml:space="preserve">
CREATED: 2024-04-12T12:30:28.219109+00:00
CREATED BY: eScriptorium vpassthistobuildcmd
IMAGE FILENAME: A121078-2067.tif
IMAGE WIDTH: 2338
IMAGE HEIGHT: 3824
</xenoData>
  </teiHeader>
  <text>
    <body>
      <div>
        <p>
          <lb/>63
          <lb/>AUSFÜHRUNG
          <lb/>(Strasbourg, Chr. Müller, ] 1564.
          <lb/>STattliche Ausz-fürung der Vrsachen, darumben die
          <lb/>Chur, vnnd Fürsten, auch andere Stende derAugspur¬
          <lb/>gischen Confession, des Papst Pij IIII.auszgeschriben ver¬
          <lb/>meynt Concilium, so er gegen Trient angesetzt, nit be¬
          <lb/>suchen khünden, noch zû! besuchen schuldig gewesen sind,
          <lb/>Sonder dasselb, als hochuerdechtig, auch zû gemeyner
          <lb/>Christenlicher! einigkeyt vndienstlich, Anfangs zur Naum¬
          <lb/>burg, vnd volgends auff jüngst gehalte- nem Walh, vnd
          <lb/>Crönungs Tag, zû Franckfurt in schrifften billich! ver¬
          <lb/>wegert haben. (Petite vignette.)
          <lb/>Ausz beuelch etlicher hoher Stende,! durch ire darzô
          <lb/>verordnete Theologische, vnd Politische Räth, vor langest
          <lb/>mit vleisz zôsamen ge- tragen, vnd ausz der Heyligen
          <lb/>Schrifft, den alten! Vättern, den Scholasticis, Canonisten,
          <lb/>vnd vilen! Historien, zûhauff gezogen, vnd in ein Corpus
          <lb/>gebracht, Aber jetz aller erst, vnd zûuor nie in ein Truck
          <lb/>gegeben. (Feuille de lierre.)
          <lb/>Mit zwaien zû end angehengten Registern. (Verso blanc.)
          <lb/>A la fin: Anno M. D. LXIIII. (Verso blanc.)
          <lb/>In-4, car. goth. et rom., 738 pages ch., 26 ff. non ch. (Index),
          <lb/>réclames, notes marginales.
          <lb/>Fol. A 2a : Vorrede... (6 pages et demie.)
          <lb/>Les 3 derniers ff. à 2 col.: CATALOGVS Av-] thorum, qui
          <lb/>in hoc opere citantur.
          <lb/>Imprimé probablement par Christian Müller, qui en a fait une
          <lb/>réimpression avec les mêmes caractères en 1566.
          <lb/>R101.520. Prov.: Don de la BU Königsberg, 1872.
          <lb/>B. M. Colmar.
          <lb/>112
          <lb/>AUSFÜHRUNG
          <lb/>Strasbourg, Chr. Müller, 1566.
          <lb/>STattliche Ausz-fürung... Même titre que dans l’édition
          <lb/>de 1564, excepté que Walh figure comme Wahl, la feuille de lierre
          <lb/>au bas est remplacée par une feuille de treffle, la date 1564 est changée
          <lb/>en 1566 et la phrase: «Aber jetz aller erst, und zûuor- nie
          <lb/>im Truck gegeben» est omise. (Verso blanc.)
          <lb/>A la fin: Gedruckt zà Straszburg bey! Christian Müller.
          <lb/>(Verso blanc.)
          <lb/>In-40, car. goth. et rom., 644 pages ch., 25 ff. non ch. (Index)
          <lb/>réclames, notes marginales.
          <lb/>Même Préface que dans l’édition précédente.
          <lb/>R101.521. Prov: T. O. Weigel, Leipzig (Catal. Reichlin-Meldegg,
          <lb/>No 86), 20. II. 1873; 1 M. 10.
          <lb/>Notes mes. Exlibris au recto du f. de garde.
          <lb/>113
        </p>
      </div>
    </body>
  </text>
</TEI>
