<?xml version='1.0' encoding='UTF-8'?>
<?xml-model href="https://raw.githubusercontent.com/OpenITI/tei_openiti/master/tei_openiti.rng" type="application/xml" schematypens="http://relaxng.org/ns/structure/1.0"?>
<?xml-model href="https://raw.githubusercontent.com/OpenITI/tei_openiti/master/tei_openiti.rng" type="application/xml" schematypens="http://purl.oclc.org/dsdl/schematron"?>
<TEI xmlns="http://www.tei-c.org/ns/1.0">
  <teiHeader>
    <fileDesc>
      <titleStmt>
        <title/>
      </titleStmt>
      <publicationStmt>
        <p/>
      </publicationStmt>
      <sourceDesc>
        <p/>
      </sourceDesc>
    </fileDesc>
    <profileDesc>
      <calendarDesc>
        <calendar xml:id="ah">
          <p>Anno Hegirae</p>
        </calendar>
      </calendarDesc>
    </profileDesc>
    <xenoData xml:space="preserve">
CREATED: 2024-04-12T12:30:26.566603+00:00
CREATED BY: eScriptorium vpassthistobuildcmd
IMAGE FILENAME: A121078-2014.tif
IMAGE WIDTH: 2394
IMAGE HEIGHT: 3826
</xenoData>
  </teiHeader>
  <text>
    <body>
      <div>
        <p>
          <lb/>10
          <lb/>AEGIDIUS ROMANUS
          <lb/>Strasbourg, M. Flach, 1501.
          <lb/>Castigatorium Egidii de Roma! in corruptorium libro¬
          <lb/>rum san-cti Thome de Aquino a quo-dam emulo depra¬
          <lb/>uatorum.
          <lb/>A la fin: Argentine im! pressum: in officina Martini flach
          <lb/>iu! nioris : Anno natalis domini millesimo! quingentesimo
          <lb/>primo: sexto Idus Janu arias Finit feliciter.
          <lb/>Au-dessous: marque typ. de M. Flach. (H&amp;amp; B, Planche VI, NoI;
          <lb/>Silvestre, N° 1212.)
          <lb/>init. d’attente.
          <lb/>in-fol., car. goth., 2 col., 88 ff. non ch., sign. A-N, notes marg.,
          <lb/>Au verso du titre: Joanni geiler de keisersberg theologo:
          <lb/>nobilissimae Argentinensis ecclesiae ! concionatori: et prae¬
          <lb/>ceptori. tanquam patri obseruando. Jacobus wympfelingi
          <lb/>us Sletstadinus discipulus... — Ex pago ecclesiae meae in
          <lb/>Sulce! pridie Idus Januarias. Anno christi millesimo quin¬
          <lb/>gentesimo primo.
          <lb/>Au-dessous: In castigatorium Egidij: Exasthicum Jo. galli¬
          <lb/>narij Heidelbergensis, (6 vers.)
          <lb/>Suivent 2 ff. d’index et un f. blanc.
          <lb/>E 11528b. Prov.: Don de la ville de Heilbronn, 1871.
          <lb/>Note mss. à l&amp;#x27;intérieur de la couverture: «Ex legato Egregii viri
          <lb/>Artium ac sacrae Theologiae doctoris domini Joan, krener
          <lb/>ex Scherding Concionatoris Heilpronensis.»
          <lb/>Schmidt, VI, p. 19, N° 1.
          <lb/>BN Paris, Rés. D. 1452.
          <lb/>16
          <lb/>AEGINETA Paulus. Voir: PAULUS Aegineta.
          <lb/>AGRICOLA Johannes
          <lb/>Haguenau, J. Secer, 1529.
          <lb/>Drey hundert] Gemeyner Sprichworter, der wir Deut¬
          <lb/>schen uns ge- brauchen, und doch nicht! wissen woher
          <lb/>sie kommen, durch D. Johan. Agrico- lam von Iszleben,
          <lb/>an den! durchleuchtigen, hochge-] bornen Fursten und
          <lb/>Her ren, Herrn Johann. Frid rich, Hertzogen zu Sach sen
          <lb/>etc. geschriben, erklert, 1 und eygentlich auszgelegt. (Verso
          <lb/>blanc.)
          <lb/>Fol. 184a (avant le registre): Gedruckt zu Hagenaw durch
          <lb/>Johannem Setzerium, ym jar nach! der gepurt Christi,
          <lb/>M. D. (vnd xxix.
          <lb/>in-8°, car. goth., titre -184 ff. ch., —10 ff. non ch. (Registre
          <lb/>alphabétique des 300 proverbes), titre courant, réclames au verso
          <lb/>des ff., notes marg. donnant le texte grec ou latin du proverbe alle¬
        </p>
      </div>
    </body>
  </text>
</TEI>
