<?xml version='1.0' encoding='UTF-8'?>
<?xml-model href="https://raw.githubusercontent.com/OpenITI/tei_openiti/master/tei_openiti.rng" type="application/xml" schematypens="http://relaxng.org/ns/structure/1.0"?>
<?xml-model href="https://raw.githubusercontent.com/OpenITI/tei_openiti/master/tei_openiti.rng" type="application/xml" schematypens="http://purl.oclc.org/dsdl/schematron"?>
<TEI xmlns="http://www.tei-c.org/ns/1.0">
  <teiHeader>
    <fileDesc>
      <titleStmt>
        <title/>
      </titleStmt>
      <publicationStmt>
        <p/>
      </publicationStmt>
      <sourceDesc>
        <p/>
      </sourceDesc>
    </fileDesc>
    <profileDesc>
      <calendarDesc>
        <calendar xml:id="ah">
          <p>Anno Hegirae</p>
        </calendar>
      </calendarDesc>
    </profileDesc>
    <xenoData xml:space="preserve">
CREATED: 2024-04-12T12:30:32.328872+00:00
CREATED BY: eScriptorium vpassthistobuildcmd
IMAGE FILENAME: A121078-2192.tif
IMAGE WIDTH: 2294
IMAGE HEIGHT: 3824
</xenoData>
  </teiHeader>
  <text>
    <body>
      <div>
        <p>
          <lb/>188
          <lb/>BRUNFELS Otto
          <lb/>PANDE¬
          <lb/>CTARVM
          <lb/>Veteris &amp;amp; Noui Testa¬
          <lb/>menti, Libri. XXII.
          <lb/>OT.BR.
          <lb/>Nouissima editiõe reui
          <lb/>si, emaculati, et restituti
          <lb/>Soli DE Ogloria.
          <lb/>M. D. XXXII.
          <lb/>Strasbourg, J. Schott, 1532.
          <lb/>REC2G¬
          <lb/>GIMELE
          <lb/>VDIG¬
          <lb/>I
          <lb/>A la fin, avant l’Index: PANDECTA- RVM Othonis Brunn¬
          <lb/>felsij. Finis.
          <lb/>ARGENTORATI apud
          <lb/>M. D. XXXII.
          <lb/>Ioannem Schottum. Anno
          <lb/>In-80, car, rom. et ital., 20 ff. non ch., 269 ff. ch., 3 ff. non ch.,
          <lb/>(Index à 2 col.), 1 f. blane, titre courant, notes marginales, initiale
          <lb/>ornée A, titre encadré: diverses scènes de l’Ancien Testament. Au verso
          <lb/>du 19e f. non ch., encadrement composé d’ornements, dans lequel les mots:
          <lb/>Verbum Domini manet in eternum”, comme dans la 3e édition de
          <lb/>1528, citée par Schmidt II, No 103.
        </p>
      </div>
    </body>
  </text>
</TEI>
