<?xml version='1.0' encoding='UTF-8'?>
<?xml-model href="https://raw.githubusercontent.com/OpenITI/tei_openiti/master/tei_openiti.rng" type="application/xml" schematypens="http://relaxng.org/ns/structure/1.0"?>
<?xml-model href="https://raw.githubusercontent.com/OpenITI/tei_openiti/master/tei_openiti.rng" type="application/xml" schematypens="http://purl.oclc.org/dsdl/schematron"?>
<TEI xmlns="http://www.tei-c.org/ns/1.0">
  <teiHeader>
    <fileDesc>
      <titleStmt>
        <title/>
      </titleStmt>
      <publicationStmt>
        <p/>
      </publicationStmt>
      <sourceDesc>
        <p/>
      </sourceDesc>
    </fileDesc>
    <profileDesc>
      <calendarDesc>
        <calendar xml:id="ah">
          <p>Anno Hegirae</p>
        </calendar>
      </calendarDesc>
    </profileDesc>
    <xenoData xml:space="preserve">
CREATED: 2024-04-12T12:30:38.178992+00:00
CREATED BY: eScriptorium vpassthistobuildcmd
IMAGE FILENAME: A121078-2400.tif
IMAGE WIDTH: 2374
IMAGE HEIGHT: 3820
</xenoData>
  </teiHeader>
  <text>
    <body>
      <div>
        <p>
          <lb/>396
          <lb/>Au verso du titre:.... Ioanni Ficino Cancel- lario Hes¬
          <lb/>siae... H. Eoba- nus Hessus. (8 distiques.)
          <lb/>fol. aa 2a: ANTONIVS CORVINVS Candido Lectori...
          <lb/>(3 pages.)
          <lb/>fol. aa 3b: PHILIPPVS MELANCH- thon suo Antonio Corui¬
          <lb/>no... — Postridie Calen, lanuarii, 1535. Suivi d&amp;#x27;un, Xenion&amp;quot;
          <lb/>de Ph. Melanchthon (13 distiques) et d’un Index de 8 pages.
          <lb/>R101.979(2) Prov.: K. J. Trübner, Strasbourg (Vente Freiesleben
          <lb/>590
          <lb/>No 207), 23/X1. 1880.
          <lb/>CORVINUS Antonius
          <lb/>Strasbourg, W. Köpfel, 1537.
          <lb/>LOCI IN EVANGELIA CVM! Dominicalia tum de Sanc¬
          <lb/>tis, ut uo cant, ita adnotati, ut commentarij uice esse
          <lb/>possint, nunc primum autore Antonio Cor! uino publicati.
          <lb/>Cum praefatione M. Adami Ve- getij Fuldensis. In¬
          <lb/>dice iam primum adiectum, in fine require.
          <lb/>Argent, apud Vuolf. Cephaleum! An. M. D. XXXVII.
          <lb/>A la fin: ARGENTORAT. APVD WOLFG. CAEPHAL. Anno,
          <lb/>M. D. XXXVII.
          <lb/>In-8°, car. ital, et goth., 98 ff. ch., 4 ff. non ch. (Index), titre
          <lb/>courant, réclames, notes marginales, initiale, à fig. Q., titre encadré:
          <lb/>bordure supérieure, Dieu le père dans les nuages, bordures latérales, à
          <lb/>droite, le Christ ressuscité, à gauche, Jésus dans le jardin des Oliviers,
          <lb/>bordure inférieure, la sainte scène.
          <lb/>Au verso du titre : Io. GLANDORPIVS LECTORI. (8 distiques.)
          <lb/>fol. 2a: ERVDITIS ET PHS VIRIS IN HESSIA EVAN- GELIVM
          <lb/>CHRISTI DOCEN- TIBVS, ADAMVS A FVLDA,... — Ex Marpur¬
          <lb/>g0, Mense Maio 8c. XXXVI.
          <lb/>fol. 3b:.. DOMINO IOANNI FICINO, Hessiae aulae Ar¬
          <lb/>chicancellario... Antonius Coruinus... — Ex Academia Mar¬
          <lb/>purgia na, mense Maio. Anno &amp;amp;c. XXXVI. (5 pages.)
          <lb/>R101979. (3) Prov.: K. J. Trübner, Strasbourg (Vente Freiesle¬
          <lb/>ben), No 207, 23/X1. 1880.
          <lb/>591
          <lb/>CORVINUS Antonius
          <lb/>Strasbourg, W. Köpfel, 1537.
          <lb/>POSTILLA]IN EVANGELIA Do minicalia, Cum additione
          <lb/>Lo- corum. In Epistolas &amp;amp; Euan- gelia, cum de Tempore
          <lb/>tum de Sanctis, totius Anni, Anthonio Coruino Authore.
        </p>
      </div>
    </body>
  </text>
</TEI>
