<?xml version='1.0' encoding='UTF-8'?>
<?xml-model href="https://raw.githubusercontent.com/OpenITI/tei_openiti/master/tei_openiti.rng" type="application/xml" schematypens="http://relaxng.org/ns/structure/1.0"?>
<?xml-model href="https://raw.githubusercontent.com/OpenITI/tei_openiti/master/tei_openiti.rng" type="application/xml" schematypens="http://purl.oclc.org/dsdl/schematron"?>
<TEI xmlns="http://www.tei-c.org/ns/1.0">
  <teiHeader>
    <fileDesc>
      <titleStmt>
        <title/>
      </titleStmt>
      <publicationStmt>
        <p/>
      </publicationStmt>
      <sourceDesc>
        <p/>
      </sourceDesc>
    </fileDesc>
    <profileDesc>
      <calendarDesc>
        <calendar xml:id="ah">
          <p>Anno Hegirae</p>
        </calendar>
      </calendarDesc>
    </profileDesc>
    <xenoData xml:space="preserve">
CREATED: 2024-04-12T12:30:39.063559+00:00
CREATED BY: eScriptorium vpassthistobuildcmd
IMAGE FILENAME: A121078-2426.tif
IMAGE WIDTH: 2386
IMAGE HEIGHT: 3828
</xenoData>
  </teiHeader>
  <text>
    <body>
      <div>
        <p>
          <lb/>422
          <lb/>sitionis. GRAECA IPSA AD CALCEM] subiecta sunt, ut qui
          <lb/>uolet graecè lo- quentem audiat &amp;amp; intelligat.
          <lb/>ANNO. XXXV.
          <lb/>A la fin: HAGANOAE EXCVDEBAT PE- TRVS BRVBACHIVS
          <lb/>ANNO! M. D. XXXV. Mense Martio, (Au verso du dernier f.
          <lb/>marque typ. de Secer et Brubach, H &amp;amp; B, Planche LXX, n° 7; Silve¬
          <lb/>stre, N° 683.)
          <lb/>In-80, car. ital., 40 ff. non ch., sign. A-E, titre courant, notes
          <lb/>marginales, initiales à fig. D, S, E, D.
          <lb/>R101308/3). Prov.: Bibliothèque Menke, Brême, 1873.
          <lb/>630
          <lb/>Walter: Sélestat No 1088.
          <lb/>DEMOSTHENES
          <lb/>Strasbourg, W. Rihel, 1550.
          <lb/>DEMOSTHENES DE FALSA LEGATIONE CON- tra Aeschinem
          <lb/>Oratio.
          <lb/>Marque typ. de W. Rihel. (H &amp;amp; B. Planche XXIX, No 3; Sil¬
          <lb/>vestre No 740.)
          <lb/>Au-dessous: ARGENTORATI PER WEN- delinum Rihelium,
          <lb/>ANNO M. D. L. (Verso blanc.)
          <lb/>In-80, car. grecs, 8 ff. non ch. (Préface), dont le dernier blanc,
          <lb/>75 ff. ch., titre courant, réclames, initiale d’attente A et init, ornée O,
          <lb/>texte grec.
          <lb/>R102.120. Prov.: Bibl. F. A Menke, Brême, 1873
          <lb/>631
          <lb/>DENISSE Nic. Voir: NICOLAUS DE NYSE.
          <lb/>DENTZLANT Erenhold Voir: STURM Caspar.
          <lb/>DESPAUTERIUS Johannes
          <lb/>Strasbourg, M. Schürer, 1512.
          <lb/>Ars versificatoria Jo annis Despauterij Niniuitae Ber¬
          <lb/>ga- rum apud Diuum Guinno-! cum Ludimagistri. Ex
          <lb/>secvnda reco- gnitione. Lector eme, lege, et probabis.
          <lb/>fol. Ii vija (avant l’index): Argentorat. Ex Aedibus Matthie
          <lb/>Schurerij! Mense Decembri Anno M. D.XII. T.O. REG¬
          <lb/>NANTE IMPERATORE CAES. MAXIMILIANO P. F. AvG. P. P.
          <lb/>(Verso blanc.)
        </p>
      </div>
    </body>
  </text>
</TEI>
