<?xml version='1.0' encoding='UTF-8'?>
<?xml-model href="https://raw.githubusercontent.com/OpenITI/tei_openiti/master/tei_openiti.rng" type="application/xml" schematypens="http://relaxng.org/ns/structure/1.0"?>
<?xml-model href="https://raw.githubusercontent.com/OpenITI/tei_openiti/master/tei_openiti.rng" type="application/xml" schematypens="http://purl.oclc.org/dsdl/schematron"?>
<TEI xmlns="http://www.tei-c.org/ns/1.0">
  <teiHeader>
    <fileDesc>
      <titleStmt>
        <title/>
      </titleStmt>
      <publicationStmt>
        <p/>
      </publicationStmt>
      <sourceDesc>
        <p/>
      </sourceDesc>
    </fileDesc>
    <profileDesc>
      <calendarDesc>
        <calendar xml:id="ah">
          <p>Anno Hegirae</p>
        </calendar>
      </calendarDesc>
    </profileDesc>
    <xenoData xml:space="preserve">
CREATED: 2024-04-12T12:30:27.866137+00:00
CREATED BY: eScriptorium vpassthistobuildcmd
IMAGE FILENAME: A121078-2058.tif
IMAGE WIDTH: 2356
IMAGE HEIGHT: 3820
</xenoData>
  </teiHeader>
  <text>
    <body>
      <div>
        <p>
          <lb/>54
          <lb/>In-49, car, rom, 38 ff. non ch., dont le dernier blanc, sign. A-F.
          <lb/>La marque typographique de M. Schürer qui se trouve au recto du der¬
          <lb/>nier f. de l’édition 1516 manque.
          <lb/>*R100.038. Prov.: Bibliothèque Menke, Bremen, 1873; Annotation
          <lb/>mss. au recto du f. qui précède le titre; Antiquissimam harum fabularum
          <lb/>editionem quam cognovit Cl Cannegeterus (2) Est alia Argentoratensis,
          <lb/>hac ornatior quae prodiit ap. Joannem Knoblouchium CIO IO XXIV, vid.
          <lb/>praef. ad Avian.
          <lb/>Schmidt VIII, No 236. cite son exemplaire personnel.
          <lb/>96
          <lb/>AESOPUS
          <lb/>Strasbourg, M. Schürer, 1519.
          <lb/>FABVLARVM QVAE HOC LIBRO CONTI-] nentur interpretes,
          <lb/>atque autho-res Sunt hi.
          <lb/>Guilielmus Goudanus,) Hadrianus Barlandus.! Erasmus
          <lb/>Roterodamus. Aulus Gellius. Angelus Politianus. Petrus
          <lb/>Crinitus. Ioannes Antonius Campanus. Plinius Secundus
          <lb/>Nouocomensis. Nicolaus Gerbellius Phorcensis. Lauren¬
          <lb/>tius Abstemius. Laurentius Valla.
          <lb/>Aesopi Vita ex Max. Planu-de excerpta, &amp;amp; aucta.
          <lb/>A la fin: Argentorati, ex Aedibus Matthiae Schurerij,
          <lb/>&amp;amp; Lazari nepotis eius, Mense Augusto. Anno. M.D.XIX.
          <lb/>Au-dessous: Marque typographique de Mathias Schürer. (H&amp;amp;B,
          <lb/>Planche XIII, NO 5; Silvestre No 692.)
          <lb/>In-4°, car, rom., 6 ff. non ch., LXVI ff. ch. titre courant, de
          <lb/>nombreuses initiales ornées.
          <lb/>Titre encadré de quatre pièces juxtaposées, ornement de feuillage,
          <lb/>dans la bordure supérieure des 2 côtés un génie, au milieu un écusson
          <lb/>vide. Voir: page suivante.
          <lb/>Au verso du titre: AESOPI VITAE BREVISSIME ex Maximo
          <lb/>Planude.
          <lb/>fol. 3b: Martinus Dorpius Ioanni Leupe, lacobo papae
          <lb/>&amp;amp; Ioanni Niniuitae eruditissimis in Flan- dria ludimagistris.
          <lb/>Salutem... — Louanij, ex nominatissimo lilianorum gym¬
          <lb/>nasio. ad 10. Kalendas Decembres.
          <lb/>fol. 4a: Guielmus canonicus diui Aurelij Augu- stini
          <lb/>Florentio suo illlustri Ba-(roni Iselsteino. S. D.
          <lb/>Au verso: Petri Egidij Antuerpiani Endecasyl- labon,
          <lb/>ad Lectores (21 vers.)
          <lb/>*R100.036. Prov.: J. Jolowicz, Posen (Catal. 69, N° 421), 10/I.
          <lb/>1882; 2 M. 50. Avec des annotations mss. au recto et au verso du
          <lb/>dernier f.
          <lb/>Schmidt VIII, No 249, ne cite que l’exemplaire de la Bibl, roy.
          <lb/>de Berlin, sans mentionner la marque typographique de Schürer, qui se
          <lb/>trouve dans mon exemplaire au recto du dernier f.
          <lb/>Londres, British Museum.
          <lb/>97
        </p>
      </div>
    </body>
  </text>
</TEI>
