<?xml version='1.0' encoding='UTF-8'?>
<?xml-model href="https://raw.githubusercontent.com/OpenITI/tei_openiti/master/tei_openiti.rng" type="application/xml" schematypens="http://relaxng.org/ns/structure/1.0"?>
<?xml-model href="https://raw.githubusercontent.com/OpenITI/tei_openiti/master/tei_openiti.rng" type="application/xml" schematypens="http://purl.oclc.org/dsdl/schematron"?>
<TEI xmlns="http://www.tei-c.org/ns/1.0">
  <teiHeader>
    <fileDesc>
      <titleStmt>
        <title/>
      </titleStmt>
      <publicationStmt>
        <p/>
      </publicationStmt>
      <sourceDesc>
        <p/>
      </sourceDesc>
    </fileDesc>
    <profileDesc>
      <calendarDesc>
        <calendar xml:id="ah">
          <p>Anno Hegirae</p>
        </calendar>
      </calendarDesc>
    </profileDesc>
    <xenoData xml:space="preserve">
CREATED: 2024-04-12T12:30:34.676242+00:00
CREATED BY: eScriptorium vpassthistobuildcmd
IMAGE FILENAME: A121078-2271.tif
IMAGE WIDTH: 2300
IMAGE HEIGHT: 3820
</xenoData>
  </teiHeader>
  <text>
    <body>
      <div>
        <p>
          <lb/>267
          <lb/>A la fin: Impensis prouidi viri Iohannis Knoblochi! in¬
          <lb/>colae Argentinensis, Formulis uero Anshelmianis. Mense
          <lb/>Aprili.Anno XIX.
          <lb/>In-4°, car, rom., 28 ff. non ch., sign. a-g, titre courant, belle et
          <lb/>grande initiale à fig. N, une plus petite O.
          <lb/>Au verso du titre: IOANNIS BOEMI! Presbyteri Theutonici.
          <lb/>Epi gramma. (3 distiques), au-dessous, Vlmae Sueuiae.
          <lb/>fol. a 24: AD NOBILEM ADV LESCENTEM IOANNEM HENRI¬
          <lb/>CVM EX CINgenberg. Ioannis Alexandri Brassicani...
          <lb/>praefatio... — Tubingae. Anno XIX. (4 pages.)
          <lb/>R101.911. Prov.: Trübner, Strasbourg, 21/XI. 1884; 6 M.
          <lb/>Notes mes., au bas du titre: Georgius Aemylius Mansfildensis me pos¬
          <lb/>sidet.
          <lb/>Proctor II, Sectio I, N° 10.123: Londres, British Museum;
          <lb/>Schmidt, VII, No 175: Kassel.; GPB: Berlin BN, Breslau BU.
          <lb/>403
          <lb/>CALVIN Joh.
          <lb/>Strasbourg, W. Rihel, 1539.
          <lb/>INSTITVTIO CHRI] STIANAE RELIGIONIS NvNC! uerè de¬
          <lb/>mum suo titulo respondens. Autore Alcuino. Cum Indice
          <lb/>locupletissimo. Habac. I.Quousque Domine.
          <lb/>Marque typographique de W. Rihel. (H &amp;amp; B, Planche XXIX,
          <lb/>No 4; Silvestre, No 741.)
          <lb/>Argentorati per Vuendelinum Rihelium. Mense Au¬
          <lb/>gusto Anno M. D. XXXIX.
          <lb/>A la fin: Argentorati per Vuendelinum Rihelium. Mense
          <lb/>Augusto. Anno M. D. XXXIX, (Verso blanc.)
          <lb/>In-fol, car, rom,, 12 ff. non ch., 434 p. ch., 1 f. non ch., titre
          <lb/>courant, réclames, notes marginales. Au verso du dernier f marque typo¬
          <lb/>graphique de W. Rihel. (H d B, Planche XXIX, NO I.
          <lb/>Au verso du titre: Epistola ad Lectorem... Argentorati
          <lb/>Calend. August. Anno 1539.
          <lb/>fol. A 2a non ch.: POTENTISSIMO ILLV STRISSIMOQVE
          <lb/>MONARCHAE MAGNO Francorum Regi Principi ac Domino
          <lb/>suo, Alcuinus... Basileae Calen.Augusti. Anno 1536.
          <lb/>(Préface de 14 p. et demie.)
          <lb/>Suit un index de 7 p. à 2 col.
          <lb/>R10.399.(1) Prov.: Bibliothèque Reuss, Strasbourg.
          <lb/>Note mss, au recto du f. de garde: «C. R. Hagenbach. Editio raris¬
          <lb/>sima. Bibliothecae Calvinianae Argentoratensis, 14 maiï 1869., Rel. anc.
        </p>
      </div>
    </body>
  </text>
</TEI>
