<?xml version='1.0' encoding='UTF-8'?>
<?xml-model href="https://raw.githubusercontent.com/OpenITI/tei_openiti/master/tei_openiti.rng" type="application/xml" schematypens="http://relaxng.org/ns/structure/1.0"?>
<?xml-model href="https://raw.githubusercontent.com/OpenITI/tei_openiti/master/tei_openiti.rng" type="application/xml" schematypens="http://purl.oclc.org/dsdl/schematron"?>
<TEI xmlns="http://www.tei-c.org/ns/1.0">
  <teiHeader>
    <fileDesc>
      <titleStmt>
        <title/>
      </titleStmt>
      <publicationStmt>
        <p/>
      </publicationStmt>
      <sourceDesc>
        <p/>
      </sourceDesc>
    </fileDesc>
    <profileDesc>
      <calendarDesc>
        <calendar xml:id="ah">
          <p>Anno Hegirae</p>
        </calendar>
      </calendarDesc>
    </profileDesc>
    <xenoData xml:space="preserve">
CREATED: 2024-04-12T12:30:37.154036+00:00
CREATED BY: eScriptorium vpassthistobuildcmd
IMAGE FILENAME: A121078-2359.tif
IMAGE WIDTH: 2342
IMAGE HEIGHT: 3824
</xenoData>
  </teiHeader>
  <text>
    <body>
      <div>
        <p>
          <lb/>dem de optimo genere oratorum praefatio quae-dam.
          <lb/>Post Navgerianam, &amp;amp; Victorianam correctionem emen¬
          <lb/>dati à Ioan. Sturmio.! ALDINAE PAGINAE IN ] marginibus
          <lb/>notatae sunt. Index rerum notabilium, quae toto opere
          <lb/>conti- nentur, per ordinem alphabeti.
          <lb/>Cum gratia &amp;amp; priuilegio Caesareo ad annos octo.
          <lb/>ANNO M. D. LXXVIII. (Verso blane).
          <lb/>A la fin: ARGENTORATI PER Iosiam Rihelium. ANNo
          <lb/>M. D. LXXVIII Mense Augusto.
          <lb/>In-80, car. ital., 8 ff. non ch. (car, rom.), 382 ff. ch. — 10 ff.
          <lb/>non ch., dont le dernier blanc, titre courant, réclames, initiales ornées
          <lb/>M, O, le reste initiales d’attente.
          <lb/>fol. a 2a non ch.: Ad ADAMVM CARO- LVM, REGIVM
          <lb/>CONSI- liarivm, Ioannis Sturmij Praefatio. (3 p.)
          <lb/>fol. a 3b non ch.: ALDI P. M. AD AN-DREAM NAVGERIVM
          <lb/>PATRITIVM VE-netum, Compatrem, in libros de arte Rhe¬
          <lb/>torica praefatio. (car, rom., 11 p.)
          <lb/>R101651. Prov.: Rosenthal, Munich, 1/V. 1885, 10 M. Notes
          <lb/>mss. Au recto du f. de garde: Johannes Joachim Nütze 1679. Rel, anc.
          <lb/>GPB: BN Berlin, B U Bonn, Breslau, Halle.
          <lb/>535
          <lb/>CICERO
          <lb/>Strasbourg, I. Rihel &amp;amp; J. Dupuys, 1581.
          <lb/>(Vol. II: M. TVLLII CICERONIS OPERA OMNIA, qvae
          <lb/>exstant,! A DIONYSIO LAMBINO Mon- stroliensi ex codici¬
          <lb/>bus manuscriptis emendata, &amp;amp; aucta: Quorum ordinem
          <lb/>&amp;amp; numerum, pagi- nae praefationem proximè sequentes
          <lb/>indicabunt.
          <lb/>EIVSDEM D. LAMBINI ANNOTATIO-nes, seu emendatio¬
          <lb/>num rationes singulis tomis distinctae, &amp;amp; ab eodem Lam¬
          <lb/>bino post superiorem editionem duplo am- plius auctae.
          <lb/>FRAGMENTA, OMNIA QVAE EXSTANT, à viris doctis vndi¬
          <lb/>que collecta, suis quaeque locis posita, eâque ab eodem
          <lb/>Lambino &amp;amp; aucta, &amp;amp; emendatá̀.
          <lb/>Marque typ. de I. Rihel. (HEB, Planche XXXII, NO 14.)
          <lb/>CvM Priuilegijs Caesareae Mtis; &amp;amp; Regis Galliae.
          <lb/>ARGENTORATI, Impensis Iosiae Rihelij &amp;amp; Jacobi Du¬
          <lb/>puys. M. D. LXXXI.
          <lb/>In-8°, car. ital., 32 ff. non ch., 382 ff. ch., 93 ff. non ch. (Anno¬
          <lb/>tations de Lambinus et Index), 1 f. blanc, titre courant, réclames, no¬
          <lb/>tes marginales, initiales ornées.
          <lb/>355
        </p>
      </div>
    </body>
  </text>
</TEI>
