<?xml version='1.0' encoding='UTF-8'?>
<?xml-model href="https://raw.githubusercontent.com/OpenITI/tei_openiti/master/tei_openiti.rng" type="application/xml" schematypens="http://relaxng.org/ns/structure/1.0"?>
<?xml-model href="https://raw.githubusercontent.com/OpenITI/tei_openiti/master/tei_openiti.rng" type="application/xml" schematypens="http://purl.oclc.org/dsdl/schematron"?>
<TEI xmlns="http://www.tei-c.org/ns/1.0">
  <teiHeader>
    <fileDesc>
      <titleStmt>
        <title/>
      </titleStmt>
      <publicationStmt>
        <p/>
      </publicationStmt>
      <sourceDesc>
        <p/>
      </sourceDesc>
    </fileDesc>
    <profileDesc>
      <calendarDesc>
        <calendar xml:id="ah">
          <p>Anno Hegirae</p>
        </calendar>
      </calendarDesc>
    </profileDesc>
    <xenoData xml:space="preserve">
CREATED: 2024-04-12T12:30:39.411179+00:00
CREATED BY: eScriptorium vpassthistobuildcmd
IMAGE FILENAME: A121078-2437.tif
IMAGE WIDTH: 2388
IMAGE HEIGHT: 3824
</xenoData>
  </teiHeader>
  <text>
    <body>
      <div>
        <p>
          <lb/>initiales ornées E, I, L; titre encadré de 4 lignes doubles qui se croisent
          <lb/>In-4°, car. goth., 18 ff. non ch., sign. A-D, notes marginales
          <lb/>à angles droits.
          <lb/>fol. A 2a : Dem erwirdigen... herren her Johan Schlupff,
          <lb/>Pfarrer vnd pastor zû Uberlingen,.. Jo. Cochleus.. Ge¬
          <lb/>geben zû Franckfurt, an dem. 17. tag Septem bris.
          <lb/>Anno. M. D. xxiij.
          <lb/>R101981. Prov.: Bibl. Cunite, 1886.
          <lb/>Manque chez Schmidt.
          <lb/>651
          <lb/>DIETENBERGER Johannes
          <lb/>Strasbourg, J. Grüninger, 1524
          <lb/>Der leye. Obe der gelaub allein selig macht.
          <lb/>Mathei, vij. (9 lignes.) Verso blanc.
          <lb/>A la fin: Getruckt zû Straszburg durch Johannem
          <lb/>Grienvnger vff der heiligen Petri vnnd Pauli abent, als
          <lb/>man zalt nach der geburt Christi, tausent fünff hundert
          <lb/>vnnd viervnd zwentzig iar. (Feuille de lierre.) Verso blanc.
          <lb/>In-4°, car. goth., 18 ff. non ch., sign. A-D, notes marginales,
          <lb/>initiales ornées E, I, L; titre encadré de 4 lignes doubles qui se croisent
          <lb/>en angles droits.
          <lb/>fol. A 2a : Préface de Cochleus à Jean Schlupff, datée de Franc¬
          <lb/>fort 17 septembre 1523 comme dans l&amp;#x27;édition précédente.
          <lb/>R 101.982. Prov.: Recteur Müller, Quedlinbourg, 15/V. 1889.
          <lb/>Schmidt I, N° 213: BM Strasbourg.
          <lb/>652
          <lb/>DIETTERLIN Wendelinus
          <lb/>Strasbourg, B. Jobin hér, 1593
          <lb/>ARCHITECTURA vnd Ausstheilung der v. Seüln.
          <lb/>I. Das Erste Bûch.) Durch Wendel Dietterlein! Malern vonn
          <lb/>auff 10. Ihar.
          <lb/>En bas: Profert, commutat, concludit! et omnia tempus.
          <lb/>(Verso blanc.)
          <lb/>In-fol., car. goth., 46 ff. non ch., dont 8 ff. de texte, le reste sont
          <lb/>des planches, en outre 20 ff. en blanc, les planches représentent des co¬
          <lb/>lonnes et des parties de colonnes. Titre encadré, sur les côtés 2 fiqures:
          <lb/>Amor (un ange) et Diligentia (un jeune homme), en bas monogramme
          <lb/>de Wendel Dietterlein (W. D.). Initiales I, D, M. Culs de lampe.
          <lb/>fol. 2a: Dem edlen... Conrad Schlossbergern, Fürstlich
          <lb/>Würtembergischen Pflegern des Denckendorfischen Hoffs
          <lb/>zu Esslingen, meinem günstigen lieben Herrn... Wendel
          <lb/>Dietterlin Maler vnd Burger zu Straszburg.
          <lb/>fol. 3a: Ein kurtzer bericht an den Leser.
          <lb/>R.28
          <lb/>433
        </p>
      </div>
    </body>
  </text>
</TEI>
