<?xml version='1.0' encoding='UTF-8'?>
<?xml-model href="https://raw.githubusercontent.com/OpenITI/tei_openiti/master/tei_openiti.rng" type="application/xml" schematypens="http://relaxng.org/ns/structure/1.0"?>
<?xml-model href="https://raw.githubusercontent.com/OpenITI/tei_openiti/master/tei_openiti.rng" type="application/xml" schematypens="http://purl.oclc.org/dsdl/schematron"?>
<TEI xmlns="http://www.tei-c.org/ns/1.0">
  <teiHeader>
    <fileDesc>
      <titleStmt>
        <title/>
      </titleStmt>
      <publicationStmt>
        <p/>
      </publicationStmt>
      <sourceDesc>
        <p/>
      </sourceDesc>
    </fileDesc>
    <profileDesc>
      <calendarDesc>
        <calendar xml:id="ah">
          <p>Anno Hegirae</p>
        </calendar>
      </calendarDesc>
    </profileDesc>
    <xenoData xml:space="preserve">
CREATED: 2024-04-12T12:30:29.677981+00:00
CREATED BY: eScriptorium vpassthistobuildcmd
IMAGE FILENAME: A121078-2112.tif
IMAGE WIDTH: 2322
IMAGE HEIGHT: 3824
</xenoData>
  </teiHeader>
  <text>
    <body>
      <div>
        <p>
          <lb/>108
          <lb/>Cum alphabetico Indice Germanico.! Autore! M. IoANNE
          <lb/>BENTZIO Bruxellensi.
          <lb/>Marque typographique de B.Jobin. (Hdt B Planche XXXVII, NO6.)
          <lb/>(Verso blanc.)
          <lb/>non ch. (Index.), titre courant, réclames, initiales ornées, bandes d’orne¬
          <lb/>In-4°, car, rom, ital., goth., 2 col., 8 ff. non ch., 696 pp. ch., 40 ff.
          <lb/>ment.
          <lb/>Fol. 2a non ch.: ... Domino Lydovvico Friderico,! Duci
          <lb/>Wirtembergensi ac Teccensi, Comiti! Montisbeligardi; ca¬
          <lb/>thedralis Ecclesiae Argenti-nensis Canonico.... — Anno
          <lb/>1596. Ioannes Benzius. (Dédicace de 7 p.)
          <lb/>Fol, 5b non ch.: DN. IOAN. STVRMIVS ad Philippum Co¬
          <lb/>mitem Lippianum.
          <lb/>En bas: IDEM AD NOBILEM! Henricum Witzlebium.
          <lb/>R101.598. Prov.: Baer, Francfort s./M., 22/X1. 1878; sans in¬
          <lb/>dication de prix.
          <lb/>Annotation ms, au recto du f. de garde: Franciscus Klaus (en
          <lb/>lettres grecques) 1616; au verso Bibl. Aul. Darmst,; en bas Inservio
          <lb/>studijs Georgij Christophori Schumanni. Arg. Anno 1642.
          <lb/>GPB: Berlin, Breslau.
          <lb/>182
          <lb/>BERCHTOLDUS Stephanus
          <lb/>Strasbourg, A. Bertram, 1586.
          <lb/>Actio Reivindicationis, AD VSVM FORI! COMMVNEM
          <lb/>ACCOMMODATA: ] EX QVA TANQVAM IN SPECVLO MoDVS &amp;amp;
          <lb/>ordo agendi &amp;amp; procedendi in iudicijs, cerni&amp;amp;cognosci
          <lb/>potest. In gratiam luris studiosorum exercitij! loco trac¬
          <lb/>tata:à STEPHANO BERCHTOLDO Ratisbonensi, V. I. D.
          <lb/>Marque typographique d’Ant. Bertram. (He B Planche XLIV,
          <lb/>N°1; Silvestre N° 1023). Verso blanc.
          <lb/>In-4°, car. ital., 22 ff. non ch., réclames, initiales ornées.
          <lb/>Fol. A 2a:... D. Vuolffgango Ludovico à Crailsheim, in
          <lb/>Su-mersdorff &amp;amp; Neuenhauss, &amp;amp;c. Franco: Et D. Chri¬
          <lb/>stophoro Leyssero, in Idoltzberg &amp;amp; Kransegg, Austrio:
          <lb/>STEPHANVS BERCHTOLDVS RATIS-bonensis.... — Scripsi
          <lb/>Argentinae. 17. Cal. Nouemb. Anno Christiano M. D. LXXXVI.
          <lb/>(Vignette.) (Préface de 4 pages.)
          <lb/>Fol. A 4a: RECTOR ACADEMIAE ! ARGENTORATENSIS, MEL¬
          <lb/>CHIOR! Ivnivs Witebergensis, Studiosis adolescentibus....
          <lb/>— Argentinae XXIX. Augusti, Anno 1586.
          <lb/>R102.285. Prov: BM Zurich, 3/I. 1893, sans indic. de prix.
          <lb/>183
          <lb/>BERICHT ausz der h. geschrift. Voir: BUCER. Strasbourg, M. Apia¬
          <lb/>rius, 1534.
          <lb/>BERICHT, ein klarer — von dem holtz Guiaco. Voir: HUTTEN
          <lb/>Ulrich.
        </p>
      </div>
    </body>
  </text>
</TEI>
