<?xml version='1.0' encoding='UTF-8'?>
<?xml-model href="https://raw.githubusercontent.com/OpenITI/tei_openiti/master/tei_openiti.rng" type="application/xml" schematypens="http://relaxng.org/ns/structure/1.0"?>
<?xml-model href="https://raw.githubusercontent.com/OpenITI/tei_openiti/master/tei_openiti.rng" type="application/xml" schematypens="http://purl.oclc.org/dsdl/schematron"?>
<TEI xmlns="http://www.tei-c.org/ns/1.0">
  <teiHeader>
    <fileDesc>
      <titleStmt>
        <title/>
      </titleStmt>
      <publicationStmt>
        <p/>
      </publicationStmt>
      <sourceDesc>
        <p/>
      </sourceDesc>
    </fileDesc>
    <profileDesc>
      <calendarDesc>
        <calendar xml:id="ah">
          <p>Anno Hegirae</p>
        </calendar>
      </calendarDesc>
    </profileDesc>
    <xenoData xml:space="preserve">
CREATED: 2024-04-12T12:30:29.658915+00:00
CREATED BY: eScriptorium vpassthistobuildcmd
IMAGE FILENAME: A121078-2111.tif
IMAGE WIDTH: 2322
IMAGE HEIGHT: 3824
</xenoData>
  </teiHeader>
  <text>
    <body>
      <div>
        <p>
          <lb/>BENEDETTI Alessandro. Voir: BENEDICTUS Alexander.
          <lb/>BENEDICTUS Alexander
          <lb/>Strasbourg, J. Herwagen, 1528.
          <lb/>ALEXANDRI ( BENEDICTI MEDICI clariss. Anatomice, siue
          <lb/>de Hystoria corporis humani; Libri quinque. (Feuille de lierre.)
          <lb/>Eiusdem Aphorismorum liber. Aphorismi Damascaeni.
          <lb/>Hippocratis iusiurandum.
          <lb/>ARGENTORATI MENSE] MARTIO, ANNO M. D. XXVIII.
          <lb/>A la fin: ARGENTORATI APVD IOHANNEM HERVAGIVM
          <lb/>MENSE MARTIO AN. M. D. XXVIII. (Verso blanc).
          <lb/>In-8°, car. ital., 112 ff. ch., titre courant, réclames, initiales ornées
          <lb/>S,H,N,A,S,C, P.
          <lb/>RIOI.367 (2). Prov.: Bibliothèque du Gymnase de Heilbronn, 2/IV.
          <lb/>1878, contre échange. Rel. anc. GPB: Berlin.
          <lb/>180
          <lb/>BENTZIUS Joh.
          <lb/>Strasbourg, A. Bertram, 1589.
          <lb/>EROTEMATA! IN M. T. CICE- RONIS LIBROS III. ! DE OFFI¬
          <lb/>CHS, ITEMQVE] de Senectute, &amp;amp; de Amicitia Dialogos:
          <lb/>BREVI ET PERSPICVA ME- thodo comprehensa, sic vt magno¬
          <lb/>rum loco Commentariorum queant esse. OMBVS IN¬
          <lb/>GENVIS Apo- lescentibus, veraeque honestatis amantibus
          <lb/>cognitu dignissima: Autore M. IOANNE BENTZIO! Bruxel¬
          <lb/>lensi. (Vignette.)
          <lb/>ARGENTORATI! Excudebat Antonius Bertramus! M. D.
          <lb/>LXXXIX.
          <lb/>In-8°, car. rom. et ital., 8 ff. non ch., 222 p. ch., 13 ff. non ch.
          <lb/>(Index), titre courant, réclames, quelques vignettes.
          <lb/>Au verso du titre: armoiries.
          <lb/>Fol, 2a non ch.: DOMINO IVLIO ERNE- STO, ET DOMINO
          <lb/>FRANCI SCO FF Ducibus Brunsuicensibus... — Argento¬
          <lb/>rati, IIII. Kalend. Iunij, Anno Christiano M. D. LXXXIX.
          <lb/>Ioannes Bentzius. (Préface de 9 p. en car. ital.)
          <lb/>Fol. 6b non ch.: EPIGRAMMAIN LIBELLVM QVAESTIONVM
          <lb/>SCRI-ptarvm in Officia Ciceronis &amp;amp;c.... — M. Michael
          <lb/>Hospeinius! Argentoratensis. (3 p. en car. ital.)
          <lb/>R102.1006). Prov.: Friedrich Klüber, Munich, 6V. 1902; 3M.
          <lb/>181
          <lb/>BENTZIUS Iohannes.
          <lb/>Strasbourg, B. Jobin, (1596l.
          <lb/>THESAVRI ( LATINITATIS Purae Compendivm Alte¬
          <lb/>rvm: IN QVO SIMPLICIBVS VO-cabulis, naturâ cohaeren¬
          <lb/>tibus, omnes Cicero- niane loquendi formulae, eadem na¬
          <lb/>turali serie subiunguntur: pro adolescentulis Lati- nè
          <lb/>loqui &amp;amp; scribere inci- pientibus.
          <lb/>107
        </p>
      </div>
    </body>
  </text>
</TEI>
