<?xml version='1.0' encoding='UTF-8'?>
<?xml-model href="https://raw.githubusercontent.com/OpenITI/tei_openiti/master/tei_openiti.rng" type="application/xml" schematypens="http://relaxng.org/ns/structure/1.0"?>
<?xml-model href="https://raw.githubusercontent.com/OpenITI/tei_openiti/master/tei_openiti.rng" type="application/xml" schematypens="http://purl.oclc.org/dsdl/schematron"?>
<TEI xmlns="http://www.tei-c.org/ns/1.0">
  <teiHeader>
    <fileDesc>
      <titleStmt>
        <title/>
      </titleStmt>
      <publicationStmt>
        <p/>
      </publicationStmt>
      <sourceDesc>
        <p/>
      </sourceDesc>
    </fileDesc>
    <profileDesc>
      <calendarDesc>
        <calendar xml:id="ah">
          <p>Anno Hegirae</p>
        </calendar>
      </calendarDesc>
    </profileDesc>
    <xenoData xml:space="preserve">
CREATED: 2024-04-12T12:30:31.647190+00:00
CREATED BY: eScriptorium vpassthistobuildcmd
IMAGE FILENAME: A121078-2173.tif
IMAGE WIDTH: 2292
IMAGE HEIGHT: 3824
</xenoData>
  </teiHeader>
  <text>
    <body>
      <div>
        <p>
          <lb/>169
          <lb/>Köhler W., Bibliographia Brentiana N° 28: UB Breslau, Dessau,
          <lb/>Dresde, Esslingen, St. Galles, Heidelberg, Helmstedt, BN et BU Munich,
          <lb/>Stuttgart, Wernigerode, Vienne, Wolfenbüttel, Zwickau.
          <lb/>263
          <lb/>BRENTIUS Johannes
          <lb/>JOHANNIS BRENTH ECCLESIA- STAE HALLENSIS. PRO
          <lb/>pueris Catechismus Minor. Voir: LUTHER, Catechismus,
          <lb/>lectu dig nissimus, latinus factus! per Vincentium
          <lb/>Obsopoeum. Haguenau, J. Setzer, 1529.
          <lb/>BRENTIUS Iohannes
          <lb/>Haguenau, J. Setzer, 1531.
          <lb/>Der Prophet!Osea, durch Johan. Brentzen, Pre
          <lb/>dicanten zù Hall jnn Schwa! ben, ytz newlich erklärt,
          <lb/>vnd auszgelegt. Mit einem kurtzen vsszug aller ma terien,
          <lb/>hierynnen begriffen, zu ende disz buchlins getruckt.
          <lb/>Getruckt zû Haganaw durch Jo hann. Setzer, Jm
          <lb/>jar M. D. XXXI. (Verso blanc).
          <lb/>A la fin: Getruckt zu Haganaw! durch Johann Setzer,
          <lb/>im Jar! M. D. XXXI. (Verso blanc).
          <lb/>In-4°, car. goth, CLXXII ff. ch., titre courant, réclames, notes
          <lb/>marginales, titre encadré. (HEB, Planche LXVI, n° 3.)
          <lb/>R101.131. Prov.: H. Kerler, Ulm, 19/8. 1878; 5 M. Annota¬
          <lb/>tions mss. à la marge des pages.
          <lb/>Bibl. St. Guillaume, Strasbourg; Köhler W., Bibliographia Bren¬
          <lb/>tiana No 46 : Berlin, Dessau, Erlangen, Esslingen, Gœttinque, Helm¬
          <lb/>stedt, BM Kœnigsberg, BM Munich, Stuttgart, Weimar, Wernigerode.
          <lb/>Wittenberg, Wolfenbüttel, Zwickau.
          <lb/>264
          <lb/>BRENTIUS Johannes
          <lb/>Haguenau, P. Brubach, 1535.
          <lb/>IN ACTA APOSTO LICA HOMILIAE CENTVM! VIGINTI
          <lb/>DVAF.Iohanne Brentio authore.! Status huius libri.! In
          <lb/>omnem terram exiuit sonus eorum, &amp;amp; in fines orbis! terrae
          <lb/>uerba eorum. Psal. XIX.
          <lb/>HAGANOAE EX OFFICINA PE-! TRI BRVBACCHII. ANNO
          <lb/>XXXV. MENSE FE- BRVARIO.
        </p>
      </div>
    </body>
  </text>
</TEI>
