<?xml version='1.0' encoding='UTF-8'?>
<?xml-model href="https://raw.githubusercontent.com/OpenITI/tei_openiti/master/tei_openiti.rng" type="application/xml" schematypens="http://relaxng.org/ns/structure/1.0"?>
<?xml-model href="https://raw.githubusercontent.com/OpenITI/tei_openiti/master/tei_openiti.rng" type="application/xml" schematypens="http://purl.oclc.org/dsdl/schematron"?>
<TEI xmlns="http://www.tei-c.org/ns/1.0">
  <teiHeader>
    <fileDesc>
      <titleStmt>
        <title/>
      </titleStmt>
      <publicationStmt>
        <p/>
      </publicationStmt>
      <sourceDesc>
        <p/>
      </sourceDesc>
    </fileDesc>
    <profileDesc>
      <calendarDesc>
        <calendar xml:id="ah">
          <p>Anno Hegirae</p>
        </calendar>
      </calendarDesc>
    </profileDesc>
    <xenoData xml:space="preserve">
CREATED: 2024-04-12T12:30:36.843063+00:00
CREATED BY: eScriptorium vpassthistobuildcmd
IMAGE FILENAME: A121078-2351.tif
IMAGE WIDTH: 2330
IMAGE HEIGHT: 3818
</xenoData>
  </teiHeader>
  <text>
    <body>
      <div>
        <p>
          <lb/>CICERO
          <lb/>Strasbourg, I. Rihel, 1568.
          <lb/>M. T. CICERONIS Brutus, siue de claris Oratoribus
          <lb/>Lib. I.Orator ad Brutum Lib. I.Topica ad Trebatium
          <lb/>Lib. I. Oratoriae partitiones Lib. I.De optimo genere
          <lb/>oratorum, praefatio quaedam.! POST NAVGERIANAM ET VIC¬
          <lb/>TORI-anam correctionem emendati à IOAN. STVRMIO.
          <lb/>Aldinae paginae in marginibus notatae sunt.
          <lb/>Marque typ. de I. Rihel. (HeB, Planche XXXI, N° 8; Silvestre,
          <lb/>N° 821).
          <lb/>Cum Gratia &amp;amp; Priuilegio Caesareo ad decennium.!
          <lb/>M. D. LXVIII.
          <lb/>In-8°, car. ital., 250 p. ch., numérotées de 510-759 (à la suite de
          <lb/>Cicero, De Oratore ad Quintum, 1568, R 101.654, (Voir No 527); la
          <lb/>dernière page est numérotée 739 au lieu de 759; suit l’Index à 2 col.,
          <lb/>(incomplet dans mon exemplaire allant de A-M, le reste ainsi que l’ex¬
          <lb/>plicit manquent), titre courant, réclames, initiales ornées.
          <lb/>Au verso du titre: TYPOGRAPHVS LECTORI. (1 p.)
          <lb/>R101.654(3) Prov.: Bibl. F. A. Menke, Brême, 1873; la fin de
          <lb/>l&amp;#x27;index, environ 2-3 ff. manquent. Rel. anc.
          <lb/>525
          <lb/>347
          <lb/>CICERO
          <lb/>Strasbourg, J. Rihel, 1568.
          <lb/>M. T. CICERONISALTERVM EPISTOLA- rum Volumen.
          <lb/>Ad T. Atticum.) Ad M. Brutum. Ad Quintum fratrem.
          <lb/>CVM PRAEFATIONE IOAN- nis Sturmij. INDICE ET PAVLI
          <lb/>MANV- tij Annotationibus. Omnia ad uetustorum exem¬
          <lb/>plarium fidem nunc demum dili- gentissime repurgata a
          <lb/>Theophilo Dasypodio Argent.
          <lb/>Marque typ. de Josias Rihel. (H dt B, Planche XXXI. NO8;
          <lb/>Silvestre, N° S21.)
          <lb/>Au-dessous: Cum Gratia &amp;amp; Priuilegio Caesareo ad an¬
          <lb/>nos decem.! M. D. LXVIII. (Verso blanc.)
          <lb/>In-80, car, ital., 20 ff. non ch., 335 ff. ch., 48 ff. non ch., (Index
          <lb/>et Scholia Pauli Manutii), réclames, initiales ornées E, Q, et initiales
          <lb/>d’attente.
          <lb/>fol. a 2a: Ad... IVVE- NEM OTTONEM COMITEM IN Solms,
          <lb/>Dominus in Mintzenberg &amp;amp; Sonne-waldt... — Argent. 10.
          <lb/>Calend. (Septemb. Theophilus Dasypo- dius Argent. (Préface
          <lb/>de 4 p.)
        </p>
      </div>
    </body>
  </text>
</TEI>
