<?xml version='1.0' encoding='UTF-8'?>
<?xml-model href="https://raw.githubusercontent.com/OpenITI/tei_openiti/master/tei_openiti.rng" type="application/xml" schematypens="http://relaxng.org/ns/structure/1.0"?>
<?xml-model href="https://raw.githubusercontent.com/OpenITI/tei_openiti/master/tei_openiti.rng" type="application/xml" schematypens="http://purl.oclc.org/dsdl/schematron"?>
<TEI xmlns="http://www.tei-c.org/ns/1.0">
  <teiHeader>
    <fileDesc>
      <titleStmt>
        <title/>
      </titleStmt>
      <publicationStmt>
        <p/>
      </publicationStmt>
      <sourceDesc>
        <p/>
      </sourceDesc>
    </fileDesc>
    <profileDesc>
      <calendarDesc>
        <calendar xml:id="ah">
          <p>Anno Hegirae</p>
        </calendar>
      </calendarDesc>
    </profileDesc>
    <xenoData xml:space="preserve">
CREATED: 2024-04-12T12:30:28.279574+00:00
CREATED BY: eScriptorium vpassthistobuildcmd
IMAGE FILENAME: A121078-2070.tif
IMAGE WIDTH: 2340
IMAGE HEIGHT: 3826
</xenoData>
  </teiHeader>
  <text>
    <body>
      <div>
        <p>
          <lb/>66
          <lb/>AUSSCHREIBEN
          <lb/>Strasbourg, 1585.
          <lb/>Auszschreiben vnd Gründtlicher, Warhaff- tiger, Be¬
          <lb/>ständiger Bericht.Vnser Georgen von Seyn, Graffen zu
          <lb/>Witgenstein, Herren zu Hom-burg &amp;amp;c. Thumbprobsten
          <lb/>zu Cölln, jetziger zeyt Dechanats! Statthaltern Hoher Stifft
          <lb/>Straszburg &amp;amp;c. Hermann Adolphen Graffen zu Solms, Herrn
          <lb/>zu Mintzenberg vnd Sonnenwald &amp;amp;c. Johannsen Frevherrn
          <lb/>zu Winnenberg vnd Beyhlstein &amp;amp;c. Ernsten Graffen vnd
          <lb/>Herrn zu Manszfeld &amp;amp;c.Der Ertz und Hoher Stiffter Cölln,
          <lb/>Trier, Würtzburg, vnd Straszburg Thumb ! herren, Warumb
          <lb/>wir uns etlicher vnserer Mitcapitularen, der Bäpstischen
          <lb/>Reli- gion verwandten... sonderlich aber den Evangelischen
          <lb/>Chur, Fürst, Graff vnd Herrlichen Heusern nachtevligen
          <lb/>newerungen... auch ihren Bäpstischen Practicken, biszhero
          <lb/>widersetzen müssen... zu verantworten gedencken, neben
          <lb/>widerlegung der Calumnien... Sonderlich aber den Inwoh¬
          <lb/>nern, dises löblichen Elsasz, vnd gemeiner Bur- gerschafft
          <lb/>der Statt Straszburg angeben werden...
          <lb/>Armoiries de Georges de Seyn, encadrées; à gauche: M. D., à droite
          <lb/>LXXXV, Au-dessous: Psalm 140.! Das Vnglück, davon meine
          <lb/>Feinde Rhatschlagen, müsse auff jhren Kopff fallen. (Verso
          <lb/>blanc.)
          <lb/>In-4°, car. goth., 252 ff. non ch., sign. A-M, a-2, aa-22, aaa-cee,
          <lb/>réclames, initiales ornées, bandes d’ornement, vignettes.
          <lb/>fol. 2a: Beylagen (Table, 72 numéros des «Beylagen», (3 ff.) et
          <lb/>1 f. Errata.
          <lb/>R102.248. Prov.: Bibliothèque Heitz.
          <lb/>GPB: Berlin, Breslau, Halle, Marburg, Bonn, Göttingen. 118
          <lb/>AUSZUG
          <lb/>Strasbourg, 1579.
          <lb/>Kurtzer Auszug etlicher der! Statt Straszburg Frey¬
          <lb/>heiten, so hinfürter Jär-lich auff den Zünfften neben
          <lb/>andern Constitutionen vnd ord- nungen, ausz erkandtnusz
          <lb/>vnserer Herren Rhät vnd Ein vnd! Zwentzig den Burgern
          <lb/>soll für gelesen werden, darmit sie sich derselben desto
          <lb/>besser zû̀ gebrauchen wissen.
          <lb/>Armoiries de la ville de Strasbourg.
          <lb/>M. D. LXXIX. (Verso blanc.)
          <lb/>A la fin: Actum &amp;amp; Decretum Mon- tags den dreyze¬
          <lb/>henden Julij, im Jar der Geburt vnseres HErren! vnd Er¬
          <lb/>lösers, Ein tausend, fünffhundert, sibentzig vnd neun. (Verso
          <lb/>blanc.)
        </p>
      </div>
    </body>
  </text>
</TEI>
