<?xml version='1.0' encoding='UTF-8'?>
<?xml-model href="https://raw.githubusercontent.com/OpenITI/tei_openiti/master/tei_openiti.rng" type="application/xml" schematypens="http://relaxng.org/ns/structure/1.0"?>
<?xml-model href="https://raw.githubusercontent.com/OpenITI/tei_openiti/master/tei_openiti.rng" type="application/xml" schematypens="http://purl.oclc.org/dsdl/schematron"?>
<TEI xmlns="http://www.tei-c.org/ns/1.0">
  <teiHeader>
    <fileDesc>
      <titleStmt>
        <title/>
      </titleStmt>
      <publicationStmt>
        <p/>
      </publicationStmt>
      <sourceDesc>
        <p/>
      </sourceDesc>
    </fileDesc>
    <profileDesc>
      <calendarDesc>
        <calendar xml:id="ah">
          <p>Anno Hegirae</p>
        </calendar>
      </calendarDesc>
    </profileDesc>
    <xenoData xml:space="preserve">
CREATED: 2024-04-12T12:30:37.568674+00:00
CREATED BY: eScriptorium vpassthistobuildcmd
IMAGE FILENAME: A121078-2374.tif
IMAGE WIDTH: 2354
IMAGE HEIGHT: 3818
</xenoData>
  </teiHeader>
  <text>
    <body>
      <div>
        <p>
          <lb/>370
          <lb/>In-40, car. goth., 33 ff. non ch., sign. A-H, titre courant, notes
          <lb/>marginales, initiales ornées O, N.
          <lb/>fol. A 2a: Der... Fürstin vnd frauwen, frauwe Anna,
          <lb/>hertzogin von Mecklenburg... Johannes cochle us... — geben
          <lb/>zû Mentz am iij tag Nouem, im 1524 iar.
          <lb/>R 101.943. Prov.: Trübner, Strasbourg, I0/VI. 1887; 8 M.
          <lb/>553
          <lb/>Schmidt I, No 226: Fribourg.
          <lb/>COCHLAEUS Johannes, Epistola ad Ordines S. Imperii in Comi¬
          <lb/>tio Vuormaciens, missa. Anno M. D. XLV. Voir: BUTZER
          <lb/>Martin, De Concilio. — 1545. N° 380.
          <lb/>COCLES Bartholomaeus
          <lb/>Strasbourg, J. Albrecht, 1533.
          <lb/>BARPTO! LOMAEI COCLITIS Bo- noniensis, naturalis Phi¬
          <lb/>losophiae ac Medicinae Doctoris, Physio gnomiae &amp;amp; Chiro¬
          <lb/>mantiae Compendium.
          <lb/>ARGENTORATI, ANNO M. D. XXXIII. (Verso blanc.)
          <lb/>A la fin: ARGENTINAE APVD! Ioannem Albrecht. Anno
          <lb/>XXXIII.
          <lb/>In-8°, car. ital. 115 ff. non ch., sign. A-O, titre courant, récla¬
          <lb/>mes au verso des ff., initiale ornée P., de nombreuses gravures, 29
          <lb/>différentes têtes avec description, 144 différentes formes de mains, cha¬
          <lb/>que fois une main sur une page et au-dessous description et significa¬
          <lb/>tion des lignes; titre encadré (H e B. Planche X, Nò 6, l’encadrement
          <lb/>est de Knobloch, dont les dernières impressions datent de 1528), et dont
          <lb/>Albrecht avait épousé la femme.
          <lb/>R 101.539. Prov.: Rosenthal, Munich, 25/XII. 1893, 24 M.
          <lb/>BN Paris; Rés. V. 2242.
          <lb/>554
          <lb/>COCLES Bartholomaeus
          <lb/>Strasbourg, J. Albrecht, 1533.
          <lb/>Ein kurtzer be- richt der gantzen Phisiono! mey
          <lb/>vnd Ciromancy gezogen vsz dem für treffenlichen in disen
          <lb/>künsten Bar tholomeo Cocliti von Bononia der natürli¬
          <lb/>chen kunst vnd! artzney Doctor.
          <lb/>Au-dessous, gravure sur bois: physionomie de 2 hommes, comme
          <lb/>f. B 2a: Von den Nasen; au haut et au bas: bandes d’ornement.
          <lb/>A la fin: Getruckt zû Straszburg durch den ersamen
          <lb/>Iohannem Albrecht, in dem jar als man zalet M. D. XXXIII.
          <lb/>(Verso blanc.)
        </p>
      </div>
    </body>
  </text>
</TEI>
