<?xml version='1.0' encoding='UTF-8'?>
<?xml-model href="https://raw.githubusercontent.com/OpenITI/tei_openiti/master/tei_openiti.rng" type="application/xml" schematypens="http://relaxng.org/ns/structure/1.0"?>
<?xml-model href="https://raw.githubusercontent.com/OpenITI/tei_openiti/master/tei_openiti.rng" type="application/xml" schematypens="http://purl.oclc.org/dsdl/schematron"?>
<TEI xmlns="http://www.tei-c.org/ns/1.0">
  <teiHeader>
    <fileDesc>
      <titleStmt>
        <title/>
      </titleStmt>
      <publicationStmt>
        <p/>
      </publicationStmt>
      <sourceDesc>
        <p/>
      </sourceDesc>
    </fileDesc>
    <profileDesc>
      <calendarDesc>
        <calendar xml:id="ah">
          <p>Anno Hegirae</p>
        </calendar>
      </calendarDesc>
    </profileDesc>
    <xenoData xml:space="preserve">
CREATED: 2024-04-12T12:30:27.888921+00:00
CREATED BY: eScriptorium vpassthistobuildcmd
IMAGE FILENAME: A121078-2060.tif
IMAGE WIDTH: 2354
IMAGE HEIGHT: 3820
</xenoData>
  </teiHeader>
  <text>
    <body>
      <div>
        <p>
          <lb/>56
          <lb/>AESOPUS
          <lb/>Strasbourg, J. Knobloch, 1521.
          <lb/>FABVLARVM QVAE HOC libro continentur interpretes,
          <lb/>atque authores sunt hi.
          <lb/>Guilielmus Goudanus.) Hadrianus Barlandus.! Erasmus
          <lb/>Roterodamus. Aulus Gellius. Laurentius Valla.Angelus
          <lb/>Politianus, Petrus Crinitus. Ioannes Antonius Campanus.
          <lb/>Plinius secundus nouocomensis. ] Nicolaus Gerbelius Phor¬
          <lb/>censis.! Laurentius Abstemius. Rimicius. Iam denuo ad¬
          <lb/>ditus.
          <lb/>Aesopi uita ex Max. Planude excerpta, &amp;amp; aucta.
          <lb/>Indicem Fabularum in uestibulo reperies.
          <lb/>A la fin: Fabularum Aesopi Finis.
          <lb/>ARGENTINAE IN AEDIBUS! IOANNIS KNOBLOVCHII ! DVCTV
          <lb/>PAVLI GETZ ANNO. M. D. XXI.
          <lb/>In-80, car, ital,, 16 ff. non ch, dont le dernier blanc, 103 ff. ch.,
          <lb/>titre courant, réclames, grande initiale à fig. A, initiales ornées E, A,
          <lb/>et initiales d’attente; titre encadré (H &amp;amp; B, Planche X., N° 5.)
          <lb/>Au verso du titre: IOANNI CHELIO GISINGO COLMARIAE
          <lb/>LVDIMAGI STRO Io. HERVOE- GVS. (18 vers.)
          <lb/>Suit l’Index des fables, 10 ff.
          <lb/>fol. 2a non ch.: AESOPI VITA BREVISSIME, EX MAXIMO
          <lb/>PLA NVDE.
          <lb/>fol, 5a non ch.: MARTINVS DORpIVS IOANNI LEÜ pe, lacobo
          <lb/>papae &amp;amp; Ioanni Niniuitae! eruditissimis in Flandria ludi¬
          <lb/>magistris... — Louanii, ex nominatissimo Lilianorum gym¬
          <lb/>nasio, ad x. Kalendas de- cembreis.
          <lb/>fol, 6a non ch.: GVILELMVS Canoni Di) ui Aurelii Au¬
          <lb/>gustini Florentio! suo illustri Baroni Isel- steino....
          <lb/>Au verso: PETRI AEGIDI ANTVER piani Endecasyllabon.
          <lb/>ad lectores. (21 vers.)
          <lb/>R101267, Prop.: K. Th. Völcker, Francfort s. M., 5/VII. 1880,
          <lb/>2M.
          <lb/>A la fin, annotation mss.: Sunt hoc in libello 372 fab.
          <lb/>Cette édition manque chez Schmidt; d’après lui la B. N. de
          <lb/>Strasbourg possède un exemplaire de l’édition Knobloch, 1520; mais elle
          <lb/>est introuvable. La fiche de notre catalogue n’avant pas de cote numé¬
          <lb/>rique, l’ouvrage avait disparu avant 1920, lors du numérotage de la Bi¬
          <lb/>bliothèque. Voir: Schmidt VII. No 207.
          <lb/>98
          <lb/>AESOPUS
          <lb/>Strasbourg, J. Knobloch, 1522.
          <lb/>FABVLARVM QVAE Hoc libro continentur interpretes,
          <lb/>atque! authores sunt hi.... Texte comme dans l’édition, Knobloch
          <lb/>1521; excepté que pour Plinius secundus il y a Plinius scundus. (!)
          <lb/>A la fin. Fabularum Aesopi Finis.
        </p>
      </div>
    </body>
  </text>
</TEI>
