<?xml version='1.0' encoding='UTF-8'?>
<?xml-model href="https://raw.githubusercontent.com/OpenITI/tei_openiti/master/tei_openiti.rng" type="application/xml" schematypens="http://relaxng.org/ns/structure/1.0"?>
<?xml-model href="https://raw.githubusercontent.com/OpenITI/tei_openiti/master/tei_openiti.rng" type="application/xml" schematypens="http://purl.oclc.org/dsdl/schematron"?>
<TEI xmlns="http://www.tei-c.org/ns/1.0">
  <teiHeader>
    <fileDesc>
      <titleStmt>
        <title/>
      </titleStmt>
      <publicationStmt>
        <p/>
      </publicationStmt>
      <sourceDesc>
        <p/>
      </sourceDesc>
    </fileDesc>
    <profileDesc>
      <calendarDesc>
        <calendar xml:id="ah">
          <p>Anno Hegirae</p>
        </calendar>
      </calendarDesc>
    </profileDesc>
    <xenoData xml:space="preserve">
CREATED: 2024-04-12T12:30:28.158548+00:00
CREATED BY: eScriptorium vpassthistobuildcmd
IMAGE FILENAME: A121078-2063.tif
IMAGE WIDTH: 2354
IMAGE HEIGHT: 3822
</xenoData>
  </teiHeader>
  <text>
    <body>
      <div>
        <p>
          <lb/>59
          <lb/>perdu.
          <lb/>La Bibliothèque possédait encore un 2e exemplaire qui a été
          <lb/>La Tabula Cebetis finit fol. H 4a; comme il y avait encore quel¬
          <lb/>ques pages disponibles jusque J 3a, l’éditeur ajouta « Basilii epistola
          <lb/>de vita solitaria ad Gregorium Nazanzenum (!) qui n’est pas
          <lb/>noté à la page du titre. C’est, d’après l’explicit, le premier ouvrage
          <lb/>que Schürer a imprimé.
          <lb/>Schmidt VIII, No 1: Jadis Bibl. de Strasbourg, Incun. No 40 et
          <lb/>son exemplaire qui se trouve maintenant à la BN de Strasbourg.
          <lb/>104
          <lb/>ATHANASIUS
          <lb/>Haguenau, Th. Anshelm, 1519.
          <lb/>LIBER S. ATHANA SII DE VARIIS) (entre 2 feuilles de lierre)
          <lb/>QUAESTIONIBUS NVPER È GRAECO IN LATINVM TRADV CTVS,
          <lb/>JOHANNE REVCHLIN I INTERPRETE.
          <lb/>ADHVC ITEM! Annotationes Capnioniae.
          <lb/>A la fin: Hagenoae, ex Officina Thomae Anshelmi Ba
          <lb/>densis. Anno Incarnationis M. D. XIX. Mense Martio.
          <lb/>Marque typ. de Thomas Anshelm. (H&amp;amp; B, Planche LXII, No 2;
          <lb/>Silvestre, No 771.)
          <lb/>In-40, car. rom., grecs et hébreux, 60 ff. non ch, sign. A-P. Initiales
          <lb/>à fig. N, C, D.
          <lb/>Fol. A 2a: ... ALBERTHO. DIVI MAXIMILIA ni ad Mariam
          <lb/>de Anima, Presbytero Cardina li... JOANNES CAPNION..
          <lb/>(8 ff. de préface.)
          <lb/>RI0I. 284. Prov.: BN Munich, 10. IV. 1882, 1 M. 20.
          <lb/>BN Paris, C1451 et 2294; Walter, No 681 et 682: BM Sélestat.
          <lb/>105
          <lb/>ATHANASIUS
          <lb/>Strasbourg, J. Knobloch, 1522.
          <lb/>ATHANASII] EPISCOPI ALEXANDRINI OPE- RA, STVDIOSIVS
          <lb/>QVAM ANTEA] FVERINT, A SITV VINDI- GATA, QVORVM CATA
          <lb/>LOGVS SEQUITUR... (13 lignes.)
          <lb/>Christophoro Porsena.
          <lb/>His interpretibus
          <lb/>Ambrosio Monacho.
          <lb/>Angelo Politiano.
          <lb/>Joanne Capnione.
          <lb/>Accessit praeterea operi, Erasmi Rotero- dami Para¬
          <lb/>clesis, ipsiusque Athanasij uita. (Verso blanc.)
          <lb/>A la fin avant l&amp;#x27;index: ARGENTINAE APVD JOANNEM! KNO¬
          <lb/>BLOVCHVM MENSE MAR TIO. ANNO M. D. XXII.
          <lb/>In-fol. car. rom,, 6 ff. non ch. — 314 ff. ch. — 10 non cotées (Index
          <lb/>à 2 col.). Titre courant, réclames, notes marginales, initiales ornées,
          <lb/>titre encadré: sujets tirés des Actes des Apôtres, chap. 1 et VIII
          <lb/>Miracles de St. Pierre et de St. Philippe.
        </p>
      </div>
    </body>
  </text>
</TEI>
