<?xml version='1.0' encoding='UTF-8'?>
<?xml-model href="https://raw.githubusercontent.com/OpenITI/tei_openiti/master/tei_openiti.rng" type="application/xml" schematypens="http://relaxng.org/ns/structure/1.0"?>
<?xml-model href="https://raw.githubusercontent.com/OpenITI/tei_openiti/master/tei_openiti.rng" type="application/xml" schematypens="http://purl.oclc.org/dsdl/schematron"?>
<TEI xmlns="http://www.tei-c.org/ns/1.0">
  <teiHeader>
    <fileDesc>
      <titleStmt>
        <title/>
      </titleStmt>
      <publicationStmt>
        <p/>
      </publicationStmt>
      <sourceDesc>
        <p/>
      </sourceDesc>
    </fileDesc>
    <profileDesc>
      <calendarDesc>
        <calendar xml:id="ah">
          <p>Anno Hegirae</p>
        </calendar>
      </calendarDesc>
    </profileDesc>
    <xenoData xml:space="preserve">
CREATED: 2024-04-12T12:30:28.188344+00:00
CREATED BY: eScriptorium vpassthistobuildcmd
IMAGE FILENAME: A121078-2065.tif
IMAGE WIDTH: 2350
IMAGE HEIGHT: 3822
</xenoData>
  </teiHeader>
  <text>
    <body>
      <div>
        <p>
          <lb/>61
          <lb/>In-fol., car. goth., 2 col.; 50 ff., non ch., sign. Aa-Gg; CCCCLXI
          <lb/>ff. ch., 4 non ch. et 2 ff. blancs; titre courant, notes marginales, initiales
          <lb/>ornées, titre encadré (H&amp;amp; B, Planche LXVII, NO 4.)
          <lb/>R 10.289. Prov. inconnue.
          <lb/>avant le f. blanc qui précède le titre, Index écrit à la main; à l&amp;#x27;inté¬
          <lb/>Annotations mss.: au bas du titre: Cartusia In Buxheim; 2 pages
          <lb/>rieur de la couverture: Spectabilis Marcus Mantz presbyter et con¬
          <lb/>cionator Eschingensis singulari ex beneuolentia erga nos et Domum
          <lb/>nostram Buxiae donavit nos hunc librum ingentem thesaurum, valde
          <lb/>nobis necessarium et desideratum... Anno salutis nostre 1573... Fr.
          <lb/>Guilielmus... Prior.
          <lb/>B. M. Colmar.
          <lb/>108
          <lb/>AUGUSTINUS Sanctus
          <lb/>Haguenau, Th. Anshelm, 1521.
          <lb/>Sant Augustins ausz legung über den fünffundvier
          <lb/>zigsten Psalm der sich an hebt, der herr ist unser zû¬
          <lb/>flucht und sterck geteutstht (!) durch Georgium Spa
          <lb/>latinum.
          <lb/>A la fin: Gedruckt zu Hagenaw durch Thomam Ansz¬
          <lb/>helm in dem Jenner, Nach der gepurt! vnsersz hern Jesu
          <lb/>Christi Tausent! fünffhundert vnd einunzwenzig! Jar.
          <lb/>Marque typ. de Th. Anshelm. (H&amp;amp; B, Planche LXII, NO 4; Sil¬
          <lb/>vestre, No 545.)
          <lb/>In-4°, car. goth., 11 ff. non ch., sign. A-C, encadrement du titre,
          <lb/>composé de trois pièces juxta-posées (supérieure et latérales), ara¬
          <lb/>besques.
          <lb/>R101287. Prov.: Albert Cohn. Berlin, 20. HI. 1895; 6 M.
          <lb/>109
          <lb/>AUGUSTINUS Sanctus
          <lb/>Strasbourg, B. Beck, 1532.
          <lb/>Augustini des heyligen Bischofs IIII Bücher von
          <lb/>Christlicher leer.Bûch vom Geist vnd Buchstaben
          <lb/>I Bûch vom glauben und werden.
          <lb/>Marque tip. de B. Beck (H&amp;amp; B, Planche XV, NO I), à gauche
          <lb/>de la marque: Im Jar, à droite: M. DXXXII.
          <lb/>Au-dessous: Durch Doctor Caspar Hedion vertolmetscht.
          <lb/>Alles vorhin in Teütscher sprach nie gelesen, nützlich aber
          <lb/>yeden Christen der zum heil begert gelert zû werden.
          <lb/>Straszburg.
          <lb/>A la fin: Getruckt zû Straszburg durch Balthassar Beck
          <lb/>vnd vollendet am fünfften tag des Mertzens.m tausent
          <lb/>fünffhundert vnd zwey-! vnd dreissigsten Jar. (Verso blanc.)
          <lb/>In-fol. car. goth., 10 ff. non ch., XCII ff. ch., titre courant, ré¬
          <lb/>clames, notes marginales, grandes initiales goth. A, E, I, N.
        </p>
      </div>
    </body>
  </text>
</TEI>
