<?xml version='1.0' encoding='UTF-8'?>
<?xml-model href="https://raw.githubusercontent.com/OpenITI/tei_openiti/master/tei_openiti.rng" type="application/xml" schematypens="http://relaxng.org/ns/structure/1.0"?>
<?xml-model href="https://raw.githubusercontent.com/OpenITI/tei_openiti/master/tei_openiti.rng" type="application/xml" schematypens="http://purl.oclc.org/dsdl/schematron"?>
<TEI xmlns="http://www.tei-c.org/ns/1.0">
  <teiHeader>
    <fileDesc>
      <titleStmt>
        <title/>
      </titleStmt>
      <publicationStmt>
        <p/>
      </publicationStmt>
      <sourceDesc>
        <p/>
      </sourceDesc>
    </fileDesc>
    <profileDesc>
      <calendarDesc>
        <calendar xml:id="ah">
          <p>Anno Hegirae</p>
        </calendar>
      </calendarDesc>
    </profileDesc>
    <xenoData xml:space="preserve">
CREATED: 2024-04-12T12:30:33.661803+00:00
CREATED BY: eScriptorium vpassthistobuildcmd
IMAGE FILENAME: A121078-2233.tif
IMAGE WIDTH: 2296
IMAGE HEIGHT: 3820
</xenoData>
  </teiHeader>
  <text>
    <body>
      <div>
        <p>
          <lb/>in hodiernum editis continetur: hic ingeniose enucleatum
          <lb/>at-que sollerti cura collectum inuenies.
          <lb/>Pars prima Rosarii.
          <lb/>A la fin: Prima pars sermonum predicabilium Rosa
          <lb/>rij Impressa et diligenter reuisa in Imperiali oppi- do
          <lb/>Hagenaw per industrium Henricum Gran ini bi incolam:
          <lb/>Impensis et sumptibus prouidi Jo-hannis Rynman de
          <lb/>Oringaw Anno salutis Millesimo quingentesimo tertio kal.
          <lb/>ix. Augu! sti Finit feliciter.
          <lb/>In-fol., car. goth., 2 col., 26 ff. non ch., CCXXIII ff. ch. et 7 ff.
          <lb/>blancs, titre courant, initiales d’attente.
          <lb/>Au verso du titre: EpistolaBernardino... Frater
          <lb/>Bernardinus de Busti...
          <lb/>fol. aa 2a: Pulcra carmina in commenda- tionem huius
          <lb/>operis. Exhortatio fratris Bernardini de Busti ad lecto¬
          <lb/>rem. (10 distiques), Fratris illuminati Nouariensis. (17 distiques).
          <lb/>Fratris Samuelis de Cassinis (26 vers et 4 distiques.)
          <lb/>Suit : Tabula Rubricarum, Alphabetica (17 p.) et Tabula
          <lb/>per totum annum (31 p.)
          <lb/>R10334 (2) Prov.: BN Munich, 31/1. 1878. Rel, anc.
          <lb/>Au recto du f. de garde: Monasterium Althominster 1542.
          <lb/>Proctor II, Sectio I; No 11.619a Londres, British Museum;
          <lb/>B M Strasbourg. GPB. Berlin SB, Breslau BU, Gœttingue RU,
          <lb/>Kiel BU.
          <lb/>344
          <lb/>229
          <lb/>BUSTIS BERNARDINUS DE
          <lb/>Haguenau, H. Gran, 1506.
          <lb/>Mariale eximii viri Bernardi ni de Busti Ordinis
          <lb/>seraphici Francisci: de singulis festiuitatibus beate vir¬
          <lb/>ginis per modum sermo- num tractans: omni theologia
          <lb/>copiosum. Denique vtriusque iuris autori-tatibus appli¬
          <lb/>catis; et arte humanitatis refertum: in omnibus allega
          <lb/>tionibus promptissimum. (Verso blanc.)
          <lb/>A la fin:... Jmpensis circumspecti viri archibiblio¬
          <lb/>pole Joannis rynman Jn officina industrij Henrici Gran:
          <lb/>ciuis in oppido imperiali Ha genaw. Impressum anno
          <lb/>salutis nostre. M. d. vj. pridie kal. Martij Finit feliciter.
          <lb/>In-fol., car. goth., 2 col., 356 ff. non ch., dont le dernier blanc,
          <lb/>sign. A-B, a-z, aa-2z; titre courant, notes marginales, initiales
          <lb/>d’attente.
        </p>
      </div>
    </body>
  </text>
</TEI>
