<?xml version='1.0' encoding='UTF-8'?>
<?xml-model href="https://raw.githubusercontent.com/OpenITI/tei_openiti/master/tei_openiti.rng" type="application/xml" schematypens="http://relaxng.org/ns/structure/1.0"?>
<?xml-model href="https://raw.githubusercontent.com/OpenITI/tei_openiti/master/tei_openiti.rng" type="application/xml" schematypens="http://purl.oclc.org/dsdl/schematron"?>
<TEI xmlns="http://www.tei-c.org/ns/1.0">
  <teiHeader>
    <fileDesc>
      <titleStmt>
        <title/>
      </titleStmt>
      <publicationStmt>
        <p/>
      </publicationStmt>
      <sourceDesc>
        <p/>
      </sourceDesc>
    </fileDesc>
    <profileDesc>
      <calendarDesc>
        <calendar xml:id="ah">
          <p>Anno Hegirae</p>
        </calendar>
      </calendarDesc>
    </profileDesc>
    <xenoData xml:space="preserve">
CREATED: 2024-04-12T12:30:36.826823+00:00
CREATED BY: eScriptorium vpassthistobuildcmd
IMAGE FILENAME: A121078-2350.tif
IMAGE WIDTH: 2330
IMAGE HEIGHT: 3818
</xenoData>
  </teiHeader>
  <text>
    <body>
      <div>
        <p>
          <lb/>3346
          <lb/>A la fin: ARGENTORATI, PER IOSIAM RIHELIVM, ANNO SA¬
          <lb/>LVTIS! humanae M. D. LXIIII. Mense Martio.
          <lb/>In-80, car. ital, 12 ff. non ch. — 759 p. ch. — 8 ff. non ch.
          <lb/>(Index), titre courant, réclames, initiale à fig. M et initiales ornées.
          <lb/>fol. a 2a: AD ADAMVM CA- ROLVM REGIVM CON- silia¬
          <lb/>rium, Ioannis Sturmii! Praefatio... (4 p.)
          <lb/>fol. a 4a: ALDI P. M. AO ANDREAM NAVGERIVM... Prae¬
          <lb/>fatio. (46 p.)
          <lb/>R 101.655. Proc. : Bibliothèque du prof. F. A. Menke, Brême,
          <lb/>1873, avec son autographe et la date 1829 au recto du f. de garde. A
          <lb/>523
          <lb/>l&amp;#x27;extérieur du 1er plat, en haut: EHS, en bas: 1574.
          <lb/>CICERO
          <lb/>Strasbourg, I. Rihel, 1565.
          <lb/>M. T. CICERONIS Epistolarum uo Lvmen Primvm,
          <lb/>quod est librorum sedecim.! CVM PRAEFATIONE IOAN. STVR¬
          <lb/>mij, ad Erasmum Argentoratensium Episcopum delectum.
          <lb/>Additus est etiam Index copiosus: &amp;amp; scholia Pauli Manutij.
          <lb/>Marque typographique de I. Rihel. (He B, Planche XXXI, N° 8.)
          <lb/>Cum Gratia &amp;amp; Priuilegio Caesareo ad Annos octo.
          <lb/>(Verso blanc.)
          <lb/>A la fin avant les scholia Manutii: ARGENTORATI Excude¬
          <lb/>bat losias Rihelius, Anno M. D. LXV.
          <lb/>In-80, car, ital,, 8 ff. non ch., 267 ff. ch, 74 ff. non ch. (Index
          <lb/>et Scholia), 1 f. blanc, titre courant, réclames, initiales ornées A, M,E
          <lb/>et initiales d’attente.
          <lb/>fol. a 2a non ch.: Ap... D. Erasmum Episcopum Argen¬
          <lb/>toratensem, electum Lantgrauium Alsatiae, loan. Sturmij
          <lb/>praefatio. (8 p.)
          <lb/>fol. a 7a non ch.: FRANCISCVS PE- TRARCHA M. T. CICE¬
          <lb/>RONI S.... — A-pud superos, ad dexteram Athesis in
          <lb/>colonia Veronen- sium transalpinae Italiae XVI. Calend.
          <lb/>Quintiles. An-no ab ortu eius quem tu noueras. M.CCC.XL.
          <lb/>fol. 1a ch.: Aldus Manutius Romanus, Sigismundo Thur¬
          <lb/>z0 Pannonio Varadiensi Episcopo. S. P. D. (2 p.)
          <lb/>R101666. Prov.: K. Th. Volcker, Francfort s. M., I/VII. 1880;
          <lb/>2 M.
          <lb/>A l&amp;#x27;extérieur du Ier plat, en haut «WCM,, en bas :1570,, à
          <lb/>l&amp;#x27;intérieur: « Philipp Iacob Gmelin 18 octobris 1722.» Rel. anc.
          <lb/>GPB: BU Breslau, Kœnigsberg, Marbourg.
          <lb/>524
        </p>
      </div>
    </body>
  </text>
</TEI>
