<?xml version='1.0' encoding='UTF-8'?>
<?xml-model href="https://raw.githubusercontent.com/OpenITI/tei_openiti/master/tei_openiti.rng" type="application/xml" schematypens="http://relaxng.org/ns/structure/1.0"?>
<?xml-model href="https://raw.githubusercontent.com/OpenITI/tei_openiti/master/tei_openiti.rng" type="application/xml" schematypens="http://purl.oclc.org/dsdl/schematron"?>
<TEI xmlns="http://www.tei-c.org/ns/1.0">
  <teiHeader>
    <fileDesc>
      <titleStmt>
        <title/>
      </titleStmt>
      <publicationStmt>
        <p/>
      </publicationStmt>
      <sourceDesc>
        <p/>
      </sourceDesc>
    </fileDesc>
    <profileDesc>
      <calendarDesc>
        <calendar xml:id="ah">
          <p>Anno Hegirae</p>
        </calendar>
      </calendarDesc>
    </profileDesc>
    <xenoData xml:space="preserve">
CREATED: 2024-04-12T12:30:38.573520+00:00
CREATED BY: eScriptorium vpassthistobuildcmd
IMAGE FILENAME: A121078-2407.tif
IMAGE WIDTH: 2372
IMAGE HEIGHT: 3824
</xenoData>
  </teiHeader>
  <text>
    <body>
      <div>
        <p>
          <lb/>CRUCIGER Caspar
          <lb/>Strasbourg, S. Emmel, 1557.
          <lb/>IN EVAN- GELIVM IOAN- NS ApOSTOLIEnarratio
          <lb/>Caspari Cru- cigeri, recens edita.
          <lb/>ARGENTORATI( apud Samuelem Emmel. ANNO M.D.LVII.
          <lb/>In-80, car. ital., 8 ff. non ch. (Préface de l’auteur de l&amp;#x27;édition
          <lb/>1546), 879 pages ch., titre courant, réclames, notes marginales, initiales
          <lb/>à fig. et ornées, au commencement des chapitres.
          <lb/>fol. 2a: Préface de l’auteur au Prince Maurice de Saxe, datée de
          <lb/>Wittemberg 13. février 1546. (14 pages.)
          <lb/>R101188. Prov.: Harrassowite, Leipzig, 25. VIII. 1917; 13M.50.
          <lb/>Rel. anc.
          <lb/>GPB: BU Bonn, Gœttingue, Marbourg.
          <lb/>6oi
          <lb/>CRUSIUS Martinus
          <lb/>Strasbourg, J. Rihel, 1586.
          <lb/>MARTINI CRVSII, IN TYBIN- GENSI ACADEMIA VTRIVS¬
          <lb/>que linguae Professoris, LIBRI DVO ad NICODEMVM FRISCH¬
          <lb/>LINVM, Poetam Laureatum, Comitem Pa- latinum Caesa¬
          <lb/>rium:  ANIMADVERSIONVM IN Grammaticen eius Lati¬
          <lb/>nam: II. Ad eiusdem STRIGILIM Gram-maticam, ANTIS¬
          <lb/>TRIGILIS. Cum refutatione Demonstrationis AB- LATIVI
          <lb/>Graecorum: Et Breui responso ad Grammaticam Dispu¬
          <lb/>tationem eiusdem.
          <lb/>Marque typ. de J. Rihel. (H &amp;amp; B, Planche XXXII, NO 18.)
          <lb/>CVM INDICE RERVM. M. D. LXXXVI. (Verso blanc.)
          <lb/>A la fin: ARGENTORATI, Excudebat Josias Rihelius,
          <lb/>M. D. LXXXVI.
          <lb/>In-80, car, rom. et ital., 10 ff. non ch., 366 p. ch, 15 ff. non ch.,
          <lb/>(Index à 2 col.), titre courant, réclames, notes marginales, initiales or¬
          <lb/>nées.
          <lb/>fol. a 2a non ch.: ... DOMINO LVDOVI- CO. DVCI WIRTEM¬
          <lb/>BERGICO ET Teccio, Comiti Mompelgardico, &amp;amp;.. MARTI¬
          <lb/>NVS CRVSIVS,  Tybin-gae, die Conuersionis D.
          <lb/>Apostoli Pau¬li, Anno restitutae salutis M. D. LXXXVI.
          <lb/>(Préface de 6 ff.)
          <lb/>fol. a Sa non ch.: AD ILLVSTRISSI- (mum Principem Vuir¬
          <lb/>tembergi- cum &amp;amp;c. Ludouieum &amp;amp;c... — Leonhardus Engel¬
          <lb/>hart Paedagogarcha. (8 distiques.)
          <lb/>Au verso: DECANVS ET COLLEGIVM PHILOSOPHICVM
          <lb/>ACA-demiae Tubingensis, aequo lectori S.... (Préface de
          <lb/>3 p. non ch.)
          <lb/>403
        </p>
      </div>
    </body>
  </text>
</TEI>
