<?xml version='1.0' encoding='UTF-8'?>
<?xml-model href="https://raw.githubusercontent.com/OpenITI/tei_openiti/master/tei_openiti.rng" type="application/xml" schematypens="http://relaxng.org/ns/structure/1.0"?>
<?xml-model href="https://raw.githubusercontent.com/OpenITI/tei_openiti/master/tei_openiti.rng" type="application/xml" schematypens="http://purl.oclc.org/dsdl/schematron"?>
<TEI xmlns="http://www.tei-c.org/ns/1.0">
  <teiHeader>
    <fileDesc>
      <titleStmt>
        <title/>
      </titleStmt>
      <publicationStmt>
        <p/>
      </publicationStmt>
      <sourceDesc>
        <p/>
      </sourceDesc>
    </fileDesc>
    <profileDesc>
      <calendarDesc>
        <calendar xml:id="ah">
          <p>Anno Hegirae</p>
        </calendar>
      </calendarDesc>
    </profileDesc>
    <xenoData xml:space="preserve">
CREATED: 2024-04-12T12:30:39.174784+00:00
CREATED BY: eScriptorium vpassthistobuildcmd
IMAGE FILENAME: A121078-2433.tif
IMAGE WIDTH: 2392
IMAGE HEIGHT: 3824
</xenoData>
  </teiHeader>
  <text>
    <body>
      <div>
        <p>
          <lb/>429
          <lb/>A la fin :.. Impressa Argentine in domo Johannis Knob
          <lb/>louch calchographi. Anno a Christi incarnatione! M. D. XVIIj.
          <lb/>die, xiiij. mensis Augusti.
          <lb/>In-8°, car. goth., CCI ff. ch. — 10 non ch., titre courant, initiale
          <lb/>ornée D et initiales d’attentes, titre rouge et noir, titre et texte de l’édition
          <lb/>de 1516.
          <lb/>R101.348. Prov.: BN Munich, 14/IV. 1880, 1 M. 20. Au titre
          <lb/>à l’encre rouge: Wolffgg Rendsperg, à l’encre noire: Matthias Ramersperger...
          <lb/>Monasterio S. Zenonis, 1603.
          <lb/>Schmidt VII n° 160: Jadis Bibl. de Strasbourg, Incun. n° 1554.
          <lb/>644
          <lb/>DIDYMUS Homeri interpres. 1539. Voir: HOMERUS.
          <lb/>DIETENBERGER Johannes
          <lb/>Strasbourg. J. Grüninger, 1523
          <lb/>Antwurt, das! Junckfrawen die klöster! vnd kloster¬
          <lb/>liche glübd nümmer götlich verlassen mögen.D.
          <lb/>Johannes dietenberger.
          <lb/>A la fin: Von Keyserlicher vnd Hispanischer mayestat
          <lb/>gna! den erlangt Priuilegia disz büchlin niemans nach¬
          <lb/>trucken oder feil sol hon in iars frist. Ge truckt von Jo.
          <lb/>Grieninger vff sant wolff! gangs tag im iar. 1523. (Verso
          <lb/>blanc.)
          <lb/>In-40, car. goth., 14 ff. non ch., sign. A-D, notes marginales,
          <lb/>initiales ornées, titre encadré de deux lignes doubles, qui se croisent
          <lb/>à angles droits.
          <lb/>Au verso du titre: der wirdigen vnd andechtigen Junck¬
          <lb/>frawen Magdale- na Kressin Closterfrawen zu Pillnreüt...
          <lb/>Jo. Cochleus... — Geben am 18. tag Septembris. Jm
          <lb/>1523 iar.
          <lb/>fol. A 2a: Vorrede in disz büchlin... (2 pages.)
          <lb/>R101.948. Prov.: Butsch, Augsbourg, 18/XI. 1884, 4M.
          <lb/>2e ex.R 101.504°), Prov.: Recteur Müller, Quedlinbourg, 15/VI. 1889.
          <lb/>Diffère un peu du 1er ex. Les 4 lignes de l’explicit manquent. Au titre
          <lb/>il y a Antwort au lieu de Antwurt, verlassen mögen en 2 lignes etc.
          <lb/>Schmidt I, N° 201: BM Strasbourg, Bâle, BN Munich.
          <lb/>Bibliographie de Dietenberger: Schottenloher I, N° 3756-3761a.
          <lb/>645
          <lb/>DIETENBERGER Johannes
          <lb/>Strasbourg, J. Grüninger, 1593
          <lb/>Doctor Joannes! Dietenberger, wider. CXXXIX schlusz¬
          <lb/>rede Mar. Luthers, von gelübdnisz vnd geistlichen leben
          <lb/>der klosterlüt vnd iunckfrawschafft &amp;amp; c. vertütscht durch
        </p>
      </div>
    </body>
  </text>
</TEI>
