<?xml version='1.0' encoding='UTF-8'?>
<?xml-model href="https://raw.githubusercontent.com/OpenITI/tei_openiti/master/tei_openiti.rng" type="application/xml" schematypens="http://relaxng.org/ns/structure/1.0"?>
<?xml-model href="https://raw.githubusercontent.com/OpenITI/tei_openiti/master/tei_openiti.rng" type="application/xml" schematypens="http://purl.oclc.org/dsdl/schematron"?>
<TEI xmlns="http://www.tei-c.org/ns/1.0">
  <teiHeader>
    <fileDesc>
      <titleStmt>
        <title/>
      </titleStmt>
      <publicationStmt>
        <p/>
      </publicationStmt>
      <sourceDesc>
        <p/>
      </sourceDesc>
    </fileDesc>
    <profileDesc>
      <calendarDesc>
        <calendar xml:id="ah">
          <p>Anno Hegirae</p>
        </calendar>
      </calendarDesc>
    </profileDesc>
    <xenoData xml:space="preserve">
CREATED: 2024-04-12T12:30:36.891503+00:00
CREATED BY: eScriptorium vpassthistobuildcmd
IMAGE FILENAME: A121078-2354.tif
IMAGE WIDTH: 2332
IMAGE HEIGHT: 3818
</xenoData>
  </teiHeader>
  <text>
    <body>
      <div>
        <p>
          <lb/>350
          <lb/>Vol. II manque.
          <lb/>(Vol. III]. M. T. CICERONIS ORATIONVM VO- LVMEN
          <lb/>TERTIVM.
          <lb/>Même marque typ. qu’au volume I.
          <lb/>Au dessous: Cum Gratia &amp;amp; priuilegio Caesareoad
          <lb/>annos decem. ARGENTORATI! M. D. LXIX. (Verso blane.)
          <lb/>A la fin: ARGENTORATI PER Io- siam Rihelium. ANNo¬
          <lb/>M. D. LXIX. (Verso blanc.)
          <lb/>In-80, car. ital., 8 ff. non ch., 271 ff. ch., numérotés de 5-275, et
          <lb/>15 ff. non ch. (Elenchus et Index) dernier f, et verso de l’avant-dernier
          <lb/>blancs, titre courant, réclames, initiale ornée G, le reste initiales d’attente.
          <lb/>fol. a 2a: AD MICHAELEM COMITEM WERTHEIMEN- sem
          <lb/>Ioannis Sturmij Praefatio. (4 p.)
          <lb/>fol. 4a: Librarius. (8 lignes.)
          <lb/>fol. 54: IACOBO SADOLETO, ANDREAS NAVG. (6 p.)
          <lb/>R 101.664. Proo.: Bibliothèque F. A. Menke, (Brême, 1873) dont le
          <lb/>nom figure au recto du f. de garde avec la date 1829; à l&amp;#x27;intérieur du
          <lb/>1er plat: « H. M. G. Kœsler» et au verso du titre: «S. G. Müller,» A
          <lb/>l&amp;#x27;extérieur du Ier plat, «EHS, et l’année «1574, comme au premier
          <lb/>volume. Rel. anc.
          <lb/>529
          <lb/>GPB: BU Breslau (vol. 1), Kœnigsberg (vol. 2. 3).
          <lb/>Strasbourg, J. Rihel, 1569.
          <lb/>CICERO
          <lb/>(Vol. L.]: M. T. CICE-RONIS LIBRORVM PHILOSOPHICO¬
          <lb/>RVM VOLV-men primum. Post Naugerianam &amp;amp; Victoria¬
          <lb/>nam correctionem.! EMENDATVM A IOAN. STVRMIO.
          <lb/>Academicae quaestiones. Editionis primae liber secun¬
          <lb/>dus, qui Lucullus in- scribitur.! Editionis secundae liber
          <lb/>primus. De finibus bonorum &amp;amp; malorum. Tusculanae
          <lb/>quaestiones. Indice rerum uerborumque insignio- rum
          <lb/>adiecto.Cum gratia &amp;amp; priuilegio Caesa¬ reo ad annos
          <lb/>octo. M. D. LXIX, (Verso blanc.)
          <lb/>A la fin: IMPRESSVM ARGENTORATI! apud losiam Rihe¬
          <lb/>lium. Anno! M. D. LXIX. (Suivent 3 ff. blancs).
          <lb/>In-8°, car. ital., 8 ff. non ch., 251 ff. ch., 40 ff. non ch. (Index),
          <lb/>titre courant, réclames, initiale ornée H, le reste initiales d’attente.
          <lb/>fol. a 2a: Ad SEVERINVM BO NERVM IOAN. STVRMII
          <lb/>Praefatio... — Argentorati Calend.Martij.
          <lb/>fol. a 26: FRANCISCVS ASVLANVS ] LECTORI. (12 p.)
        </p>
      </div>
    </body>
  </text>
</TEI>
