<?xml version='1.0' encoding='UTF-8'?>
<?xml-model href="https://raw.githubusercontent.com/OpenITI/tei_openiti/master/tei_openiti.rng" type="application/xml" schematypens="http://relaxng.org/ns/structure/1.0"?>
<?xml-model href="https://raw.githubusercontent.com/OpenITI/tei_openiti/master/tei_openiti.rng" type="application/xml" schematypens="http://purl.oclc.org/dsdl/schematron"?>
<TEI xmlns="http://www.tei-c.org/ns/1.0">
  <teiHeader>
    <fileDesc>
      <titleStmt>
        <title/>
      </titleStmt>
      <publicationStmt>
        <p/>
      </publicationStmt>
      <sourceDesc>
        <p/>
      </sourceDesc>
    </fileDesc>
    <profileDesc>
      <calendarDesc>
        <calendar xml:id="ah">
          <p>Anno Hegirae</p>
        </calendar>
      </calendarDesc>
    </profileDesc>
    <xenoData xml:space="preserve">
CREATED: 2024-04-12T12:30:37.719184+00:00
CREATED BY: eScriptorium vpassthistobuildcmd
IMAGE FILENAME: A121078-2383.tif
IMAGE WIDTH: 2372
IMAGE HEIGHT: 3818
</xenoData>
  </teiHeader>
  <text>
    <body>
      <div>
        <p>
          <lb/>379
          <lb/>Silvestre, No 821.)
          <lb/>Marque typ. de Josias Rihel, (HC B, Planche XXXI, NOS;
          <lb/>Mit Röm. Key. May. Freiheyt auff acht Jar.
          <lb/>(Feuille de lierre). Getruckt zû Straszburg durch Josiam
          <lb/>Rihel. M. D. LXVI; (Verso blanc.)
          <lb/>clames, notes marginales, initiales goth., titre rouge et noir.
          <lb/>In-fol., car. goth., 4 ff. non ch., 263 pages ch., titre courant, ré¬
          <lb/>fol. A 2a non ch.: ... Herrn Egnolffen, Herrn zû Rappolt¬
          <lb/>steyn, zû Hohenack, vnd Geroldseck im Wassige, mei¬
          <lb/>nem Gnädigen Herrn... — Geben zû Straszburg, im Jare
          <lb/>als man zehlet,!... Tausent Fünffhundert Sechtzig vnd
          <lb/>Sechs, am funffzehenden tage des Au-gustmonats...
          <lb/>R 10.395. Prov.: Baer, Francfort s M., 31/V. 1898; 5 M. 40.
          <lb/>Pages 259-260 très endommagées.
          <lb/>Au verso du titre: Ex Bibliotheca Acad. Georgiae Augustae.
          <lb/>GPB: BU Gœttinque.
          <lb/>566
          <lb/>COMINES Philipp de
          <lb/>Strasbourg, J. Rihel, 1580.
          <lb/>Philippj Comi- nei Gründtliche Beschreibung! aller¬
          <lb/>ley wichtiger namhaffter Sachen vnnd Händel,ignes
          <lb/>de texte comme dans l’édition de 1566.
          <lb/>Mit einer Vorrede... (5 lignes comme dans l’édition de 1566.)
          <lb/>Marque typ. de Josias Rihel. (H C B, Planche XXXI, NO 9;
          <lb/>Silvestre, No 599.)
          <lb/>Mit Röm. Key. May. Freyheit.
          <lb/>Getruckt zû Straszburg durch! Josiam Rihel.! M. D.
          <lb/>LXXX. (Verso blanc.)
          <lb/>In-fol. car. goth., 4 ff. non ch. (préliminaires, comme dans l’édi¬
          <lb/>tion de 1566.), 333 p. ch., 13 ff. non ch., titre courant, réclames, notes
          <lb/>marginales, initiales goth., titre rouge et noir.
          <lb/>R 10.393. Prov.: Bibliothèque Wolfgang Menzel, Stuttgart, 1874
          <lb/>avec l’autographe de Menzel.
          <lb/>2 ex. R 10.394. Même provenance.
          <lb/>GPB: BU Berlin, BU Breslau, Kœnigsberg.
          <lb/>567
          <lb/>COMMENTARIUM
          <lb/>Haguenau, H. Gran, 1503.
          <lb/>Commentarium secundum Moderno! rum doctrinam
          <lb/>in Tractatus logices Pe-tri Hispani Primum et Quartum
          <lb/>Item! Commentarium in Tractatus par! uorum logicalium
        </p>
      </div>
    </body>
  </text>
</TEI>
