<?xml version='1.0' encoding='UTF-8'?>
<?xml-model href="https://raw.githubusercontent.com/OpenITI/tei_openiti/master/tei_openiti.rng" type="application/xml" schematypens="http://relaxng.org/ns/structure/1.0"?>
<?xml-model href="https://raw.githubusercontent.com/OpenITI/tei_openiti/master/tei_openiti.rng" type="application/xml" schematypens="http://purl.oclc.org/dsdl/schematron"?>
<TEI xmlns="http://www.tei-c.org/ns/1.0">
  <teiHeader>
    <fileDesc>
      <titleStmt>
        <title/>
      </titleStmt>
      <publicationStmt>
        <p/>
      </publicationStmt>
      <sourceDesc>
        <p/>
      </sourceDesc>
    </fileDesc>
    <profileDesc>
      <calendarDesc>
        <calendar xml:id="ah">
          <p>Anno Hegirae</p>
        </calendar>
      </calendarDesc>
    </profileDesc>
    <xenoData xml:space="preserve">
CREATED: 2024-04-12T12:30:34.779130+00:00
CREATED BY: eScriptorium vpassthistobuildcmd
IMAGE FILENAME: A121078-2277.tif
IMAGE WIDTH: 2292
IMAGE HEIGHT: 3816
</xenoData>
  </teiHeader>
  <text>
    <body>
      <div>
        <p>
          <lb/>abgescheidnen Heligen leych-nam, vnd vberblibne ge¬
          <lb/>bein, alle zûsa-men in ein ordenlich Register verzeich¬
          <lb/>net wurden, ja aller deren, die nit allein! in Italien, son¬
          <lb/>der auch in Germa nien, Franckreych, Hispanien vnnd
          <lb/>anderen Landen! behalten werden.
          <lb/>Durch Nicolaum Gallasium ausz Frantzösi- scher
          <lb/>spraach ins Latein verdolmetschet, letst lich aber durch
          <lb/>ein liebhaber Göttlicher warheit vnd Teütscher nation,
          <lb/>sei- nem vatterland zû eeren vnd gûtem, ins Teütsch
          <lb/>gebracht.
          <lb/>Lieber Leser lisz fleyssig mich.
          <lb/>Es wirt gwüss nit gereüwen dich.
          <lb/>A la fin: Getruckt zû Mülhusenim oberen Elsasz,
          <lb/>durch Peter Schmid, im tau- sent fünffhundert vnd
          <lb/>neün vnd fünff-igsten jar. (Feuille de lierre.)Bande
          <lb/>d’ornement).
          <lb/>Au verso du dernier f. blanc, marque typ. de P. Schmid. (HEB,
          <lb/>Planche LXXV, N° 1; Silvestre, N° 1183.)
          <lb/>In-8°, car. goth., 2 ff. non ch, 80 ff. ch., titre courant, réclames,
          <lb/>notes marginales, titre rouge et noir.
          <lb/>Au verso du titre: Nicolaus Glalasius (!) den Gotts¬
          <lb/>förchtigen Leseren... — Jdib. Martij, Anno 1548. (Bande
          <lb/>d’ornement).
          <lb/>R 100.525. Prov.: Bibliothèque Reuss, 1887.
          <lb/>ff. 23-30 qui manquaient ont été complétés à la main.
          <lb/>Voir: Calvin, Opera Vol. VI, Proll, p. XXVII.
          <lb/>412
          <lb/>279
          <lb/>Strasbourg, Rihel, 1561.
          <lb/>CALVIN
          <lb/>INSTITVTIO CHRI-tianae religionis, in libros qua¬
          <lb/>tuor nunc primùm digesta, certisque distincta capitibus, ad
          <lb/>aptissimam methodum: aucta etiam tam magna accessio¬
          <lb/>ne ut propemodum opus nouum haberi possit.
          <lb/>IOHANNE CALVINO AVTHORE.
          <lb/>Marque typ. de Rihel. (H e B, Planche XXXI, No 12).
          <lb/>Cum Indice luculentissimo.
          <lb/>M. D. LXI. (Verso blanc.)
          <lb/>In-fol., car, rom., 10 ff. non ch. avec les 2 préfaces de l’édition
          <lb/>de 1543.) 564 p. ch., 18 ff. non ch. (Index), titre courant, réclames,
          <lb/>notes marginales, initiales ornées.
          <lb/>R. 18
        </p>
      </div>
    </body>
  </text>
</TEI>
