<?xml version='1.0' encoding='UTF-8'?>
<?xml-model href="https://raw.githubusercontent.com/OpenITI/tei_openiti/master/tei_openiti.rng" type="application/xml" schematypens="http://relaxng.org/ns/structure/1.0"?>
<?xml-model href="https://raw.githubusercontent.com/OpenITI/tei_openiti/master/tei_openiti.rng" type="application/xml" schematypens="http://purl.oclc.org/dsdl/schematron"?>
<TEI xmlns="http://www.tei-c.org/ns/1.0">
  <teiHeader>
    <fileDesc>
      <titleStmt>
        <title/>
      </titleStmt>
      <publicationStmt>
        <p/>
      </publicationStmt>
      <sourceDesc>
        <p/>
      </sourceDesc>
    </fileDesc>
    <profileDesc>
      <calendarDesc>
        <calendar xml:id="ah">
          <p>Anno Hegirae</p>
        </calendar>
      </calendarDesc>
    </profileDesc>
    <xenoData xml:space="preserve">
CREATED: 2024-04-10T14:46:39.022568+00:00
CREATED BY: eScriptorium vpassthistobuildcmd
IMAGE FILENAME: A121078-1 Catalogue des incunables de la Bnu140.tif
IMAGE WIDTH: 2430
IMAGE HEIGHT: 3854
</xenoData>
  </teiHeader>
  <text>
    <body>
      <div>
        <p>
          <lb/>1495. 26. 3.
          <lb/>Angelus de Clavasio: Summa angelica. 28.
          <lb/>1495. 31. 12.
          <lb/>Gritsch Joh.: Quadragesimale. 198.
          <lb/>1496.
          <lb/>Antoninus Florentinus: Confessionale. 36.
          <lb/>1496. 21. 1.
          <lb/>Sabunde Raym.: Theologia naturalis. 421.
          <lb/>1496. 12. 5.
          <lb/>1496. 26. 7.
          <lb/>Jacobus de Voragine: Legenda aurea. 261.
          <lb/>Bernardinus de Bustis: Mariale. 72.
          <lb/>1497.
          <lb/>Bernardus Clarav.: Sermones super cantica can¬
          <lb/>Gilbertus de Hoglandia: Sermones super cantica
          <lb/>ticorum. 78.
          <lb/>1497.
          <lb/>canticorum 188.
          <lb/>1497.
          <lb/>Paludanus: Sermones thesauri novi de tempore.
          <lb/>366.
          <lb/>1497. 13. 11.
          <lb/>Paludanus: Sermones thesauri novi de sanctis.
          <lb/>359.
          <lb/>1498. 15. 3.
          <lb/>Angelus de Clavasio: Summa angelica. 29.
          <lb/>1498. 10. 7.
          <lb/>Albertus Magnus: Paradisus animae. 13.
          <lb/>1498. 15. 8.
          <lb/>1499.
          <lb/>Bernardinus de Bustis: Mariale. 73.
          <lb/>1499.
          <lb/>Antoninus Florentinus: Confessionale. 37.
          <lb/>Guido de Monte Rotherii: Manipulus curatorum.
          <lb/>206.
          <lb/>1499. 28. 8.
          <lb/>Herolt Joh.: Sermones discipuli, 230.
          <lb/>1500. 18.
          <lb/>Guilelmus Parisiensis: Postilla. 213.
          <lb/>1500. 27. 8.
          <lb/>1500. 20. 9.
          <lb/>Wimpheling: Adolescentia. 488.
          <lb/>Johannes de Gratia Dei: De confutatione hebrai¬
          <lb/>cae sectae. 262.
          <lb/>s. d.
          <lb/>s. d.
          <lb/>Henricus de Hassia: De arte praedicandi. 218.
          <lb/>Marsilius ab Inghen: Quaestiones super quatuor
          <lb/>libros sententiarum. 301.
          <lb/>GRUNINGER Jean
          <lb/>1483.
          <lb/>Ludolphus de Saxonia: Meditationes vitae Jesu
          <lb/>Christi. 291.
          <lb/>1483. 28.8.
          <lb/>Petrus Comestor: Historia scholastica. 385.
          <lb/>1484. 12. 2.
          <lb/>Conradus de Brundelsheim: Sermones de tempore.
          <lb/>139.
          <lb/>1484. 28. 3.
          <lb/>Jordanus de Quedlinbourg: Sermones de sanctis.
          <lb/>275.
          <lb/>1484. 13. 4.
          <lb/>Conradus de Brundelsheim: Sermones de sanctis.
          <lb/>140.
          <lb/>1484. 4. 9.
          <lb/>Gratianus: Decretum. 191.
          <lb/>1485. 2. 5.
          <lb/>Biblia germanica. 91.
          <lb/>[vers 1485/71.
          <lb/>Brack: Vocabularius rerum, 109.
          <lb/>1486.
          <lb/>Poncius: Rhetorica. 399.
          <lb/>1488. 15. 1.
          <lb/>Gesta Romanorum. 184.
          <lb/>1489.
          <lb/>Marchesinus Joh.: Mammotrectus. 299.
          <lb/>1489. 20. 3.
          <lb/>1489. 31. 3.
          <lb/>Breviarium Argentinense. 116.
          <lb/>Sermones exquisiti super epistolis. 433.
          <lb/>110
        </p>
      </div>
    </body>
  </text>
</TEI>
