<?xml version='1.0' encoding='UTF-8'?>
<?xml-model href="https://raw.githubusercontent.com/OpenITI/tei_openiti/master/tei_openiti.rng" type="application/xml" schematypens="http://relaxng.org/ns/structure/1.0"?>
<?xml-model href="https://raw.githubusercontent.com/OpenITI/tei_openiti/master/tei_openiti.rng" type="application/xml" schematypens="http://purl.oclc.org/dsdl/schematron"?>
<TEI xmlns="http://www.tei-c.org/ns/1.0">
  <teiHeader>
    <fileDesc>
      <titleStmt>
        <title/>
      </titleStmt>
      <publicationStmt>
        <p/>
      </publicationStmt>
      <sourceDesc>
        <p/>
      </sourceDesc>
    </fileDesc>
    <profileDesc>
      <calendarDesc>
        <calendar xml:id="ah">
          <p>Anno Hegirae</p>
        </calendar>
      </calendarDesc>
    </profileDesc>
    <xenoData xml:space="preserve">
CREATED: 2024-04-10T14:46:37.740393+00:00
CREATED BY: eScriptorium vpassthistobuildcmd
IMAGE FILENAME: A121078-1 Catalogue des incunables de la Bnu086.tif
IMAGE WIDTH: 2394
IMAGE HEIGHT: 3848
</xenoData>
  </teiHeader>
  <text>
    <body>
      <div>
        <p>
          <lb/>Reichlin 1423, Madsen 2196.
          <lb/>K 2130. Prov, inconnue. Le commencement manque. Rel. anc.
          <lb/>259
          <lb/>JACOBUS DE VORAGINE: Legenda aurea. Historia Lombar¬
          <lb/>dica. (Strasbourg, impr. du Jordanus (— G. Husner)),
          <lb/>9 août 1492, in-fol.
          <lb/>Copinger III, 6458, Proctor 624, Voulliéme: Berlin 2446, 5.
          <lb/>K 2127. Prov.; Baer e Co., Francfort-s.-M., 10. XI. 1910, 48 M.
          <lb/>Notes mss.
          <lb/>260
          <lb/>JACOBUS DE VORAGINE: Legenda aurea. Historia Lombar¬
          <lb/>dica. Strasbourg, (imprimeur du Jordanus (— G. Hus¬
          <lb/>ner)), 12 mai 1496, in-4°.
          <lb/>Proctor 630, Pellechet: Colmar 1358, Voulliéme: Berlin 2463,
          <lb/>Walter: Sélestat 511.
          <lb/>K 2129. Prov.; Bibliothèque W. Menzel, 19. IIl. 1874. 261
          <lb/>JANUA JOHANNES. Voir: Balbus Johannes.
          <lb/>JOHANNES XXI. PAPA. Voir: Petrus Hispanus.
          <lb/>JOHANNES BALBUS DE JANUA. Voir: Balbus Johannes.
          <lb/>JOHANNES BAPTISTA DE GRATIA DEL: De confutatione hebrai¬
          <lb/>cae sectae. Strasbourg, Mart. Flach, 20 sept., 1500,
          <lb/>in-4°
          <lb/>Hain 7879, Madsen 1753, Pellechet 5304, Pellechet: Colmar 668,
          <lb/>Proctor 719, Voulliéme: Berlin 2511.
          <lb/>K 1769. Prov.; Fürst, Strasbourg, 7. Il. 1879, 15 M. Au haut
          <lb/>du titre: «Johann Reichard 1666», au bas; «A. Fürst, Jud.
          <lb/>Conversus 18682,
          <lb/>2e ex.: K 879, 2, Prov.: BN Munich, 16. XII. 1879, 2 M. 50. A la
          <lb/>suite de Bonaventura, Vita Christi, K 879. Rel. anc. 262
          <lb/>JOHANNES DE CAPUA: Directorium humanae vitae. (Stras¬
          <lb/>bourg, J. Prüss, vers 1484/5), in-fol. Le dernier f.
          <lb/>manque.
          <lb/>Hain 4411, Madsen 2240, Proctor 558, Schreiber 3489, Voul¬
          <lb/>liéme: Berlin 2381.
          <lb/>K 1053. Prov.: Bibliothèque du prof. Baum, 1879. Notes mss.
          <lb/>263
          <lb/>56
        </p>
      </div>
    </body>
  </text>
</TEI>
