<?xml version='1.0' encoding='UTF-8'?>
<?xml-model href="https://raw.githubusercontent.com/OpenITI/tei_openiti/master/tei_openiti.rng" type="application/xml" schematypens="http://relaxng.org/ns/structure/1.0"?>
<?xml-model href="https://raw.githubusercontent.com/OpenITI/tei_openiti/master/tei_openiti.rng" type="application/xml" schematypens="http://purl.oclc.org/dsdl/schematron"?>
<TEI xmlns="http://www.tei-c.org/ns/1.0">
  <teiHeader>
    <fileDesc>
      <titleStmt>
        <title/>
      </titleStmt>
      <publicationStmt>
        <p/>
      </publicationStmt>
      <sourceDesc>
        <p/>
      </sourceDesc>
    </fileDesc>
    <profileDesc>
      <calendarDesc>
        <calendar xml:id="ah">
          <p>Anno Hegirae</p>
        </calendar>
      </calendarDesc>
    </profileDesc>
    <xenoData xml:space="preserve">
CREATED: 2024-04-10T14:46:38.240685+00:00
CREATED BY: eScriptorium vpassthistobuildcmd
IMAGE FILENAME: A121078-1 Catalogue des incunables de la Bnu109.tif
IMAGE WIDTH: 2398
IMAGE HEIGHT: 3850
</xenoData>
  </teiHeader>
  <text>
    <body>
      <div>
        <p>
          <lb/>PELBARTUS DE THEMESWAR: Sermones Pomerii. Haguenau,
          <lb/>H. Gran, 22 février 1500, in-fol.
          <lb/>Hain 12.552. Pellechet: Colmar 1069. Voulliéme: Berlin 1183.
          <lb/>K 2840. Prov.: Don de la ville de Heilbronn, 1871. A l&amp;#x27;inté¬
          <lb/>rieur du 1er plat: Liber Jacobi Gartlibij dicti Walsponus
          <lb/>emptus 1 flor. Ex legatione praedicti. Au-dessous, exlibris,
          <lb/>avec la devise: «Patientia est malorum remedium». Rel. anc.
          <lb/>374
          <lb/>PELBARTUS DE THEMESWAR: Pars aestivalis sermonum Pome¬
          <lb/>rii. Haguenau, H. Gran, 20 février 1499, in-4°.
          <lb/>Hain 12555, Proctor 3197, Voulliéme: Berlin 1181,10.
          <lb/>K 2842a. Prov.: Don du prince de Bentheim, 1874, prove¬
          <lb/>nant du couvent de Frenswegen. Rel. anc.
          <lb/>375
          <lb/>PELBARTUS DE THEMESWAR: Sermones Quadragesimales
          <lb/>Pomerii. Haguenau, H. Gran, 10 nov. 1499, in-4°.
          <lb/>Hain 12559, Proctor 3202, Voullième: Berlin 1182, 7.
          <lb/>K 2844a. Prov.; Librairie Trübner, Strasbourg, 9/XI. 1883,
          <lb/>6 M.
          <lb/>376
          <lb/>PELBARTUS DE THEMESWAR: Sermones Quadragesimales
          <lb/>Pommerii. Haguenau, H. Gran, 10 juillet 1500, in-fol.
          <lb/>Hain 12560, Voulliéme: Berlin 1186.
          <lb/>K 2845. Prov.: Don de la ville de Heilbronn, 1871.
          <lb/>A la suite de Pelbartus, Sermones de tempore. Haguenau,
          <lb/>1500. K 2840. Rel. anc.
          <lb/>377
          <lb/>PELBARTUS DE THEMESWAR: Stellarium coronae beatae
          <lb/>Mariae virginis. Haguenau, H. Gran, 2 mai 1498, in-fol.
          <lb/>Hain 12563, Madsen 3077, Proctor 3194, Voulliéme: Berlin
          <lb/>1181.
          <lb/>K 2846. Prov.: Librairie Trübner, Strasbourg, 28/III. 1890,
          <lb/>6 M. Au-dessus du titre: Monasterij s. Georgij», au-dessous:
          <lb/>«F. Georgius Abbas 1654.»
          <lb/>378
          <lb/>PETRARCA: Historia Griseldis. (en allemand). (Strasbourg,
          <lb/>H. Knoblochtzer), 1478, in-fol.
          <lb/>Hain 12819, Madsen 3127, Schorbach et Spirgatis N° 8,
          <lb/>Schreiber 4915. Voulliéme: Berlin 2209.
          <lb/>Schramm, Bilderschmuck XIX, grav. N° 55-64.
          <lb/>K 2872. Prov.; Librairie Trübner Strasbourg, 27/IX. 1887,
          <lb/>700 M.
          <lb/>379
          <lb/>79
        </p>
      </div>
    </body>
  </text>
</TEI>
