<?xml version='1.0' encoding='UTF-8'?>
<?xml-model href="https://raw.githubusercontent.com/OpenITI/tei_openiti/master/tei_openiti.rng" type="application/xml" schematypens="http://relaxng.org/ns/structure/1.0"?>
<?xml-model href="https://raw.githubusercontent.com/OpenITI/tei_openiti/master/tei_openiti.rng" type="application/xml" schematypens="http://purl.oclc.org/dsdl/schematron"?>
<TEI xmlns="http://www.tei-c.org/ns/1.0">
  <teiHeader>
    <fileDesc>
      <titleStmt>
        <title/>
      </titleStmt>
      <publicationStmt>
        <p/>
      </publicationStmt>
      <sourceDesc>
        <p/>
      </sourceDesc>
    </fileDesc>
    <profileDesc>
      <calendarDesc>
        <calendar xml:id="ah">
          <p>Anno Hegirae</p>
        </calendar>
      </calendarDesc>
    </profileDesc>
    <xenoData xml:space="preserve">
CREATED: 2024-04-10T14:46:36.746927+00:00
CREATED BY: eScriptorium vpassthistobuildcmd
IMAGE FILENAME: A121078-1 Catalogue des incunables de la Bnu025.tif
IMAGE WIDTH: 2384
IMAGE HEIGHT: 3842
</xenoData>
  </teiHeader>
  <text>
    <body>
      <div>
        <p>
          <lb/>1500), 20 grav. (Schramm N° 2176- 2191), Tondalus en alle¬
          <lb/>mand (1500), 22 grav. (Schramm N° 2174 et 2192 2210).
          <lb/>THOMAS ANSHELM (1488)
          <lb/>est originaire de Baden-Baden. Il est immatriculé à l’Uni¬
          <lb/>versité de Bâle en 1485 comme Thomas Anshelmi de «Baden
          <lb/>Spirensis diocesis (Baden-Baden). Trois années plus tard
          <lb/>nous le rencontrons à Strasbourg, où il imprime le 10 jan¬
          <lb/>vier 1488 le Plenarium en allemand avec des gravures fort
          <lb/>remarquables. (Voir Kristeller, die Strassburger Buchillu¬
          <lb/>stration, Leipzig 1888, p. 24 et suiv.; Schramm, vol, XX
          <lb/>N° 1697-1752.)
          <lb/>Le Plenarium est la seule impression Strasbourgeoise
          <lb/>qu’on connaît de Thomas Anshelm. De 1500 à 1511, il est
          <lb/>établi à Pfortzheim, de 1511 à 1516 à Tubingue où il déploya
          <lb/>une grande activité. En 1516 il arriva à Haguenau, où il
          <lb/>imprime jusque vers 1524 environ 250 ouvrages, enrichis
          <lb/>en grande partie de magnifiques gravures, dont beaucoup
          <lb/>sont signées par des artistes éminents tels que Hans Baldung
          <lb/>Grien et Jean Scheuffelin. Il meurt en 1523 ou 1524*).
          <lb/>HENRI GRAN (1489, 1523)
          <lb/>Il fut le premier et l’unique imprimeur qui imprimât
          <lb/>à Haguenau au cours du quinzième siècle. Il est probable¬
          <lb/>ment né à Haguenau même, dans la première moitié du
          <lb/>quinzième siècle **). D’après les Annales manuscrites des
          <lb/>Récollets de Haguenau, Gran aurait fondé son établissement
          <lb/>en 1469, ce qui paraît fort invraisemblable vu qu’on ne
          <lb/>connaît aucun ouvrage imprimé par lui avant 1489. La ville
          <lb/>de Haguenau lui avait accordé l’année auparavant le pri¬
          <lb/>vilège d’imprimer tous les livres qui lui paraîtraient conve¬
          <lb/>*) Sur Thomas Anshelm, voir: Hanauer, Les imprimeurs de
          <lb/>Haguenau, Strasbourg 1904, in-8°, p. 42-63.
          <lb/>**) Sur Gran, voir: A. Hanauer, ibidem, p. 7-41.
          <lb/>XXV
        </p>
      </div>
    </body>
  </text>
</TEI>
