<?xml version='1.0' encoding='UTF-8'?>
<?xml-model href="https://raw.githubusercontent.com/OpenITI/tei_openiti/master/tei_openiti.rng" type="application/xml" schematypens="http://relaxng.org/ns/structure/1.0"?>
<?xml-model href="https://raw.githubusercontent.com/OpenITI/tei_openiti/master/tei_openiti.rng" type="application/xml" schematypens="http://purl.oclc.org/dsdl/schematron"?>
<TEI xmlns="http://www.tei-c.org/ns/1.0">
  <teiHeader>
    <fileDesc>
      <titleStmt>
        <title/>
      </titleStmt>
      <publicationStmt>
        <p/>
      </publicationStmt>
      <sourceDesc>
        <p/>
      </sourceDesc>
    </fileDesc>
    <profileDesc>
      <calendarDesc>
        <calendar xml:id="ah">
          <p>Anno Hegirae</p>
        </calendar>
      </calendarDesc>
    </profileDesc>
    <xenoData xml:space="preserve">
CREATED: 2024-04-10T14:46:39.558366+00:00
CREATED BY: eScriptorium vpassthistobuildcmd
IMAGE FILENAME: A121078-1 Catalogue des incunables de la Bnu159.tif
IMAGE WIDTH: 2452
IMAGE HEIGHT: 3856
</xenoData>
  </teiHeader>
  <text>
    <body>
      <div>
        <p>
          <lb/>Vienne (Autriche) 125, 155, 170,
          <lb/>26, 35, 38, 39, 44, 47, 51, 55,
          <lb/>196, 201, 348, 351, 400, 402,
          <lb/>56, 58, 69, 73, 78, 97, 103, 105,
          <lb/>458..
          <lb/>108, 112, 125, 133, 135, 141,
          <lb/>Vilakiri (?) Joh. 455.
          <lb/>147, 163, 164, 178, 183, 189,
          <lb/>Villingen 422.
          <lb/>192, 217, 231, 232, 244, 261.
          <lb/>Vitriarius Joh. 447.
          <lb/>274, 297, 299, 307, 309, 316,
          <lb/>Voigt Henr, 66.
          <lb/>332, 346, 386, 390, 391, 417,
          <lb/>Völcker K. Th. 179, 224.
          <lb/>426, 439, 444, 447, 451, 453,
          <lb/>Voulliéme: Berlin 1, 3, 5-9, 11-13,
          <lb/>459, 465, 469, 474-476, 478,
          <lb/>15, 20-41, 43-44a, 46-56, 58-76,
          <lb/>479, 488-491, 493, 494.
          <lb/>78-83, 85-94, 96-115,
          <lb/>117,
          <lb/>Wattwiller 238.
          <lb/>119-126,
          <lb/>128-149, 152, 154,
          <lb/>Weigel Oswald 169, 241.
          <lb/>156-167.
          <lb/>169. 172, 174-182,
          <lb/>Weissenau 356.
          <lb/>184-187,
          <lb/>189-191.
          <lb/>194-200,
          <lb/>Weller 19.
          <lb/>202-212,
          <lb/>214-217,
          <lb/>219-222,
          <lb/>Wentz Math, 363.
          <lb/>224-225,
          <lb/>227, 228, 230-235,
          <lb/>Wessofontan 16.
          <lb/>238-239,
          <lb/>241-246.
          <lb/>248-252.
          <lb/>Weyssenhorn Alexandre 118.
          <lb/>254-258.
          <lb/>260-265, 270, 271,
          <lb/>Wharton Henr. 373.
          <lb/>273-276, 278-284, 286, 289-293,
          <lb/>Wimpheling 426. (Voir aussi aux
          <lb/>295-300, 302-305, 308-312, 314,
          <lb/>noms d’auteurs)
          <lb/>316-319.
          <lb/>321-324.
          <lb/>326-332,
          <lb/>Windprecht 6, 49, 81, 327.
          <lb/>334-362,
          <lb/>364, 367. 370-379,
          <lb/>Winkelmaier 30.
          <lb/>381-389, 391, 393, 395, 398-401,
          <lb/>Witte 96, 276, 329, 486.
          <lb/>404-408, 410-421, 424-426, 429,
          <lb/>Wittemberg 395.
          <lb/>433-437.
          <lb/>439-445.
          <lb/>447-449,
          <lb/>Würtz 360, 447.
          <lb/>451-469. 471-482,
          <lb/>485, 487,
          <lb/>Wurtzbourg (Herbipolis) 439.
          <lb/>488-491, 493-495.
          <lb/>Voulliéme: Bonn 496.
          <lb/>Zainer (Ulm) 394.
          <lb/>Ziegler Séb. 310.
          <lb/>Walsponus 374.
          <lb/>Ziegler Wendelin 429.
          <lb/>Walter: Sélestat 1, 13, 20, 22,
          <lb/>Zimberlin (Vente) 200, 362.
          <lb/>128
        </p>
      </div>
    </body>
  </text>
</TEI>
