<?xml version='1.0' encoding='UTF-8'?>
<?xml-model href="https://raw.githubusercontent.com/OpenITI/tei_openiti/master/tei_openiti.rng" type="application/xml" schematypens="http://relaxng.org/ns/structure/1.0"?>
<?xml-model href="https://raw.githubusercontent.com/OpenITI/tei_openiti/master/tei_openiti.rng" type="application/xml" schematypens="http://purl.oclc.org/dsdl/schematron"?>
<TEI xmlns="http://www.tei-c.org/ns/1.0">
  <teiHeader>
    <fileDesc>
      <titleStmt>
        <title/>
      </titleStmt>
      <publicationStmt>
        <p/>
      </publicationStmt>
      <sourceDesc>
        <p/>
      </sourceDesc>
    </fileDesc>
    <profileDesc>
      <calendarDesc>
        <calendar xml:id="ah">
          <p>Anno Hegirae</p>
        </calendar>
      </calendarDesc>
    </profileDesc>
    <xenoData xml:space="preserve">
CREATED: 2024-04-10T14:46:37.570133+00:00
CREATED BY: eScriptorium vpassthistobuildcmd
IMAGE FILENAME: A121078-1 Catalogue des incunables de la Bnu085.tif
IMAGE WIDTH: 2394
IMAGE HEIGHT: 3848
</xenoData>
  </teiHeader>
  <text>
    <body>
      <div>
        <p>
          <lb/>Copinger 6430, Madsen 2183, Proctor 586, Voulliéme: Berlin
          <lb/>2399, Pellechet: Colmar 1351.
          <lb/>K 2120a. Prov.; Baer et Cie, Francfort-s.-M., 29. V. 1885,
          <lb/>11 M. 25. Notes mss. au recto et au verso du f. du titre, avec
          <lb/>la date 1565. Rel. anc.
          <lb/>254
          <lb/>JAÇOBUS DE VORAGINE: Legenda aurea. Historia Lombar¬
          <lb/>dica. Strasbourg, (imprimeur du Jordanus (— G. Hus¬
          <lb/>ner)), 17 décembre 1485, in-fol.
          <lb/>Proctor 600, Voullième: Berlin 2408.
          <lb/>K 2121. Prov.; Don de la ville de Marktbreit, 25. VII. 1881.
          <lb/>255
          <lb/>JAÇOBUS DE VORAGINE: Legenda aurea. Historia Lombar¬
          <lb/>dica. Strasbourg, (impr. du Jordanus (— G. Husner)),
          <lb/>18 décembre 1486, in-fol.
          <lb/>Copinger 644, Madsen 2186, Proctor 608, Voulliéme: Berlin
          <lb/>2414, 5.
          <lb/>K 2123. Prov.: Fid. Butsch fils, Augsbourg, 1872. Rel. anc. 256
          <lb/>JACOBUS DE VORAGINE: Legenda aurea. Historia Lombar¬
          <lb/>dica. Strasbourg, (imprimeur du Jordanus (— G. Hus¬
          <lb/>ner), 23 févr.), 1489, in-fol.
          <lb/>Copinger III. 6452, Pellechet: Colmar 1354, Proctor 618, Voul¬
          <lb/>liéme: Berlin 2425.
          <lb/>K 2125. Prov.; B N Munich, 22. I. 1880, M. 0,50. Rel. anc. A la
          <lb/>suite de Johannes Gallensis, Communiloquium, 1489, K 2191.
          <lb/>257
          <lb/>JACOBUS DE VORAGINE: Legenda aurea. Historia Lombar¬
          <lb/>dica. Strasbourg, Timprim. du Jordanus, (— G. Hus¬
          <lb/>ner)), 16 août 1490, in-fol.
          <lb/>Copinger 6454, Reichling III. S. 214, Madsen 2191, Proctor 622,
          <lb/>Voulliéme: Berlin 2437, 5.
          <lb/>K 2126. Prov.: Don de la ville de Schweinfurt, 1872. Notes
          <lb/>mss. au commencement et à la fin. A l’intérieur du 1er plat:
          <lb/>Jacobus Bambergensis Canonicus et custos legatus... 1536. Au¬
          <lb/>dessous du titre: «Ex Bibliotheca M. Her: Hen: Frey.» Rel, anc.
          <lb/>258
          <lb/>JACOBUS DE VORAGINE: Legenda aurea. Historia Lombar¬
          <lb/>dica. (Haguenau, H. Gran), 1497, in-4°.
          <lb/>55
        </p>
      </div>
    </body>
  </text>
</TEI>
