<?xml version='1.0' encoding='UTF-8'?>
<?xml-model href="https://raw.githubusercontent.com/OpenITI/tei_openiti/master/tei_openiti.rng" type="application/xml" schematypens="http://relaxng.org/ns/structure/1.0"?>
<?xml-model href="https://raw.githubusercontent.com/OpenITI/tei_openiti/master/tei_openiti.rng" type="application/xml" schematypens="http://purl.oclc.org/dsdl/schematron"?>
<TEI xmlns="http://www.tei-c.org/ns/1.0">
  <teiHeader>
    <fileDesc>
      <titleStmt>
        <title/>
      </titleStmt>
      <publicationStmt>
        <p/>
      </publicationStmt>
      <sourceDesc>
        <p/>
      </sourceDesc>
    </fileDesc>
    <profileDesc>
      <calendarDesc>
        <calendar xml:id="ah">
          <p>Anno Hegirae</p>
        </calendar>
      </calendarDesc>
    </profileDesc>
    <xenoData xml:space="preserve">
CREATED: 2024-04-10T14:46:37.920351+00:00
CREATED BY: eScriptorium vpassthistobuildcmd
IMAGE FILENAME: A121078-1 Catalogue des incunables de la Bnu098.tif
IMAGE WIDTH: 2392
IMAGE HEIGHT: 3842
</xenoData>
  </teiHeader>
  <text>
    <body>
      <div>
        <p>
          <lb/>MICHAEL DE HUNGARIA: Sermones dominicales. (Biga salu¬
          <lb/>tis). Haguenau, H. Gran, 28 sept. 1499, in-4°.
          <lb/>Hain 9053, Proctor 3200, Voulliéme: Berlin 1182, 2.
          <lb/>K 2337. Prov.: Don du prince de Bentheim, 1874, provenant
          <lb/>du couvent de Frenswegen. Au haut du titre: «Liber Nemoris
          <lb/>Beatae Mariae Virginis Ordinis Canonicorum Regularium
          <lb/>prope Northorn.» Rel. anc.
          <lb/>319
          <lb/>MICHAEL DE HUNGARIA: Sermones praedicabiles. Strasbourg,
          <lb/>imprimeur du Jordanus (—G. Husner)), 24 mars
          <lb/>1487, in-4°.
          <lb/>Hain 9046, Proctor 610.
          <lb/>K 2589a. Prov.: F. Butsch, Augsbourg, 26. x 1885, 6 M. Au¬
          <lb/>dessous du titre: Ad P.P. Franciscanos... (illisible).
          <lb/>320
          <lb/>MICHAEL DE HUNGARIA: Sermones praedicabiles. Strasbourg,
          <lb/>imprimeur du Jordanus (— G. Husner)), 1490, in-4°.
          <lb/>Hain 9047, Madsen 2742, Pellechet: Colmar 807, Proctor 623,
          <lb/>Voulliéme: Berlin 2438.
          <lb/>K 2589 b. Prov.; Bibliothèque Ch. Schmidt, Strasbourg,
          <lb/>10. IV. 1895, avec son exlibris. Notes mss.
          <lb/>321
          <lb/>MICHAEL DE HUNGARIA: Sermones praedicabiles. Strasbourg,
          <lb/>impr. des Casus breves decretalium (— G. Husner),
          <lb/>1494, in-4°.
          <lb/>Hain 9049, Proctor 738, Voulliéme: Berlin 2522.
          <lb/>K 2589c. Prov.: Caspar Haugg, Augsbourg, 17. XII. 1891, 6 M.
          <lb/>Au-dessus et au-dessous du titre: «Henry Rhot.». Notes mss.
          <lb/>322
          <lb/>MICHAEL DE HUNGARIA: Sermones de sanctis. (Biga salutis.)
          <lb/>Haguenau, H. Gran, 27 juillet 1497, in-4°.
          <lb/>Hain 9054, Pellechet: Colmar 808, Proctor 3188, Voulliéme:
          <lb/>Berlin 1176.
          <lb/>K 2338. Prov.: Don de la ville de Heilbronn, 1871. Rel. anc.
          <lb/>323
          <lb/>MICHAEL DE HUNGARIA: Sermones de sanctis. (Biga salutis.)
          <lb/>Haguenau, H. Gran, 14 juillet 1499, in-4°.
          <lb/>Hain 9055, Proctor 3199, Voulliéme: Berlin 1182, 1.
          <lb/>K 2339. Prov.: Don du prince de Bentheim, 1874, provenant
          <lb/>du couvent de Frenswegen. f. du titre manque. Rel. anc.
          <lb/>324
          <lb/>68
        </p>
      </div>
    </body>
  </text>
</TEI>
