<?xml version='1.0' encoding='UTF-8'?>
<?xml-model href="https://raw.githubusercontent.com/OpenITI/tei_openiti/master/tei_openiti.rng" type="application/xml" schematypens="http://relaxng.org/ns/structure/1.0"?>
<?xml-model href="https://raw.githubusercontent.com/OpenITI/tei_openiti/master/tei_openiti.rng" type="application/xml" schematypens="http://purl.oclc.org/dsdl/schematron"?>
<TEI xmlns="http://www.tei-c.org/ns/1.0">
  <teiHeader>
    <fileDesc>
      <titleStmt>
        <title/>
      </titleStmt>
      <publicationStmt>
        <p/>
      </publicationStmt>
      <sourceDesc>
        <p/>
      </sourceDesc>
    </fileDesc>
    <profileDesc>
      <calendarDesc>
        <calendar xml:id="ah">
          <p>Anno Hegirae</p>
        </calendar>
      </calendarDesc>
    </profileDesc>
    <xenoData xml:space="preserve">
CREATED: 2024-04-10T14:46:39.371805+00:00
CREATED BY: eScriptorium vpassthistobuildcmd
IMAGE FILENAME: A121078-1 Catalogue des incunables de la Bnu150.tif
IMAGE WIDTH: 2448
IMAGE HEIGHT: 3858
</xenoData>
  </teiHeader>
  <text>
    <body>
      <div>
        <p>
          <lb/>1492.
          <lb/>Bernardus (Pseudo!: Meditationes de interiori
          <lb/>homine. 77
          <lb/>[vers 1500).
          <lb/>Melber Joh.: Vocabularius praedicantium. 313.
          <lb/>s. d.
          <lb/>Guido de Monte Rotherii: Manipulus curatorum.
          <lb/>200
          <lb/>Petrarca: De remediis utriusque fortunae. 380.
          <lb/>4.
          <lb/>d.
          <lb/>Pharetra fidei contra Judaeos. 394.
          <lb/>s. d.
          <lb/>–—
          <lb/>Scotus Mich.: Liber physionomiae, 428.
          <lb/>120
        </p>
      </div>
    </body>
  </text>
</TEI>
