<?xml version='1.0' encoding='UTF-8'?>
<?xml-model href="https://raw.githubusercontent.com/OpenITI/tei_openiti/master/tei_openiti.rng" type="application/xml" schematypens="http://relaxng.org/ns/structure/1.0"?>
<?xml-model href="https://raw.githubusercontent.com/OpenITI/tei_openiti/master/tei_openiti.rng" type="application/xml" schematypens="http://purl.oclc.org/dsdl/schematron"?>
<TEI xmlns="http://www.tei-c.org/ns/1.0">
  <teiHeader>
    <fileDesc>
      <titleStmt>
        <title/>
      </titleStmt>
      <publicationStmt>
        <p/>
      </publicationStmt>
      <sourceDesc>
        <p/>
      </sourceDesc>
    </fileDesc>
    <profileDesc>
      <calendarDesc>
        <calendar xml:id="ah">
          <p>Anno Hegirae</p>
        </calendar>
      </calendarDesc>
    </profileDesc>
    <xenoData xml:space="preserve">
CREATED: 2024-04-10T14:46:37.800189+00:00
CREATED BY: eScriptorium vpassthistobuildcmd
IMAGE FILENAME: A121078-1 Catalogue des incunables de la Bnu090.tif
IMAGE WIDTH: 2392
IMAGE HEIGHT: 3840
</xenoData>
  </teiHeader>
  <text>
    <body>
      <div>
        <p>
          <lb/>Unser Exemplar ist vollständiger als die beiden anderen, die
          <lb/>uns noch erhalten sind. Das Londoner Exemplar hat nur
          <lb/>65, das Münchener nur 70 Zeilen. Unser Ex. umfasst mit
          <lb/>72 Zeilen die Angaben für 11 Monate. Vom Dezember sind noch
          <lb/>einige Worte lesbar. Es fehlen also nur noch wenige Zeilen.
          <lb/>Zeile 71 (Schluss des 11. Monats) lautet: Am sant-andres obent
          <lb/>ist der mon in der C vogen ist gut lossen.»
          <lb/>277
          <lb/>KLAGSPIEGEL, Richterlich. Voir: Brant Seb.
          <lb/>KÖNIGSTOCHTER VON FRANKREICH. Voir: Bühel Hans von.
          <lb/>LAPIDE JOHANNES DE: Resolutionum dubiorum circa cele¬
          <lb/>brationem missarum occurentium. Strasbourg, Mart.
          <lb/>Flach, 1494, in-4°.
          <lb/>Hain 9909, Proctor 699, Schmidt VI, 54, Voulliéme: Berlin
          <lb/>2497, 8.
          <lb/>K 2324. Prov.: Don de Fid. Butsch fils, Augsbourg, 1871. Notes
          <lb/>mss. au verso du dernier f. blanc.
          <lb/>278
          <lb/>LAETUS POMPONIUS. Voir: Pomponius.
          <lb/>LEBEN, das ist sant Pauls Leben. Strasbourg, (Barth. Kist-
          <lb/>ler), 1498, in 4°.
          <lb/>Hain 12474, Proctor 757, Schramm, Bilderschmuck XX, grav.
          <lb/>N° 1818-1835, Schreiber 4897, Voulliéme: Berlin 2548.
          <lb/>K 2353. Prov.: Librairie Trübner, Strasbourg, 25. IX. 1880,
          <lb/>50 M.
          <lb/>279
          <lb/>LEBEN der Heiligen. Voir: Passional et Jacobus de Voragine.
          <lb/>LEGENDA von sant Annan. (Strasbourg (Grüneck)), Barth.
          <lb/>Kistler, vers 1500, in-4°.
          <lb/>Copinger 3534, Kristeller 222, Schramm, Bilderschmuck XX,
          <lb/>grav. N° 2073-2075, Schreiber 3323, Schmidt IV, p. 7, N° 17,
          <lb/>Voulliéme: Berlin 2552.
          <lb/>L’année suivante (1501) Kister imprima le livre en latin:
          <lb/>Legenda de sancta Anna.
          <lb/>K 2356 (1). Prov.: Librairie Bull. (Vente Leser), Strasbourg,
          <lb/>9. H. 1872.
          <lb/>Note mss. à la fin: «Dis buch geheert zu sanct Margarethen
          <lb/>und Agnesen in Straszburg... Anno 1635 den 11 julij.»
          <lb/>280
          <lb/>60
        </p>
      </div>
    </body>
  </text>
</TEI>
