<?xml version='1.0' encoding='UTF-8'?>
<?xml-model href="https://raw.githubusercontent.com/OpenITI/tei_openiti/master/tei_openiti.rng" type="application/xml" schematypens="http://relaxng.org/ns/structure/1.0"?>
<?xml-model href="https://raw.githubusercontent.com/OpenITI/tei_openiti/master/tei_openiti.rng" type="application/xml" schematypens="http://purl.oclc.org/dsdl/schematron"?>
<TEI xmlns="http://www.tei-c.org/ns/1.0">
  <teiHeader>
    <fileDesc>
      <titleStmt>
        <title/>
      </titleStmt>
      <publicationStmt>
        <p/>
      </publicationStmt>
      <sourceDesc>
        <p/>
      </sourceDesc>
    </fileDesc>
    <profileDesc>
      <calendarDesc>
        <calendar xml:id="ah">
          <p>Anno Hegirae</p>
        </calendar>
      </calendarDesc>
    </profileDesc>
    <xenoData xml:space="preserve">
CREATED: 2024-04-10T14:46:39.460003+00:00
CREATED BY: eScriptorium vpassthistobuildcmd
IMAGE FILENAME: A121078-1 Catalogue des incunables de la Bnu155.tif
IMAGE WIDTH: 2446
IMAGE HEIGHT: 3844
</xenoData>
  </teiHeader>
  <text>
    <body>
      <div>
        <p>
          <lb/>Munich 10, 46, 53, 100, 117, 163,
          <lb/>Lipowski 178.
          <lb/>277, 325, 365, 383, 404, 414,
          <lb/>Lippert 109, 399.
          <lb/>List 12a, 135, 347, 469.
          <lb/>462, 472, 476.
          <lb/>Londres 277, 354, 355. (Voir
          <lb/>Munich: Bibl. Nat. 3, 5, 12, 15,
          <lb/>aussi: Proctor: Londres.)
          <lb/>19, 25, 27, 29, 31, 32, 35-38,
          <lb/>42-44. 47, 52, 56, 58-63, 70,
          <lb/>Lörch Mich. 204.
          <lb/>Lorquin 397.
          <lb/>72, 75, 79, 80, 82, 84, 85, 93,
          <lb/>101, 103, 105, 107, 108, 128,
          <lb/>Lœscher 77.
          <lb/>Lucilius 429.
          <lb/>129, 133, 137, 138, 141, 144,
          <lb/>Madsen 5-7, 10-13, 20-23, 27-30,
          <lb/>153, 157, 158, 160, 161, 164 à
          <lb/>166, 168, 173, 176, 178, 181,
          <lb/>32-37, 39, 40, 43, 46, 47, 50-52,
          <lb/>184, 186, 187, 194, 199, 202-205,
          <lb/>54, 56, 58-61, 64, 66-70, 72,
          <lb/>207-210. 212. 215, 219-222,
          <lb/>75-83, 89-91, 94, 97, 102, 103,
          <lb/>106, 114, 115, 118, 119, 125,
          <lb/>226-228, 230, 231, 234, 240,
          <lb/>242. 243, 249, 257, 262, 265,
          <lb/>126, 131, 135, 136, 138, 141 à
          <lb/>143, 145, 147, 148, 154, 157,
          <lb/>281-283, 316, 341-343, 367.
          <lb/>160, 161, 163, 167, 176, 178,
          <lb/>368, 380, 384, 385, 387, 390,
          <lb/>395, 401, 408, 410, 432-435,
          <lb/>179, 181, 183-187, 190, 191, 193
          <lb/>à 195, 197, 199, 201, 202, 206,
          <lb/>446, 465, 476, 488.
          <lb/>211. 215, 216, 220, 233, 235,
          <lb/>Munster (Westph.) 386.
          <lb/>244, 246, 249, 251, 253, 254,
          <lb/>256, 258, 259, 262-265, 269,
          <lb/>Neofori (Neumarkt) 384.
          <lb/>270, 272, 275, 282-284, 286, 290,
          <lb/>Neuburg 140.
          <lb/>292, 293, 296-298, 302, 303,
          <lb/>Neumarkt 384.
          <lb/>305, 314. 316, 321, 327-329,
          <lb/>337, 339, 340, 342, 345-348, 350,
          <lb/>Neustadt a. M. 225.
          <lb/>New-York 477.
          <lb/>353, 354, 356, 358, 361, 362,
          <lb/>365, 367, 371, 378, 379, 381 à
          <lb/>Nibling Marc 409.
          <lb/>Niedernburg 204.
          <lb/>383. 385, 386, 395, 398-402,
          <lb/>405-407, 411, 414, 416, 417,
          <lb/>Nijhoff 134.
          <lb/>Noiriel (Libr. Strasbourg) 13,
          <lb/>419, 421, 423, 426, 429, 434,
          <lb/>16-18, 30, 33, 34, 64, 140, 148,
          <lb/>436, 440, 441, 445, 447-449,
          <lb/>382, 383.
          <lb/>453-456, 460, 463, 466-468, 472,
          <lb/>Nördlingen 9, 11, 145, 216, 295,
          <lb/>475, 480, 482, 487, 489, 490,
          <lb/>302, 317, 371, 411.
          <lb/>492-494, 496.
          <lb/>Northorn 180, 319.
          <lb/>Mager Melch. 340.
          <lb/>Nuremberg 180, 355.
          <lb/>Malersdorf 385.
          <lb/>Mann Theod. 477.
          <lb/>Marktbreit 175, 245, 255.
          <lb/>Oefely Andr. Fél. 476.
          <lb/>Martin Ernest 273, 449.
          <lb/>Olearius 48.
          <lb/>Maximilien (empereur) 284.
          <lb/>Oleire E. d’ 235.
          <lb/>Mehi 448.
          <lb/>Onsars Conr. 190.
          <lb/>Melchior (Frater) 415.
          <lb/>Ottendorfer Oswald 477.
          <lb/>Memmingen 98, 393.
          <lb/>Menke 97, 478.
          <lb/>Panzer 11, 54, 104, 150, 317, 371,
          <lb/>Menzel W. 253, 261.
          <lb/>391.
          <lb/>Merkel Rud. 423.
          <lb/>Paris 58, 119, 229, 314, 448.
          <lb/>Modelius Georgius Leonh. 417.
          <lb/>Parsival 495.
          <lb/>Mœg Joh. 310.
          <lb/>Passau 27, 157, 159, 204, 219.
          <lb/>Molitor Conr. 460.
          <lb/>Pelbartus Oswaldus 373.
          <lb/>Müller (Bibliothécaire Stras-
          <lb/>Pellechet 1, 3, 5-9, 11-15, 20, 21,
          <lb/>bourg) 237.
          <lb/>23-29, 32, 34-42, 44, 44a, 47-57,
          <lb/>Müller (Recteur Quedlinbourg)
          <lb/>59-69, 71-79, 81, 82, 84-94,
          <lb/>311.
          <lb/>96-99, 101-103, 105-109, 111,
          <lb/>Müller Théod. 456.
          <lb/>114, 116, 118, 121, 122, 125,
          <lb/>125
        </p>
      </div>
    </body>
  </text>
</TEI>
