<?xml version='1.0' encoding='UTF-8'?>
<?xml-model href="https://raw.githubusercontent.com/OpenITI/tei_openiti/master/tei_openiti.rng" type="application/xml" schematypens="http://relaxng.org/ns/structure/1.0"?>
<?xml-model href="https://raw.githubusercontent.com/OpenITI/tei_openiti/master/tei_openiti.rng" type="application/xml" schematypens="http://purl.oclc.org/dsdl/schematron"?>
<TEI xmlns="http://www.tei-c.org/ns/1.0">
  <teiHeader>
    <fileDesc>
      <titleStmt>
        <title/>
      </titleStmt>
      <publicationStmt>
        <p/>
      </publicationStmt>
      <sourceDesc>
        <p/>
      </sourceDesc>
    </fileDesc>
    <profileDesc>
      <calendarDesc>
        <calendar xml:id="ah">
          <p>Anno Hegirae</p>
        </calendar>
      </calendarDesc>
    </profileDesc>
    <xenoData xml:space="preserve">
CREATED: 2024-04-10T14:46:39.058019+00:00
CREATED BY: eScriptorium vpassthistobuildcmd
IMAGE FILENAME: A121078-1 Catalogue des incunables de la Bnu142.tif
IMAGE WIDTH: 2436
IMAGE HEIGHT: 3860
</xenoData>
  </teiHeader>
  <text>
    <body>
      <div>
        <p>
          <lb/>HUSNER Georges
          <lb/>Durandus: Rationale divinorum officiorum, 151.
          <lb/>[vers 147071.
          <lb/>Durandus: Speculum judiciale, 159.
          <lb/>1473. 22. 11.
          <lb/>(pas après 1474). Anselmus Cantuarensis: Cur deus homo. 32.
          <lb/>Augustinus S.: De conflictu vitiorum et virtutum.
          <lb/>[vers 1474].
          <lb/>53.
          <lb/>Boccaccio: De casibus virorum illustrium. 93.
          <lb/>[vers 1474/51.
          <lb/>Boccaccio: De claris mulieribus, 94.
          <lb/>[vers 1474/51.
          <lb/>Augustinus (Pseudo) : De XII. abusivis, 49.
          <lb/>[vers 1475).
          <lb/>Valla Laur.: De libero arbitrio. 474.
          <lb/>[vers 1475).
          <lb/>(avant le 25. 3.
          <lb/>Andreae: Speculum judiciale. 24.
          <lb/>14751.
          <lb/>Lpas après 1476). Aureoli: Compendium totius Bibliae, 61.
          <lb/>Nider Joh.; Praeceptorium divinae legis. 346.
          <lb/>1476. 13. 2.
          <lb/>Hugo Pratensis: Sermones de tempore, 242.
          <lb/>1476. 11. 6.
          <lb/>Durandus: Rationale divinorum officiorum. 152.
          <lb/>Ivers 14781.
          <lb/>1479.
          <lb/>Jacobus de Voragine: Legenda aurea, 253.
          <lb/>Durandus: Rationale divinorum officiorum. 153.
          <lb/>[avant 1481).
          <lb/>Caracciolus: De poenitentia, 122.
          <lb/>(vers 14791.
          <lb/>Boëthius: De disciplina scolarium. 100.
          <lb/>1495.
          <lb/>Reuchlin Joh.: Vocabularius breviloquus. 415.
          <lb/>1496. 30. 9.
          <lb/>Tractatus contra vitia. 460.
          <lb/>1498. 5. 12.
          <lb/>1499. 20-30. 8. Modus legendi abbreviaturas, 329.
          <lb/>1499, 24. 12.
          <lb/>Martinus Polonus: Margarita decreti. 304.
          <lb/>Melber Joh.: Vocabularius praedicantium. 314.
          <lb/>[vers 1500).
          <lb/>1500. 14, 3.
          <lb/>Eusebius: Historia ecclesiastica. 161.
          <lb/>Vocabularius utriusque juris. 486.
          <lb/>1500. 27. 5.
          <lb/>Barbatia: Consilium si Eugenius papa... 65.
          <lb/>s. d.
          <lb/>Herolt Joh.: De eruditione Christi fidelium. 219.
          <lb/>s. d.
          <lb/>s. d.
          <lb/>Herolt Joh.: Sermones super epistolas domini¬
          <lb/>cales. 221.
          <lb/>Hugo Pratensis: Sermones et epistolae. 239.
          <lb/>s. d.
          <lb/>Hugo Pratensis: Sermones de tempore. 242.
          <lb/>s. d.
          <lb/>Jacobus de Voragine: Legenda aurea. 252.
          <lb/>s. d.
          <lb/>Nicolaus de Lyra: Moralia super bibliam. 344.
          <lb/>s. d.
          <lb/>(Imprimeur du) JORDANUS DE QUEDLINBOURG (— G. HUSNER)
          <lb/>Jacobus de Voragine: Legenda aurea. 254.
          <lb/>1483.
          <lb/>Jordanus de Quedlinbourg: Sermones de tem¬
          <lb/>1483.
          <lb/>pore. 274.
          <lb/>Nider Joh.; Praeceptorium divinae legis. 347.
          <lb/>1483.
          <lb/>Bernardus Parmensis: Casus longi super decre¬
          <lb/>1484.
          <lb/>tales. 79.
          <lb/>Durandus: Rationale divinorum officiorum, 154.
          <lb/>1484.
          <lb/>Martinus Polonus: Sermones de tempore et de
          <lb/>1484.
          <lb/>sanctis. 305.
          <lb/>112
        </p>
      </div>
    </body>
  </text>
</TEI>
