<?xml version='1.0' encoding='UTF-8'?>
<?xml-model href="https://raw.githubusercontent.com/OpenITI/tei_openiti/master/tei_openiti.rng" type="application/xml" schematypens="http://relaxng.org/ns/structure/1.0"?>
<?xml-model href="https://raw.githubusercontent.com/OpenITI/tei_openiti/master/tei_openiti.rng" type="application/xml" schematypens="http://purl.oclc.org/dsdl/schematron"?>
<TEI xmlns="http://www.tei-c.org/ns/1.0">
  <teiHeader>
    <fileDesc>
      <titleStmt>
        <title/>
      </titleStmt>
      <publicationStmt>
        <p/>
      </publicationStmt>
      <sourceDesc>
        <p/>
      </sourceDesc>
    </fileDesc>
    <profileDesc>
      <calendarDesc>
        <calendar xml:id="ah">
          <p>Anno Hegirae</p>
        </calendar>
      </calendarDesc>
    </profileDesc>
    <xenoData xml:space="preserve">
CREATED: 2024-04-10T14:46:37.844138+00:00
CREATED BY: eScriptorium vpassthistobuildcmd
IMAGE FILENAME: A121078-1 Catalogue des incunables de la Bnu093.tif
IMAGE WIDTH: 2390
IMAGE HEIGHT: 3844
</xenoData>
  </teiHeader>
  <text>
    <body>
      <div>
        <p>
          <lb/>LUDOLPHUS DE SAXONIA: Meditationes vitae Jesu Christi.
          <lb/>(Strasbourg, J. Grüninger), 1483, in-fol.
          <lb/>Hain 10293, Pellechet: Colmar 908, Voulliéme: Berlin 2267.
          <lb/>K 2421. Prov.: K. Trübner, Strasbourg, 10. V. 1880, 18 M.
          <lb/>Rel. anc.
          <lb/>291
          <lb/>LYRA Nicolaus de. Voir: Nicolaus de Lyra.
          <lb/>MAGNI JACOBUS: Sophologium. (Strasbourg, imprimeur R
          <lb/>(— Ad. Rusch), s. d.), in-fol.
          <lb/>Hain 10471, Madsen 2578, Proctor 240, Pellechet: Colmar 937.
          <lb/>Voulliéme: Berlin 2120.
          <lb/>K 2471. Prov.: A. F. Butsch, Augsbourg, 6. II. 1883, 36 M. Au
          <lb/>bas du 1er f.: «Pertinet ad conventum Ingolstadiensem B. Mariae
          <lb/>Virg. or. S. Aug. Anno 1613.» Quelques notes mss. Rel. anc.
          <lb/>292
          <lb/>MAGNI JACOBUS: Sophologium. (Strasbourg, imprimeur R
          <lb/>(— Ad. Rusch), s. d.), in-fol.
          <lb/>Hain 10472, Madsen 2579, Proctor 241, Voulliéme: Berlin 2121.
          <lb/>K 2472. Prov.; Don de la Bibl. Univ. de Leipzig, 1871. Rel.
          <lb/>anc.
          <lb/>293
          <lb/>MAMMOTREGTUS. Voir: Marchesinus.
          <lb/>MANDEVILLE JOHANNES DE: Itinerarius (en allemand). Stras¬
          <lb/>bourg, J. Prüss, 1488, in-fol.
          <lb/>Hain 10650, Schmidt III, Schramm, Bilderschmuck XX, grav.
          <lb/>N° 1030-1184, 19, Schreiber 4803.
          <lb/>K 2490. Prov.; J. Hess, Ellwangen, 14. XI. 1887, 350 M.
          <lb/>Incomplet, 4 ff. manquent.
          <lb/>294
          <lb/>MANEKEN CAROLUS: Formulae epistolarum. (Strasbourg,
          <lb/>Mart. Schott, 28 juin), 1487, in-4°.
          <lb/>Hain 10670, Proctor 396, Voulliéme: Berlin 2231, 10.
          <lb/>K 2493. Prov.: Librairie Beck, Nördlingen, 29. I. 1878, 6 M. 50.
          <lb/>Notes mss. au f. du titre.
          <lb/>295
          <lb/>MARCHESINUS JOHANNES: Mammotrectus super Bibliam.
          <lb/>(Strasbourg, imprimeur des Vitas patrum, 1483), in-fol.
          <lb/>Hain 10553, Madsen 2651, Voulliéme: Berlin 2265.
          <lb/>K 2509. Prov.: Bibliothèque Reuss, Strasbourg, 28. IV. 1891,
          <lb/>avec son exlibris à l’intérieur du 1er plat. Au-dessous du titre:
          <lb/>63
        </p>
      </div>
    </body>
  </text>
</TEI>
