<?xml version='1.0' encoding='UTF-8'?>
<?xml-model href="https://raw.githubusercontent.com/OpenITI/tei_openiti/master/tei_openiti.rng" type="application/xml" schematypens="http://relaxng.org/ns/structure/1.0"?>
<?xml-model href="https://raw.githubusercontent.com/OpenITI/tei_openiti/master/tei_openiti.rng" type="application/xml" schematypens="http://purl.oclc.org/dsdl/schematron"?>
<TEI xmlns="http://www.tei-c.org/ns/1.0">
  <teiHeader>
    <fileDesc>
      <titleStmt>
        <title/>
      </titleStmt>
      <publicationStmt>
        <p/>
      </publicationStmt>
      <sourceDesc>
        <p/>
      </sourceDesc>
    </fileDesc>
    <profileDesc>
      <calendarDesc>
        <calendar xml:id="ah">
          <p>Anno Hegirae</p>
        </calendar>
      </calendarDesc>
    </profileDesc>
    <xenoData xml:space="preserve">
CREATED: 2024-04-10T14:46:39.536728+00:00
CREATED BY: eScriptorium vpassthistobuildcmd
IMAGE FILENAME: A121078-1 Catalogue des incunables de la Bnu158.tif
IMAGE WIDTH: 2452
IMAGE HEIGHT: 3854
</xenoData>
  </teiHeader>
  <text>
    <body>
      <div>
        <p>
          <lb/>TABLE DES NUMEROS DE HAIN
          <lb/>Hain — Ritter
          <lb/>Hain — Ritter
          <lb/>69
          <lb/>1.201 — 36
          <lb/>160 — 395
          <lb/>1.205 — 37
          <lb/>391
          <lb/>DOOC
          <lb/>1.248 — 38
          <lb/>394
          <lb/>1.249 — 39
          <lb/>435
          <lb/>1.356 — 450
          <lb/>442
          <lb/>—
          <lb/>1.385 — 453
          <lb/>452
          <lb/>–
          <lb/>12
          <lb/>2-3
          <lb/>1.454 — 451
          <lb/>461
          <lb/>1.512 — 452
          <lb/>463 —
          <lb/>12
          <lb/>1.649 — 217
          <lb/>467
          <lb/>1.762
          <lb/>–
          <lb/>41
          <lb/>481
          <lb/>A
          <lb/>12
          <lb/>RS
          <lb/>1.888 — 42
          <lb/>541
          <lb/>—
          <lb/>10
          <lb/>1.889 — 43
          <lb/>558
          <lb/>—
          <lb/>14
          <lb/>1.890 — 44
          <lb/>688 —
          <lb/>16
          <lb/>1.891 — 44a
          <lb/>714
          <lb/>1.948
          <lb/>–
          <lb/>47
          <lb/>732
          <lb/>—
          <lb/>28
          <lb/>(a
          <lb/>1.950 — 48
          <lb/>738
          <lb/>—
          <lb/>19
          <lb/>1.955 — 55
          <lb/>779
          <lb/>281
          <lb/>1.956 — 54
          <lb/>780
          <lb/>— 282
          <lb/>1.966 — 56
          <lb/>783
          <lb/>283
          <lb/>1.997= 58
          <lb/>841
          <lb/>– 382
          <lb/>1.998 — 59
          <lb/>848
          <lb/>– 383
          <lb/>2.030 — 52
          <lb/>872
          <lb/>—
          <lb/>20
          <lb/>2.034 — 60
          <lb/>1.050 — 22
          <lb/>2.056 = 51
          <lb/>1.056
          <lb/>—
          <lb/>23
          <lb/>2.076– 50
          <lb/>1.068 = 25
          <lb/>2.085 — 53
          <lb/>1.083 = 24
          <lb/>2.102 = 57
          <lb/>1.109 — 30
          <lb/>2.104 — 49
          <lb/>1.137 — 32
          <lb/>2.123 — 46
          <lb/>1.139 —
          <lb/>31
          <lb/>2.141 — 61
          <lb/>1.197 — 33
          <lb/>2.197 — 62
          <lb/>1.198– 34
          <lb/>2.251 — 63
          <lb/>1.200 — 35
          <lb/>2.270 — 64
          <lb/>Hain — Ritter
          <lb/>2.452 — 68
          <lb/>2.478— 130
          <lb/>2.506 — 66
          <lb/>2.509 — 67
          <lb/>2.676 — 68
          <lb/>2.713 — 68
          <lb/>70
          <lb/>2.793 —
          <lb/>7
          <lb/>2.795
          <lb/>2.835 —
          <lb/>75
          <lb/>2.859 — 78
          <lb/>–
          <lb/>76
          <lb/>2.870
          <lb/>7
          <lb/>2.884 —
          <lb/>78
          <lb/>2.932 —
          <lb/>2.935 — 80
          <lb/>2.936 — 81
          <lb/>2.938 — 82
          <lb/>3.034 — 86
          <lb/>3.035 — 85
          <lb/>3.037 — 84
          <lb/>3.095— 88
          <lb/>3.122 — 90
          <lb/>3.129 — 91
          <lb/>3.138 — 92
          <lb/>3.169 — 89
          <lb/>3.173 — 87
          <lb/>3.218 — 40
          <lb/>3.253 — 336
          <lb/>3.254 — 337
          <lb/>3.255 — 338
          <lb/>3.256 — 339
          <lb/>3.262 — 334
          <lb/>3.263 — 335
          <lb/>3.327 — 94
          <lb/>129
        </p>
      </div>
    </body>
  </text>
</TEI>
