<?xml version='1.0' encoding='UTF-8'?>
<?xml-model href="https://raw.githubusercontent.com/OpenITI/tei_openiti/master/tei_openiti.rng" type="application/xml" schematypens="http://relaxng.org/ns/structure/1.0"?>
<?xml-model href="https://raw.githubusercontent.com/OpenITI/tei_openiti/master/tei_openiti.rng" type="application/xml" schematypens="http://purl.oclc.org/dsdl/schematron"?>
<TEI xmlns="http://www.tei-c.org/ns/1.0">
  <teiHeader>
    <fileDesc>
      <titleStmt>
        <title/>
      </titleStmt>
      <publicationStmt>
        <p/>
      </publicationStmt>
      <sourceDesc>
        <p/>
      </sourceDesc>
    </fileDesc>
    <profileDesc>
      <calendarDesc>
        <calendar xml:id="ah">
          <p>Anno Hegirae</p>
        </calendar>
      </calendarDesc>
    </profileDesc>
    <xenoData xml:space="preserve">
CREATED: 2024-04-10T14:46:39.155943+00:00
CREATED BY: eScriptorium vpassthistobuildcmd
IMAGE FILENAME: A121078-1 Catalogue des incunables de la Bnu147.tif
IMAGE WIDTH: 2446
IMAGE HEIGHT: 3858
</xenoData>
  </teiHeader>
  <text>
    <body>
      <div>
        <p>
          <lb/>1487.
          <lb/>Fliscus: Varietates sententiarum. 172.
          <lb/>1487.
          <lb/>Rolewinck Werner: Fasciculus temporum. 416.
          <lb/>1487.
          <lb/>Vocabularius exquo. 483.
          <lb/>(pas après 1487). Augustinus (Pseudo): Sermones ad heremitas, 58.
          <lb/>1487. 23. 8.
          <lb/>Viola sanctorum. 480.
          <lb/>1487. 30. 10.
          <lb/>Bernardinus de Pientinis: Expositio officii mis¬
          <lb/>1488.
          <lb/>sae. 83.
          <lb/>Boccaccio: De claris mulieribus (en allemand).
          <lb/>95.
          <lb/>1488.
          <lb/>Mandeville J.: Itinerarius (en allemand). 294.
          <lb/>1488.
          <lb/>Melber Joh.: Vocabularius praedicantium. 312.
          <lb/>1488.
          <lb/>Regnierus: Casus longi Sexti et Clementinarum.
          <lb/>410.
          <lb/>1488.
          <lb/>Rolewinck Werner:: Fasciculus temporum. 417.
          <lb/>[vers 1488).
          <lb/>Vocabularius exquo. 484.
          <lb/>1488. 3. 7- 6. 9. Gerson: Opera, 179.
          <lb/>1488. 14. 11.
          <lb/>Anianus: Compotus manualis. 30.
          <lb/>1489.
          <lb/>Albertus Magnus: Compendium theologicae veri¬
          <lb/>tatis. 8.
          <lb/>1489.
          <lb/>1489.
          <lb/>Gerson: Opera. 180.
          <lb/>Praecordiale devotorum, 401.
          <lb/>1489.
          <lb/>Thomas a Kempis: De imitatione Christi, 457.
          <lb/>1490.
          <lb/>Herolt Joh.: De eruditione Christi fidelium. 220.
          <lb/>1490.
          <lb/>1490.
          <lb/>Johannes de Garlandia: Composita verborum. 266.
          <lb/>Praecordiale devotorum. 402.
          <lb/>1149021.
          <lb/>Registrum ecclesiae Argentinensis. 409.
          <lb/>[vers 149021.
          <lb/>Rolewinck Werner: Fasciculus temporum. 418.
          <lb/>1490. 3. 12.
          <lb/>Caracciolus: De peccatis. 123.
          <lb/>(après 14901.
          <lb/>Rolewinck Werner; Fasciculus temporum, 419.
          <lb/>1491. 6. 3.
          <lb/>Boëthius: De consolatione philosophiae. 97.
          <lb/>[vers 1492).
          <lb/>Innocentius VIII: Regulae cancellariae apostoli¬
          <lb/>cae. 248.
          <lb/>(14922 27. 101.
          <lb/>Rolewinck Werner: Cronica. 420.
          <lb/>1493.
          <lb/>Berberius; Viatorium utriusque juris. 70.
          <lb/>[après le 10. 3. Geissler: Rhetorik und Briefformular. 178.
          <lb/>14931.
          <lb/>1495.
          <lb/>Wimpheling: Carmen heroicum. 492.
          <lb/>[après le 10. 9. Brant: De monstruoso partu. 113.
          <lb/>1495).
          <lb/>[vers 14981.
          <lb/>Casus longi super institutis. 128.
          <lb/>11499. 8. 21.
          <lb/>Viola sanctorum. 481.
          <lb/>1499. 14. 3.
          <lb/>Synthen Joh.: Dicta super la et 2a parte Alexan¬
          <lb/>dri. 446.
          <lb/>[vers 1500)
          <lb/>Cassiodorus: Historia eccl. tripartita. 126.
          <lb/>s. d.
          <lb/>Brant: Richterlich Klagspiegel. 112.
          <lb/>s. d.
          <lb/>Casus longi super institutis, 127.
          <lb/>s. d.
          <lb/>Hemmerlin: Variae oblectationis opuscula. 215.
          <lb/>s. d.
          <lb/>Hemmerlin: De nobilitate et rusticitate. 216.
          <lb/>s. d.
          <lb/>Nicolaus Falcutius: Antidotarius. 344.
          <lb/>117
        </p>
      </div>
    </body>
  </text>
</TEI>
