<?xml version='1.0' encoding='UTF-8'?>
<?xml-model href="https://raw.githubusercontent.com/OpenITI/tei_openiti/master/tei_openiti.rng" type="application/xml" schematypens="http://relaxng.org/ns/structure/1.0"?>
<?xml-model href="https://raw.githubusercontent.com/OpenITI/tei_openiti/master/tei_openiti.rng" type="application/xml" schematypens="http://purl.oclc.org/dsdl/schematron"?>
<TEI xmlns="http://www.tei-c.org/ns/1.0">
  <teiHeader>
    <fileDesc>
      <titleStmt>
        <title/>
      </titleStmt>
      <publicationStmt>
        <p/>
      </publicationStmt>
      <sourceDesc>
        <p/>
      </sourceDesc>
    </fileDesc>
    <profileDesc>
      <calendarDesc>
        <calendar xml:id="ah">
          <p>Anno Hegirae</p>
        </calendar>
      </calendarDesc>
    </profileDesc>
    <xenoData xml:space="preserve">
CREATED: 2024-04-10T14:46:37.344252+00:00
CREATED BY: eScriptorium vpassthistobuildcmd
IMAGE FILENAME: A121078-1 Catalogue des incunables de la Bnu069.tif
IMAGE WIDTH: 2382
IMAGE HEIGHT: 3842
</xenoData>
  </teiHeader>
  <text>
    <body>
      <div>
        <p>
          <lb/>GEILER de Kaysersberg: Oratio habita in Synodo Argenti¬
          <lb/>nensi. (Strasbourg, H. Knoblochtzer vers 1482), in-fol.
          <lb/>Hain 9763, Proctor 382, Schorbach et Spirgatis N° 28.
          <lb/>K 1681. Prov.: M. Spirgatis, Leipzig, 21/x. 1891, 65 M. 177
          <lb/>GEISSLER Heinrich: Rhetorik und Briefformulari. Stras¬
          <lb/>bourg, J. Prüss, (après le 10 mars 1493), in-fol.
          <lb/>Hain 7516, Madsen 1729, Proctor 549, Voulliéme: Berlin 2374;
          <lb/>Walter: Sélestat 208; Schramm, Bilderschmuck XX, grav.
          <lb/>N° 1235.
          <lb/>K 1731a. Prov.; R N Munich, 14 /IV. 1880. Au bas du 1er f.:
          <lb/>«A. v. Lipowski, 17705 avec son exlibris à l’intérieur du
          <lb/>1er plat. Au-dessous de celui-ci, autre exlibris avec les mots:
          <lb/>«Franciscus Praepositus S. Salvatoris Pollingae. Anno 1744».
          <lb/>Rel. anc.
          <lb/>178
          <lb/>GERSON Johannes: Opera et tractatus. (Strasbourg, J.
          <lb/>Prüss), 3 juillet-6 sept, 1488, 4 vol., in-fol.
          <lb/>Hain 7622, Madsen 1698, Pellechet 5125, Pellechet: Colmar
          <lb/>649, Proctor 534, 535 et 536, Schramm, Bilderschmuck XX,
          <lb/>grav. N° 1232, Schreiber 4101, Voulliéme: Berlin 2353, 2354
          <lb/>et 2355. Le dernier volume: Argentinae, ex officina Martini
          <lb/>Flacci iunioris Mathie Schurer Selestatini opera. 1502.
          <lb/>K 1700. Prov.; K. Th. Völcker, Francfort s. M., 22/Il. 1883,
          <lb/>30 M. Au-dessous du titre du 4e vol.: «Ex libris Conventus
          <lb/>Coloniensis F. F. Carmelitarum». Rel. anc.
          <lb/>179
          <lb/>GERSON Johannes: Operum pars I. II. III. [Strasbourg, (?)
          <lb/>J. Prüss, (?)1 1489, 3 vol. in-4°.
          <lb/>Hain 7623, Pellechet 5125, Pellechet: Colmar 650, Proctor
          <lb/>2263, Schreiber 4103, Voullième: Berlin 1906. Ces trois der¬
          <lb/>niers l’attribuent à Stuchs, Nürnberg, Pellechet à J. Prüss,
          <lb/>Strasbourg.
          <lb/>K 1701. Prov.: Don, Fid. Butsch, Augsbourg, 1871. Au recto du
          <lb/>f. de garde: «Liber monasterij Nemoris Mariae prope Nort¬
          <lb/>horn ordinis canonicorum regularium». Rel. anc.
          <lb/>180
          <lb/>GERSON Johannes: Opera. Vol. I. I. IV. Strasbourg, Mart.
          <lb/>Flach, 11 août au 13 déc. 1494, in-fol.
          <lb/>Hain 7625, Madsen 1700, Pellechet 5128, Pellechet: Colmar
          <lb/>652, Proctor 698, Schmidt VI, 53, Schreiber 4104, Schramm,
          <lb/>39
        </p>
      </div>
    </body>
  </text>
</TEI>
