<?xml version='1.0' encoding='UTF-8'?>
<?xml-model href="https://raw.githubusercontent.com/OpenITI/tei_openiti/master/tei_openiti.rng" type="application/xml" schematypens="http://relaxng.org/ns/structure/1.0"?>
<?xml-model href="https://raw.githubusercontent.com/OpenITI/tei_openiti/master/tei_openiti.rng" type="application/xml" schematypens="http://purl.oclc.org/dsdl/schematron"?>
<TEI xmlns="http://www.tei-c.org/ns/1.0">
  <teiHeader>
    <fileDesc>
      <titleStmt>
        <title/>
      </titleStmt>
      <publicationStmt>
        <p/>
      </publicationStmt>
      <sourceDesc>
        <p/>
      </sourceDesc>
    </fileDesc>
    <profileDesc>
      <calendarDesc>
        <calendar xml:id="ah">
          <p>Anno Hegirae</p>
        </calendar>
      </calendarDesc>
    </profileDesc>
    <xenoData xml:space="preserve">
CREATED: 2024-04-10T14:46:36.475361+00:00
CREATED BY: eScriptorium vpassthistobuildcmd
IMAGE FILENAME: A121078-1 Catalogue des incunables de la Bnu008.tif
IMAGE WIDTH: 2388
IMAGE HEIGHT: 3844
</xenoData>
  </teiHeader>
  <text>
    <body>
      <div>
        <p>
          <lb/>d’une manière très détaillée chez Hain-Copinger et Pelle¬
          <lb/>chet ainsi que dans le Répertoire Bibliographique de
          <lb/>Charles Schmidt, sans parler du Catalogue of books printed
          <lb/>in the XVth century now in the British Museum (— BMC),
          <lb/>vol. I, p. 50-172 et du Gesamtkatalog der Wiegendrucke
          <lb/>(— GW) qui est en cours de publication, comprenant dans
          <lb/>les six premiers volumes parus les lettres A-C. Il était donc
          <lb/>superflu de donner une nouvelle description des incu¬
          <lb/>nables, vu qu’un simple renvoi à ces répertoires était entiè¬
          <lb/>rement suffisant pour l’orientation des recherches, ce qui
          <lb/>n’est pas le cas pour les livres du 16e siècle, pour la plupart
          <lb/>desquels il n’existe pas encore de descriptions détaillées
          <lb/>auxquelles on puisse renvoyer. C’est pourquoi les descrip¬
          <lb/>tions des livres du Répertoire du 16e siècle sont beaucoup
          <lb/>plus étendues et détaillées.
          <lb/>Néanmoins ces deux ouvrages, Catalogue du 15e et
          <lb/>Répertoire du 16e siècle se complètent réciproquement et
          <lb/>forment un tout, donnant un apercu général des anciens
          <lb/>livres sortis des presses alsaciennes au 15e et au 16e siècle.
          <lb/>C’est ce que nous avons voulu souligner en première page,
          <lb/>en présentant le catalogue du 15e siècle comme un complé¬
          <lb/>ment préliminaire en 5 fascicules hors série au Répertoire
          <lb/>du 16e siècle.
          <lb/>Pellechet, Schmidt et le Gesamtkatalog ne donnent pas
          <lb/>seulement une description détaillée des incunables, mais
          <lb/>ils renseignent en même temps sur leurs caractères typo¬
          <lb/>graphiques et sur les détenteurs d’exemplaires. Il en est
          <lb/>de même de Proctor, qui publie les exemplaires du British
          <lb/>Museum de Londres *), de Voullième qui donne ceux des
          <lb/>Bibliothèques de Berlin et de Madsen qui vient de publier
          <lb/>le catalogue des incunables de la Bibliothèque de Copen¬
          <lb/>hague. J’ai ajouté en outre les exemplaires de la Biblio¬
          <lb/>thèque Municipale de Sélestat d’après le Catalogue de Mon¬
          <lb/>*) J’ai cru pouvoir me dispenser de citer les numéros du
          <lb/>BMC, vu qu’il groupe les exemplaires comme Proctor au nom
          <lb/>des imprimeurs, de sorte qu’en cas de recherches chacun les
          <lb/>trouvera facilement lui-même.
          <lb/>VIII
        </p>
      </div>
    </body>
  </text>
</TEI>
