<?xml version='1.0' encoding='UTF-8'?>
<?xml-model href="https://raw.githubusercontent.com/OpenITI/tei_openiti/master/tei_openiti.rng" type="application/xml" schematypens="http://relaxng.org/ns/structure/1.0"?>
<?xml-model href="https://raw.githubusercontent.com/OpenITI/tei_openiti/master/tei_openiti.rng" type="application/xml" schematypens="http://purl.oclc.org/dsdl/schematron"?>
<TEI xmlns="http://www.tei-c.org/ns/1.0">
  <teiHeader>
    <fileDesc>
      <titleStmt>
        <title/>
      </titleStmt>
      <publicationStmt>
        <p/>
      </publicationStmt>
      <sourceDesc>
        <p/>
      </sourceDesc>
    </fileDesc>
    <profileDesc>
      <calendarDesc>
        <calendar xml:id="ah">
          <p>Anno Hegirae</p>
        </calendar>
      </calendarDesc>
    </profileDesc>
    <xenoData xml:space="preserve">
CREATED: 2024-04-10T14:46:39.039950+00:00
CREATED BY: eScriptorium vpassthistobuildcmd
IMAGE FILENAME: A121078-1 Catalogue des incunables de la Bnu141.tif
IMAGE WIDTH: 2436
IMAGE HEIGHT: 3860
</xenoData>
  </teiHeader>
  <text>
    <body>
      <div>
        <p>
          <lb/>1489. 9. 7.
          <lb/>Saliceto Nic.: Antidotarius animae, 422.
          <lb/>1489. 4. 9.
          <lb/>Gratianus: Decretum. 192.
          <lb/>1490.
          <lb/>Antoninus Florentinus: Summa theologica. 38.
          <lb/>1492. 3. 11.
          <lb/>1493. 14. 3.
          <lb/>Biblia latina. Pars IV. 89.
          <lb/>Albertus Magnus: Liber aggregationis. 10.
          <lb/>1493. 14. 3.
          <lb/>Saliceto Nic.: Antidotarius animae. 423.
          <lb/>1495. 20. 2.
          <lb/>Antoninus de Bitonto: Sermones dominicales, 40.
          <lb/>1495. 6. 8.
          <lb/>Rampegolus: Biblia aurea. 406.
          <lb/>1496.
          <lb/>Antoninus Florentinus: Summa theologica. 39.
          <lb/>1496.
          <lb/>1496.
          <lb/>Flores legum. 173.
          <lb/>Nicolaus de Dinkelsbühl: Postilla evangeliorum
          <lb/>dominicalium. 340.
          <lb/>1496. 9. 2.
          <lb/>1496. 1. 11.
          <lb/>Tractatus resolvens dubia circa sacramenta. 462.
          <lb/>Terentius: Comoediae, 447.
          <lb/>1496. 6. 12.
          <lb/>Rampegolus: Biblia aurea. 407.
          <lb/>1497.
          <lb/>Locher Jac.: Panegyricus ad Maximilianum. 284.
          <lb/>1497. 6. 1.
          <lb/>Baldung Hier.: Aphorismi, 64.
          <lb/>1497. 26. 4.
          <lb/>Biblia latina. 90.
          <lb/>1497. 1. 6.
          <lb/>Brant: Stultifera navis, 114.
          <lb/>1497. 4. 7.
          <lb/>Brunschwig: Chirurgia, 118.
          <lb/>1498.
          <lb/>Hortulus animae. 236.
          <lb/>1498.
          <lb/>Wimpheling: Elegantiarum medulla. 491.
          <lb/>1498. 12. 3.
          <lb/>Horatius: Opera. 235.
          <lb/>1498. 1. 8.
          <lb/>Brant: Varia Carmina. 115.
          <lb/>1499. 11. 2.
          <lb/>Terentius: Comoediae, 448.
          <lb/>1499. 5. 3.
          <lb/>1499. 19.8.
          <lb/>Terentius: Comoediae (en allemand). 449.
          <lb/>Sibylla Barth: Speculum peregrinarum quaestio¬
          <lb/>num. 436.
          <lb/>[vers 1500).
          <lb/>Brun Urb. Prebusinus: Oratio mordacissima. 117.
          <lb/>[vers 1500).
          <lb/>Wimpheling: Isidoneus Germanicus. 493.
          <lb/>1500. 31. 1.
          <lb/>Hortulus animae, 238.
          <lb/>1500. 2. 7.
          <lb/>Petrus Frater: Legende der h. Katharina. 389.
          <lb/>1500. 6. 4.
          <lb/>Petrus Frater: Legenda s. Catharinae. 388.
          <lb/>1500. 22. 6.
          <lb/>Evangelia. 162.
          <lb/>1500. 8. 5.
          <lb/>Brunschwig: Kleines Destillierbuch, 119.
          <lb/>1500. 8. 9.
          <lb/>Bühel H. von: Königstochter von Frankreich. 120.
          <lb/>(7) [après 15007] Agenda parochialium ecclesiarum Argentinensis
          <lb/>Ecclesiae. 4.
          <lb/>s. d.
          <lb/>Paratus: Sermones de tempore et de sanctis. 367.
          <lb/>s. d.
          <lb/>Tudeschis Nic.: Processus judiciarius. 464.
          <lb/>HUPFUFF Mathias
          <lb/>1499.
          <lb/>Salomon und Morolf, 425.
          <lb/>1499.
          <lb/>Murner Thomas: De phytonico contractu. 332.
          <lb/>11499. 8. 5.1.
          <lb/>Murner Thomas: Invectiva contra astrologos. 331.
          <lb/>111
        </p>
      </div>
    </body>
  </text>
</TEI>
