<?xml version='1.0' encoding='UTF-8'?>
<?xml-model href="https://raw.githubusercontent.com/OpenITI/tei_openiti/master/tei_openiti.rng" type="application/xml" schematypens="http://relaxng.org/ns/structure/1.0"?>
<?xml-model href="https://raw.githubusercontent.com/OpenITI/tei_openiti/master/tei_openiti.rng" type="application/xml" schematypens="http://purl.oclc.org/dsdl/schematron"?>
<TEI xmlns="http://www.tei-c.org/ns/1.0">
  <teiHeader>
    <fileDesc>
      <titleStmt>
        <title/>
      </titleStmt>
      <publicationStmt>
        <p/>
      </publicationStmt>
      <sourceDesc>
        <p/>
      </sourceDesc>
    </fileDesc>
    <profileDesc>
      <calendarDesc>
        <calendar xml:id="ah">
          <p>Anno Hegirae</p>
        </calendar>
      </calendarDesc>
    </profileDesc>
    <xenoData xml:space="preserve">
CREATED: 2024-04-10T14:46:36.761439+00:00
CREATED BY: eScriptorium vpassthistobuildcmd
IMAGE FILENAME: A121078-1 Catalogue des incunables de la Bnu026.tif
IMAGE WIDTH: 2384
IMAGE HEIGHT: 3842
</xenoData>
  </teiHeader>
  <text>
    <body>
      <div>
        <p>
          <lb/>nables: domino Henrico Gran praeclaro typographo con¬
          <lb/>cedit licentiam imprimendi libros... A partir de 1489 il signa
          <lb/>les ouvrages de son nom. Le premier ainsi daté est le «Cor¬
          <lb/>nutus magistri Joannis de Garlandia... Il imprima surtout
          <lb/>des ouvrages de théologie, de préférence des sermonaires
          <lb/>latins. On connaît plus de 290 productions pourvues de son
          <lb/>nom. C’est pour Jean Rynman d’Oringau (Wurtemberg) qu’il
          <lb/>imprima la plupart de ses publications. Tout ce qu’il publia
          <lb/>après 1497, fut aux frais de ce dernier. De 1489 à 1497 Gran
          <lb/>imprima environ cinq à six livres par année, mais après
          <lb/>1497 son activité s’accrut de plus en plus se prolongeant
          <lb/>jusqu’en 1523. D’après Hanauer, Gran mourut le 12 février
          <lb/>1527 dans un âge très avancé.
          <lb/>Comme gravures on ne rencontre dans les incunables
          <lb/>de Gran que le Maître avec deux élèves qui se trouve au
          <lb/>feuille de titre de l’Expositio hymnorum de 1493 et de
          <lb/>quelques livres de classe des années 1494 et 1495. La gra¬
          <lb/>vure est reproduite chez Schreiber-Heitz Die deutschen
          <lb/>Accipies- und Magister cum discipulis, N° 19.
          <lb/>La Bibliothèque Nationale de Strasbourg possède des
          <lb/>livres de tous ces imprimeurs en plus ou moins grande
          <lb/>quantité. Il n’y a que très peu d’imprimeurs alsaciens qui
          <lb/>n’y soient pas représentés, tels Marc Reinhart*) dont la
          <lb/>presse de Kirchheim n’a produit que de rares ouvrages,
          <lb/>d’ailleurs très recherchés et le Strasbourgeois Jacques Eber
          <lb/>de Landsberg (en Bavière) qui acquit le droit de bourgeoisie
          <lb/>en 1473. Celui-ci n’a signé de son nom qu’un seul livre*x),
          <lb/>*) D’après Voulliéme, I. c. p. 76-78 Reinhart a imprimé à
          <lb/>Kirchheim en 1491 les Horae Beatae Virginis en allemand, dont il
          <lb/>a fait aussi trois éditions latines; en outre Practica auf das Jahr
          <lb/>1490 de Jean Schrotbank et Zeitglöcklein.
          <lb/>**) Voulliéme, l. c. p. 153 lui attribue en plus: Le Dialogus
          <lb/>de Grégoire le Grand (Hain 7958), De eruditione christifidelium
          <lb/>de Herolt (Hain 8518), Summa de articulis fidei de Thomas
          <lb/>d’Aquin (Nachträge N° 344) et Fraternitas cleri d’Ulr. Ulmer
          <lb/>(Hain 16084).
          <lb/>XXVI
          <lb/>&amp;quot;*
        </p>
      </div>
    </body>
  </text>
</TEI>
