<?xml version='1.0' encoding='UTF-8'?>
<?xml-model href="https://raw.githubusercontent.com/OpenITI/tei_openiti/master/tei_openiti.rng" type="application/xml" schematypens="http://relaxng.org/ns/structure/1.0"?>
<?xml-model href="https://raw.githubusercontent.com/OpenITI/tei_openiti/master/tei_openiti.rng" type="application/xml" schematypens="http://purl.oclc.org/dsdl/schematron"?>
<TEI xmlns="http://www.tei-c.org/ns/1.0">
  <teiHeader>
    <fileDesc>
      <titleStmt>
        <title/>
      </titleStmt>
      <publicationStmt>
        <p/>
      </publicationStmt>
      <sourceDesc>
        <p/>
      </sourceDesc>
    </fileDesc>
    <profileDesc>
      <calendarDesc>
        <calendar xml:id="ah">
          <p>Anno Hegirae</p>
        </calendar>
      </calendarDesc>
    </profileDesc>
    <xenoData xml:space="preserve">
CREATED: 2024-04-10T14:46:39.865102+00:00
CREATED BY: eScriptorium vpassthistobuildcmd
IMAGE FILENAME: A121078-1 Catalogue des incunables de la Bnu167.tif
IMAGE WIDTH: 2460
IMAGE HEIGHT: 3846
</xenoData>
  </teiHeader>
  <text>
    <body>
      <div>
        <p>
          <lb/>Vol. V — Mathias Hupfuff (1492—1520).
          <lb/>Vol. VI — M. Flach père (1477—1500).
          <lb/>SCHORBACH: Lucidarius — Schorbach Karl, Studien über das
          <lb/>deutsche Volksbuch Lucidarius. Strassburg 1894. Quellen
          <lb/>und Forschungen zur Sprach- und Kulturgschichte der ger¬
          <lb/>manischen Voiker, Hett 74.)
          <lb/>SCHORBACH: Mentelin = Schorbach Karl, Der Strassburger
          <lb/>Frundrucker Johann Mentelin (1458–1478), Studien zu sei¬
          <lb/>nem Leben und Werke. Mit 19 Tafeln. Mainz, 1932, in-4°.
          <lb/>Verörtentlichungen der Gurenperg-Gesellschaft Bd. XXII.]
          <lb/>SCH́ORBACH: Knoblochtzer — Schorbach Karl und Max Spirgatis,
          <lb/>Heinrich Knoblochtzer in Strassburg (1477-1484). Biplio¬
          <lb/>graphische Untersuchung.
          <lb/>SCHRAMM: Bilderschmuck — Schramm Albert, Der Bilderschmuck
          <lb/>der Frühdrucke. Bd. 19 u. 20: Die Strassburger Drucker.
          <lb/>Leipzig, Karl W. Hiersemann, 1936/37, in-fol.
          <lb/>SCHREIBER — Schreiber W. L., Manuel de l’amateur de la gra¬
          <lb/>vure sur bois et sur métal au XVe siècle. Tome IV–V. Leip¬
          <lb/>zig 1902–1911.
          <lb/>STEHLIN KARL, Regesten zur Geschichte des Buchdrucks bis zum
          <lb/>Jahr 1500. Leipzig 1888/89. (Archiv für Geschichte des deut¬
          <lb/>schen Buchhandels. Vol. 11, p. 5-182, vol. 12 p. 6-70.).
          <lb/>STIEDA WILHELM, Zur Geschichte des Strassburger Buchdrucks
          <lb/>und Buchhandels. Dans: Archiv für Geschichte des deut¬
          <lb/>schen Buchhandels. Vol. V. (1879), in-8°, 145 p.
          <lb/>SUDHOFF — Sudhoff Karl, Deutsche medizinische Inkunabeln..
          <lb/>Leipzig 1908. (Studien zur Geschichte der Medizin, Heft 2-3.)
          <lb/>VOULLIEME — Voulliéme Ernst, Die deutschen Drucker des
          <lb/>fünfzehnten Jahrhunderts. 2. Aufl. Berlin 1922.
          <lb/>VOULLIEME: Berlin — Voulliéme Ernst, Die Inkunabeln der
          <lb/>K. Bibliothek und der anderen Berliner Sammlungen....
          <lb/>Leipzis 1906-1922. [Beihefte zum Zentralblatt für Biblio¬
          <lb/>thekswesen. Heft XXX, XLV und XLIX.].
          <lb/>VOULLIEME: Bonn — Voulliéme Ernst, Die Inkunabeln der
          <lb/>K. Universitäts-Bibliothek zu Bonn.. Leipzig 1894. (Bei¬
          <lb/>hefte zum Zentralblatt für Bibliothekswesen, Heft IV.]
          <lb/>VOULLIEME: Köln — Voulliéme Ernst. Der Buchdruck Kölns bis
          <lb/>zum Ende des XV. Jahrh... Bonn 1903.
          <lb/>VOULLIEME: Trier — Voulliéme Ernst, Die Inkunabeln der öffent¬
          <lb/>lichen Bibliothek... der Stadt Trier. Leipzig 1910. (Beihefte
          <lb/>zum Zentralblatt für Bibliothekswesen, Heft XXXVIII.].
          <lb/>WALTER: Sélestat — Walter Jos., Catalogue général de la Biblio¬
          <lb/>thèque Municipale de la ville de Sélestat. IlIe Partie: Incu¬
          <lb/>nables et XVIe siècle. Colmar, impr. Alsatia, 1929.
          <lb/>onale
          <lb/>Suasbevif
        </p>
      </div>
    </body>
  </text>
</TEI>
