<?xml version='1.0' encoding='UTF-8'?>
<?xml-model href="https://raw.githubusercontent.com/OpenITI/tei_openiti/master/tei_openiti.rng" type="application/xml" schematypens="http://relaxng.org/ns/structure/1.0"?>
<?xml-model href="https://raw.githubusercontent.com/OpenITI/tei_openiti/master/tei_openiti.rng" type="application/xml" schematypens="http://purl.oclc.org/dsdl/schematron"?>
<TEI xmlns="http://www.tei-c.org/ns/1.0">
  <teiHeader>
    <fileDesc>
      <titleStmt>
        <title/>
      </titleStmt>
      <publicationStmt>
        <p/>
      </publicationStmt>
      <sourceDesc>
        <p/>
      </sourceDesc>
    </fileDesc>
    <profileDesc>
      <calendarDesc>
        <calendar xml:id="ah">
          <p>Anno Hegirae</p>
        </calendar>
      </calendarDesc>
    </profileDesc>
    <xenoData xml:space="preserve">
CREATED: 2024-04-10T14:46:36.912347+00:00
CREATED BY: eScriptorium vpassthistobuildcmd
IMAGE FILENAME: A121078-1 Catalogue des incunables de la Bnu038.tif
IMAGE WIDTH: 2386
IMAGE HEIGHT: 3842
</xenoData>
  </teiHeader>
  <text>
    <body>
      <div>
        <p>
          <lb/>ANSELMUS CANTUARENSIS: Liber, cur deus homo. [Stras¬
          <lb/>bourg, G. Husner, pas après 1474), in-fol.
          <lb/>G W 2035, Hain 1137, Madsen 220, Pellechet 800, Proctor 349,
          <lb/>Voulliéme: Berlin 2197.
          <lb/>K 286. Prov.: B N Munich, 5. IV. 1881, 3 M. Notes mss. 32
          <lb/>ANTONINUS FLORENTINUS: Confessionale. Strasbourg, Mart.
          <lb/>Flach, 1488, in-4°.
          <lb/>G W 2128, Hain 1197, Madsen 249, Pellechet: Colmar 95,
          <lb/>Proctor 678, Schmidt V, 17, Voulliéme: Berlin 2480.
          <lb/>K 311. Prov.: Librairie Trübner (Vente Noiriel) Strasbourg,
          <lb/>4. IV. 1874. Notes mss. Rel. anc.
          <lb/>33
          <lb/>ANTONINUS FLORENTINUS: Confessionale. Strasbourg, Mart.
          <lb/>Flach, 1490, in-4°.
          <lb/>G W 2130, Hain 1198, Madsen 251, Pellechet 850, Pellechet:
          <lb/>Colmar 96, Proctor 687, Schmidt VI, 31, Voulliéme: Berlin
          <lb/>2486, 5.
          <lb/>K 312. Prov.: Librairie Trübner (Vente Noiriel), Strasbourg,
          <lb/>4. IV. 1874.
          <lb/>34
          <lb/>ANTONINUS FLORENTINUS: Confessionale. Strasbourg, Mart.
          <lb/>Flach, 1492, in-4°.
          <lb/>G W 2132, Hain 1200, Madsen 252, Pellechet 851, Pellechet:
          <lb/>Colmar 97, Proctor 694, Schmidt VI, 42, Voulliéme: Berlin
          <lb/>2494, 3; Walter: Sélestat 27.
          <lb/>K 314. Prov.; B N Munich, 22. L. 1880, 1 M 20. Note mss. au
          <lb/>haut du f. a 2a; Ad Bibliothecam F. F. Franciscanorum. Am¬
          <lb/>bergae. Rel. anc.
          <lb/>35
          <lb/>ANTONINUS FLORENTINUS: Confessionale. Strasbourg, Mart.
          <lb/>Flach, 1496, in-4°.
          <lb/>G W 2135, Hain 1201, Madsen 254, Pellechet 852, Proctor 705,
          <lb/>Schmidt VI, 60, Voulliéme: Berlin 2502, 4.
          <lb/>K 315. Prov.: BN Munich, 22. I. 1880, 1 M. Note mss. au haut
          <lb/>du titre: Ad Conventum Seemanshusianum ord. Eremitarum
          <lb/>S. Augustini. Rel. anc.
          <lb/>36
          <lb/>8
        </p>
      </div>
    </body>
  </text>
</TEI>
