<?xml version='1.0' encoding='UTF-8'?>
<?xml-model href="https://raw.githubusercontent.com/OpenITI/tei_openiti/master/tei_openiti.rng" type="application/xml" schematypens="http://relaxng.org/ns/structure/1.0"?>
<?xml-model href="https://raw.githubusercontent.com/OpenITI/tei_openiti/master/tei_openiti.rng" type="application/xml" schematypens="http://purl.oclc.org/dsdl/schematron"?>
<TEI xmlns="http://www.tei-c.org/ns/1.0">
  <teiHeader>
    <fileDesc>
      <titleStmt>
        <title/>
      </titleStmt>
      <publicationStmt>
        <p/>
      </publicationStmt>
      <sourceDesc>
        <p/>
      </sourceDesc>
    </fileDesc>
    <profileDesc>
      <calendarDesc>
        <calendar xml:id="ah">
          <p>Anno Hegirae</p>
        </calendar>
      </calendarDesc>
    </profileDesc>
    <xenoData xml:space="preserve">
CREATED: 2024-04-10T14:46:39.004127+00:00
CREATED BY: eScriptorium vpassthistobuildcmd
IMAGE FILENAME: A121078-1 Catalogue des incunables de la Bnu139.tif
IMAGE WIDTH: 2430
IMAGE HEIGHT: 3854
</xenoData>
  </teiHeader>
  <text>
    <body>
      <div>
        <p>
          <lb/>1488.
          <lb/>Antoninus Florentinus, Confessionale, 33.
          <lb/>1488.
          <lb/>Herolt Joh.; Sermones discipuli. 225.
          <lb/>1488.
          <lb/>Paludanus: Sermones thesauri novi quadragesi¬
          <lb/>males. 352.
          <lb/>1488.
          <lb/>Paludanus: Sermones thesauri novi de tempore.
          <lb/>363.
          <lb/>1488. 1. 10.
          <lb/>Nicolaus de Blony: Tractatus sacerdotalis de
          <lb/>sacramentis. 336.
          <lb/>1489.
          <lb/>Paludanus: Sermones thesauri novi de sanctis.
          <lb/>356.
          <lb/>(1489. 10. 11.
          <lb/>Molitoris: De laniis et phitonicis mulieribus. 330.
          <lb/>1489. 9. 2.
          <lb/>Guido de Monte Rotherii: Manipulus curatorum.
          <lb/>203.
          <lb/>1489. 20. 3.
          <lb/>Augustinus S.: Opuscula plurima. 47.
          <lb/>1489. 31. 10.
          <lb/>Angelus de Clavasio: Summa angelica. 26.
          <lb/>1489. 31. 10.
          <lb/>Bonaventura: Opuscula. 102.
          <lb/>1490.
          <lb/>Antoninus Florentinus: Confessionale. 34.
          <lb/>1490.
          <lb/>Meckenlocher Frid.: Casus in terminis sexti
          <lb/>decretalium. 308.
          <lb/>1490.
          <lb/>Thomas de Argentina: Super IV libros Sequentia¬
          <lb/>rum. 454.
          <lb/>1490. 29. 5.
          <lb/>Nicolaus de Blony: Tractatus sacerdotalis de
          <lb/>sacramentis. 337.
          <lb/>1490. 18. 10.
          <lb/>Anselmus Cantuarensis: De passione Christi et de
          <lb/>planctu Mariae. 31.
          <lb/>1490. 18. 10.
          <lb/>Sermones tres de passione, 434.
          <lb/>1491.
          <lb/>Paludanus: Sermones thesauri novi quadragesi¬
          <lb/>males. 353.
          <lb/>1491.
          <lb/>Paludanus: Sermones thesauri novi de sanctis.
          <lb/>357.
          <lb/>1491.
          <lb/>Paludanus: Sermones thesauri novi de tempore.
          <lb/>364.
          <lb/>1491. 11. 8.
          <lb/>Augustinus S.: Opuscula plurima. 48.
          <lb/>1491. 1. 12.
          <lb/>Angelus de Clavasio: Summa angelica. 27.
          <lb/>1492.
          <lb/>Antoninus Florentinus: Confessionale. 35.
          <lb/>1492.
          <lb/>Herolt Joh.; Sermones discipuli. 227.
          <lb/>1492.
          <lb/>Nicolaus de Blony: Tractatus sacerdotalis de
          <lb/>sacramentis. 338.
          <lb/>1493.
          <lb/>Albertus Magnus: Mariale, 12a.
          <lb/>1493.
          <lb/>Nicolaus de Blony: Tractatus sacerdotalis de
          <lb/>sacramentis. 339.
          <lb/>1493.
          <lb/>Paludanus: Sermones thesauri novi de sanctis.
          <lb/>358.
          <lb/>1493.
          <lb/>Paludanus; Sermones thesauri novi de tempore.
          <lb/>365.
          <lb/>1494.
          <lb/>Lapide Joh.: Resolutionum dubiorum circa cele¬
          <lb/>brationem missarum. 278.
          <lb/>1494.
          <lb/>Marchesinus Joh.: Mammotrectus, 300.
          <lb/>1494. 11. 8.-12. 12Gerson: Opera. Vol. 1. 2. 4. 181.
          <lb/>1495.
          <lb/>Herolt Joh.: Sermones discipuli. 228.
          <lb/>109
        </p>
      </div>
    </body>
  </text>
</TEI>
