<?xml version='1.0' encoding='UTF-8'?>
<?xml-model href="https://raw.githubusercontent.com/OpenITI/tei_openiti/master/tei_openiti.rng" type="application/xml" schematypens="http://relaxng.org/ns/structure/1.0"?>
<?xml-model href="https://raw.githubusercontent.com/OpenITI/tei_openiti/master/tei_openiti.rng" type="application/xml" schematypens="http://purl.oclc.org/dsdl/schematron"?>
<TEI xmlns="http://www.tei-c.org/ns/1.0">
  <teiHeader>
    <fileDesc>
      <titleStmt>
        <title/>
      </titleStmt>
      <publicationStmt>
        <p/>
      </publicationStmt>
      <sourceDesc>
        <p/>
      </sourceDesc>
    </fileDesc>
    <profileDesc>
      <calendarDesc>
        <calendar xml:id="ah">
          <p>Anno Hegirae</p>
        </calendar>
      </calendarDesc>
    </profileDesc>
    <xenoData xml:space="preserve">
CREATED: 2024-04-10T14:46:39.079045+00:00
CREATED BY: eScriptorium vpassthistobuildcmd
IMAGE FILENAME: A121078-1 Catalogue des incunables de la Bnu143.tif
IMAGE WIDTH: 2434
IMAGE HEIGHT: 3854
</xenoData>
  </teiHeader>
  <text>
    <body>
      <div>
        <p>
          <lb/>1485. 14 2.
          <lb/>Bartholomaeus Anglicus: De proprietatibus rerum.
          <lb/>66.
          <lb/>Taprès le 24. 2.
          <lb/>1485).
          <lb/>Petrus Comestor: Historia scholastica. 386.
          <lb/>1485. 9. 3.
          <lb/>1485. 15. 6.
          <lb/>Guilelmus Parisiensis: Postilla, 207.
          <lb/>Hilarius Litomiricensis: Contra perfidiam aliquo¬
          <lb/>rum Bohemorum. 233.
          <lb/>1485. 15. 6.
          <lb/>Michael de Dalen: Casus breves decretalium. 316.
          <lb/>1485. 30. 7.
          <lb/>Hugo de S. Victore: De sacramentis, 244.
          <lb/>1485. 15. 9.
          <lb/>Johannes de Verdena: Sermones dormi secure.
          <lb/>270.
          <lb/>1485. 28. 9.
          <lb/>Turrecremata Joh.: Expositio Psalterii, 466.
          <lb/>1485. 17. 12.
          <lb/>1486. 1. 3.
          <lb/>Jacobus de Voragine: Legenda aurea. 255.
          <lb/>Guilelmus Parisiensis: Postilla. 208.
          <lb/>1486. 9. 3.
          <lb/>1486. 13. 7.
          <lb/>Crescentiis: Opus ruralium commodorum, 145.
          <lb/>1486. 16. 9.
          <lb/>Durandus: Rationale divinorum officiorum, 156.
          <lb/>Vocabularius utriusque juris. 485.
          <lb/>1486. 9. 10.
          <lb/>Columna: Historia destructionis Trojae. 135.
          <lb/>1486. (14. 101.
          <lb/>1486. 1. 11.
          <lb/>Historia Alexandri Magni, 281.
          <lb/>Martinus Polonus: Margarita decreti. 302.
          <lb/>1486. 18. 12.
          <lb/>Jacobus de Voragine: Legenda aurea. 256.
          <lb/>[vers 14871.
          <lb/>Turrecremata Joh.: Quaestiones evangeliorum.
          <lb/>1487. 4. 3.
          <lb/>468.
          <lb/>1487. 24. 3.
          <lb/>Speculum exemplorum. 439.
          <lb/>Michael de Hungaria: Sermones praedicabiles.
          <lb/>1487. 1. 9.
          <lb/>320.
          <lb/>1487. 3. 10.
          <lb/>Paratus; Sermones de tempore et de sanctis. 368.
          <lb/>Turrecremata Joh.: Expositio Psalterii, 467.
          <lb/>1488.
          <lb/>1488.
          <lb/>Guilelmus Parisiensis: Postilla, 209.
          <lb/>Reuchlin Joh.: Vocabularius breviloquus. 413.
          <lb/>[pas après 1488). Corona Beatae Mariae Virginis, 143.
          <lb/>1488. 1. 9.
          <lb/>1488. 4. 9.
          <lb/>Durandus: Rationale divinorum officiorum, 157.
          <lb/>Johannes de Verdena: Sermones dormi secure.
          <lb/>1488. 7. 9.
          <lb/>271.
          <lb/>Bernardus Parmensis: Casus longi super decre¬
          <lb/>tales, 80.
          <lb/>1488/9.
          <lb/>1489. 123. 21.
          <lb/>Ferrerius Vinc.: Sermones de tempore. 169.
          <lb/>1489. 17. 3.
          <lb/>Jacobus de Voragine: Legenda aurea. 257.
          <lb/>1489. 25. 5.
          <lb/>Historia Alexandri Magni, 282.
          <lb/>1489. 25. 5.
          <lb/>Columna: Historia destructionis Trojae, 156.
          <lb/>Johannes Gallensis: Communiloquium. 265.
          <lb/>1489. 13. 6.
          <lb/>1489. 6. 8.
          <lb/>Martinus Polonus: Margarita decreti. 303.
          <lb/>1489. 14. 8.
          <lb/>Gesta Romanorum. 185.
          <lb/>Guilelmus Parisiensis: Postilla, 210.
          <lb/>1490.
          <lb/>Michael de Hungaria: Sermones praedicabiles.
          <lb/>321.
          <lb/>1490.
          <lb/>1491. 1. 2.
          <lb/>Petrus de Alliaco: Tractatus et sermones. 383.
          <lb/>1490. 1. 3.
          <lb/>Boëthius: De disciplina scolarium. 99.
          <lb/>Speculum exemplorum. 440.
          <lb/>R.8
          <lb/>113
        </p>
      </div>
    </body>
  </text>
</TEI>
