<?xml version='1.0' encoding='UTF-8'?>
<?xml-model href="https://raw.githubusercontent.com/OpenITI/tei_openiti/master/tei_openiti.rng" type="application/xml" schematypens="http://relaxng.org/ns/structure/1.0"?>
<?xml-model href="https://raw.githubusercontent.com/OpenITI/tei_openiti/master/tei_openiti.rng" type="application/xml" schematypens="http://purl.oclc.org/dsdl/schematron"?>
<TEI xmlns="http://www.tei-c.org/ns/1.0">
  <teiHeader>
    <fileDesc>
      <titleStmt>
        <title/>
      </titleStmt>
      <publicationStmt>
        <p/>
      </publicationStmt>
      <sourceDesc>
        <p/>
      </sourceDesc>
    </fileDesc>
    <profileDesc>
      <calendarDesc>
        <calendar xml:id="ah">
          <p>Anno Hegirae</p>
        </calendar>
      </calendarDesc>
    </profileDesc>
    <xenoData xml:space="preserve">
CREATED: 2024-04-10T14:46:37.375339+00:00
CREATED BY: eScriptorium vpassthistobuildcmd
IMAGE FILENAME: A121078-1 Catalogue des incunables de la Bnu071.tif
IMAGE WIDTH: 2384
IMAGE HEIGHT: 3844
</xenoData>
  </teiHeader>
  <text>
    <body>
      <div>
        <p>
          <lb/>GESTA Romanorum. (Strasbourg, imprimeur du Jordanus,
          <lb/>(— G. Husner) ), 7/12 janvier 1499, in-fol.
          <lb/>Hain 7751, Madsen 1736, Pellechet 5259, Proctor 631, Voul¬
          <lb/>liéme: Berlin 2467.
          <lb/>K 1740. Prov.: B N Munich, 14 /IV, 1880, 1 M. Au-dessus du
          <lb/>titre: «In usum FF. Zen: Can: Reg: prope Reichenhall».
          <lb/>Au recto du dernier f. en bas: «Ex Bibliotheca Zenoniana».
          <lb/>Note mss. au verso.
          <lb/>187
          <lb/>GILBERTUS DE HOGLANDIA: Sermones super Cantico Canti¬
          <lb/>corum. Strasbourg, Mart, Flach, 1497. Voir: Bernardus
          <lb/>N° 78.
          <lb/>188
          <lb/>GRATIA DEI. Voir: Johannes Baptista, Gratia Dei.
          <lb/>GRATIANUS: Decretum, Strasbourg, H. Eggestein, 1471,
          <lb/>in-fol.
          <lb/>Hain 7883, Proctor 261, Pellechet 5308, Voulliéme: Berlin
          <lb/>2134; Walter: Sélestat 221.
          <lb/>K 1387. Prov.: Don de la ville de Heilbronn, 1871. Rel. anc.
          <lb/>189
          <lb/>GRATIANUS: Decretum, Strasbourg,, H. Eggestein, 1472,
          <lb/>in-fol.
          <lb/>Hain 7884, Madsen 1754, Pellechet 5309, Proctor 263, Voul¬
          <lb/>liéme: Berlin 2137.
          <lb/>K 1387a. Prov.: Albert Cohn, Berlin (Catal. 137, N° 253),
          <lb/>24/II. 1881, 100 M. A l’intérieur du 1er plat: «Magister Con¬
          <lb/>radus onsorg Canonicus Ratisponensis me donayit Monasterio
          <lb/>Undensdorff anno 1478». Rel. anc.
          <lb/>190
          <lb/>GRATIANUS: Decretum. Strasbourg, J. Grüninger, 4 sep¬
          <lb/>tembre 1484, in-fol.
          <lb/>Hain 7901, Madsen 1759, Pellechet 5322, Pellechet: Colmar
          <lb/>673, Proctor 442, Schmidt I, 5, Voulliéme: Berlin 2273.
          <lb/>K 1389a. Prov.: Vente Trübner, Strasbourg, 9/VII. 1891, 18 M.
          <lb/>Rel. anc.
          <lb/>191
          <lb/>41
        </p>
      </div>
    </body>
  </text>
</TEI>
