<?xml version='1.0' encoding='UTF-8'?>
<?xml-model href="https://raw.githubusercontent.com/OpenITI/tei_openiti/master/tei_openiti.rng" type="application/xml" schematypens="http://relaxng.org/ns/structure/1.0"?>
<?xml-model href="https://raw.githubusercontent.com/OpenITI/tei_openiti/master/tei_openiti.rng" type="application/xml" schematypens="http://purl.oclc.org/dsdl/schematron"?>
<TEI xmlns="http://www.tei-c.org/ns/1.0">
  <teiHeader>
    <fileDesc>
      <titleStmt>
        <title/>
      </titleStmt>
      <publicationStmt>
        <p/>
      </publicationStmt>
      <sourceDesc>
        <p/>
      </sourceDesc>
    </fileDesc>
    <profileDesc>
      <calendarDesc>
        <calendar xml:id="ah">
          <p>Anno Hegirae</p>
        </calendar>
      </calendarDesc>
    </profileDesc>
    <xenoData xml:space="preserve">
CREATED: 2024-04-10T14:46:36.871665+00:00
CREATED BY: eScriptorium vpassthistobuildcmd
IMAGE FILENAME: A121078-1 Catalogue des incunables de la Bnu035.tif
IMAGE WIDTH: 2384
IMAGE HEIGHT: 3840
</xenoData>
  </teiHeader>
  <text>
    <body>
      <div>
        <p>
          <lb/>ALEXANDER DE VILLA DEI: Doctrinale, 3a et 4a pars. Hague¬
          <lb/>nau, H. Gran, vers 1495, in-4°.
          <lb/>G W1199, Hain 732, Schreiber 3125, Reichling: Doctrinale 115.
          <lb/>III. IV.
          <lb/>K 177. Prov.: Librairie Trübner (Vente Noiriel), Strasbourg,
          <lb/>4 IV. A la suite de K 168. (— N° 16.)
          <lb/>18
          <lb/>ALEXANDER DE VILLA DEI: Doctrinale, 3a et 4a pars. Hague¬
          <lb/>nau, H. Gran, 22 mars, 1498, in-4°.
          <lb/>G W 1208, Hain 738, Schreiber 3122, Reichling: Doctrinale 136.
          <lb/>K 180. Prov.: BN Munich, 28 I. 1880, 1 M. A l’intérieur du
          <lb/>premier et du deuxième plat de la reliure ancienne est collé
          <lb/>un fragment des Disticha Catonis en vers allemands, édition
          <lb/>Augsbourg, Joh. Froschauer, Weller 20.
          <lb/>19
          <lb/>ALLACO. Voir: Petrus de Alliaco.
          <lb/>ALPHONSUS DE SPINA: Fortalitium fidei. (Strasbourg, J. Men¬
          <lb/>telin, pas après 1471), in-fol.
          <lb/>G W 1574, Hain 872, Pellechet 562, Madsen 152, Proctor 210,
          <lb/>Voulliéme: Berlin 2089; Walter: Sélestat 11; Schorbach: Mente¬
          <lb/>lin N° 4; pas après 1462.
          <lb/>K 207. Prov.: Don de la ville de Trèves, 1871. Au bas du
          <lb/>fol. 1a, cachet de la B M de Trèves. Notes mss. Rel. anc. 20
          <lb/>ANDREAE JOHANNES: Arbor consanguinitatis. (Strasbourg,
          <lb/>H. Knoblochtzer, vers 1483), in-4°.
          <lb/>G W 1696, Cop. 433-436, Madsen 177, Pellechet 637, Proctor
          <lb/>376 A, Schorbach et Spirgatis N° 21, Schramm, Bilderschmuck
          <lb/>XIX, grav. N° 136-146, Schreiber 3286, Voullième: Berlin 2217.
          <lb/>K 242. Prov.: Don du Dr. Koch, Cassel, 1871. La gravure de
          <lb/>l’Arbor consanguinitatis au verso du 1er f. ainsi que les 2 ini¬
          <lb/>tiales Cet D au recto du 2e sont coloriées. Endommagé. 21
          <lb/>ANDREAE JOHANNES: Arbor consanguinitatis. (En allemand).
          <lb/>(Strasbourg, H. Knoblochtzer, pas après 1482), in-fol.
          <lb/>G W 1719, Hain 1050, Madsen 184, Schorbach et Spirgatis
          <lb/>N° 20, Schramm, Bilderschmuck XIX, grav. N° 136-139,
          <lb/>Schreiber 3307, Voulliéme: Berlin 2218; Walter: Sélestat 16.
          <lb/>K 254. Prov. inconnue.
          <lb/>22
          <lb/>e
        </p>
      </div>
    </body>
  </text>
</TEI>
