<?xml version='1.0' encoding='UTF-8'?>
<?xml-model href="https://raw.githubusercontent.com/OpenITI/tei_openiti/master/tei_openiti.rng" type="application/xml" schematypens="http://relaxng.org/ns/structure/1.0"?>
<?xml-model href="https://raw.githubusercontent.com/OpenITI/tei_openiti/master/tei_openiti.rng" type="application/xml" schematypens="http://purl.oclc.org/dsdl/schematron"?>
<TEI xmlns="http://www.tei-c.org/ns/1.0">
  <teiHeader>
    <fileDesc>
      <titleStmt>
        <title/>
      </titleStmt>
      <publicationStmt>
        <p/>
      </publicationStmt>
      <sourceDesc>
        <p/>
      </sourceDesc>
    </fileDesc>
    <profileDesc>
      <calendarDesc>
        <calendar xml:id="ah">
          <p>Anno Hegirae</p>
        </calendar>
      </calendarDesc>
    </profileDesc>
    <xenoData xml:space="preserve">
CREATED: 2024-04-10T14:46:37.248494+00:00
CREATED BY: eScriptorium vpassthistobuildcmd
IMAGE FILENAME: A121078-1 Catalogue des incunables de la Bnu062.tif
IMAGE WIDTH: 2378
IMAGE HEIGHT: 3840
</xenoData>
  </teiHeader>
  <text>
    <body>
      <div>
        <p>
          <lb/>K 1328. Prov.: Baer 8 Co., Francfort s. M., 19/VI. 1879, 9 M.
          <lb/>Rel. anc. A la suite de Mammotrectus K2514.
          <lb/>143
          <lb/>CORONA Beatae Mariae Virginis. Strasbourg, imprimeur
          <lb/>du Jordanus (— G. Husner)), 1493, in-fol.
          <lb/>G W 7574, Hain 5748, Pellechet 3991, Pellechet: Colmar 526,
          <lb/>Proctor 627, Voulliéme: Berlin 2451, 2.
          <lb/>K 1330. Prov.: B N Munich, 22/1. 1880, 1 M. 30. 2 ex. K 2811,
          <lb/>a Prov. inconnue. Au-dessus du titre: Georgius Prantl, au¬
          <lb/>dessous: Georgius Präntellius parochus in perpetum. Rel. anc.
          <lb/>144
          <lb/>CRESCENTIIS Petrus de: Opus ruralium commodorum. Stras¬
          <lb/>bourg, (typ. du Jordanus (— G. Husner)), 9 mars 1486,
          <lb/>in-fol.
          <lb/>G W 7824, Hain 5831, Madsen 1293, Proctor 602, Voulliéme:
          <lb/>Berlin 2410.
          <lb/>K 1338. Prov.: Librairie Beck, Nördlingen, 29/1. 1878, 15 M.
          <lb/>Notes mss. Rel. anc.
          <lb/>145
          <lb/>CYRILLUS HIEROSOLYMITANUS (Pseudo-Cyrillus): Speculum
          <lb/>sapientiae. (Strasbourg, H. Eggestein, pas après 1475),
          <lb/>in-4°.
          <lb/>G W 7889, Hain 5904, Pellechet 4086, Proctor 288, Voulliéme:
          <lb/>Berlin 2151.
          <lb/>K 1357. Prov.: Albert Cohn, Berlin (Catal. 137, N° 201), 24/II.
          <lb/>1881, 60 M. Sur une fiche collée à l&amp;#x27;intérieur du 1er plat; ce
          <lb/>recueil communément attribué à st. Cyrille d’Alexandrie est
          <lb/>d’un auteur latin et récent. V. D. Caillier, Hist, des écrivains
          <lb/>ecclés. tome XIII, p. 368. Au-dessous, d’une autre main: «Note
          <lb/>de la main de l’abbé Guillon».
          <lb/>146
          <lb/>DECRETALES GREGORH. Voir: Gregorius IX.
          <lb/>DECRETUM GRATIANI. Voir: Gratianus.
          <lb/>DIONYSIUS DE BURGO: Commentarii in Valerium Maximum.
          <lb/>(Strasbourg, imprimeur R (— Ad. Rusch), pas après
          <lb/>1475), in-fol.
          <lb/>G W 8411, Hain 4103, Madsen 1410, Pellechet 3059, Pellechet:
          <lb/>Colmar 407, Proctor 237, Voulliéme; Berlin 2115; Walter:
          <lb/>Sélestat 490.
          <lb/>K 1437. Prov.: Albert Cohn, Berlin (Catal. 137, N° 164), 24/II.
          <lb/>1881, 30 M. Notes mss. Rel. anc.
          <lb/>147
          <lb/>32
        </p>
      </div>
    </body>
  </text>
</TEI>
