<?xml version='1.0' encoding='UTF-8'?>
<?xml-model href="https://raw.githubusercontent.com/OpenITI/tei_openiti/master/tei_openiti.rng" type="application/xml" schematypens="http://relaxng.org/ns/structure/1.0"?>
<?xml-model href="https://raw.githubusercontent.com/OpenITI/tei_openiti/master/tei_openiti.rng" type="application/xml" schematypens="http://purl.oclc.org/dsdl/schematron"?>
<TEI xmlns="http://www.tei-c.org/ns/1.0">
  <teiHeader>
    <fileDesc>
      <titleStmt>
        <title/>
      </titleStmt>
      <publicationStmt>
        <p/>
      </publicationStmt>
      <sourceDesc>
        <p/>
      </sourceDesc>
    </fileDesc>
    <profileDesc>
      <calendarDesc>
        <calendar xml:id="ah">
          <p>Anno Hegirae</p>
        </calendar>
      </calendarDesc>
    </profileDesc>
    <xenoData xml:space="preserve">
CREATED: 2024-04-10T14:46:36.451046+00:00
CREATED BY: eScriptorium vpassthistobuildcmd
IMAGE FILENAME: A121078-1 Catalogue des incunables de la Bnu005.tif
IMAGE WIDTH: 2388
IMAGE HEIGHT: 3844
</xenoData>
  </teiHeader>
  <text>
    <body>
      <div>
        <p>
          <lb/>TABLE DES MATIÈRES
          <lb/>Pages
          <lb/>Introduction.. . . . . . . . . . . . . . . . . .. .. VII-XXIX
          <lb/>Incunables par ordre alphabétique... . . . . .. . .
          <lb/>1— 104
          <lb/>Table des imprimeurs par ordre alphabétique avec la liste
          <lb/>chronologique de leurs ouvrages.... . . . . . . 105–120
          <lb/>Table des noms propres.. . . . . . . . . . . . . . . . 121– 128
          <lb/>Table des numéros de Hain... . . . . . . . . . . .. 129–131
          <lb/>Additions et Corrections... . . . . . . . . . . .. . 132– 134
          <lb/>Abréviations et Bibliographie.. . . . . . . . . . . . . 135–137
        </p>
      </div>
    </body>
  </text>
</TEI>
