<?xml version='1.0' encoding='UTF-8'?>
<?xml-model href="https://raw.githubusercontent.com/OpenITI/tei_openiti/master/tei_openiti.rng" type="application/xml" schematypens="http://relaxng.org/ns/structure/1.0"?>
<?xml-model href="https://raw.githubusercontent.com/OpenITI/tei_openiti/master/tei_openiti.rng" type="application/xml" schematypens="http://purl.oclc.org/dsdl/schematron"?>
<TEI xmlns="http://www.tei-c.org/ns/1.0">
  <teiHeader>
    <fileDesc>
      <titleStmt>
        <title/>
      </titleStmt>
      <publicationStmt>
        <p/>
      </publicationStmt>
      <sourceDesc>
        <p/>
      </sourceDesc>
    </fileDesc>
    <profileDesc>
      <calendarDesc>
        <calendar xml:id="ah">
          <p>Anno Hegirae</p>
        </calendar>
      </calendarDesc>
    </profileDesc>
    <xenoData xml:space="preserve">
CREATED: 2024-04-10T14:46:39.355115+00:00
CREATED BY: eScriptorium vpassthistobuildcmd
IMAGE FILENAME: A121078-1 Catalogue des incunables de la Bnu149.tif
IMAGE WIDTH: 2448
IMAGE HEIGHT: 3858
</xenoData>
  </teiHeader>
  <text>
    <body>
      <div>
        <p>
          <lb/>SCHOTT Jean
          <lb/>1500.
          <lb/>Ackermann von Böhmen: Red. u. Widerred eins
          <lb/>ackermanns. 2.
          <lb/>1500. 21. 3.
          <lb/>Otto von Passau: Die vierundzwanzig Alten, 350.
          <lb/>1500. 31. 8.
          <lb/>Boëthius: De consolatione philosophiae (en alle¬
          <lb/>mand). 98.
          <lb/>1500. 4. 11.
          <lb/>1500. 24. 12.
          <lb/>Exceptiones legum Romanorum. 163.
          <lb/>Schott Petrus: De mensuris syllabarum, 427.
          <lb/>SCHOTT Martin
          <lb/>[pas avant 1481). Albertus Magnus: Compendium theologicae veri¬
          <lb/>tatis. 7.
          <lb/>1483. 18.8.
          <lb/>Plenarium (en allemand). 397.
          <lb/>1483. 6. 11.
          <lb/>Otto von Passau: Die vierundzwanzig Alten. 349.
          <lb/>1485. 3. 9.
          <lb/>Caracciolus: Sermones de poenitentia. 125.
          <lb/>[vers 1485).
          <lb/>Caracciolus: Sermones per Adventum. 124.
          <lb/>Albertus Magnus: Mariale. 12.
          <lb/>[vers 1485/9).
          <lb/>1487. 128. 61.
          <lb/>Maneken Carolus: Formulae epistolarum. 295.
          <lb/>1490.
          <lb/>Augustinus [Pseudo): Canones, 50.
          <lb/>1498, 2. 10.
          <lb/>Schott Petrus: Lucubratiunculae. 426.
          <lb/>1498. 12. 10.
          <lb/>Matheolus Perusinus: De memoria augenda. 307.
          <lb/>1498. 19. 11.
          <lb/>Wimpheling: Philippica. 494.
          <lb/>1498. 21. 11.
          <lb/>Wimpheling: Agatharchia. 489.
          <lb/>s. d.
          <lb/>Gesta Romanorum. 183.
          <lb/>(Imprimeur des) VITAS PATRUM
          <lb/>1483.
          <lb/>Paludanus: Sermones thesauri novi de tempore.
          <lb/>360.
          <lb/>Marchesinus Joh.; Mammotrectus, 296.
          <lb/>114831.
          <lb/>Hieronymus S.: Vitae patrum. 232.
          <lb/>1483. 7. 3.
          <lb/>1484.
          <lb/>Paludanus: Sermones thesauri novi de tempore.
          <lb/>361.
          <lb/>1485.
          <lb/>Paludanus: Sermones thesauri novi de sanctis.
          <lb/>354.
          <lb/>[vers 1485).
          <lb/>Accursius: Casus in terminis super novem libris
          <lb/>Justiniani codicis. 1.
          <lb/>[vers 14851.
          <lb/>Columna: Historia destructionis Trojae. 134.
          <lb/>[vers 1485).
          <lb/>Corona Beatae Mariae Virginis. 142.
          <lb/>1486.
          <lb/>Paludanus: Sermones thesauri novi de sanctis.
          <lb/>355.
          <lb/>1486. 9. 10.
          <lb/>Gritsch Joh.: Quadragesimale, 196.
          <lb/>IMPRIMEURS INCONNUS
          <lb/>Herolt Joh.: Sermones discipuli, 223.
          <lb/>Herolt Joh.: Sermones discipuli, 226.
          <lb/>1483.
          <lb/>1489.
          <lb/>119
        </p>
      </div>
    </body>
  </text>
</TEI>
