<?xml version='1.0' encoding='UTF-8'?>
<?xml-model href="https://raw.githubusercontent.com/OpenITI/tei_openiti/master/tei_openiti.rng" type="application/xml" schematypens="http://relaxng.org/ns/structure/1.0"?>
<?xml-model href="https://raw.githubusercontent.com/OpenITI/tei_openiti/master/tei_openiti.rng" type="application/xml" schematypens="http://purl.oclc.org/dsdl/schematron"?>
<TEI xmlns="http://www.tei-c.org/ns/1.0">
  <teiHeader>
    <fileDesc>
      <titleStmt>
        <title/>
      </titleStmt>
      <publicationStmt>
        <p/>
      </publicationStmt>
      <sourceDesc>
        <p/>
      </sourceDesc>
    </fileDesc>
    <profileDesc>
      <calendarDesc>
        <calendar xml:id="ah">
          <p>Anno Hegirae</p>
        </calendar>
      </calendarDesc>
    </profileDesc>
    <xenoData xml:space="preserve">
CREATED: 2024-04-10T14:46:39.137840+00:00
CREATED BY: eScriptorium vpassthistobuildcmd
IMAGE FILENAME: A121078-1 Catalogue des incunables de la Bnu146.tif
IMAGE WIDTH: 2440
IMAGE HEIGHT: 3858
</xenoData>
  </teiHeader>
  <text>
    <body>
      <div>
        <p>
          <lb/>[vers 1469).
          <lb/>Hieronymus S.: Epistolae et tractatus. 231.
          <lb/>[pas après 1469). Astesanus: Summa de casibus conscientiae. 42.
          <lb/>Lpas après 1470). Augustinus S.: Confessionum libri XIII. 52.
          <lb/>11470. 15. 6.).
          <lb/>Valerius Maximus: Facta et dicta memorabilia.
          <lb/>472.
          <lb/>[vers 14711
          <lb/>Paulus de S. Maria Burgensis: Scrutinium scrip¬
          <lb/>turarum. 370.
          <lb/>[pas après 14711. Alphonsus de Spina: Fortalitium fidei. 20.
          <lb/>pas après 1471). Augustinus S.: Epistolarum liber, 56.
          <lb/>[vers 14721.
          <lb/>Isidorus Hispalensis: Ethymologiae. 249.
          <lb/>pas après 1473). Astesanus: Summa de casibus conscientiae. 43.
          <lb/>[pas après 1473). Astesanus: Summa de casibus conscientiae. 44.
          <lb/>[vers 1473).
          <lb/>Baysio: Rosarium decretorum. 69.
          <lb/>1473. 4. 12.
          <lb/>Vincentius Bellovacensis: Speculum historiale.
          <lb/>476.
          <lb/>11474).
          <lb/>Albertus Magnus: De laudibus B. M. Virginis, 9.
          <lb/>pas après 1474). Albertus Magnus: Mariale. 11.
          <lb/>pas après 1474]. Conradus de Halberstadt: Concordantiae Biblio¬
          <lb/>rum. 141.
          <lb/>[vers 1474).
          <lb/>Paulus de S. Maria Burgensis: Scrutinium scrip¬
          <lb/>turarum. 371.
          <lb/>[vers 14751.
          <lb/>Nicolaus de Lyra: Postilla super bibliam. 345.
          <lb/>11476 Décembre) Kalender auf das Jahr 1477. 277.
          <lb/>(1476. 9. 11).
          <lb/>Vincentius Bellovacensis: Speculum morale, 478.
          <lb/>(14771.
          <lb/>Wolfram von Eschenbach; Titurell, 495.
          <lb/>s. d.
          <lb/>Pharetra doctorum. 393.
          <lb/>Voir en outre N° 11, 149, 200, 429, 477.
          <lb/>(Imprimeur du) PALUDANUS
          <lb/>Herolt Joh.: Sermones discipuli, 224.
          <lb/>1487.
          <lb/>PRUSS Jean
          <lb/>Ivers 14801.
          <lb/>Johannes Hildeshemensis: Buch der h. drei
          <lb/>Könige. 268.
          <lb/>[vers 1480).
          <lb/>Passional. 369.
          <lb/>1483.
          <lb/>Formulare u. Deutsch Rhetorica, 174.
          <lb/>1484.
          <lb/>Viola sanctorum. 482.
          <lb/>Ivers 1484/51.
          <lb/>Johannes de Capua: Directorium humanae vitae.
          <lb/>263.
          <lb/>1486.
          <lb/>Biblia latina. 88.
          <lb/>1486.
          <lb/>Durandus: Rationale divinorum officiorum. 155.
          <lb/>1486.
          <lb/>Formulare u. Deutsch Rhetorica. 175.
          <lb/>1486.
          <lb/>Innocentius VIII: Bulla, 247.
          <lb/>1486. 1. 6.
          <lb/>Melber Joh.: Vocabularius praedicantium. 311.
          <lb/>1486. 24. 12.
          <lb/>Barzisius: Epistolae. 68.
          <lb/>116
        </p>
      </div>
    </body>
  </text>
</TEI>
