<?xml version='1.0' encoding='UTF-8'?>
<?xml-model href="https://raw.githubusercontent.com/OpenITI/tei_openiti/master/tei_openiti.rng" type="application/xml" schematypens="http://relaxng.org/ns/structure/1.0"?>
<?xml-model href="https://raw.githubusercontent.com/OpenITI/tei_openiti/master/tei_openiti.rng" type="application/xml" schematypens="http://purl.oclc.org/dsdl/schematron"?>
<TEI xmlns="http://www.tei-c.org/ns/1.0">
  <teiHeader>
    <fileDesc>
      <titleStmt>
        <title/>
      </titleStmt>
      <publicationStmt>
        <p/>
      </publicationStmt>
      <sourceDesc>
        <p/>
      </sourceDesc>
    </fileDesc>
    <profileDesc>
      <calendarDesc>
        <calendar xml:id="ah">
          <p>Anno Hegirae</p>
        </calendar>
      </calendarDesc>
    </profileDesc>
    <xenoData xml:space="preserve">
CREATED: 2024-04-10T14:46:39.609398+00:00
CREATED BY: eScriptorium vpassthistobuildcmd
IMAGE FILENAME: A121078-1 Catalogue des incunables de la Bnu161.tif
IMAGE WIDTH: 2454
IMAGE HEIGHT: 3844
</xenoData>
  </teiHeader>
  <text>
    <body>
      <div>
        <p>
          <lb/>Hain — Ritter
          <lb/>8.937 — 238
          <lb/>8.995 — 240
          <lb/>8996 — 239
          <lb/>9.002 — 241
          <lb/>9.005 — 242
          <lb/>9.022 — 243
          <lb/>9.025 — 244
          <lb/>9.028 — 245
          <lb/>9.046 — 320
          <lb/>9.047 — 321
          <lb/>9.049 — 322
          <lb/>9.052 — 318
          <lb/>9.053 — 319
          <lb/>9.054 — 523
          <lb/>9.055 — 324
          <lb/>9.092 — 456
          <lb/>9.098 — 457
          <lb/>9.191 — 246
          <lb/>9.221 — 248
          <lb/>9.270 — 249
          <lb/>9.400 — 268
          <lb/>9.429 — 269
          <lb/>9.438 — 274
          <lb/>9.440 — 275
          <lb/>9465 — 461
          <lb/>9.491 — 276
          <lb/>9.763 — 177
          <lb/>9.909 = 278
          <lb/>10.039 — 120
          <lb/>10.153 = 284
          <lb/>101169 — 285
          <lb/>10.173 — 286
          <lb/>10.174 — 287
          <lb/>10.183 — 392
          <lb/>10.184 — 391
          <lb/>10.290 — 290
          <lb/>10.293 — 291
          <lb/>10.307 — 289
          <lb/>10.333 — 167
          <lb/>10.366 — 345
          <lb/>10.372 — 344
          <lb/>10.471 — 292
          <lb/>10.472 — 293
          <lb/>10.552 — 297
          <lb/>10.553 — 296
          <lb/>10.566 — 298
          <lb/>10.568 — 299
          <lb/>10.573 — 300
          <lb/>10.650 — 294
          <lb/>10.670 — 295
          <lb/>10.762 — 371
          <lb/>10.763 — 370
          <lb/>10.768 — 12a
          <lb/>10.843 — 302
          <lb/>Hain — Ritter
          <lb/>10.845 — 303
          <lb/>10.851 — 304
          <lb/>10.854 — 305
          <lb/>10.870— 480
          <lb/>10.873 — 481
          <lb/>10.874 — 482
          <lb/>10.913 — 307
          <lb/>10.983 — 308
          <lb/>11.033 — 513
          <lb/>11.034 — 309
          <lb/>11.036 — 314
          <lb/>11.038 — 310
          <lb/>11.040 — 311
          <lb/>11.041 — 312
          <lb/>11.061 — 515
          <lb/>11.480 — 326
          <lb/>11.485 — 327
          <lb/>11.487 — 528
          <lb/>11.488 — 329
          <lb/>11.536 — 330
          <lb/>11.647 — 332
          <lb/>11.649 — 331
          <lb/>11.757 — 333
          <lb/>11.760 — 340
          <lb/>11.763 — 341
          <lb/>11.790— 346
          <lb/>11.795 — 347
          <lb/>11.941— 348
          <lb/>12.130 — 350
          <lb/>12.343 — 463
          <lb/>12.360 — 464
          <lb/>12.406 — 367
          <lb/>12.411 — 368
          <lb/>12.420 — 83
          <lb/>12.474 — 279
          <lb/>12.551 — 372
          <lb/>12.552 — 374
          <lb/>12.555 — 373
          <lb/>12.559— 376
          <lb/>12.560 — 377
          <lb/>12.563 — 378
          <lb/>12.792 — 380
          <lb/>12.800 — 381
          <lb/>12.819 — 379
          <lb/>12.850 — 388
          <lb/>12.851 — 389
          <lb/>12.908 — 393
          <lb/>12.911 — 394
          <lb/>13.022 — 131
          <lb/>13.124 — 398
          <lb/>134255 — 399
          <lb/>13.267 — 400
          <lb/>13.318 — 401
          <lb/>13.320 — 402
          <lb/>Hain — Ritter
          <lb/>13.508 — 404
          <lb/>13.512 — 403
          <lb/>13.669 — 405
          <lb/>13.685 — 406
          <lb/>13.687 — 407
          <lb/>13.758 — 408
          <lb/>13.812 — 410
          <lb/>13.816 — 411
          <lb/>13.861 — 412
          <lb/>14.069 — 421
          <lb/>14.156 — 422
          <lb/>14.164 — 423
          <lb/>14.165 — 424
          <lb/>14.524 — 426
          <lb/>14.525 — 427
          <lb/>14.543 — 428
          <lb/>14.597 — 429
          <lb/>14.634 — 431
          <lb/>14.687 — 432
          <lb/>14.826 — 139/140
          <lb/>14.720 — 436
          <lb/>14.7631 — 446
          <lb/>14.917— 439
          <lb/>14.918 — 440
          <lb/>14.919 — 441
          <lb/>15.041 442
          <lb/>15.177— 444
          <lb/>15.179— 443
          <lb/>15.186— 445
          <lb/>15.192— 437
          <lb/>15.247— 473
          <lb/>15.431— 447
          <lb/>15.432 — 448
          <lb/>15.434 — 449
          <lb/>15.591 — 462
          <lb/>15.594 — 460
          <lb/>15.703 — 465
          <lb/>15.706 — 466
          <lb/>15.707 — 467
          <lb/>15.713— 468
          <lb/>15.773 — 472
          <lb/>15.8307— 474
          <lb/>15.959 — 271
          <lb/>15.964 — 272
          <lb/>15.9651 — 273
          <lb/>15.974 — 270
          <lb/>16.145– 487
          <lb/>16.164 — 491
          <lb/>16.169 — 489
          <lb/>16.178 — 493
          <lb/>16.184 — 492
          <lb/>16.186 — 494
          <lb/>16.190 — 488
          <lb/>131
        </p>
      </div>
    </body>
  </text>
</TEI>
