<?xml version='1.0' encoding='UTF-8'?>
<?xml-model href="https://raw.githubusercontent.com/OpenITI/tei_openiti/master/tei_openiti.rng" type="application/xml" schematypens="http://relaxng.org/ns/structure/1.0"?>
<?xml-model href="https://raw.githubusercontent.com/OpenITI/tei_openiti/master/tei_openiti.rng" type="application/xml" schematypens="http://purl.oclc.org/dsdl/schematron"?>
<TEI xmlns="http://www.tei-c.org/ns/1.0">
  <teiHeader>
    <fileDesc>
      <titleStmt>
        <title/>
      </titleStmt>
      <publicationStmt>
        <p/>
      </publicationStmt>
      <sourceDesc>
        <p/>
      </sourceDesc>
    </fileDesc>
    <profileDesc>
      <calendarDesc>
        <calendar xml:id="ah">
          <p>Anno Hegirae</p>
        </calendar>
      </calendarDesc>
    </profileDesc>
    <xenoData xml:space="preserve">
CREATED: 2024-04-10T14:46:36.685803+00:00
CREATED BY: eScriptorium vpassthistobuildcmd
IMAGE FILENAME: A121078-1 Catalogue des incunables de la Bnu021.tif
IMAGE WIDTH: 2386
IMAGE HEIGHT: 3840
</xenoData>
  </teiHeader>
  <text>
    <body>
      <div>
        <p>
          <lb/>aussi imprimé le traité «Die Vier Angeltugenden» qui con¬
          <lb/>tient six gravures imitées de l’édition de Sorg, Augsbourg
          <lb/>(Schramm, N° 1690-1695).
          <lb/>BARTHELEMY KISTLER (1497-1510)
          <lb/>Originaire de Spire, Kistler acheta en 1486 le droit de
          <lb/>bourgeoisie à Strasbourg; il était peintre de profession et
          <lb/>ne commença à imprimer que vers 1497. Il avait son offi¬
          <lb/>cine au Grieneck, vis-à-vis de l’Hôpital; pour la vente de
          <lb/>ses livres, il avait près de la cathédrale une boutique qu’il
          <lb/>céda en 1509 à l’imprimeur Hupfuff. De 1497 à 1500 il publia
          <lb/>environ une vingtaine de livres populaires en langue alle¬
          <lb/>mande qui sont pour la plupart ornés de gravures sur bois.
          <lb/>A partir de 1509 il n’imprima plus rien; il avait probable¬
          <lb/>ment renoncé à la typographie pour ne travailler que
          <lb/>comme peintre. De 1517 à 1520 il fut membre du Conseil
          <lb/>où il représentait la corporation de l’Echasse. En 1525 il
          <lb/>n’était plus en vie. Le «Büchlein der Arznei ou Margarita
          <lb/>medicinae (1500), qu’on attribua longtemps à J. Knobloch,
          <lb/>a été reconnu comme une impression de Kistler, de sorte que
          <lb/>Knobloch appartient exclusivement au seizième siècle.
          <lb/>Les gravures qu’on rencontre dans les livres de Kistler
          <lb/>sont en général assez bonnes. On en trouve un grand nombre
          <lb/>dans les «Prognostica» de Lichtenberg du 31 octobre 1497
          <lb/>(Schramm, vol. XX, N° 1754-1801), de même dans le «Büch¬
          <lb/>lein von dem h. Job, 1498 (Schramm, N° 1805-1817), «Sankt
          <lb/>Pauls Leben 1498 (Schramm, N° 1818- 1835), «Zerstörung
          <lb/>Trojas (Schramm, N° 1837—1886), Itinerarius de Mande¬
          <lb/>ville (Schramm, N° 1887—2045) etc.
          <lb/>FRÉDÉRIC RUCH DE DUMBACH (1497-1499)
          <lb/>On ne connaît presque rien de la vie de Ruch de Dum¬
          <lb/>bach; on sait qu’il acheta le droit de bourgeoisie en 1495 et
          <lb/>qu’il imprima le Missale Warmiense en 1497, ainsi qu’un
          <lb/>XXI
        </p>
      </div>
    </body>
  </text>
</TEI>
