<?xml version='1.0' encoding='UTF-8'?>
<?xml-model href="https://raw.githubusercontent.com/OpenITI/tei_openiti/master/tei_openiti.rng" type="application/xml" schematypens="http://relaxng.org/ns/structure/1.0"?>
<?xml-model href="https://raw.githubusercontent.com/OpenITI/tei_openiti/master/tei_openiti.rng" type="application/xml" schematypens="http://purl.oclc.org/dsdl/schematron"?>
<TEI xmlns="http://www.tei-c.org/ns/1.0">
  <teiHeader>
    <fileDesc>
      <titleStmt>
        <title/>
      </titleStmt>
      <publicationStmt>
        <p/>
      </publicationStmt>
      <sourceDesc>
        <p/>
      </sourceDesc>
    </fileDesc>
    <profileDesc>
      <calendarDesc>
        <calendar xml:id="ah">
          <p>Anno Hegirae</p>
        </calendar>
      </calendarDesc>
    </profileDesc>
    <xenoData xml:space="preserve">
CREATED: 2024-04-10T14:46:37.304763+00:00
CREATED BY: eScriptorium vpassthistobuildcmd
IMAGE FILENAME: A121078-1 Catalogue des incunables de la Bnu066.tif
IMAGE WIDTH: 2382
IMAGE HEIGHT: 3842
</xenoData>
  </teiHeader>
  <text>
    <body>
      <div>
        <p>
          <lb/>EUSEBIUS Pamphilius: Historia ecclesiastica. Strasbourg,
          <lb/>Georg Husner), 14 mars 1500, in-fol.
          <lb/>Hain 6714, Madsen 1519, Pellechet 4640, Proctor 747, Voul¬
          <lb/>liéme; Berlin 2529, 3.
          <lb/>K 1524. Prov.; B N Munich, 22/1. 1880, 2 M. 2e ex. K 1524a.
          <lb/>Prov.: B N Munich 16/XII. 1879. A l’intérieur du 1er plat,
          <lb/>exlibris; au-dessous: «Bibliotheca Palatina». Notes mss. au
          <lb/>recto du dernier f. blanc: «Emptus est iste liber Anno 1525.
          <lb/>N. A.» Rel, anc.
          <lb/>161
          <lb/>EVANGELIA mit uslegunge der glos. Strasbourg, J. Grüninger,
          <lb/>22 juin 1500, in-fol.
          <lb/>Hain 6747, Schmidt I, 50, Voulliéme: Berlin 2310.
          <lb/>Schramm, Bilderschmuck XX, grav. N° 466-568.
          <lb/>K 1538. Prov.: O. Harrassowitz, Leipzig, 9/IV. 1889, 80 M.
          <lb/>Entre parenthèses: valeur 200 M.
          <lb/>162
          <lb/>EXCEPTIONES Legum Romanorum. Strasbourg, Jean Schott,
          <lb/>4 novembre 1500, in-4°.
          <lb/>Hain 6759, Madsen 1532, Proctor 764, Schmidt II, 3, Voul¬
          <lb/>liéme: Berlin 2563, Walter: Sélestat 189.
          <lb/>K 1540. Prov.: L. Rosenthal, Munich, 7/II. 1884, 10 M. 163
          <lb/>EXERCITIUM puerorum grammaticale. Haguenau, H. Gran,
          <lb/>30 juillet 1491, in-4°.
          <lb/>Hain 6768, Proctor 3173, Voulliéme; Berlin 1169, Walter:
          <lb/>Sélestat 191.
          <lb/>K 1542. Prov.: B N Munich, 16/xII. 1879, 0 M. 60. 164
          <lb/>EXERCITIUM puerorum grammaticale. (Haguenau, H. Gran),
          <lb/>2 mars 1500, in-4°.
          <lb/>Hain 6773, Proctor 746, Voulliéme: Berlin 1183, 5.
          <lb/>Schramm, Bilderschmuck XIX, grav. N° 10.
          <lb/>K 1545. Prov.; B N Munich, 16/xII. 1879, 1 M.
          <lb/>165
          <lb/>EXPOSITIO hymnorum. Haguenau, (H. Gran), 1493, in-4.
          <lb/>Hain 6785, Pellechet 4683, Proctor 3178, Voulliéme: Berlin
          <lb/>1171, 5.
          <lb/>K 1549, Prov.: B N Munich, 16/XII. 1879, 1 M. 50. A la suite
          <lb/>de Sequentiarum textus K 3472. Notes mss. Rel. anc. 166
          <lb/>36
        </p>
      </div>
    </body>
  </text>
</TEI>
