<?xml version='1.0' encoding='UTF-8'?>
<?xml-model href="https://raw.githubusercontent.com/OpenITI/tei_openiti/master/tei_openiti.rng" type="application/xml" schematypens="http://relaxng.org/ns/structure/1.0"?>
<?xml-model href="https://raw.githubusercontent.com/OpenITI/tei_openiti/master/tei_openiti.rng" type="application/xml" schematypens="http://purl.oclc.org/dsdl/schematron"?>
<TEI xmlns="http://www.tei-c.org/ns/1.0">
  <teiHeader>
    <fileDesc>
      <titleStmt>
        <title/>
      </titleStmt>
      <publicationStmt>
        <p/>
      </publicationStmt>
      <sourceDesc>
        <p/>
      </sourceDesc>
    </fileDesc>
    <profileDesc>
      <calendarDesc>
        <calendar xml:id="ah">
          <p>Anno Hegirae</p>
        </calendar>
      </calendarDesc>
    </profileDesc>
    <xenoData xml:space="preserve">
CREATED: 2024-04-10T14:46:37.473320+00:00
CREATED BY: eScriptorium vpassthistobuildcmd
IMAGE FILENAME: A121078-1 Catalogue des incunables de la Bnu078.tif
IMAGE WIDTH: 2386
IMAGE HEIGHT: 3850
</xenoData>
  </teiHeader>
  <text>
    <body>
      <div>
        <p>
          <lb/>HEROLT JOHANNES : Sermones discipuli de tempore et de
          <lb/>sanctis. (Strasbourg, imprimeur R (— Ad. Rusch),
          <lb/>s. d.), in-fol.
          <lb/>Hain 8473, Pellechet: Colmar 740, Proctor 249, Voulliéme:
          <lb/>Berlin 2117, 5.
          <lb/>K 1926. Prov.; B N Munich, 14. IV. 1880, 8 M. Notes mss.
          <lb/>au bas du 1er f. Rel. anc.
          <lb/>222
          <lb/>HEROLT JOHANNES: Sermones discipuli de tempore et de
          <lb/>sanctis. Strasbourg, 1483, in-fol.
          <lb/>Hain 8486.
          <lb/>K 1933. Prov.: Don du prince de Bentheim, 1874, provenant
          <lb/>du couvent de Frenswegen. Au-dessus du titre: «Vrens¬
          <lb/>wegen». Rel. anc.
          <lb/>223.
          <lb/>HEROLT JOHANNES: Sermones discipuli de tempore et de
          <lb/>sanctis. Strasbourg (imprimeur du Paludanus), 1487,
          <lb/>in-fol.
          <lb/>Hain 8495, Pellechet: Colmar 749, Voulliéme: Berlin 2259, 5.
          <lb/>K 1937. Prov.: K. Th. Völcker, Francfort-s.-M., 22. HI. 1883,
          <lb/>6 M. Notes mss. principalement au f. du titre.
          <lb/>224
          <lb/>HEROLT JOHANNES: Sermones discipuli de tempore et de
          <lb/>sanctis. Strasbourg, (Mart. Flach), 1488, in-fol.
          <lb/>Hain 8496, Proctor 679, Voulliéme: Berlin 2480, 5.
          <lb/>K 1938. Prov.: Isaac St. Goar, Francfort-s.-M., 28. XI. 1883,
          <lb/>20 M. Au-dessous du titre: «Monasterij Neüstatt ad Moenum.»
          <lb/>Rel anc.
          <lb/>2. ex.: K 1931. Prov.: Don de la B. U. de Goettingue, 1872. Au
          <lb/>bas du 1er fol., cachet rond: Ex Bibliotheca Acad. Georgiae
          <lb/>Augustae. Rel, anc.
          <lb/>225
          <lb/>HEROLT JOHANNES: Sermones discipuli de tempore et de
          <lb/>sanctis. Strasbourg, (sans impr.), 1489, in-fol.
          <lb/>Hain 8497.
          <lb/>K 1939. Prov.: B N Munich, 14. IV. 1880, 2 M. Incomplet, table
          <lb/>manque. Notes mss. Rel. anc.
          <lb/>226
          <lb/>48
        </p>
      </div>
    </body>
  </text>
</TEI>
