<?xml version='1.0' encoding='UTF-8'?>
<?xml-model href="https://raw.githubusercontent.com/OpenITI/tei_openiti/master/tei_openiti.rng" type="application/xml" schematypens="http://relaxng.org/ns/structure/1.0"?>
<?xml-model href="https://raw.githubusercontent.com/OpenITI/tei_openiti/master/tei_openiti.rng" type="application/xml" schematypens="http://purl.oclc.org/dsdl/schematron"?>
<TEI xmlns="http://www.tei-c.org/ns/1.0">
  <teiHeader>
    <fileDesc>
      <titleStmt>
        <title/>
      </titleStmt>
      <publicationStmt>
        <p/>
      </publicationStmt>
      <sourceDesc>
        <p/>
      </sourceDesc>
    </fileDesc>
    <profileDesc>
      <calendarDesc>
        <calendar xml:id="ah">
          <p>Anno Hegirae</p>
        </calendar>
      </calendarDesc>
    </profileDesc>
    <xenoData xml:space="preserve">
CREATED: 2024-04-10T14:46:37.403699+00:00
CREATED BY: eScriptorium vpassthistobuildcmd
IMAGE FILENAME: A121078-1 Catalogue des incunables de la Bnu073.tif
IMAGE WIDTH: 2384
IMAGE HEIGHT: 3840
</xenoData>
  </teiHeader>
  <text>
    <body>
      <div>
        <p>
          <lb/>GRITSCH JOHANNES: Quadragesimale. (Strasbourg, Martin
          <lb/>Flach), 31 déc. 1495, in-fol.
          <lb/>Hain 8078, Proctor 739, Voulliéme: Berlin 2523, 5.
          <lb/>K 1814. Prov.: Don de Fid. Butsch fils, Augsbourg, 1871.
          <lb/>Au haut du titre: Monasterij Ranshouen». Rel. anc.
          <lb/>198
          <lb/>GRUNER VINCENTIUS: Expositio officii missae. (Strasbourg,
          <lb/>imprimeur du H. Ariminensis, s. d.], in-fol.
          <lb/>Copinger 2387, Reichling II. S. 167, Madsen 1831, Proctor 301,
          <lb/>Voulliéme: Berlin 2166.
          <lb/>K 1817. Prov.: BN Munich, 22/1. 1880, 6 M. Rel anc. 2e ex.
          <lb/>K 1817a. Prov.: Librairie Trübner, Strasbourg, 9/XI. 1883,
          <lb/>45 M. Rel. anc.
          <lb/>199
          <lb/>GUIDO DE COLUMNA. Voir: Columna...
          <lb/>GUIDO DE MONTE ROTHERH (Rocherii): Manipulus curato¬
          <lb/>rum. (Strasbourg, s. d.), in-fol.
          <lb/>Hain 8157, Pellechet: Colmar 705, Proctor 3242, Voulliéme:
          <lb/>Berlin 2694 (le mettent sous: Unbekannte Druckorte). Le
          <lb/>Catalogue Sotheby (vente) N° 318 nomme Eggestein comme
          <lb/>imprimeur, Catalogue Klemm (vente 1889), N° 701 l’attribue à
          <lb/>J. Mentelin.
          <lb/>K. 1831. Prov.: Librairie Trübner, Strasbours (vente Zimber¬
          <lb/>lin N° 509), 29. IV. 1886, 6 M. Au haut du 1er f. «Collegii
          <lb/>Regii Episcopalis (le reste est effacé). Notes mss. au recto
          <lb/>et au verso du f. de garde. Entre autres au verso: «Praesens
          <lb/>opus impressum reperitur per Marcum Reinhardum anno
          <lb/>1480. Vide Schoepflin Vindic. Typogr, pag. 104. Reinhardum
          <lb/>est rayé, au crayon avec la remarque: autre édition.» Rel.
          <lb/>anc.
          <lb/>200
          <lb/>GUIDO DE MONTE ROTHERII: Manipulus curatorum. Stras¬
          <lb/>bourg, (imprimeur de la Legenda aurea), 30 août 1483,
          <lb/>in-fol.
          <lb/>Hain 8189, Madsen 1840, Pellechet: Colmar 707, Proctor 416.
          <lb/>K 1834 Prov.: A. Einsle, Vienne, 8. XII. 1885, 4 M. Au-dessous
          <lb/>du titre «Reverendi domini Alberti episcopi calipolpn.»
          <lb/>Vermoulu. Rel. anc.
          <lb/>201
          <lb/>43
        </p>
      </div>
    </body>
  </text>
</TEI>
