<?xml version='1.0' encoding='UTF-8'?>
<?xml-model href="https://raw.githubusercontent.com/OpenITI/tei_openiti/master/tei_openiti.rng" type="application/xml" schematypens="http://relaxng.org/ns/structure/1.0"?>
<?xml-model href="https://raw.githubusercontent.com/OpenITI/tei_openiti/master/tei_openiti.rng" type="application/xml" schematypens="http://purl.oclc.org/dsdl/schematron"?>
<TEI xmlns="http://www.tei-c.org/ns/1.0">
  <teiHeader>
    <fileDesc>
      <titleStmt>
        <title/>
      </titleStmt>
      <publicationStmt>
        <p/>
      </publicationStmt>
      <sourceDesc>
        <p/>
      </sourceDesc>
    </fileDesc>
    <profileDesc>
      <calendarDesc>
        <calendar xml:id="ah">
          <p>Anno Hegirae</p>
        </calendar>
      </calendarDesc>
    </profileDesc>
    <xenoData xml:space="preserve">
CREATED: 2024-04-10T14:46:36.925880+00:00
CREATED BY: eScriptorium vpassthistobuildcmd
IMAGE FILENAME: A121078-1 Catalogue des incunables de la Bnu039.tif
IMAGE WIDTH: 2386
IMAGE HEIGHT: 3840
</xenoData>
  </teiHeader>
  <text>
    <body>
      <div>
        <p>
          <lb/>ANTONINUS FLORENTINUS: Confessionale. Strasbourg, Mart.
          <lb/>Flach, 1499, in-4°.
          <lb/>G W 2137, Hain 1205, Madsen 255, Pellechet 853, Pellechet:
          <lb/>Colmar 98, Proctor 713, Schmidt VI, 74, Voulliéme: Berlin
          <lb/>2509.
          <lb/>K317. Proy.: B N Munich, 22. L. 1880, 1 M. 20. Rel. anc. 37
          <lb/>ANTONINUS FLORENTINUS: Summa theologica. Pars. I–IV.
          <lb/>Strasbourg, J. Grüninger, 1490, in-fol.
          <lb/>G W, 2191, Hain 1248, Pellechet 882, Pellechet: Colmar 107,
          <lb/>Proctor 458, 457, 459, 456, Schmidt I, 12, Voulliéme: Berlin
          <lb/>2282, 5; 2281, 6; 2282, 8; 2281, 4; Walter; Sélestat: 31.
          <lb/>K 329. Prov.: B N Munich, 16. XII. 1879, 8 M.
          <lb/>38
          <lb/>ANTONINUS FLORENTINUS: Summa theologica. Pars. I– IV.
          <lb/>Strasbourg, J. Grüninger, 1496, in-fol.
          <lb/>G W 2192. Hain 1249, Madsen 270, Pellechet 884, Pellechet:
          <lb/>Colmar 108, Proctor 472, 470, 469, 471, Voulliéme: Berlin
          <lb/>2295, 2293, 2292, 5; 2294, 2290; Walter: Sélestat 32.
          <lb/>K 330. Prov.: Curé Cromer, Saverne, 23. VIII. 1879.
          <lb/>39
          <lb/>ANTONIUS DE BITONTO: Sermones dominicales. Strasbourg,
          <lb/>J. Grüninger, 20 février 1495, in-8°.
          <lb/>G W 2211, Hain 3218, Madsen 276, Pellechet 2405, Schmidt I,
          <lb/>21, Voulliéme: Berlin 2288, 5.
          <lb/>K 340. Prov.: Don de K. J. Trübner, Strasbourg, 26. VII. 1888.
          <lb/>Notes mss. au-dessous du titre: Ex libris Hieronymi Sonnenfro
          <lb/>1673.
          <lb/>40
          <lb/>ARIMINENSIS HENRICUS. Voir: Henricus Ariminensis.
          <lb/>ARISTOTELES: Ethica ad Nicomachum, Politica et Oecono¬
          <lb/>mica. (Strasbourg, J. Mentelin, avant le 10 avril 1469),
          <lb/>in-fol.
          <lb/>GW 2367, Hain 1762, Pellechet 1238, Proctor 224, Voulliéme:
          <lb/>Berlin 2090, Schorbach: Mentelin N° 13.
          <lb/>K. 373. Prov.: Don de la Bibliothèque Univ. de Goettingue, 1871.
          <lb/>41
          <lb/>9
        </p>
      </div>
    </body>
  </text>
</TEI>
