<?xml version='1.0' encoding='UTF-8'?>
<?xml-model href="https://raw.githubusercontent.com/OpenITI/tei_openiti/master/tei_openiti.rng" type="application/xml" schematypens="http://relaxng.org/ns/structure/1.0"?>
<?xml-model href="https://raw.githubusercontent.com/OpenITI/tei_openiti/master/tei_openiti.rng" type="application/xml" schematypens="http://purl.oclc.org/dsdl/schematron"?>
<TEI xmlns="http://www.tei-c.org/ns/1.0">
  <teiHeader>
    <fileDesc>
      <titleStmt>
        <title/>
      </titleStmt>
      <publicationStmt>
        <p/>
      </publicationStmt>
      <sourceDesc>
        <p/>
      </sourceDesc>
    </fileDesc>
    <profileDesc>
      <calendarDesc>
        <calendar xml:id="ah">
          <p>Anno Hegirae</p>
        </calendar>
      </calendarDesc>
    </profileDesc>
    <xenoData xml:space="preserve">
CREATED: 2024-04-10T14:46:38.536154+00:00
CREATED BY: eScriptorium vpassthistobuildcmd
IMAGE FILENAME: A121078-1 Catalogue des incunables de la Bnu118.tif
IMAGE WIDTH: 2410
IMAGE HEIGHT: 3848
</xenoData>
  </teiHeader>
  <text>
    <body>
      <div>
        <p>
          <lb/>ROLEWINCE WERNER: Fasciculus temporum. Strasbourg,
          <lb/>J. Prüss, après 1490), in-fol.
          <lb/>Hain 6915, Madsen 3529, Proctor 571, Schreiber 5120, Voul¬
          <lb/>liéme: Berlin 2391; Schramm, Bilderschmuck XX, grav.
          <lb/>N° 1212-1224.
          <lb/>K 3182. Prov.: Bibliothèque Böcking., Notes mss. Au recto
          <lb/>du f. de garde, probablement de la main de Böcking: «Erstan¬
          <lb/>den in Halle 1838».
          <lb/>419
          <lb/>ROLEWINCR WERNER: Ein Cronica von anfang der welt.
          <lb/>(Strasbourg, J. Prüss, 27 oct. 1492?), in-fol.
          <lb/>Hain 6940, Kristeller 51, Proctor 549, Schreiber 5122, Voul¬
          <lb/>liéme: Berlin 2392; Schramm, Bilderschmuck XX, grav.
          <lb/>N° 1212-1224.
          <lb/>K 3193. Prov.; Baer 8 Co., Francfort s. M., 2/VI. 1888,
          <lb/>67 M. 50. Notes mss. sur l’auteur, copiées des: «Nachrichten
          <lb/>von Künstlern und Kunstsachen II, 9». Rel, anc.
          <lb/>420
          <lb/>SABUNDE RAYMUNDUS DE: Theologia naturalis. Strasbourg,
          <lb/>Martin Flach, 21 janvier 1496, in-fol.
          <lb/>Hain 14069, Madsen 3566, Pellechet: Colmar 1155, Proctor
          <lb/>703, Schmidt VI, 58, Voulliéme: Berlin 2503.
          <lb/>K 3205. Prov.; Don de Fidelis Butsch fils, Augsbours, 1872.
          <lb/>Note mss. fol. 6b; «Der Prologus kam auf den Index, ist
          <lb/>daher hier ausgeschnitten». Rel. anc.
          <lb/>2e ex. K 2162, 2. Prov.: Bibl. Baum, 20/II. 1879. A la suite de
          <lb/>Institoris H., Malleus maleficiarum. Coloniae, 1494. K 2162, 1.
          <lb/>421
          <lb/>SALICETO NICOLAUS DE: Antidotarius animae. Strasbourg,
          <lb/>J. Grüninger, 9 juillet 1489, in-8°.
          <lb/>Hain 14156, Schmidt I, 10.
          <lb/>K 3214a Prov.: Librairie Trübner, Strasbourg, 29/x. 1883,
          <lb/>8 M. Notes mss. fol. aa manque. Au haut du fol. aa2a: «Ex
          <lb/>libris Joan. Huggenis Villingeni. Rel. anc.
          <lb/>422
          <lb/>SALICETO NICOLAUS DE: Antidotarius animae. Strasbourg,
          <lb/>J. Grüninger, 14 mars 1493, in-8°.
          <lb/>Hain 14164, Madsen 3577, Polain: Belgique 3420, Schmidt I, 16.
          <lb/>K 3217. Prov.: Rud. Merkel, Erlangen, 14/x. 1885, 10 M. Notes
          <lb/>mss., f. 1 manque. Rel. anc.
          <lb/>423
          <lb/>88
        </p>
      </div>
    </body>
  </text>
</TEI>
