<?xml version='1.0' encoding='UTF-8'?>
<?xml-model href="https://raw.githubusercontent.com/OpenITI/tei_openiti/master/tei_openiti.rng" type="application/xml" schematypens="http://relaxng.org/ns/structure/1.0"?>
<?xml-model href="https://raw.githubusercontent.com/OpenITI/tei_openiti/master/tei_openiti.rng" type="application/xml" schematypens="http://purl.oclc.org/dsdl/schematron"?>
<TEI xmlns="http://www.tei-c.org/ns/1.0">
  <teiHeader>
    <fileDesc>
      <titleStmt>
        <title/>
      </titleStmt>
      <publicationStmt>
        <p/>
      </publicationStmt>
      <sourceDesc>
        <p/>
      </sourceDesc>
    </fileDesc>
    <profileDesc>
      <calendarDesc>
        <calendar xml:id="ah">
          <p>Anno Hegirae</p>
        </calendar>
      </calendarDesc>
    </profileDesc>
    <xenoData xml:space="preserve">
CREATED: 2024-04-10T14:46:37.142382+00:00
CREATED BY: eScriptorium vpassthistobuildcmd
IMAGE FILENAME: A121078-1 Catalogue des incunables de la Bnu054.tif
IMAGE WIDTH: 2384
IMAGE HEIGHT: 3842
</xenoData>
  </teiHeader>
  <text>
    <body>
      <div>
        <p>
          <lb/>BRACK Wenceslaus: Vocabularius rerum. (Strasbourg, J.
          <lb/>Grüninger, vers 1485/7), in-fol.
          <lb/>G W 4986, Hain 3697, Pellechet 2804, Pellechet-Colmar 381,
          <lb/>Proctor 448, Voulliéme: Berlin 2319.
          <lb/>K 910. Prov.: Librairie Lippert, Halle, 7. XII. 1886 (sans indi¬
          <lb/>cation de prix). A l&amp;#x27;intérieur du 1er plat: Stoll et Bader,
          <lb/>Antiquariat Freiburg i. B.
          <lb/>109
          <lb/>BRACR Wenceslaus: Vocabularius rerum. Strasbourg, (typ.
          <lb/>du Jordanus (— G. Husner), 1er efévrier 1491, in-4°.
          <lb/>G W 4991, Hain 3707, Proctor 663, Voulliéme: Berlin 2444.
          <lb/>K 914. Prov.: Spirgatis, Leipzig, 1. XII. 1892. Note mss. 110
          <lb/>BRACK Wenceslaus: Vocabularius rerum. Strasbourg, (typ.
          <lb/>du Jordanus (— G. Husner)), 22 déc. 1495.
          <lb/>G W 4993, Hain 3708, Pellechet 2808, Proctor 640, Voulliéme:
          <lb/>Berlin 2459, Schmidt III, 27 l’attribue à J. Prüss.
          <lb/>K 915. Prov.: J. Steinkopf, Stuttgart, 28. I. 1873.
          <lb/>111
          <lb/>BRANT Sebastianus: (Richterlich Klagspiegel.) Klag, Ant¬
          <lb/>wort und ausgesprochen Urteil. (Strasbourg, J. Prüss),
          <lb/>1500), in-fol.
          <lb/>Hain 3726, Proctor 568, Schmidt I, 45, l’attribue à Grüninger
          <lb/>ainsi que Hain et Walter, Voulliéme: Berlin 2369, l’attribue à
          <lb/>Prüss, ainsi que Proctor; Walter: Sélestat 115.
          <lb/>K 924. Prov.: Don du prof. Gitzler, Breslau, 1871. Autographe
          <lb/>du prof. Gitzler. Au-dessous du titre: Auctore D. Sebastiano
          <lb/>Brant domals Cantzlern der Stadt Strassburck.»
          <lb/>112
          <lb/>BRANT Sebastianus: De monstruoso partu apud Worma¬
          <lb/>tiam. Strasbourg, J. Prrüss), après le 10 septembre
          <lb/>1495, in-4°.
          <lb/>G W 5032, Hain 3760, Proctor 408, Schreiber 3576, Voulliéme:
          <lb/>Berlin 2242; Schramm, Bilderschmuck XX, grav. N° 1238.
          <lb/>K 951. Prov.: Librairie Trübner, Strasbourg, 27. III. 1890,
          <lb/>25 M.
          <lb/>113
          <lb/>24
        </p>
      </div>
    </body>
  </text>
</TEI>
