<?xml version='1.0' encoding='UTF-8'?>
<?xml-model href="https://raw.githubusercontent.com/OpenITI/tei_openiti/master/tei_openiti.rng" type="application/xml" schematypens="http://relaxng.org/ns/structure/1.0"?>
<?xml-model href="https://raw.githubusercontent.com/OpenITI/tei_openiti/master/tei_openiti.rng" type="application/xml" schematypens="http://purl.oclc.org/dsdl/schematron"?>
<TEI xmlns="http://www.tei-c.org/ns/1.0">
  <teiHeader>
    <fileDesc>
      <titleStmt>
        <title/>
      </titleStmt>
      <publicationStmt>
        <p/>
      </publicationStmt>
      <sourceDesc>
        <p/>
      </sourceDesc>
    </fileDesc>
    <profileDesc>
      <calendarDesc>
        <calendar xml:id="ah">
          <p>Anno Hegirae</p>
        </calendar>
      </calendarDesc>
    </profileDesc>
    <xenoData xml:space="preserve">
CREATED: 2024-04-10T14:46:39.846477+00:00
CREATED BY: eScriptorium vpassthistobuildcmd
IMAGE FILENAME: A121078-1 Catalogue des incunables de la Bnu166.tif
IMAGE WIDTH: 2456
IMAGE HEIGHT: 3848
</xenoData>
  </teiHeader>
  <text>
    <body>
      <div>
        <p>
          <lb/>HAIN— Hain Ludovicus, Repertorium bibliographicum, in quo
          <lb/>libri omnes ab arte typographica inventa usque ad annum
          <lb/>MD. typis expressi ordine alphabetico vel simpliciter enu¬
          <lb/>merantur vel adcuratius recensentur. Stuttgartiae, Lutetiae
          <lb/>Parisiorum 1826-1838, 4 vol. in-8°.
          <lb/>HEITZ — Heitz Paul, Einblattdrucke des fünfzehnten Jahrhun¬
          <lb/>derts. Strassburg, 1906 et suiv.
          <lb/>KRISTELLER — Kristeller Paul, Die Strassburger Bücher-Illu¬
          <lb/>stration im XV. und im Anfang des XVI. Jahrhunderts.
          <lb/>Diss. Leizpig. Leipzig, 1888.
          <lb/>MADSEN — Madsen Victor, Katalog over det Kongelige Biblio¬
          <lb/>teks Inkunabler. Kobenhavn 1931-1938.
          <lb/>PANZER: Annalen= Panzer G. W., Annalen der ältern deut¬
          <lb/>schen Litteratur oder Anzeige und Beschreibung derjenigen
          <lb/>Bücher, welche von Erfindung der Buchdruckerkunst bis
          <lb/>1520 in deutscher Sprache gedruckt worden sind. Nürn¬
          <lb/>berg 1788. Supplém. I. Leipzig 1802; vol. Il; 1521–1526.
          <lb/>Nürnberg 1805.
          <lb/>PANZER: Annales — Panzer G. W., Annales typographici ab artis
          <lb/>inventae origine ad annum MD post Maittairii Denisii alio¬
          <lb/>rumque doctissimorum virorum curas... redacti... Novim¬
          <lb/>bergae 1793-1802. 10 vol. in-4°.
          <lb/>PELLECHET — Pellechet M., Catalogue général des incunables
          <lb/>des bibliothèques publiques de France. Tome 1-3. Paris 1897—
          <lb/>1909. (Albano-Gregorius Magnus).
          <lb/>PELLECHET: Colmar — (Pellechet M.). Catalogue des Incunables
          <lb/>de la Bibliothèque de la ville de Colmar, Paris 1895.
          <lb/>PROCTOR — Proctor Rob., An index to the early printed books
          <lb/>in the British Museum from the invention of printing to
          <lb/>the year 1500, with notes of those in the Bodleian library.
          <lb/>London 1898. (First section: Germany.).
          <lb/>REICHLING — Reichling Dietericus, Appendices ad Hainii-Copin¬
          <lb/>geri Repertorium bibliographicum. Additiones et emenda¬
          <lb/>tiones. Monachii 1905–1914.
          <lb/>SCHMIDT — Schmidt Charles: Zur Geschichte der ältesten Biblio¬
          <lb/>theken und der ersten Buchdrucker zu Strassburg. Strass¬
          <lb/>burg 1882.
          <lb/>SCHMIDT: Rép. = Schmidt Charles, Répertoire bibliographique
          <lb/>Strasbourgeois jusque vers 1530. Strasbourg 1893 et suiv.
          <lb/>Vol. I — Jean Grüninger 1483—1531.
          <lb/>Vol. II — Martin et Jean Schott. (1481-1499) et (1500—
          <lb/>1544).
          <lb/>Vol. III — Jean Prüss père (1482–1511).
          <lb/>Vol. IV — Jacques Eber (1483), Thomas Anshelm (1488),
          <lb/>Pierre Attendorn (1489), Frédéric Dumbach
          <lb/>(1497-1499), Barthélemy Kistler (1497–—1510),
          <lb/>Guillaume Schaffner (1498-1515), Mathias
          <lb/>Brant (1491-1500)...
          <lb/>136
        </p>
      </div>
    </body>
  </text>
</TEI>
