<?xml version='1.0' encoding='UTF-8'?>
<?xml-model href="https://raw.githubusercontent.com/OpenITI/tei_openiti/master/tei_openiti.rng" type="application/xml" schematypens="http://relaxng.org/ns/structure/1.0"?>
<?xml-model href="https://raw.githubusercontent.com/OpenITI/tei_openiti/master/tei_openiti.rng" type="application/xml" schematypens="http://purl.oclc.org/dsdl/schematron"?>
<TEI xmlns="http://www.tei-c.org/ns/1.0">
  <teiHeader>
    <fileDesc>
      <titleStmt>
        <title/>
      </titleStmt>
      <publicationStmt>
        <p/>
      </publicationStmt>
      <sourceDesc>
        <p/>
      </sourceDesc>
    </fileDesc>
    <profileDesc>
      <calendarDesc>
        <calendar xml:id="ah">
          <p>Anno Hegirae</p>
        </calendar>
      </calendarDesc>
    </profileDesc>
    <xenoData xml:space="preserve">
CREATED: 2024-04-10T14:46:38.972358+00:00
CREATED BY: eScriptorium vpassthistobuildcmd
IMAGE FILENAME: A121078-1 Catalogue des incunables de la Bnu137.tif
IMAGE WIDTH: 2432
IMAGE HEIGHT: 3858
</xenoData>
  </teiHeader>
  <text>
    <body>
      <div>
        <p>
          <lb/>[vers 1476).
          <lb/>Tractatus de Judaeorum et Christianorum com¬
          <lb/>1477.
          <lb/>munione, 461.
          <lb/>[vers 1477).
          <lb/>Tusch Hans Erh.: Burgundische Historie, 469.
          <lb/>Nicolaus: De proeliis et occasu ducis Burgundiae.
          <lb/>[vers 1478).
          <lb/>Gruner Vinc.: Expositio officii missae. 199.
          <lb/>333.
          <lb/>(avant 1480)
          <lb/>s. d.
          <lb/>Marchesinus Joh.: Mammotrectus. 297.
          <lb/>s. d.
          <lb/>Gruner Vinc.: Expositio officii missae, 198.
          <lb/>s. d.
          <lb/>Hugo de S. Victore: Didascalion. 243.
          <lb/>s. d.
          <lb/>Petrus Lombardus: Sententiarum libri IV. 391.
          <lb/>s. d.
          <lb/>Psalterium latino-germanicum. 404.
          <lb/>Tractatus de contractibus et vitaliciis, 459.
          <lb/>ATTENDORN Pierre
          <lb/>[après le 25. 10.
          <lb/>14891.
          <lb/>Directorium statuum. 148.
          <lb/>[vers 1495]
          <lb/>BRANT Mathias
          <lb/>Wimpheling: Elegantiarum medulla. 490.
          <lb/>(Imprimeur) CIVIS C. W.
          <lb/>1473.
          <lb/>Zacharias Chrysopolitanus: Concordantia evan¬
          <lb/>[vers 1473).
          <lb/>geliorum. 496.
          <lb/>1474. 7. 10.
          <lb/>Hugo de S. Victore: Soliloquium, 245.
          <lb/>Ivers 14741.
          <lb/>Berchorius: Liber Bibliae moralis. 71.
          <lb/>Alanus ab Insulis: Distinctiones dictionum theo¬
          <lb/>logicalium. 5.
          <lb/>(Imprimeur des) CASUS BREVES (= G. HUSNER)
          <lb/>1493.
          <lb/>Michael de Dalen: Casus breves decretalium.
          <lb/>[vers 1493/4).
          <lb/>317.
          <lb/>Augustinus (Pseudo); Sermones ad heremitas.
          <lb/>[vers 1494).
          <lb/>59
          <lb/>1494.
          <lb/>Albertus Magnus: De Eucharistiae sacramento. 15.
          <lb/>Michael de Hungaria: Sermones praedicabiles.
          <lb/>322.
          <lb/>DUMBACH. Voir: Ruch de Dumbach
          <lb/>EGGESTEIN Henri
          <lb/>Ipas après
          <lb/>le 24. 5. 1466). Biblia latina, 84.
          <lb/>[vers 1468).
          <lb/>Gregorius IX: Decretales, 195.
          <lb/>107
        </p>
      </div>
    </body>
  </text>
</TEI>
