<?xml version='1.0' encoding='UTF-8'?>
<?xml-model href="https://raw.githubusercontent.com/OpenITI/tei_openiti/master/tei_openiti.rng" type="application/xml" schematypens="http://relaxng.org/ns/structure/1.0"?>
<?xml-model href="https://raw.githubusercontent.com/OpenITI/tei_openiti/master/tei_openiti.rng" type="application/xml" schematypens="http://purl.oclc.org/dsdl/schematron"?>
<TEI xmlns="http://www.tei-c.org/ns/1.0">
  <teiHeader>
    <fileDesc>
      <titleStmt>
        <title/>
      </titleStmt>
      <publicationStmt>
        <p/>
      </publicationStmt>
      <sourceDesc>
        <p/>
      </sourceDesc>
    </fileDesc>
    <profileDesc>
      <calendarDesc>
        <calendar xml:id="ah">
          <p>Anno Hegirae</p>
        </calendar>
      </calendarDesc>
    </profileDesc>
    <xenoData xml:space="preserve">
CREATED: 2024-04-10T14:46:37.053511+00:00
CREATED BY: eScriptorium vpassthistobuildcmd
IMAGE FILENAME: A121078-1 Catalogue des incunables de la Bnu048.tif
IMAGE WIDTH: 2380
IMAGE HEIGHT: 3842
</xenoData>
  </teiHeader>
  <text>
    <body>
      <div>
        <p>
          <lb/>BERNARDUS PARMENSIS: Casus longi super decretales. Stras¬
          <lb/>bourg, (typ. du Jordanus (— G. Husner)), 7 sept. 1488,
          <lb/>in-fol.
          <lb/>GW 4100, Hain 2935, Madsen 639, Proctor 646, Voulliéme:
          <lb/>Berlin 2423.
          <lb/>K 669. Prov.: B N Munich, 22. I. 1880, M. 0,75. Au-dessous
          <lb/>du titre: Ad R. F. Franciscanos. Bib. Rel. anc.
          <lb/>80
          <lb/>BERNARDUS PARMENSIS : Casus longi super decretales. Stras¬
          <lb/>bourg, (typ. du Jordanus (— G. Husner)), 23 août 1493,
          <lb/>in-fol.
          <lb/>G W 4102, Hain 2936, Madsen 640, Pellechet 2197, Pellechet:
          <lb/>Colmar 299, Voulliéme: Berlin 2451.
          <lb/>K 670. Prov.: J. Windprecht, Augsbourg, 9. I. 1879, 6 M.
          <lb/>Rel. anc.
          <lb/>81
          <lb/>BERNARDUS PARMENSIS : Casus longi super decretales. Stras¬
          <lb/>bourg, [typ. du Jordanus (— G. Husner)), 29 octobre
          <lb/>1498; in-fol.
          <lb/>G W 4104, Hain 2938, Madsen 641, Pellechet 2199, Voulliéme:
          <lb/>Berlin 2466.
          <lb/>K 671. Prov, inconnue, 2 ex. K 1108 (2). Prov.: B N Munich,
          <lb/>22. I. 1880, 2 M. Au haut du titre: Ex Libris C. Trinkhasii.
          <lb/>Rel, anc.
          <lb/>82
          <lb/>BERNARDINUS DE PIENTINIS SEU PARENTINIS: Officii missae
          <lb/>expositio. (Strasbourg, J. Prüss, 31 octobre 14871, in-fol.
          <lb/>Hain 12420, Madsen 3042, Proctor 522 (2371), Voulliéme:
          <lb/>Berlin 2347.
          <lb/>K 674. Prov.; B N Munich, 22. I. 1880; M. 0,50.
          <lb/>83
          <lb/>BIBLIA latina. (Strasbourg, H. Eggestein, pas après le
          <lb/>24 mai 1466), 2 vol. in-fol.
          <lb/>G W 4205, Hain 3037, Pellechet 2274, Proctor 257.
          <lb/>K 693. Prov.: Vol. I. Bibliothèque Reuss, Strasbourg, 28. IV.
          <lb/>1891. Endommagé. Notes mss. à l’intérieur du 2e plat. Vol. Il.
          <lb/>B. N. Munich, 22. I. 1880. Notes mss. au verso du dernier f.
          <lb/>84
          <lb/>18
        </p>
      </div>
    </body>
  </text>
</TEI>
