<?xml version='1.0' encoding='UTF-8'?>
<?xml-model href="https://raw.githubusercontent.com/OpenITI/tei_openiti/master/tei_openiti.rng" type="application/xml" schematypens="http://relaxng.org/ns/structure/1.0"?>
<?xml-model href="https://raw.githubusercontent.com/OpenITI/tei_openiti/master/tei_openiti.rng" type="application/xml" schematypens="http://purl.oclc.org/dsdl/schematron"?>
<TEI xmlns="http://www.tei-c.org/ns/1.0">
  <teiHeader>
    <fileDesc>
      <titleStmt>
        <title/>
      </titleStmt>
      <publicationStmt>
        <p/>
      </publicationStmt>
      <sourceDesc>
        <p/>
      </sourceDesc>
    </fileDesc>
    <profileDesc>
      <calendarDesc>
        <calendar xml:id="ah">
          <p>Anno Hegirae</p>
        </calendar>
      </calendarDesc>
    </profileDesc>
    <xenoData xml:space="preserve">
CREATED: 2024-04-10T14:46:38.941277+00:00
CREATED BY: eScriptorium vpassthistobuildcmd
IMAGE FILENAME: A121078-1 Catalogue des incunables de la Bnu135.tif
IMAGE WIDTH: 2430
IMAGE HEIGHT: 3858
</xenoData>
  </teiHeader>
  <text>
    <body>
      <div>
        <p>
          <lb/>TABLE ALPHABÉTIQUE DES
          <lb/>IMPRIMEURS
          <lb/>(avec la liste chronologique de leurs ouvrages)
          <lb/>HAGUENAU
          <lb/>GRAN Henri
          <lb/>1489.
          <lb/>Johannes de Garlandia: Cornutus. 267.
          <lb/>1489.
          <lb/>Sequentiarum textus. 432.
          <lb/>(2) 1491.
          <lb/>Jacobus de Voragine: Legenda aurea. 259.
          <lb/>1491. 21. 2.
          <lb/>Bœthius: De consolatione philosophiæ. 96.
          <lb/>1491. 30. 7.
          <lb/>Exercitium grammaticale puerorum. 164.
          <lb/>1493.
          <lb/>Expositio hymnorum, 166.
          <lb/>1493. 10. 1.
          <lb/>Johannes de Verdena: Sermones dormi secure. 272.
          <lb/>1494.
          <lb/>Holkot Rob.: Super sapientiam Salomonis, 234.
          <lb/>1494.
          <lb/>Remigius: Fundamentum scolarium. 412.
          <lb/>1494. 5. 9.
          <lb/>Saliceto Nic.: Liber meditationum. 424.
          <lb/>[vers 1495).
          <lb/>Alexander de Villa Dei: Doctrinale, 3a et da pars.
          <lb/>1495. 3. 3.
          <lb/>18
          <lb/>Petrus Hispanus: Commentum novum in 1. et
          <lb/>1495. 20. 7.
          <lb/>4. tractatus. 390.
          <lb/>1495. 7. 9.
          <lb/>Alexander de Villa Dei: Doctrinale, la pars. 16.
          <lb/>Alexander de Villa Dei: Doctrinale. 2a pars. 17.
          <lb/>11496. 9. 1.1
          <lb/>Bonaventura (Pseudo-] : Sermones de tempore et
          <lb/>1496. 120. 8.]
          <lb/>de sanctis. 105.
          <lb/>Herolt Joh.; Sermones discipuli, 229.
          <lb/>1497.
          <lb/>Wann: Sermones de tempore, 487.
          <lb/>1497. 25. 7.
          <lb/>Lochmeyer Mich.: Sermones de sanctis. 286.
          <lb/>1497. 27. 7.
          <lb/>Michael de Hungaria: Sermones de sanctis. 323.
          <lb/>105
        </p>
      </div>
    </body>
  </text>
</TEI>
