<?xml version='1.0' encoding='UTF-8'?>
<?xml-model href="https://raw.githubusercontent.com/OpenITI/tei_openiti/master/tei_openiti.rng" type="application/xml" schematypens="http://relaxng.org/ns/structure/1.0"?>
<?xml-model href="https://raw.githubusercontent.com/OpenITI/tei_openiti/master/tei_openiti.rng" type="application/xml" schematypens="http://purl.oclc.org/dsdl/schematron"?>
<TEI xmlns="http://www.tei-c.org/ns/1.0">
  <teiHeader>
    <fileDesc>
      <titleStmt>
        <title/>
      </titleStmt>
      <publicationStmt>
        <p/>
      </publicationStmt>
      <sourceDesc>
        <p/>
      </sourceDesc>
    </fileDesc>
    <profileDesc>
      <calendarDesc>
        <calendar xml:id="ah">
          <p>Anno Hegirae</p>
        </calendar>
      </calendarDesc>
    </profileDesc>
    <xenoData xml:space="preserve">
CREATED: 2024-04-10T14:46:39.507499+00:00
CREATED BY: eScriptorium vpassthistobuildcmd
IMAGE FILENAME: A121078-1 Catalogue des incunables de la Bnu157.tif
IMAGE WIDTH: 2452
IMAGE HEIGHT: 3854
</xenoData>
  </teiHeader>
  <text>
    <body>
      <div>
        <p>
          <lb/>Hain — Ritter
          <lb/>3.336 — 95
          <lb/>3.338 — 93
          <lb/>3.359 — 98
          <lb/>3.382 — 97
          <lb/>3.383 — 96
          <lb/>3.422 — 99
          <lb/>3.424 — 100
          <lb/>3.436 — 101
          <lb/>3.465 — 102
          <lb/>3.468 — 103
          <lb/>3.469 — 104
          <lb/>3.483 — 107
          <lb/>3.520 — 105
          <lb/>3523 — 106
          <lb/>3.534 — 342
          <lb/>3.535 — 343
          <lb/>3.583 — 108
          <lb/>3.697 — 109
          <lb/>3.707 = 110
          <lb/>3.708— 111
          <lb/>3.726 — 112
          <lb/>3.732 — 115
          <lb/>3.749 — 114
          <lb/>3.760 — 113
          <lb/>3.790 — 116
          <lb/>4.006 — 117
          <lb/>4.017 — 118
          <lb/>4.021– 119
          <lb/>4.103 — 147
          <lb/>4.161— 72
          <lb/>4.162 — 73
          <lb/>4.164 — 74
          <lb/>4.411 — 263
          <lb/>4.418 — 121
          <lb/>4.421 — 122
          <lb/>4.436 — 125
          <lb/>4.442 — 123
          <lb/>4.471 — 124
          <lb/>4.572 — 126
          <lb/>4.660 — 316
          <lb/>4.662 — 317
          <lb/>4.665 — 128
          <lb/>4.666 — 127
          <lb/>4.721 — 129
          <lb/>5.023 — 496
          <lb/>5.034 — 264
          <lb/>5,388 — 26
          <lb/>5.391 — 27
          <lb/>5.397 — 28
          <lb/>5.399 — 29
          <lb/>5.407 — 132
          <lb/>5.413 — 133
          <lb/>5.503 — 134
          <lb/>5.509 — 135
          <lb/>55510 — 136
          <lb/>Hain — Ritter
          <lb/>5.511 — 137
          <lb/>5.529 — 384
          <lb/>5.532 — 385
          <lb/>5.533 — 386
          <lb/>5.538 — 387
          <lb/>5.558 — 138
          <lb/>3
          <lb/>–
          <lb/>5.609
          <lb/>5.579 — 266
          <lb/>5.629 — 141
          <lb/>5.678 — 459
          <lb/>5.746 — 143
          <lb/>5.747 — 142
          <lb/>5.748— 144
          <lb/>5.831 — 145
          <lb/>5.904 — 146
          <lb/>5.922 — 45
          <lb/>6.274 — 148
          <lb/>6.395 — 149
          <lb/>6.461 — 150
          <lb/>6.462 — 152
          <lb/>6.465 — 153
          <lb/>6.466 — 151
          <lb/>6.489 — 154
          <lb/>6.491 — 155
          <lb/>6.492 — 156
          <lb/>6.494 — 157
          <lb/>6.496 — 158
          <lb/>6.506 — 159
          <lb/>6.542 — 130
          <lb/>6.683 — 495
          <lb/>6.708 — 160
          <lb/>64714 — 161
          <lb/>6.747 — 162
          <lb/>6.759 — 163
          <lb/>6.768 — 164
          <lb/>6.773 — 165
          <lb/>6.785 — 166
          <lb/>6.915 — 419
          <lb/>6.916 — 418
          <lb/>6.936 — 416
          <lb/>6.937— 417
          <lb/>6.940 — 420
          <lb/>6985 — 168
          <lb/>7.005 — 169
          <lb/>7.009— 170/1
          <lb/>7.153 — 172
          <lb/>7.170 — 173
          <lb/>7.260 — 174
          <lb/>7.444 — 265
          <lb/>7.449 — 176
          <lb/>7.470 — 267
          <lb/>7.516 — 178
          <lb/>7.622 — 179
          <lb/>7.623 — 180
          <lb/>7.625 — 181
          <lb/>Hain — Ritter
          <lb/>7.658 — 182
          <lb/>7.741 — 183
          <lb/>7.745 — 184
          <lb/>7.746 — 185
          <lb/>7.747 — 186
          <lb/>7.751 — 187
          <lb/>7.879 — 262
          <lb/>7.883 — 189
          <lb/>7.884 — 190
          <lb/>7.901 — 191
          <lb/>7.907 — 192
          <lb/>7.957 — 193
          <lb/>7.987 = 194
          <lb/>7.996 — 195
          <lb/>8.071 — 196
          <lb/>8.075 — 197
          <lb/>8.078 — 198
          <lb/>8.157 — 200
          <lb/>8.189 — 201
          <lb/>84194 — 202
          <lb/>8.197 — 203
          <lb/>8.199 — 204
          <lb/>8.205 — 205
          <lb/>8.212 — 206
          <lb/>8.262 — 207
          <lb/>8.263 — 208
          <lb/>8.266 — 209
          <lb/>8.269 — 210
          <lb/>8.272 — 211
          <lb/>8.281 — 212
          <lb/>8.299 — 213
          <lb/>8.320 — 214
          <lb/>8.370 — 455
          <lb/>8.397 — 218
          <lb/>8.425 — 215
          <lb/>8.426 — 216
          <lb/>8.473 — 222
          <lb/>8.486 — 223
          <lb/>8.495 — 224
          <lb/>8.496 — 225
          <lb/>8.497 — 226
          <lb/>8.503 — 227
          <lb/>8.505 — 228
          <lb/>8.507 — 229
          <lb/>8.508 — 230
          <lb/>8.510 — 221
          <lb/>8.517 — 219
          <lb/>8.521 — 220
          <lb/>8.549 — 231
          <lb/>8.597 — 232
          <lb/>8.663 — 233
          <lb/>8.708 — 390
          <lb/>8.761 — 234
          <lb/>8.898 — 235
          <lb/>8.936 — 237
          <lb/>130
        </p>
      </div>
    </body>
  </text>
</TEI>
