<?xml version='1.0' encoding='UTF-8'?>
<?xml-model href="https://raw.githubusercontent.com/OpenITI/tei_openiti/master/tei_openiti.rng" type="application/xml" schematypens="http://relaxng.org/ns/structure/1.0"?>
<?xml-model href="https://raw.githubusercontent.com/OpenITI/tei_openiti/master/tei_openiti.rng" type="application/xml" schematypens="http://purl.oclc.org/dsdl/schematron"?>
<TEI xmlns="http://www.tei-c.org/ns/1.0">
  <teiHeader>
    <fileDesc>
      <titleStmt>
        <title/>
      </titleStmt>
      <publicationStmt>
        <p/>
      </publicationStmt>
      <sourceDesc>
        <p/>
      </sourceDesc>
    </fileDesc>
    <profileDesc>
      <calendarDesc>
        <calendar xml:id="ah">
          <p>Anno Hegirae</p>
        </calendar>
      </calendarDesc>
    </profileDesc>
    <xenoData xml:space="preserve">
CREATED: 2024-04-10T14:46:37.555239+00:00
CREATED BY: eScriptorium vpassthistobuildcmd
IMAGE FILENAME: A121078-1 Catalogue des incunables de la Bnu084.tif
IMAGE WIDTH: 2392
IMAGE HEIGHT: 3846
</xenoData>
  </teiHeader>
  <text>
    <body>
      <div>
        <p>
          <lb/>JACOBUS DE THERAMO: [Buch Belial.) [Strasbourg, H. Knob¬
          <lb/>lochtzer, 14831, in-fol.
          <lb/>Schorbach K. et M. Spirgatis, Heinrich Knoblochtzer, p. 35-36
          <lb/>et planche 27/28, Copinger III, 5813, Pellechet: Colmar 1230,
          <lb/>Schreiber 4288, Schramm XIX, grav. N° 11-44; Voulliéme:
          <lb/>Berlin, 2212.
          <lb/>K 2137. Prov.: Bibl. Heitz, Strasbourg, feuille unique avec
          <lb/>gravure, sign. h 3.
          <lb/>250
          <lb/>JACOBUS DE THERAMO: Belial. (Strasbourg, H. Knobloch¬
          <lb/>tzer), 1484, in-fol.
          <lb/>Madsen 2165, Proctor 373, Schorbach et Spirgatis, p. 36-37,
          <lb/>N° 16, Voulliéme: Berlin 2214.
          <lb/>K 2138. Proy.: Don de Fid. Butsch fils, Augsbourg, 1871. Notes
          <lb/>mss. à l’intérieur du 1er et du 2° plat. Rel. anc.
          <lb/>251
          <lb/>JACOBUS DE VORAGINE: Legenda aurea. Historia Lombar¬
          <lb/>dica. [Strasbourg, G. Husner, s. d.), in-fol.
          <lb/>Copinger 6388, Voulliéme, Berlin 2204, 6; Pellechet: Colmar
          <lb/>1343.
          <lb/>K 2116a. Prov.: Casp. Haugg. Augsbourg, 14. IX. 1891, 10 M.
          <lb/>Notes mss. à l’intérieur du 1er plat. Au bas du fol. la: «Ad
          <lb/>P. P. Franciscanos Novembergij ante Sylvam. Pro Cella 1 D.»
          <lb/>Rel. anc.
          <lb/>252
          <lb/>JACOBUS DE VORAGINE: Legenda aurea. Historia Lombar¬
          <lb/>dica. Strasbourg, [G. Husner, ), 1479, in-fol.
          <lb/>Copinger 6417, Madsen 2174, Proctor 359, Pellechet; Colmar
          <lb/>1346.
          <lb/>K 2117. Prov.: Bibliothèque W. Menzel, 19. III. 1874, avec
          <lb/>l’autographe de Menzel à l’intérieur du 1er plat. Notes mss.
          <lb/>Au verso du dernier, f. blanc: «Iste liber est domus sancti
          <lb/>Johannis baptistae Cartus.». (Le reste illisible). Rel. anc. 253
          <lb/>JACOBUS DE VORAGINE: Passional. (Strasbourg, J. Prüss,
          <lb/>vers 1480). Voir; Passional, N° 371.
          <lb/>JACOBUS DE VORAGINE: Legenda aurea. Historia Lombar¬
          <lb/>dica, (imprimeur du Jordanus (— G. Husner)), 1483,
          <lb/>in-fol.
          <lb/>54
        </p>
      </div>
    </body>
  </text>
</TEI>
