<?xml version='1.0' encoding='UTF-8'?>
<?xml-model href="https://raw.githubusercontent.com/OpenITI/tei_openiti/master/tei_openiti.rng" type="application/xml" schematypens="http://relaxng.org/ns/structure/1.0"?>
<?xml-model href="https://raw.githubusercontent.com/OpenITI/tei_openiti/master/tei_openiti.rng" type="application/xml" schematypens="http://purl.oclc.org/dsdl/schematron"?>
<TEI xmlns="http://www.tei-c.org/ns/1.0">
  <teiHeader>
    <fileDesc>
      <titleStmt>
        <title/>
      </titleStmt>
      <publicationStmt>
        <p/>
      </publicationStmt>
      <sourceDesc>
        <p/>
      </sourceDesc>
    </fileDesc>
    <profileDesc>
      <calendarDesc>
        <calendar xml:id="ah">
          <p>Anno Hegirae</p>
        </calendar>
      </calendarDesc>
    </profileDesc>
    <xenoData xml:space="preserve">
CREATED: 2024-04-10T14:46:36.439942+00:00
CREATED BY: eScriptorium vpassthistobuildcmd
IMAGE FILENAME: A121078-1 Catalogue des incunables de la Bnu003.tif
IMAGE WIDTH: 2392
IMAGE HEIGHT: 3842
</xenoData>
  </teiHeader>
  <text>
    <body>
      <div>
        <p>
          <lb/>A 4215
          <lb/>REPERTOIRE BIBLIOGRAPHIQUE DES LIVRES
          <lb/>IMPRIMES EN ALSACE
          <lb/>AUX XVe ET XVI° SIÈCLES
          <lb/>PREMIERE PARTIE
          <lb/>CATALOGUE DES INCUNABLES
          <lb/>DE LA BIBLIOTHEQUE NATIONALE
          <lb/>ET UNIVERSITAIRE DE STRASBOURG
          <lb/>PAR
          <lb/>FR. RITTER
          <lb/>EDITIONS P. H. HEITZ
          <lb/>STRASBOURG
          <lb/>1937
          <lb/>Sipstoun
        </p>
      </div>
    </body>
  </text>
</TEI>
