<?xml version='1.0' encoding='UTF-8'?>
<?xml-model href="https://raw.githubusercontent.com/OpenITI/tei_openiti/master/tei_openiti.rng" type="application/xml" schematypens="http://relaxng.org/ns/structure/1.0"?>
<?xml-model href="https://raw.githubusercontent.com/OpenITI/tei_openiti/master/tei_openiti.rng" type="application/xml" schematypens="http://purl.oclc.org/dsdl/schematron"?>
<TEI xmlns="http://www.tei-c.org/ns/1.0">
  <teiHeader>
    <fileDesc>
      <titleStmt>
        <title/>
      </titleStmt>
      <publicationStmt>
        <p/>
      </publicationStmt>
      <sourceDesc>
        <p/>
      </sourceDesc>
    </fileDesc>
    <profileDesc>
      <calendarDesc>
        <calendar xml:id="ah">
          <p>Anno Hegirae</p>
        </calendar>
      </calendarDesc>
    </profileDesc>
    <xenoData xml:space="preserve">
CREATED: 2024-04-10T14:46:37.431702+00:00
CREATED BY: eScriptorium vpassthistobuildcmd
IMAGE FILENAME: A121078-1 Catalogue des incunables de la Bnu075.tif
IMAGE WIDTH: 2384
IMAGE HEIGHT: 3844
</xenoData>
  </teiHeader>
  <text>
    <body>
      <div>
        <p>
          <lb/>GUILELMUS PARISIENSIS: Postilla super epistolas et evan¬
          <lb/>gelia. Strasbourg, (imprimeur du Jordanus (— G. Hus¬
          <lb/>ner)), 9 mars 1485, in-fol.
          <lb/>Hain 8262, Proctor 594, Voulliéme: Berlin 2403, 6.
          <lb/>K 1861. Prov.: B N Munich, 22. I. 1880, 2 M.
          <lb/>207
          <lb/>GUILELMUS PARISIENSIS: Postilla super epistolas et evan¬
          <lb/>gelia. Strasbourg, (imprimeur du Jordanus (— G. Hus-
          <lb/>ner) ), 1er mars 1486, in-fol.
          <lb/>Hain 8263, Pellechet: Colmar 720, Proctor 601, Voulliéme:
          <lb/>Berlin 2409.
          <lb/>K 1862. Prov.; B N Munich, 22. I. 1880, 2 M.
          <lb/>208
          <lb/>GUILELMUS PARISIENSIS: Postilla super epistolas et evan¬
          <lb/>gelia. Strasbourg, (imprimeur du Jordanus (— G. Hus¬
          <lb/>ner), 1488, in-fol.
          <lb/>Hain 8266, Pellechet: Colmar 721, Voulliéme: Berlin 2420.
          <lb/>K1864. Prov.: B N Munich, 22. I. 1880, 1 M. 50. Rel. anc. 209.
          <lb/>GUILELMUS PARISIENSIS: Postilla super epistolas et evan¬
          <lb/>gelia. Strasbourg, (imprimeur du Jordanus (— G. Hus¬
          <lb/>ner), 14 août 1489, in-fol.
          <lb/>Hain 8269, Voullième: Berlin 2432, 5.
          <lb/>K 1865. Prov.: B N Munich, 22. I. 1880, 1 M. 50. A l’intérieur
          <lb/>du 1er plat: «Monasterium Althominster 1543». Rel. anc. 210
          <lb/>GUILELMUS PARISIENSIS: Postilla super epistolas et evan¬
          <lb/>gelia. Strasbourg, (imprimeur du Jordanus (— G. Hus¬
          <lb/>ner), 2 nov. 1490, in-fol.
          <lb/>Hain 8272, Madsen 1859, Proctor 657, Voulliéme: Berlin 2440.
          <lb/>K 1867. Prov.: Fid. Butsch fils, Augsbourg, 1871. Au-dessus
          <lb/>du titre: «Monasterij Ranshouen». Rel. anc.
          <lb/>211
          <lb/>GUILELMUS PARISIENSIS: Postilla super epistolas et evan¬
          <lb/>gelia. Strasbourg, (imprimeur du Jordanus (— G. Hus¬
          <lb/>ner), 4 mars 1493, in-fol.
          <lb/>45
        </p>
      </div>
    </body>
  </text>
</TEI>
