<?xml version='1.0' encoding='UTF-8'?>
<?xml-model href="https://raw.githubusercontent.com/OpenITI/tei_openiti/master/tei_openiti.rng" type="application/xml" schematypens="http://relaxng.org/ns/structure/1.0"?>
<?xml-model href="https://raw.githubusercontent.com/OpenITI/tei_openiti/master/tei_openiti.rng" type="application/xml" schematypens="http://purl.oclc.org/dsdl/schematron"?>
<TEI xmlns="http://www.tei-c.org/ns/1.0">
  <teiHeader>
    <fileDesc>
      <titleStmt>
        <title/>
      </titleStmt>
      <publicationStmt>
        <p/>
      </publicationStmt>
      <sourceDesc>
        <p/>
      </sourceDesc>
    </fileDesc>
    <profileDesc>
      <calendarDesc>
        <calendar xml:id="ah">
          <p>Anno Hegirae</p>
        </calendar>
      </calendarDesc>
    </profileDesc>
    <xenoData xml:space="preserve">
CREATED: 2024-04-10T14:46:37.950411+00:00
CREATED BY: eScriptorium vpassthistobuildcmd
IMAGE FILENAME: A121078-1 Catalogue des incunables de la Bnu100.tif
IMAGE WIDTH: 2396
IMAGE HEIGHT: 3850
</xenoData>
  </teiHeader>
  <text>
    <body>
      <div>
        <p>
          <lb/>MOLITORIS ULRICUS: De laniis et phitonicis mulieribus.
          <lb/>(Strasbourg, Mart. Flach, 10 janvier 1489), in-4°.
          <lb/>Hain 11.536, Proctor 720, Schreiber 4785, Voulliéme: Ber¬
          <lb/>lin 2513.
          <lb/>K 2626. Prov.: Bibliothèque Böcking. Au recto du 1er f. de
          <lb/>garde: «Emi Lipsiae Sept. a. 1854.» Au-dessous: «sehr selten.»
          <lb/>330
          <lb/>MONTE ROTHERII ou ROCHERH. Voir: Guido de Monte
          <lb/>Rotherii.
          <lb/>MONTEVILLA Joh. de. Voir: Mandeville Johannes de.
          <lb/>MURNER THOMAS: Invectiva contra astrologos. (Strasbourg,
          <lb/>Matth. Hupfuff, 8 mai 1499), in-4°.
          <lb/>Hain 11649, Proctor 3211, Schreiber 4817, Voulliéme: Berlin
          <lb/>2544, 5 (l’attribue à Matthias Hupfuff, Strasbourg); d’autres
          <lb/>par erreur à M. Reinhard, Kirchheim.
          <lb/>K 2649. Prov.: Librairie Trübner, Strasbourg, 3/IV 1890,
          <lb/>120 M.
          <lb/>331
          <lb/>MURNER THOMAS: Tractatus de phytonico contractu. (Stras¬
          <lb/>bourg, Matth. Hupfuff, 1499), in4°.
          <lb/>Hain 11.647, Proctor 3212, Schmidt, Histoire Littéraire de
          <lb/>l’Alsace, Paris 1879, Vol. Il, p. 419, N° 309, Voulliéme: Berlin
          <lb/>2544, 7 (l’attribue à Matthias Hupfuff, Strasbourg); les autres
          <lb/>par erreur à M. Reinhard, Kirchheim; Walter: Sélestat 340.
          <lb/>K 2648. Prov.: Bibliothèque Heitz, Strasbourg.
          <lb/>332
          <lb/>NICOLAUS: De praeliis et occasu ducis Burgundiae. (Stras¬
          <lb/>bourg, impr. du H. Ariminensis, vers 1477), in-4°.
          <lb/>Hain 11757, Proctor 308.
          <lb/>K 2664. Prov, inconnue. Sur une fiche blanche avant le titre:
          <lb/>«Nicolaus, de occasu ducis Burgundiae. (Arg. Knoblochtzer,
          <lb/>1477), in-4°. Car. goth., 18 ff. sans pagination ni signature.
          <lb/>L’impression est la même que celle de la Burgundische
          <lb/>Historie. V. Knoblochtzer par Schorbach et Spirgatis 1888.
          <lb/>Ces messieurs n’ont pas connu le petit traité. Relié avec
          <lb/>Ketneri Epigramata, 1543. Catal. Vol. 1, p. 217.» Au-dessous:
          <lb/>«Ist jetzt besonders gebunden.» A l’intérieur du 1er plat,
          <lb/>cachet: «Collegium Wilhelmitanum.»
          <lb/>333
          <lb/>70
        </p>
      </div>
    </body>
  </text>
</TEI>
