<?xml version='1.0' encoding='UTF-8'?>
<?xml-model href="https://raw.githubusercontent.com/OpenITI/tei_openiti/master/tei_openiti.rng" type="application/xml" schematypens="http://relaxng.org/ns/structure/1.0"?>
<?xml-model href="https://raw.githubusercontent.com/OpenITI/tei_openiti/master/tei_openiti.rng" type="application/xml" schematypens="http://purl.oclc.org/dsdl/schematron"?>
<TEI xmlns="http://www.tei-c.org/ns/1.0">
  <teiHeader>
    <fileDesc>
      <titleStmt>
        <title/>
      </titleStmt>
      <publicationStmt>
        <p/>
      </publicationStmt>
      <sourceDesc>
        <p/>
      </sourceDesc>
    </fileDesc>
    <profileDesc>
      <calendarDesc>
        <calendar xml:id="ah">
          <p>Anno Hegirae</p>
        </calendar>
      </calendarDesc>
    </profileDesc>
    <xenoData xml:space="preserve">
CREATED: 2024-04-10T14:46:39.100141+00:00
CREATED BY: eScriptorium vpassthistobuildcmd
IMAGE FILENAME: A121078-1 Catalogue des incunables de la Bnu144.tif
IMAGE WIDTH: 2434
IMAGE HEIGHT: 3854
</xenoData>
  </teiHeader>
  <text>
    <body>
      <div>
        <p>
          <lb/>1490. 15. 4.
          <lb/>Petrus de Alliaco: Quaestiones super libros sen¬
          <lb/>tentiarum. 382.
          <lb/>1490. 9. 8.
          <lb/>Modus legendi abbreviaturas, 327.
          <lb/>1490. 16. 8.
          <lb/>Jacobus de Voragine: Legenda aurea. 258.
          <lb/>1490. 2. 11.
          <lb/>Guilelmus Parisiensis: Postilla, 211.
          <lb/>1490. 29. 11.
          <lb/>Guido de Monte Rotherii: Manipulus curatorum.
          <lb/>204.
          <lb/>1490. 31. 12.
          <lb/>Gritsch Joh.: Quadragesimale, 197.
          <lb/>1491. 6. 1.
          <lb/>Ockam: Quodlibeta septem. 348.
          <lb/>1491. 1. 2.
          <lb/>Brack: Vocabularius rerum. 110.
          <lb/>1491. 11.8.
          <lb/>Bartholomaeus Anglicus: De proprietatibus rerum.
          <lb/>67
          <lb/>1491. 29. 12.
          <lb/>Regimen sanitatis. 408.
          <lb/>1492. (9. 8.1.
          <lb/>Jacobus de Voragine: Legenda aurea. 260.
          <lb/>1493.
          <lb/>Corona Beatae Mariae Virginis, 144.
          <lb/>1493.
          <lb/>Ferrerius Vinc.: Sermones de tempore. Pars aesti¬
          <lb/>valis. 170.
          <lb/>1493.
          <lb/>Ferrerius Vinc.: Sermones de tempore. Pars hie¬
          <lb/>malis. 171.
          <lb/>1493.
          <lb/>Guido de Monte Rotherii: Manipulus curatorum.
          <lb/>205.
          <lb/>1493. 12. 1.
          <lb/>Reuchlin Joh.: Vocabularius breviloquus, 414.
          <lb/>1493. 25. 1.
          <lb/>Gesta Romanorum. 186.
          <lb/>1493. 4. 3.
          <lb/>Guilelmus Parisiensis; Postilla. 212.
          <lb/>1493. 19. 7.
          <lb/>Durandus: Rationale divinorum officiorum, 158.
          <lb/>1493. 23. 8.
          <lb/>Bernardus Parmensis: Casus longi super decre¬
          <lb/>tales. 81.
          <lb/>1494.
          <lb/>Johannes de Verdena: Sermones dormi secure.
          <lb/>273.
          <lb/>1494. 26. 5.
          <lb/>Historia Alexandri Magni. 283.
          <lb/>1494. 21. 7.
          <lb/>Modus legendi abbreviaturas. 328.
          <lb/>1494. 25. 7.
          <lb/>Columna: Historia destructionis Trojae. 137.
          <lb/>1495. 18. 12.
          <lb/>Bonaventura: Opuscula parva. 103.
          <lb/>1495. 22. 11.
          <lb/>Nicolaus de Blony: Sermones de tempore et de
          <lb/>sanctis. 334.
          <lb/>1495. 4. 12.
          <lb/>Speculum exemplorum. 441.
          <lb/>1495. 22. 12.
          <lb/>Brack: Vocabularius rerum. 111.
          <lb/>1496. 11. 2.
          <lb/>Sermones tres de passione, 435.
          <lb/>1496. 112. 31.
          <lb/>Bonaventura: Sermones mediocres de tempore.
          <lb/>106.
          <lb/>1496. 12. 3.
          <lb/>Gregorius I. Magnus: Pastorale. 194.
          <lb/>1496. 18. 8.
          <lb/>Regnierus: Casus longi Sexti et Clementinarum.
          <lb/>411.
          <lb/>1498. 23. 8.
          <lb/>Nicolaus de Blony: Sermones de tempore, 335.
          <lb/>1498. 29. 10.
          <lb/>Bernardus Parmensis: Casus longi super decre¬
          <lb/>tales. 82.
          <lb/>1499. 7/12. 1.
          <lb/>Gesta Romanorum. 187.
          <lb/>1499. 9. 2.
          <lb/>Compendium juris canonici. 138.
          <lb/>[vers 15001.
          <lb/>Petrus Comestor: Historia scholastica. 387.
          <lb/>s. d.
          <lb/>Melber Joh.: Vocabularius praedicantium. 309.
          <lb/>114
        </p>
      </div>
    </body>
  </text>
</TEI>
