<?xml version='1.0' encoding='UTF-8'?>
<?xml-model href="https://raw.githubusercontent.com/OpenITI/tei_openiti/master/tei_openiti.rng" type="application/xml" schematypens="http://relaxng.org/ns/structure/1.0"?>
<?xml-model href="https://raw.githubusercontent.com/OpenITI/tei_openiti/master/tei_openiti.rng" type="application/xml" schematypens="http://purl.oclc.org/dsdl/schematron"?>
<TEI xmlns="http://www.tei-c.org/ns/1.0">
  <teiHeader>
    <fileDesc>
      <titleStmt>
        <title/>
      </titleStmt>
      <publicationStmt>
        <p/>
      </publicationStmt>
      <sourceDesc>
        <p/>
      </sourceDesc>
    </fileDesc>
    <profileDesc>
      <calendarDesc>
        <calendar xml:id="ah">
          <p>Anno Hegirae</p>
        </calendar>
      </calendarDesc>
    </profileDesc>
    <xenoData xml:space="preserve">
CREATED: 2024-04-10T14:46:37.501754+00:00
CREATED BY: eScriptorium vpassthistobuildcmd
IMAGE FILENAME: A121078-1 Catalogue des incunables de la Bnu080.tif
IMAGE WIDTH: 2384
IMAGE HEIGHT: 3840
</xenoData>
  </teiHeader>
  <text>
    <body>
      <div>
        <p>
          <lb/>HIERONYMUS S.: Vitae patrum. (Strasbourg, imprimeur des
          <lb/>Vitas patrum), 7 mars 1483, in-fol.
          <lb/>Hain 8597, Pellechet: Colmar 774, Proctor 418, Voulliéme:
          <lb/>Berlin 2251; Walter: Sélestat 251 et 252.
          <lb/>K 1983. Prov.: Don du prince de Bentheim, 1874, provenant
          <lb/>du couvent de Frenswegen. Incomplet, la fin manque. Notes
          <lb/>mss. au recto et au verso du f. de garde et au 1er fol. A
          <lb/>l&amp;#x27;intérieur du 1er plat; «1483. Liber domus clericorum alber¬
          <lb/>curie (?) in Cassil.» Rel. anc.
          <lb/>232
          <lb/>HILARIUS LITOMIRICENSIS: Tractatus contra perfidiam ali¬
          <lb/>quorum Bohemorum. Strasbourg, (imprimeur du Jor¬
          <lb/>danus (— G. Husner)), 15 juin 1485, in 4°.
          <lb/>Hain 8663, Madsen 1988, Proctor 596, Voulliéme: Berlin 2406.
          <lb/>K 1989. Prov.; K. J. Trübner, Strasbourg, 27. V. 1882, 42 M.
          <lb/>Notes mss. à l&amp;#x27;intérieur du 1er plat. Rel. anc.
          <lb/>233
          <lb/>HISTORIA ALEXANDRI MAGNI. Voir: Leo Archipresbyter.
          <lb/>HISTORIA ECCLESIASTICA. Voir: Eusebius.
          <lb/>HISTORIA ECCLESIASTICA TRIPARTITATA. Voir: Cassiodorus.
          <lb/>HISTORIA LOMBARDICA. Voir: Jacobus de Voragine.
          <lb/>HISTORIA SCHOLASTICA. Voir: Petrus Comestor.
          <lb/>HOLKOT ROBERTUS: Opus super sapientiam Salomonis.
          <lb/>Haguenau, (H. Gran), 1494, in-fol.
          <lb/>Hain 8761, Proctor 3181, Voulliéme: Berlin 1173.
          <lb/>K 2004. Prov.; B N Munich, 14. IV. 1880, 2 M. 50. Rel. anc.
          <lb/>234
          <lb/>HORATIUS: Opera cum annotationibus Jacobi Locher. Stras¬
          <lb/>bourg, J. Grüninger, 12 mars 1498, in-fol.
          <lb/>Hain 8898, Madsen 2031, Proctor 485, Schmidt I, 34, Schrei¬
          <lb/>ber 4240, Voulliéme: Berlin 2302, Pellechet: Colmar 790.
          <lb/>Schramm,. Bilderschmuck XX, grav. N° 391-465.
          <lb/>K 2044. Prov.: Dr Seyboth, Strasbourg, par l’intermédiaire
          <lb/>d’E. d’Oleire, 8. XII. 1895, 10 M. A l’intérieur du 1er plat, au
          <lb/>haut: Ex libris Caroli De la Place; au milieu, au crayon:
          <lb/>«1498. Imprimé par Grüninger, à Strasbourg, grav. bois 166
          <lb/>(dont plusieurs répétées souvent). Rel. anc.
          <lb/>235
          <lb/>50
        </p>
      </div>
    </body>
  </text>
</TEI>
