<?xml version='1.0' encoding='UTF-8'?>
<?xml-model href="https://raw.githubusercontent.com/OpenITI/tei_openiti/master/tei_openiti.rng" type="application/xml" schematypens="http://relaxng.org/ns/structure/1.0"?>
<?xml-model href="https://raw.githubusercontent.com/OpenITI/tei_openiti/master/tei_openiti.rng" type="application/xml" schematypens="http://purl.oclc.org/dsdl/schematron"?>
<TEI xmlns="http://www.tei-c.org/ns/1.0">
  <teiHeader>
    <fileDesc>
      <titleStmt>
        <title/>
      </titleStmt>
      <publicationStmt>
        <p/>
      </publicationStmt>
      <sourceDesc>
        <p/>
      </sourceDesc>
    </fileDesc>
    <profileDesc>
      <calendarDesc>
        <calendar xml:id="ah">
          <p>Anno Hegirae</p>
        </calendar>
      </calendarDesc>
    </profileDesc>
    <xenoData xml:space="preserve">
CREATED: 2024-04-10T14:46:38.157107+00:00
CREATED BY: eScriptorium vpassthistobuildcmd
IMAGE FILENAME: A121078-1 Catalogue des incunables de la Bnu103.tif
IMAGE WIDTH: 2400
IMAGE HEIGHT: 3850
</xenoData>
  </teiHeader>
  <text>
    <body>
      <div>
        <p>
          <lb/>K 2448. Prov.: J. Bensheimer, Strasbours, 30. VII. 1879, 18 M.
          <lb/>Entre les 2 colonnes du 1er f.: Pro Bibliotheca P. P. Francis¬
          <lb/>canorum Recollectorum in Rastatt. Au haut: Cachet de la
          <lb/>Société de Jésus. Rel, anc. Endommagé.
          <lb/>344
          <lb/>NICOLAUS DE LYRA: Postilla super bibliam. (Strasbourg,
          <lb/>J. Mentelin, vers 1475), in-fol.
          <lb/>Hain 10366, Madsen 2870, Pellechet: Colmar 917, Proctor 223,
          <lb/>Voulliéme: Berlin 2105; Schorbach: Mentelin N° 20; vers
          <lb/>1470-1472.
          <lb/>K 2444. Prov.: Don de la ville de Heilbronn, 1871. Rel. anc.
          <lb/>345
          <lb/>NIDER JOHANNES: Praeceptorium divinae legis. Strasbourg,
          <lb/>G. Husner, 13 février 1476, in-fol.
          <lb/>Hain 11790, Madsen 2900, Pellechet: Colmar 1010, Proctor
          <lb/>347. Voullième; Berlin 2194, Walter: Sélestat 342.
          <lb/>K 2693a. Prov.: A. F. Butsch, Augsbourg, 6. IL. 1883, 25 M.
          <lb/>Rel. anc.
          <lb/>346
          <lb/>NIDER JOHANNES: Praeceptorium divinae legis. Strasbourg,
          <lb/>imprimeur du Jordanus (— G. Husner)), 1483, in-fol.
          <lb/>Hain 11795, Madsen 2906, Pellechet: Colmar 1012, Proctor
          <lb/>585. Voullième: Berlin 2400.
          <lb/>K 2695. Prov.: List &amp;amp; Francke, Leipzig, 20. III. 1887, 6 M.
          <lb/>Notes mss.
          <lb/>347
          <lb/>OCKAM GUILELMUS: Quodlibeta septem. Strasbourg, (impr.
          <lb/>du Jordanus (— G. Husner)), 6 janvier 1491, in-fol.
          <lb/>Hain 11941, Madsen 1879, Pellechet: Colmar 1027, Proctor
          <lb/>661. Voullième: Berlin 2442.
          <lb/>K 2737a. Prov.: Les héritiers de C. Geyling, Vienne, 18. I.
          <lb/>1886, 8 M. De nombreuses notes mss. Au-dessous du titre:
          <lb/>«Carthusiae Gemnicensis».
          <lb/>348
          <lb/>ORIOL Petrus. Voir; Aureolus.
          <lb/>OTTO VON PASSAU: Die vierundzwanzig Alten. Strasbourg,
          <lb/>Martin Schott, 6, nov. 1483, in-fol.
          <lb/>Cop. 4541, Kristeller 24, Schreiber 4881, Voulliéme: Ber¬
          <lb/>lin 2230. Schramm, Bilderschmuck XIX, grav. N° 772-775.
          <lb/>K 2765. Prov.: Vente Trübner, Strasbourg. (Catal. (N° 123/4),
          <lb/>30. X. 1886, 203 M.
          <lb/>349
          <lb/>73
        </p>
      </div>
    </body>
  </text>
</TEI>
