<?xml version='1.0' encoding='UTF-8'?>
<?xml-model href="https://raw.githubusercontent.com/OpenITI/tei_openiti/master/tei_openiti.rng" type="application/xml" schematypens="http://relaxng.org/ns/structure/1.0"?>
<?xml-model href="https://raw.githubusercontent.com/OpenITI/tei_openiti/master/tei_openiti.rng" type="application/xml" schematypens="http://purl.oclc.org/dsdl/schematron"?>
<TEI xmlns="http://www.tei-c.org/ns/1.0">
  <teiHeader>
    <fileDesc>
      <titleStmt>
        <title/>
      </titleStmt>
      <publicationStmt>
        <p/>
      </publicationStmt>
      <sourceDesc>
        <p/>
      </sourceDesc>
    </fileDesc>
    <profileDesc>
      <calendarDesc>
        <calendar xml:id="ah">
          <p>Anno Hegirae</p>
        </calendar>
      </calendarDesc>
    </profileDesc>
    <xenoData xml:space="preserve">
CREATED: 2024-04-10T14:46:37.100077+00:00
CREATED BY: eScriptorium vpassthistobuildcmd
IMAGE FILENAME: A121078-1 Catalogue des incunables de la Bnu051.tif
IMAGE WIDTH: 2382
IMAGE HEIGHT: 3840
</xenoData>
  </teiHeader>
  <text>
    <body>
      <div>
        <p>
          <lb/>BoCCAcCIO Giovanni: De claris mulieribus. (Strasbourg, G.
          <lb/>Husner, vers 1474/5), in-fol.
          <lb/>G W 4484, Hain 3327, Madsen 746, Pellechet 2473, Proctor 353,
          <lb/>Voulliéme: Berlin 2201.
          <lb/>K 795. Prov.: Albert Cohn, Berlin (Catal. 137, N° 147), 24. II.
          <lb/>1881, 45 M.
          <lb/>94
          <lb/>BocCAccio Giovanni: De claris mulieribus (en allemand).
          <lb/>Strasbourg, J. Prüss, 1488, in-fol. (Gravures.)
          <lb/>G W 4488, Hain 3336, Schreiber 3509.
          <lb/>Schramm, Bilderschmuck XX, grav. N° 1228-1231.
          <lb/>K 798. Prov.; J. Hess, Ellwangen, 14. XI. 1887, 325 M. Incom¬
          <lb/>plet, 9 ff. manquent: 1, 7, 12, 35, 36, 70, 71, 82, 92.
          <lb/>95
          <lb/>BOETHIUS: De consolatione philosophiae. Haguenau,
          <lb/>H. Gran), 21 février 1491, in-4°.
          <lb/>G W 4549, Hain 3383, Pellechet 2530, Pellechet: Colmar 354,
          <lb/>Proctor 3172, Voulliéme: Berlin 1168.
          <lb/>K 814. Prov.: Don du prof. Witte, Halle, 1871.
          <lb/>96
          <lb/>BOETHIUS: De consolatione philosophiae. Strasbourg, (J.
          <lb/>Prüss), 6 mars 1491, in-4°.
          <lb/>G W 4551, Hain 3382, Madsen 767, Pellechet 2532, Proctor 576,
          <lb/>Voulliéme: Berlin 2362, Walter; Sélestat 104.
          <lb/>K 813. Prov.: Don Bibl. Menke avec des notes mss. de sa main
          <lb/>et la date 1858.
          <lb/>97
          <lb/>BOETHIUS: De consolatione philosophiae (en allemand).
          <lb/>Strasbourg, J. Schott, 31 août 1500, in-4°.
          <lb/>G W 4575, Hain 3359, Proctor 763, Schreiber 3518, Voullième:
          <lb/>Berlin 2562, Schramm, Bilderschmuck XX, grav. N° 2296.
          <lb/>K 805. Prov.: F. Butsch fils, Augsbours, 12. x. 1883, 46 M.
          <lb/>Au bas du titre: Liber Cartus, in Buchshaim propre Mem¬
          <lb/>mingen, Rel. anc.
          <lb/>98
          <lb/>BOETHIUS (Pseudo-]: De disciplina scholarium. Strasbourg,
          <lb/>[typ. du Jordanus (— G. Husner), 1er février 1491, in-4°.
          <lb/>G W 4598, Hain 3422, Pellechet 2560, Pellechet: Colmar 359,
          <lb/>Proctor 662, Voulliéme: Berlin 2443.
          <lb/>21
        </p>
      </div>
    </body>
  </text>
</TEI>
