<?xml version='1.0' encoding='UTF-8'?>
<?xml-model href="https://raw.githubusercontent.com/OpenITI/tei_openiti/master/tei_openiti.rng" type="application/xml" schematypens="http://relaxng.org/ns/structure/1.0"?>
<?xml-model href="https://raw.githubusercontent.com/OpenITI/tei_openiti/master/tei_openiti.rng" type="application/xml" schematypens="http://purl.oclc.org/dsdl/schematron"?>
<TEI xmlns="http://www.tei-c.org/ns/1.0">
  <teiHeader>
    <fileDesc>
      <titleStmt>
        <title/>
      </titleStmt>
      <publicationStmt>
        <p/>
      </publicationStmt>
      <sourceDesc>
        <p/>
      </sourceDesc>
    </fileDesc>
    <profileDesc>
      <calendarDesc>
        <calendar xml:id="ah">
          <p>Anno Hegirae</p>
        </calendar>
      </calendarDesc>
    </profileDesc>
    <xenoData xml:space="preserve">
CREATED: 2024-04-10T14:46:39.809521+00:00
CREATED BY: eScriptorium vpassthistobuildcmd
IMAGE FILENAME: A121078-1 Catalogue des incunables de la Bnu163.tif
IMAGE WIDTH: 2458
IMAGE HEIGHT: 3844
</xenoData>
  </teiHeader>
  <text>
    <body>
      <div>
        <p>
          <lb/>N° 180: Northorn (in Vrenswegen (Frenswegen) in Comitatu de
          <lb/>Bentheim].
          <lb/>N° 185; à la fin; comme K.1734, N° 183 et non N° 184.
          <lb/>N° 231: Schorbach: Mentelin N° 14; pas après 1469... Kat. Baer
          <lb/>745 N° 416 (Ex. aus Stift Vorau: 4000 M).
          <lb/>N° 236; manque chez Hain; rayez 8037.
          <lb/>N° 249; Schorbach: Mentelin N° 24: Ein Ex. der Bibl. Jeidels in
          <lb/>Frankfurt ist in Zeitschr, f. Bücherfr. I, 341 beschrieben.
          <lb/>Aus dem neueren Buchhandel nenne ich ein Ex. ohne
          <lb/>Explicit im Kat. Baer 200 N° 242 (90 M).
          <lb/>N° 261: Martin Flach au lieu de Husner.
          <lb/>N° 264: Schorbach: Mentelin N° 8: Das Ex. in der J. Rylands
          <lb/>Library zu Manchester trägt das handschriftliche Datum
          <lb/>1466.
          <lb/>N° 277: Schorbach: Mentelin N° 38: Dez. 1476. Anm. Im Jahre
          <lb/>1910 wurden in der Buchhandlung L. Rosenthal-München
          <lb/>aus dem Einband eines Mentelin-Druckes einige Blätter
          <lb/>dieses Kalenders losgelöst, ein vollständiges Ex. und
          <lb/>mehrere Fragmente... Das Exemplar Hiersemann wurde
          <lb/>1921 im Kat, 492 N° 86 für 5000 M. angeboten. — L’Alma¬
          <lb/>nach complet a 77 lignes.
          <lb/>N° 294: Schmidt-III, N° 19.
          <lb/>N° 326-329: Lire Abbreviaturas.
          <lb/>N° 345: Schorbach: Mentelin N° 20: «Offenbar hat Mentelin mit
          <lb/>seiner Ausgabe schon 1470 begonnen, denn in einem
          <lb/>Dubletten-Ex. zu Maihingen trug der Einband von Vol. II
          <lb/>die Jahreszahl 1470. Im Jahre 1872 lag aber das ganze
          <lb/>Werk fertig vor; der Abdruck in Freiburg U B ist 1472
          <lb/>rubriziert. Ganz vollständige Exemplare finden sich nur
          <lb/>äusserst selten...» — 4 vol.
          <lb/>N° 370; Schorbach: Mentelin N° 19: Die Erstausgabe des Scru¬
          <lb/>tinium scripturarum ist in Mentelins 2. Bücheranzeige
          <lb/>von 1471 an drittletzter Stelle aufgeführt. Nach Winship,
          <lb/>Census p. 147 hat ein Ex. in der Bibliothek John Carter
          <lb/>Brown einen Einband mit eingeprägtem Datum 1470. Der
          <lb/>Abdruck in München SB träst die Handrubrik 1471; das
          <lb/>Ex. Klemm angeblich die korr. Zahl 1472...»
          <lb/>N° 393: Schorbach: Mentelin N° 23; nicht nach 1472. Das Ex.
          <lb/>in der Bibliothek zu Maihingen wurde 1472 von Mentelins
          <lb/>Agenten Joh. Schüssler an das Stift St. Mang in Füssen
          <lb/>verkauft.
          <lb/>N° 430: De remediis fortuitorum. Manque chez Hain. Comparez
          <lb/>Hain N° 14633.
          <lb/>N° 451: Schorbach: Mentelin N° 5; nicht nach 1463.. Im Jahre
          <lb/>1463 hat Mentelin ein Exemplar in Schlettstadt verkauft.
          <lb/>Danach ist Type 3 Mentelins älter als sie von Proctor
          <lb/>angesetzt wurde.
          <lb/>133
        </p>
      </div>
    </body>
  </text>
</TEI>
