<?xml version='1.0' encoding='UTF-8'?>
<?xml-model href="https://raw.githubusercontent.com/OpenITI/tei_openiti/master/tei_openiti.rng" type="application/xml" schematypens="http://relaxng.org/ns/structure/1.0"?>
<?xml-model href="https://raw.githubusercontent.com/OpenITI/tei_openiti/master/tei_openiti.rng" type="application/xml" schematypens="http://purl.oclc.org/dsdl/schematron"?>
<TEI xmlns="http://www.tei-c.org/ns/1.0">
  <teiHeader>
    <fileDesc>
      <titleStmt>
        <title/>
      </titleStmt>
      <publicationStmt>
        <p/>
      </publicationStmt>
      <sourceDesc>
        <p/>
      </sourceDesc>
    </fileDesc>
    <profileDesc>
      <calendarDesc>
        <calendar xml:id="ah">
          <p>Anno Hegirae</p>
        </calendar>
      </calendarDesc>
    </profileDesc>
    <xenoData xml:space="preserve">
CREATED: 2024-04-10T14:46:39.120756+00:00
CREATED BY: eScriptorium vpassthistobuildcmd
IMAGE FILENAME: A121078-1 Catalogue des incunables de la Bnu145.tif
IMAGE WIDTH: 2440
IMAGE HEIGHT: 3858
</xenoData>
  </teiHeader>
  <text>
    <body>
      <div>
        <p>
          <lb/>1497.
          <lb/>1498.
          <lb/>[vers 15001.
          <lb/>1500.
          <lb/>KISTLER Barthélemy
          <lb/>Ursula S.: Schifflein von S. Ursula. 471.
          <lb/>Leben s. Pauls, 279.
          <lb/>Legenda von sant Annan. 280.
          <lb/>Tollat von Vochenberg Joh.: Büchlein der Arz¬
          <lb/>nei. 458.
          <lb/>KNOBLOCHTZER Henri
          <lb/>1478.
          <lb/>Petrarca: Historia Griseldis (en allemand). 379.
          <lb/>1478. 13. 12.
          <lb/>Thomas Ebendorfer de Haselbach: Sermones do¬
          <lb/>minicales. 455.
          <lb/>1479.
          <lb/>Thomas de Aquino: De arte praedicandi. 450.
          <lb/>[vers 14801.
          <lb/>Plenarium (en allemand). 396.
          <lb/>[vers 14801.
          <lb/>Matheolus Perusinus: De memoria augenda. 306.
          <lb/>[après le 13. 9.
          <lb/>14801.
          <lb/>Aubusson: De obsidione urbis Romae, 45.
          <lb/>1482.
          <lb/>Gerson: De arte moriendi. 182.
          <lb/>[pas après 1482). Andreae: Arbor consanguinitatis. 22.
          <lb/>[vers 14821.
          <lb/>Geiler: Oratio in Synodo Argentinensi. 177.
          <lb/>[vers 1482).
          <lb/>1482. 21. 1.
          <lb/>Lucidarius, 288.
          <lb/>Melber Joh.: Vocabularius praedicantium. 310.
          <lb/>[vers 1483).
          <lb/>Albertus Magnus: De secretis mulierum. 14.
          <lb/>[vers 1483).
          <lb/>Andreae: Arbor consanguinitatis. 21.
          <lb/>114831.
          <lb/>Jacobus de Theramo: Belial. 250.
          <lb/>1484.
          <lb/>Jacobus de Theramo: Belial. 251.
          <lb/>s. d.
          <lb/>Johannes Presbyter: De ritu et moribus Indorum.
          <lb/>269.
          <lb/>s. d.
          <lb/>Melusine; 315.
          <lb/>(Imprimeur de la) LEGENDA AUREA
          <lb/>1482. 23. 4.
          <lb/>Turrecremata Joh.: Expositio Psalterii, 465.
          <lb/>1482, 22. 3.
          <lb/>Farinator: Lumen animae. 167.
          <lb/>1483. 30. 8.
          <lb/>Guido de Monte Rotherii: Manipulus curatorum.
          <lb/>201.
          <lb/>MENTELIN Jean
          <lb/>[vers 14621.
          <lb/>Thomas de Aquino: Summa theologiae. 451.
          <lb/>(vers 14651.
          <lb/>Johannes Chrysostomus ;Homiliae super Mathaeum.
          <lb/>264.
          <lb/>[vers 1466).
          <lb/>Augustinus S.: De arte praedicandi, 54.
          <lb/>[vers 1468).
          <lb/>Augustinus S.: De doctrina christiana, 55.
          <lb/>[pas après 1468). Agustinus S.: De civitate Dei. 51.
          <lb/>[avant le 10. 4.
          <lb/>14691.
          <lb/>Aristoteles: Ethica, Politica, Oeconomica. 41.
          <lb/>115
        </p>
      </div>
    </body>
  </text>
</TEI>
