<?xml version='1.0' encoding='UTF-8'?>
<?xml-model href="https://raw.githubusercontent.com/OpenITI/tei_openiti/master/tei_openiti.rng" type="application/xml" schematypens="http://relaxng.org/ns/structure/1.0"?>
<?xml-model href="https://raw.githubusercontent.com/OpenITI/tei_openiti/master/tei_openiti.rng" type="application/xml" schematypens="http://purl.oclc.org/dsdl/schematron"?>
<TEI xmlns="http://www.tei-c.org/ns/1.0">
  <teiHeader>
    <fileDesc>
      <titleStmt>
        <title/>
      </titleStmt>
      <publicationStmt>
        <p/>
      </publicationStmt>
      <sourceDesc>
        <p/>
      </sourceDesc>
    </fileDesc>
    <profileDesc>
      <calendarDesc>
        <calendar xml:id="ah">
          <p>Anno Hegirae</p>
        </calendar>
      </calendarDesc>
    </profileDesc>
    <xenoData xml:space="preserve">
CREATED: 2024-04-10T14:46:38.624801+00:00
CREATED BY: eScriptorium vpassthistobuildcmd
IMAGE FILENAME: A121078-1 Catalogue des incunables de la Bnu124.tif
IMAGE WIDTH: 2416
IMAGE HEIGHT: 3856
</xenoData>
  </teiHeader>
  <text>
    <body>
      <div>
        <p>
          <lb/>K 3465. Prov.: Librairie Treuttel 8 Würtz, Strasbourg, 21. V.
          <lb/>1885, 200 M. A l&amp;#x27;intérieur du 1er plat, portrait de S. Brant, repro¬
          <lb/>duit chez Jules Janitsch, Das Bildnis Séb. Brants von Albrecht
          <lb/>Dürer. Nachtrag, Planche III. Strassburg, 1906. (Studien zur
          <lb/>deutschen Kunstgeschichte, Heft 74); à l’intérieur du 2e plat,
          <lb/>portrait d’une femme. Au-dessus du titre: Sum ex libris
          <lb/>Joannis Steinij Sontranij. Anno Christi in carnem nati 1569.
          <lb/>Constat 2. florenis.» Au bord: «Sum Pauli Geilfusij Sontrani
          <lb/>Anno a nato Christo 1607.» A l’intérieur du 2e plat: «Sum
          <lb/>ex libris Joan. Vitriarij Anno 1625.» Rel. anc.
          <lb/>2e ex. K. 3465a. Prov.: En Echange avec Fid. Butsch, Augs¬
          <lb/>bourg, 13. XI. 1877. Au bord du titre, cachet: «Bibliotheca
          <lb/>Palat. Vindobonensis.» Notes mss.
          <lb/>447
          <lb/>TERENTIUS Afer Publius: Comoediae cum commentariis et
          <lb/>per Johannem Curtum ex Eberspach redactae. Stras¬
          <lb/>bourg, J. Grüninger, 11 février 1499, in-fol.
          <lb/>Hain 15432, Madsen 3848, Pellechet: Colmar 1234, Proctor
          <lb/>488, Schmidt I, 42, Schreiber 5332, Voulliéme: Berlin 2305.
          <lb/>Schramm, Bilderschmuck XX, grav. 240-338.
          <lb/>K 3466. Prov.; Klincksieck, Paris (Vente Mehl), 16. V. 1873,
          <lb/>5 M. 50. Notes mss. A l’intérieur du 1er plat: «Nota. Auf
          <lb/>f. CXXX folgt CXL sqq. statt CXXXI Sqq. Es fehlt nichts;
          <lb/>f XXXV — XL stehen nach XLVI.»
          <lb/>448
          <lb/>TERENTIUS Afer Publius: Comoediae (en allemand). Stras¬
          <lb/>bourg, J. Grüninger, 5 mars 1499, in-fol.
          <lb/>Hain 15434, Madsen 3853, Proctor 489, Schmidt I, 43, Schrei¬
          <lb/>ber 5333, Voulliéme: Berlin 2306; Reichling III, S. 197,
          <lb/>Schramm, Bilderschmuck XX, grav. N° 240-338.
          <lb/>K 3467. Prov.: Don du Prof. E. Martin, Strasbourg, 29. VIII.
          <lb/>1884.
          <lb/>449
          <lb/>THOMAS DE AQUINO: De arte praedicandi. [Strasbourg,
          <lb/>H. Knoblochtzer, 1479), in-fol.
          <lb/>Hain 1356, Pellechet: Colmar 120, Pellechet 969, Schorbach,
          <lb/>Nachträge p. 90, e.
          <lb/>K 3500. Prov.: M. Spirgatis, Leipzig, 28. III. 1891, 42 M. 450
          <lb/>THOMAS DE AQUINO: Summa theologiae. Ilae partis, pars IIa
          <lb/>(Strasbourg, J. Mentelin, vers 1462), in-fol.
          <lb/>Hain 1454. Proctor 199, Voulliéme: Berlin 2107, 5; Walter:
          <lb/>Sélestat 474, Schorbach: Mentelin N° 5.
          <lb/>K 3531. Prov.: Don de la ville de Heilbronn, 1871. Notes mss.
          <lb/>au deux ff. de garde. (Table). Rel. anc.
          <lb/>451
          <lb/>94
        </p>
      </div>
    </body>
  </text>
</TEI>
