<?xml version='1.0' encoding='UTF-8'?>
<?xml-model href="https://raw.githubusercontent.com/OpenITI/tei_openiti/master/tei_openiti.rng" type="application/xml" schematypens="http://relaxng.org/ns/structure/1.0"?>
<?xml-model href="https://raw.githubusercontent.com/OpenITI/tei_openiti/master/tei_openiti.rng" type="application/xml" schematypens="http://purl.oclc.org/dsdl/schematron"?>
<TEI xmlns="http://www.tei-c.org/ns/1.0">
  <teiHeader>
    <fileDesc>
      <titleStmt>
        <title/>
      </titleStmt>
      <publicationStmt>
        <p/>
      </publicationStmt>
      <sourceDesc>
        <p/>
      </sourceDesc>
    </fileDesc>
    <profileDesc>
      <calendarDesc>
        <calendar xml:id="ah">
          <p>Anno Hegirae</p>
        </calendar>
      </calendarDesc>
    </profileDesc>
    <xenoData xml:space="preserve">
CREATED: 2024-04-15T07:35:07.838416+00:00
CREATED BY: eScriptorium vpassthistobuildcmd
IMAGE FILENAME: A121078-3182.tif
IMAGE WIDTH: 2316
IMAGE HEIGHT: 3852
</xenoData>
  </teiHeader>
  <text>
    <body>
      <div>
        <p>
          <lb/>626
          <lb/>»ab buocb gebert
          <lb/>Ded bocb berumpten Phylosopby
          <lb/>vonn der verborgenbert der Algbimtarlũt lidb in drey er bũcer
          <lb/>gerbeyltl ond gesil licher weis eroffnet, dise l&amp;#x27;unst vie srezũ er
          <lb/>ergruindenn ober uĩ sonben sy.
          <lb/>Rucb oreyen bocbuerstenlicben
          <lb/>mõrterenn dise lobli cunst auß trueenoe¬
          <lb/>Aud ein epistel des Reysers Allexandri¬
          <lb/>der erst erfarende, insbretia Maceu
          <lb/>bonia vnnd Persta reguiert Sat
          <lb/>(Zu Nr. 936)
        </p>
      </div>
    </body>
  </text>
</TEI>
