<?xml version='1.0' encoding='UTF-8'?>
<?xml-model href="https://raw.githubusercontent.com/OpenITI/tei_openiti/master/tei_openiti.rng" type="application/xml" schematypens="http://relaxng.org/ns/structure/1.0"?>
<?xml-model href="https://raw.githubusercontent.com/OpenITI/tei_openiti/master/tei_openiti.rng" type="application/xml" schematypens="http://purl.oclc.org/dsdl/schematron"?>
<TEI xmlns="http://www.tei-c.org/ns/1.0">
  <teiHeader>
    <fileDesc>
      <titleStmt>
        <title/>
      </titleStmt>
      <publicationStmt>
        <p/>
      </publicationStmt>
      <sourceDesc>
        <p/>
      </sourceDesc>
    </fileDesc>
    <profileDesc>
      <calendarDesc>
        <calendar xml:id="ah">
          <p>Anno Hegirae</p>
        </calendar>
      </calendarDesc>
    </profileDesc>
    <xenoData xml:space="preserve">
CREATED: 2024-04-15T07:35:05.626895+00:00
CREATED BY: eScriptorium vpassthistobuildcmd
IMAGE FILENAME: A121078-3057.tif
IMAGE WIDTH: 2328
IMAGE HEIGHT: 3842
</xenoData>
  </teiHeader>
  <text>
    <body>
      <div>
        <p>
          <lb/>ERASMUS: Enchiridion militis
          <lb/>Strassburg, J. Knobloch, 1521
          <lb/>ENCHI- RDION MILITIS CHRISTIANI SALV-berrimis
          <lb/>praeceptis refer tum, authore D. ERAS. Roterodamo
          <lb/>cui ac- cessit noua, miréque utilis Praefatio.
          <lb/>APVD FELICEM Argentinam. (Rückseite leer.)
          <lb/>Am Schluss: ARGENTINAE APVD IOANNEM KNOBLOCHVM
          <lb/>MENSE OCTOBRI. ANNO] M. D. XXI. (Rückseite leer.)
          <lb/>80, Kursiv, 105 Bll. (letste Ziffer irrtümlich 106 statt 105, des¬
          <lb/>gleichen 104, 103 statt 103, 102), Kopftitel, Kustoden, Marginalien,
          <lb/>leerer Raum für Init., Titeleinfassung (H de B Tafel X Nr. 5).
          <lb/>Bl. 2b: ... Paulo Volzio religio sissimo abbati Mona¬
          <lb/>sterii quod uulgo dicitur Curia Hugonis, D. Era- smus
          <lb/>Roterodamus... — Basileae, pridie uirginis matris assum
          <lb/>ptae. ANNo, M. D. XVIII. (Vorrede, 31 S.)
          <lb/>R101949. Prov.: Bern. Liebisch, Leipzig, 20. XI.1888, 1 M.50.
          <lb/>Handschr. Notis auf dem Titelbl.: G. Keller; darunter: Sum sub pote¬
          <lb/>stati Georgij Cellarij Anno domini 1570; ganz unten: Ioh. Hen. Gottfr.
          <lb/>Cyprianus 1717. Hinter dem Explicit : Georgius Cellarius Me iure tenet
          <lb/>Anno Domini 1570.
          <lb/>Schmidt VII Nr. 217; Rest S. 52.
          <lb/>752
          <lb/>501
          <lb/>ERASMUS: Epistolae Pauli Apostoli. Siche: PAULUS Sanctus.
          <lb/>Strassburg, J. Knobloch, 1521
          <lb/>ERASMUS: Encomium moriae
          <lb/>ERASMI ROTERODAMI μÓtoν, id est Stulti¬
          <lb/>tiae! laus, Libellus uere aureus, nec minus eruditus, &amp;amp;
          <lb/>salutaris, quàm festi-uus, nuper ex i- psius autoris ar
          <lb/>chetypis di! ligentis sime resti tutus. (Epheubl.)
          <lb/>Am Schluss: ARGENTINAE APVD IOAN-NEM KNOBLOCHVM.
          <lb/>Anno M. D. XXI.
          <lb/>8°, Kursio, 64 num. Bll., Kopftitel, Kustoden, Marginalien, leerer
          <lb/>Raum für Init., Titeleinfassung (He B Tafel X Nr. 5).
          <lb/>Auf der Rückseite des Titelbl.: Stultitiae Satellitibus. S.
          <lb/>Bl. 2a: ERASMVS ROTERODAMVS THOMAE MORO Svo.
          <lb/>S. D. ... — Ex Rure. Quinto Idus Iunias, (4S.)
          <lb/>R100.928. Prov.: Bibl. Böcking. Handschr. Randnotizen.
          <lb/>GK: UB Greifswald; Rest S. 52; Schmidt VII Nr. 227. 753
        </p>
      </div>
    </body>
  </text>
</TEI>
