<?xml version='1.0' encoding='UTF-8'?>
<?xml-model href="https://raw.githubusercontent.com/OpenITI/tei_openiti/master/tei_openiti.rng" type="application/xml" schematypens="http://relaxng.org/ns/structure/1.0"?>
<?xml-model href="https://raw.githubusercontent.com/OpenITI/tei_openiti/master/tei_openiti.rng" type="application/xml" schematypens="http://purl.oclc.org/dsdl/schematron"?>
<TEI xmlns="http://www.tei-c.org/ns/1.0">
  <teiHeader>
    <fileDesc>
      <titleStmt>
        <title/>
      </titleStmt>
      <publicationStmt>
        <p/>
      </publicationStmt>
      <sourceDesc>
        <p/>
      </sourceDesc>
    </fileDesc>
    <profileDesc>
      <calendarDesc>
        <calendar xml:id="ah">
          <p>Anno Hegirae</p>
        </calendar>
      </calendarDesc>
    </profileDesc>
    <xenoData xml:space="preserve">
CREATED: 2024-04-15T07:35:06.990254+00:00
CREATED BY: eScriptorium vpassthistobuildcmd
IMAGE FILENAME: A121078-3148.tif
IMAGE WIDTH: 2310
IMAGE HEIGHT: 3848
</xenoData>
  </teiHeader>
  <text>
    <body>
      <div>
        <p>
          <lb/>592
          <lb/>FRIES Lorenz
          <lb/>Strassburg, J. Grüninger 1522
          <lb/>Expositio vsusque Astrolabij a Laurentio Frisio fabre¬
          <lb/>facti, amœnum, na turae exploratoribus : fructum comu¬
          <lb/>nicans.
          <lb/>Darunter: Lfaurentius] F.fries).
          <lb/>Am Schluss: Impressum Argentine per lohannem Grie¬
          <lb/>ninger in vigilia natiuitatis Ma rie virginis. Anno domini.
          <lb/>1. 5. 2. 2. (Rücks, leer.)
          <lb/>40, Antig., 20 unn. Bll., Sign. A-E, Kopft., zahlreiche Init,, gwei
          <lb/>astrolog. Figuren.
          <lb/>Bl. A 24-A 3a: Astrolabij! Laurentius Frisius artium
          <lb/>&amp;amp; medicinae doctor: cunctis! bonarum artium medicinae¬
          <lb/>que cultoribus nec non cete ris Diuinae Vraniae amato¬
          <lb/>ribus Salutem...
          <lb/>&amp;quot;R101142. Prov.: J. Halle, München 4. VI. 1897, 48M.
          <lb/>Auf dem Titelbl, unten: Ex Libris Dominici Merli Civis Lucensis.
          <lb/>Fehlt bei Schmidt.
          <lb/>893
          <lb/>FRIES Lorenz
          <lb/>Strassburg, Balth. Beck 1529
          <lb/>Spiegel der artzney: gemacht durch den hochgelerten
          <lb/>Lau- rentium Phriesen, der philosophey vnd artzney doc¬
          <lb/>toren gezogen usz den fürnemsten büchern der alten diser
          <lb/>kunst Auch durch lange fleiszige übung, vnd erfarung
          <lb/>(welche) ein meister aller ding ist) des obgenanten doctors
          <lb/>zû-wegen gebracht, mit fast nutzlichen vnd bewerten
          <lb/>stucken, dem menschen sein gesundtheit zû- behalten,
          <lb/>die verloren wider bringen, vnd zûunderweisung aller,
          <lb/>so sich artzney vnderziehen wöllen.
          <lb/>Gebessert vnd widerumb fleiszig übersehenDurch
          <lb/>Othonem Brunfels. (Rücks, leer.)
          <lb/>Am Schluss: Getruckt vnnd vollendet, in der Keyserli¬
          <lb/>chen vnnd Löblichen Statt Straszburg von Balthassar
          <lb/>Beck vff den, xviij. tag des Augst-monats. Jn dem jar
          <lb/>vnsers seligmachers Jhesu Christi.M.D.xxix.
          <lb/>20, Got., OXLI num. Bll., Kopft., Kust., Init., Titeleinfassung:
          <lb/>in der Mitte oben ein Engelskopf, auf beiden Seiten ein sitsender Mann;
          <lb/>in der linken Seitenbordure Galenus, in der rechten Askulap; in der
          <lb/>Mitte der unteren Bordüre ein Mann vor einem Tische sitzend mit einer
          <lb/>Waage in der rechten Hand; vor dem Tische eine Frau, welcher der
        </p>
      </div>
    </body>
  </text>
</TEI>
