<?xml version='1.0' encoding='UTF-8'?>
<?xml-model href="https://raw.githubusercontent.com/OpenITI/tei_openiti/master/tei_openiti.rng" type="application/xml" schematypens="http://relaxng.org/ns/structure/1.0"?>
<?xml-model href="https://raw.githubusercontent.com/OpenITI/tei_openiti/master/tei_openiti.rng" type="application/xml" schematypens="http://purl.oclc.org/dsdl/schematron"?>
<TEI xmlns="http://www.tei-c.org/ns/1.0">
  <teiHeader>
    <fileDesc>
      <titleStmt>
        <title/>
      </titleStmt>
      <publicationStmt>
        <p/>
      </publicationStmt>
      <sourceDesc>
        <p/>
      </sourceDesc>
    </fileDesc>
    <profileDesc>
      <calendarDesc>
        <calendar xml:id="ah">
          <p>Anno Hegirae</p>
        </calendar>
      </calendarDesc>
    </profileDesc>
    <xenoData xml:space="preserve">
CREATED: 2024-04-15T07:35:06.714269+00:00
CREATED BY: eScriptorium vpassthistobuildcmd
IMAGE FILENAME: A121078-3130.tif
IMAGE WIDTH: 2314
IMAGE HEIGHT: 3846
</xenoData>
  </teiHeader>
  <text>
    <body>
      <div>
        <p>
          <lb/>574
          <lb/>FLAMINIUS Anton: Argumenta in singulos Psalmos. Siche:
          <lb/>BUCHANAN Georg: Paraphrasis Psalmorum Davidis, Nr. 316.
          <lb/>FLEISCHMANN Christian, Siche: HAWENREUTER Joh. Lud.:
          <lb/>Theses physicae. Strassburg, A. Bertram, 1591. R1015646.
          <lb/>FLINSBACH Kunemann
          <lb/>Strassburg, W. Rihel 1552
          <lb/>CONFIRMATIO) CHRONOLOGIAE] ATQVE LOCORVM DIFFICI¬
          <lb/>lium, qui in tota computatione oceur- runt, expositio, una
          <lb/>cum conie! cturis extremi indicij.] AVTHORE CHVNMANNO
          <lb/>FLINS pachio de Tabernis Montanis.
          <lb/>Darunter: Augustinus. Distingue tempora, &amp;amp; concilia¬
          <lb/>bis scri- pturam; sodann Druckerm. W. Rihels (HEB Tafel XXIX
          <lb/>Nr. 3; Silvestre, Nr. 740).
          <lb/>Anno M. D. LII.
          <lb/>Am Schluss: ARGENTORATI WENDE-] linus Rihelius excu¬
          <lb/>debat. M. D. LII.
          <lb/>80, Kursiv, 72 S. u. 5 unn. Bll., Marg., Init. S.
          <lb/>Bl. A1b: IN CHRONOLOGI] AM CHVNMANNI FLINS pachii,
          <lb/>Christianus Nieden- steinius Hessus, (6 lat. Dist.)
          <lb/>R100.836. Prov.: Völeker, Berlin 22. Il. 1883, IM.
          <lb/>Bibliographie von Flinsbach: Schottenloher I Nr. 6392-6393. 868
          <lb/>FLISCUS Stephan. Siche: CICERO: Synonyma ad Lucium Ve¬
          <lb/>turium. [Hagenau, H. Gran O. J.] R101.688.
          <lb/>FLOR und BLANCHEFLOR
          <lb/>Strassburg, A. Farckal 1530
          <lb/>Eine schone History! vsz francösischer sprach in tütsch
          <lb/>ge bracht, vnd sagt vonn herren Florio des küniglichen
          <lb/>fürsten, vnnd Bia! ceffora ein dochter des römers Lelio
          <lb/>genant. Wie grose liebin die zwei zü samenn hetten,
          <lb/>Kürtzweilig vnnd nutzlich zulesen vnnd zu fil erfarnissen.
          <lb/>Darunter Holeschn.: zwei ineinander gehende Säle, in jedem der¬
          <lb/>selben ein Banquett; in dem grösseren Raum eine junge Dame mit Krone,
          <lb/>vor einem Tische stehend, zeigt den Gästen die Platte. Im Hintergrunde
          <lb/>ein Tisch mit drei Frauen, zwei sitzend, eine stehend, und ein junger
          <lb/>Mann vor dem Tische. Im ersten Saale befinden sich ausserdem drei
          <lb/>Musikanten.
        </p>
      </div>
    </body>
  </text>
</TEI>
