<?xml version='1.0' encoding='UTF-8'?>
<?xml-model href="https://raw.githubusercontent.com/OpenITI/tei_openiti/master/tei_openiti.rng" type="application/xml" schematypens="http://relaxng.org/ns/structure/1.0"?>
<?xml-model href="https://raw.githubusercontent.com/OpenITI/tei_openiti/master/tei_openiti.rng" type="application/xml" schematypens="http://purl.oclc.org/dsdl/schematron"?>
<TEI xmlns="http://www.tei-c.org/ns/1.0">
  <teiHeader>
    <fileDesc>
      <titleStmt>
        <title/>
      </titleStmt>
      <publicationStmt>
        <p/>
      </publicationStmt>
      <sourceDesc>
        <p/>
      </sourceDesc>
    </fileDesc>
    <profileDesc>
      <calendarDesc>
        <calendar xml:id="ah">
          <p>Anno Hegirae</p>
        </calendar>
      </calendarDesc>
    </profileDesc>
    <xenoData xml:space="preserve">
CREATED: 2024-04-15T07:35:07.078184+00:00
CREATED BY: eScriptorium vpassthistobuildcmd
IMAGE FILENAME: A121078-3153.tif
IMAGE WIDTH: 2314
IMAGE HEIGHT: 3846
</xenoData>
  </teiHeader>
  <text>
    <body>
      <div>
        <p>
          <lb/>gruntsitb pue
          <lb/>C bestenoig beilung,Allter shaoẽ
          <lb/>Beulen  vnd Locer (odet was des̀ gleichen) am leib
          <lb/>beo menschẽ mit gar ceringem tosten mit bem tranct
          <lb/>bes boltes Guaiaco. Plucb uie man das bereytent sie¬
          <lb/>ben vnd brauchen sol/zũuermeiden den grossen vntost
          <lb/>en der arnet. Diebey angez eygt ein fast niiulich
          <lb/>vnb brãfftig Bab/ auff vorgebnde beylund
          <lb/>sũgebrauchen. Durch D. A aurentiũ
          <lb/>FriesentiEin liephaber der Arnney¬
          <lb/>597
          <lb/>=
          <lb/>(Zu Nr. 899.)
          <lb/>Bl. A 2a-45 Brief Frischlins an Tobias Jobin: Dem Ehrn¬
          <lb/>ve- sten Führnemen vnd Wol-] bescheidenen Tobiae Jobino
          <lb/>Buch-truckhern vnd Burgern zu Strassburg! meinem
          <lb/>vnbekanndten doch lieben vnd guten freund: Freundli¬
        </p>
      </div>
    </body>
  </text>
</TEI>
