<?xml version='1.0' encoding='UTF-8'?>
<?xml-model href="https://raw.githubusercontent.com/OpenITI/tei_openiti/master/tei_openiti.rng" type="application/xml" schematypens="http://relaxng.org/ns/structure/1.0"?>
<?xml-model href="https://raw.githubusercontent.com/OpenITI/tei_openiti/master/tei_openiti.rng" type="application/xml" schematypens="http://purl.oclc.org/dsdl/schematron"?>
<TEI xmlns="http://www.tei-c.org/ns/1.0">
  <teiHeader>
    <fileDesc>
      <titleStmt>
        <title/>
      </titleStmt>
      <publicationStmt>
        <p/>
      </publicationStmt>
      <sourceDesc>
        <p/>
      </sourceDesc>
    </fileDesc>
    <profileDesc>
      <calendarDesc>
        <calendar xml:id="ah">
          <p>Anno Hegirae</p>
        </calendar>
      </calendarDesc>
    </profileDesc>
    <xenoData xml:space="preserve">
CREATED: 2024-04-15T07:35:11.786075+00:00
CREATED BY: eScriptorium vpassthistobuildcmd
IMAGE FILENAME: A121078-3335.tif
IMAGE WIDTH: 2376
IMAGE HEIGHT: 3856
</xenoData>
  </teiHeader>
  <text>
    <body>
      <div>
        <p>
          <lb/>742
          <lb/>R 101.349. Prov.: SB München 22. L 1879; IM. Auf dem
          <lb/>Titelbl.: P. Thomas — me comparavit A. 15,94. Monasterii S. Felicitatis
          <lb/>in Aqu. — Duplum Bibliothecae regiae Monacensis. Ex Bibliotheca Cano¬
          <lb/>niae ad B. V. Mariam Sanctamque Felicitatem cum VIl. Filiis MM. in Au
          <lb/>Ord. Can. Reg. Lateran. S. P. Augustini Anno 1778 in alium ordinem
          <lb/>redacta...
          <lb/>Schmidt VI S. 24 Nr. 22: «Jadis Bibl. de Strasbourg Incun.
          <lb/>1594.» Ein Ex. im: Catalogue de la Ribl. Ch. Louis Fière, 2e vente,
          <lb/>Paris 14-17 juin 1937, u. Baer, Frankfurt a. M., Katal. 500 (1907)
          <lb/>Nr. 646; 20M.
          <lb/>1156
          <lb/>HEROLT Johannes
          <lb/>Hagenau, H. Gran 1514
          <lb/>Sermones qui vulgo Discipuli inscribuntur Magistri
          <lb/>Joannis Herolt F. ordi nis predicatorum: de Tempore et
          <lb/>de Sanctis! eum duplici exemplorum promptuario.) Ad¬
          <lb/>ditus etiam index quadrifarius: tum pro totius operis
          <lb/>sermonibus: tum pro exem- plorum promptuarijs, tam
          <lb/>facilis quam aptus:vt res inuenientur desiderabilis, lectori
          <lb/>magis occurrere quam inuestigari videbitur: Que omnia
          <lb/>mirifice ad Concionatoris officium face! re prenoseis.
          <lb/>Jnest preterea de san- cto et patientissimo Job edifi¬
          <lb/>catori! us sermo. F. Petri de Raclis predi-] catorum ordinis:
          <lb/>in quo mira patientie experimenta, simul et b. Job vite
          <lb/>se! riem edisces.
          <lb/>Am Schluss: Opus concionatorium... Anno. M eccc xviij...
          <lb/>felice omine in lucem editum est.! Jmpressum in oppido
          <lb/>Hagenaw: ere et expensis ho- nesti viri Joannis Rynman
          <lb/>de Oringaw. ope et in- dustria perspicacis viri Henrici
          <lb/>Gran: Anno salutis! humane sesquimillesimo, xiiij. Mense
          <lb/>Augusti. (Rücks. leer.)
          <lb/>20, Got., 2sp., 16 unn., CLXIII num. Bll, mit zahtr. Fehtern in
          <lb/>der Numerierung (39 für 40. 60 für 59 uste., ausgelassen sind 16, 33,
          <lb/>56, 61, 66, 111-113, 147, 153, 156; doppelt: 43, 49, 64, 86, 150, 161,
          <lb/>163), Kopft., Init., Titel rot u. schwarz; Titelumr. (HAB Tafel
          <lb/>LXIV Nr. 2).
          <lb/>R10321. Prov.: SB München 14. IV. 1880; 2 M. Auf dem
          <lb/>Titelbl.: Comparatus est Jste Liber per fratrem Johannem Lottentaller
          <lb/>tunc temporis Custodem in Monasterio... haslach. 1543. Stempel : Duplum
          <lb/>Bibliothecae regiae Monacensis.
          <lb/>1157
          <lb/>HEROLT Johannes
          <lb/>Hagenau, H. Gran 1521
          <lb/>DIscipulus de eruditione christi fidelium compedio¬
          <lb/>sus: ac summa diligentia reuisus atque recognitus: non
        </p>
      </div>
    </body>
  </text>
</TEI>
