<?xml version='1.0' encoding='UTF-8'?>
<?xml-model href="https://raw.githubusercontent.com/OpenITI/tei_openiti/master/tei_openiti.rng" type="application/xml" schematypens="http://relaxng.org/ns/structure/1.0"?>
<?xml-model href="https://raw.githubusercontent.com/OpenITI/tei_openiti/master/tei_openiti.rng" type="application/xml" schematypens="http://purl.oclc.org/dsdl/schematron"?>
<TEI xmlns="http://www.tei-c.org/ns/1.0">
  <teiHeader>
    <fileDesc>
      <titleStmt>
        <title/>
      </titleStmt>
      <publicationStmt>
        <p/>
      </publicationStmt>
      <sourceDesc>
        <p/>
      </sourceDesc>
    </fileDesc>
    <profileDesc>
      <calendarDesc>
        <calendar xml:id="ah">
          <p>Anno Hegirae</p>
        </calendar>
      </calendarDesc>
    </profileDesc>
    <xenoData xml:space="preserve">
CREATED: 2024-04-15T07:35:06.349983+00:00
CREATED BY: eScriptorium vpassthistobuildcmd
IMAGE FILENAME: A121078-3107.tif
IMAGE WIDTH: 2314
IMAGE HEIGHT: 3846
</xenoData>
  </teiHeader>
  <text>
    <body>
      <div>
        <p>
          <lb/>FABRI Johann
          <lb/>[Strassburg, Joh. Grüningerl 1523
          <lb/>Ein war lich vnderrich- tung wie es zû Zürch by
          <lb/>den zwinglin vff den nün vnd-zwentzigsten tag des mo
          <lb/>nats Januarii nestuerschinen ergangen sey.
          <lb/>Am Sehluss: Getruckt im jar. M. D. XXiij, (Rückseite leer.)
          <lb/>4°, Goth., 28 unn. Bl., Sign. A-G, Marginalien, Zierinit. I, D;
          <lb/>Titeleinfassung Grüningers: oben, ein Blumengewinde; links und rechts,
          <lb/>Insekten und Verzierungen; unten, 2 geflügelte Genien, sitzend, zuischen
          <lb/>ihnen Blumen.
          <lb/>Bl. 2a: ...herren Theobaldo abt des gotshausz Lutzel,
          <lb/>embüt ich Jo hannes Fabri meinen grûs... — Geben zû
          <lb/>Constantz vff den zehenden tag des monats Mar tii. Im
          <lb/>iar Tausent fünfhundert vnd drü vnd zwentzig. (Vorrede, 4 S.).
          <lb/>Bl. 4a: Rede gedachtes heren Jo! annis Fabri an
          <lb/>meister Erhart Hegenwald.
          <lb/>R102.033. Prov. : Geschenk des Buchhändlers S. Hirzel in Leipzig,
          <lb/>1871.
          <lb/>Fehlt bei Schmidt, Weller, Repertorium Nr. 2422 sitiert eine
          <lb/>Ausgabe ohne Ort u. Jahr (Strassburg, Joh. Grüninger 1523), sein Titel
          <lb/>entspricht jedoch nicht gane dem obigen. Er sagt: Ain war! lich
          <lb/>vnderrichtungwie es zu Zürich auff denNeunund¬
          <lb/>tzwentzigsten tag des monats Ja-nuarij nechstuer¬
          <lb/>(Líotsq
          <lb/>schynen ergan- gen sey. Er erwähnt ausserdem einen ganzseitigen
          <lb/>Holzschnitt am Ende des Buches, welcher unserem Drucke fehlt.
          <lb/>Mas2
          <lb/>Bibliographie Fabri&amp;#x27;s, siche Schottenloher I, Nr. 5950-5963. 834
          <lb/>551
          <lb/>FABRICIUS Georg
          <lb/>Strassburg, W. Rihel 1548.
          <lb/>Explicatio Castigationum in Terentii comoedias. In:
          <lb/>TERENTIUS, Comoediae sex. Strassburg, W. Rihel, 1548.
          <lb/>Bibliographie des Fabricius: Schottenloher I, Nr. 5971-5978. 835
          <lb/>FABRICIUS Georg
          <lb/>Strassburg, W. Rihel 1551
          <lb/>GEORGH FABRI-CI CHEMNICENSIS! DE SYNTAXI PARTIVM
          <lb/>ORA- tionis apud Graecos, Liber. CVM EXAMINATIONE RE¬
          <lb/>gularum, &amp;amp; ordine orationis.
          <lb/>ITEM. De uerbis anomalis. Cum Indice.
          <lb/>ARGENTORATI EXCVDEBAT Vuendelinus Rihelius, Anno
          <lb/>M. D. LI.
        </p>
      </div>
    </body>
  </text>
</TEI>
