<?xml version='1.0' encoding='UTF-8'?>
<?xml-model href="https://raw.githubusercontent.com/OpenITI/tei_openiti/master/tei_openiti.rng" type="application/xml" schematypens="http://relaxng.org/ns/structure/1.0"?>
<?xml-model href="https://raw.githubusercontent.com/OpenITI/tei_openiti/master/tei_openiti.rng" type="application/xml" schematypens="http://purl.oclc.org/dsdl/schematron"?>
<TEI xmlns="http://www.tei-c.org/ns/1.0">
  <teiHeader>
    <fileDesc>
      <titleStmt>
        <title/>
      </titleStmt>
      <publicationStmt>
        <p/>
      </publicationStmt>
      <sourceDesc>
        <p/>
      </sourceDesc>
    </fileDesc>
    <profileDesc>
      <calendarDesc>
        <calendar xml:id="ah">
          <p>Anno Hegirae</p>
        </calendar>
      </calendarDesc>
    </profileDesc>
    <xenoData xml:space="preserve">
CREATED: 2024-04-15T07:35:13.548370+00:00
CREATED BY: eScriptorium vpassthistobuildcmd
IMAGE FILENAME: A121078-3410.tif
IMAGE WIDTH: 2410
IMAGE HEIGHT: 3852
</xenoData>
  </teiHeader>
  <text>
    <body>
      <div>
        <p>
          <lb/>852
          <lb/>Am Schluss: ARGENTORATI APVD! JOAN. SCHOTTVM! M. D.
          <lb/>XXXIIII.
          <lb/>Kopft., Init. Neudruck der Ausgabe von 1531 mit den gleichen Holeschn.
          <lb/>20, Antiq., 126 S. — 1 unn. Bl. mit dem Wappen des Verfassers,
          <lb/>R 10.254. Prov: Rosenthal, München 29. XI. 1893, 40 M.
          <lb/>Rosenthal, München, Katal. 135 (1914) Nr. 1179; 60 M.
          <lb/>BN Paris V. 1925 u. Rés. V. 318; Schmidt II Supplement Nr. 22.
          <lb/>1267
          <lb/>JOHANNES DE INDAGINE : Physiognomey. Siche: GERSDORF
          <lb/>Hans von: Feldbuch der Wundartznei. Strassburg, Joh. Schott
          <lb/>1540.
          <lb/>JOHANNES A KÖTTERITZ. Siche: KOTTERITZ Johannes a
          <lb/>JOHANNES REGIOMONTANUS
          <lb/>Strassburg, Chr. Egenolph 1529
          <lb/>Natürlicher kunst der Astronomei.... (Titelbl, siehe Abb.
          <lb/>S. 853.)
          <lb/>Am Schluss: Getruckt zû Straszburg bei Christian Ege¬
          <lb/>nohph (!) en Für den Ersamen Paulum Götzen, burger
          <lb/>zû Straszburg. Im M. D. XXIX. iar.
          <lb/>40, Got., 31 unn. Bll., Sign. a-d, A-G, Init., zahlreiche kleine
          <lb/>Holeschn.
          <lb/>R 101146. Prov.: A. Bielefeld, Karlsruhe 11. V. 1900; 18 M.
          <lb/>Handschr. Eintragung: Ex Bibliotheca Michaelis Chasles, Acad. Scientiar.
          <lb/>Socii.
          <lb/>1268
          <lb/>JOHANNITIUS
          <lb/>Strassburg, J. Cammerlander 1534
          <lb/>IN HOC OPV- SCVLO CONTINENTVR] hi infra scripti
          <lb/>libri siue tractatus profecto! utilissimi studiosis rei me¬
          <lb/>dicae ex ordine tres, per Johannem Cesarium recogniti
          <lb/>&amp;amp; castigati diligentissime, &amp;amp; locis ob! scurioribus illu¬
          <lb/>strati.
          <lb/>ISAGOGE SIVE INTRO-] ductio Johannitij in artem par¬
          <lb/>uam Ga- leni de medicina speculatiua.! Ex tribus medi¬
          <lb/>cinae partibus, pars ea quae circa diaetam siue regimen
          <lb/>sani tatis conseruandae uersatur, ex Ber trutio inter
          <lb/>recentiores medi- cos minime uulgari.Cophonis inter
          <lb/>medicos sui tempo-ris expertissimi de arte medendi siue
          <lb/>de Medicina practica introductio.
        </p>
      </div>
    </body>
  </text>
</TEI>
