<?xml version='1.0' encoding='UTF-8'?>
<?xml-model href="https://raw.githubusercontent.com/OpenITI/tei_openiti/master/tei_openiti.rng" type="application/xml" schematypens="http://relaxng.org/ns/structure/1.0"?>
<?xml-model href="https://raw.githubusercontent.com/OpenITI/tei_openiti/master/tei_openiti.rng" type="application/xml" schematypens="http://purl.oclc.org/dsdl/schematron"?>
<TEI xmlns="http://www.tei-c.org/ns/1.0">
  <teiHeader>
    <fileDesc>
      <titleStmt>
        <title/>
      </titleStmt>
      <publicationStmt>
        <p/>
      </publicationStmt>
      <sourceDesc>
        <p/>
      </sourceDesc>
    </fileDesc>
    <profileDesc>
      <calendarDesc>
        <calendar xml:id="ah">
          <p>Anno Hegirae</p>
        </calendar>
      </calendarDesc>
    </profileDesc>
    <xenoData xml:space="preserve">
CREATED: 2024-04-15T07:35:14.177503+00:00
CREATED BY: eScriptorium vpassthistobuildcmd
IMAGE FILENAME: A121078-3430.tif
IMAGE WIDTH: 2424
IMAGE HEIGHT: 3854
</xenoData>
  </teiHeader>
  <text>
    <body>
      <div>
        <p>
          <lb/>872
          <lb/>JUNIUS Melchior
          <lb/>Strassburg, L. Zetener 1597
          <lb/>SCHOLAE RHETORICAE DE CONTEXEN-] DARVM EPISTO¬
          <lb/>LARVM RATIONE. MELCHIORIS JVNII WITE- bergensis: Elo¬
          <lb/>quentiae in Argentinensi Academia Professoris. TYPIS
          <lb/>NVNC DENVO MAN- datae, et ab auctore recognitae, exem¬
          <lb/>plisque auctae Epistolarum, Demosthenis, Aeschi¬is,
          <lb/>Isocratis, &amp;amp; quae ad Atticum a! Cicerone scriptae. (Druckerm.
          <lb/>Zetzner&amp;#x27;s. H &amp;amp; B Tafel XLIX Nr. 24.) Darunter: ARGENTINAE
          <lb/>SVMTIBVS (!) LAZARI ZETZNERI. Anno M. D. XCVII. (Rücks.
          <lb/>leer.)
          <lb/>80, Antig. u. Kursiv, 6 unn. Bll. (Widmung, datiert 1587), 339S.,
          <lb/>Kopft., Kust., Marg., Init., Zierleisten.
          <lb/>Nr. 268) 29. IV. 1909; 2M.
          <lb/>R101.208. Prov.; K. Th. Völcker, Frankfurt a. M. (Katal. 274
          <lb/>1297
          <lb/>JUNIUS Melchior
          <lb/>Strassburg, L. Zetzner 1598
          <lb/>ORATIONVM EX HISTORI- CIS TAM VETERI-BVS QVAM
          <lb/>RECENTIO- RIBVS, IN ELOQVENTIAE STV- [diosorum gratiam,
          <lb/>secundum tria causarum genera, &amp;amp; res his conuenientes
          <lb/>tres in partes ita congestatum ac digesta- tum... (12 Zeilen.)
          <lb/>AVTORE MELCHIORE JVNIO Witebergensi: Eloquentiae
          <lb/>Argen-tinensi in Academia Professore.) Adiecti sunt cui¬
          <lb/>que parti indices cùm Orationum, tùm ! rerum ac verbo¬
          <lb/>rum locupletissimi. (Druckerm. Zetener’s. HŒ B Taf. XLIX Nr. 21.)
          <lb/>4°, Antig. u. Kursiv, Teil I: 8 unn. Bll., 322 S., 12 unn. 2sp.
          <lb/>Bll. (Index), Teil II: 2 unn. Bll., 282 S., 9 unn. 2sp. Bll. (Index),
          <lb/>Teil III: 2 unn. Bll., 136 S., 3 unn. 2sp. Bll. (Index), Kopft., Kust.,
          <lb/>Vign.; Druckerm. Zetzner’s auf dem Titelbl, des Il. Teiles (HCB
          <lb/>Tafel XLIX Nr. 22).
          <lb/>R101.209. Prov.: Baer, Frankfurt a. M. 22. XI. 1878 ohne
          <lb/>Preisangabe.
          <lb/>BN Paris X. 17756.
          <lb/>1298
          <lb/>JUNIUS Melchior junior. Siche: OBRECHT Georgius: Disputatio
          <lb/>prima ex Obrechtianis scholis. Strassburg, A. Bertram 1594.
          <lb/>JUNIUS Samuel
          <lb/>Strassburg, A. Bertram 1599
          <lb/>M. Samvelis Jvnii Suebusinatis Silesij LVCRETIA:
          <lb/>TRAGOEDIA NOVA.] Ex veterum tum Graecorum! tum La¬
        </p>
      </div>
    </body>
  </text>
</TEI>
