<?xml version='1.0' encoding='UTF-8'?>
<?xml-model href="https://raw.githubusercontent.com/OpenITI/tei_openiti/master/tei_openiti.rng" type="application/xml" schematypens="http://relaxng.org/ns/structure/1.0"?>
<?xml-model href="https://raw.githubusercontent.com/OpenITI/tei_openiti/master/tei_openiti.rng" type="application/xml" schematypens="http://purl.oclc.org/dsdl/schematron"?>
<TEI xmlns="http://www.tei-c.org/ns/1.0">
  <teiHeader>
    <fileDesc>
      <titleStmt>
        <title/>
      </titleStmt>
      <publicationStmt>
        <p/>
      </publicationStmt>
      <sourceDesc>
        <p/>
      </sourceDesc>
    </fileDesc>
    <profileDesc>
      <calendarDesc>
        <calendar xml:id="ah">
          <p>Anno Hegirae</p>
        </calendar>
      </calendarDesc>
    </profileDesc>
    <xenoData xml:space="preserve">
CREATED: 2024-04-15T07:35:06.640443+00:00
CREATED BY: eScriptorium vpassthistobuildcmd
IMAGE FILENAME: A121078-3125.tif
IMAGE WIDTH: 2314
IMAGE HEIGHT: 3850
</xenoData>
  </teiHeader>
  <text>
    <body>
      <div>
        <p>
          <lb/>färlich oben hin, wie man den Grindigen laußt, in vnser
          <lb/>Mutterlallen vber oder drunder gesetzt. Auch zu disen Truck
          <lb/>wider auff dem! Amposs gebracht, vnd dermassen mit Panta¬
          <lb/>durstigen Mythologien oder Geheimnus deutungen ver¬
          <lb/>possett, verschmidt vnd verdrängett dass nichts ohn das
          <lb/>Eisen Rist dran mangelt. Durch Huldrich Elloposcleron.
          <lb/>Si laxes erepit:
          <lb/>Si premas erumpit.
          <lb/>Zu Luck entkriechts: Ein Truck entziechts.
          <lb/>Darunter ein Holeschn.: 2 Hände, von denen die eine einen Krebs, die
          <lb/>andere eine Schlange hält.
          <lb/>Im Fischen Gilts Mischen.
          <lb/>Gedruckt zum Grenflug im Gänsserich. 1590.
          <lb/>80, Got., 565 S., Titel rot u. schwars, Kopft., Kust. Holeschnitte
          <lb/>S. 27, 70, 80, 102, 113, 138, 149, 150, 154, 156, 335 u. 358.
          <lb/>R101640. Prov.: Eph. Kraut, Blaubeuren, 13. I. 1888, 15M.
          <lb/>Umvollständig: S. 17-22 u. 377-388 fehlen.
          <lb/>GK: SB Berlin; UB Halle, Münster.
          <lb/>Goedeke II? S. 496 Nr. 22.
          <lb/>862
          <lb/>FISCHART Johann
          <lb/>Strassburg, Bern. Jobin 1591
          <lb/>Das Philosophisch Ehezuchtbûchlin oder Die Ver¬
          <lb/>nunfft gemäse Naturgescheide Ehezucht, sampt der Kin¬
          <lb/>derzucht. Ausz des Berhümbsten vnnd Hocherleuchten,
          <lb/>Griechischen Philosophi Plutarchi vernunfft gemäsen Ehe¬
          <lb/>gebotten vnd allerley andern Anmûtigen Gleich-nussen,
          <lb/>Sprüchwörtern, Gesangen, Reimen der Fürtrefflichen Autho¬
          <lb/>ren vnd Scribenten, von allerley Nationen zusamen ge¬
          <lb/>lesen, verteutscht, vnd auff gantz lustige angeneme weisz
          <lb/>in Gesatzen vnd Gleichnussen tractiert vnd ausz geführt,
          <lb/>mit beigethaner Missiff vnd Ehelicher schuldig- keit erin¬
          <lb/>nernng (!) Herrn Anthoni von Gueuara. Durch Weiland
          <lb/>den Ehrnvesten Hochgelehrten HerrnJohann Fischarten
          <lb/>genant Mentzer der Rechten Doctorn seligen ausz Grie¬
          <lb/>chischen vnd andern Sprachen! verteutscht, vnd zusamen
          <lb/>getragen.
          <lb/>Druckerzeichen Jobins. HÆ B Tafel XXXVII Nr. 2, aber ohne
          <lb/>Titeleinfassung, dafür Wahlspruch Jobins: links Sapientia, rechts Con¬
          <lb/>stantia.
          <lb/>Darunter: Getruckt zu Straszburg, bei Bernhart Jobin.
          <lb/>M. D. LXXXXI. (Rücks, leer.)
          <lb/>80, Got., 180 unn. Bll., Sign. A-Y, Titel rot u. schuarz, Kopft.,
          <lb/>Kust., Marg., zahlreiche Holeschn, aus früheren Ausg., einige neue.
          <lb/>569
        </p>
      </div>
    </body>
  </text>
</TEI>
