<?xml version='1.0' encoding='UTF-8'?>
<?xml-model href="https://raw.githubusercontent.com/OpenITI/tei_openiti/master/tei_openiti.rng" type="application/xml" schematypens="http://relaxng.org/ns/structure/1.0"?>
<?xml-model href="https://raw.githubusercontent.com/OpenITI/tei_openiti/master/tei_openiti.rng" type="application/xml" schematypens="http://purl.oclc.org/dsdl/schematron"?>
<TEI xmlns="http://www.tei-c.org/ns/1.0">
  <teiHeader>
    <fileDesc>
      <titleStmt>
        <title/>
      </titleStmt>
      <publicationStmt>
        <p/>
      </publicationStmt>
      <sourceDesc>
        <p/>
      </sourceDesc>
    </fileDesc>
    <profileDesc>
      <calendarDesc>
        <calendar xml:id="ah">
          <p>Anno Hegirae</p>
        </calendar>
      </calendarDesc>
    </profileDesc>
    <xenoData xml:space="preserve">
CREATED: 2024-04-15T07:35:13.847743+00:00
CREATED BY: eScriptorium vpassthistobuildcmd
IMAGE FILENAME: A121078-3419.tif
IMAGE WIDTH: 2416
IMAGE HEIGHT: 3854
</xenoData>
  </teiHeader>
  <text>
    <body>
      <div>
        <p>
          <lb/>Am Schluss: Getruckt zu Straszburg, durch Theodo¬
          <lb/>sium Rihel. (Druckerm. Rihel&amp;#x27;s. H &amp;amp; B Tafel XXXII Nr. 17.) Dar¬
          <lb/>unter: M. D. LXXIIII.
          <lb/>20, Got., 6 unn, 524 num., 20 unn. 2sp. Bll. (Index), Kopft.,
          <lb/>Kust., Marg., zahlr. Init., Titel rot u. schware, Titeleinfassung, 111
          <lb/>Holeschn, von C. v. Sichem, entworfen von T. Stimmer u. Chr. Stimmer.
          <lb/>Bl. a 2a : ... Herren Fridrich, Gra-uen zu Wirtenberg,
          <lb/>Mümpelgard vnd Horburg, &amp;amp;c. meinem gnädigen Herren...
          <lb/>Geben zu Hunaweiler den 18. tag Martij, Jm jar 1574.
          <lb/>Conrad Lautenbach. (Vorrede, 10 S.)
          <lb/>R58 (1). Geschenk des deutschen archäolog. Instituts in Rom 187i.
          <lb/>Auf dem inneren Einbanddeckel Exlibris von Gustav Parthev. Handschr.
          <lb/>Eintragung : Die Holzschnitte sind von C. v. Sichem, und Jahreszahl
          <lb/>1672 nebst unleserlichem Autogr.
          <lb/>Baer, Frankfurt a. M., Katal, 500 (1907) Nr. 1265; ,5 M. Mit
          <lb/>ersten Abdrücken der Holzschnitte des Tobias Stimmer... die zu den
          <lb/>schönsten Erzeugnissen der deutschen Formschneidekunst der 2. Hälfte
          <lb/>des 16. Jhds, gehören.
          <lb/>1279
          <lb/>JOSEPHUS Flavius
          <lb/>Strassburg, Th. Rihel 1581
          <lb/>Flauij Josephi, des Hochberühmten Jüdi-schen Ge¬
          <lb/>schichtschreibers, Historien vnd Bücher etc. (15 Zeilen.)
          <lb/>Mit Römischer Keys. Maiestat vnd Churfürstli- cher
          <lb/>zu Sachsen, Gnad vnd Freiheyt.
          <lb/>Der Schluss ist der gleiche wie in der Ausgabe von 1574, nur die
          <lb/>Jahreszahl 1574 ist durch 1581 ersetat.
          <lb/>20, Got., 6 unn., 524 num., 20 unn. 2sp. Bll. (Index), Kopft.,
          <lb/>Kust., Marg., zahir. Init., Titel rot u. schwarz, Titeleinfassung der
          <lb/>Ausgabe von 1574. Gleiche Vorrede.
          <lb/>Beinah wortgetreue Wiedergabe der Ausgabe von 1574 mit den¬
          <lb/>selben Abb.
          <lb/>R 59(1). Geschenk der Grossherzogl. Bibl. von Karlsruhe 1871.
          <lb/>1280
          <lb/>JOSEPHUS Flavius
          <lb/>Strassburg, Th. Rihel 1587
          <lb/>Von alten Jüdischen Geschichten... (Titelbl. fehtt.)
          <lb/>Am Schluss: Getruckt zu Straszburg, durch Theodo¬
          <lb/>sium Rihel. (Druckerm. Rihel&amp;#x27;s. HA B Tafel XXXII Nr. 17.) Dar¬
          <lb/>unter: M. D. LXXXVII.
          <lb/>20, Got., 5 unn., 348 num., 13 unn. 2sp. Bll. (Index) für die
          <lb/>20 Bücher der Geschichte der Juden, 177 num., 8 unn. 2sp. Bll. für
          <lb/>die ubrigen Bücher, Kopft., Kust., Marg., Holeschn¬
          <lb/>861
        </p>
      </div>
    </body>
  </text>
</TEI>
