<?xml version='1.0' encoding='UTF-8'?>
<?xml-model href="https://raw.githubusercontent.com/OpenITI/tei_openiti/master/tei_openiti.rng" type="application/xml" schematypens="http://relaxng.org/ns/structure/1.0"?>
<?xml-model href="https://raw.githubusercontent.com/OpenITI/tei_openiti/master/tei_openiti.rng" type="application/xml" schematypens="http://purl.oclc.org/dsdl/schematron"?>
<TEI xmlns="http://www.tei-c.org/ns/1.0">
  <teiHeader>
    <fileDesc>
      <titleStmt>
        <title/>
      </titleStmt>
      <publicationStmt>
        <p/>
      </publicationStmt>
      <sourceDesc>
        <p/>
      </sourceDesc>
    </fileDesc>
    <profileDesc>
      <calendarDesc>
        <calendar xml:id="ah">
          <p>Anno Hegirae</p>
        </calendar>
      </calendarDesc>
    </profileDesc>
    <xenoData xml:space="preserve">
CREATED: 2024-04-15T07:35:12.192916+00:00
CREATED BY: eScriptorium vpassthistobuildcmd
IMAGE FILENAME: A121078-3351.tif
IMAGE WIDTH: 2382
IMAGE HEIGHT: 3852
</xenoData>
  </teiHeader>
  <text>
    <body>
      <div>
        <p>
          <lb/>793
          <lb/>pen, blûmen, knöpffen, vnd köpffen, liechtschneützen vnd
          <lb/>Leschnepff. Vnd alles das sich reicht vff die siben ver¬
          <lb/>sammlung des neüwen Testaments. (Holeschn.: siebenarmiger
          <lb/>Leuchter.) Darunter: Melchior Hoffman. (Rücks, leer.)
          <lb/>80, Got., 7 unn. Bll., Sign. A, Init. D.
          <lb/>Drucker ist wahrscheinlich Balth. Beck, da die gleichen Typen.
          <lb/>R 100462. Prov.: Stiftung Cunitz 8. VII. 1886.
          <lb/>Uber Hofmann siche : Strobel, Georg Theodor : Melchior Hofmanns
          <lb/>Dialogus von der Disputation zu Flensburg 1529 [— Strobels Beyträge
          <lb/>zur Literatur, bes. des 16. Jahrh. (1787), 499-522) u. Schottenloher I
          <lb/>Nr. 8517-8530.
          <lb/>1178
          <lb/>HOFMANN Melchior
          <lb/>Strassburg, B. Beck 1530
          <lb/>Auszlegung der heimlichen Of- fenbarung Joannis
          <lb/>des heyligen Apostels vnndEuangelisten.Melchior
          <lb/>Hoffman. M. D. XXX.
          <lb/>Am Schluss: Getruckt zû Straszburg am Holtzmarckt,
          <lb/>durch Balthassar Beck, Im lar M. D. XXX.
          <lb/>8°, Got., 184 unn. Bll, Sign. A-Z, Kopft., Init., Titeleinfassung;
          <lb/>oben in der Mitte: Gott in den Wolken, in den Ecken je ein Engel in
          <lb/>die Posaune stossend; in der linken Seitenbordüre Elias, in der rechten
          <lb/>Enoch; unten mehrere Ungeheuer, auf dem ersten reitet eine gekrönte
          <lb/>Frau, zu deren Füssen sich awei Männer befinden.
          <lb/>Bl. A 2a: Ihesus. Dem Durchleüch tigsten... Für¬
          <lb/>sten vnd herren Herren Friderichem er wölter Künig zû
          <lb/>Tenmarck... (Vorrede, 14 S.)
          <lb/>R100.466. Prov.: Stiftung Cunitz, Strassburg, 8. VII. 1886. Mit
          <lb/>Autograph von Cunite.
          <lb/>1179
          <lb/>HOHENLOHE Sigmund
          <lb/>Strassburg, W. Köpfel 1525
          <lb/>Creutz büchlin... (Siche Titelblatt, S. 794.)
          <lb/>Am Schluss: Getruckt zù Straszburg durch Wolff Köpphel
          <lb/>am Ross marckt, am 9. tag des Mays. An. 1525.
          <lb/>40, Got., 12 unn. Bll., Sign. A-C. Init. Cu. D; Bl. 11b u. Bl. 12.
          <lb/>recto, Druckerm. Köpfels (He B Tafel XX Nr. 18 ähnlich),
          <lb/>Bl. A 2a: Sigismundt Graue von Hohen- loe, Thum
          <lb/>Decan der hohen Stifft zû Straszburg &amp;amp;c! Wünsch eüch
          <lb/>lieben brüder vnd fründen, Vicarien vnd verwandten des
          <lb/>Chors der Hohenstifft.
        </p>
      </div>
    </body>
  </text>
</TEI>
