<?xml version='1.0' encoding='UTF-8'?>
<?xml-model href="https://raw.githubusercontent.com/OpenITI/tei_openiti/master/tei_openiti.rng" type="application/xml" schematypens="http://relaxng.org/ns/structure/1.0"?>
<?xml-model href="https://raw.githubusercontent.com/OpenITI/tei_openiti/master/tei_openiti.rng" type="application/xml" schematypens="http://purl.oclc.org/dsdl/schematron"?>
<TEI xmlns="http://www.tei-c.org/ns/1.0">
  <teiHeader>
    <fileDesc>
      <titleStmt>
        <title/>
      </titleStmt>
      <publicationStmt>
        <p/>
      </publicationStmt>
      <sourceDesc>
        <p/>
      </sourceDesc>
    </fileDesc>
    <profileDesc>
      <calendarDesc>
        <calendar xml:id="ah">
          <p>Anno Hegirae</p>
        </calendar>
      </calendarDesc>
    </profileDesc>
    <xenoData xml:space="preserve">
CREATED: 2024-04-15T07:35:08.659342+00:00
CREATED BY: eScriptorium vpassthistobuildcmd
IMAGE FILENAME: A121078-3213.tif
IMAGE WIDTH: 2324
IMAGE HEIGHT: 3852
</xenoData>
  </teiHeader>
  <text>
    <body>
      <div>
        <p>
          <lb/>Schmidt I Nr. 147: Babl. Wilh. Strassburq; Walter: Schlettstadt Nr.
          <lb/>1382; Baer, Frankfart a. M., Katal, 500 (4907), Nr. 906; 180 M.:
          <lb/>Mit 90 Holzschnitten, darunter viele blattgrossen, zum grossen Teil vom
          <lb/>Meister H. F. (Hans Furtenbach?); Signatur Bl. 36.... Erste Ausgabe.
          <lb/>970
          <lb/>GEILER Johannes
          <lb/>Strassburg, Joh. Grüninger 1515
          <lb/>Sermones Prestantissi mi Sacrarum literarum Doc¬
          <lb/>toris! Joannis Geilerii Keiserspergii Con- tionatoris Argen¬
          <lb/>tinensis fructuosissi- mi de tempore et de sanctis accomo¬
          <lb/>dandi. De arbore Humana. De, xii, exce- lentiis arboris
          <lb/>Crucifixi. De xii fructibus spiritus-sancti.De xiiï. Con¬
          <lb/>ditionibus mortis sub! typo maioris villani arborum cesa¬
          <lb/>ris (1) Dorfmeier. Holtzmeier. De mor te Virtuali siue
          <lb/>gratie De dispo sitione ad felicem mortem. De. xxiii.
          <lb/>(Schmidt I Nr. 146: de xiü) obsequiis mortuis impendendis
          <lb/>que sermonibus de morte virtuali annectuntur.
          <lb/>Am Schluss: Sermones... quos Ioannes Grüninger! vir
          <lb/>circumspectus ac prouidus, Argentinae im! pressit. Anno.
          <lb/>millesimo quingentesimo. decimo quinto. In vigilia Nati¬
          <lb/>uitatis Ma riae.
          <lb/>2°, Got., 2sp., 5 unn. Bll. I. De arbore humana CXLVIII Bll.,
          <lb/>II. De dispositione ad felicem mortem XLVIII Bll. (eigene Num. 1–48),
          <lb/>III. De morte virtuali von CXLVII-CCXVI (zahlr. Paginationsfehler),
          <lb/>Kopft., Init., Titel rot u. schware, 6 Holeschn,, 4 davon aus der Aus¬
          <lb/>gabe 1514, 2 davon neu; Titelumrahmung: Blattwerk u. Blumen, oben,
          <lb/>in der Mitte auf einem Aste eine Eule, rechts ein Nest mit Kleinen
          <lb/>Vögeln; auf jeder der Seitenbordüren Kinder, die auf die Aste Klettern,
          <lb/>darunter Schriftbänder mit den Buchstaben E. F. G. W. (links) u. V. A.
          <lb/>(rechts). Die Buchstaben E. F. befinden sich auch auf einer der Grü¬
          <lb/>ninger&amp;#x27;schen Druckermarken, (H e B Tafel I Nr. 1; Silvestre Nr. 503.)
          <lb/>In der unteren Bordùre eine Wilder Mann Familie, in der Mitte eine
          <lb/>nackte Frau, ihr Kind stillend, rechts ein nackter Mann stehend, mit
          <lb/>einer Keule, links ein sitzender Greis, den Kopf in die Hände gestütat.
          <lb/>Auf der Rücks, des Titelbl.: Vorrede des Iacobus Biethenus und
          <lb/>Druckprivileg von 1514.
          <lb/>R 10.136. Prov.: Bibl. Ch. Schmidt mit seinem Exlibris u. handschr.
          <lb/>Notizen von seiner Hand. Ausserdem Autograph von Ch. Th. Fuchs mit
          <lb/>der Jahreszahl 1847, welcher das Buch im Jahre 1875 Ch. Schmidt ge¬
          <lb/>schenkt hat.
          <lb/>BN Paris, Rés. D. 1652. Dacheux, Geiler S. CXXVI; Schmidt I
          <lb/>Nr. 146: Bibl. Wilh. Strassburg; Baer, Frankfurt a. M., Kâtal, 500
          <lb/>(1907), Nr. 1331: 60M. GK: SB Berlin, UB Berlin, Breslau, Halle,
          <lb/>Königsberg, Marburg, Münster.
          <lb/>971
          <lb/>R.42
          <lb/>657
        </p>
      </div>
    </body>
  </text>
</TEI>
