<?xml version='1.0' encoding='UTF-8'?>
<?xml-model href="https://raw.githubusercontent.com/OpenITI/tei_openiti/master/tei_openiti.rng" type="application/xml" schematypens="http://relaxng.org/ns/structure/1.0"?>
<?xml-model href="https://raw.githubusercontent.com/OpenITI/tei_openiti/master/tei_openiti.rng" type="application/xml" schematypens="http://purl.oclc.org/dsdl/schematron"?>
<TEI xmlns="http://www.tei-c.org/ns/1.0">
  <teiHeader>
    <fileDesc>
      <titleStmt>
        <title/>
      </titleStmt>
      <publicationStmt>
        <p/>
      </publicationStmt>
      <sourceDesc>
        <p/>
      </sourceDesc>
    </fileDesc>
    <profileDesc>
      <calendarDesc>
        <calendar xml:id="ah">
          <p>Anno Hegirae</p>
        </calendar>
      </calendarDesc>
    </profileDesc>
    <xenoData xml:space="preserve">
CREATED: 2024-04-15T07:35:13.045168+00:00
CREATED BY: eScriptorium vpassthistobuildcmd
IMAGE FILENAME: A121078-3386.tif
IMAGE WIDTH: 2398
IMAGE HEIGHT: 3856
</xenoData>
  </teiHeader>
  <text>
    <body>
      <div>
        <p>
          <lb/>828
          <lb/>Bäpstlicher satzungen.Dabey von dem krefftigen! syg
          <lb/>Christi, vnd des Endtchrists prachts abgang vnd zer¬
          <lb/>störung.Mit zeügnüssz seiner zeit art gemäldt vnd
          <lb/>figuren.
          <lb/>40, Got., 22 unn. Bll., Sign. a-e, Kopft., Kust., 27 Holzschn.
          <lb/>verschiedener Grösse, ziemlich roh, mehrere wiederholt. (Szenen aus dem
          <lb/>Leben des J. Hus, aus der Apokalypse.)
          <lb/>Veröffentlicht von Brunfels nach einer Pergamenthandschr., die er
          <lb/>aus Böhmen erhalten hatte. Die Holzschn, sind nach den Bildern der
          <lb/>Handschr, hergestellt worden, vie es in der Einleitung heisst.
          <lb/>R 101.385. Prov.: Bibl. Böcking.
          <lb/>Schmidt II Nr. 97; Roth Nr. 13; Zürich, Basel, Schaffhausen,
          <lb/>St. Gallen, Augsburg, München, Dresden, Greifswald, Berlin, Wolfen¬
          <lb/>büttel.
          <lb/>1232
          <lb/>HUTTEN Ulrich
          <lb/>Hagenau, J. Setzer 1529
          <lb/>ARMINIVS Dialogus Huttenicus, Quo homo patriae
          <lb/>aman- tissimus, Germa! norum laudem! celebrauit.
          <lb/>(Rücks, leer.)
          <lb/>Am Schluss: Haganoae in aedibus Johann. Sec. Anno
          <lb/>M. D. XXIX.
          <lb/>80. Antiq., 24 unn. Bll., wovon die 2 letzten leer, Sign. A-C,
          <lb/>Kopft., Kust., Init. H. Auf dem letzten Bl. Druckerm. Setzers. (HRB
          <lb/>Tafel LXXI Nr. 9; Silvestre Nr. 567.)
          <lb/>Bl. A 24: IN HVTTE! NI ARMINIVM! Eobanus Hessus....
          <lb/>— NVRENBERGAE, Anno! M. D. XXVIII.! Mense Augusto.
          <lb/>(30 Dist.)
          <lb/>R100.983. Prov. : Bibl. Böcking. Handschr. Notisen, unter an¬
          <lb/>derm:,Erste Ausgabe, von Moriz von Hutten veranstaltet. Panzer, Ulrich
          <lb/>von Hutten, S. 179 f....&amp;quot;
          <lb/>Böcking, Hutten, opera I p. 88*; Walter: Schlettstadt Nr. 1568.
          <lb/>1233
          <lb/>HUTTEN Ulrich
          <lb/>Strassburg, J. Grüninger 1529
          <lb/>Eyn clarer bericht! yetzt nüw von dem holtz Guaiaco
          <lb/>wie dann bis her dauon gehört, das sich einer mit rat der
          <lb/>doctoren vn- legt, das dann die menschen erquickt vnnd
          <lb/>geholffen, vsz vil krank! heiten, hat auch vszwendig ires
          <lb/>leibs, alte schaden wunden vnd löcher ge- heilet. Vnd
          <lb/>ist aber hie angezögt, daz ein ietliches im selber helffen
          <lb/>mag on grossen kostenn, die es nit vermögen, die desz
          <lb/>ietzund got danken So aber dise kunst des holtzes vil¬
        </p>
      </div>
    </body>
  </text>
</TEI>
