<?xml version='1.0' encoding='UTF-8'?>
<?xml-model href="https://raw.githubusercontent.com/OpenITI/tei_openiti/master/tei_openiti.rng" type="application/xml" schematypens="http://relaxng.org/ns/structure/1.0"?>
<?xml-model href="https://raw.githubusercontent.com/OpenITI/tei_openiti/master/tei_openiti.rng" type="application/xml" schematypens="http://purl.oclc.org/dsdl/schematron"?>
<TEI xmlns="http://www.tei-c.org/ns/1.0">
  <teiHeader>
    <fileDesc>
      <titleStmt>
        <title/>
      </titleStmt>
      <publicationStmt>
        <p/>
      </publicationStmt>
      <sourceDesc>
        <p/>
      </sourceDesc>
    </fileDesc>
    <profileDesc>
      <calendarDesc>
        <calendar xml:id="ah">
          <p>Anno Hegirae</p>
        </calendar>
      </calendarDesc>
    </profileDesc>
    <xenoData xml:space="preserve">
CREATED: 2024-04-15T07:35:12.344470+00:00
CREATED BY: eScriptorium vpassthistobuildcmd
IMAGE FILENAME: A121078-3361.tif
IMAGE WIDTH: 2388
IMAGE HEIGHT: 3856
</xenoData>
  </teiHeader>
  <text>
    <body>
      <div>
        <p>
          <lb/>803
          <lb/>Einband mit der Jahreszahl 1549. Auf dem Titelbl.: Jos. Georg Essen¬
          <lb/>R101445. Prop.: Ed. Zahn, Hirsau, 9. IX. 1886, 2 M. Alter
          <lb/>wein. 1662.
          <lb/>Nr. 96; 50 Fr.
          <lb/>Stadtbibl. Strassburg; Olschki, Florenz, Kat. LXXXI (1912)
          <lb/>elle porte le même titre grec, et présente le même nombre de ff. que
          <lb/>Brunet III5, 270:» Réimpression des éditions de 1525 et 1534;
          <lb/>celle de 1534 à l’exception du tome Ier, qui a 3 ff. prélim., au lieu de 2.4
          <lb/>1195
          <lb/>HOMERUS
          <lb/>Strassburg, W. Köpfel 1550
          <lb/>OMHPOY! BIOS.
          <lb/>Am Schluss: Argentorati apud Vuolfgangum Cepha
          <lb/>læum, Anno...! M. D. L.! Mense Martio. (Darunter Zierleiste.)
          <lb/>80, Griech., 56 unn. Bll., Sign. aa-9g, Kopft., Init.
          <lb/>Auf der Rücks. des 2. Bl., Druckerm. Köpfels. (H a B Tafel
          <lb/>XVIII Nr. 8, Silvestre Nr. 559.)
          <lb/>R101468 (2). Herkunft unbekannt.
          <lb/>Stadtbibl. Strassburg.
          <lb/>1196
          <lb/>HOMERUS
          <lb/>Strassburg, W. Köpfel 1550
          <lb/>OMH- POY IAIAE l&amp;#x27;ex tñe tetaprne ava-] yvógsoc.) Cum
          <lb/>Indice nunc primum adiecto.
          <lb/>Argent. apud Vuolf.Cefal. Anno M. D. L.
          <lb/>Am Schluss: Argentorati apud Vuolfgangum Cepha-læum,
          <lb/>Anno Salutis nostrae! M. D. L.! Mense Martio.
          <lb/>80, Griech,, 10 unn. Bll. (Vorwort a. Index), 277 num, u. 3 unn.
          <lb/>Bll., auf der Rücks, des letzten Bl. Druckerm. Köpfels (HCB Tafel
          <lb/>XVIII Nr. 8; Silvestre Nr. 559.), Kopft., Init., Zierleiste, Titeleinfas¬
          <lb/>sung. (HEB Tafel XVI Nr. 3.)
          <lb/>Auf der Rücks, des Titelbl, 5 griech. Dist, von Laskaris u. 2 von
          <lb/>Joh. Sambueus.
          <lb/>Bl. 2a: Ioannes Guinterius Andernacus Lectori! S. P. D. (2 S.)
          <lb/>R101452. Herkunft unbekannt. Auf dem Titelbl.: I. P. Collegii
          <lb/>Societ. Iesu Molshemii, 1623.
          <lb/>1197
          <lb/>HOMERUS
          <lb/>Strassburg, W. Köpfel 1550
          <lb/>OAYEXEIA. Batpayoupopayίa. 1 bgvot. AS....) Cum In¬
          <lb/>dice nunc primum adiecto.
          <lb/>Argent. apud Vuolf. Cephal. Anno.) M. D. L. (Rücks. leer.)
        </p>
      </div>
    </body>
  </text>
</TEI>
