<?xml version='1.0' encoding='UTF-8'?>
<?xml-model href="https://raw.githubusercontent.com/OpenITI/tei_openiti/master/tei_openiti.rng" type="application/xml" schematypens="http://relaxng.org/ns/structure/1.0"?>
<?xml-model href="https://raw.githubusercontent.com/OpenITI/tei_openiti/master/tei_openiti.rng" type="application/xml" schematypens="http://purl.oclc.org/dsdl/schematron"?>
<TEI xmlns="http://www.tei-c.org/ns/1.0">
  <teiHeader>
    <fileDesc>
      <titleStmt>
        <title/>
      </titleStmt>
      <publicationStmt>
        <p/>
      </publicationStmt>
      <sourceDesc>
        <p/>
      </sourceDesc>
    </fileDesc>
    <profileDesc>
      <calendarDesc>
        <calendar xml:id="ah">
          <p>Anno Hegirae</p>
        </calendar>
      </calendarDesc>
    </profileDesc>
    <xenoData xml:space="preserve">
CREATED: 2024-04-15T07:35:07.915864+00:00
CREATED BY: eScriptorium vpassthistobuildcmd
IMAGE FILENAME: A121078-3188.tif
IMAGE WIDTH: 2320
IMAGE HEIGHT: 3850
</xenoData>
  </teiHeader>
  <text>
    <body>
      <div>
        <p>
          <lb/>632
          <lb/>Freien künsten meister der zeit schûlmeister zû Hagnaw.
          <lb/>Hie- vor zû latin, vnd ietzt nachmals! zû tütsch, in disem
          <lb/>büchlin begriffen.
          <lb/>leer.)
          <lb/>Cum gratia &amp;amp; priuilegio Imperiali ad triennium. (Rücks.
          <lb/>Hieronimi Gebweiler, schulmeister der zeit zû Hagnaw,
          <lb/>Am Schluss: Getruckt vnd vollendet in gemeinem costen,
          <lb/>vnd Joannis Grienynger zû Straszburg mit Keiserlicher
          <lb/>frey-heiten, niemans nach zetrucken in drii jaren bey
          <lb/>zehen marck golds. Vnd ist vszgan-gen im iar. 1527.
          <lb/>vff sant Pe ter Stûlfeyers abent.
          <lb/>holeschn.: Reichsadler in den Krallen einen Hahn u. einen Löwen hal¬
          <lb/>40, Got., LXI Bll. (Paginationsfehler), Kopft., Marg., Init,, Titel¬
          <lb/>tend; ausserdem 48 kleine Abb. Schmidt I Nr. 230 erwähnt Bl. 4b
          <lb/>den Reichsadler, der sich in meinem Ex, nicht befindet. Wahrscheinlich
          <lb/>verwechselt Schmidt mit der folgenden Nr. 944 (Schmidt I Nr. 232),
          <lb/>in der sich der Reichsadler auf Bl. 4b befindet u. von Schmidt nicht
          <lb/>erwähnt wird.
          <lb/>Bl. A2a: Von den Farben der alten Schildt, so vil¬
          <lb/>leicht nit yederman bekant seien.! Item der Sicambrisch
          <lb/>schilt, so oben vsz ein lew, vnd vnden ein schlang. Soll
          <lb/>des Leuwen bild gelb! sein, vnd in eim blowen feld. Aber
          <lb/>der schlangen sch- wantz sol schwartz grün sein, in gelem
          <lb/>feld. Habsburg. schilt, das ist ein roter lew in eim gelen
          <lb/>feld. Alt Frankreich, drey schwartzer kroten in eim weisen
          <lb/>feld.! Die nachgonden schilt seind gemeinlich woll bekant.
          <lb/>Folgen 6 deutsche Verse.
          <lb/>Auf der Rücks.: Die vorred! Dem... heren Wilhelmen,
          <lb/>heren z6 Rapolstein, heren! zû Hohenäck vnd Geroltzeck.
          <lb/>Jm wasigy Landuogt vnd oberster haupman in ober
          <lb/>Elsas....... Regenten zû Enszissheim... Hieronimus Geb¬
          <lb/>weiler... Datum zû Hagnow vff den ersten tag des Jen¬
          <lb/>ners, da man zalt nach Christi vn sers herren geburt
          <lb/>M. ceccc. xxvij. Jar.
          <lb/>Bl. 4b: Sendbrief. Ferdinand... Ertz her- tzog zû
          <lb/>Ostereich... Geben zû Spier vff den XX.] tag. Julii. Anno
          <lb/>domini. M. d. XXVI.
          <lb/>R100435. Prov.: Butsch, Augsburg 4. XII. 1883; 5M.
          <lb/>Bl. V u. VIII fehlen. Auf dem Titelbl.: Ex Libris Ioannis Weis¬
          <lb/>GK: SB Berlin, UB Bonn.
          <lb/>BN Paris, Rés. M. 418; Schmidt I Nr. 230: Stadtbibl. Kolmar.
          <lb/>Schmidt bemerkt, dass dem Titel zufolge, eine lat. Ausgabe diesem Drucke
        </p>
      </div>
    </body>
  </text>
</TEI>
