<?xml version='1.0' encoding='UTF-8'?>
<?xml-model href="https://raw.githubusercontent.com/OpenITI/tei_openiti/master/tei_openiti.rng" type="application/xml" schematypens="http://relaxng.org/ns/structure/1.0"?>
<?xml-model href="https://raw.githubusercontent.com/OpenITI/tei_openiti/master/tei_openiti.rng" type="application/xml" schematypens="http://purl.oclc.org/dsdl/schematron"?>
<TEI xmlns="http://www.tei-c.org/ns/1.0">
  <teiHeader>
    <fileDesc>
      <titleStmt>
        <title/>
      </titleStmt>
      <publicationStmt>
        <p/>
      </publicationStmt>
      <sourceDesc>
        <p/>
      </sourceDesc>
    </fileDesc>
    <profileDesc>
      <calendarDesc>
        <calendar xml:id="ah">
          <p>Anno Hegirae</p>
        </calendar>
      </calendarDesc>
    </profileDesc>
    <xenoData xml:space="preserve">
CREATED: 2024-04-15T07:35:10.161252+00:00
CREATED BY: eScriptorium vpassthistobuildcmd
IMAGE FILENAME: A121078-3268.tif
IMAGE WIDTH: 2338
IMAGE HEIGHT: 3854
</xenoData>
  </teiHeader>
  <text>
    <body>
      <div>
        <p>
          <lb/>710
          <lb/>chen, vnd zû wissen, &amp;amp;c. Hie bey ist auch gesetzt ein
          <lb/>schöne vnd! bewerte kunst, wie man gûten Es- sig ma¬
          <lb/>chen soll, auss Wein vnnd Byer, &amp;amp;c. (Oben u. unten je eine
          <lb/>Zierleiste.) Rücks, leer.
          <lb/>Am Schluss: Getruckt zû Strassburg, bei Ja- cob Frö¬
          <lb/>lich. Im Jar,! M. D. LV.
          <lb/>80, Got., 16 unn. Bll., Sign. A-B, Kust.
          <lb/>R101286. Prov.: H. Kerler, Ulm, 19. X. 1878; 12 M.
          <lb/>GK: SB Berlin.
          <lb/>1045
          <lb/>GREVENTHAL Martin
          <lb/>Strassburg, A. Bertram 1599
          <lb/>THEMATA DE RERVM DI-uisione &amp;amp; qualitate:! In
          <lb/>Inclyta Argentoraten- sium Academia ad disputandum
          <lb/>proposita.àGEORGIO OBRECHTO IC.Respondente
          <lb/>MARTINO GREVENTHAL Aquisgranensi. (Vign.)
          <lb/>Argentorati excudebat Antonius Bertramus. (1599.)
          <lb/>40, Kursio, 8 unn. Bll., Sign. A-B, Kust., Init., Titelumrahmung.
          <lb/>R10.54817. Prov.: Kubasta e Voigt, Wien 25. XI. 1896.
          <lb/>Siche auch: OBRECHT Georgius: Selectissimae disputa¬
          <lb/>tiones ex juris civilis materiis. Strassburg, A. Bertram 1599.
          <lb/>1046
          <lb/>GRIEN BÜCHLIN. Siche: PICTORIUS Georg
          <lb/>GRUMBACH Argula V.
          <lb/>Strassburg, M. Flach 1523
          <lb/>Wje eyn Christli che fraw des Adels, in Beiern
          <lb/>durch jren in Gotlicher schrifft, wollgegründten Sendt¬
          <lb/>bryeffe, die Hohenschûl zû Ingoldstat, vmb das sie eynem
          <lb/>Euangelischen Jüngling, zû widerspre-chung des wort
          <lb/>got- tes, betrangt haben, straf- fet. Mit sampt den
          <lb/>Artickeln! so er widerrufft hat. (Epheubl.)
          <lb/>Am Schluss: Gedruckt zû Straszburg durch Mar- tin
          <lb/>Flach. Jm jar als oben stat.
          <lb/>40, Got., 10 unn. Bll., Init., Titelumrahmung (H a B Tafel VI
          <lb/>Nr. 4).
          <lb/>Auf der Rücks, des Titelbl.: Anno domini. M. D. XXiij. am
          <lb/>abent! vnser lieben frawen geburt, sein dyse nach! uol¬
          <lb/>gende artickel dem wolgelerten Ar- sacio sehöffer von
        </p>
      </div>
    </body>
  </text>
</TEI>
