<?xml version='1.0' encoding='UTF-8'?>
<?xml-model href="https://raw.githubusercontent.com/OpenITI/tei_openiti/master/tei_openiti.rng" type="application/xml" schematypens="http://relaxng.org/ns/structure/1.0"?>
<?xml-model href="https://raw.githubusercontent.com/OpenITI/tei_openiti/master/tei_openiti.rng" type="application/xml" schematypens="http://purl.oclc.org/dsdl/schematron"?>
<TEI xmlns="http://www.tei-c.org/ns/1.0">
  <teiHeader>
    <fileDesc>
      <titleStmt>
        <title/>
      </titleStmt>
      <publicationStmt>
        <p/>
      </publicationStmt>
      <sourceDesc>
        <p/>
      </sourceDesc>
    </fileDesc>
    <profileDesc>
      <calendarDesc>
        <calendar xml:id="ah">
          <p>Anno Hegirae</p>
        </calendar>
      </calendarDesc>
    </profileDesc>
    <xenoData xml:space="preserve">
CREATED: 2024-04-15T07:35:12.671062+00:00
CREATED BY: eScriptorium vpassthistobuildcmd
IMAGE FILENAME: A121078-3372.tif
IMAGE WIDTH: 2390
IMAGE HEIGHT: 3852
</xenoData>
  </teiHeader>
  <text>
    <body>
      <div>
        <p>
          <lb/>814
          <lb/>HUG SCHAPLER
          <lb/>Strassburg, Barth. Grüninger 1537
          <lb/>Eyn schöne vnnd! warhaffte History von dem teü¬
          <lb/>ren gehertzten vnd mannhafftigen Hugen Schapp- ler,
          <lb/>welcher, von wegen seiner künheit vnnd Ritterlichen tha¬
          <lb/>ten, (wiewol er von seiner mûter metziger geschlecht
          <lb/>geboren was) zûletzt in Franckreich zû einem Künig
          <lb/>erwö- let vnnd gekrönt ward. Von newem ge- truckt,
          <lb/>seer kurtzweilig vnnd lieblich! zûlesen. M. D. XXXVII.
          <lb/>Balkon vorüberreitend, von dem 4 Damen suschauen. (Rücks, leer.)
          <lb/>Holeschn.: Hugo Capet zu Pferde begleitet von Soldaten, an einem
          <lb/>Am Schluss: Getruckt in der löblichen freyen statt
          <lb/>Strasz burg, durch Bartholomeum Grüninger, vnd voll¬
          <lb/>endet an dem zwölfften tag des Mertzens, in dem jar als
          <lb/>man! zalt nach Christi vnsers Heylandes geburt. M.D.
          <lb/>XXXVII.
          <lb/>20, Got., LIX num. Bll. Kopft., Kust., Init., 40 Holzschn,, con
          <lb/>denen mehrere gweimal vorkommen; der letste stellt das Grab Hugo Ca¬
          <lb/>pet&amp;#x27;s dar; die Königin und ein Mann knien betend vor dem Sarge;
          <lb/>unten, Wappen mit den drei Lilien.
          <lb/>Erster deutscher Prosaroman, in der ersten Hälfte des 15. Jhd.
          <lb/>von Elisabeth von Nassau-Saarbrücken, Tochter Ferry&amp;#x27;s I., Herzog von
          <lb/>Lothringen, aus dem Frangösischen ins Deutsche übersetst; gedruckt bei
          <lb/>Grüninger 1500 u. 1508, modernisiert von Konrad Heindorffer.
          <lb/>R 10.043. Prov.: Baer e Co. (Auktion Karajan Nr. 19) 2. VI.
          <lb/>1875; 164 M. Exlibris Karajans, Preisnotierung 220 M. Auf dem
          <lb/>Schutabl.:»Die Holzschnitte, zum Theil aus mehreren Stöcken zusammen¬
          <lb/>gesetzt, gehören einer älteren Zeit und zwar der Schwäb. Schweiz. Elsass.
          <lb/>Schule von H. Baldung gen. Grien u. Urs Graf an. B. W.a
          <lb/>Rosenthal, München, Katal. 135 (1914) Nr. 1151; 390 M.
          <lb/>Brunet III5, 363: Consultez Deutsches Museum, 1784, oct. p. 327.
          <lb/>1210
          <lb/>HUGGELIN Johann Jakob
          <lb/>Mülhausen, H. Schirenbrand 1559
          <lb/>Von heylsamen Bädern des Teütschen lands... (Siche
          <lb/>Abb. S. 815.)
          <lb/>Wiederholung des Titelholeschn. S. 15, 20, 27, 32, 44, 55, 71 und
          <lb/>auf dem letzten Bl.
          <lb/>Am Schluss: Getruckt zû Mülhusen im obern Elsasz,
          <lb/>durch Hans Schiren! brand vnnd Peter! Schmid.
          <lb/>80, Got., 3 unn. Bll., 80 S., Kopft., Kust., Init., Titel rot u. schwarz.
          <lb/>S. 18 Rleiner Holeschn.: links ein Mann unter einem Baume eine
          <lb/>Frau umarmend; rechts zwei Frauen in einer Badewanne, ebenfalls
        </p>
      </div>
    </body>
  </text>
</TEI>
