<?xml version='1.0' encoding='UTF-8'?>
<?xml-model href="https://raw.githubusercontent.com/OpenITI/tei_openiti/master/tei_openiti.rng" type="application/xml" schematypens="http://relaxng.org/ns/structure/1.0"?>
<?xml-model href="https://raw.githubusercontent.com/OpenITI/tei_openiti/master/tei_openiti.rng" type="application/xml" schematypens="http://purl.oclc.org/dsdl/schematron"?>
<TEI xmlns="http://www.tei-c.org/ns/1.0">
  <teiHeader>
    <fileDesc>
      <titleStmt>
        <title/>
      </titleStmt>
      <publicationStmt>
        <p/>
      </publicationStmt>
      <sourceDesc>
        <p/>
      </sourceDesc>
    </fileDesc>
    <profileDesc>
      <calendarDesc>
        <calendar xml:id="ah">
          <p>Anno Hegirae</p>
        </calendar>
      </calendarDesc>
    </profileDesc>
    <xenoData xml:space="preserve">
CREATED: 2024-04-15T07:35:12.712488+00:00
CREATED BY: eScriptorium vpassthistobuildcmd
IMAGE FILENAME: A121078-3375.tif
IMAGE WIDTH: 2394
IMAGE HEIGHT: 3858
</xenoData>
  </teiHeader>
  <text>
    <body>
      <div>
        <p>
          <lb/>HUMBERTUS DE ROMANIS
          <lb/>Hagenau, H. Gran 1508
          <lb/>Humberti quinti generalis sa- crosancti ordinis pre¬
          <lb/>dicatorum magistri ser- mones ad diuersos status. Cum
          <lb/>epistola eius- dem De tribus votis substantialibus et alijs
          <lb/>quibusdam virtutibus earumque exercitijs ad de uotos
          <lb/>christifideles (presertim relligiosos) at tinentibus. Jn lau¬
          <lb/>dem operum Humberti Te- trasthycum Ja. wymphelingi.
          <lb/>(2 Dist.)
          <lb/>Bl. b 4b. ... Tractatuli duo: de modo prompte cudendi
          <lb/>sermones ad omne genus ho- minum accurate diligentis¬
          <lb/>simeque reuisi Jmpensis cir! cumspecti viri archibibliopole
          <lb/>Joannis rynman de Oringaw: in officina industrij Henrici
          <lb/>gran! Ciuis in imperiali opido Hagenaw impressi: Anno
          <lb/>virginei partus Millesimo quingente-simo octauo: quinta
          <lb/>die mensis Julij Finiunt feliciter.
          <lb/>Bl. m 7b: Epistola... Impressaque in imperiali opi do
          <lb/>Hagenaw Finit feliciter Anno salutis no-stre Millesimo
          <lb/>quingentesimo octauo. xij. die mensis Julij.
          <lb/>40, Got., 2sp., 82 unn. Bll., Kopft., Init.
          <lb/>Auf der Rücks, des Titelbl.: Epistola Andree grindelhart
          <lb/>hallensi bibliopole Pallas spangel theologie professor sa¬
          <lb/>lutem dicit... Datum raptim pridie Philippi et Jacobi:
          <lb/>Anno Millesimo quingentesimo septimo.
          <lb/>R10.328. Prov.: Bibliothek Ch. Schmidt mit seinem Exlibris
          <lb/>u. folgender Notiz: D. Carolo Schmidt Theol. Professori. Amico suo
          <lb/>eximie caro Die quo sexagesimum egit natalem Dono dedit G. Stri (!)
          <lb/>unleserliches Autograph.
          <lb/>2. Ex. R 10.327. Prov.: Gymnasialbibl. Heilbronn 2. IV. 1878,
          <lb/>gegen Tausch.
          <lb/>Oxford, Bibl. Bodleiana; Proctor II Sectio I Nr. 11637: London
          <lb/>Brit. Museum.
          <lb/>1214
          <lb/>HUNGER Wolfgang
          <lb/>Strassburg, B. Jobin 1586
          <lb/>LINGVAE GERMANICAE VINDICATIO CONTRA EXOTICAS
          <lb/>Qvas- dam, qvae complvrivm vocvm &amp;amp; dictionúm, merè
          <lb/>Germanicarum, Etymolo- gias, ex sua petere sunt conati.
          <lb/>Lvevbrata per Clarissimum Iureconsultum Wolffgangum
          <lb/>Hungerum. IVCVNDA LECTV TAM HOMINIBVS Germanis
          <lb/>quàm vtilis Gallis, Italis &amp;amp; Hispanis, praesertim Legum
          <lb/>studiosis. (Druckerm. Jobins. H a B Tafel XXXVII Nr. 5 mit den
          <lb/>Worten: SAPIENTIA CONSTANS.
          <lb/>R. 52
          <lb/>817
        </p>
      </div>
    </body>
  </text>
</TEI>
