<?xml version='1.0' encoding='UTF-8'?>
<?xml-model href="https://raw.githubusercontent.com/OpenITI/tei_openiti/master/tei_openiti.rng" type="application/xml" schematypens="http://relaxng.org/ns/structure/1.0"?>
<?xml-model href="https://raw.githubusercontent.com/OpenITI/tei_openiti/master/tei_openiti.rng" type="application/xml" schematypens="http://purl.oclc.org/dsdl/schematron"?>
<TEI xmlns="http://www.tei-c.org/ns/1.0">
  <teiHeader>
    <fileDesc>
      <titleStmt>
        <title/>
      </titleStmt>
      <publicationStmt>
        <p/>
      </publicationStmt>
      <sourceDesc>
        <p/>
      </sourceDesc>
    </fileDesc>
    <profileDesc>
      <calendarDesc>
        <calendar xml:id="ah">
          <p>Anno Hegirae</p>
        </calendar>
      </calendarDesc>
    </profileDesc>
    <xenoData xml:space="preserve">
CREATED: 2024-04-15T07:35:06.857562+00:00
CREATED BY: eScriptorium vpassthistobuildcmd
IMAGE FILENAME: A121078-3139.tif
IMAGE WIDTH: 2316
IMAGE HEIGHT: 3848
</xenoData>
  </teiHeader>
  <text>
    <body>
      <div>
        <p>
          <lb/>Innhalt begriff vnd gleichsam ein Jnuentarium vnd
          <lb/>Register diser gantzen Chronicken, findestu zûruck disz
          <lb/>plats.
          <lb/>Kumpt her vnd schauwet die werck des Herren. Psalm.
          <lb/>XLVj. LXiiij. Anno. M. D. XXXI. (Rücks, leer.)
          <lb/>Am Schluss: Getruckt zâ Straszburg. Durch Balthasser
          <lb/>Beck. Vnd volendet am Fünfften tag des Herbstmonats.
          <lb/>Im Jar. M. D. XXXI.
          <lb/>20, Got., 12 unn., DXXVI (526) num, u. 11 leere Bll., Kopft.,
          <lb/>Kust., Marg., Init.
          <lb/>Unn. Bl. 2a: Innhalt vnd begriff der fürnemsten hän¬
          <lb/>del, Historien vnd Capitel diser Chronick, (10 S.)
          <lb/>Bl. a 1a: Vorred vnd einleyttung Sebastian Franck
          <lb/>wünscht dem gûtwilligenLeser erkanntnus vnd ver¬
          <lb/>stand... (11S.)
          <lb/>Bl. a 6b: Authores in disem werck angezogen... (3sp.)
          <lb/>R 10.291. Prov.: Nachlass Wackernagel, durch Prof. Förstemann,
          <lb/>Dresden 12. XII. 1877, 5 M. Zahlreiche handschr. Notizen. Auf der
          <lb/>Rücks, des Schutabl.:Von Sebastian Franck. S. Joh. Georg Schelhorns
          <lb/>Ergötzlichkeiten aus der Kirchenhistorie und Litteratur. Erster Band
          <lb/>Erstes Stück. S. 109.
          <lb/>Bl. 526b:&amp;quot;la chronique est continuée par écrit de 1532-1542,&amp;quot;
          <lb/>oben: 1528; 10 Verse des Doctor Brand zuo Straszburg
          <lb/>wyder die Babstlich pfaffen. Die 11 leeren Bll, enthalten ein
          <lb/>handschr. Verzeichnis der Namen, die im Buche vorkommen mit Ver¬
          <lb/>weisung auf die Seiten. Auf der Einbanddecke befindet sich die Jahres¬
          <lb/>zahl 1577.
          <lb/>2. Ex. R 10.5291. Prov. : Bibl. Ed. Cunite, Strassburg 1886.
          <lb/>Handschr. Notizen. Auf dem Titelbl, unten:, Haec vero Chronica edit.
          <lb/>prima et omnino rarissima.&amp;quot; Auf der Innens, des Vorderdeckels:,Carl
          <lb/>Pfintzing&amp;quot;; darunter :, Pistorius, den 23. August 1827.&amp;quot;
          <lb/>Stadtbibl. Strassburg 1156. GK: SB Berlin; UB Bonn. Breslau,
          <lb/>Göttingen, Greifswald, Halle, Kiel, Königsberg, Münster. Baer, Frank¬
          <lb/>furt a. M. Katal. 500 (1907) Nr. 817; 125 M.:»Erste Ausgabe dieser,
          <lb/>besonders für die Reformationszeit interessanten Chronik...« Setst als
          <lb/>Jahreszahl 1532 und sagt : 126 Bll.
          <lb/>Bibliographie Franck&amp;#x27;s: Schottenloher I Nr 6472-6536. 882
          <lb/>FRANCK Sebastian
          <lb/>Strassburg, J. Prüss 1539
          <lb/>Von den grewli- chen laster der trunckenheit, So
          <lb/>inn disen letsten zeyten; erst schier mit den Fran- tzosen
          <lb/>auffkommen, Was füllerey, sauffen, vnd zôtrin! cken, für
          <lb/>jamer, vnrath, Schaden der seel vnd des leibs, auch
          <lb/>583
        </p>
      </div>
    </body>
  </text>
</TEI>
