<?xml version='1.0' encoding='UTF-8'?>
<?xml-model href="https://raw.githubusercontent.com/OpenITI/tei_openiti/master/tei_openiti.rng" type="application/xml" schematypens="http://relaxng.org/ns/structure/1.0"?>
<?xml-model href="https://raw.githubusercontent.com/OpenITI/tei_openiti/master/tei_openiti.rng" type="application/xml" schematypens="http://purl.oclc.org/dsdl/schematron"?>
<TEI xmlns="http://www.tei-c.org/ns/1.0">
  <teiHeader>
    <fileDesc>
      <titleStmt>
        <title/>
      </titleStmt>
      <publicationStmt>
        <p/>
      </publicationStmt>
      <sourceDesc>
        <p/>
      </sourceDesc>
    </fileDesc>
    <profileDesc>
      <calendarDesc>
        <calendar xml:id="ah">
          <p>Anno Hegirae</p>
        </calendar>
      </calendarDesc>
    </profileDesc>
    <xenoData xml:space="preserve">
CREATED: 2024-04-15T07:35:05.394646+00:00
CREATED BY: eScriptorium vpassthistobuildcmd
IMAGE FILENAME: A121078-3041.tif
IMAGE WIDTH: 2340
IMAGE HEIGHT: 3840
</xenoData>
  </teiHeader>
  <text>
    <body>
      <div>
        <p>
          <lb/>Am Schluss der Apologia. Bl. 1 3a : Bene vale Faber... Loua¬
          <lb/>nij, Nonis Augusti. ANNO M. D. XVII. APOLOGIAE FINIS.
          <lb/>Bl. L 4b: Ex MVNIFICENTIA IMPERATO) RIS DIVI MAXIMI¬
          <lb/>LIANI CAES. Avg.
          <lb/>Darunter, Druckermarke Schürer&amp;#x27;s, mit dem Ausruf: VIVAT
          <lb/>Maxi. C. und dem Namen des Druckers: MATIHIAS. (!) SCHVRERI
          <lb/>Sibi &amp;amp; Suis. (H æ B Tafel XIII Nr. 5, Silvestre Nr. 692.)
          <lb/>Neudruck der 1. Ausgabe von Thierry Martens, Löwen, o. I.
          <lb/>R101490. Prov.: L. Rosenthal, München, 15. VII. 1885, 40 M.
          <lb/>Titelbl. oben: F. Fries (?) Wessobruenensis.
          <lb/>Schmidt VIII Nr. 224: Stadtbibl. Zürich; Van der Haeghen, Bd. II,
          <lb/>S. 113 f.: Cambridge, Frankfurt a. M., Freiburg i. Br., Gent, Kopen¬
          <lb/>hagen. München, Strassburg, Wien: »On ne saurait dire avec certitude,
          <lb/>si elle a paru en 1517 ou en 1518, elle n’est pas postérieure à 1518...
          <lb/>il n’y a que quatre éditions de l’Apologia et toutes les quatre existaient
          <lb/>726
          <lb/>déjà en 1518.-. GK. SB Berlin (3 Ex.). Rest S. 47.
          <lb/>Strassburg, M. Schürer, 1517
          <lb/>ERASMUS: Adagia
          <lb/>COLLECTA nea Adagiorum veterum Desyderii Erasmi
          <lb/>Roterodami Germa- niae decoris.) AD LECTOREM. Inuenies
          <lb/>hic candide Lector Adagia Eras mi Roterodami, multo emen¬
          <lb/>datiora, multo integriora, quam in prioribus impressioni¬
          <lb/>bus. Dictiones praeterea graecas sparsim huic opusculo in¬
          <lb/>sertas cum apicibus suis, ac spiritibus, artifici opera fabre¬
          <lb/>factis, qui in alijs huc-usque sunt neglecti.Addita est
          <lb/>tabula in ipsius operis calce, a Schurerio condita, quo
          <lb/>dicto citius quaerenti quoduis occurrat. LECTOR EME,
          <lb/>LEGE ET PROBABIS! Qvλασςς καtρóv.
          <lb/>Am Schluss: Argentorati, Matthias Schurerius Se- le¬
          <lb/>stensis stanneis calamis exscripsit. Mense Septemb. Anno
          <lb/>a Chri! sto nato M. D. XVII. (Rückseite leer.)
          <lb/>40, Antiq., 4 unn., LVII num. u. 7 unn. Bll. (Index), Titel rot
          <lb/>u. schwarz, Titeleinfassung der Ausgabe 1515.
          <lb/>Auf der Rückseite des Titelbl.: Erasmi... in adagiorum uete¬
          <lb/>rum, atque insignium collectanea praefatio. Desyderius
          <lb/>Erasmus... Guilielmo Mo- nioio Comiti... O. D. .. (6 S.)
          <lb/>Bl. 4 4b: MATTHIAS SCHVRERIVS. Selestensis Lectori
          <lb/>Foelicitatem. (Strassburg, 1. Juli 1509.)
          <lb/>R 100.930(3). Prov.: K. Th. Völcker, Frankfurt a. M., 1. VII.
          <lb/>1880; 1 M. Handschr, Notizen.
          <lb/>GK: SB Berlin, UB Münster; Schmidt VIII, 218; Frühere Stadt-
          <lb/>bibl. Strassburg Inkun. Nr. 1743; Van der Haeghen I, S. 37 f.: Gent,
          <lb/>485
        </p>
      </div>
    </body>
  </text>
</TEI>
