<?xml version='1.0' encoding='UTF-8'?>
<?xml-model href="https://raw.githubusercontent.com/OpenITI/tei_openiti/master/tei_openiti.rng" type="application/xml" schematypens="http://relaxng.org/ns/structure/1.0"?>
<?xml-model href="https://raw.githubusercontent.com/OpenITI/tei_openiti/master/tei_openiti.rng" type="application/xml" schematypens="http://purl.oclc.org/dsdl/schematron"?>
<TEI xmlns="http://www.tei-c.org/ns/1.0">
  <teiHeader>
    <fileDesc>
      <titleStmt>
        <title/>
      </titleStmt>
      <publicationStmt>
        <p/>
      </publicationStmt>
      <sourceDesc>
        <p/>
      </sourceDesc>
    </fileDesc>
    <profileDesc>
      <calendarDesc>
        <calendar xml:id="ah">
          <p>Anno Hegirae</p>
        </calendar>
      </calendarDesc>
    </profileDesc>
    <xenoData xml:space="preserve">
CREATED: 2024-04-15T07:35:13.531161+00:00
CREATED BY: eScriptorium vpassthistobuildcmd
IMAGE FILENAME: A121078-3409.tif
IMAGE WIDTH: 2410
IMAGE HEIGHT: 3852
</xenoData>
  </teiHeader>
  <text>
    <body>
      <div>
        <p>
          <lb/>Hans Baldung; darunter: Joannes Indagine 1523; Bl. a 4b: Wappen
          <lb/>Auf der Rücks, des Titelbl. u. Bl. 44: Bildnis des Verfassers von
          <lb/>des Verfassers. Teil I: Chiromantzey usz besehung der hend, Bl. 1/29.
          <lb/>(36 Abb. von Händen u. 7 Holeschn. : Personifikation der Planeten.)
          <lb/>Sodann Bl. 30-44: Physiognomey. (24 Abb. von Gesichtern, in denen
          <lb/>die Temperamente sum Ausdruck gebracht werden.) Bl. 44-58: Astro¬
          <lb/>logey. (27 geometrische Figuren sowie Wiederholung der 7 Planeten¬
          <lb/>holeschn.) Bl. 59-66: Complexion erkantnüsz mit 14 Abb, der personni¬
          <lb/>fieierten Planeten.
          <lb/>R 10.001. Geschenk der UB Stuttgart 1871; zahlreiche handschr.
          <lb/>Eintragungen.
          <lb/>Schmidt II, 84 citiert ein Exemplar der Hagemann&amp;#x27;schen Buch¬
          <lb/>handlung (Strassburg 1878), in dem die Zahl der Holzschn, nicht mit
          <lb/>unserem Ex, übereinstimmt.
          <lb/>1265
          <lb/>JOHANNES DE INDAGINE
          <lb/>Strassburg, Joh. Schott 1531
          <lb/>CHIROMANTIA. 2. Physiognomia, ex aspectu membro¬
          <lb/>rum Hominis.3. Periaxiomata, de faciebus SIGNORVM.
          <lb/>4. Canones astrologici, de iudicijs Ægritudinum. 5. ASTRO¬
          <lb/>LOGIA NATVRALIS.) 6. Complexionum noticia, iuxta domi¬
          <lb/>nium Planetarum, (Bildnis des Verfassers, wie in der Ausgabe von
          <lb/>1522.) Darunter: Autore Jo. Indagine, 1531.
          <lb/>Argent. apud Jo. Schottum. (Rücks, leer.)
          <lb/>Am Schluss: Argent. apud Jo. Schottum. Anno! M. D.
          <lb/>XXXI.
          <lb/>20, Antiq., 137 S., auf der Rücks, des letzten Bl. Wappen des
          <lb/>Verfassers.
          <lb/>Neue Ausgabe des Druckes von 1592, mit den gleichen Rolaschn.,
          <lb/>aber ohne die Vorreden u. ohne den Brief an O. Brunfels.
          <lb/>Schmidt II, 120 bemerkt, dass Kristeller S. 135 eine Ausgabe von
          <lb/>1540 erwähnt, welche in der SB Berlin vorhanden ist, und fügt hinzu:
          <lb/>En cette même année Schott comprit le text allemand de l’ouvrage dans
          <lb/>une réimpression du Feldbuch de Gersdorf; le texte latin parut-il aussi
          <lb/>à part?
          <lb/>Brunet III2, 435.
          <lb/>1266
          <lb/>JOHANNES DE INDAGINE
          <lb/>Strassburg, Joh. Schott 1534
          <lb/>CHIROMANTIA.1 Physiognomia, ex aspectu mem¬
          <lb/>brorum Hominis. 2 Periaxiomata, de Faciebus SIGNORVM.
          <lb/>3 Canones Astrologici, de iudicijs Aegritudinum.] 4 ASTRO¬
          <lb/>LOGIA NATVRALIS.5Complexionum noticia, iuxta domi¬
          <lb/>nium Planetarum. (Bildnis des Verfassers wie in den früheren Aus¬
          <lb/>gaben.) Darunter: Autore Jo. INDAGINE. 1534. (Rücks, leer.)
          <lb/>851
        </p>
      </div>
    </body>
  </text>
</TEI>
