<?xml version='1.0' encoding='UTF-8'?>
<?xml-model href="https://raw.githubusercontent.com/OpenITI/tei_openiti/master/tei_openiti.rng" type="application/xml" schematypens="http://relaxng.org/ns/structure/1.0"?>
<?xml-model href="https://raw.githubusercontent.com/OpenITI/tei_openiti/master/tei_openiti.rng" type="application/xml" schematypens="http://purl.oclc.org/dsdl/schematron"?>
<TEI xmlns="http://www.tei-c.org/ns/1.0">
  <teiHeader>
    <fileDesc>
      <titleStmt>
        <title/>
      </titleStmt>
      <publicationStmt>
        <p/>
      </publicationStmt>
      <sourceDesc>
        <p/>
      </sourceDesc>
    </fileDesc>
    <profileDesc>
      <calendarDesc>
        <calendar xml:id="ah">
          <p>Anno Hegirae</p>
        </calendar>
      </calendarDesc>
    </profileDesc>
    <xenoData xml:space="preserve">
CREATED: 2024-04-15T07:35:11.828071+00:00
CREATED BY: eScriptorium vpassthistobuildcmd
IMAGE FILENAME: A121078-3338.tif
IMAGE WIDTH: 2374
IMAGE HEIGHT: 3856
</xenoData>
  </teiHeader>
  <text>
    <body>
      <div>
        <p>
          <lb/>780
          <lb/>M. D. XLVI.
          <lb/>20, Got., 6 unn. LXXVII num. Bll., Kopft., Kust., Init.
          <lb/>66 schöne Holeschn,, meist Abb. von Tieren.
          <lb/>Bl. A 201: Vorred zum bescheydenen leser. (8 S.)
          <lb/>R10.160. Prov.: Bibl. Prof. Hermann, Strassburg. Mit zwei
          <lb/>Seiten Anmerkungen von seiner Hand:
          <lb/>&amp;quot;Liber rarus. Imo rarissimus. Nitidissime etiam conservatus. Non
          <lb/>habet Brückmann in Bibliotheca animali, neque Supplemento. Non novit
          <lb/>Gronovius in Bibliotheca animali. Ignorat Hallerus in Meth. Stud, med.
          <lb/>Non reperio in Deliciis Cobresianis. Neque in Boehmeri Bibliotheca. Unde
          <lb/>quaeso adeo Bibliographorum omnium notitiam fugit. Habet tamen Schoepf¬
          <lb/>linus in mspto «Literati Alsatiae» Tom. I. p. 156. (quod manu¬
          <lb/>scriptum Schoepflinus Oberlino donavit.) ut autem alios Herrii libros
          <lb/>ignorat. Herriam gentem adhuc Colmariae florere Schoepflinus ibi monet.
          <lb/>Ubinam Schoepflinus vidit librum? Ego acquisivi inter Joh. Bœcleri libros,
          <lb/>ubi cum aliis compactus erat.
          <lb/>Ad historiam literariam Argentorati praecipue facit, quum liber
          <lb/>Argentorati excusus sit, &amp;amp; auctor argentoratensis fuerit. et Bibliotheca
          <lb/>patria dignus.
          <lb/>Idem est cum illo Michaelo Hero, cujus extat diateticus liber, cui
          <lb/>titulus : Schach-Tafeln der Gesundheit. Strassburg, 1533, fol. aeque fere
          <lb/>ignotus quam praesens liber.
          <lb/>Idem et edidit die Neuste (?) Welt.
          <lb/>In praefatione multa praecipue de Alberto Magno habet, de quo
          <lb/>rectissime judicat, multa illum habere fabulosa. Ob seculi tamen barbariem
          <lb/>quo vixit, excusat.
          <lb/>Memorabilem narrat foll II° historiam de Leonis amicitia, et vindicta
          <lb/>quam sumsit. Eam revera accidisse, neque fictam esse observat. Similis
          <lb/>fere est illi, quae nostris temporibus in Anglia, &amp;amp; alteri illi-quae Parisiis
          <lb/>accidit.
          <lb/>Jcon es habet proprias, majusculas, quarum quaedam, pro illo
          <lb/>tempore, non inelegantes.
          <lb/>In nonnullis, ut in Elephante, Muro Criceto, dicarat fere quis illum.»
          <lb/>Zwischen Bl. VII u. VIII findet sich ein Zettel mit folgender Notis:
          <lb/>&amp;quot;Sonderbar, dass da dieser Schriftsteller sonsten so sehr unbekannt
          <lb/>ist, ich ihn von einem Franzosen muss angeführt finden. In der Déscrip¬
          <lb/>tion Anatomique de divers animaux dissequés dans l’Académie Royale
          <lb/>des Sciences 11. Edit. 16.82. heisst es pag. 88: Michaël Herus dit qu’en
          <lb/>Allemagne les pattes d’ours sont encore à présent reservées pour la table
          <lb/>des princes, à qui on sert des pattes d’ours salées &amp;amp; enfumées.»
          <lb/>Baer, Frankfurt a. M., Katal. 500 (1907) Nr. 902; 135 M.:
          <lb/>«Mit 63 prächtigen Holzschnitten. Was diesem interessanten u. seltenen
          <lb/>Tierbuche einen besonderen Wert gibt, sind die vorzüglichen Tierbilder.»
          <lb/>1i6o
          <lb/>HERREN
          <lb/>Strassburg, J. Prüss 1535
          <lb/>Was die Alten herren erkhtannus (!) vnserer
          <lb/>herren Meister Rath vnd der Eynundtzwentzigen, der
        </p>
      </div>
    </body>
  </text>
</TEI>
