<?xml version='1.0' encoding='UTF-8'?>
<?xml-model href="https://raw.githubusercontent.com/OpenITI/tei_openiti/master/tei_openiti.rng" type="application/xml" schematypens="http://relaxng.org/ns/structure/1.0"?>
<?xml-model href="https://raw.githubusercontent.com/OpenITI/tei_openiti/master/tei_openiti.rng" type="application/xml" schematypens="http://purl.oclc.org/dsdl/schematron"?>
<TEI xmlns="http://www.tei-c.org/ns/1.0">
  <teiHeader>
    <fileDesc>
      <titleStmt>
        <title/>
      </titleStmt>
      <publicationStmt>
        <p/>
      </publicationStmt>
      <sourceDesc>
        <p/>
      </sourceDesc>
    </fileDesc>
    <profileDesc>
      <calendarDesc>
        <calendar xml:id="ah">
          <p>Anno Hegirae</p>
        </calendar>
      </calendarDesc>
    </profileDesc>
    <xenoData xml:space="preserve">
CREATED: 2024-04-15T07:35:14.385181+00:00
CREATED BY: eScriptorium vpassthistobuildcmd
IMAGE FILENAME: A121078-3445.tif
IMAGE WIDTH: 2424
IMAGE HEIGHT: 3850
</xenoData>
  </teiHeader>
  <text>
    <body>
      <div>
        <p>
          <lb/>Einblattdr. Verordnung des Magistrats, welche allen, die in Strass¬
          <lb/>burg wohnen, die Pflicht auferlegt, das Bürgerrecht eu verlangen.
          <lb/>M 9455. Herkunft unsicher, wahrscheinlich Bibl. Heitz, Strass-
          <lb/>burg 1871. Handschr. Vermerke.
          <lb/>1320
          <lb/>RURTZWEIL. Siehe: RATSELBUCH
          <lb/>KYBER David
          <lb/>Strassburg, W. Rihel 1553
          <lb/>LEXICON REI HERBA- RAE, TRILINGVE, EX VA-] riis &amp;amp;
          <lb/>optimis, qui de Stirpium historia scripserunt, authoribus
          <lb/>con- cinnatum. PER DAVIDEM KYBERVM! Argentinensem.
          <lb/>AD LECTOREM. (Dist.)
          <lb/>ITEM] TABVLAE COLLECTIONVM IN GENE- re &amp;amp; particu¬
          <lb/>latim per xii Menses, in usum pharmacopolarum conscrip¬
          <lb/>tae per CONRADVM GESNERVM me- dicum Tigurinum, in
          <lb/>quibus obiter stirpium quarundam no- mina Germanica,
          <lb/>&amp;amp; alia quaedam a nemine hactenus tradita! docentur.
          <lb/>Cum Gratia &amp;amp; Priuilegio Caesareo ad septennium.
          <lb/>ARGENTINAE APVD Vuendelinum Rihelium.) M. D. LIII.
          <lb/>(Rücks. leer.)
          <lb/>Am Schluss: ARGENTORATI EXCVDEBATVuendelinus Ri¬
          <lb/>helius. Anno M. D. LIII. Mense Septemb.
          <lb/>80, Got., Antiq, u. Kursiv, 8 unn. Bll, 548 S., Kopft., Kust.,
          <lb/>Init. O.
          <lb/>Bl. a 2a: Ly cio Kybero Argentinensis Ecclesiae ad
          <lb/>S. Aureliam pastori, Conradus Gesne-rus medicus.
          <lb/>S. P. D.... — Tiguri pridie! Calendas Aprilis, Anno Salu¬
          <lb/>tis! M. D. LHI. (SS.)
          <lb/>Bl. a 6a: AD LECTOREM.
          <lb/>Bl. a 7a: IDYLLIVM EPITA-] PHIVM IN DAVIDEM KYBE¬
          <lb/>rum Argentinensem linguae Hebraice! professorem doctis¬
          <lb/>simum, pesTE SVBLA TVM Argentinae anno Salutis M. D.
          <lb/>LIII, mense Ianuario, aetatis suae! XXVIII! Colloqvvtores
          <lb/>Conra- dus Gesnerus medicus Tigurinus, &amp;amp; Nicola-us
          <lb/>Gerbelius I. C. Argentinensis. (Griech. Text, 4 S.)
          <lb/>R101.535. Prov.: Bibl. Hermann. Handschr. Eintraguno:, Bi¬
          <lb/>bliothecae Hermaniane Argentor.... Si quis etiam Kyberum ipsum non
          <lb/>curet meretur in honore haberi ob GESSNERI FABULARUM COLLECTIONEM
          <lb/>quae adjectae sunt &amp;amp; quas allegare solet Hallerus. Non alias prodiisse
          <lb/>colligo ex Halleri Bibl. Il. p. 288 etc.&amp;quot;
          <lb/>BN Paris, S. 13357 et 21857.
          <lb/>1321
          <lb/>St
          <lb/>887
        </p>
      </div>
    </body>
  </text>
</TEI>
