<?xml version='1.0' encoding='UTF-8'?>
<?xml-model href="https://raw.githubusercontent.com/OpenITI/tei_openiti/master/tei_openiti.rng" type="application/xml" schematypens="http://relaxng.org/ns/structure/1.0"?>
<?xml-model href="https://raw.githubusercontent.com/OpenITI/tei_openiti/master/tei_openiti.rng" type="application/xml" schematypens="http://purl.oclc.org/dsdl/schematron"?>
<TEI xmlns="http://www.tei-c.org/ns/1.0">
  <teiHeader>
    <fileDesc>
      <titleStmt>
        <title/>
      </titleStmt>
      <publicationStmt>
        <p/>
      </publicationStmt>
      <sourceDesc>
        <p/>
      </sourceDesc>
    </fileDesc>
    <profileDesc>
      <calendarDesc>
        <calendar xml:id="ah">
          <p>Anno Hegirae</p>
        </calendar>
      </calendarDesc>
    </profileDesc>
    <xenoData xml:space="preserve">
CREATED: 2024-04-15T07:35:07.792336+00:00
CREATED BY: eScriptorium vpassthistobuildcmd
IMAGE FILENAME: A121078-3179.tif
IMAGE WIDTH: 2314
IMAGE HEIGHT: 3852
</xenoData>
  </teiHeader>
  <text>
    <body>
      <div>
        <p>
          <lb/>623
          <lb/>GALENUS Claudius: De Centauro. Siche: SERAPION: De sim¬
          <lb/>plicibus medicinis. Strassburg, G. Utricher 1531.
          <lb/>GALENUS Claudius. Siche: GALEATIUS: Libellus introductorius.
          <lb/>1533.
          <lb/>GALENUS Claudius
          <lb/>Strassburg, S. Emmel 1558
          <lb/>GALENI DE HVMORIBVS LI-ber nunquam antehac
          <lb/>typis ex cusus, &amp;amp; nunc primùm ex Graeco in Lati num
          <lb/>sermonem ita conuersus, à Ber- nardo Bertrando Rhegino,
          <lb/>Gal lo prouinciali, ut facilè! Graecis Latina con- ferri
          <lb/>possint. HVIC AB EODEM IN- terprete, insertae sunt in ipso
          <lb/>mar gine, vtiles annotationes: atque ad finem libri, ad¬
          <lb/>iecta est tabella, quae totius libri summa capita com¬
          <lb/>plectitur.
          <lb/>ARGENTORATI APVD! Samuelem Emmel.Anno M. D.
          <lb/>LVIII. (Räcks, leer.)
          <lb/>80, Kursiv, Antiq. u. Griech., 22 unn. Bll., Sign. A-C, 16 leere
          <lb/>Bll., Kopft., Kust., Marg., Init.
          <lb/>Bl. A 2a: CLARISSI- MIS VIRIS D. PETROSturmio, la¬
          <lb/>cobo Meiero &amp;amp; Fri- derico Gotesheimio, Senatoribus Argen
          <lb/>tinensibus ac Scholarchis, Bernar- dus Bertrandus Rhegi¬
          <lb/>nus, Gallo prouinci-alis.... — Argentorati Calendis
          <lb/>Martijs. 1558. (Vorrede, 4 S.).
          <lb/>Bl. A 4a: BERNARDVS BER-TRANDVS RHEGI-nus gallo¬
          <lb/>prouincialis, studio- so Medicinae lectori.... (2 S.)
          <lb/>R 101.871. Herkunft unbekannt.
          <lb/>GK: SB Berlin, UB Göttingen, Königsberg.
          <lb/>932
          <lb/>GALLUS Cornelius. Siche: MAXIMIANUS Cornelius Episcopus.
          <lb/>GARNIER Jean
          <lb/>[Strassburg), J. Poullain u. R. Houdouyn 1555
          <lb/>Brieue &amp;amp; claire! CONFESSION DE! LA FOY CHRESTIEN¬
          <lb/>NE,  contenant cent articles, selon l’ordre du Symbole
          <lb/>des Apostres, faite &amp;amp; declaree en l’Eglise Françoise de
          <lb/>Strasbourg, par lan Garnier.
          <lb/>Reueue &amp;amp; de nouveau corrigee par ledit autheur.
          <lb/>ROMAINS X. Le cœur croit pour estre iustifié, mais
          <lb/>la bouche confesse pour auoir salut. Quand sera-ce?
        </p>
      </div>
    </body>
  </text>
</TEI>
