<?xml version='1.0' encoding='UTF-8'?>
<?xml-model href="https://raw.githubusercontent.com/OpenITI/tei_openiti/master/tei_openiti.rng" type="application/xml" schematypens="http://relaxng.org/ns/structure/1.0"?>
<?xml-model href="https://raw.githubusercontent.com/OpenITI/tei_openiti/master/tei_openiti.rng" type="application/xml" schematypens="http://purl.oclc.org/dsdl/schematron"?>
<TEI xmlns="http://www.tei-c.org/ns/1.0">
  <teiHeader>
    <fileDesc>
      <titleStmt>
        <title/>
      </titleStmt>
      <publicationStmt>
        <p/>
      </publicationStmt>
      <sourceDesc>
        <p/>
      </sourceDesc>
    </fileDesc>
    <profileDesc>
      <calendarDesc>
        <calendar xml:id="ah">
          <p>Anno Hegirae</p>
        </calendar>
      </calendarDesc>
    </profileDesc>
    <xenoData xml:space="preserve">
CREATED: 2024-04-15T07:35:13.351745+00:00
CREATED BY: eScriptorium vpassthistobuildcmd
IMAGE FILENAME: A121078-3396.tif
IMAGE WIDTH: 2406
IMAGE HEIGHT: 3854
</xenoData>
  </teiHeader>
  <text>
    <body>
      <div>
        <p>
          <lb/>838
          <lb/>Bl. A 2a: ... Danielo Stibaro! M. Frenaeus. (Vorrede, 2 S.)
          <lb/>angabe.
          <lb/>R102.062. Prov.: Sandrog, Berlin 4. VIII. 1877; ohne Preis¬
          <lb/>stadt Nr. 1631.
          <lb/>BN Paris, 80, La?, 14; Stadtbibl. Strassburg; Walter: Schlett-
          <lb/>1247
          <lb/>IRENICUS Franciscus Friedlieb
          <lb/>Hagenau, Th. Anshelm 1518.
          <lb/>GERMANIAE! EXEGESEOS VOLVMI! NA DVODECIM A L. FRAN¬
          <lb/>CISCO IRENICO ETTELINGIACENSI EXARATA.
          <lb/>Eiusdem oratio protreptica, in amorem Germaniae,
          <lb/>cum prae sentis operis excusatione, ad illustriss. principis
          <lb/>Palatini Electo! ris Cancellarium Florentium de Pheningen,
          <lb/>vtriusque censurae! Doctorem.
          <lb/>Vrbis Norinbergae descriptio, Conrado Celte enarratore.
          <lb/>(Darunter 4 griech. Dist.)
          <lb/>Am Schluss: Elaboratum est hoc Germaniae opus, typis
          <lb/>ac formulis Thomae Anshelmi, Hagenoae, praesente ca¬
          <lb/>stigatore atque authore ipso. Sumptibus autem Viri orna¬
          <lb/>tissi mi loannis Kobergii Norinbergensis Incolae. Anno
          <lb/>salutis nostrae ! M. D. XVIII.! Mense Augu! sto.
          <lb/>Darunter Druckerm. Anshelm&amp;#x27;s. (HŒ B Tafel LXII Nr. 2; Sil¬
          <lb/>vestre Nr. 771).
          <lb/>20, Antiq., 6 unn., COXXI num., 29 unn. Bll., Sign. a—2, A-V,
          <lb/>Kopft., Kust., Marg., Init., zahlr, genealogische Tafeln.
          <lb/>Auf der Rücks. des Titelbl.: Leo Papa X.... — Datum
          <lb/>Romae apud Sanctum Petrum, sub annulo piscatoris, die
          <lb/>XIIII. Ianuarii. M. D. XVIII. Pont, nostri anno quinto.
          <lb/>Bl. 2a: ILLVSTRISSIMIS PRINCIPIBVS, LVDOVICO SACRA¬
          <lb/>TISS. IMPERII ELECTORI ANTESIG NANO, AC FOEDERICO. RHENI
          <lb/>PALATINIS, Bauariaeque ducibus ampliss. Franciseus Ire¬
          <lb/>nicus Ettelingia censis, Collegij diuae Katherinae Heidel¬
          <lb/>berg. Modera tor... Ex diuae Katherinae collegio Haidel¬
          <lb/>bergae. Salutis anno M. D. XVIII. (7 S.)
          <lb/>Bl. 5b : Bilibaldvs Pirckheimer Francisco Irenico S. D.
          <lb/>... (1 S.)
          <lb/>Bl. 172a handelt vom Odilienberg.
          <lb/>Bl. T 1b: VRBIS NORINBERGAE! CONRADI CELTIS PROTVCHI
          <lb/>Germani... de Norinbergae libellus incipit.... (12 Bu.)
          <lb/>R10451. Prov. : Horowitz, Budapest, 30. VII. 1877; 1M. Ex
          <lb/>Bibl. Com. F. Széchenyi.
        </p>
      </div>
    </body>
  </text>
</TEI>
