<?xml version='1.0' encoding='UTF-8'?>
<?xml-model href="https://raw.githubusercontent.com/OpenITI/tei_openiti/master/tei_openiti.rng" type="application/xml" schematypens="http://relaxng.org/ns/structure/1.0"?>
<?xml-model href="https://raw.githubusercontent.com/OpenITI/tei_openiti/master/tei_openiti.rng" type="application/xml" schematypens="http://purl.oclc.org/dsdl/schematron"?>
<TEI xmlns="http://www.tei-c.org/ns/1.0">
  <teiHeader>
    <fileDesc>
      <titleStmt>
        <title/>
      </titleStmt>
      <publicationStmt>
        <p/>
      </publicationStmt>
      <sourceDesc>
        <p/>
      </sourceDesc>
    </fileDesc>
    <profileDesc>
      <calendarDesc>
        <calendar xml:id="ah">
          <p>Anno Hegirae</p>
        </calendar>
      </calendarDesc>
    </profileDesc>
    <xenoData xml:space="preserve">
CREATED: 2024-04-15T07:35:06.185338+00:00
CREATED BY: eScriptorium vpassthistobuildcmd
IMAGE FILENAME: A121078-3096.tif
IMAGE WIDTH: 2316
IMAGE HEIGHT: 3848
</xenoData>
  </teiHeader>
  <text>
    <body>
      <div>
        <p>
          <lb/>540
          <lb/>ARGENTINAE, 1571.
          <lb/>Am Schluss: ARGENTORATI APVD( Christianum Mylium.
          <lb/>1571. (Darüber: Druckerm. Müllers. H C B Tafel XXVIII Nr. 1.)
          <lb/>num. Bll. (lat. Ubersetzung, zwischen Text u. Ubersetzung : leeres Bl.,
          <lb/>80, Griech. u. Kursiv, 8 unn., 93 num. Bll. (griech. Text) u. 98
          <lb/>Kopft., Kust., Init.).
          <lb/>Auf der Rücks, des Titelbl.: Aufzählung der Werke des Euclides.
          <lb/>Bl. a 2a: Ad... D. Salatinum Archiepiscopum Colonien¬
          <lb/>sem electum: Sacri Romani Imperij per Italiam Archican¬
          <lb/>cellarium atque Electorem, &amp;amp;c. Cunradi Dasypodij Praefa¬
          <lb/>tio... — Cal; Iulij, Anno 1570, (11 S.)
          <lb/>schlag mit handschr. Text.
          <lb/>R 101.3212. Prov.: H. Kerler, Ulm 19. x. 1878. Pergamentum¬
          <lb/>GK: SB Berlin, UB Bonn, Breslau, Marburg.
          <lb/>817
          <lb/>EUPHEMIAI
          <lb/>Strassburg, Chr. Mylius Erben 1585
          <lb/>ETOHMIAI E- KOMIAXTIKAI, LAETI OMINIS ERGO
          <lb/>A cognatis Amicisque conuictoribus dictae scriptaeque:
          <lb/>HONORI NOVO DOMINI LEONHARDI WEIHEMAIERI Lauin¬
          <lb/>gani.
          <lb/>Cum illi, AD V. CALEND. NOVEMB. ANNO Christianae
          <lb/>salutis CIO. ID. XXCV. ab inclyta Argenti-nensi Academia,
          <lb/>sub Clariss. &amp;amp; Doct. viris MELCHORE IVNIO Rectore ma¬
          <lb/>gnifico: &amp;amp; HENNINGO OLDEN-DORPIO Philosophici Collegij
          <lb/>Decano spectabili, ob eruditionem &amp;amp; doctrinam singularem
          <lb/>Magi- sterij decus publicè conferretur. (Vign.)
          <lb/>ARGENTORATI. EX OFFICINA TYPOGRAPHICA Haeredum
          <lb/>Christiani Mylij, M. D. XVC.
          <lb/>Am Schluss: ARGENTORATI. 1 M. D. XVC.
          <lb/>40, Kursiv, 4 unn. Bll., Sign. A, Kust., Titeleinfassung, Zierleisten
          <lb/>auf jeder Seite.
          <lb/>Gedichte von Elias Reusnerus Leorin. Silesius, Basileae Raura¬
          <lb/>corum, Barth. Reusnerus Vrat. Silesius, Ioannes Zeschlinus LAvinganus,
          <lb/>Matthias Kiechelius Vlmensis, Ioan. Georgius Bonriederus Caufbeirensis.
          <lb/>R102.28842. Prov.: Bibl. Ch. Schmidt.
          <lb/>818
          <lb/>EURIPIDES
          <lb/>Strassburg, Josias Rihel 1567
          <lb/>EURIPIDIS HE-CVBA, ET IPHI- genia in Aulide, Graecè.
          <lb/>PRO SCHOLA Agentinensi.
          <lb/>ARGENTINAE, PER IOSIAM RIHE- lium 1567. (Rücks, leer.)
        </p>
      </div>
    </body>
  </text>
</TEI>
