<?xml version='1.0' encoding='UTF-8'?>
<?xml-model href="https://raw.githubusercontent.com/OpenITI/tei_openiti/master/tei_openiti.rng" type="application/xml" schematypens="http://relaxng.org/ns/structure/1.0"?>
<?xml-model href="https://raw.githubusercontent.com/OpenITI/tei_openiti/master/tei_openiti.rng" type="application/xml" schematypens="http://purl.oclc.org/dsdl/schematron"?>
<TEI xmlns="http://www.tei-c.org/ns/1.0">
  <teiHeader>
    <fileDesc>
      <titleStmt>
        <title/>
      </titleStmt>
      <publicationStmt>
        <p/>
      </publicationStmt>
      <sourceDesc>
        <p/>
      </sourceDesc>
    </fileDesc>
    <profileDesc>
      <calendarDesc>
        <calendar xml:id="ah">
          <p>Anno Hegirae</p>
        </calendar>
      </calendarDesc>
    </profileDesc>
    <xenoData xml:space="preserve">
CREATED: 2024-04-15T07:35:06.656831+00:00
CREATED BY: eScriptorium vpassthistobuildcmd
IMAGE FILENAME: A121078-3126.tif
IMAGE WIDTH: 2314
IMAGE HEIGHT: 3850
</xenoData>
  </teiHeader>
  <text>
    <body>
      <div>
        <p>
          <lb/>570
          <lb/>Bl. 2a:... Herrn Hans Lienhart Schlaher, Bur- gern
          <lb/>zu Straszburg, meinem Gönstigen Herren, Freund, vnd
          <lb/>vertrauten lieben als Bruder... — Geben inn Straszburg
          <lb/>auff Reminiscere die- ses 1591. Jar.Bernhart Jobin.
          <lb/>(Vorrede der Ausgabe von 1578.)
          <lb/>R100.720. Prov.: K. I. Trübner, Strassburg 25. IV. 1883; 26M.
          <lb/>GK: SB Berlin; UB Halle.
          <lb/>863
          <lb/>Goedeke 112, S. 498 Nr. 33.
          <lb/>FISCHART Johann
          <lb/>Strassburg, Bern. Jobin 1594
          <lb/>Ismenius,! Oder ein Vorbild stäter Liebe! Das ist
          <lb/>Die Histori von der stäten Liebe desz Jünglings Isme¬
          <lb/>nij vnd der Jungfrawen Ismene gegeneinander, wie! sie
          <lb/>beide, nach langwiriger übung Cupidinis, widerwertigkeit
          <lb/>zu Land! vnd Meer, letstlich widerumb bei Göttlicher güte,
          <lb/>vnd aller Welt jhrer bestendigkeit halben gnad gefunden,
          <lb/>vnd sich als ein Exempel aller standhafften Liebhaber
          <lb/>vorgestellt haben.
          <lb/>Erstlich durch Eustachium Philosophum in Griechi¬
          <lb/>scher sprach beschriben, nachmals durch Lelium Ca¬rani
          <lb/>in Italiano transferiert, jetzt aber von Joh. Christ. Arto¬
          <lb/>peo genandt Wolckenstern in Teutsch gefertigt.Zu dienst¬
          <lb/>lichem wolgefallen vnd ergetzung allen Fra¬en vnd
          <lb/>Jungfrawen, Liebergebenen jungen Leu- ten vnd auch
          <lb/>Künstlern, mit schönen nutzlichen Figuren gezieret.
          <lb/>Druckerzeichen Jobins. (H d B Tafel XXXVIII Nr. 8, mit der
          <lb/>Jahreszahl 1594 auf beiden Seiten.)
          <lb/>Am Schluss: Getruckt zu Straszburg durch Jobins
          <lb/>Erben. M. D. XCIIII, Darunter: Verzierung.
          <lb/>80, Got., 8 unn., 189 num. Bll. u. 1 unn. Bl., Kopft., Kust.,
          <lb/>Titel rot u. schwarz, zahlreiche Holzschn.
          <lb/>Bl. 2a: Vorrede des Italiani- schen Translatoris.
          <lb/>R101.637. Prov.: M. Spirgatis, Leipzig 20. x. 1891; 72 M.
          <lb/>Goedeke 112, S. 492 Nr. 9; Hauffen I, 152, 171-2, 211; II, 161-2.
          <lb/>864
          <lb/>FISCHART Johann
          <lb/>[Strassburg, Bern. Jobinl 1598
          <lb/>Aller Practick Grossmutter. Die dickgeprock te Panta¬
          <lb/>gruelinische Be-trugdicke Prockdick oder Pruchnastic¬
          <lb/>katz, Lasstafel, Baurenregel vnnd Wetterbüchlin, auff
          <lb/>alle Jar vnd Land gerechnet vnd gericht: Durch den Voll¬
        </p>
      </div>
    </body>
  </text>
</TEI>
