<?xml version='1.0' encoding='UTF-8'?>
<?xml-model href="https://raw.githubusercontent.com/OpenITI/tei_openiti/master/tei_openiti.rng" type="application/xml" schematypens="http://relaxng.org/ns/structure/1.0"?>
<?xml-model href="https://raw.githubusercontent.com/OpenITI/tei_openiti/master/tei_openiti.rng" type="application/xml" schematypens="http://purl.oclc.org/dsdl/schematron"?>
<TEI xmlns="http://www.tei-c.org/ns/1.0">
  <teiHeader>
    <fileDesc>
      <titleStmt>
        <title/>
      </titleStmt>
      <publicationStmt>
        <p/>
      </publicationStmt>
      <sourceDesc>
        <p/>
      </sourceDesc>
    </fileDesc>
    <profileDesc>
      <calendarDesc>
        <calendar xml:id="ah">
          <p>Anno Hegirae</p>
        </calendar>
      </calendarDesc>
    </profileDesc>
    <xenoData xml:space="preserve">
CREATED: 2024-04-15T07:35:07.610999+00:00
CREATED BY: eScriptorium vpassthistobuildcmd
IMAGE FILENAME: A121078-3177.tif
IMAGE WIDTH: 2314
IMAGE HEIGHT: 3848
</xenoData>
  </teiHeader>
  <text>
    <body>
      <div>
        <p>
          <lb/>GAIL Andreas
          <lb/>Strassburg, Bern. Jobin 1585
          <lb/>TRACTATVS Von Pfändungssachen, wie es mit den¬
          <lb/>selben an dem Keyserlichen Cammergericht, vermög der
          <lb/>Ordnung, vnd des Gerichts Practick, gehalten, vnd gevr¬
          <lb/>theylt werde. Alles mit gutem grund des Rechtens ausz¬
          <lb/>führlich bewisen, vnd in Latein an- fänglich beschriben
          <lb/>Durch Herren Andream Gayl, der Rechten Doctorn...
          <lb/>Nachmals aber ins Teutsch gebracht,! vnd mit allerhand
          <lb/>beigesetzten End vnd Bey-vrthevlen, Auch andern nütz¬
          <lb/>lichen Additionen... gemehret Durch H. Nicolaum Reus¬
          <lb/>nerum, der Rech- ten Doctorn in der Hohen Schul vnd
          <lb/>Freyen Reichstatt Straszburg. Sampt zweyen andern
          <lb/>dergleichen Tractetlein in Truck verfertigt, Durch Elias
          <lb/>Reusner von Lewenberg.! Cum Priuilegio Caesaris.Bey
          <lb/>Bernhart Jobin. M. D. LXXXV. (Rücks, leer.)
          <lb/>Am Schluss: Getruckt zu Strassburg, durch Bernhart
          <lb/>Jobin. Druckerm. Jobin&amp;#x27;s. (H e B Tafel XXXVII Nr. 6.) M. D.
          <lb/>LXXXV.
          <lb/>80, Got., 8 unn. Bll, 284 S., 1 unn. Bl., Kopft., Kust., Init.
          <lb/>W, N, Titel rot u. schwarz.
          <lb/>Bl. 2a:... Egenolffen, Herrn zu Ra- poltstein, Hohenack,
          <lb/>vnd Geroltzeck am Wassichen, Vorrede, 4 S., datiert aus Strass¬
          <lb/>burg, 1. Febr. 1585.
          <lb/>R 101.2991. Prov.: Auktion Degermann 5. VI. 1899.
          <lb/>GK: SB Berlin, UB Breslau, Königsberg.
          <lb/>930
        </p>
      </div>
    </body>
  </text>
</TEI>
