<?xml version='1.0' encoding='UTF-8'?>
<?xml-model href="https://raw.githubusercontent.com/OpenITI/tei_openiti/master/tei_openiti.rng" type="application/xml" schematypens="http://relaxng.org/ns/structure/1.0"?>
<?xml-model href="https://raw.githubusercontent.com/OpenITI/tei_openiti/master/tei_openiti.rng" type="application/xml" schematypens="http://purl.oclc.org/dsdl/schematron"?>
<TEI xmlns="http://www.tei-c.org/ns/1.0">
  <teiHeader>
    <fileDesc>
      <titleStmt>
        <title/>
      </titleStmt>
      <publicationStmt>
        <p/>
      </publicationStmt>
      <sourceDesc>
        <p/>
      </sourceDesc>
    </fileDesc>
    <profileDesc>
      <calendarDesc>
        <calendar xml:id="ah">
          <p>Anno Hegirae</p>
        </calendar>
      </calendarDesc>
    </profileDesc>
    <xenoData xml:space="preserve">
CREATED: 2024-04-15T07:35:12.765568+00:00
CREATED BY: eScriptorium vpassthistobuildcmd
IMAGE FILENAME: A121078-3378.tif
IMAGE WIDTH: 2396
IMAGE HEIGHT: 3856
</xenoData>
  </teiHeader>
  <text>
    <body>
      <div>
        <p>
          <lb/>820
          <lb/>Antichristi. Lib. 1 Item Fragmentorum collectanea quae¬
          <lb/>dam. Cum indice summario contentorum. APPENDiX
          <lb/>OTHO- nis BrVNNfelsii, (11 Zeilen.)
          <lb/>Increpet Dominus in te, SATAN.
          <lb/>dex), Kopft., Marg., Init. Zierleiste Bl. Ce 3b u. Cc áa. Die beiden
          <lb/>40, Antig., 8 unn., XCVIII num. Bll., 10 unn. (Appendix u. In¬
          <lb/>Zierleisten finden sich nur bei Schott. Auf der Rücks, des Bl. Dd:
          <lb/>Holeschn.: Jesus u. die Pharisder.
          <lb/>Bl. 2a: OTHO BRVNNFELSIVS, Mar-tino Lvthero Aposto¬
          <lb/>lo Christi... (2 S.)
          <lb/>Bl. 3a: RATIOVEDITIONIS, ET CONDEMNA- TIONIS IOAN¬
          <lb/>NIS HVSS. AD MARTINVM LVTHERVM.
          <lb/>Bl. Bb 3a: OTHO BRVNNFELSIVS, OMNI-] bus sanctitatis
          <lb/>in Christo Jhesu dilectis fratribus.
          <lb/>Auf der Rücks.: APPENDIX OTHO-NIS BRVNN- FELSII.
          <lb/>R101.382. Prov.: Bibliothek Böcking.
          <lb/>2. Ex. R101.383(t). Prov. : Bibl. Heitz, Strassbura 1871. Auf
          <lb/>dem Titelbl.: Sum Viti Riccij. P. Norici. Emi Anno 1565.
          <lb/>Die Anatomia bildet den 1. Bd. der Hus’schen Werke in 3 Bdn.
          <lb/>Stadtbibl. Strassburg, BN Paris, D2, 2132; Schmidt II Nr. 94:
          <lb/>,On sait aujourd’hui que tous les traités ne sont pas de Hus lui-même.&amp;quot;
          <lb/>1219
          <lb/>HUS Johann
          <lb/>[Strassburg, J. Schott 1525]
          <lb/>IOANNIS Huss Locorum aliquot ex OsEE, &amp;amp; EZE¬
          <lb/>CHIELE prophe tis, cap. v. &amp;amp; viij. De abhor-renda Sacer¬
          <lb/>dotum &amp;amp; Monachorum Papisticorum, in Ecclesia Christi
          <lb/>abominatio ne, eo- rumque impietate detestanda, Vita
          <lb/>item, &amp;amp; regno Antichristi, TOMVS SECVN- DVS.! Com¬
          <lb/>mendatitia breuis M. LVTHERI) ad Othonem Brunnfelsium,
          <lb/>de uitae can- dore, doctrina &amp;amp; martyrio lo. Hyss.
          <lb/>Lege cum iuditio, Chri- stiane Lector.
          <lb/>4°, Antiq., 4 unn., LXXIV num. Bll., Kopft., Marg,, grosse Init. A.
          <lb/>Bl. 3b, Kleiner Holeschn.: Hus, vor seiner Hinrichtung, im Gebete.
          <lb/>Auf der Rücks, des Titelbl.: M. LVTHERVS, Suo in Do¬
          <lb/>mino clarissimo fratri, Othoni Brunnfelsio, seruo Christi...
          <lb/>— xvij. Octobr. 1524.
          <lb/>R 101.383(e). Prov.: Bibl. Heits, Strassburg 1871. Auf dem
          <lb/>Titelbl.: Ista Io. Huss opera emi a Guolfgango M. calchographo pro V. batz.
          <lb/>Stadtbibl. Strassburg, BN Paris, D2. 2132; Schmidt II Nr. 95.
          <lb/>1220
        </p>
      </div>
    </body>
  </text>
</TEI>
