<?xml version='1.0' encoding='UTF-8'?>
<?xml-model href="https://raw.githubusercontent.com/OpenITI/tei_openiti/master/tei_openiti.rng" type="application/xml" schematypens="http://relaxng.org/ns/structure/1.0"?>
<?xml-model href="https://raw.githubusercontent.com/OpenITI/tei_openiti/master/tei_openiti.rng" type="application/xml" schematypens="http://purl.oclc.org/dsdl/schematron"?>
<TEI xmlns="http://www.tei-c.org/ns/1.0">
  <teiHeader>
    <fileDesc>
      <titleStmt>
        <title/>
      </titleStmt>
      <publicationStmt>
        <p/>
      </publicationStmt>
      <sourceDesc>
        <p/>
      </sourceDesc>
    </fileDesc>
    <profileDesc>
      <calendarDesc>
        <calendar xml:id="ah">
          <p>Anno Hegirae</p>
        </calendar>
      </calendarDesc>
    </profileDesc>
    <xenoData xml:space="preserve">
CREATED: 2024-04-15T07:35:12.578615+00:00
CREATED BY: eScriptorium vpassthistobuildcmd
IMAGE FILENAME: A121078-3366.tif
IMAGE WIDTH: 2390
IMAGE HEIGHT: 3856
</xenoData>
  </teiHeader>
  <text>
    <body>
      <div>
        <p>
          <lb/>808
          <lb/>Item ein neüw Register, in welchem man den gantzen in¬
          <lb/>halt disz bûchs (als in) einem spiegel) sicht. Zeygt klär¬
          <lb/>lich an die artzneyen (zû allerley kranckheiten, nach ord¬
          <lb/>nung des A. B. C.) ge wissz vnd on arbeit ze finden, in
          <lb/>welchem theil disz büchs, in welchem capitel, vnnd bey
          <lb/>welchem bûchstaben (neben der geschrifft gesetzt) ein
          <lb/>vegliche artzney gefunden werd.
          <lb/>Das erst theil von den Thieren. (Holzschn, 2 Löwen.)
          <lb/>Das ander theil von den Vöglen. (Holaschn, ein Adler.)
          <lb/>dem Meere; in der Nähe ein Walfisch.)
          <lb/>Das drit theil von den Vischen. (Holzschn. ein Schiff auf
          <lb/>Das vierd theil vom Edlen gstein. (Holzschn. Ein Mann
          <lb/>vor einem Tische, auf dem Edelsteine ausgebreitet liegen.)
          <lb/>Am Schluss: Getruckt zû Straszburg am Holtzmarckt,
          <lb/>durch Balthassar Beck.Vnd vollendet vff den vier vnd
          <lb/>zwentzigsten tag des Hor nungs. Jm jar der geburt Christi
          <lb/>vnsers selig machers.! M. D. xxix.
          <lb/>20, Got., 2sp., 142 unn. Bll., Sign. a-2, A, Kopft., ungefähr 400
          <lb/>Eleine, giemlich grobe Holeschn., Tiere, kostbare Steine usw, darstellend.
          <lb/>Auf der Rücks, des Titelbl.: Vorred.
          <lb/>R 55(2). Prov.: Bibl. Hermann, Strassburg. Zahlr. handschr. No¬
          <lb/>tisen, von der Hand Hermanns, unter anderen: Liber si non aliam ob
          <lb/>causam, saltem antiquae Teutonicae linguae studioso commendandus.
          <lb/>Varias, nec paucas voces inde defunctas notavi ad Oberlini Glossarium
          <lb/>Scherzianum.
          <lb/>Est planissima pars Zoologica &amp;amp; Lithologica horti sanitatis, exclusis
          <lb/>plantis. HALLERUS Meth. Stud. Med, p. 171 ait editionem germanicam
          <lb/>horti Sanitatis Joh. Cubœ polexiorem esse &amp;amp; capita habere 542. Haec
          <lb/>habet 556, quanquam nullae plantae adsint.
          <lb/>In Catal. Librorum Sam. de Madai Hall, 1787. p. 118 editio Mogun¬
          <lb/>tina 1491 adscribitur Jacobo Meydenbach qui typographus est.
          <lb/>Praesentem editionem Hallerus in Bibl. Botan. 1. non nisi ex Rivi¬
          <lb/>niano Catalogo novit. Quis est ille JoRATR ejusque liber de Animalibus,
          <lb/>qui allegatur Cap. de Piscibus. Lib. II.
          <lb/>Versio haec germanica in nonnullis minus plena est quam textus
          <lb/>latinus, e. g. [exempli gratia] in Lib. de Animal. Cap. C. de Daxo legitur,
          <lb/>quod heic desideratur, Dicunt crura sinistri breviora esse quam dextri.
          <lb/>Stadtbibl. Strassburg.
          <lb/>Schreiber, Kräuterbücher S. XXVIII: Reinhard Beck übernahm
          <lb/>1511 die Pryssche Offizin, und er und Grüninger scheinen die alten, dem
          <lb/>letzteren gehörenden Stöcke unter sich geteilt zu haben. Grüninger be¬
          <lb/>hielt nur diejenigen, die er zu Neuauflagen von Brunschwigs Destillier¬
          <lb/>buch brauchte, während Beck mit den übrigen und den Prysschen Bildern
          <lb/>seine verschiedenen Hortus-Ausgaben druckte... Wahrscheinlich hatte bei
          <lb/>der Teilung der Holzstöcke zwischen Beck und Grüninger ein Abkommen
        </p>
      </div>
    </body>
  </text>
</TEI>
