<?xml version='1.0' encoding='UTF-8'?>
<?xml-model href="https://raw.githubusercontent.com/OpenITI/tei_openiti/master/tei_openiti.rng" type="application/xml" schematypens="http://relaxng.org/ns/structure/1.0"?>
<?xml-model href="https://raw.githubusercontent.com/OpenITI/tei_openiti/master/tei_openiti.rng" type="application/xml" schematypens="http://purl.oclc.org/dsdl/schematron"?>
<TEI xmlns="http://www.tei-c.org/ns/1.0">
  <teiHeader>
    <fileDesc>
      <titleStmt>
        <title/>
      </titleStmt>
      <publicationStmt>
        <p/>
      </publicationStmt>
      <sourceDesc>
        <p/>
      </sourceDesc>
    </fileDesc>
    <profileDesc>
      <calendarDesc>
        <calendar xml:id="ah">
          <p>Anno Hegirae</p>
        </calendar>
      </calendarDesc>
    </profileDesc>
    <xenoData xml:space="preserve">
CREATED: 2024-04-15T07:35:07.823720+00:00
CREATED BY: eScriptorium vpassthistobuildcmd
IMAGE FILENAME: A121078-3181.tif
IMAGE WIDTH: 2316
IMAGE HEIGHT: 3852
</xenoData>
  </teiHeader>
  <text>
    <body>
      <div>
        <p>
          <lb/>Hintergrund Häuser einer Stadt. Darunter: Vorred. (26 deutsche Dist.)
          <lb/>Bl. A 2a: Herolt. Darunter Holzschn. den Herolt darstellend, im
          <lb/>chen der deutschen Literatur. Bd. Il. Teil I: S. 343 bezeichnet das
          <lb/>Stammler W., Von der Mystik zum Barok. Stuttgart 1927 — Epo¬
          <lb/>Stüek als ein dramatisches Meisteraverk. Veröffentlicht 1880 in den El¬
          <lb/>säss. Literaturdenkmälern aus dem XIV-XVII Jahrh, von Ernst Martin
          <lb/>u. Erich Schmidt Bd. II, nach der Ausgabe von 1540.
          <lb/>R 100.259. Prov.: Trübner, Strassburg 31. X. 1879; 50 M.
          <lb/>BN Paris, Rés. Yh. 141.
          <lb/>Brunet II5, 1496: Pièce en vers; 36 fr. de Soleinne.
          <lb/>Bibliographie Garts: Schottenloher I Nr. 6902-6904.
          <lb/>934
          <lb/>GAST Hiob
          <lb/>[Strassburg, J. Herwagen] 1525
          <lb/>gato, per dialogi modum à Iob Gast con- scripta. In
          <lb/>qua praesens haec uulgi &amp;amp; prin- cipum tragœdia nonnihil
          <lb/>attingitur.
          <lb/>ANNO. 1.5.25.
          <lb/>Druckerm. Herwagen&amp;#x27;s Strassburg.
          <lb/>80, Kursiv, 44 Bll., Kopft., Kust., Marg., Init. C, Titelumrahmung.
          <lb/>Auf der Rücks. des Titelbl.: (Vign.) GENERO- SO DOMINO
          <lb/>MARCELLO, ab) stauffem, Baroni ex Erenfelsz, domino suo
          <lb/>multum obseruando, lob Gast felicita-tem exoptat... —
          <lb/>Ex bosphoro, Francorum. (3 S.)
          <lb/>R102.183. Prov.: Bibl. Heite, Strassburg 1871.
          <lb/>GK: SB Berlin, UB Königsberg.
          <lb/>Siehe : Bossert, Gustav: Hiob Gast von Künzelsau. In : Würt¬
          <lb/>tembergische Vierteljahrshefte f. Landesgeschichte VIII (1885), S. 200–
          <lb/>210.
          <lb/>935
          <lb/>GAST Hiob. Siche: BRENTIUS Joh., Nr. 261, 263 u. 267.
          <lb/>GATINARIA Marcus: Annotatio de Taraxaco, Cicorea, lua,
          <lb/>Esula et Soldanella. Siche: BRUNFELS Otto, Novi Herbarii
          <lb/>Tomus Il. Strassburg, J. Schott 1536. Nr. 301.
          <lb/>GATTUNG, Die Welsch. Siche: Welsch Gattung.
          <lb/>GAURICUS Pomponius: Elegiacon. Siche: GREGORIUS Tifernus:
          <lb/>Opuscula. Strassburg, M. Schürer 1509.
          <lb/>R. 40
          <lb/>625
        </p>
      </div>
    </body>
  </text>
</TEI>
