<?xml version='1.0' encoding='UTF-8'?>
<?xml-model href="https://raw.githubusercontent.com/OpenITI/tei_openiti/master/tei_openiti.rng" type="application/xml" schematypens="http://relaxng.org/ns/structure/1.0"?>
<?xml-model href="https://raw.githubusercontent.com/OpenITI/tei_openiti/master/tei_openiti.rng" type="application/xml" schematypens="http://purl.oclc.org/dsdl/schematron"?>
<TEI xmlns="http://www.tei-c.org/ns/1.0">
  <teiHeader>
    <fileDesc>
      <titleStmt>
        <title/>
      </titleStmt>
      <publicationStmt>
        <p/>
      </publicationStmt>
      <sourceDesc>
        <p/>
      </sourceDesc>
    </fileDesc>
    <profileDesc>
      <calendarDesc>
        <calendar xml:id="ah">
          <p>Anno Hegirae</p>
        </calendar>
      </calendarDesc>
    </profileDesc>
    <xenoData xml:space="preserve">
CREATED: 2024-04-15T07:35:05.329976+00:00
CREATED BY: eScriptorium vpassthistobuildcmd
IMAGE FILENAME: A121078-3037.tif
IMAGE WIDTH: 2340
IMAGE HEIGHT: 3840
</xenoData>
  </teiHeader>
  <text>
    <body>
      <div>
        <p>
          <lb/>Auf der Rückseite des letzten Bl.: Nicolaus Gerbellius can¬
          <lb/>dido Lectori.
          <lb/>*R102.013. Prov.: Pfarrer Cromer in Zabern, 23. VII. 1879;
          <lb/>ohne Preisangabe.
          <lb/>GK: SB Berlin, UB Breslau, Göttingen, Greifswald, Münster;
          <lb/>BN Paris 40 Z. 1604 (unvollst.); Schmidt VIII Nr. 164: Bibl. With.
          <lb/>und Stadtbibl. Strassburg, Zürich; Walter: Schlettstadt Nr. 1161; Rest
          <lb/>719
          <lb/>S. 56.
          <lb/>ERASMUS: Adagia
          <lb/>Strassburg, M. Schürer, 1516
          <lb/>Collectanea Ada giorum Desyderij Eras- mi Roterodami
          <lb/>Germa- niae decoris. Ap LECTOREM! Inuenies hic can¬
          <lb/>dide Lector Adagia illa Erasmi Roterodami, multo emen¬
          <lb/>datio! ra, multo integriora, quam in priori- bus impressio¬
          <lb/>nibus. Dictiones! praeterea graecas sparsim huic! opusculo
          <lb/>insertas cum apici- bus suis, ac spiritibus, ar tifici opera
          <lb/>fabrefa- ctis, quae in aliis huc-que sunt neglecti.
          <lb/>Addita est tabula in ipsius operis calce, a Schurerio con¬
          <lb/>dita, quo dicto citius quaerenti quoduis occurrat.
          <lb/>Am Schluss: Argentorati Matthias Schurerius Se- lesten¬
          <lb/>sis stanneis calamis exscripsit. Mense Maio Anno a
          <lb/>Christo nato M. D. XVI. Darunter Druckermarke Schürer&amp;#x27;s (HEB
          <lb/>Tafel XII Nr. 4) mit dem Zusatz: VSVI STVDIOSORVM.
          <lb/>Neudruck der Ausgabe von 1515.
          <lb/>40, Antig., 4 unn., LVII num. u. 7 unn. Bll., Kopftitel, Titelein¬
          <lb/>fassung aus einem Stück: oben 2 Narren, die sich die Schellen zuwerfen,
          <lb/>unten 2 Genien, die einen blanken Schild halten. Die erste Zeile Got.
          <lb/>in Fettdruck, der Rest Antig.
          <lb/>Auf der Rückseite des Titelbl.: PRAEFATIO... Desiderius Eras¬
          <lb/>mus Roterodamus Guilielmo Mo nioio Comiti... — Par¬
          <lb/>rhisiis.
          <lb/>Bl. A 4b: MATTHIAS SCHVRERIVS. Selestensis. Lec¬
          <lb/>tori... — Argentorati, xiiij. Calen das lulij. Anno, a Christo
          <lb/>nato. M. D. IX.
          <lb/>R100.1146). Prov.: Pastor Harter, Luizhausen, 22. x.1877, 1M.
          <lb/>2. Ex. R 100.173 (2). Prov.: Trübner, Strassburg (Auktion Aim¬
          <lb/>berlin Nr. 720), 29. IV. 1886; 2M.
          <lb/>Schmidt VIII Nr. 187 bemerkt, dass Panzer 6. 80, 450 eine Aus¬
          <lb/>gabe von Mâre 1516 erwähnt, wohl ein Irrtum für Monat Mai; Van
          <lb/>der Haeghen I S. 33 : Berlin, Breslau, Dresden, Freiburg i. Br., Gent,
          <lb/>Göttingen, Heidelberg, Innsbruck, Leipsig, München, Stuttgart; GK:
          <lb/>SB Berlin, UB Breslau, Göttingen, Greifswald. Rest S. 46.
          <lb/>720
          <lb/>R.31
          <lb/>481
        </p>
      </div>
    </body>
  </text>
</TEI>
