<?xml version='1.0' encoding='UTF-8'?>
<?xml-model href="https://raw.githubusercontent.com/OpenITI/tei_openiti/master/tei_openiti.rng" type="application/xml" schematypens="http://relaxng.org/ns/structure/1.0"?>
<?xml-model href="https://raw.githubusercontent.com/OpenITI/tei_openiti/master/tei_openiti.rng" type="application/xml" schematypens="http://purl.oclc.org/dsdl/schematron"?>
<TEI xmlns="http://www.tei-c.org/ns/1.0">
  <teiHeader>
    <fileDesc>
      <titleStmt>
        <title/>
      </titleStmt>
      <publicationStmt>
        <p/>
      </publicationStmt>
      <sourceDesc>
        <p/>
      </sourceDesc>
    </fileDesc>
    <profileDesc>
      <calendarDesc>
        <calendar xml:id="ah">
          <p>Anno Hegirae</p>
        </calendar>
      </calendarDesc>
    </profileDesc>
    <xenoData xml:space="preserve">
CREATED: 2024-04-15T07:35:13.457003+00:00
CREATED BY: eScriptorium vpassthistobuildcmd
IMAGE FILENAME: A121078-3404.tif
IMAGE WIDTH: 2408
IMAGE HEIGHT: 3856
</xenoData>
  </teiHeader>
  <text>
    <body>
      <div>
        <p>
          <lb/>846
          <lb/>librorum per Ioannem Opo- rinum excusorum Catalogum.
          <lb/>VEL INVITIS PIRATIS : QVOD PER PIRATOS LICEAT.
          <lb/>ARGENTORATI, Excudebat Theodosius Rihelius, ! M. D.
          <lb/>LXIX. (Rücks, leer.)
          <lb/>80, Kursiv, 52 unn. Bll., Sign. A-G, Kopft., Kust., Init. B, Q.
          <lb/>Bl. 4 2a:... IOANNI CRA- toni a Crafftheym, Consi¬
          <lb/>liario &amp;amp; Medico Caesareo intimo Il. Andreas Iociscus...
          <lb/>— Argentinae 4. Idus Martij, M. D. LXIX. (Vorrede, 2 S.)
          <lb/>Die 2 letsten Bll, enthalten Verse auf Oporinus.
          <lb/>Der Katalog der von Oporinus gedruckten Werke umfasst 50 S.
          <lb/>R102.061(5). Prov. : Friedrichs-Gymnasium Frankfurt a. M.
          <lb/>24. XII. 1888.
          <lb/>2. Ex. R 100.978. Herkunft unbekannt.
          <lb/>BN Paris X. 18319; Oxford, Bibl. Bodleiana.
          <lb/>1259
          <lb/>JODOCUS BADIUS Ascensius. Siche: BADIUS Jodocus
          <lb/>JODOCUS WILLICHIUS, Siehe: WILLICHIUS Jodocus
          <lb/>JOHANN Georg
          <lb/>(Strassburg) 1592
          <lb/>VON Gottes gnaden Wir Johannes Georg, Postulirter
          <lb/>Administrator des Stiffts! Straszburg, Marggraff zu Bran¬
          <lb/>denburg, inn Preussen, zu Stetin, Pommern, der Cassuben
          <lb/>vnd Wenden, Auch inn Schlesien, zu Crossen Hertzog.
          <lb/>Landgraff in Elsasz... — Geben vnter zu ende vnserm
          <lb/>auffgetrucktem Fürstlichem Secret Insigel in vnserm Bi¬
          <lb/>schofflichem Hofe zu Straszburg, den 9. Julij, 1592.
          <lb/>Einblattdruck. Johann Georg ermuntert seine Untergebenen ihm
          <lb/>treu zu bleiben und sich nicht von seinen Feinden beeinflussen zu lassen.
          <lb/>M. 4368. Herkunft unbekannt, vermutlich Bibliothek Heitz,
          <lb/>Strassburg.
          <lb/>Stadtbibl. Strassburg.
          <lb/>1260
          <lb/>Strassburg 1592
          <lb/>JOHANN Georg
          <lb/>Zwey Auszschreiben! DEsz Durchleuchtigen, Hochge¬
          <lb/>bornen, Fürsten vnd Herrn, H. Johann Georgen, Postu¬
          <lb/>lirten! Administratoris des Stifft Straszburg, Marggraffen
          <lb/>zu Bran- denburg, in Preussen, zu Stetin, Pommern, Cas¬
          <lb/>suben vnd! Wenden, Auch in Schlesien, zu Crossen Her¬
        </p>
      </div>
    </body>
  </text>
</TEI>
