<?xml version='1.0' encoding='UTF-8'?>
<?xml-model href="https://raw.githubusercontent.com/OpenITI/tei_openiti/master/tei_openiti.rng" type="application/xml" schematypens="http://relaxng.org/ns/structure/1.0"?>
<?xml-model href="https://raw.githubusercontent.com/OpenITI/tei_openiti/master/tei_openiti.rng" type="application/xml" schematypens="http://purl.oclc.org/dsdl/schematron"?>
<TEI xmlns="http://www.tei-c.org/ns/1.0">
  <teiHeader>
    <fileDesc>
      <titleStmt>
        <title/>
      </titleStmt>
      <publicationStmt>
        <p/>
      </publicationStmt>
      <sourceDesc>
        <p/>
      </sourceDesc>
    </fileDesc>
    <profileDesc>
      <calendarDesc>
        <calendar xml:id="ah">
          <p>Anno Hegirae</p>
        </calendar>
      </calendarDesc>
    </profileDesc>
    <xenoData xml:space="preserve">
CREATED: 2024-04-15T07:35:10.529749+00:00
CREATED BY: eScriptorium vpassthistobuildcmd
IMAGE FILENAME: A121078-3283.tif
IMAGE WIDTH: 2350
IMAGE HEIGHT: 3858
</xenoData>
  </teiHeader>
  <text>
    <body>
      <div>
        <p>
          <lb/>725
          <lb/>Annexus est Tractatulus utilissi mus de uocum pro¬
          <lb/>prieta- tibus terminorum differentijs. (Epheubl.)
          <lb/>Am Schluss: Expressum Argentine. Anno Milesimo quin¬
          <lb/>gentesimo! Decimonono.
          <lb/>80, Antiq., 2sp., 80 unn. Bll., Sign. A-K, Init.
          <lb/>Auf der Rücks, des Titelbl.: HIERONYMI CINGVLARII Auri¬
          <lb/>montani ad...adolescentes Christophorum Nicolaum
          <lb/>Seydelitz germanos Epistoleum.... Ex literaria Auri¬
          <lb/>montanorum officina NonoKalendas decembres. Anno
          <lb/>... duode cimo super Millesi mum quingentesimum.
          <lb/>RI01.600. Prov.: M. Völcker, Frankfurt a. M. 22. 11.1883, 1M.
          <lb/>GK unter Cingularius: SB Berlin.
          <lb/>Bibliographie Gürtler&amp;#x27;s: Schottenloher Nr. 7709-7711. 1066
          <lb/>GÜRTLER Hieronymus
          <lb/>Strassburg, M. Flach 1522
          <lb/>HIERONYMI CINGVLARII AVRIMONTANI! tersissima latini
          <lb/>eloquij Synonymorum collecta nea, non modo epistolas,
          <lb/>verum etiam carmina cu! dere volentibus oppido idonea,
          <lb/>ex multiiu gis &amp;amp; quidem luculentissimis tum Orato) rum,
          <lb/>tum Poetarum scriptis studiosa re- cognitione, ueluti quae¬
          <lb/>dam pro gymnasmata eruta vernaculoque suo ! ut in¬
          <lb/>uentu! sint faciliora accommodata, ac denuo secundum
          <lb/>al phabeti seriem deprompta atque concinnata.
          <lb/>ANNEXVS EST TRA- ctatulus utilissimus, de uocum
          <lb/>pro- prietatibus, seu termino- rum differentijs. (Epheubl.)
          <lb/>Am Schluss: Argentorati apud Martinum Flach Mense
          <lb/>lanuario. Anno! M. D. XXII.
          <lb/>80, Antiq., 2sp., 80 unn. Bll., Sign. A-K, Kopft., Init.
          <lb/>Auf der Rücks, des Titelbl.: HIERONYMI CINGVLARII! Auri¬
          <lb/>montani ad... adolescentes Christophorum &amp;amp;! Nicolaum
          <lb/>Seydelitz germanos. EPISTOLEVM... — Ex literaria Auri¬
          <lb/>montanorum officina Nono kalendas Decembres. Anno
          <lb/>dominici Natalis. Duodecimo supra Millesi- mum quin¬
          <lb/>gentesimum.
          <lb/>Bl. A 2b: Dist, von Franciscus Sylvius u. Bernardus Fagilucus.
          <lb/>Bl. A 34*: PRAEFATIO. (2 S.)
          <lb/>*RI01.892. Prov.: L. Rosenthal, München 11. II. 1893; 10M.
          <lb/>Auf dem Titelbl.: Spes alit amantes. Joannis. Rotenburgii sum et
          <lb/>ego. 15.34.
        </p>
      </div>
    </body>
  </text>
</TEI>
