<?xml version='1.0' encoding='UTF-8'?>
<?xml-model href="https://raw.githubusercontent.com/OpenITI/tei_openiti/master/tei_openiti.rng" type="application/xml" schematypens="http://relaxng.org/ns/structure/1.0"?>
<?xml-model href="https://raw.githubusercontent.com/OpenITI/tei_openiti/master/tei_openiti.rng" type="application/xml" schematypens="http://purl.oclc.org/dsdl/schematron"?>
<TEI xmlns="http://www.tei-c.org/ns/1.0">
  <teiHeader>
    <fileDesc>
      <titleStmt>
        <title/>
      </titleStmt>
      <publicationStmt>
        <p/>
      </publicationStmt>
      <sourceDesc>
        <p/>
      </sourceDesc>
    </fileDesc>
    <profileDesc>
      <calendarDesc>
        <calendar xml:id="ah">
          <p>Anno Hegirae</p>
        </calendar>
      </calendarDesc>
    </profileDesc>
    <xenoData xml:space="preserve">
CREATED: 2024-04-15T07:35:06.473919+00:00
CREATED BY: eScriptorium vpassthistobuildcmd
IMAGE FILENAME: A121078-3115.tif
IMAGE WIDTH: 2306
IMAGE HEIGHT: 3848
</xenoData>
  </teiHeader>
  <text>
    <body>
      <div>
        <p>
          <lb/>Mal Content nen- nen: Inhaltend Die Wunderlich Be¬
          <lb/>schreibung des lebens, verhaltens, thûn vnd wesens der
          <lb/>Catherine von Medicis, des neulich vnd nun Regirenden
          <lb/>Königs inn Frankreich Mutter. Darinnen grüntlich weis
          <lb/>vnd weg da- durch sie sich inn die Regirung des Reichs
          <lb/>einge- schlaifet, auch solche noch alleweil zu verderb
          <lb/>vnd vntergang desselbigen stat vnd wolfart, vnrechtmäsig
          <lb/>vor- hält, beschriben würd:Aus dem Französischen
          <lb/>in Teutsch! gepracht, durch Emericum Lebusium. (Rück¬
          <lb/>seite leer.)
          <lb/>80, Got., 68 unn. Bll., Sign. A-I, Kust., Titel rot u. schwarz;
          <lb/>1. Ausgabe.
          <lb/>R101624. Prov.: Trübner, Strassburg 6. VI. 1883; 25 M.
          <lb/>Gk (unter STEPHANUS Henricus): SB Berlin, UB Breslau,
          <lb/>Königsberg.
          <lb/>Goedeke, Grundriss 112, S. 495 Nr. 21; Hauffen II, 27-30.
          <lb/>848
          <lb/>FISCHART Johann
          <lb/>[Strassburg, Bern. Jobin?1 1570
          <lb/>Nacht Rab! oder Nebelkräh.
          <lb/>Von dem vberausz Jesuwi- drischen Geistlosen schreiben
          <lb/>vnnd! leben des Hans Jacobs Gackels, der sich! nennet
          <lb/>Rab? Darinnen darneben von der Jesuwider Nacht- rabi¬
          <lb/>schem wesen vnd stand, ihren schlimmen Räncken, griff¬
          <lb/>lein, fündlen vnd künstlen, vnnützem geschwetz, auch von
          <lb/>irem] saubern Ordens ankunfft gehandelt vnd gemeldet
          <lb/>wird, allen Christliebenden, in diser gefährlichen Zeit,
          <lb/>zur warnung geschrieben.
          <lb/>Holeschnitt: ein Rabe mit einer Kette um den Hals, umgeben von
          <lb/>einer Schar von Vögeln.
          <lb/>80, Got., 61 unn. Bll., Sign. A-H, Kust., Marg.
          <lb/>Auf der Rücks, des Titels; Sirach. 27. Die Vögel gesellen
          <lb/>sich zu jh-res gleichen: Also helt sich die war-heit zu
          <lb/>denen, die ihr gehorchen.
          <lb/>Proverb. 26. Responde stulto, secundum stulticiam
          <lb/>eius, ne sapere sibi videatur. Darunter: Wie einer schrevet
          <lb/>in den Wald, So schreyt man jm herausser bald.
          <lb/>Alteste Dichtung Fischarts.
          <lb/>R100.244. Prov.: Völcker, Frankfurt a. M. 22. II.1883, 54M.
          <lb/>GK: SB Berlin.
          <lb/>Goedeke 112 S. 491 Nr. 1; Hauffen I, 46, 64, 101-107; II, 119,
          <lb/>124-126, 262, 274, 347, 349, 355, 368.
          <lb/>849
          <lb/>559
        </p>
      </div>
    </body>
  </text>
</TEI>
