<?xml version='1.0' encoding='UTF-8'?>
<?xml-model href="https://raw.githubusercontent.com/OpenITI/tei_openiti/master/tei_openiti.rng" type="application/xml" schematypens="http://relaxng.org/ns/structure/1.0"?>
<?xml-model href="https://raw.githubusercontent.com/OpenITI/tei_openiti/master/tei_openiti.rng" type="application/xml" schematypens="http://purl.oclc.org/dsdl/schematron"?>
<TEI xmlns="http://www.tei-c.org/ns/1.0">
  <teiHeader>
    <fileDesc>
      <titleStmt>
        <title/>
      </titleStmt>
      <publicationStmt>
        <p/>
      </publicationStmt>
      <sourceDesc>
        <p/>
      </sourceDesc>
    </fileDesc>
    <profileDesc>
      <calendarDesc>
        <calendar xml:id="ah">
          <p>Anno Hegirae</p>
        </calendar>
      </calendarDesc>
    </profileDesc>
    <xenoData xml:space="preserve">
CREATED: 2024-04-15T07:35:06.322608+00:00
CREATED BY: eScriptorium vpassthistobuildcmd
IMAGE FILENAME: A121078-3105.tif
IMAGE WIDTH: 2310
IMAGE HEIGHT: 3850
</xenoData>
  </teiHeader>
  <text>
    <body>
      <div>
        <p>
          <lb/>FABER Stapulensis Jacobus
          <lb/>Strassburg, Joh. Grüninger 1511
          <lb/>ARTIFICIALIS INTRODUCTIO JACOBI! Fabri Stapulensis:
          <lb/>In Decem Ethicorum Libros Aristotelis: Ad! iuncto Familiari
          <lb/>Commentario IVDOCI CLICHTO- VEI Declarata.
          <lb/>LEONARDI ARETINI DIALOGVS DE! Moribus: Ad GALEOTUM
          <lb/>Amicum Dia logo Paruorum Moralium Aristotelis Ad
          <lb/>EVDEMIVM Respondens. IACOBI FABRI STAPULENSIS INTRO¬
          <lb/>DV- CTIO IN POLITICAM. XENOPHONTIS DIALOGUS DE Eco
          <lb/>NOMIA.
          <lb/>Am Schluss: Hos Libellos Introductorios... Io- annes
          <lb/>Groninger: Argentorati Ex officina sua impresso¬ria
          <lb/>publicauit. Anno ab incarnatione domini vir- tutum
          <lb/>M. D. XI. Mense Martio. Imperatore Caesare Maximiliano.
          <lb/>P. F. Aug. Imperium Romanum Mo- derante. (Rücks, leer.)
          <lb/>40, Antiq, u. Got., CXXXIX num. Bll., 1 unn. Bl., Kopft.,
          <lb/>Marg., Init.
          <lb/>Bl. 2a: Hieronymus Gebwilerus D. Sebastiano Brant...;
          <lb/>auf der Rücks.: IVDOCVS CLICHTOVEUS NEOPOR] TUENSIS PETRO
          <lb/>Briconeto Ma gnifico equiti aurato consi liario regio et
          <lb/>exquestori generali Francie... (2 S.)
        </p>
      </div>
    </body>
  </text>
</TEI>
