<?xml version='1.0' encoding='UTF-8'?>
<?xml-model href="https://raw.githubusercontent.com/OpenITI/tei_openiti/master/tei_openiti.rng" type="application/xml" schematypens="http://relaxng.org/ns/structure/1.0"?>
<?xml-model href="https://raw.githubusercontent.com/OpenITI/tei_openiti/master/tei_openiti.rng" type="application/xml" schematypens="http://purl.oclc.org/dsdl/schematron"?>
<TEI xmlns="http://www.tei-c.org/ns/1.0">
  <teiHeader>
    <fileDesc>
      <titleStmt>
        <title/>
      </titleStmt>
      <publicationStmt>
        <p/>
      </publicationStmt>
      <sourceDesc>
        <p/>
      </sourceDesc>
    </fileDesc>
    <profileDesc>
      <calendarDesc>
        <calendar xml:id="ah">
          <p>Anno Hegirae</p>
        </calendar>
      </calendarDesc>
    </profileDesc>
    <xenoData xml:space="preserve">
CREATED: 2024-04-15T07:35:07.060256+00:00
CREATED BY: eScriptorium vpassthistobuildcmd
IMAGE FILENAME: A121078-3152.tif
IMAGE WIDTH: 2314
IMAGE HEIGHT: 3846
</xenoData>
  </teiHeader>
  <text>
    <body>
      <div>
        <p>
          <lb/>596
          <lb/>Unn. Bl. 2b. Blattgrosser Holeschn.: ein nackter Mann mit Tieren
          <lb/>auf den Schultern, dem Kopf u. den Beinen; auf jedem Arm ein Kind,
          <lb/>2u Füssen gwei Fische. Das gleiche Bild Bl. 28.
          <lb/>Num. Bl. II: Badestube, ein Mann in einer Badewanne sitzend, ein
          <lb/>Wärter begiesst ihn mit Wasser; in einiger Entfernung, eine Frau in
          <lb/>einem Kübel sitzend. Das gleiche Bild Bl. XVI.
          <lb/>Bl. XXIXa: Bild eines Mannes, an dessen Körper die Stellen
          <lb/>verzeichnet sind, an denen Schröpfungen vorgenommen werden können,
          <lb/>im ganzen 53.
          <lb/>Auf dem vorletsten Bl.: 2 Männer, von denen der eine einen Tigel
          <lb/>in der Hand hält; auf beiden Seiten ein Zierleisten.
          <lb/>R101714. Prov.: H. Th. Völcker, Frankfurt a. M. 23. X. 1900;
          <lb/>30 M. 50.
          <lb/>Auf der Innenseite des Vorderdeckels, auf einem eingeklebten Zettel:
          <lb/>,Renz’s Wildbad. Bibliothek Nr. 267e, darunter: sehr selten.
          <lb/>2. Ex. R 100.6238, Prov. : Theodor Ungerer, Strassburg 17. XI.
          <lb/>1919; 40 Fr.
          <lb/>GK: ein defektes Ex. einer Ausgabe um 1540 in UB Erlangen.
          <lb/>898
          <lb/>FRIES Lorenz
          <lb/>Strassburg, J. Prüss 1539
          <lb/>Evn grüntlich... (Siehe Titelblatt, Abb. S. 597.)
          <lb/>Epheubl. Darunter Kleiner Holeschn. (Siehe Abb.)
          <lb/>Am Schluss: Getruckt zû Straszburg bey Hans Prüs¬
          <lb/>sen. Im lar! M. D. XXXIX.
          <lb/>40, Got., 7 unn. Bll., Sign. A-B.
          <lb/>R101.683. Prov.: Trübner, Strassburg 17. X. 1884, 30 M.
          <lb/>Schmidt III S. 41 Nr. 47.
          <lb/>899
          <lb/>FRISCHLIN Jakob
          <lb/>Strassburg, B. Jobin&amp;#x27;s Erben 1599
          <lb/>NICODEMVS! FRISCHLINVS P. L. ET COMES PALATINVS
          <lb/>CAE- sarius, Orator &amp;amp; Philosophus praestan- tissimus,
          <lb/>factus! REDIVIVVS. PER M. IACOBVM FRISCHLINVM FRA¬
          <lb/>TREM SVVM GERMANVM, POETAM ET historicum, qui porrò
          <lb/>pro fratris sui honore, fama, dignitate &amp;amp; nomine genti¬
          <lb/>litio stare &amp;amp; pugnare conabitur pro parte virili.! ADVER¬
          <lb/>SVS. MARTINI CRVSII PROFESSO- RIS TVBINGENSIS CALVM¬
          <lb/>NIAS... (11 Z.)
          <lb/>ARGENTORATI Ex officina Haeredum Bernh. Iobini.
          <lb/>ANNO M. D. XCIX. (Rücks, leer.)
          <lb/>80, Antiq., Got. u. Kursiv, 59 unn. Bll., Sign. A-I, Kopft., Kust.,
          <lb/>Marg., Titel rot u. schware, Text abwechselnd lat. u. deutsch.
        </p>
      </div>
    </body>
  </text>
</TEI>
