<?xml version='1.0' encoding='UTF-8'?>
<?xml-model href="https://raw.githubusercontent.com/OpenITI/tei_openiti/master/tei_openiti.rng" type="application/xml" schematypens="http://relaxng.org/ns/structure/1.0"?>
<?xml-model href="https://raw.githubusercontent.com/OpenITI/tei_openiti/master/tei_openiti.rng" type="application/xml" schematypens="http://purl.oclc.org/dsdl/schematron"?>
<TEI xmlns="http://www.tei-c.org/ns/1.0">
  <teiHeader>
    <fileDesc>
      <titleStmt>
        <title/>
      </titleStmt>
      <publicationStmt>
        <p/>
      </publicationStmt>
      <sourceDesc>
        <p/>
      </sourceDesc>
    </fileDesc>
    <profileDesc>
      <calendarDesc>
        <calendar xml:id="ah">
          <p>Anno Hegirae</p>
        </calendar>
      </calendarDesc>
    </profileDesc>
    <xenoData xml:space="preserve">
CREATED: 2024-04-15T07:35:06.268550+00:00
CREATED BY: eScriptorium vpassthistobuildcmd
IMAGE FILENAME: A121078-3101.tif
IMAGE WIDTH: 2308
IMAGE HEIGHT: 3844
</xenoData>
  </teiHeader>
  <text>
    <body>
      <div>
        <p>
          <lb/>Decachordum Christianum des Marcus Vigerius wieder, nämlich: die
          <lb/>Geburt Christi, die Beschneidung, die Anbetung der drei Könige, die
          <lb/>Opferung im Tempel, der Einzug in Jerusalem, der Heiland im Olgarten,
          <lb/>die Auferstehung u. die Himmelfahrt Christi.
          <lb/>R10.086. Prov.: Maisonneux, Paris 28. I. 1914; 350 Fr. Hand¬
          <lb/>schriftl. Notiz: Augustin Knoblich. Ich erhielt dieses seltene Buch durch
          <lb/>den zeitigen Subregens des fürstbischöflichen Clericalseminars H. Joseph
          <lb/>Kleinwaechter aus der Alumnatsbibliothek als ein dem allg. Verständnis
          <lb/>und Bedarf der jungen Homileten antiquirtes Werk. Nichts destoweniger
          <lb/>ist es wichtig und wertvoll. Wichtig als deutsche Ubersetzung des Mis¬
          <lb/>sale in missis festivis et quotidianis per annum und werthvoll wegen der
          <lb/>Seltenheit des Druckes sowol als der eingedruckten Holzschnitte von
          <lb/>Meister Johannes Scheufflin.... Das angebundene Werk mit einem Dürer¬
          <lb/>schen Titelblatt ist gedruckt und vollendet durch Johannes Knoblouch zu
          <lb/>Strassburg am Freitag nach Valentini Anno MCCCCC u. VIII (1508).
          <lb/>Knoblouch druckte c. von 1505-1516. Nun als Zeichen inniger Verehrung
          <lb/>meinem liebwerthen deutschen Holzschnittmeister und schlesischen Lands¬
          <lb/>mann August Gaber aus Köppernig bei Neissen, jetzt in Dresden, zu
          <lb/>Erinnerung an die erste Zusammenkunft in Breslau den 6. November 1862
          <lb/>von Herzen zugedacht. Breslau am 10. November 1862. Knoblich, Secr.
          <lb/>der A. Geheimen Kanzlei.
          <lb/>Der angebundene Druck Knoblochs ist losgetrennt und eingeln ver¬
          <lb/>kauft worden, wie eine Bleistiftnotiz am Rande besagt.
          <lb/>826
          <lb/>545
          <lb/>EVANGELIA
          <lb/>Strassburg, Joh. Grüninger 1506
          <lb/>EVangelia mit vszlegung der glos. Epistel. Prophe¬
          <lb/>cy vnd die fier Passion, ouch alle sontag anfang! der hei¬
          <lb/>ligen Mes. Psalmen, vnd. Collecten, mit concordantzen
          <lb/>desz nüwen vnd alten testamentz der gantzen bibel von
          <lb/>nüwem colligiert. Darunter ein aus 5 Eleinen Holeschnitten zusam¬
          <lb/>mengesetstes Titelbild.
          <lb/>Am Schluss: Getruckt vnd seligklich geendet in der
          <lb/>keiserlichen freien statt Straszburg von Jo hannes Grü¬
          <lb/>ninger vff Montag vor sant Ambrosius tag, nach Christus
          <lb/>geburt. M. CCCCC vnd VI. Jar. Darunter: Druckerm. Grü¬
          <lb/>ningers. (H d B Tafel I Nr. 1; Silvestre Nr. 503.)
          <lb/>20, Got., OXXX num. Bll. (zahlreiche Fehler in der Numerieruna;
          <lb/>letstes Bl. mit Ziffer CXXVIII), Kopft., Marg., Init, 65 Holeschnitte,
          <lb/>die sich alle auf das Leben Jesu beziehen; ausserdem zahlreiche kleinere
          <lb/>Holeschnitte am Anfang der Kapitel, Szenen aus dem Leben Jesu u. der
          <lb/>Heiligen darstellend.
          <lb/>R 10.094. Prov. : Bibl. Heitz, Strassburg. Handschr, Notiz:»Von
          <lb/>Dr Iohann Geiler von Kaisersberg. Strassburg, Ioh. Grüninger 1506. Weder
          <lb/>Oberlin, Diss, noch Ammon, Geiler v. K. kannten dieses höchst seltene Buch.
          <lb/>R.35
        </p>
      </div>
    </body>
  </text>
</TEI>
