<?xml version='1.0' encoding='UTF-8'?>
<?xml-model href="https://raw.githubusercontent.com/OpenITI/tei_openiti/master/tei_openiti.rng" type="application/xml" schematypens="http://relaxng.org/ns/structure/1.0"?>
<?xml-model href="https://raw.githubusercontent.com/OpenITI/tei_openiti/master/tei_openiti.rng" type="application/xml" schematypens="http://purl.oclc.org/dsdl/schematron"?>
<TEI xmlns="http://www.tei-c.org/ns/1.0">
  <teiHeader>
    <fileDesc>
      <titleStmt>
        <title/>
      </titleStmt>
      <publicationStmt>
        <p/>
      </publicationStmt>
      <sourceDesc>
        <p/>
      </sourceDesc>
    </fileDesc>
    <profileDesc>
      <calendarDesc>
        <calendar xml:id="ah">
          <p>Anno Hegirae</p>
        </calendar>
      </calendarDesc>
    </profileDesc>
    <xenoData xml:space="preserve">
CREATED: 2024-04-15T07:35:11.912354+00:00
CREATED BY: eScriptorium vpassthistobuildcmd
IMAGE FILENAME: A121078-3343.tif
IMAGE WIDTH: 2374
IMAGE HEIGHT: 3854
</xenoData>
  </teiHeader>
  <text>
    <body>
      <div>
        <p>
          <lb/>HIEROCLES Alexandrinus
          <lb/>Strassburg, M. Schürer 1511
          <lb/>HIEROCLIS STOICI PHILOSOPHI] in aurea Pythagorae
          <lb/>carmina! Commentarius, (Rücks, leer.)
          <lb/>Am Schluss: Argentorat. In Aedibus Mathiae Schu¬
          <lb/>rerij IX. Kalendas Martias. Anno M. D. XI.
          <lb/>40, Antig., 56 unn. Bll., Sign. A-H, Init.
          <lb/>Bl. 4 2a: Vulphganus Angst Lectori.... — Ex aedi¬
          <lb/>bus! Schurerianis VIII. Kal. Martias. (1S.)
          <lb/>Bl. A 4a: AD NICOLAVM PONTIFICEM V. AV! RISPAE IN
          <lb/>HIEROCLEM PRAEFATIO, (2 S.)
          <lb/>Auf der Rücks. des vorletsten Bl., hinter dem Explicit: Symbola
          <lb/>Pythagorae! Philosophi.
          <lb/>R101438. Prov.: Geschenk der Grossherzogl. Hessischen Hofbibl.
          <lb/>Handschr. Eintragungen.
          <lb/>Stadtbibl. Strassburg. Schmidt VIII Nr. 50: ¿Jadis Bibl. de
          <lb/>Strasbourg, Incun. Nr. 2563.&amp;quot;
          <lb/>1166
          <lb/>785
          <lb/>HIERONYMUS Sanctus, Siehe: LEBEN DER ALTVATER
          <lb/>HIERONYMUS de Villa Vitis
          <lb/>Hagenau, H. Gran 1509
          <lb/>PAnis quotidianus. de sanctis hie liber ideo hoc no
          <lb/>mine appellatur, quia quotidie per totum annum singu¬
          <lb/>larem oratio- nem vel meditationem de sancto cuius¬
          <lb/>libet! diei conti- net.
          <lb/>Am Schluss :... Expensis... Joannis Rynman de Oringau,
          <lb/>per industrium Henricum gran in imperiali ciuitate Hage¬
          <lb/>naw ciuem accuratissime impressus: Anno domini M. D. IX.
          <lb/>ipso die sanctorum Protha- sii &amp;amp; Geruasij martyrum com¬
          <lb/>pletus est feliciter. (Rücks, leer.)
          <lb/>40, Got., 320 unn. Bll., Sign. j-viij (Calendarium), aa-22, Aa¬
          <lb/>Pp, Kopft., Marg., Init., Titel rot gedr.
          <lb/>R101.305. Prov. : Butsch Sohn, Augsburg 12. x. 1883; 10M.
          <lb/>Auf dem Titelbl.: Cartae in Buxheim.
          <lb/>BN Paris, Rés. D. 10.464; Proctor II Sectio I Nr. 11642: Lon¬
          <lb/>don Brit. Museum.
          <lb/>1167
          <lb/>R.50
        </p>
      </div>
    </body>
  </text>
</TEI>
