<?xml version='1.0' encoding='UTF-8'?>
<?xml-model href="https://raw.githubusercontent.com/OpenITI/tei_openiti/master/tei_openiti.rng" type="application/xml" schematypens="http://relaxng.org/ns/structure/1.0"?>
<?xml-model href="https://raw.githubusercontent.com/OpenITI/tei_openiti/master/tei_openiti.rng" type="application/xml" schematypens="http://purl.oclc.org/dsdl/schematron"?>
<TEI xmlns="http://www.tei-c.org/ns/1.0">
  <teiHeader>
    <fileDesc>
      <titleStmt>
        <title/>
      </titleStmt>
      <publicationStmt>
        <p/>
      </publicationStmt>
      <sourceDesc>
        <p/>
      </sourceDesc>
    </fileDesc>
    <profileDesc>
      <calendarDesc>
        <calendar xml:id="ah">
          <p>Anno Hegirae</p>
        </calendar>
      </calendarDesc>
    </profileDesc>
    <xenoData xml:space="preserve">
CREATED: 2024-04-15T07:35:08.639645+00:00
CREATED BY: eScriptorium vpassthistobuildcmd
IMAGE FILENAME: A121078-3212.tif
IMAGE WIDTH: 2322
IMAGE HEIGHT: 3852
</xenoData>
  </teiHeader>
  <text>
    <body>
      <div>
        <p>
          <lb/>656
          <lb/>In einer grossen Init. D: 3 Männer stehend vor einem sitzenden
          <lb/>Apostel. Darunter: Vnd daz vsz seinnem mund von wort zû
          <lb/>wort geschriben. Anno. etc. M. d. vnd fieriar. Fast nutz¬
          <lb/>lich vnd gût, nit allein den leven etc. Vnd ist vor nie ge¬
          <lb/>truckt. Cum Priuilegio. (Rücks. leer.)
          <lb/>Am Schluss:... Vnd getruckt in der Keiserlichen freien
          <lb/>stat Strasz burg von Johannes grieni ger in dem Jar
          <lb/>als man zalt von der geburt Christi M. d. XV.
          <lb/>Evangelien; 90 Holeschn. Auf der Vorders, des letzten Bl. blattgrosser
          <lb/>20, Got., 2sp., CCXII S., Kopft,, zahlr. Init., mit Seenen aus den
          <lb/>Holeschn.: Die Stadt Strassburg mit dem Münster, in den Wolken die
          <lb/>Jungfrau Maria mit dem Jesuskinde auf dem Arme; in den oberen
          <lb/>Ecken die Winde in blasenden Menschenköpfen personifiziert; darunter
          <lb/>links die personifizierten Planeten, von einem Engel geleitet; über der
          <lb/>Stadt, auf der einen Seite die Auferstehung der Auserwählten, auf der
          <lb/>andern der geöffnete Höllenschlund; im Hintergrunde das Meer, auf
          <lb/>dem sich 3 Barken befinden, in jeder derselben ein Mann, eine derselben
          <lb/>trägt die Bezeichnung: Seb. Brant. Vgl. Bull, de la Soc, pour la con¬
          <lb/>servation des monuments hist. d’Alsace, Serie II, Bd. XP.I S. 30.
          <lb/>Der Holzschn, stammt aus dem Leben der Heiligen, gedruckt bei Grü¬
          <lb/>ninger 1502. Eine ganze Anzahl der 90 Holeschn, sind früheren Werken
          <lb/>entlehnt. Die 11 Szenen aus dem Leben Jesu umfassende Serie scheint
          <lb/>von einem Künstler herzurühren, eine davon ist gezeichnet H. F. Die
          <lb/>Geburt Christi Bl. 8b trägt die Marke Schäufelin&amp;#x27;s. Der Christ in der
          <lb/>Vorhölle Bl. 78a hat das Monogramm eines unbetannten Meisters und
          <lb/>ist einem Holeschn. Dürers nachgeahmt aus der grossen Passion, auch
          <lb/>in Geilers Buch de Arbore humana angewandt. Im Anfang u. bes. am
          <lb/>Ende des Buches, in den Predigten über die Heiligen befinden sich
          <lb/>Eleine Holeschn. aus dem Hortulus animae von Hans Schäufelin, Urs
          <lb/>Graf und dem Meister H. F.
          <lb/>Bl. 2a: Priuilegium:.. Zu wissen sei menglichen durch
          <lb/>nachgemelte an zog, das ich Jacob öszler beider rechte
          <lb/>Doctor, vnd wonhafft zô Straszburg. Als Römischer Keiser¬
          <lb/>licher maiestat vnsers aller genedigsten herren. Verordneter
          <lb/>Gene ral Supperattendent der Truckereien im heiligen
          <lb/>reich. Dem Ersamen Johannes Grüningern Burgern vnd
          <lb/>Truckerherren zû Straszburg. Im namen vnd von we- gen
          <lb/>obgemelter Röm. Kei. Maie. Ein Priuilegium vnd Freiheit
          <lb/>geben hab.... Actum Montags nach Martini Episcopi. Anno
          <lb/>domini im xVe. vnd. XV. iar.
          <lb/>*R10.103. Prov.: Bibliothekar W. List, Strassburg 3. VI. 1890;
          <lb/>125 M. Auf der Innens. des Vorderdeckels: Ludwig Kahl Wertheim 1829.
          <lb/>Priesterseminar Strassburg, Ink. A 14ra.
          <lb/>Dacheux OXXXV, GE: SB Berlin, UB Göttingen, Halle: Kri¬
          <lb/>steller 99; Proctor II Sectio I Nr. 9937: London British Museum;
        </p>
      </div>
    </body>
  </text>
</TEI>
