<?xml version='1.0' encoding='UTF-8'?>
<?xml-model href="https://raw.githubusercontent.com/OpenITI/tei_openiti/master/tei_openiti.rng" type="application/xml" schematypens="http://relaxng.org/ns/structure/1.0"?>
<?xml-model href="https://raw.githubusercontent.com/OpenITI/tei_openiti/master/tei_openiti.rng" type="application/xml" schematypens="http://purl.oclc.org/dsdl/schematron"?>
<TEI xmlns="http://www.tei-c.org/ns/1.0">
  <teiHeader>
    <fileDesc>
      <titleStmt>
        <title/>
      </titleStmt>
      <publicationStmt>
        <p/>
      </publicationStmt>
      <sourceDesc>
        <p/>
      </sourceDesc>
    </fileDesc>
    <profileDesc>
      <calendarDesc>
        <calendar xml:id="ah">
          <p>Anno Hegirae</p>
        </calendar>
      </calendarDesc>
    </profileDesc>
    <xenoData xml:space="preserve">
CREATED: 2024-04-15T07:35:06.589620+00:00
CREATED BY: eScriptorium vpassthistobuildcmd
IMAGE FILENAME: A121078-3122.tif
IMAGE WIDTH: 2312
IMAGE HEIGHT: 3846
</xenoData>
  </teiHeader>
  <text>
    <body>
      <div>
        <p>
          <lb/>566
          <lb/>Goedeke II2, S. 495-6 Nr. 222; Hauffen I, 53, 58, 60, 67-8, 75,
          <lb/>87-8, 93, 185-264; II, 95-6, 222-3, 225, 229 231, 236-8, 241, 249-250,
          <lb/>269-272, 288-9, 291, 304, 310-311, 317-331, 336-8, 341-2, 355-8, 367-8,
          <lb/>371-2.
          <lb/>857
          <lb/>FISCHART Johann: Beschläge zum Heiligthumskästlin. Heilg¬
          <lb/>thumsspang Jesuwalti Pickhart, zu beschlagung gegenwer¬
          <lb/>tigs Heiligthumskästlin oder Brotkorbs. Christlingen 1583, 1584,
          <lb/>1590, 1594. Siche: CALVIN.
          <lb/>FISCHART Johann
          <lb/>[Strassburg ?, Bern. Jobin ?1 1584
          <lb/>Bewärung vnd Erklärung des Vr- alten gemeynen
          <lb/>Sprüchworts : Die Gelehrten! die Verkehrten:! Etwan vor
          <lb/>vielen Jaren (in massen solchs ohn disz art zu-reimen
          <lb/>bezeugen) von eim guthertzigen War- gelehrten etlicher
          <lb/>massen aussgelegt.... (14 Zeilen.)
          <lb/>Anno M. D. LXXXIIII.
          <lb/>80, Got., 40 unn. Bll., Sign. A-E, Kust.
          <lb/>R101.635. Prov.: Harrassowitz, Leipzig 1. VI. 1896; 25 M.
          <lb/>Handschr. Eintragungen:,Ausserst selten, Werth 50 Mk.*,5.VIII. 82.
          <lb/>25 Mk. Ungemein selten.&amp;quot;
          <lb/>GK: SB Berlin.
          <lb/>Goedeke 112, S. 501 Nr. 44; Hauffen I 85, 11 131, 148-153, 278.
          <lb/>858
          <lb/>FISCHART Johann
          <lb/>[Strassburg, Bern. Jobinl 1586
          <lb/>Binenkorb. Des Heyl. Röm. Jmenschwarms, seiner
          <lb/>Hummelszellen,
          <lb/>(oder Himmelszellen) Hurnausznäster,
          <lb/>Brämen-geschwürm vnnd Wäspengetösz.Sampt Lau¬
          <lb/>terung der H. Rö. Kirchen Honig- waben... !... vnnd mit
          <lb/>Mentzer- kletten durchziert. Durch Jesuwalt Pickhart,
          <lb/>des Canonischen Rech-tens Canonisirten oder Gewür¬
          <lb/>digten, &amp;amp;c.
          <lb/>Holzschnitt u. Verse wie in den früheren Ausg. (Rücks, leer.)
          <lb/>Am Schluss: EXPLICIT... wvie in der Ausg, von 1581.
          <lb/>Getruckt zu Christlingen bey Vrsino Gottgwinn.
          <lb/>M. D. LXXXVI.
          <lb/>8°, Got., 246 num. u. 17 unn. Bll., Kopft., Kust., Marq. Titel
          <lb/>rot u. schwarz. Der Fehler des letzten Bl. 245 ist verbessert in 246.
          <lb/>R102.486. Prov.: J. Bensheimer, Strassburg 27. IV. 1878, 16M.
          <lb/>GK: SB Berlin; UB Göttingen, Münster.
          <lb/>859
        </p>
      </div>
    </body>
  </text>
</TEI>
