<?xml version='1.0' encoding='UTF-8'?>
<?xml-model href="https://raw.githubusercontent.com/OpenITI/tei_openiti/master/tei_openiti.rng" type="application/xml" schematypens="http://relaxng.org/ns/structure/1.0"?>
<?xml-model href="https://raw.githubusercontent.com/OpenITI/tei_openiti/master/tei_openiti.rng" type="application/xml" schematypens="http://purl.oclc.org/dsdl/schematron"?>
<TEI xmlns="http://www.tei-c.org/ns/1.0">
  <teiHeader>
    <fileDesc>
      <titleStmt>
        <title/>
      </titleStmt>
      <publicationStmt>
        <p/>
      </publicationStmt>
      <sourceDesc>
        <p/>
      </sourceDesc>
    </fileDesc>
    <profileDesc>
      <calendarDesc>
        <calendar xml:id="ah">
          <p>Anno Hegirae</p>
        </calendar>
      </calendarDesc>
    </profileDesc>
    <xenoData xml:space="preserve">
CREATED: 2024-04-15T07:35:10.136483+00:00
CREATED BY: eScriptorium vpassthistobuildcmd
IMAGE FILENAME: A121078-3266.tif
IMAGE WIDTH: 2340
IMAGE HEIGHT: 3858
</xenoData>
  </teiHeader>
  <text>
    <body>
      <div>
        <p>
          <lb/>708
          <lb/>Am Schluss: Excussum Agentinae (!) in edibus (vulgo)
          <lb/>zum thiergarten: per Renatum Beck. Anno. M. D. XII.
          <lb/>Decimo quinto Kal. Aprilis.
          <lb/>40, Antiq., 16 unn. Bll., Sign. A-D, Init., letztes Bl, leer.
          <lb/>Auf der Rücks, des Titelbl. Brief Wimpfelings an Theod. Zobel
          <lb/>(Maguntiae ecclesiae Canonico &amp;amp; ecclesiasticorum morum censori) vom
          <lb/>15. Märe 1512.
          <lb/>Bl. DIII-DIV: Lat. Gedichte von verschiedenen Verfassern.
          <lb/>R102.015. Prov.: Geschenk von F. Butsch Sohn, Augsburg 12.VII.
          <lb/>1872.
          <lb/>BN Paris, Rés. Z. 1106 u. Rés, m. Yc. 154; Schmidt IV S. 16
          <lb/>Nr. 4: Stadtbibl. Kolmar u. Hofbibl. München. GK: SB Berlin, UB
          <lb/>Göttingen.
          <lb/>1043
          <lb/>GRESMUNDUS Theoderieus
          <lb/>Strassburg, R. Beck 1514
          <lb/>Theoderici Gresemundi.... (Abb. Titelbl, S. 709.)
          <lb/>Am Schluss: Excusum Argentinae per Rena! tum Beck
          <lb/>Ciuem Argen! tinensem. Anno! M. D. XIIII.
          <lb/>40, Antig,, 32 unn. Bll., Sign. a-f, Kopft., Marg., Init.
          <lb/>Auf der Rücks, des Titelbl.: Widmung Gebwillers an Graf Bern¬
          <lb/>hard den Jüngern von Eberstein (Primarius Trevirensis et Argentinensis
          <lb/>ecclesiae canonicus), XV. Kal. Martii 1514.
          <lb/>Bl. a 2b : Theodorico Zobelo. Sanctae Maguntinae eccle¬
          <lb/>siae! Metropolitanae Canonico... lacobus Vuimphelingus...
          <lb/>— Ex Argentoraco V. D. M. Martij CCCCC xij.
          <lb/>Bl. A 3a-44b: Theoderici Gresemundi vita. (4 S.)
          <lb/>Bl. 7a: Brief u. Gedicht an Seb. Brant von Chrysostomus Luca¬
          <lb/>nus, Regis Hispaniarum orator.
          <lb/>Bl. 7b: Lat. Verse über die Spielsucht mit deutscher Ubersetzung.
          <lb/>R 100.118. Prov.: Bibl. Ch. Schmidt mit Exlibris u. Autograph:
          <lb/>C. Schmidt, Juni 1836, Paris (Kroh).
          <lb/>2. Ex. *R 102.014. Prov.: Spirgatis, Leipaig 1. XII. 1892, 6 M. 60;
          <lb/>2 verschiedene Drucke.
          <lb/>Proctor II Sectio I Nr. 10.305: London Brit. Museum; Schmidt
          <lb/>IV S. 20 Nr. 15; Walter: Schlettstadt Nr. 1443. GK: SR Berlin,
          <lb/>UB Münster.
          <lb/>1044
          <lb/>GREULICH Martin
          <lb/>Strassburg, J. Frölich 1555
          <lb/>Ein Newe vnd hübsche bewerte kunst, wie man
          <lb/>die wein erhalten soll, Vnd dem bresthaf-tgen abgefall¬
        </p>
      </div>
    </body>
  </text>
</TEI>
