<?xml version='1.0' encoding='UTF-8'?>
<?xml-model href="https://raw.githubusercontent.com/OpenITI/tei_openiti/master/tei_openiti.rng" type="application/xml" schematypens="http://relaxng.org/ns/structure/1.0"?>
<?xml-model href="https://raw.githubusercontent.com/OpenITI/tei_openiti/master/tei_openiti.rng" type="application/xml" schematypens="http://purl.oclc.org/dsdl/schematron"?>
<TEI xmlns="http://www.tei-c.org/ns/1.0">
  <teiHeader>
    <fileDesc>
      <titleStmt>
        <title/>
      </titleStmt>
      <publicationStmt>
        <p/>
      </publicationStmt>
      <sourceDesc>
        <p/>
      </sourceDesc>
    </fileDesc>
    <profileDesc>
      <calendarDesc>
        <calendar xml:id="ah">
          <p>Anno Hegirae</p>
        </calendar>
      </calendarDesc>
    </profileDesc>
    <xenoData xml:space="preserve">
CREATED: 2024-04-15T07:35:10.734361+00:00
CREATED BY: eScriptorium vpassthistobuildcmd
IMAGE FILENAME: A121078-3297.tif
IMAGE WIDTH: 2356
IMAGE HEIGHT: 3856
</xenoData>
  </teiHeader>
  <text>
    <body>
      <div>
        <p>
          <lb/>739
          <lb/>Euan geliums willen! M. Mathes Zell Martin Butzer
          <lb/>Sym phorianus etc....
          <lb/>R102.346. Prov.: Sandrog, Berlin 6. III. 1877; 2 M. Handschr.
          <lb/>Notizen.
          <lb/>Oxford, Bibl. Bodleiana.
          <lb/>1092
          <lb/>HEDIO Kaspar
          <lb/>Strassburg, G. Ulricher von Andlau 1530
          <lb/>CHronica der Altenn Christ-ichen kirchen ausz
          <lb/>Euse bio, Ruffino, Sozomeno, Theodo reto, Tertulliano,
          <lb/>Justino, Cypriano, vnd Plinio, durch D. Caspar Hedio
          <lb/>ver: ! teutscht.
          <lb/>Zum Leser.Hie findestu, für disz vnser verrbürte
          <lb/>zeit, tröstliche, fridliche Ding, die vor-hin im Teutschen
          <lb/>nit gele- sen sint.
          <lb/>II. Das erst teil.] Bl. LXXXXVIIb: End des xi bûchs
          <lb/>der Ecclesiastic Historij durch Ruffinum priester zû! Aqui¬
          <lb/>leia beschriben.
          <lb/>20, Got., 8 unn., XCVII num. Bli., Kopft., Kust., Marg,, grosse
          <lb/>Init. G. A, D u. zahlreiche Kleinere.
          <lb/>Auf der Rücks. des Titelbl.: Inhalt diser Chronick.
          <lb/>Bl. 2a: ... Herrn Wilhelmen Grauen zu Fürstenberg,
          <lb/>Landgrauen in der Bare, Hernn (!) zu Husen im kintzie¬
          <lb/>gertall, Landuogt in der Ortenaw, meinem Gnedigen
          <lb/>Hernn (!) Caspar Hedio.... — Geben Straszburg M. D.
          <lb/>XXX. (Vorrede, 5 Bll.)
          <lb/>IH.] Neuer Tuitel: Chronica der alten Christlichen Kir¬
          <lb/>chen...Das ander teil. Anno M. D. XXIX. Von Bl. CI¬
          <lb/>CCLXIX.
          <lb/>IIII.] Auszzug etlicher fürnemmen! bücher... Das drit teil.
          <lb/>Von Bl. CCLXXI-CCCXIV. Straszburg. Anno M. D. XXIX.
          <lb/>Bl. CCOXIVa: Straszburg M. D. XXIX. Folgt: Absunde¬
          <lb/>rûng etlicher Capitell (8 unn. Bll.) u. 42 unn. Bll. (Index, 2sp.)
          <lb/>Am Schluss: Getruckt zu Straszburg, durch Georgium
          <lb/>Ulricher von! Andla, im Jenner, M. D. XXX.
          <lb/>R 10.5382. Prov.: Werner Hausknecht, St. Gallen 27. VII. 1883;
          <lb/>9 M. Handschr. Notizen.
          <lb/>Stadtbibl. u. Bibl. Wilh. Strassburg. Braus-Riggenbach : Basel,
          <lb/>Kat, 452 Nr. 300: 45 M.,Erstausgabe dieser Chronik, die Hedio zum
          <lb/>ersten protestantischen Kirchenhistoriker machte.... ausgesprochen refor¬
          <lb/>matorische Tendenz.&amp;quot;
          <lb/>1093
        </p>
      </div>
    </body>
  </text>
</TEI>
