<?xml version='1.0' encoding='UTF-8'?>
<?xml-model href="https://raw.githubusercontent.com/OpenITI/tei_openiti/master/tei_openiti.rng" type="application/xml" schematypens="http://relaxng.org/ns/structure/1.0"?>
<?xml-model href="https://raw.githubusercontent.com/OpenITI/tei_openiti/master/tei_openiti.rng" type="application/xml" schematypens="http://purl.oclc.org/dsdl/schematron"?>
<TEI xmlns="http://www.tei-c.org/ns/1.0">
  <teiHeader>
    <fileDesc>
      <titleStmt>
        <title/>
      </titleStmt>
      <publicationStmt>
        <p/>
      </publicationStmt>
      <sourceDesc>
        <p/>
      </sourceDesc>
    </fileDesc>
    <profileDesc>
      <calendarDesc>
        <calendar xml:id="ah">
          <p>Anno Hegirae</p>
        </calendar>
      </calendarDesc>
    </profileDesc>
    <xenoData xml:space="preserve">
CREATED: 2024-04-15T07:35:11.941540+00:00
CREATED BY: eScriptorium vpassthistobuildcmd
IMAGE FILENAME: A121078-3345.tif
IMAGE WIDTH: 2378
IMAGE HEIGHT: 3856
</xenoData>
  </teiHeader>
  <text>
    <body>
      <div>
        <p>
          <lb/>HILDENSAEMUS Franciseus
          <lb/>Strassburg, N. Wyriot 1581
          <lb/>MVNDI CATHOLICA: Siue) Cosmographiae praecep¬
          <lb/>ta universalia: AFRANC. HILDENSAEMO,! Hippolyti F.
          <lb/>conscripta.! Cum praefatione IOAN. STVRMH. Darùber in einem
          <lb/>Kreis 2 Weltkugeln mit folgendem Texte: Coelum coeli Domino, Terram
          <lb/>dedit filiis hominum.
          <lb/>ARGENTORATI Excudebat Nicolaus Wyriot. M. D.
          <lb/>LXXXI. (Rucks, leer.)
          <lb/>80, Kursiv, 11 unn. Bll., wovon 2 leer, 161 S., 7 unn. S. mit der
          <lb/>Tabella mill. in parallelis Aeguatoris, dann die Länge- u. Breitegrade
          <lb/>von 85 Städten, Kopft., Kust., Init., Vign.
          <lb/>Bl. 2a: Vorrede des Joh. Sturm, datiert 7. April 1581; sodann
          <lb/>Widmung des Verfassers an Joh. Sturm u. ein lat. Gedicht von P. Mo¬
          <lb/>linus an den Verfasser.
          <lb/>R100.833. Prov.: R. Levi, Stuttgart 26. IX. 1898; 4 M.
          <lb/>BN Paris, V. 20.826.
          <lb/>1169
          <lb/>HILDESHEIM Franz. Siene: HILDENSAEMUS Franciscus
          <lb/>787
          <lb/>HIPPOCRATES
          <lb/>Hagenau, J. Setzer um 1527
          <lb/>QVARVM ] ARTIVM, AC LING! VARVM COGNITIO) ne Medico
          <lb/>opus sit.Praefatio ante Hippocratis Aphorismorum! ini¬
          <lb/>tium, per lanum Cornarium Zuicaui! ensem, habita Ro¬
          <lb/>stochii. Aphorismi Hippocratis, graece. Iohannes Crusus (!),
          <lb/>Lectori. (2 Dist.)
          <lb/>Haganoae, apud Iohan. Secerium. (Rücks, leer.)
          <lb/>80, Antig. (Vorrede) u. Griech. (Aphorismi Hippocratis), 44 unn.
          <lb/>Bll., 1 leeres Bl., Sign. A-F, Kopft., Init. Am Schluss Druckerm.
          <lb/>Setzers (HR B Tafel LXX Nr. 7; Silvestre Nr. 683).
          <lb/>El. A 2a: CLARISSIMO VIRO D. CASPARICallodryo,
          <lb/>Megalopyrgen. Du cum Cancellario supremo, la nus Cor¬
          <lb/>narius S.... (Vorrede, 19 S.)
          <lb/>R102.1326). Prov.: Bibl. der alten Strassburger medizinischen
          <lb/>Fakultät. Handschr. Notizen. Unvollst, nur bis EVIII.
          <lb/>2. Ex. R 102.437 (3). Prov.: Tausch mit der Gumnasialbibl. Heul¬
          <lb/>bronn 2. IV. 1878. Alter Einband mit dem Datum 1550.
          <lb/>BN Paris: T 21.47; Walter: Schlettstadt Nr. 1522.
          <lb/>1170
        </p>
      </div>
    </body>
  </text>
</TEI>
