<?xml version='1.0' encoding='UTF-8'?>
<?xml-model href="https://raw.githubusercontent.com/OpenITI/tei_openiti/master/tei_openiti.rng" type="application/xml" schematypens="http://relaxng.org/ns/structure/1.0"?>
<?xml-model href="https://raw.githubusercontent.com/OpenITI/tei_openiti/master/tei_openiti.rng" type="application/xml" schematypens="http://purl.oclc.org/dsdl/schematron"?>
<TEI xmlns="http://www.tei-c.org/ns/1.0">
  <teiHeader>
    <fileDesc>
      <titleStmt>
        <title/>
      </titleStmt>
      <publicationStmt>
        <p/>
      </publicationStmt>
      <sourceDesc>
        <p/>
      </sourceDesc>
    </fileDesc>
    <profileDesc>
      <calendarDesc>
        <calendar xml:id="ah">
          <p>Anno Hegirae</p>
        </calendar>
      </calendarDesc>
    </profileDesc>
    <xenoData xml:space="preserve">
CREATED: 2024-04-15T07:35:11.145310+00:00
CREATED BY: eScriptorium vpassthistobuildcmd
IMAGE FILENAME: A121078-3314.tif
IMAGE WIDTH: 2362
IMAGE HEIGHT: 3854
</xenoData>
  </teiHeader>
  <text>
    <body>
      <div>
        <p>
          <lb/>756
          <lb/>*R102.043. Prov.: Bibl. Heitz, Strassburg 1871. Auf dem Titelbl.:
          <lb/>Bibliotheca PP. Capucinorum Walthurenae. 2. Ex. *RIOI370. Prov.:
          <lb/>Rektor Müller, Quedlinburg 15. V. 1889. Auf dem Titelbl, mit Blei: ed.
          <lb/>Iac. Wimpheling.
          <lb/>Proctor II Sectio I Nr. 10301: London Brit. Museum. Schmidt
          <lb/>IV S. 16 Nr. 5; Walter: Schlettstadt Nr. 1481. Olschki, Florenz, Kat.
          <lb/>LXXXI(1912) Nr. 91; 300 Fr.
          <lb/>1120
          <lb/>a
          <lb/>R0
          <lb/>b0
          <lb/>8
          <lb/>8-1
          <lb/>BSh
          <lb/>MDE
          <lb/>V
          <lb/>u
          <lb/>4115
          <lb/>T
          <lb/>C
          <lb/>uttiiν
          <lb/>(Zu Nr. 1120)
        </p>
      </div>
    </body>
  </text>
</TEI>
