<?xml version='1.0' encoding='UTF-8'?>
<?xml-model href="https://raw.githubusercontent.com/OpenITI/tei_openiti/master/tei_openiti.rng" type="application/xml" schematypens="http://relaxng.org/ns/structure/1.0"?>
<?xml-model href="https://raw.githubusercontent.com/OpenITI/tei_openiti/master/tei_openiti.rng" type="application/xml" schematypens="http://purl.oclc.org/dsdl/schematron"?>
<TEI xmlns="http://www.tei-c.org/ns/1.0">
  <teiHeader>
    <fileDesc>
      <titleStmt>
        <title/>
      </titleStmt>
      <publicationStmt>
        <p/>
      </publicationStmt>
      <sourceDesc>
        <p/>
      </sourceDesc>
    </fileDesc>
    <profileDesc>
      <calendarDesc>
        <calendar xml:id="ah">
          <p>Anno Hegirae</p>
        </calendar>
      </calendarDesc>
    </profileDesc>
    <xenoData xml:space="preserve">
CREATED: 2024-04-15T07:35:08.225028+00:00
CREATED BY: eScriptorium vpassthistobuildcmd
IMAGE FILENAME: A121078-3197.tif
IMAGE WIDTH: 2320
IMAGE HEIGHT: 3852
</xenoData>
  </teiHeader>
  <text>
    <body>
      <div>
        <p>
          <lb/>R100.487. Prov.: Bibl. Heite, Strassburg 1871. Auf dem Titelbl.:
          <lb/>Pro Conventu Fra. Min. Re. Sulzii.
          <lb/>Brit. Museum: Schmidt VIII Nr. 43: Bibl. des Priesterseminars in
          <lb/>Stadtbibl. Strassburg 486; Proctor II Sectio I-Nr, 10.185: London
          <lb/>Strassburg u. Stadtbibl. Zürich sowie sein Exemplar. GK verzeichnet
          <lb/>2 undatierte Drucke Schürers: 1) [Strassburg, um 1505), 200 Bll., 4°,
          <lb/>Goedeke 12 400, 15 in. SB Berlin, UB Göttingen, Halle. 2) (Strassburg)
          <lb/>11510), 201 Bll., 40. Goedeke I2 400, 15 in SB Berlin, UB Greifswald.
          <lb/>Da die Exemplare 2. Z. nicht benutebar sind, kann in Berlin nicht
          <lb/>nachgeprüft werden, ob es sich um obige Ausgabe handelt.
          <lb/>953
          <lb/>GEILER Johannes
          <lb/>Strassburg, M. Schürer 1510
          <lb/>Celeberrimi sacrarum lite rarum Doctoris Joannis
          <lb/>Geiler Keisersbergij:! Argentinensium Concionatoris bene
          <lb/>meri ti. De oratione dominica Sermones. Per Jacobum
          <lb/>Ottherum Neme- tensem hac forma Collecti.
          <lb/>Am Schluss:... Matthias Schürerius! Argentorati emisit.
          <lb/>iiij. Kalendas Augusti. Anno. M. D.X. (Rücks, leer.)
          <lb/>40, Got., 8 unn. (Index) u. 78 unn. Bll. (11 Predigten), Sign.
          <lb/>A-N, Kopft., Init.
          <lb/>Auf der Rücks, des Titelbl.: Profundissimis viris Jodoco
          <lb/>Gallo ex Rubeaco Chri- stiane sapientie doct; diuorum
          <lb/>Germani et Maurithij in Spira Canonico: Joannique Vi¬
          <lb/>gilio. J. U. doct. Cathedralis Vangionum ecclesie Canonico
          <lb/>dominis suis preceptoribusque Jaco bus Ottherus.... —
          <lb/>Ex Argentina. xvi. Kal. Junij. M. D. IX.
          <lb/>*R1013611. Prov.: Bibl. Heite, Strassburg 1871. Auf dem Titelbl.:
          <lb/>Ex libris Udalrici Schalleri. Anno 80.
          <lb/>2. Ex. R101.3561. Geschenk der UB Heidelberg 1871. Auf dem
          <lb/>Titelbl.: Ex libris Ioan. Nimis. — Monasterii Schutterani. Bl. M 5 fehlt.
          <lb/>Strassburger Stadtbibl, 641; GK: SB Berlín, UB Breslau, Göt-
          <lb/>tingen; Proctor II Sectio I Nr. 10181: London Brit. Museum; Schmidt
          <lb/>VIII Nr. 39; Walter: Schlettstadt Nr. 1370.
          <lb/>954
          <lb/>GEILER Johannes
          <lb/>[Strassburg, M. Schürer 1510l
          <lb/>Nauicula siue speculum fatuorum! Prestantissimi sa¬
          <lb/>crarum-literarum Doctoris Joan- nis Geyler Keysersbergii
          <lb/>Concionatoris Ar gentinen. a Jacobo Othero collecta.
          <lb/>Compendiosa vitae eiusdem descriptio, per Beatum
          <lb/>Rhenanum Selestatinum.
          <lb/>Ad Narragoniam.
          <lb/>4°, Got., 278 unn. Bll., Sign. A-Z, Aa-Ss, Kopft., Init.
          <lb/>2 Holzschn.: Schiff mit 3 Reisenden u, einem Ruderer, nicht als
          <lb/>Narren gekleidet, u. Bl. 4b; 2 hinter einen Wagen gespannte Pferde,
          <lb/>R.A1
          <lb/>641
        </p>
      </div>
    </body>
  </text>
</TEI>
