<?xml version='1.0' encoding='UTF-8'?>
<?xml-model href="https://raw.githubusercontent.com/OpenITI/tei_openiti/master/tei_openiti.rng" type="application/xml" schematypens="http://relaxng.org/ns/structure/1.0"?>
<?xml-model href="https://raw.githubusercontent.com/OpenITI/tei_openiti/master/tei_openiti.rng" type="application/xml" schematypens="http://purl.oclc.org/dsdl/schematron"?>
<TEI xmlns="http://www.tei-c.org/ns/1.0">
  <teiHeader>
    <fileDesc>
      <titleStmt>
        <title/>
      </titleStmt>
      <publicationStmt>
        <p/>
      </publicationStmt>
      <sourceDesc>
        <p/>
      </sourceDesc>
    </fileDesc>
    <profileDesc>
      <calendarDesc>
        <calendar xml:id="ah">
          <p>Anno Hegirae</p>
        </calendar>
      </calendarDesc>
    </profileDesc>
    <xenoData xml:space="preserve">
CREATED: 2024-04-15T07:35:06.874801+00:00
CREATED BY: eScriptorium vpassthistobuildcmd
IMAGE FILENAME: A121078-3140.tif
IMAGE WIDTH: 2316
IMAGE HEIGHT: 3848
</xenoData>
  </teiHeader>
  <text>
    <body>
      <div>
        <p>
          <lb/>584
          <lb/>armût vnd schedlich not anricht, vnd mit ! sich pringt, Vnd
          <lb/>wie dem vbel zû rathen wer, gründ licher bericht vnd
          <lb/>rathschlag, ausz Götlicher geschrifft, durch Sebastian
          <lb/>Franck.
          <lb/>ergeben.
          <lb/>Holzschn.: 4 Männer an einem Tische, die sich dem Trunke
          <lb/>Am Schluss: Getruckt zû Straszburg bey Hans Prüssen.
          <lb/>Anno. M. D. XXXIX. (Rücks, leer.)
          <lb/>(4 Zierleisten).
          <lb/>40, Got., 34 unn. Bll., Sign. A-J, Marg., Init., Titeleinfassung
          <lb/>Auf der Rücks, des Titelbl.: Dem Edlen vnnd vesten Wolffen
          <lb/>von Heszberg, Amptmann zû Colmburg, Gnad Fryd,)..—
          <lb/>Geben zû! Justenfelden. Anno domini M. D. XXXI. Se¬
          <lb/>bastian Franck von Werd. (2S.)
          <lb/>*RI01.984. Prov.: Bibl. Cunitz 1886.
          <lb/>GK: UB Bonn, Greifswald.
          <lb/>Fehlt bei Schmidt.
          <lb/>883
          <lb/>FRANCK Sebastian
          <lb/>Mülhausen, P. Schmidt 1561
          <lb/>DE ARBO- RE SCIENTIAE BO-NI ET MALI, Ex Quo
          <lb/>Ada- mus mortem comedit, &amp;amp; adhuc hodie! cuncti homi¬
          <lb/>nes mortem comedunt, quidnam ea sit, ac quemadmodum
          <lb/>ea etiam hodie cuique, sicut Adamo, vetita sit... (9 2.)
          <lb/>AVGVSTINO ELEVTHERIO) authore... (7 Z. Sprüche aus der
          <lb/>h. Schrift.) (Rücks, leer.)
          <lb/>Am Schluss: MÖLHVSII, SVPE- RORIS ELSATIAE, PER
          <lb/>Petrum Fabrum. 1561.
          <lb/>Auf der Rücks.: Druckerm, von P. Schmidt. (HEB Tafel LXXV
          <lb/>Nr. 1; Silvestre Nr. 1183.)
          <lb/>80, Kursiv, 130 S., 1 unn. Bl., Kust., Init. G.
          <lb/>R 100.591. Bibl. Prof. Baum 20. Il. 1874. Handschr, Notizen.
          <lb/>Auf dem Titelbl.: ¿Seb. Frank v. Wörth,“ darunter : Sum Petri hogerj.
          <lb/>GK: SB Berlin; UB Breslau, Göttingen, Münster, BN Paris,
          <lb/>D2. 7770 u. Rés. D2, 5669. Brunet I15, 960: ¿Volume peu commun :
          <lb/>10 fr. Gaignat; 15 fr. La Vallière; 4 fr. Mac-Corthy.&amp;quot;
          <lb/>884
          <lb/>FRANGR, Siche: FRANCK
          <lb/>FRAU. Wie eyn Christliche fraw des Adels in Beiern... Siche:
          <lb/>GRUMBACH Argula
          <lb/>FREIHEITEN der Stadt Strassburg. Siche: CONSTITUTION,
          <lb/>Nr. 583
        </p>
      </div>
    </body>
  </text>
</TEI>
