<?xml version='1.0' encoding='UTF-8'?>
<?xml-model href="https://raw.githubusercontent.com/OpenITI/tei_openiti/master/tei_openiti.rng" type="application/xml" schematypens="http://relaxng.org/ns/structure/1.0"?>
<?xml-model href="https://raw.githubusercontent.com/OpenITI/tei_openiti/master/tei_openiti.rng" type="application/xml" schematypens="http://purl.oclc.org/dsdl/schematron"?>
<TEI xmlns="http://www.tei-c.org/ns/1.0">
  <teiHeader>
    <fileDesc>
      <titleStmt>
        <title/>
      </titleStmt>
      <publicationStmt>
        <p/>
      </publicationStmt>
      <sourceDesc>
        <p/>
      </sourceDesc>
    </fileDesc>
    <profileDesc>
      <calendarDesc>
        <calendar xml:id="ah">
          <p>Anno Hegirae</p>
        </calendar>
      </calendarDesc>
    </profileDesc>
    <xenoData xml:space="preserve">
CREATED: 2024-04-15T07:35:07.025715+00:00
CREATED BY: eScriptorium vpassthistobuildcmd
IMAGE FILENAME: A121078-3150.tif
IMAGE WIDTH: 2310
IMAGE HEIGHT: 3846
</xenoData>
  </teiHeader>
  <text>
    <body>
      <div>
        <p>
          <lb/>594
          <lb/>Auf der Rücks. des Titelbl.: IOANNI FVCHS] iuniori, Argen¬
          <lb/>torat. Philosopho atque Medico perspicacissimo, Lau
          <lb/>rentius Frisius S. D.... — Ex Diuoduro, die qua candidus
          <lb/>Ti! tan. XX. Leonis partem permeauit, Anno post natum
          <lb/>Seruatorem, sesquimillesimo! tricesimo.
          <lb/>*R100.989. Prov.: Bibl. Hermann, Strassburg. Handschr. No¬
          <lb/>tizen über Fries.
          <lb/>GK: UB Breslau; Oxford, Bibl. Bodleiana; fehlt bei Schmidt.
          <lb/>895
          <lb/>FRIES Lorenz
          <lb/>Strassburg, B. Beck 1532
          <lb/>Spiegel der artz- ney, vor zeyten zû nutz vnnd trost
          <lb/>den Leyen gemacht, durch Lauren- tium Friesen, aber
          <lb/>offt nun gefelsch- et, durch vnfleisz der Bûchtrucker,
          <lb/>yetzund durch den selbigen Lau-rentium, vnd M. Otho¬
          <lb/>nem Brunfelsz, widerumb gebessert vnnd in! seinen
          <lb/>ersten glantz ge- stellet.
          <lb/>Hiemit sollen widerrûfft, vnd falsch declariert sein alle
          <lb/>ex- emplar disz bûchs, so vor disem truck auszgangen
          <lb/>seind. M. D. XXXII.
          <lb/>Am Schluss: Getruckt zû Straszburg durch Balthassar
          <lb/>Beck, vnd vollendet am. x iiij. tag des Mertzens. Jm Jar
          <lb/>M. D. xxx ij. (Rücks, leer.)
          <lb/>20, Got,, 6 unn. u. CXLII num. Bll., Kopft., Kust., Marg., Init.,
          <lb/>Titeleinfassung: die obere Bordüre ist in suei Lagen geteilt, wovon jede
          <lb/>4 Teile aufweist, die durch eine Säule getrennt sind und von denen jeder
          <lb/>das Bild gweier Arzte enthâlt, deren Namen darunter stehen; das
          <lb/>Gleiche gilt für die Seitenbordüren; in der Mitte der unteren Bordüre
          <lb/>befindet sich ein Gefäss mit Blumen, links davon Adonis, rechts Venus.
          <lb/>Auf der Rücks. des Titelbl.: Namen der lerer, so inn di¬
          <lb/>sem bûch allegiert werden...
          <lb/>Unn. Bl. A 2a: Laurentius Fries DoctorDer artzney
          <lb/>wünschet heil in dem waren gesundmacher Christo allen
          <lb/>krancken... Zû Metz auff den xx iij. tag des Heüwmonats,
          <lb/>Jm Jar der gnaden. M. D. XXX. (Vorrede, 2 S.)
          <lb/>Bl. A 3a : M. Otho Brunfelsz zà dem Leser. Er bittet die Fehler
          <lb/>eu entschuldigen, die der Setzer in der vorhergehenden Ausgabe gemacht hat.
          <lb/>R10.262. Herkunft unbekannt. Handschr. Notizen.
          <lb/>Stadtbibl. Strassburg. GK: SB Berlin. (Davon noch 2 abweichende
          <lb/>Ausgaben im GK.) Baer, Frankfurt a. M., Katal, 500 (1907) Nr. 1359,
          <lb/>30 M. u. Nr. 1360, 35 M.: »Die prächtige Titelbordüre ist, obwohl nicht
          <lb/>von Röttinger erwähnt, dem Hans Weiditz zuzuweisen.&amp;quot;
          <lb/>896
        </p>
      </div>
    </body>
  </text>
</TEI>
