<?xml version='1.0' encoding='UTF-8'?>
<?xml-model href="https://raw.githubusercontent.com/OpenITI/tei_openiti/master/tei_openiti.rng" type="application/xml" schematypens="http://relaxng.org/ns/structure/1.0"?>
<?xml-model href="https://raw.githubusercontent.com/OpenITI/tei_openiti/master/tei_openiti.rng" type="application/xml" schematypens="http://purl.oclc.org/dsdl/schematron"?>
<TEI xmlns="http://www.tei-c.org/ns/1.0">
  <teiHeader>
    <fileDesc>
      <titleStmt>
        <title/>
      </titleStmt>
      <publicationStmt>
        <p/>
      </publicationStmt>
      <sourceDesc>
        <p/>
      </sourceDesc>
    </fileDesc>
    <profileDesc>
      <calendarDesc>
        <calendar xml:id="ah">
          <p>Anno Hegirae</p>
        </calendar>
      </calendarDesc>
    </profileDesc>
    <xenoData xml:space="preserve">
CREATED: 2024-04-15T07:35:11.118927+00:00
CREATED BY: eScriptorium vpassthistobuildcmd
IMAGE FILENAME: A121078-3312.tif
IMAGE WIDTH: 2358
IMAGE HEIGHT: 3858
</xenoData>
  </teiHeader>
  <text>
    <body>
      <div>
        <p>
          <lb/>754
          <lb/>HEGESIPPUS
          <lb/>[Strassburg, Th. Rihell 1597
          <lb/>Egesippi, des Hochberühmten Für- trefflichen Ge¬
          <lb/>schichtschrei- bers, fünf Bücher : Vom Jüdischen Krieg...
          <lb/>20, Got., 6 unn. Bll., 214 S., 6 unn. Bll. (Index, 2sp.), letztes
          <lb/>Bl. leer, Kopft., Kust., Marg., Init., Titel rot u. schwvarz, Titelumrah¬
          <lb/>mung, Vorrede u. Holzschn. wvie in der vorhergehenden Ausgabe.
          <lb/>All diese Ausgaben weisen dieselben Typen u. Eigenheiten auf, die
          <lb/>sich bei Josephus Flavius vorfinden, gedruckt bei Rihel.
          <lb/>R10.5302. Geschenk von Martin Hauer, Hamburg 18r1. 1118
          <lb/>HEILIGEN LEBEN. Siche: BRANT Sebastian
          <lb/>HEINRICH VIII.
          <lb/>Strassburg, Joh. Grüninger 1592
          <lb/>Dehennuq oer su
          <lb/>Ben Sacramentẽ wioer artinum Lutherĩ geꝯ
          <lb/>macbt von dem vnũbermintlicben tiinig sũ
          <lb/>Engelland vnd in Franclreih einẽ bero
          <lb/>ren sũ ibernien/ Heintico Vee
          <lb/>namene Yem agtesten, 2.
          <lb/>benriour Rer Anglie :.
          <lb/>~
          <lb/>30
          <lb/>Sb
          <lb/>Doctor Mumner hat es vertutsche,
        </p>
      </div>
    </body>
  </text>
</TEI>
