<?xml version='1.0' encoding='UTF-8'?>
<?xml-model href="https://raw.githubusercontent.com/OpenITI/tei_openiti/master/tei_openiti.rng" type="application/xml" schematypens="http://relaxng.org/ns/structure/1.0"?>
<?xml-model href="https://raw.githubusercontent.com/OpenITI/tei_openiti/master/tei_openiti.rng" type="application/xml" schematypens="http://purl.oclc.org/dsdl/schematron"?>
<TEI xmlns="http://www.tei-c.org/ns/1.0">
  <teiHeader>
    <fileDesc>
      <titleStmt>
        <title/>
      </titleStmt>
      <publicationStmt>
        <p/>
      </publicationStmt>
      <sourceDesc>
        <p/>
      </sourceDesc>
    </fileDesc>
    <profileDesc>
      <calendarDesc>
        <calendar xml:id="ah">
          <p>Anno Hegirae</p>
        </calendar>
      </calendarDesc>
    </profileDesc>
    <xenoData xml:space="preserve">
CREATED: 2024-04-15T07:35:13.368370+00:00
CREATED BY: eScriptorium vpassthistobuildcmd
IMAGE FILENAME: A121078-3397.tif
IMAGE WIDTH: 2406
IMAGE HEIGHT: 3856
</xenoData>
  </teiHeader>
  <text>
    <body>
      <div>
        <p>
          <lb/>9M. Handschr. Notizen. Zahlr. Abb. von Wappen u. Städten sind
          <lb/>2. Ex. B 105256). Prov.: Harrassowitz, Leipeig 7. XII. 1896;
          <lb/>eingeklebt.
          <lb/>3. Ex. M 21298. Verschollen.
          <lb/>Proctor II Sectio I Nr. 11692: London Brit. Museum. Rosenthal, Mün¬
          <lb/>Oxford, Bibl. Bodleïana; Beaulieux, S. 171: BU Paris, M 401;
          <lb/>chen, Katal. 135 (1914) Nr. 1203a;66 M.
          <lb/>1248
          <lb/>ISIDORUS Hispalensis
          <lb/>Hagenau, Joh. Setzer 1529
          <lb/>B. ISIDORI EPISCOPI, THEOLOGI uetustissimi, de Na¬
          <lb/>tiuitate Domini, Pas! sione, &amp;amp; Resurrectione, Regno atque
          <lb/>Iuditio, Libri duo.! Eiusdem Tractatulus, de uita &amp;amp; obi! tu
          <lb/>quorumdam utriusque Testamen! ti Sanctorum. Item,
          <lb/>Allegoriae quaedam, ex utroque Testamento excerptae, una
          <lb/>cum! libro Praemiorum. Omnia haec ex codicibus duo¬
          <lb/>bus antiquissimis sunt excerpta, hacte nus prorsus a
          <lb/>nemine uisa.
          <lb/>Haganoe per lohannem Secerium, Anno M. D. XXIX.
          <lb/>Mense Martio.
          <lb/>Am Schluss: Haganoe, ex officina Iohannis Secerij
          <lb/>Anno Domini M. D. XXIX.! Mense Martio.
          <lb/>40, Antig., 82 unn. Bll., Sign. A-V, Kopft., Kust., Init. 9, Titel¬
          <lb/>einfassung. (Siche Nr. 21.) Auf der Rücks, des leteten Bl. Druckerm.
          <lb/>Setzers. (H&amp;amp; B Tafel LXXI Nr. 9; Silvestre Nr. 567.)
          <lb/>R101.307. Geschenk der SB München 28. XII. 1883.
          <lb/>BN Paris, Bibl. Bodleiana Oxford.
          <lb/>1249
          <lb/>ISIDORUS de Sevilla. Siehe: ISIDORUS Hispalensis
          <lb/>ISOCRATES
          <lb/>Strassburg, Joh. Knobloch 1515
          <lb/>ISOCRATIS PARAENESIS! AD DEMONICVM. Eiusdem
          <lb/>oratio de gubernando regno ad Nicodem. Graece &amp;amp;
          <lb/>Latine.! Othmarus Nachtgall Argenti! nus studioso lectori
          <lb/>salutem. (6 Zeilen.)... Ar gentoraci ad Kalendas Se- ptem¬
          <lb/>bres Anno! 1515, (1 Zeile griech. Text.)
          <lb/>Ioannes Knoblouch notis aereis! excepit, Argentoraci.
          <lb/>40, Antig., 24 unn. Bll., Sign. a-e (Griech. Text mit lat. Uber¬
          <lb/>seteung), Init.
          <lb/>R101485. Prov.: 1. Windprecht, Augsburg 31. VII. 1884; 3 M.
          <lb/>Proctor II Sectio I Nr. 10.091: London British Museum; Schmidt
          <lb/>VII, 102.
          <lb/>»
          <lb/>1250
          <lb/>839
        </p>
      </div>
    </body>
  </text>
</TEI>
