<?xml version='1.0' encoding='UTF-8'?>
<?xml-model href="https://raw.githubusercontent.com/OpenITI/tei_openiti/master/tei_openiti.rng" type="application/xml" schematypens="http://relaxng.org/ns/structure/1.0"?>
<?xml-model href="https://raw.githubusercontent.com/OpenITI/tei_openiti/master/tei_openiti.rng" type="application/xml" schematypens="http://purl.oclc.org/dsdl/schematron"?>
<TEI xmlns="http://www.tei-c.org/ns/1.0">
  <teiHeader>
    <fileDesc>
      <titleStmt>
        <title/>
      </titleStmt>
      <publicationStmt>
        <p/>
      </publicationStmt>
      <sourceDesc>
        <p/>
      </sourceDesc>
    </fileDesc>
    <profileDesc>
      <calendarDesc>
        <calendar xml:id="ah">
          <p>Anno Hegirae</p>
        </calendar>
      </calendarDesc>
    </profileDesc>
    <xenoData xml:space="preserve">
CREATED: 2024-04-15T07:35:13.004264+00:00
CREATED BY: eScriptorium vpassthistobuildcmd
IMAGE FILENAME: A121078-3383.tif
IMAGE WIDTH: 2400
IMAGE HEIGHT: 3854
</xenoData>
  </teiHeader>
  <text>
    <body>
      <div>
        <p>
          <lb/>HUTTEN Ulrich
          <lb/>(Strassburg, J. Schott 1523]
          <lb/>Presbytero, Theologo, EXPOSTVLATIO. (Portrât von Luther,
          <lb/>VLRICHI AB HVTTEN cum ERASMO Roterodamo,
          <lb/>Melanchthon u. Erasmus.)
          <lb/>LRACHT AB
          <lb/>H V T.
          <lb/>TEN
          <lb/>ERASMO Roterodamo, presbytero, rheologo,
          <lb/>cum
          <lb/>EXPOSTVLATIO,
          <lb/>M
          <lb/>8.4
          <lb/>4
          <lb/>F.
          <lb/>825
          <lb/>40, Antiq., 36 unn. Bll., wovon das letzte leer, Kopft., Init. R.
          <lb/>Auf der Rücks, des letzten Bl. Porträt Huttens, auf dem Kopfe den
          <lb/>Lorbeerkranz, in der Rechten das Schwert, in den Ecken ein Wappen,
          <lb/>unten: lacta est alea.
          <lb/>R100.968. Prov.: Bibl. Böcking mit seinem Exlibris u. handschr.
          <lb/>Notizen von seiner Hand:, Panzer, Ulrich von Hutten S. 171 gedenkt
          <lb/>des Bildes auf der Rückseite des letzten Blattes nicht; es gibt wohl auch
          <lb/>Drucke ohne das Bild, wie auch Münch W. S. 317, 329 annimmt. 1) Die
          <lb/>von Panzer S. 171 f. (Münch. Ant. Opp. W 327 f.) Beschreibung 4° (bei
        </p>
      </div>
    </body>
  </text>
</TEI>
