<?xml version='1.0' encoding='UTF-8'?>
<?xml-model href="https://raw.githubusercontent.com/OpenITI/tei_openiti/master/tei_openiti.rng" type="application/xml" schematypens="http://relaxng.org/ns/structure/1.0"?>
<?xml-model href="https://raw.githubusercontent.com/OpenITI/tei_openiti/master/tei_openiti.rng" type="application/xml" schematypens="http://purl.oclc.org/dsdl/schematron"?>
<TEI xmlns="http://www.tei-c.org/ns/1.0">
  <teiHeader>
    <fileDesc>
      <titleStmt>
        <title/>
      </titleStmt>
      <publicationStmt>
        <p/>
      </publicationStmt>
      <sourceDesc>
        <p/>
      </sourceDesc>
    </fileDesc>
    <profileDesc>
      <calendarDesc>
        <calendar xml:id="ah">
          <p>Anno Hegirae</p>
        </calendar>
      </calendarDesc>
    </profileDesc>
    <xenoData xml:space="preserve">
CREATED: 2024-04-15T07:35:12.295036+00:00
CREATED BY: eScriptorium vpassthistobuildcmd
IMAGE FILENAME: A121078-3358.tif
IMAGE WIDTH: 2382
IMAGE HEIGHT: 3858
</xenoData>
  </teiHeader>
  <text>
    <body>
      <div>
        <p>
          <lb/>800
          <lb/>80, Griech,, 251 num,, 5 unn. Bll., Kopft., Kust., Init., Titelein¬
          <lb/>fassung: Oben Apollo, Mercurius, Juno u. Jupiter, linke Seitenbordüre:
          <lb/>Venus, Mars, Neptun, Vulkan, rechte: Alcinous, Ulysses, Demodeus;
          <lb/>unten: Ulysses, Ithaca u. Tantalus. Auf der Rücks, des letsten Bl.,
          <lb/>Druckerm. Köpfels (H &amp;amp; B Tafel XIX Nr. 12).
          <lb/>Auf der Rücks, des Titelbl.: DiNíRxo ro Me)gyyboν) toxvvns
          <lb/>ó Asovrovixne... — ev Apyevroparo, aoxe. (2 S.)
          <lb/>R101463. Prov.: W. Rath, Esslingen 23. VI. 1886; 4 M. Auf
          <lb/>dem Titelbl.: Sum Federici a Salis Samadensis; am Rande Jo. à Salis.
          <lb/>2. Ex. R101.467. Prov.: Geschenk Fidelis Butsch Sohn, Antiquar
          <lb/>in Augsburg, 1871. Doublettenstempel der UB Heidelberg. Auf der
          <lb/>Innens, des Einbanddeckels: F. von Pfaffenhoffen.
          <lb/>BN Paris, Yb. 813; Oxford, Bibl. Bodleiana; Bibl. Wilhelmitana,
          <lb/>Strassburg.
          <lb/>Brunnet III5, 270: Cette édition, donnée par J. Leonicerus, qui
          <lb/>l’a dédiée, à Phil. Melanchthon, correspond pour le nombre des feuillets,
          <lb/>à la seconde et à la troisième d’Alde, dont elle reproduit le texte. A la
          <lb/>fin sont ajoutées les variantes des éditions de 1488 et 1504. Vend, 23 fr.
          <lb/>1190
          <lb/>exemplaire médiocre, en 1829; 15 fr. Heber.
          <lb/>HOMERUS
          <lb/>Strassburg, W. Köpfel 1534
          <lb/>&amp;quot;OMH!POY &amp;quot;IAIAX ]H THE AYTHE ] RONóRNÓxO àváyvoSι.
          <lb/>(Rücks. leer.)
          <lb/>Am Schluss: EKTETTHQTAI EN APTENTOPATO! dvgλó¬
          <lb/>pgot pèv Bolgloo too Kegahatoo,! xévo d̀e Ilétpoo toö Bpooßaxyt́oo.]
          <lb/>’Etet tq̃e cornpias quõv. ] agλò&amp;quot; Mmvì γαμλλῶνι. —
          <lb/>’OAYYXEIA Bazoayopoonayíα, bμvot. A8T. H to͂ν aòtῶν roλό¬
          <lb/>Rhoxos àvayvocι. Anno M. D. XXXIIII.
          <lb/>Am Schluss: EN AAPTENTOPATQ HAPA! Boλφíω τῶ Kegα¬
          <lb/>Aaío. ’Exst II] tñs cornoías quov. ] áoλòl. Mqvi Boìρoμovt.
          <lb/>Dazu gehört: &amp;#x27;OMHPOY BIOE.
          <lb/>80, Griech., Ilias: 277 num., 2 unn. Bll.; Odysseus fehlt seit 1918,
          <lb/>Kopft., Kust., Init., Titeleinfassung (H e B Tafel XVI Nr. 3). Uber
          <lb/>dem Explicit Druckerm. Köpfels (He B Tafel XVIII Nr. 9, Silvestre
          <lb/>Nr. 1018).
          <lb/>Bl. A 24: VOLFIVS CEPHALAEVS! Lectori. (1 S.)
          <lb/>R 101454. Prov.: K. J. Trübner, Strassburg (Katal. XXII
          <lb/>Nr. 350) 4. x. 1879, 18M.
          <lb/>BN Paris, Yb. 3454 u. 3470; Oxford, Bibl. Bodleiana.
          <lb/>Brunet III5, 270:,Réimpression de l’édition précédente (1525),
          <lb/>et sans aucun changement, quoique dans la préface l’éditeur dise qu’elle
          <lb/>a été donnée ad vetusta exemplaria. Le ler vol. a 2 et 277 ff.; le 2e,
          <lb/>251 ff. ch.; 5 ff. non ch. et 56 ff. pour les vies d’Homer.&amp;quot;
          <lb/>1191
        </p>
      </div>
    </body>
  </text>
</TEI>
