<?xml version='1.0' encoding='UTF-8'?>
<?xml-model href="https://raw.githubusercontent.com/OpenITI/tei_openiti/master/tei_openiti.rng" type="application/xml" schematypens="http://relaxng.org/ns/structure/1.0"?>
<?xml-model href="https://raw.githubusercontent.com/OpenITI/tei_openiti/master/tei_openiti.rng" type="application/xml" schematypens="http://purl.oclc.org/dsdl/schematron"?>
<TEI xmlns="http://www.tei-c.org/ns/1.0">
  <teiHeader>
    <fileDesc>
      <titleStmt>
        <title/>
      </titleStmt>
      <publicationStmt>
        <p/>
      </publicationStmt>
      <sourceDesc>
        <p/>
      </sourceDesc>
    </fileDesc>
    <profileDesc>
      <calendarDesc>
        <calendar xml:id="ah">
          <p>Anno Hegirae</p>
        </calendar>
      </calendarDesc>
    </profileDesc>
    <xenoData xml:space="preserve">
CREATED: 2024-04-15T07:35:06.623059+00:00
CREATED BY: eScriptorium vpassthistobuildcmd
IMAGE FILENAME: A121078-3124.tif
IMAGE WIDTH: 2314
IMAGE HEIGHT: 3850
</xenoData>
  </teiHeader>
  <text>
    <body>
      <div>
        <p>
          <lb/>568
          <lb/>FISCHART Johann
          <lb/>(Strassburg, Bern. Jobinl 1588
          <lb/>Binenkorb! Des Heil. Röm. ! Jmmenschwarms, seiner
          <lb/>Hum-melszellen (oder Himmelszellen) Hur-ausznäster,
          <lb/>Brämengeschwürm vnd Wespengetösz. Sampt Läuterung
          <lb/>der H. Rö. Kirchen! Honigwaben :... !... vnd mit Mentzer¬
          <lb/>kletten! durchziert:! Durch Jesuwalt Pickart, des Cano¬
          <lb/>nischen Rechtens Canonisierten oder Gewürdigten, &amp;amp;e.
          <lb/>Holeschn. der früheren Ausgaben, aber ohne die Verse.
          <lb/>Darunter: M. D. Lxxxviij. (Rücks, leer.)
          <lb/>Am Schluss: Getruckt zu Christlingen bei Vrsino! Gott¬
          <lb/>80, Got., 8 unn. u. 272 num. Bll., 18 unn. Bll. (Index), 3 leere Bll.,
          <lb/>Kopft., Kust., Marg., Titel rot u. schwarz.
          <lb/>Einleitung, Widmung an Sonnio u. Holeschn, am Schluss avie in
          <lb/>den früheren Ausgaben.
          <lb/>R102.487. Prov.: J. Bensheimer, Strassburg 16. VII. 1879, 16M.
          <lb/>Auf der Rücks, des Schutzbl.: 7. Ausg. 2. von 1588,
          <lb/>GK: SB Berlin; UB Berlin.
          <lb/>2. Ex. R102.488. Prov.: Hugo Barbeck, Nürnberg 2. V. 1882;
          <lb/>15 M. Auf der Innens, des Einbanddeckels : 7. Ausg., 3. von 1588.
          <lb/>GK: UB Berlin, Göttingen, Greifswald.
          <lb/>3. Ex. R102.489. Prov.: J. Bensheimer, Strassburg 16. VII. 1879,
          <lb/>16 M. Auf der Innens, des Einblattdeckels : 1599. Abraham Ko–
          <lb/>Darunter : Sum Maximiliani WeiBhaubtij, accepit me a patre suo
          <lb/>germanico, Tobia Weibhauptio Judice Angspachij. Cal: 11. Aug. Anno
          <lb/>M. D. C. XXVI. Maximilianus Leucocephalo Ottenschlagensis Austriae.
          <lb/>Handschr. Notizen am Anfang u. am Schluss, 6. deutsche Ausgabe.
          <lb/>Einige leichte Abweichungen in den 3 Exemplaren. Alter Einband.
          <lb/>R102.489 scheint ein neuer (aber beinah identischer) Druek zu sein.
          <lb/>GK: SB Berlin; UB Berlin, Königsberg, Marburg.
          <lb/>861
          <lb/>FISCHART Johann
          <lb/>[Strassburg, Bern. Jobin] 1590
          <lb/>Affentheurlich Naupengeheurli-che Geschichtklitterung
          <lb/>Von Thaten vnd Rhaten der vor kurtzen langen vnnd je
          <lb/>weilen Vollenwolbe- schreiten Helden vnd Herren! Grand¬
          <lb/>goschier Gorgellantua vnd deß deß Eiteldurstlichen Durch¬
          <lb/>durstlechtigen Fürsten Panta- gruel von Durstwelten, Kö¬
          <lb/>nigen in Vtopien, Jederwele Nuttatenenten vñ Nienenreich,
          <lb/>Soldan der Neuen Kannarien, Faumlappen, Dipsoder, Dürst¬
          <lb/>ling, vñ Oudissen Inseln; auch Grossfürsten im Finster¬
          <lb/>stallvnd Nu bei Nibel Nebelland...! Etwan von M. Franz
          <lb/>Rabelais Frantzösisch entworffen:! Nun aber vberschreck¬
          <lb/>lich lustig in einen Teutschen Mo-] bel vergossen, vnd vnge¬
        </p>
      </div>
    </body>
  </text>
</TEI>
