<?xml version='1.0' encoding='UTF-8'?>
<?xml-model href="https://raw.githubusercontent.com/OpenITI/tei_openiti/master/tei_openiti.rng" type="application/xml" schematypens="http://relaxng.org/ns/structure/1.0"?>
<?xml-model href="https://raw.githubusercontent.com/OpenITI/tei_openiti/master/tei_openiti.rng" type="application/xml" schematypens="http://purl.oclc.org/dsdl/schematron"?>
<TEI xmlns="http://www.tei-c.org/ns/1.0">
  <teiHeader>
    <fileDesc>
      <titleStmt>
        <title/>
      </titleStmt>
      <publicationStmt>
        <p/>
      </publicationStmt>
      <sourceDesc>
        <p/>
      </sourceDesc>
    </fileDesc>
    <profileDesc>
      <calendarDesc>
        <calendar xml:id="ah">
          <p>Anno Hegirae</p>
        </calendar>
      </calendarDesc>
    </profileDesc>
    <xenoData xml:space="preserve">
CREATED: 2024-04-15T07:35:05.973048+00:00
CREATED BY: eScriptorium vpassthistobuildcmd
IMAGE FILENAME: A121078-3081.tif
IMAGE WIDTH: 2320
IMAGE HEIGHT: 3846
</xenoData>
  </teiHeader>
  <text>
    <body>
      <div>
        <p>
          <lb/>Am Schluss: ARGENTORATI IN OFFICINA CRATOMYLIANA
          <lb/>ANNO M. D. XLVII. MENSE SEPTEMBRI. (Rückseite leer.)
          <lb/>20, Kursiv u. Griech., 46 unn. Bll., Sign. A-G, Kopft., Init.
          <lb/>P, C, Q.
          <lb/>Auf der Rückseite des Titelbl.: MICAELI TOXITAE RHAETICI
          <lb/>IN TABVLAS VALENTINI ERYTHRAEI AD studiosam iuuen¬
          <lb/>tutem Elegia, (21 Dist.)
          <lb/>Bl. A 2a: IOANNES STVRMIVS VALENTINO ERYTHRAEO
          <lb/>S. .. — Argentorati, Quarto idus Augusti, Anno M. D.
          <lb/>XLVII.
          <lb/>Auf der Rücks.:.. SENATORIBVS: D. IACOBO STVRMIO,
          <lb/>NICOLAO) Kniebsio, &amp;amp; lacobo Meiero, Gymnasij Argentora¬
          <lb/>tensis Scholarchis, patronis suis obseruandis, Valentinus
          <lb/>Erythraeus S. P. D.... — iiij. Cal. Sept. M. D. XLVIl. (3 S.)
          <lb/>Bl. A4a: VALENTINI ERYTHRAEI ORATIO DE ARTE RHE¬
          <lb/>TORICA (6 S.)
          <lb/>R 10.4653. Prov.: Bibl. des Gymnasiums Heilbronn, 2. IV. 1878,
          <lb/>Tausch.
          <lb/>GK: SB Berlin, UB Breslau, Königsberg; BN Paris, 80 F.
          <lb/>259(3).
          <lb/>797
          <lb/>ERYTHRAEUS Valentinus
          <lb/>Strassburg, W. Köpfel 1549
          <lb/>VALEN TINI ERY- thraei Lindauiensis! libri Duo:
          <lb/>VNVS de Grammaticorum! figuris, tam singulorum, quàm
          <lb/>coniunctorum uerborum: Et de Periodis. ALTER Isoè Toy
          <lb/>roórov hoc est, de Modis, qui sunt partim! in uerbo,
          <lb/>partim in oratione. Cum gratia &amp;amp; Priuilegio Caesareo.
          <lb/>ARGENTORATI APVD Vuolfium Cephalaeum. 1549. (Rück-
          <lb/>seite leer.)
          <lb/>Am Schluss: ARGENTORATIper Wolfgangum Cepha¬
          <lb/>laeum. ANxo 1549.
          <lb/>Auf der Rücks, des letzten Bl.: Druckerm. Köpfel&amp;#x27;s (HeB
          <lb/>Tafel XVIII Nr. 8, Silvestre Nr. 559).
          <lb/>80, Griech, u. Kursiv, 160 unn. Bll., letztes Bl. leer, Sign. A-V,
          <lb/>Kopft.. Kust., Init. O, R, Titeleinfassung: Siehe Abb. S. 526.
          <lb/>Bl. 2a-6a: STUDIOSIS.Carsilio, &amp;amp; Friderico Beyeris,
          <lb/>...Iureconsulti Doctoris Carsi lii Beyeri à Bellen hofen
          <lb/>filijs VALENTINUS ERY-thraeus... — Argentorati M.D.
          <lb/>XLIX. Pridie Calendas Septembris. (Praefatio.)
          <lb/>R101228. Prov.: Bibl. Ch. Schmidt, mit seinem Exlibris auf der
          <lb/>Innenseite des Vorderdeckels.
          <lb/>Stadtbibl. Strassburg; GK: SB Berlin, UB Gottingen, Kiel,
          <lb/>Königsberg.
          <lb/>798
          <lb/>525
        </p>
      </div>
    </body>
  </text>
</TEI>
