<?xml version='1.0' encoding='UTF-8'?>
<?xml-model href="https://raw.githubusercontent.com/OpenITI/tei_openiti/master/tei_openiti.rng" type="application/xml" schematypens="http://relaxng.org/ns/structure/1.0"?>
<?xml-model href="https://raw.githubusercontent.com/OpenITI/tei_openiti/master/tei_openiti.rng" type="application/xml" schematypens="http://purl.oclc.org/dsdl/schematron"?>
<TEI xmlns="http://www.tei-c.org/ns/1.0">
  <teiHeader>
    <fileDesc>
      <titleStmt>
        <title/>
      </titleStmt>
      <publicationStmt>
        <p/>
      </publicationStmt>
      <sourceDesc>
        <p/>
      </sourceDesc>
    </fileDesc>
    <profileDesc>
      <calendarDesc>
        <calendar xml:id="ah">
          <p>Anno Hegirae</p>
        </calendar>
      </calendarDesc>
    </profileDesc>
    <xenoData xml:space="preserve">
CREATED: 2024-04-15T07:35:12.313269+00:00
CREATED BY: eScriptorium vpassthistobuildcmd
IMAGE FILENAME: A121078-3359.tif
IMAGE WIDTH: 2382
IMAGE HEIGHT: 3856
</xenoData>
  </teiHeader>
  <text>
    <body>
      <div>
        <p>
          <lb/>HOMERUS
          <lb/>Strassburg, Cr. Mylius 1538
          <lb/>COMMENTA-RIVS EXPLICATIONIS primi libri Iliados
          <lb/>Homeri, Ioachimi CamerarijPabergensis. EIVSDEM
          <lb/>LIBRI PRIMI ILIADOS! conuersio in Latinos uersus, eodem
          <lb/>Autore. HIS GRAECA ETIAM ADIECTA sunt, ut ad manum
          <lb/>quoque habeat Lector. Druckerm, des Cr. Mylius (H&amp;amp; B Tafel
          <lb/>XXVI Nr. Ia). Links von der Marke: CRAT., rechts MyL.
          <lb/>Darunter: M. D. XXXXVIII. (Fehler fur 1538.)
          <lb/>Cum Gratia &amp;amp; Priuilegio Imperiali. (Rücks. leer.)
          <lb/>Am Schluss: Ex OFFICINA CRATONIS MYLHI ARGENTORA¬
          <lb/>TEN. ANNO M. D. XXXVIII. Auf der Rücks.: Druckerm. des Cr.
          <lb/>Mylius (H æ B Tafel XXVI Nr. 4).
          <lb/>40, Griech. u. Antiq., 3 unn. Bll., 152 S., 1 unn. Bl., Kopft.,
          <lb/>Kust., Marg., Init. C, I. S.
          <lb/>Bl. A 2a: Ioachimus Camerarius...Bolgango Augusto
          <lb/>Seuero, Regiorum filiorum apud Aenipontes Magistro...
          <lb/>— E scola! Tubingensi. III. Idus Octobr.) M. D. XXXVIII.
          <lb/>(Epistola nuncupatoria, 4 S.)
          <lb/>S. 109-128 (griech. Text), S. 129-151 (lat. Text).
          <lb/>RI0I877. Prov.: List u. Francke, Leipziq 3. VIII. 1876; 1 M.60.
          <lb/>BN Paris, Yb. 180.
          <lb/>1192
          <lb/>801
          <lb/>HOMERUS
          <lb/>Strassburg, W. Rihel 1539
          <lb/>OMHPOY ’EEHTHTHE. Homeri Interpres. CVM INDICE
          <lb/>locupletissimo. [I. Ilias.] Druckerm. Rihels (H æ B Tafel XXIX
          <lb/>Nr. 4; Silvestre Nr. 741).
          <lb/>Argentorati per Vuendelinum Rihelium. Mense Sep¬
          <lb/>tembri. ANNO M. D. XXXIX. (Rûcks, leer.)
          <lb/>80, Griech., 8 unn. Bll., 563 S., 3 leere Bll., Kopft., Kust., Init.
          <lb/>S. 563 Druckerm. Rihels (H&amp;amp;B Tafel XXIX Nr. 2; Silvestre Nr. 742).
          <lb/>Bl. 2a: IACOBVS BEDRO-TVS GRAECAE LINGVAE Stu¬
          <lb/>diosis S.... — Argentorati Calendis Septembris.Ano
          <lb/>1539. (3S.)
          <lb/>Bl. 3b: IOANNES STVR- MIVS GRAECAE LINGVAE Stu¬
          <lb/>diosis S.... (3 S.)
          <lb/>(II. Odysseus.] Neuer Titel: &amp;#x27;OMHPOY ’ESHYHTHE.Ho¬
          <lb/>meri Interpres.! Odyssea. (Druckerm. Rihels. HE B Tafel XXIX
          <lb/>Nr. 4; Silvestre Nr. 741.)
          <lb/>R.51
        </p>
      </div>
    </body>
  </text>
</TEI>
