<?xml version='1.0' encoding='UTF-8'?>
<?xml-model href="https://raw.githubusercontent.com/OpenITI/tei_openiti/master/tei_openiti.rng" type="application/xml" schematypens="http://relaxng.org/ns/structure/1.0"?>
<?xml-model href="https://raw.githubusercontent.com/OpenITI/tei_openiti/master/tei_openiti.rng" type="application/xml" schematypens="http://purl.oclc.org/dsdl/schematron"?>
<TEI xmlns="http://www.tei-c.org/ns/1.0">
  <teiHeader>
    <fileDesc>
      <titleStmt>
        <title/>
      </titleStmt>
      <publicationStmt>
        <p/>
      </publicationStmt>
      <sourceDesc>
        <p/>
      </sourceDesc>
    </fileDesc>
    <profileDesc>
      <calendarDesc>
        <calendar xml:id="ah">
          <p>Anno Hegirae</p>
        </calendar>
      </calendarDesc>
    </profileDesc>
    <xenoData xml:space="preserve">
CREATED: 2024-04-15T07:35:05.567314+00:00
CREATED BY: eScriptorium vpassthistobuildcmd
IMAGE FILENAME: A121078-3053.tif
IMAGE WIDTH: 2328
IMAGE HEIGHT: 3840
</xenoData>
  </teiHeader>
  <text>
    <body>
      <div>
        <p>
          <lb/>S. 3: ERASMVS ROTERO. CAN dido Lectori S. D.... —
          <lb/>Louanij! Anno M. D. XIX. Cal. Ian. (Vorrede, 4-S.)
          <lb/>&amp;quot;R100.914. Prov.: L. Rosenthal, München, 21. V. 1885; 4M.
          <lb/>Van der Haeghen IV, 1 S. 76: Dresden, Freiburg i. Br. Fehlt
          <lb/>743
          <lb/>bei Schmidt.
          <lb/>ERASMUS: Encomium moriae Schlettstadt, Lazarus Schürer, 1520
          <lb/>ERASMI ROTERODAMI Roρíας éyxó) ptoν, id est Stulti¬
          <lb/>tiae laus, Libel- lus uere aureus, nec minus eruditus,
          <lb/>&amp;amp; salutaris, atque festivus, nuper ex ipsius auto ris
          <lb/>archetypis diligentissi-me restitutus.&amp;quot;Epistola Apolo
          <lb/>getica Erasmi Roterodami ad Martinum Dorpium Theo¬
          <lb/>logum... (eine Zeile griech. Text). Rückseite leer.
          <lb/>Am Schluss: Selestadij in Aedibus Lazari Schurerij,
          <lb/>Mense Nouembri. Anno! M. D. XX. Darüber Druckermarte
          <lb/>Schürer&amp;#x27;s. (H &amp;amp; B Tafel LXXVI, Nr. 2.)
          <lb/>40, Antig., 85 unn. Bll., Sign. A-X, 1 unn. Bl., Kopftitel, Margi¬
          <lb/>nalien, Titeleinfassung aus einem Stück: oben: Vergil, Horatius, Tullius
          <lb/>und Ovid; rechts: Valerius Maximus und Quintillianus, links: Sallust
          <lb/>und Cicero, unten: gwei Genien, die einen leeren Schild halten.
          <lb/>Bl. A 2a: Vorrede: ERASMUS ROTERO damus Thomae
          <lb/>Moro suo S. D — Ex Rure. Quinto Idus
          <lb/>Iuni- as. (4 S.)
          <lb/>R100.936. Prov.: Albert Cohn, Berlin, 4. V. 1884,; 20 M. Handschr.
          <lb/>Notizen.
          <lb/>744
          <lb/>GK: SB Berlin; Rest S. 52.
          <lb/>497
          <lb/>ERASMUS: Parabolae
          <lb/>Hagenau, Th. Anshelm, 1520
          <lb/>D. ERASMI ROTERODAMI, Vi ri doctissimi, Parabola¬
          <lb/>rum seu Similium Liber! elegantissimus.
          <lb/>Am Schluss: Haganoae, in aedibus Thomae Anshelmi
          <lb/>Badensis. Mense Iulio. Anno M. D. XX. Darunter Drucker¬
          <lb/>marke Anshelm&amp;#x27;s. (H RB Tafel LXII, Nr. 4; Silvestre, Nr. 545.)
          <lb/>Rückseite leer.
          <lb/>40, Antiq., LXXII num. Bll., 3 unn. Bll., Kopftitel, schöne Init. V
          <lb/>(2 Genien), Titeleinfassung (Siche Nr. 256).
          <lb/>Auf der Rückseite des Titelbl.: ERASMVS ROTERODA MVS, CVM
          <lb/>PRIMISerudito Petro Aegidio celebratissimaeciuitatis
          <lb/>R.32
        </p>
      </div>
    </body>
  </text>
</TEI>
