<?xml version='1.0' encoding='UTF-8'?>
<?xml-model href="https://raw.githubusercontent.com/OpenITI/tei_openiti/master/tei_openiti.rng" type="application/xml" schematypens="http://relaxng.org/ns/structure/1.0"?>
<?xml-model href="https://raw.githubusercontent.com/OpenITI/tei_openiti/master/tei_openiti.rng" type="application/xml" schematypens="http://purl.oclc.org/dsdl/schematron"?>
<TEI xmlns="http://www.tei-c.org/ns/1.0">
  <teiHeader>
    <fileDesc>
      <titleStmt>
        <title/>
      </titleStmt>
      <publicationStmt>
        <p/>
      </publicationStmt>
      <sourceDesc>
        <p/>
      </sourceDesc>
    </fileDesc>
    <profileDesc>
      <calendarDesc>
        <calendar xml:id="ah">
          <p>Anno Hegirae</p>
        </calendar>
      </calendarDesc>
    </profileDesc>
    <xenoData xml:space="preserve">
CREATED: 2024-04-15T07:35:10.566395+00:00
CREATED BY: eScriptorium vpassthistobuildcmd
IMAGE FILENAME: A121078-3286.tif
IMAGE WIDTH: 2348
IMAGE HEIGHT: 3858
</xenoData>
  </teiHeader>
  <text>
    <body>
      <div>
        <p>
          <lb/>728
          <lb/>HANDLUNG
          <lb/>[Strassburg, Joh. Enobloch 1520l
          <lb/>Die handlung der Vniuersi- thet Leuen wider Doctor
          <lb/>Martinus Luther. (Epheubl.) Rücks, leer.
          <lb/>(Strassburg, Joh. Knobloch 1520.
          <lb/>4°, Got., 5 unn. Bll., 1 leeres Bl., Sign. A.
          <lb/>*R101499. Prov.: Bibl. Baum 1879.
          <lb/>ski Arnold, Verzeichnis einer Sammlung von nahezu 3000 Flugschriften
          <lb/>GK I, 7402 (bei Acta): SB Wien u. UB Marburg. Nach Kuceyn¬
          <lb/>Luthers u. seiner Zeitgenossen (Leipaig 1870) S. 87 Nr. 66 ist Kno¬
          <lb/>bloch der Drueker. Desgleichen: Weller, Repertorium, Nr. 1396, velcher
          <lb/>ein Ex. der Kantonalbibl. Zürich u. ein Ex, im Privatbesite von Prof.
          <lb/>Hassler in Ulm citiert.
          <lb/>1070
          <lb/>HANDLUNG
          <lb/>[Strassburg, Joh. Prüss 15201
          <lb/>Die handlung der Uniuersi- thet Loeuen wider Doctor
          <lb/>Martinus Luther. (Epheubl.) Rücks, leer.
          <lb/>40, Got., 5 unn. Bll., 1 leeres Bl., Sign. A.
          <lb/>Bl. A 2a oben Zierleiste.
          <lb/>*R102.046. Prov.: Bibl. Böcking.
          <lb/>Weller, Repertorium, Nr. 1397 : Zürich, Einsiedeln, Berlin und
          <lb/>Germ. Museum, Nürnberg.
          <lb/>GK I, 7403 funter Acta): SB Berlin, UB Breslau, Halle. 1071
          <lb/>HANDLUNG
          <lb/>Strassburg 1528
          <lb/>Handlung oder Acta ge haltner Disputation zû Bernn
          <lb/>in Uchtland. (Wappen der Stadt Bern.)
          <lb/>Darunter: Am vordersten findestu ein Register der für¬
          <lb/>nemsten materien.
          <lb/>Am Schluss: Getruckt zû Straszburg, am xj. tag Mey.
          <lb/>Anno M. D. XXVIII. (Rücks, leer.)
          <lb/>40, Got., 10 unn., CoXXI num. u. 3 unn. Bll., Kopft., Kust.,
          <lb/>Marg., zahlr. Init.
          <lb/>Auf der Rücks. des Titelbl.: Radtschlag vnd uszschrybung
          <lb/>Diser Disputation. (6 S.)
          <lb/>Bl. 3a: Vorred.
          <lb/>Bl. 44: Ordnung diser Disputation. (5 S.) Es folgen 10S.
          <lb/>Index, 2sp.
          <lb/>R101.555. Prov.: Bibliothekar Dr. List, Strassburg 28. II. 1891;
          <lb/>15M.
          <lb/>GK: SB Berlin, UB Greifswald.
          <lb/>1072
        </p>
      </div>
    </body>
  </text>
</TEI>
