<?xml version='1.0' encoding='UTF-8'?>
<?xml-model href="https://raw.githubusercontent.com/OpenITI/tei_openiti/master/tei_openiti.rng" type="application/xml" schematypens="http://relaxng.org/ns/structure/1.0"?>
<?xml-model href="https://raw.githubusercontent.com/OpenITI/tei_openiti/master/tei_openiti.rng" type="application/xml" schematypens="http://purl.oclc.org/dsdl/schematron"?>
<TEI xmlns="http://www.tei-c.org/ns/1.0">
  <teiHeader>
    <fileDesc>
      <titleStmt>
        <title/>
      </titleStmt>
      <publicationStmt>
        <p/>
      </publicationStmt>
      <sourceDesc>
        <p/>
      </sourceDesc>
    </fileDesc>
    <profileDesc>
      <calendarDesc>
        <calendar xml:id="ah">
          <p>Anno Hegirae</p>
        </calendar>
      </calendarDesc>
    </profileDesc>
    <xenoData xml:space="preserve">
CREATED: 2024-04-15T07:35:13.014812+00:00
CREATED BY: eScriptorium vpassthistobuildcmd
IMAGE FILENAME: A121078-3384.tif
IMAGE WIDTH: 2400
IMAGE HEIGHT: 3854
</xenoData>
  </teiHeader>
  <text>
    <body>
      <div>
        <p>
          <lb/>826
          <lb/>Schott in Strassb. Juni oder Juli 1523 gedruckte) ohne Huttens Bild am
          <lb/>Schluss. Schott soll sie dreimal gedruckt haben.... 2) Die vorliegende
          <lb/>von Panzer nicht gekannte, von Münch S. 329 als dritte bezeichnete Aus¬
          <lb/>gabe. 3) Die von Panzer S. 172... 174 beschriebene, von Münch S. 328 f.
          <lb/>als zweite bezeichnete 8° mit Brunfelsens responsio (und den Motti auf
          <lb/>der letzten Seite über und unter dem Medaillon mit Erasmus Kopf.)...
          <lb/>4) Die von Panzer nicht gekannte, von Münch S. 329 f. als vierte (un¬
          <lb/>genau) angezeigte 8° ohne alle Worte auf der letzten Seite, welche
          <lb/>bloss das Bild des Erasmus enthält sowie auch auf der Titelseite das
          <lb/>Medaillon mit Huttens bekränztem Haupte (welches sich in No 3 befin¬
          <lb/>det...). Nach Panzer muss es also mindestens noch eine 4. Ausgabe
          <lb/>geben, welche auch ich nicht kenne. (s. N° 1.)
          <lb/>Böcking, Hutten, Opera I S. 82* Nr. 1, sagt: ¿Dass diese Aus¬
          <lb/>gabe aus der Presse des Joh. Schott zu Strasburg im Junius oder Julius
          <lb/>erschienen sey, ist eine ausgemachte Sache. Schott soll sie dreimal ge¬
          <lb/>druckt haben.“ — Schmidt II Nr. 80 : Stadtbibl. Colmar; Walter Nr.
          <lb/>1576: Stadtbibl. Schlettstadt. Röttinger, Weidite S. 99, 55.
          <lb/>Gilhofer &amp;amp; Ranschburg, Wien (Auktion LXXVII, Bibl. Dr. A. H)
          <lb/>1937. Nr. 10 :,Kuczinski 1103. Böcking XLV, 5. Schönes Exemplar
          <lb/>dieses seltenen Werkes mit dem prachtvollen Holzschnitt-Portrait des
          <lb/>Autors, das Hans Weiditz zugeschrieben wird, 80 M.&amp;quot;
          <lb/>Baer, Frankfurt a. M., Katalog 500 (1907) Nr. 1372; 20 M.:
          <lb/>,Bl. 35 b ein prachtvolles blattgrosses Portrait Huttens von Hans Weiditz.
          <lb/>Originalausgabe.&amp;quot;
          <lb/>1229
          <lb/>HUTTEN Ulrich
          <lb/>[Strassburg, J. Schott 15231
          <lb/>ULRICHI AB HVTTEN... (Siehe Titelbl. S. 827.) Rücks, leer.
          <lb/>80, Kursiv, 68 unn. Bll., Sign. a-i, Kopft., auf der Rücks, des
          <lb/>letzten Bl. Porträt des Erasmus.
          <lb/>R100.967. Prov.: Bibl. Böcking mit seinem Exlibris u. handschr.
          <lb/>Notizen von seiner Hand:, Die Strassburger 4° besitze ich: auch die
          <lb/>zweite, von Münch als vierte (Hutt., Opp. IV S. 329 f.) angezeigte 8e,
          <lb/>nicht aber die von Münch l. c. als dritte Ausgabe bezeichnete 4° Ausg.
          <lb/>Panzer, Ulr. v. Hutten in litterar. Hinsicht S. 172... 174. Münch, Opp.
          <lb/>IV. 329 führt ausser obiger 4° und vorliegender 8° noch zwei andere,
          <lb/>so eine 4° und eine 8° an, welche letztere ich besitze.&amp;quot;
          <lb/>Böcking, Hutten, Opera I S. 82* Nr. 2; Schmidt II Nr. St.
          <lb/>1230
          <lb/>HUTTEN Ulrich von
          <lb/>[Strassburg, J. Schott 15231.
          <lb/>ULRICHI AB HVTTEN Cum Erasmo Roterodamo, pres¬
          <lb/>byte- ro, theologo,! ExPOSTVLATIO. A priore depraua¬
          <lb/>tione! uindicata iam. OTHONIS BRVNFELSH! Pro Vlricho
          <lb/>Hutteno uita defuncto, ad Erasmi Roterod. Spongiam
          <lb/>RESPON SIO, ab autore denuo recognita. (Rücks. leer.)
        </p>
      </div>
    </body>
  </text>
</TEI>
