<?xml version='1.0' encoding='UTF-8'?>
<?xml-model href="https://raw.githubusercontent.com/OpenITI/tei_openiti/master/tei_openiti.rng" type="application/xml" schematypens="http://relaxng.org/ns/structure/1.0"?>
<?xml-model href="https://raw.githubusercontent.com/OpenITI/tei_openiti/master/tei_openiti.rng" type="application/xml" schematypens="http://purl.oclc.org/dsdl/schematron"?>
<TEI xmlns="http://www.tei-c.org/ns/1.0">
  <teiHeader>
    <fileDesc>
      <titleStmt>
        <title/>
      </titleStmt>
      <publicationStmt>
        <p/>
      </publicationStmt>
      <sourceDesc>
        <p/>
      </sourceDesc>
    </fileDesc>
    <profileDesc>
      <calendarDesc>
        <calendar xml:id="ah">
          <p>Anno Hegirae</p>
        </calendar>
      </calendarDesc>
    </profileDesc>
    <xenoData xml:space="preserve">
CREATED: 2024-04-15T07:35:07.189623+00:00
CREATED BY: eScriptorium vpassthistobuildcmd
IMAGE FILENAME: A121078-3160.tif
IMAGE WIDTH: 2314
IMAGE HEIGHT: 3848
</xenoData>
  </teiHeader>
  <text>
    <body>
      <div>
        <p>
          <lb/>604
          <lb/>ARGENTORATI Excudebat Antonius Bertramus. (Rücks, leer.)
          <lb/>80, Antig., 66 unn. Bll., Sign. A-J, Kust., Marg., Init.
          <lb/>Bl. A 2a: NICODEMVS FRISCH- LINVS IACOBO ANDREAE
          <lb/>... — Calend. Feb.; 1586 Tubingae.
          <lb/>Auf der Rücks, des Titelbl.: Ex Bibl. ad aed. Mar. Magdal.
          <lb/>R 101.5781. Prov.: Brockhaus, Leipzig 22. XII. 1890; 6M.
          <lb/>GK: SB Berlin, UB Breslau, Halle.
          <lb/>BN Paris, x. 8721. Brunet 115, 1400.
          <lb/>908
          <lb/>FRISCHLIN Nikodemus
          <lb/>[Strassburg, B. Jobinl 1587
          <lb/>NICODEMI FRISCHLINI POETAE L. COMITIS, PALATINI
          <lb/>Caesarei DIALOGVS HI. PRO SVA LATINA GRAM-matica,
          <lb/>aduersus MARTINI CRVSIIET so- ciorum animaduersiones.
          <lb/>Defenditur hoc Dialogo, omnis Ortho-graphia, Prosodia
          <lb/>&amp;amp; Etymologia quatuor! orationis partium flexilium; &amp;amp; re¬
          <lb/>futantur! omnes nugae Crusianorum.
          <lb/>ANNO M. D. LXXXVII. (Rû̈cks, leer.)
          <lb/>80, Kursiv, 104 S., Kopft., Kust., Init. Q.
          <lb/>S. 1. NICODEMVS FRISCH! LINVS, IOACHIMO WEIDNE-] ro
          <lb/>Rupinensi viro ornatissimo, suo amico... — Marpurgi
          <lb/>Hassorum 18. Octob. Anno 1586. (Vorrede, 3 S.)
          <lb/>R100.9561. Prov.: H. Kerler, Wien (Katal. 12 Nr. 390), 19. x.
          <lb/>1878; 4M.
          <lb/>2. Ex.: R 100.9552. Prov.: Lippert, Halle, 8. XII. 1887.
          <lb/>GK: SB Berlin (3 Ex.: 1) an W 1258, 2) an W 1280, 3) an W
          <lb/>1293a. Die Berliner Ex. 2) u. 3) haben abueichend S. 3: Marpurgi
          <lb/>Hassorum! 18. Octob...)
          <lb/>209
          <lb/>FRISCHLIN Nikodemus
          <lb/>[Strassburg, B. Jobin) 1587
          <lb/>NICODEMI FRISCHLINI POETAE L. COMITIS PALATINI
          <lb/>CAESAREI. PRO SVA GRAMMATICA, ADVERSVS! Martini
          <lb/>Crusij &amp;amp; sociorum animaduersiones. Dialogus III. In
          <lb/>quo omnes reliquae labes, quae Ety-mologiae &amp;amp; Syntaxi
          <lb/>ipsius, à Cru- sio fuerant aspersae, de- terguntur.
          <lb/>Habes etiam in hoc Dialogo, refutationem nuga¬
          <lb/>cissimarum nugarum Crusij aduersus! Graecum Ablatiuum.
          <lb/>M. D. LXXXVII.
          <lb/>80, Kursiv, 144 S., num. 105-249 (anschliessend an den 2. Dia¬
          <lb/>log), 13 unn. Bl., Kopft., Kust., Init. P.
          <lb/>Unn. Bl. 1-7a: Hieremias, Dei gratia, patriar- cha Con¬
          <lb/>stantinopolitanus, MARTINO CRVSIO, V- TRIVSQVE LINGVAE
        </p>
      </div>
    </body>
  </text>
</TEI>
