<?xml version='1.0' encoding='UTF-8'?>
<?xml-model href="https://raw.githubusercontent.com/OpenITI/tei_openiti/master/tei_openiti.rng" type="application/xml" schematypens="http://relaxng.org/ns/structure/1.0"?>
<?xml-model href="https://raw.githubusercontent.com/OpenITI/tei_openiti/master/tei_openiti.rng" type="application/xml" schematypens="http://purl.oclc.org/dsdl/schematron"?>
<TEI xmlns="http://www.tei-c.org/ns/1.0">
  <teiHeader>
    <fileDesc>
      <titleStmt>
        <title/>
      </titleStmt>
      <publicationStmt>
        <p/>
      </publicationStmt>
      <sourceDesc>
        <p/>
      </sourceDesc>
    </fileDesc>
    <profileDesc>
      <calendarDesc>
        <calendar xml:id="ah">
          <p>Anno Hegirae</p>
        </calendar>
      </calendarDesc>
    </profileDesc>
    <xenoData xml:space="preserve">
CREATED: 2024-04-15T07:35:07.932441+00:00
CREATED BY: eScriptorium vpassthistobuildcmd
IMAGE FILENAME: A121078-3189.tif
IMAGE WIDTH: 2322
IMAGE HEIGHT: 3850
</xenoData>
  </teiHeader>
  <text>
    <body>
      <div>
        <p>
          <lb/>vorausgegangen wàre, dass jedoch die erste lat. Ausgabe erst am 20. Marz
          <lb/>erschien, während dieser Druck schon am 21. Februar herauskam.
          <lb/>Baer, Frankfurt a. M., Katal, 500 (1907) Nr. 1362; 60 M.:
          <lb/>,59 unn. Bll., 1 weisses Bl. Mit 49 Holzschnitten, teilweise von Hans
          <lb/>Weiditz.... Obwohl nicht von Röttinger erwähnt, sind die Holzschnitte
          <lb/>teilweise dem Hans Weiditz zuzuweisen.&amp;quot;
          <lb/>943
          <lb/>GEBWEILER Hieronymus
          <lb/>Strassburg, J. Grüninger 1527
          <lb/>EPITOMA REGII AC VETVSTISSIMI ORTVS! Sacrae cesaree
          <lb/>atque Catholice Maiestatis Serenissimi prin-cipis et. do¬
          <lb/>mini. Do. Ferdinandi Boemiae regis. Hispania! rum infantis.
          <lb/>archiducis Austriae &amp;amp;c. omniumque austria- corum archi¬
          <lb/>ducum. ducum. principumque Habsbur! gensium eorundem
          <lb/>progenitorum. ad duo ferme! annorum milia hic ex ordine
          <lb/>nominatim con-! scriptorum, autore Hieronimo Gebwilero.
          <lb/>Literariae pupis Hagnouiensis mode ratore in tres libros
          <lb/>destinctum. Cum gracia &amp;amp; Priuilegio imperiali de non
          <lb/>imprimento (!) ad triennium. (Rücks. leer.)
          <lb/>Am Schluss: EXCVSVM COMMVNIBVS IM ] peniss (1) Hiero¬
          <lb/>nimi Gebwileri &amp;amp; loan nis Grienynger ciuis Argentinen¬
          <lb/>sis. Vigesima die mensis Marcij. Anno a salutifero! Christi
          <lb/>ortu. M.D.XX. VII.
          <lb/>40, Antig., LIX Bll., 1 leeres Bl., Kopft., Marg., Titelholeschn.:
          <lb/>links: Reichsadler eine mehrköpfige Hydra in den Krallen, rechts der
          <lb/>Pfau der Erzherzöge von Osterreich, einen Haha u. einen Löwen in den
          <lb/>Krallen. Ausserdem 48 kleine Abb. von historischen Persönlichkeiten,
          <lb/>wobei manche für mehrere zugleich dienen: die Vorfahren des Königs
          <lb/>Ferdinand seit Noe; Noe mit Ianus identifiziert mit 2 Gesichtern;
          <lb/>Bl. 4b: Kaiseradler.
          <lb/>Dieser Druck enthält nur 3 Bücher, während die Ausgabe von
          <lb/>1530 deren 6 umfasst.
          <lb/>Bl. 24: In Aquilae ac Pauonis in frontispcio (!)) huius
          <lb/>libelli pictorum ymagines Hiero- nimi Gebwileri Decasthi¬
          <lb/>con, u. ein Hexastikon von Gebweiler.
          <lb/>Auf der Rücks.:... Ferdinando Hispaniarum infanti...
          <lb/>Hieronimus Geb- wilerus alsata.... Datum Hagnouie. An
          <lb/>no domini sesquimille simo. XXVI.Die vero. XII. mensis
          <lb/>Iulij.
          <lb/>R 100.434. Prov.: Bibl. Ch. Schmidt mit Exlibris.
          <lb/>Schmidt I Nr. 232: Stadtbibl. Strassburg u. Kolmar.
          <lb/>633
          <lb/>944
        </p>
      </div>
    </body>
  </text>
</TEI>
