<?xml version='1.0' encoding='UTF-8'?>
<?xml-model href="https://raw.githubusercontent.com/OpenITI/tei_openiti/master/tei_openiti.rng" type="application/xml" schematypens="http://relaxng.org/ns/structure/1.0"?>
<?xml-model href="https://raw.githubusercontent.com/OpenITI/tei_openiti/master/tei_openiti.rng" type="application/xml" schematypens="http://purl.oclc.org/dsdl/schematron"?>
<TEI xmlns="http://www.tei-c.org/ns/1.0">
  <teiHeader>
    <fileDesc>
      <titleStmt>
        <title/>
      </titleStmt>
      <publicationStmt>
        <p/>
      </publicationStmt>
      <sourceDesc>
        <p/>
      </sourceDesc>
    </fileDesc>
    <profileDesc>
      <calendarDesc>
        <calendar xml:id="ah">
          <p>Anno Hegirae</p>
        </calendar>
      </calendarDesc>
    </profileDesc>
    <xenoData xml:space="preserve">
CREATED: 2024-04-15T07:35:13.513040+00:00
CREATED BY: eScriptorium vpassthistobuildcmd
IMAGE FILENAME: A121078-3408.tif
IMAGE WIDTH: 2408
IMAGE HEIGHT: 3856
</xenoData>
  </teiHeader>
  <text>
    <body>
      <div>
        <p>
          <lb/>850
          <lb/>20, Antiq., 4 unn., 30 num. Bll. (Chyromantia); Bl. 41 ff. für den
          <lb/>Rest; Kopft., Marg., Init. G; 36 Holeschn. (Abb. von Händen) in der
          <lb/>Chyromantia; im 2. Teil 22 Abb, von Gesichtern zum Ausdruck der
          <lb/>Temperamente. Auf der Rücks, des letzten Bl. grosser Holaschn. (Wap¬
          <lb/>pen des Verfassers von J. Baldung.)
          <lb/>Bl. 2a:... Principi ac domino, domino Alberto, sanctae
          <lb/>Roma- nae sedis tituli sancti Angeli Cardinali... IoANNES
          <lb/>INDAGINE sacerdos, parochus in Steynheim... Datum oppido
          <lb/>tuo Steynheim kalendas Iunij. Anno a Christo incarnato
          <lb/>sesquimillesimo uicesimo secundo.
          <lb/>Bl. 1a des 2. Teiles: ... Doctori Theodorico Zobel... cano¬
          <lb/>nico dignissimo Io annes Indagine Decanus Franckfor
          <lb/>densis... — Ex aedibus nostris Steynheim. vij. Idus Maij.
          <lb/>Anno Christo nato.! M. D. XXII.
          <lb/>Auf der Rücks. des vorletzten El.: OTHONI Brunfelsio, sacer¬
          <lb/>doti uere christiano, Ioannes! Indagine parochus in Steyn¬
          <lb/>heim... — Vale ex parochia nostra Steyn- heim kalendas
          <lb/>Iulij. Anno. 1522.
          <lb/>R10.255. Prov.: Baer æ Co., Frankfurt a. M. 28.V.1886, 18M.
          <lb/>Schmidt II, 68: »Jean Indagine, proprement von Hagen, était
          <lb/>doyen de St. Léonard à Francfort et curé à Steinheim, diocèse de Mayence,
          <lb/>dans le premier quart du 16e siècle.&amp;quot; Brunet II12, 435.
          <lb/>1264
          <lb/>JOHANNES DE INDAGINE
          <lb/>Strassburg, Joh. Schott 1523
          <lb/>Die kunst derChiromantzey, vsz besehung der hend.
          <lb/>Physiognomey, vsz anblick des menschens.Natürlichen
          <lb/>Astrologey nach dem lauff der Sonnen. 1 Complexion eins
          <lb/>yegklichen menschens. Natürlichen ynflüsz der Planeten.
          <lb/>Der zwölff zeichen Angesychten. Etliche Canones, zû er¬
          <lb/>kantnüsz menschen kranckheiten, solicher weiss vormals
          <lb/>nye beschriben oder gedruckt. Zusammen verordnet,
          <lb/>vnd verteütscht, durch den hochgelerten vnd weytbe¬
          <lb/>rûmpten gemelter künsten, herren Johannem Indagine,
          <lb/>Pfarherrn zû Steynheym, vnd Dechant zû! sanct Leon¬
          <lb/>hart in Franckpfort, mit Frey- heit Keyserlicher Maiestat
          <lb/>dar zû ge- nädigklich verluhen vff sechs jar.
          <lb/>Am Schluss: Getruckt zû Straszburg, durch Joannem
          <lb/>Schott Bûchtrucker zûm Thyergarten.! Anno M. D. xxiij.
          <lb/>2°, Got., 4 unn., 66 num. Bll. — 1 unn. Bl. (Register), Kopft.,
          <lb/>Marg., Init. G, S,E.
        </p>
      </div>
    </body>
  </text>
</TEI>
