<?xml version='1.0' encoding='UTF-8'?>
<?xml-model href="https://raw.githubusercontent.com/OpenITI/tei_openiti/master/tei_openiti.rng" type="application/xml" schematypens="http://relaxng.org/ns/structure/1.0"?>
<?xml-model href="https://raw.githubusercontent.com/OpenITI/tei_openiti/master/tei_openiti.rng" type="application/xml" schematypens="http://purl.oclc.org/dsdl/schematron"?>
<TEI xmlns="http://www.tei-c.org/ns/1.0">
  <teiHeader>
    <fileDesc>
      <titleStmt>
        <title/>
      </titleStmt>
      <publicationStmt>
        <p/>
      </publicationStmt>
      <sourceDesc>
        <p/>
      </sourceDesc>
    </fileDesc>
    <profileDesc>
      <calendarDesc>
        <calendar xml:id="ah">
          <p>Anno Hegirae</p>
        </calendar>
      </calendarDesc>
    </profileDesc>
    <xenoData xml:space="preserve">
CREATED: 2024-04-15T07:35:07.891971+00:00
CREATED BY: eScriptorium vpassthistobuildcmd
IMAGE FILENAME: A121078-3186.tif
IMAGE WIDTH: 2318
IMAGE HEIGHT: 3850
</xenoData>
  </teiHeader>
  <text>
    <body>
      <div>
        <p>
          <lb/>630
          <lb/>40. Antiq., 22 unn. Bll., Sign. a-d, Kopft., Marg., Init. D.
          <lb/>Bl. a 2a: ... lacobo Vil linger de Schoenenberg,... sa¬
          <lb/>cre Romanorum Regiae catholicaeque ma- iestatis Consi¬
          <lb/>liario ac Thesaurario... Hieronymus Geb¬uilerius, Alsata,
          <lb/>CAROLO RO. REGI
          <lb/>uui
          <lb/>u
          <lb/>4
          <lb/>80
          <lb/>2e
          <lb/>A
          <lb/>1
          <lb/>A
        </p>
      </div>
    </body>
  </text>
</TEI>
