<?xml version='1.0' encoding='UTF-8'?>
<?xml-model href="https://raw.githubusercontent.com/OpenITI/tei_openiti/master/tei_openiti.rng" type="application/xml" schematypens="http://relaxng.org/ns/structure/1.0"?>
<?xml-model href="https://raw.githubusercontent.com/OpenITI/tei_openiti/master/tei_openiti.rng" type="application/xml" schematypens="http://purl.oclc.org/dsdl/schematron"?>
<TEI xmlns="http://www.tei-c.org/ns/1.0">
  <teiHeader>
    <fileDesc>
      <titleStmt>
        <title/>
      </titleStmt>
      <publicationStmt>
        <p/>
      </publicationStmt>
      <sourceDesc>
        <p/>
      </sourceDesc>
    </fileDesc>
    <profileDesc>
      <calendarDesc>
        <calendar xml:id="ah">
          <p>Anno Hegirae</p>
        </calendar>
      </calendarDesc>
    </profileDesc>
    <xenoData xml:space="preserve">
CREATED: 2024-04-15T07:35:08.312998+00:00
CREATED BY: eScriptorium vpassthistobuildcmd
IMAGE FILENAME: A121078-3202.tif
IMAGE WIDTH: 2322
IMAGE HEIGHT: 3852
</xenoData>
  </teiHeader>
  <text>
    <body>
      <div>
        <p>
          <lb/>646
          <lb/>tron Maria sitz. Aber die andern dry predigen, sagen
          <lb/>von dryerlei empfengnis Marie. Auch welche empfengnis
          <lb/>vnder den dryen die christenlich kirch begat vff den Tag
          <lb/>irer empfengnis, Gepredigt durch den wirdigen vnd hoch¬
          <lb/>gelerten! doctoren Johannem geiler von Kei-] sersperg.
          <lb/>Anno domini etc. 1409. (!) vnd seind von seinem mund
          <lb/>abgeschriben.
          <lb/>Am Schluss: Getruckt durch Johannes Grüninger in der
          <lb/>loblichen freyen stat Straszburg vnd vollendet vff den
          <lb/>abent vnser lieben frauwen der geburt, vnd inn! dem iar
          <lb/>von christi vnsers Herren geburt Tusent fünffhundert
          <lb/>vnd zwölffe gezalt.
          <lb/>20, Got., 2sp., XVIII num. Bll. (Paginationsfehler), Kopft.,
          <lb/>Marg., Init.
          <lb/>Auf der Rücks. des Titelbl. : grosser Holeschn. : Himmelfahrt
          <lb/>Mariä, von Schlitzohr: oben die Muttergottes umgeben von einer Schar
          <lb/>von Engeln, unten die Apostel im Gebet.
          <lb/>Bl. 6b: Mariä Empfängnis: 3 kleine Holeschn., darunter:
          <lb/>Dise figur haltet ynn die empfencknis Marie der Mütter
          <lb/>gots als sie ist entpfangen, in dryerlei weis, Göttlich,
          <lb/>Menschlich, vnd Gnaderrych-lich, So vil als müglich,
          <lb/>vnd dar zû zimlich ist das zû verzeichenen vnd zû malen.
          <lb/>Von den beiden untern Holeschn. kehrt der eine Bl. Xb, der andere
          <lb/>Bl. XIVb wieder.
          <lb/>Bl. IIa: An vnser lieben frawen tag der Hi-melfart
          <lb/>nach dem ymbis, Prediget doc tor Johannes keisersperg
          <lb/>in dem mün! ster zû Straszburg, Namlich von der! Eer,
          <lb/>so Marie der mûter gotts gesche- hen ist von Christo
          <lb/>Jesu vnserm herren! Jn dem iar von geburt christi. M. d. IX.
          <lb/>R10.122. Prov.: Bibl. Ch. Schmidt mit seinem Exlibris, einige
          <lb/>handschr. Notizen im Text.
          <lb/>2. Ex. R 10.122. Prov.: Antiquariat Staat, Strassburg 18. VI.
          <lb/>1894; 28 M.
          <lb/>3. Ex. R 10629. Gebr. Knabe KG. 14. XII. 1942; 350 M.
          <lb/>Auf dem Einband mit Bleistift: Holzschnitt von Schlitzohr. Dieser Druck
          <lb/>weist auf dem Titelbl, verschiedene Abweichungen auf nebst Verbesserung
          <lb/>des Druckfehlers 1409 in 1509: Marie Himelfart Vier schöner predigen
          <lb/>von vnser lieben Frawen. Eine seit von irer himmelfart, wie sie gott
          <lb/>der herr geeret hatt... Anno domini, 1509...
          <lb/>Dacheux, Geiler S. OXX. GK: SB Berlin; Proctor II Sectio I
          <lb/>Nr. 9926: London Brit. Museum; Schmidt I Nr. 126.
          <lb/>960
        </p>
      </div>
    </body>
  </text>
</TEI>
