<?xml version='1.0' encoding='UTF-8'?>
<?xml-model href="https://raw.githubusercontent.com/OpenITI/tei_openiti/master/tei_openiti.rng" type="application/xml" schematypens="http://relaxng.org/ns/structure/1.0"?>
<?xml-model href="https://raw.githubusercontent.com/OpenITI/tei_openiti/master/tei_openiti.rng" type="application/xml" schematypens="http://purl.oclc.org/dsdl/schematron"?>
<TEI xmlns="http://www.tei-c.org/ns/1.0">
  <teiHeader>
    <fileDesc>
      <titleStmt>
        <title/>
      </titleStmt>
      <publicationStmt>
        <p/>
      </publicationStmt>
      <sourceDesc>
        <p/>
      </sourceDesc>
    </fileDesc>
    <profileDesc>
      <calendarDesc>
        <calendar xml:id="ah">
          <p>Anno Hegirae</p>
        </calendar>
      </calendarDesc>
    </profileDesc>
    <xenoData xml:space="preserve">
CREATED: 2024-04-15T07:35:10.310068+00:00
CREATED BY: eScriptorium vpassthistobuildcmd
IMAGE FILENAME: A121078-3278.tif
IMAGE WIDTH: 2342
IMAGE HEIGHT: 3856
</xenoData>
  </teiHeader>
  <text>
    <body>
      <div>
        <p>
          <lb/>720
          <lb/>Aurger Pubms
          <lb/>Ocs Bũcbsins bonn
          <lb/>ber Mestilent ! fur den gemei¬
          <lb/>nen ¡Oann) jù Grrafburg vno
          <lb/>ancerfmpo.
          <lb/>Dit Momischer Rep. Noap. Etei¬
          <lb/>beyt auff at Jat¬
          <lb/>M DE LXIIHE
          <lb/>(Zu Nr. 1061)
          <lb/>GUINTERIUS Johannes Andernacus
          <lb/>Strassburg, Ch. Mylius 1565
          <lb/>DE PESTILENTIA Commentarius In quatuor dialogos
          <lb/>distinctus! per! IOANNEM GVINTERIVM! Andernacum Medi¬
          <lb/>cum recens editus Cum Caesaris &amp;amp; Regis Galliarum
          <lb/>gratia &amp;amp; priuilegio. (Epheubl.)
        </p>
      </div>
    </body>
  </text>
</TEI>
