<?xml version='1.0' encoding='UTF-8'?>
<?xml-model href="https://raw.githubusercontent.com/OpenITI/tei_openiti/master/tei_openiti.rng" type="application/xml" schematypens="http://relaxng.org/ns/structure/1.0"?>
<?xml-model href="https://raw.githubusercontent.com/OpenITI/tei_openiti/master/tei_openiti.rng" type="application/xml" schematypens="http://purl.oclc.org/dsdl/schematron"?>
<TEI xmlns="http://www.tei-c.org/ns/1.0">
  <teiHeader>
    <fileDesc>
      <titleStmt>
        <title/>
      </titleStmt>
      <publicationStmt>
        <p/>
      </publicationStmt>
      <sourceDesc>
        <p/>
      </sourceDesc>
    </fileDesc>
    <profileDesc>
      <calendarDesc>
        <calendar xml:id="ah">
          <p>Anno Hegirae</p>
        </calendar>
      </calendarDesc>
    </profileDesc>
    <xenoData xml:space="preserve">
CREATED: 2024-04-15T07:35:09.697923+00:00
CREATED BY: eScriptorium vpassthistobuildcmd
IMAGE FILENAME: A121078-3249.tif
IMAGE WIDTH: 2338
IMAGE HEIGHT: 3856
</xenoData>
  </teiHeader>
  <text>
    <body>
      <div>
        <p>
          <lb/>STVRMII! praefatio. (12 S.) AD NOBILEM] ADOLESCENTEM BEA¬
          <lb/>TVM LVDOVICVM RECH! burgerum, Arbogasti Praetoris
          <lb/>filium. IOAN. STVRMII! Epistola.... — Argentorati, 17. De¬
          <lb/>cemb.1 M. D. LXXVIII, (6S.)
          <lb/>Bl. b 34: INDEX LOCORVM HVIVS ONOMASTICI. (3S.)
          <lb/>Von 537-554: 19 lat. Gedichte von Joh. Honter ùber verschiedene
          <lb/>Stellen des Onomasticon.
          <lb/>R102.418. Prov.: Rosenthal, München 12. 1X. 1879, 10 M. Auf
          <lb/>dem Titelbl.: Ex libris Ioannis Agricolae Forchemiensis † 68.
          <lb/>Ausgabe o. O. 1582 in Breslau UB.
          <lb/>1020
          <lb/>GOLIUS Theophilus
          <lb/>Strassburg, J. Rihel 1596
          <lb/>EDVCATIONIS PVERILIS LINGVAE) graecae pars prima,
          <lb/>pro Scho-la Argentinensi. FABELLAE QVAEDAM Aesopi
          <lb/>Graecae, ad puerilem educationem in Gymnasio Argento¬
          <lb/>ratensi! selectae. Druckerm. Rihels. (H E B Tafel XXXII Nr. 16.)
          <lb/>Cum Priuilegio Caesareo ad annos decem. Excudebat
          <lb/>Iosias Rihelius. M. D.XCVI.
          <lb/>Am Schluss: ARGENTINAEExcudebat Iosias Rihelius.
          <lb/>M. D. XCVI. (Vign.)
          <lb/>80, Antig. u. Griech., 24 unn. Bll. für Golius u. 24 für Aesop,
          <lb/>Kopft., Marg.; Spezialtitel für Aesop mit Druckerm. wie auf dem
          <lb/>Haupttitelbl.
          <lb/>R102.415. Prov.: Rosenthal, München 21. V. 1885, 3 M. 1021
          <lb/>GOLIUS Theophilus
          <lb/>Strassburg, J. Rihel 1597
          <lb/>GRAMMATICAE, SIVE) educationis puerilis, LINGVAE
          <lb/>GRAECAE PARS ALTERA, PRO SCHOLA AR- gentinensi con¬
          <lb/>scripta, &amp;amp; iam denuò recognita at-que aucta, PER
          <lb/>THEOPHILVM GOLIVM.
          <lb/>Druckerm. Rihels. (HEB Tafel XXXII Nr. 16.)
          <lb/>Cum gratia et privilegio Imperiali.
          <lb/>ARGENTORATI, TYPIS( Iosiae Rihelij. M. D. XCVII. (Rücks.
          <lb/>leer.)
          <lb/>Am Schluss: ARGENTORATITYPIS IOSIAE Rihelij.
          <lb/>M. D. XCVII. (Vign.)
          <lb/>80, Antig. u. Griech., 486 S., 11 unn. Bll. (Index, 2sp.). Grosses
          <lb/>gefaltetes Bl.: Appendix de distinctionibus Encliticis &amp;amp; Synencliticis Graeco¬
          <lb/>rum M. Michaelis Boschii; Kopft., Kust., Init.
          <lb/>693
        </p>
      </div>
    </body>
  </text>
</TEI>
