<?xml version='1.0' encoding='UTF-8'?>
<?xml-model href="https://raw.githubusercontent.com/OpenITI/tei_openiti/master/tei_openiti.rng" type="application/xml" schematypens="http://relaxng.org/ns/structure/1.0"?>
<?xml-model href="https://raw.githubusercontent.com/OpenITI/tei_openiti/master/tei_openiti.rng" type="application/xml" schematypens="http://purl.oclc.org/dsdl/schematron"?>
<TEI xmlns="http://www.tei-c.org/ns/1.0">
  <teiHeader>
    <fileDesc>
      <titleStmt>
        <title/>
      </titleStmt>
      <publicationStmt>
        <p/>
      </publicationStmt>
      <sourceDesc>
        <p/>
      </sourceDesc>
    </fileDesc>
    <profileDesc>
      <calendarDesc>
        <calendar xml:id="ah">
          <p>Anno Hegirae</p>
        </calendar>
      </calendarDesc>
    </profileDesc>
    <xenoData xml:space="preserve">
CREATED: 2024-04-15T07:35:06.383065+00:00
CREATED BY: eScriptorium vpassthistobuildcmd
IMAGE FILENAME: A121078-3109.tif
IMAGE WIDTH: 2316
IMAGE HEIGHT: 3848
</xenoData>
  </teiHeader>
  <text>
    <body>
      <div>
        <p>
          <lb/>FELDBAU. Siche: BASSUS Cassianus
          <lb/>FELDBUCH DER WUNDARZNEI. Siche: GERSDORFF,
          <lb/>Johann von
          <lb/>FELINUS Aretius. Pseudonym für BUTZER
          <lb/>FICINUS Marsilius
          <lb/>Strassburg, Joh. Knobloch 1507
          <lb/>Marsilii Ficini Floren tini. De religione christiana
          <lb/>&amp;amp; fi dei pietate opusculum.! Xenocrates de morte, eodem
          <lb/>interprete.
          <lb/>Am Schluss: Impressum Argentine per! Joannem Kno¬
          <lb/>blouch. An-no domini. M. d. vij. Nonas De cembris.
          <lb/>Knoblochs Druckerzeichen (H &amp;amp; B Tafel IX, Nr. 1).
          <lb/>4°, Antig., 90 unn. Bll., Sign. a-r, leerer Raum für Init.
          <lb/>Auf der Rücks, des Titelbl.: MAGNIFICIS VIRIS CHRISTIANAE
          <lb/>Theologiae professoribus. D. Ioanni geyler de keysersberg
          <lb/>&amp;amp; lacobo Wimphelingio argentine commorantibus. Ioannes
          <lb/>Adelphus Mulingus se ipsum commendat... — Ex Ar gen¬
          <lb/>toraco. Idus Octobris. Anno domini M. D. VII.
          <lb/>R101.3521. Prov.: Pastor Gerold, Strassburg, 9. VIII. 1912; 7 M.
          <lb/>2. Ex. R 100.481. Prov.: Bibl. Böcking. Titelbl, fehlt, ersetzt durch das
          <lb/>letste Bl. mit Kolophon u. Druckerseichen.
          <lb/>GK: SB Berlin, UB Bonn, Breslau, Göttingen, Königsberg,
          <lb/>Münster, Proctor II, Sectio I, Nr. 10.056: London, British Museum;
          <lb/>BN Paris, Rés. D 7639 u. Rés. R 820; Schmidt VII Nr. 33: Basel,
          <lb/>Kolmar, Stadtbibl. Strassburg u. Alte Strassb. Bibl. Incun. Nr. 1850;
          <lb/>Walter: Schlettstadt 1320.
          <lb/>838
          <lb/>553
          <lb/>FICINUS Marsilius
          <lb/>Strassburg, Joh. Grüninger 1508
          <lb/>Das buch des lebens Marsilius ficinus zu Florentz
          <lb/>von dem gesunden und langen leben der rechten artznyen.
          <lb/>von dem Latein erst nüw zû tütsch gemacht durch Johan¬
          <lb/>nem adelphum Argen, vnd an-derwert emendiert vnd
          <lb/>gebessert, mit vil nüwen zûsatze der quinta essentia vnd
          <lb/>anderer stück.
          <lb/>Holeschn. (100 mm. hoch, 154 mm. breit): Grosse Halle, links
          <lb/>Marsilius Ficinus sitzend, in der Mitte ein junger Edelmann, links da¬
          <lb/>von ein anderer Mann, ringsum Spruchbänder mit deutschem Text. Der
          <lb/>gleiche Holeschn. am Schluss des Buches.
        </p>
      </div>
    </body>
  </text>
</TEI>
