<?xml version='1.0' encoding='UTF-8'?>
<?xml-model href="https://raw.githubusercontent.com/OpenITI/tei_openiti/master/tei_openiti.rng" type="application/xml" schematypens="http://relaxng.org/ns/structure/1.0"?>
<?xml-model href="https://raw.githubusercontent.com/OpenITI/tei_openiti/master/tei_openiti.rng" type="application/xml" schematypens="http://purl.oclc.org/dsdl/schematron"?>
<TEI xmlns="http://www.tei-c.org/ns/1.0">
  <teiHeader>
    <fileDesc>
      <titleStmt>
        <title/>
      </titleStmt>
      <publicationStmt>
        <p/>
      </publicationStmt>
      <sourceDesc>
        <p/>
      </sourceDesc>
    </fileDesc>
    <profileDesc>
      <calendarDesc>
        <calendar xml:id="ah">
          <p>Anno Hegirae</p>
        </calendar>
      </calendarDesc>
    </profileDesc>
    <xenoData xml:space="preserve">
CREATED: 2024-04-15T07:35:10.317962+00:00
CREATED BY: eScriptorium vpassthistobuildcmd
IMAGE FILENAME: A121078-3279.tif
IMAGE WIDTH: 2344
IMAGE HEIGHT: 3854
</xenoData>
  </teiHeader>
  <text>
    <body>
      <div>
        <p>
          <lb/>721
          <lb/>(Rücks, leer.)
          <lb/>ARGENTINAEApud Christianum Mylium. 1565.
          <lb/>Kust., Marg., Init.
          <lb/>80, Kursiv, 8 unn. Bll., 294 S., 11 unn. Bll. (Index), Kopft.,
          <lb/>Bl. 24: Ap... Lazarvm à Schvuendy. CAESARIS ET
          <lb/>REGIS HISPANI- arum Consiliarium, &amp;amp; Praefectum mili¬
          <lb/>tum: Dominum in Hohenlands-berg, &amp;amp; Burckheym, &amp;amp;c.
          <lb/>gentinae ex aedibus nostris, Ca-lend. Decembr. 1564.
          <lb/>(Vorrede, 13 S.)
          <lb/>R 101.254. Prov.: K. Th. Völeker, Frankfurt a. M 30. IV. 1909;
          <lb/>10M.
          <lb/>Stadtbibl. Strassburg O 4514; Oxford, Bibl. Bodleiana.
          <lb/>GK ohne Angabe des Druckers: SB Berlin, UB Breslau, Halle.
          <lb/>1062
          <lb/>GUINTERIUS Johannes Andernacus
          <lb/>Strassburg, Th. Rihel 1565
          <lb/>IOANNIS Guintherij Andernaci Medici! Commenta¬
          <lb/>rius De Balneis; &amp;amp; aquis medicatis in tres Dialogos
          <lb/>distinctis. (Druckerm. des Th. Rihel. H &amp;amp; B Tafel XXXII Nr. 13.)
          <lb/>ARGENTORATI.Cum Priuilegijs Imperatoris &amp;amp; Regis
          <lb/>Galliarum.
          <lb/>Am Schluss: ARGENTORATI, Excudebat Theodosius Ri¬
          <lb/>helius. Anno M. D. LXV.
          <lb/>80, Antiq., 8 unn. Bll., 209 S., Kopft., Kust., Marg., Init.
          <lb/>Auf der Rücks, des Titelbl.: AUCTOR LECTORI, (6 lat. Dist.)
          <lb/>Bl. A 2a: Ad Clarissimum! ANTISTITEM D. IOAN-] NEM
          <lb/>ARCHIEPISCOPUM TRE-uericum, &amp;amp; principem Electorem.
          <lb/>JOANNIS GVINTHERII ANDER- naci medici, Praefatio.... —
          <lb/>Argentinae Ka- lend. Septemb. (Vorrede, 7 S.)
          <lb/>R101715. Geschenk von Jakob Reinbold Spielmann mit dessen
          <lb/>Exlibris (J. Striedbeck, sculp. Argent). Auf dem Titelbl, unten: Casp.
          <lb/>Bitsch modò Jo. Henr. Schatz. Auf dem Schutzbl.: Bibliothecae Herman¬
          <lb/>niae Argentorati. Handschr. Notizen ùber Badeorte, unter andern Sulz¬
          <lb/>bad,4 st. von Strassburg - Dachstein amptsé,
          <lb/>GK: SB Berlin, UB Breslau, Göttingen, Greifswald, Halle, Mar¬
          <lb/>burg.
          <lb/>1063
          <lb/>GÚNTHER Petrus
          <lb/>[Strassburg, J. Grüninger 15021
          <lb/>Defensio Germaniae... (Siche Titelblatt, S. 722.)
          <lb/>Holeschn.: Wimpfeling umgeben von seinen Schülern; gegenüber
          <lb/>der junge Murner; darüber auf einem Spruchband: Praeter me nemo.
          <lb/>R48
        </p>
      </div>
    </body>
  </text>
</TEI>
