<?xml version='1.0' encoding='UTF-8'?>
<?xml-model href="https://raw.githubusercontent.com/OpenITI/tei_openiti/master/tei_openiti.rng" type="application/xml" schematypens="http://relaxng.org/ns/structure/1.0"?>
<?xml-model href="https://raw.githubusercontent.com/OpenITI/tei_openiti/master/tei_openiti.rng" type="application/xml" schematypens="http://purl.oclc.org/dsdl/schematron"?>
<TEI xmlns="http://www.tei-c.org/ns/1.0">
  <teiHeader>
    <fileDesc>
      <titleStmt>
        <title/>
      </titleStmt>
      <publicationStmt>
        <p/>
      </publicationStmt>
      <sourceDesc>
        <p/>
      </sourceDesc>
    </fileDesc>
    <profileDesc>
      <calendarDesc>
        <calendar xml:id="ah">
          <p>Anno Hegirae</p>
        </calendar>
      </calendarDesc>
    </profileDesc>
    <xenoData xml:space="preserve">
CREATED: 2024-04-15T07:35:07.860653+00:00
CREATED BY: eScriptorium vpassthistobuildcmd
IMAGE FILENAME: A121078-3184.tif
IMAGE WIDTH: 2320
IMAGE HEIGHT: 3850
</xenoData>
  </teiHeader>
  <text>
    <body>
      <div>
        <p>
          <lb/>628
          <lb/>GEBER
          <lb/>Strassburg, L. Zetzner 1598
          <lb/>GEBRI ARABIS PHILOSO-PHI AC ALCHIMI- STAE ACV¬
          <lb/>TISSIMI, DE ALCHEMIA Traditio summae perfectionis in
          <lb/>duos libros divisa. Item:! Liber investigationis magisterij
          <lb/>eiusdem. Ab innumeris, quibus antè scatebat, mendis
          <lb/>repur- gata: pristinoque ordini restituta.
          <lb/>Druckerm. Zetzner&amp;#x27;s. (H&amp;amp; B Tafel XLIX Nr. 22.)
          <lb/>Impensis LAZARI ZETZNERI, CID ID XCIIX. (Rücks, leer.)
          <lb/>Bl. A 2a: Dom. Michaeli Thevero, In-cytae Argenti¬
          <lb/>nensis Reipublicae Quindecim- viro &amp;amp;c. Domino fautori ac
          <lb/>patrono suo plurimùm colendo S. D.... — Argen! tinae
          <lb/>XXIX. Augusti CID IOXCIIX. Lazarus Zetzner Bibliopola
          <lb/>&amp;amp; civis Argentinensis, (9S.)
          <lb/>80, Antig., 8 unn. Bll., 303 S., Kopft., Kust., Init. N, T, Zier¬
          <lb/>leisten Bl. 1.
          <lb/>R 101275. Geschenk von Jakob Reinbold Spielmann, dessen Ex¬
          <lb/>libris, von Striedbeck verfertigt, sich auf der Innens, des Vorderdeckels
          <lb/>befindet.
          <lb/>938
          <lb/>GEBHARD Erzbischof von Köln
          <lb/>[Strassburg?1 1585
          <lb/>Protestationschrift Des Hochwürdigsten Für! sten
          <lb/>vnd Herrn Herrn Gebharden, Erwöhlten vnd bestettigten
          <lb/>Ertzbischoffen zu Cölln, des Hey: Römi- schen Reichs
          <lb/>durch Italien Ertz Cantzlers, vnd Churfürsten, Her- tzogen
          <lb/>zu Westphalen vnd Engern, &amp;amp;c. wider den angestellten
          <lb/>Visita- tiontag des Key: Cammergerichts zu Speyer, so
          <lb/>durch die Ehr würdigen vnd Wolgeborne Graffen vnd
          <lb/>Herrn, Herrn Herman Adolffen Graffen zu Solms, Herrn
          <lb/>zu Müntzenberg vnd Sonnenwald, Herrn Ernsten! Graffen
          <lb/>vnd Herrn zu Manszfeld, der Ertz vnd Hoher Stifft Cöln,
          <lb/>Strasz- burg, vnd Würtzburg respectiue Thumbherrn,
          <lb/>durch den Hochgelehrten Nicola-um Gerbelium, beyder
          <lb/>Rechten Licentiaten, kraffthabenden Gewalt vndBefelch,
          <lb/>hochstgedachter S. Churfürstlichen Gnaden den 6. vnnd
          <lb/>7. Maij ist insinuirt worden.
          <lb/>Den Key: Commissarijs, dem anwesenden Herrn Visi¬
          <lb/>tatori, der vberigen visitirenden Stände Bottschafften vnd
          <lb/>abgesandten, als auch dem Herrn Cam- merrichter Presi¬
          <lb/>denten vnd Adsessorn des Key. Cammergerichts, &amp;amp;c.... (6 Z.)
          <lb/>Erabischöfliches Wappen. (Rücks, leer.)
        </p>
      </div>
    </body>
  </text>
</TEI>
