<?xml version='1.0' encoding='UTF-8'?>
<?xml-model href="https://raw.githubusercontent.com/OpenITI/tei_openiti/master/tei_openiti.rng" type="application/xml" schematypens="http://relaxng.org/ns/structure/1.0"?>
<?xml-model href="https://raw.githubusercontent.com/OpenITI/tei_openiti/master/tei_openiti.rng" type="application/xml" schematypens="http://purl.oclc.org/dsdl/schematron"?>
<TEI xmlns="http://www.tei-c.org/ns/1.0">
  <teiHeader>
    <fileDesc>
      <titleStmt>
        <title/>
      </titleStmt>
      <publicationStmt>
        <p/>
      </publicationStmt>
      <sourceDesc>
        <p/>
      </sourceDesc>
    </fileDesc>
    <profileDesc>
      <calendarDesc>
        <calendar xml:id="ah">
          <p>Anno Hegirae</p>
        </calendar>
      </calendarDesc>
    </profileDesc>
    <xenoData xml:space="preserve">
CREATED: 2024-04-15T07:35:07.007131+00:00
CREATED BY: eScriptorium vpassthistobuildcmd
IMAGE FILENAME: A121078-3149.tif
IMAGE WIDTH: 2310
IMAGE HEIGHT: 3846
</xenoData>
  </teiHeader>
  <text>
    <body>
      <div>
        <p>
          <lb/>Mann die Ware abwiegt; aur Linken eine sitzende Frau, zur Rechten
          <lb/>ein sitzender Mann.
          <lb/>R 551. Prov.: Bibl. Hermann, Strassburg. Handschr. Notizen auf
          <lb/>dem Schutzbl., unter anderem auf der Rücks.:Bibliotheca Hermanniana,
          <lb/>Argentorati. Dieser Lorentz Fries war Arzt zu Strassburg. Von einer
          <lb/>Ausgabe zu Strassburg 1518. s. Panzers Annalen der älteren deutschen
          <lb/>Literatur n° 907; von 1519, n° 936. Sonderbar, dass Otto Brunfels noch
          <lb/>bei Lebzeiten des Verfassers dieses Buch gebessert herausgegeben und es
          <lb/>ihm sogar gleichsam dedicirt hat. Er tut es aber auf eine gar biedere
          <lb/>Weise, und D. Fries war damals abwesend.
          <lb/>Auch Phries selbst war ein Wanderer Mann. Er sagt in seiner Kurtzen
          <lb/>Vorrede, dass, da andere ihre Bücher einem Herrn oder Liebhaber seiner
          <lb/>Kunst zuschreiben, er den gemeinen Krancken seine Arbeit schencke und
          <lb/>zueigne.
          <lb/>Er eifert auch in dieser Vorrede gegen die After-Aerzte: oder viel¬
          <lb/>mehr er sagt, dass sein Gemüt so hart entzündet gewesen die Missbräuch
          <lb/>der edlen Kunst auszutilgen dass er etwan mit rauhen geschrieben zu
          <lb/>haben glaube.
          <lb/>Er war auch ein aufgeweckter Mann, der hin und wieder launigst
          <lb/>erzählt. Vielleicht aber sind dieses die Schimpf, Bossen und Schwencke,
          <lb/>von denen Otto Brunfelss in seinem Brief an Friessen sagt, dass er seit¬
          <lb/>her von D. Friess selbst erfahren habe, dass sie nicht von ihm, sondern
          <lb/>von einem gar seltsamen Sezer der Druckerey hinzâgethan seyen, ohn
          <lb/>allen Wissen und bevelch: und dass er sie wohl gerne ausgelassen haben
          <lb/>würde. (Dass Sezer und auch wohl andere sich ehemals dergleichen Zu¬
          <lb/>sätze erlaubt haben, sehe ich auch aus der Mensa philosophica, 1489, wo
          <lb/>ein Zusatz vom langnasichten Pedellen sich findet und vom Corrector,
          <lb/>und vom Drucker.) fol. uitimo. Eine solche lustige Erzehlung findet sich
          <lb/>fol. IX. a., ferner fol. Ix. b. ein launigter, wiewohl ganz unschuldiger, Aus¬
          <lb/>druck. Jn sechs Wochen wurden zwey Stück aus ihr, &amp;amp;c....
          <lb/>Seinen latinischen und griechischen Kunstwörtern sieht man die
          <lb/>barbarey seiner Zeiten noch gar sehr an.
          <lb/>Stadtbibl. Strassburg u. Kolmar.
          <lb/>894
          <lb/>GK: SB Berlin; UB Königsberg.
          <lb/>593
          <lb/>FRIES Lorenz
          <lb/>Strassburg, J. Knobloch 1530
          <lb/>DEFENSIO MEDC-RVM principis Auicennae, ad
          <lb/>Germaniae Medicos,! Laurentio Frisio! authore.
          <lb/>Si consistant aduersum me castra, non timebit cor
          <lb/>meum. M. D. XXX.
          <lb/>Am Schluss: ARGENTORATI] apud Ioannem Knoblou¬
          <lb/>chum! iuniorem. xx iiij. Augusti! Anno Christi M. D. XXX.
          <lb/>40, Antig., 9 unn. Bll, Sign. a-b, Titeleinfassung (HÉ B Tafel
          <lb/>XI Nr. 11).
          <lb/>R.38
        </p>
      </div>
    </body>
  </text>
</TEI>
