<?xml version='1.0' encoding='UTF-8'?>
<?xml-model href="https://raw.githubusercontent.com/OpenITI/tei_openiti/master/tei_openiti.rng" type="application/xml" schematypens="http://relaxng.org/ns/structure/1.0"?>
<?xml-model href="https://raw.githubusercontent.com/OpenITI/tei_openiti/master/tei_openiti.rng" type="application/xml" schematypens="http://purl.oclc.org/dsdl/schematron"?>
<TEI xmlns="http://www.tei-c.org/ns/1.0">
  <teiHeader>
    <fileDesc>
      <titleStmt>
        <title/>
      </titleStmt>
      <publicationStmt>
        <p/>
      </publicationStmt>
      <sourceDesc>
        <p/>
      </sourceDesc>
    </fileDesc>
    <profileDesc>
      <calendarDesc>
        <calendar xml:id="ah">
          <p>Anno Hegirae</p>
        </calendar>
      </calendarDesc>
    </profileDesc>
    <xenoData xml:space="preserve">
CREATED: 2024-04-15T07:35:11.479490+00:00
CREATED BY: eScriptorium vpassthistobuildcmd
IMAGE FILENAME: A121078-3326.tif
IMAGE WIDTH: 2362
IMAGE HEIGHT: 3854
</xenoData>
  </teiHeader>
  <text>
    <body>
      <div>
        <p>
          <lb/>768
          <lb/>iare da man zalt nach der geburt! Christi, Tausent fünff¬
          <lb/>hundert vnd syben. (Druckerm, des Joh. Prüss. HAB Tafel VIII
          <lb/>Nr. 9; Sitvestre Nr. 1106.)
          <lb/>20, Got., 2sp., 6 unn., CLXXXII num., 12 unn. Bll. (Index,
          <lb/>3sp.), Init., zahlr. Holeschn., besonders von Pflanzen, ungefähr 450.
          <lb/>Viele sind dem Distillierbuch von Brunschuig entnommen.
          <lb/>Bl. a 2a: Register der capiteln zu latin. (5 Bll.)
          <lb/>*R10.406. Prov.: Elkan Schwabacher, Hürben-Krumbach (Bayern)
          <lb/>22. XI. 1900, 12M.
          <lb/>Schmidt III Nr. 61: Dresden.
          <lb/>Schreiber W. L. Die Kräuterbücher des XV. u. XVI. Jahrhun¬
          <lb/>derts, München 1924, 40, S. XXVIII:«Im Jahre 1507 entschloss sich
          <lb/>Pryss dazu, auch den Kleinen Hortus... genant gart der gesuntheit...
          <lb/>herauszugeben. Obschon die Bilder seines grossen Hortulus nahezu aus¬
          <lb/>gereicht hätten, benutzte Prüss doch nur etwa die Hälfte derselben und
          <lb/>entlieh zur Ergänzung die schon recht abgenutzten Stöcke Grüningers.&amp;quot;
          <lb/>Choulant gibt eine Beschreibung des Druckes in Naumanns Archiv
          <lb/>1858 S. 253.
          <lb/>1137
          <lb/>HERBARIUS
          <lb/>Strassburg, R. Beck 1521
          <lb/>Jn disem Bûch ist! der Herbari : oder kreüterbuoch:
          <lb/>ge nant der gart der gesuntheit: mit me rern Figuren
          <lb/>vnd Registeren.
          <lb/>Holzschn.: 2wei durch eine Zierleiste getrennte Pflanzen; das Ganze
          <lb/>von einer einfachen Linie eingefasst. Rücks. leer.
          <lb/>Am Schluss: &amp;amp; Getruckt vnd flysziglichen volendet,
          <lb/>durch Rena tum Beck, Jn dem Jor do man zalt nach
          <lb/>der geburt Christi, Tusent, fünffhundert vnd. xxi.
          <lb/>(Rücks, leer.)
          <lb/>20, Got., 6 unn., CLX num., 18 unn. Bll. (5. Buch nebst Index,
          <lb/>3sp.), Init., zahlr. Abb. von Pflangen; Bl. E 5a menschl. Skelett mit
          <lb/>Aufeählung der eingelnen Knochen. Auf der Rücks, eine Apotheke mit
          <lb/>Meister u. Schüler; Bl. E 6b Kleiner Holeschn.: Marià Verkündigung;
          <lb/>Bl. 7a ein Kranker umgeben von 3 Arsten; Bl. 7b Gervasius u. Pro¬
          <lb/>tasius; Bl. Sa ein Apotheker reicht einer Frau eine Flasche.
          <lb/>R10.542. Prov.: Geschenk der Familie des Prof. F. A. Flückiger
          <lb/>† in Bern den 11. XII. 1894. Auf einem eingeklebten Zettel: « Pharm.
          <lb/>Journal LIII (19. Aug. 1893) 153. The first herbal in English was the
          <lb/>Grete Herbal published in 1516 by Peter Treveris. Cf. Meyer, Geschichte
          <lb/>der Botanik IV. 391.»
          <lb/>Schmidt IV S. 26 Nr. 33: «Cité par Weller, 1710, comme étant
          <lb/>à Dresde, mais là on ne le trouve pas. Un exemplaire a été jadis à la
          <lb/>Bibl. de Strasbourg. Weller a aussi, 3010, une édition de 1526; mais
          <lb/>R. Beck était mort déjà en 1522; son fils Balthasar a imprimé un Her¬
          <lb/>barius en 1524.»
          <lb/>1138
        </p>
      </div>
    </body>
  </text>
</TEI>
