<?xml version='1.0' encoding='UTF-8'?>
<?xml-model href="https://raw.githubusercontent.com/OpenITI/tei_openiti/master/tei_openiti.rng" type="application/xml" schematypens="http://relaxng.org/ns/structure/1.0"?>
<?xml-model href="https://raw.githubusercontent.com/OpenITI/tei_openiti/master/tei_openiti.rng" type="application/xml" schematypens="http://purl.oclc.org/dsdl/schematron"?>
<TEI xmlns="http://www.tei-c.org/ns/1.0">
  <teiHeader>
    <fileDesc>
      <titleStmt>
        <title/>
      </titleStmt>
      <publicationStmt>
        <p/>
      </publicationStmt>
      <sourceDesc>
        <p/>
      </sourceDesc>
    </fileDesc>
    <profileDesc>
      <calendarDesc>
        <calendar xml:id="ah">
          <p>Anno Hegirae</p>
        </calendar>
      </calendarDesc>
    </profileDesc>
    <xenoData xml:space="preserve">
CREATED: 2024-04-15T07:35:07.155978+00:00
CREATED BY: eScriptorium vpassthistobuildcmd
IMAGE FILENAME: A121078-3158.tif
IMAGE WIDTH: 2316
IMAGE HEIGHT: 3848
</xenoData>
  </teiHeader>
  <text>
    <body>
      <div>
        <p>
          <lb/>602
          <lb/>Coss. &amp;amp; Senatoribus, Dominis suis co-lendis. S. P. D.
          <lb/>Strassburg, Oktober 1884.
          <lb/>1/ REBECCA Sign. A-G, 80, 56 unn. Bll.
          <lb/>Darunter: Cum Priuilegio Caesario.! Apud Bernhardum
          <lb/>2) SUSANNA: Nicodemi! Frischlini Svsanna. (Vign.)
          <lb/>Iobinum. Anno M. D. LXXXV, 80, 48 unn. Bl., Sign. A-G.
          <lb/>magna. Darunter Druckerm. Jobins (H e B, Tafel XXXVII Nr. 4,
          <lb/>3) HILDEGARDIS: Nicodemi Frischlini Hildegardis
          <lb/>Silvestre Nr. 647), Sign. A-H, 60 unn. Bll. Widmung an die Stadt
          <lb/>Nürnberg, datiert aus Strassburg November 1584.
          <lb/>4) IVLIVS REDIVIVVS COMOEDIA, IN LAVDEM GERMA¬
          <lb/>NAE &amp;amp; Germanorum scripta.) Auctore NICODEMO FRISCH¬
          <lb/>LINO Poëta coronato, Caesarij Pa-] latij Comite. (Drucker¬
          <lb/>marke Jobins (H C B Tafel XXXVII Nr. 4, Silvestre Nr. 647).
          <lb/>Darunter: Cum gratia &amp;amp; priuilegio:! Argentorati apud
          <lb/>Bernhardum Iobinum. M. D. LXXXV.
          <lb/>80, 48 unn. Bll., Sign. A-F. Widmung Frischlins an die Stadt
          <lb/>Strassburg, datiert aus Strassburg Nov. 1584.
          <lb/>5) NICODEMIFRISCHLINI PRISCIANVS vapulans.
          <lb/>Spectatum admissi risum teneatis amici. Druckerm. Jobins
          <lb/>(H a B Tafel XXXVII Nr. 1 mit den Worten: Sapientia Constans).
          <lb/>Darunter: Cum Priuilegio Caesario. Apud Bernhardum
          <lb/>Iobinum. M. D. XXXV.
          <lb/>80, 150 S., Sign. A-K, Marg., Init., Holeschnitte S. 20, 37, 56,
          <lb/>75 91
          <lb/>S. 109-124 Epicedion) de obitu Iacobi Frischlini Ba¬
          <lb/>lingensis:! Patris sui optimi: ipso die Stepha ni proto¬
          <lb/>martyris, Anno 1566. ! extructi.! Scriptum à Nicodemo
          <lb/>Frischlino, F. pietatis ergò.
          <lb/>6) VENVS.  TRAGOEDIA] NOVA, EX LIBRO PRI- MO AENEI¬
          <lb/>DOS VIRG : AVCTORE. NICODEMO FRISCH- LINO, P. L. Co¬
          <lb/>MITE PA-] latino Cesario &amp;amp;c.*(Vign.) Darunter: Cum
          <lb/>Gratia &amp;amp; Priuilegio Cesareo.  ARGENTORATI. Apud Ber¬
          <lb/>nardum Iobinum. M. D. LXXXV. (Rücks, leer.)
          <lb/>80, 24 unn. Bll., Sign. A-C, Init. C.
          <lb/>Widmung Frischlins aus Strassburg Nov. 1584: generosis! et
          <lb/>vere illustribus dominis : D. Conrado, D. !Adeluuico &amp;amp;
          <lb/>D. Hermanno, Comitibus à Tubingen, Dominis in Liechte¬
          <lb/>neck...
          <lb/>7) NICODEMI FRISCHLINI DIDO. TRAGŒDIA, EX QVARTO
          <lb/>LIBRO VIRGILIANAE AENEIDOS. (Vign.) Darunter: Cum, priui¬
        </p>
      </div>
    </body>
  </text>
</TEI>
