<?xml version='1.0' encoding='UTF-8'?>
<?xml-model href="https://raw.githubusercontent.com/OpenITI/tei_openiti/master/tei_openiti.rng" type="application/xml" schematypens="http://relaxng.org/ns/structure/1.0"?>
<?xml-model href="https://raw.githubusercontent.com/OpenITI/tei_openiti/master/tei_openiti.rng" type="application/xml" schematypens="http://purl.oclc.org/dsdl/schematron"?>
<TEI xmlns="http://www.tei-c.org/ns/1.0">
  <teiHeader>
    <fileDesc>
      <titleStmt>
        <title/>
      </titleStmt>
      <publicationStmt>
        <p/>
      </publicationStmt>
      <sourceDesc>
        <p/>
      </sourceDesc>
    </fileDesc>
    <profileDesc>
      <calendarDesc>
        <calendar xml:id="ah">
          <p>Anno Hegirae</p>
        </calendar>
      </calendarDesc>
    </profileDesc>
    <xenoData xml:space="preserve">
CREATED: 2024-04-15T07:35:06.074374+00:00
CREATED BY: eScriptorium vpassthistobuildcmd
IMAGE FILENAME: A121078-3088.tif
IMAGE WIDTH: 2314
IMAGE HEIGHT: 3842
</xenoData>
  </teiHeader>
  <text>
    <body>
      <div>
        <p>
          <lb/>532
          <lb/>BERGERO, Praetorio, &amp;amp; Quindecimuiro Senatori: D IOANNI
          <lb/>Bl. 3a: AMPLISSIMIS VIRIS, ... D. ARBO- GASTO RECH¬
          <lb/>CAROLO LOCHERO, Consulari, &amp;amp; Tredecimuiro militari:
          <lb/>&amp;amp; D. FRIDERICO à GOTES- heim, itidem Tredecimuiro mili¬
          <lb/>tari... Valentinus Erythraeus, Academiae Decanus... —
          <lb/>X. Maij, M. D. LXXIIII. (4S.)
          <lb/>S. 142: Unterschriften von 7 Professoren: Ioannes Sturmius,
          <lb/>Rector, Valentinus Ervthraeus, Andreas Waltherus, Obertus
          <lb/>Giphanius, Theophilus Golius, Michael Beutherus, Andreas
          <lb/>Planerus, Cunradus Dasypodius.
          <lb/>R 102.289. Prov.: Trübner, Strassburg, 20. V. 1879, 3 M.
          <lb/>GK: SB Berlin, UB Breslau, Kiel; Stadt-Bibl. Colmar; Stadt-
          <lb/>Bibl. Strassburg; BN Paris, Ra. 879; Oxford, Bibl. Bodleiana. 806
          <lb/>ESCOBAR Andreas de. Siehe: ANDREAS Hispanus
          <lb/>ESCULAPIUS: Liber Unus De Morborum... causis. Siche: HIL¬
          <lb/>DEGARD S. : Physica, 1533
          <lb/>ESTICAMPIANUS (Aesticampianus). Siche: RACK VON SOM¬
          <lb/>MERSFELD Johann
          <lb/>Strassburg, A. Bertram 1596
          <lb/>ESTIENNE Henri
          <lb/>HENR. STEPHANI PARIS.  CARMEN GRA-TVLATORIVM! ad
          <lb/>nobiliss. ampliss. &amp;amp; pru- dentiss. Senatum Argent.
          <lb/>DE DETECTO AB IPSO EXPV- ratoque; quodam suae ci¬
          <lb/>uita- tis apostemate. (Vign.)
          <lb/>ARGENTORATI, Excudebat Antonius Bertramus, typo¬
          <lb/>graphus. M. D.XCVI.
          <lb/>40, Antig, 4 unn. Bll., Sign. A, Kopft., Init. Q, S. Titeleinfassung
          <lb/>(4 Zierleisten).
          <lb/>Auf der Rücks, des Titelbl.: Nobilissimis... Io. PHILIPpO à
          <lb/>KETTENHEIM, Praetori. Io. KIBSIO, Consuli: IOSIAE RIHE¬
          <lb/>Lio, Tredecemuiro: Academiae Argent. Scholarchis pru¬
        </p>
      </div>
    </body>
  </text>
</TEI>
