<?xml version='1.0' encoding='UTF-8'?>
<?xml-model href="https://raw.githubusercontent.com/OpenITI/tei_openiti/master/tei_openiti.rng" type="application/xml" schematypens="http://relaxng.org/ns/structure/1.0"?>
<?xml-model href="https://raw.githubusercontent.com/OpenITI/tei_openiti/master/tei_openiti.rng" type="application/xml" schematypens="http://purl.oclc.org/dsdl/schematron"?>
<TEI xmlns="http://www.tei-c.org/ns/1.0">
  <teiHeader>
    <fileDesc>
      <titleStmt>
        <title/>
      </titleStmt>
      <publicationStmt>
        <p/>
      </publicationStmt>
      <sourceDesc>
        <p/>
      </sourceDesc>
    </fileDesc>
    <profileDesc>
      <calendarDesc>
        <calendar xml:id="ah">
          <p>Anno Hegirae</p>
        </calendar>
      </calendarDesc>
    </profileDesc>
    <xenoData xml:space="preserve">
CREATED: 2024-04-15T07:35:08.277055+00:00
CREATED BY: eScriptorium vpassthistobuildcmd
IMAGE FILENAME: A121078-3200.tif
IMAGE WIDTH: 2322
IMAGE HEIGHT: 3850
</xenoData>
  </teiHeader>
  <text>
    <body>
      <div>
        <p>
          <lb/>644
          <lb/>R10.106. Prov.: Bibl. Ch. Schmidt mit seinem Exlibris u. Notizen
          <lb/>von seiner Hand:,Suivant Ebert 1657 le monogramme des gravures de
          <lb/>la 1re édition (Augsbourg 1510), lesquelles sont un peu différentes de
          <lb/>celles de 1511, seraient de Hans Burgmair, pour l’édition de Strasbourg
          <lb/>Hans Baldung me paraît plus probable. Panzer croit à tort que l’artiste
          <lb/>a été Hans Behein.&amp;quot;
          <lb/>Stadtbibl. Strassburg u. Bibl, des Priesterseminars. Dacheux
          <lb/>S.OVH; GK: SB Berlin, UB Halle; Schmidt VII Nr. 74. Die Univ.-
          <lb/>u. Landesbibl. besitzt die, siben hauptsünd&amp;quot; des Granatapfels auch sepa¬
          <lb/>957
          <lb/>rat. R 10.109.
          <lb/>GEILER Johannes
          <lb/>Strassburg, M. Schürer 1511
          <lb/>Fragmenta passionis do mini nostri Jesu christi.
          <lb/>A celeberrimo; diuinieloquij oratore: domino Joanne
          <lb/>Geiler ex Kei sersberg Theologo; sub typo placente mel¬
          <lb/>lee! predicate. Per Jacobum Ottherum familia rem eius
          <lb/>in hunc modum collecta.
          <lb/>De fructuosissimis Joh. Keiserszbergij concionibus,
          <lb/>quas annis. XXX. con- stanter Argentine habuit.J.W.S.
          <lb/>Jacobus Wimphelingu Selestatensis.) (4 Dist.)
          <lb/>Am Schluss: Ex edibus Matthie Schurerii Mense No¬
          <lb/>uembri. An. M. D. Xl. (Rücks, leer.)
          <lb/>40, Got., 82 unn. Bll., Sign. a-p. Kopft., Kust. Init.
          <lb/>Auf der Rücks. des Titelbl.: ... Domino Jacobo Wimpflingio
          <lb/>Schletstatensi Jacobus! Otherus Spirensis... Ex Argentina.
          <lb/>xvj. Kalendas Januarij 1508.
          <lb/>Bl. a 2a: Jacobus Wimpflingius. Ja. Othero Nemetensi...
          <lb/>Ex Friburgo, xviij. Kalendas Januarij, 1508.
          <lb/>Folgt ein Index (9 S.) u. ein Endecasyllabon Beati Arnoldi ad lec¬
          <lb/>torem (14 Verse.)
          <lb/>R 101.3612. Prov.: Bibl. Heïte, Strassburg 1871. Handschr. No¬
          <lb/>tizen. 2. Ex. R101.3563. Geschenk der UB Heidelberg.
          <lb/>Bibl. des Grossen Seminars Strassburg, Inkun. C16. Gk: SB
          <lb/>Berlin; Proctor II Sectio I Nr. 10.191: London Brit. Museum; Schmidt
          <lb/>VIII Nr. 59: Stadtbibl. Schlettstadt; Walter: Schlettstadt Nr. 1369.
          <lb/>958
          <lb/>GEILER Johannes
          <lb/>[Strassburg, Joh. Prüss 1511]
          <lb/>Nauicula siue speculum fatuorumPrestantissimi sa¬
          <lb/>crarum literarum doctoris Joannis Geyler Key sersbergij:
        </p>
      </div>
    </body>
  </text>
</TEI>
