<?xml version='1.0' encoding='UTF-8'?>
<?xml-model href="https://raw.githubusercontent.com/OpenITI/tei_openiti/master/tei_openiti.rng" type="application/xml" schematypens="http://relaxng.org/ns/structure/1.0"?>
<?xml-model href="https://raw.githubusercontent.com/OpenITI/tei_openiti/master/tei_openiti.rng" type="application/xml" schematypens="http://purl.oclc.org/dsdl/schematron"?>
<TEI xmlns="http://www.tei-c.org/ns/1.0">
  <teiHeader>
    <fileDesc>
      <titleStmt>
        <title/>
      </titleStmt>
      <publicationStmt>
        <p/>
      </publicationStmt>
      <sourceDesc>
        <p/>
      </sourceDesc>
    </fileDesc>
    <profileDesc>
      <calendarDesc>
        <calendar xml:id="ah">
          <p>Anno Hegirae</p>
        </calendar>
      </calendarDesc>
    </profileDesc>
    <xenoData xml:space="preserve">
CREATED: 2024-04-15T07:35:08.920484+00:00
CREATED BY: eScriptorium vpassthistobuildcmd
IMAGE FILENAME: A121078-3219.tif
IMAGE WIDTH: 2328
IMAGE HEIGHT: 3852
</xenoData>
  </teiHeader>
  <text>
    <body>
      <div>
        <p>
          <lb/>ter Exempel Nuztlich, Sumer vnd Wintertheil durch daz
          <lb/>gantz iar. Intro it anfang der Mesz Epistel vnd Col-] lect
          <lb/>etc. vnd auch me von den Heiligend die zwölff Euan¬
          <lb/>gelia die der Doctor auch gepredigt vnd vsz! gelegt hat,
          <lb/>seint von seinem mund abgeschriben, vnd getruckt mit
          <lb/>gnad! vnd Priuilegio vsz weiszet wy nach stot.
          <lb/>Am Schluss:... Vnd getruck (!) in der keiserlichen
          <lb/>freien stat Straszburg von Johan-nes grieninger, volen¬
          <lb/>det vff sant Adolffs! abent des heiligen Bischoff in dem
          <lb/>iar als man zalt von der geburt Cristi. M. d. xvii. (Rücks.
          <lb/>leer.)
          <lb/>20, Got., 2sp., CCXXIIII Bll. (zahlr. Paginationsfehler), Kopft.,
          <lb/>Init., Titel rot u. schwvarz, Titelumrahmung, dieselben Holeschn. wie im
          <lb/>Evangelibuch 1515, mit Ausnahme von 12, die durch andere ersetet sind.
          <lb/>Die Ansicht von Strassburg am Schlusse fehlt. Der Holeschn. Bl. 12b
          <lb/>trägt das Monogramm von Hans Schäufelin; Bl. 41a hat als Mono¬
          <lb/>gramm H. F. Einige finden sich auch in anderen Werken, so Bl. 80a
          <lb/>Jesus in der Vorhölle, in Sünden des Munds 1518 u. Buch De arbore
          <lb/>humana 1521; der Holeschn. Bl. 75b bildet die Titelumrahmung der
          <lb/>Predigt des Johannes Chrysostomus, in der Uberseteung von Wimpfeling,
          <lb/>Grüninger 1514, der Holeschn. Bl. 111a das Pfingstfest ist der Passion
          <lb/>Wächtelins entnommen.
          <lb/>Auf der Rücks, des Titelbl.: Vorrede, Darunter: Druckprivileg
          <lb/>auf 3 Jahre unter Strafe von 10 M., unterzeichnet von Iacob Oszler,
          <lb/>General Supperattendent der Truckereien im heiligen Reich.
          <lb/>R 10.104. Prov.: Bibl. Ch. Schmidt, Strassburg mit seinem Ex¬
          <lb/>libris, seinem Autograph -1836: Berlin, vente des doubles de la Bibl.
          <lb/>royale» u. andere Notizen von seiner Hand.
          <lb/>Priestersem. Strassburg Inc. A 160. Dacheux, Geiler S. CXXXVI;
          <lb/>Proctor II Sectio I Nr. 9942: London Brit. Museum; Schmidt I Nr.
          <lb/>156: Ehemalige Bibl. Strassburg Incun. 1488 u. Berlin. GK: SB Berlin.
          <lb/>977
          <lb/>GEILER Johannes
          <lb/>Strassburg, M. Schürer 1517
          <lb/>Nauicula Pœnitentiæ Per excellentissimum sacre pa¬
          <lb/>gine doctorem Jo- annem Keyserspergium Argentinen¬
          <lb/>sium Concionatorem predicata. A Ja- cobo Otthero
          <lb/>Collecta.
          <lb/>Am Schluss: Sermones quadragesimales... ; sunt denuo
          <lb/>impres- si Argentorati. In Aedibus Matthiæ! Schurerij
          <lb/>Mense Februa- rio. Anno. M. D. XVII. Conrado Dun¬
          <lb/>tzenhemio. IIl. dictatore Argentorat.
          <lb/>40, Got., 166 Bll., Sign. A-Z, Aa-Bb, Kopft., Marg., Init. (Blatt¬
          <lb/>zählung: Buchstaben des Alphabets A-Z u. róm. Ziffern IXII).
          <lb/>663
        </p>
      </div>
    </body>
  </text>
</TEI>
