<?xml version='1.0' encoding='UTF-8'?>
<?xml-model href="https://raw.githubusercontent.com/OpenITI/tei_openiti/master/tei_openiti.rng" type="application/xml" schematypens="http://relaxng.org/ns/structure/1.0"?>
<?xml-model href="https://raw.githubusercontent.com/OpenITI/tei_openiti/master/tei_openiti.rng" type="application/xml" schematypens="http://purl.oclc.org/dsdl/schematron"?>
<TEI xmlns="http://www.tei-c.org/ns/1.0">
  <teiHeader>
    <fileDesc>
      <titleStmt>
        <title/>
      </titleStmt>
      <publicationStmt>
        <p/>
      </publicationStmt>
      <sourceDesc>
        <p/>
      </sourceDesc>
    </fileDesc>
    <profileDesc>
      <calendarDesc>
        <calendar xml:id="ah">
          <p>Anno Hegirae</p>
        </calendar>
      </calendarDesc>
    </profileDesc>
    <xenoData xml:space="preserve">
CREATED: 2024-04-15T07:35:06.929513+00:00
CREATED BY: eScriptorium vpassthistobuildcmd
IMAGE FILENAME: A121078-3144.tif
IMAGE WIDTH: 2314
IMAGE HEIGHT: 3848
</xenoData>
  </teiHeader>
  <text>
    <body>
      <div>
        <p>
          <lb/>588
          <lb/>Bl. A 2a: Namen der Griechisch en vnd deren Helden,
          <lb/>so nicht Römer gewesen sind.
          <lb/>Bl. A 3a: Namen der Römer.
          <lb/>R 100.253. Prov.: L. Rosenthal, München 11. VI. 1895; 12 M.
          <lb/>887
          <lb/>GK: SB Berlin.
          <lb/>FRIES Lorenz
          <lb/>Strassburg, J. Grüninger 1518
          <lb/>Spiegel der Artzny des geleichen vormals nie von
          <lb/>keinem doctor in tüt sch vszgangen ist nützlich vnd gût
          <lb/>allen denen so der artzet radt begerent, auch den ge¬
          <lb/>streiffelten leyen, welche sich vnder winden mit artzney
          <lb/>vmb zegon. In welchem du findest bericht aller hend el
          <lb/>der artzney, gezogen vsz den fürnem sten büchern der
          <lb/>alten, mit schonen! bewerten stücken vnd kürtzwy! gen
          <lb/>reden, gemacht von Laurentio Phryesen von Colmar,
          <lb/>der Philoso! phy vnd Artzney Doctor.
          <lb/>Am Schluss: Getruckt vnd vollendet in der Keiserli
          <lb/>chen stat Straszburg von Johan-nes Grieninger vff sant
          <lb/>Gil! gen tag im iar nach! Christi geburt M.! ccccc. xviii.
          <lb/>2°, Got., 28p. CLXXXIIII num. Bll., Titel rot u. schwarz, Kopft.,
          <lb/>zahlreiche Init., Titeleinfassung, oben: in der Mitte eine Eule, rechts
          <lb/>ein Nest mit kleinen Vögeln; Seitenbordüren: auf Zweigen Kletternde
          <lb/>Kinder, und zwei Spruchbänder, das eine mit den Buchst. E. F. G. W.,
          <lb/>das andere mit den Buchst. V. A.; unten ein Wilder Mann mit Keule,
          <lb/>neben ihm seine Frau, welche ihrem Kinde die Brust gibt, links von
          <lb/>ihnen ein Greis. (Butsch, Bücherornamentik der Renaissance Tafel 72.)
          <lb/>Hinter Bl. 6 : awei grosse gefaltete Bll., das eine mit der Abbildung
          <lb/>des menschlichen Körpers, das andere mit derjenigen eines menschlichen
          <lb/>Skeletts, beide mit der Jahreszahl 1517; dieselben sind dem» Feldbuch
          <lb/>der Wundarznei- entnommen, wo sie das Monogramm J. Schotts tragen
          <lb/>u. von Versen begleitet sind; sowohl das Monogramm als auch die Verse
          <lb/>fehlen bei Fries. Schmidt vermutet, dass Schott eine geroisse Anzahl von
          <lb/>Exemplaren an Grüninger abgetreten hat für das Fries&amp;#x27;sche Buch. Es
          <lb/>befinden sich ausserdem noch mehrere andere Holeschn. darin, die alle
          <lb/>älteren Drucken entnommen sind.
          <lb/>Auf der Rücks. des Titelbl.: Laurentius Phries entbüt
          <lb/>sich allezeit in dienst bereit dem erbern und bescheidenen
          <lb/>meister Johansen dingler burger zû Schletstat seinen...
          <lb/>freünd.
          <lb/>R10097. Geschenk der Stadt Nördlingen 1871.
          <lb/>2. Ex. R 541. Prov.: Jos. Falkensteiner, Brixen 7. IX. 1883;
          <lb/>18 M. Handschr. Eintragung auf der Innens. des Vorderdeckels: Sum
        </p>
      </div>
    </body>
  </text>
</TEI>
