<?xml version='1.0' encoding='UTF-8'?>
<?xml-model href="https://raw.githubusercontent.com/OpenITI/tei_openiti/master/tei_openiti.rng" type="application/xml" schematypens="http://relaxng.org/ns/structure/1.0"?>
<?xml-model href="https://raw.githubusercontent.com/OpenITI/tei_openiti/master/tei_openiti.rng" type="application/xml" schematypens="http://purl.oclc.org/dsdl/schematron"?>
<TEI xmlns="http://www.tei-c.org/ns/1.0">
  <teiHeader>
    <fileDesc>
      <titleStmt>
        <title/>
      </titleStmt>
      <publicationStmt>
        <p/>
      </publicationStmt>
      <sourceDesc>
        <p/>
      </sourceDesc>
    </fileDesc>
    <profileDesc>
      <calendarDesc>
        <calendar xml:id="ah">
          <p>Anno Hegirae</p>
        </calendar>
      </calendarDesc>
    </profileDesc>
    <xenoData xml:space="preserve">
CREATED: 2024-04-15T07:35:04.996439+00:00
CREATED BY: eScriptorium vpassthistobuildcmd
IMAGE FILENAME: A121078-3015.tif
IMAGE WIDTH: 2360
IMAGE HEIGHT: 3840
</xenoData>
  </teiHeader>
  <text>
    <body>
      <div>
        <p>
          <lb/>Christipare virgini MARIAE (mun e
          <lb/>dissimo eius conceptuisL ector humi
          <lb/>lis AVE pium dicas.
          <lb/>459
          <lb/>2
          <lb/>40, Antig., 80 unn. Bll.. Sign. a-s, Titeleinfassung: 2 Leisten,
          <lb/>oben Blumengewinde, unten awei nackte Knaben, die sich balgen, links
          <lb/>und rechts von ihnen je ein Knabe, von denen der eine in eine Trompete
          <lb/>bläst.
          <lb/>Auf der Rückseite des letsten Blattes, Holeschnitt mit dem Mono¬
          <lb/>gramm Johann Baldungs in der rechten Ecke unten. Siche obige Ab¬
          <lb/>bildung.
        </p>
      </div>
    </body>
  </text>
</TEI>
