<?xml version='1.0' encoding='UTF-8'?>
<?xml-model href="https://raw.githubusercontent.com/OpenITI/tei_openiti/master/tei_openiti.rng" type="application/xml" schematypens="http://relaxng.org/ns/structure/1.0"?>
<?xml-model href="https://raw.githubusercontent.com/OpenITI/tei_openiti/master/tei_openiti.rng" type="application/xml" schematypens="http://purl.oclc.org/dsdl/schematron"?>
<TEI xmlns="http://www.tei-c.org/ns/1.0">
  <teiHeader>
    <fileDesc>
      <titleStmt>
        <title/>
      </titleStmt>
      <publicationStmt>
        <p/>
      </publicationStmt>
      <sourceDesc>
        <p/>
      </sourceDesc>
    </fileDesc>
    <profileDesc>
      <calendarDesc>
        <calendar xml:id="ah">
          <p>Anno Hegirae</p>
        </calendar>
      </calendarDesc>
    </profileDesc>
    <xenoData xml:space="preserve">
CREATED: 2024-04-15T07:35:13.093294+00:00
CREATED BY: eScriptorium vpassthistobuildcmd
IMAGE FILENAME: A121078-3389.tif
IMAGE WIDTH: 2396
IMAGE HEIGHT: 3858
</xenoData>
  </teiHeader>
  <text>
    <body>
      <div>
        <p>
          <lb/>Cum Priuilegio Caesareo. (Rücks, leer.)
          <lb/>Am Schluss: WOLFGANGVS CEPHALAEVS ARGENTINAE SVO
          <lb/>AERE ET IMPENSIS EXCVS- SIT. ANNO SALVTIS] M. D.
          <lb/>XXVI. (Kaiserporträt.) Darunter: IMP. P. INVICTI. PH. AVGG.
          <lb/>(Rücks, leer.)
          <lb/>80, Kursiv, 8 unn,, 89 num. u. 3 unn. Bll., Kopft., Kust., zahl¬
          <lb/>reiche Porträts in Medaillonform; Titeleinfassung. (HCB Tafel XVIII
          <lb/>Nr. 11.)
          <lb/>Auf dem letsten Bl. Druckerm. Köpfels. (HCB Tafel XVIII
          <lb/>Nr. 8. Silvestre Nr. 559.)
          <lb/>Neudruck der Ausgabe 1525; einige Abweichungen in den Porträts.
          <lb/>R 102.135. Prov.: Th. Ackermann, München 20. VIII. 1889;
          <lb/>10 M. Autograph J. Van Buerne.
          <lb/>Röttinger, Weiditz S. 97 Nr. 67. Baer, Frankfurt a. M., Kat.
          <lb/>500 (1907) Nr. 1375; 60 M.: ¿Von Weiditz sind teilweise die 184
          <lb/>Medaillonporträts der Kaiser von Julius Cäsar bis Ferdinand, weiss auf
          <lb/>schwarzem Grunde.&amp;quot; Brunet I115, 392.
          <lb/>1236
          <lb/>HUTTICHIUS Johannes
          <lb/>Strassburg. W. Köpfel 1534
          <lb/>IMPERA-TORVM ET CAESARVM! Vitae, cum Imaginibus
          <lb/>ad uiuam effigiem expres- sis.Libellus auctus cum
          <lb/>elencho &amp;amp; Iconijs Consulum ab Authore. M. D. XXXIIII.
          <lb/>Cum Priuilegio Caesareo.
          <lb/>Am Schluss (Bl. Y 5b): Argentorati Vuolphgangus Cœpha¬
          <lb/>læus excussit Anno. M. D.  XXXIIII. (Zierleiste.) Auf der Rücks.
          <lb/>des folgenden Bl. Druckerm. Köpfels. (H&amp;amp; B Tafel XVIII Nr. 8;
          <lb/>Silvestre Nr. 559.)
          <lb/>Folgt ein neuer Titel: CONSV LVM ROMA- NORVM Elen¬
          <lb/>chus.! Cum priuilegio Caesareo.
          <lb/>Am Schluss: Argento. An. Sal.M. D. XXXIIII. (Auf der
          <lb/>Rücks, gleiche Druckerm, wie oben.)
          <lb/>80, Kursiv, 8 unn., 89 num. u. 1 unn. Bl.; sodann 16 unn. Bll.
          <lb/>(Elenchus), Kopft., Titeleinfassung, abgebildet bei Olschki, Kat. LXXXI
          <lb/>S. 119. Auch der Elenchus hat eine Einfassung, oben: Troja, Hekuba,
          <lb/>Priamus, Alexander, Seitenborduren linke Homer v. Kalliope, rechts
          <lb/>Achilles auf einem Wagen mit drei Pferden a. Hektor; unten: Zwei¬
          <lb/>kampf zoischen Achilles u. Hektor. Zahlreiche Kaiserbüsten. Die Holzschn.
          <lb/>sind meist von Hans Weiditz.
          <lb/>Auf der Rücks, des Haupttitels zwischen drei Zierleisten: Ioannes
          <lb/>Huttichius Antiquitatum Candidatis... (Vorrede, 3 S.)
          <lb/>Auf der Rücks, des 2. Titelbl.: V. Cephalaeus Lectori.
          <lb/>R101767. Prov.: Butsch, Augsburg 4. XII. 1883, 6 M. Dou¬
          <lb/>blettenstempel: Duplum Bibliothecae Regiae Monachii.
          <lb/>831
        </p>
      </div>
    </body>
  </text>
</TEI>
