<?xml version='1.0' encoding='UTF-8'?>
<?xml-model href="https://raw.githubusercontent.com/OpenITI/tei_openiti/master/tei_openiti.rng" type="application/xml" schematypens="http://relaxng.org/ns/structure/1.0"?>
<?xml-model href="https://raw.githubusercontent.com/OpenITI/tei_openiti/master/tei_openiti.rng" type="application/xml" schematypens="http://purl.oclc.org/dsdl/schematron"?>
<TEI xmlns="http://www.tei-c.org/ns/1.0">
  <teiHeader>
    <fileDesc>
      <titleStmt>
        <title/>
      </titleStmt>
      <publicationStmt>
        <p/>
      </publicationStmt>
      <sourceDesc>
        <p/>
      </sourceDesc>
    </fileDesc>
    <profileDesc>
      <calendarDesc>
        <calendar xml:id="ah">
          <p>Anno Hegirae</p>
        </calendar>
      </calendarDesc>
    </profileDesc>
    <xenoData xml:space="preserve">
CREATED: 2024-04-15T07:35:13.863752+00:00
CREATED BY: eScriptorium vpassthistobuildcmd
IMAGE FILENAME: A121078-3420.tif
IMAGE WIDTH: 2416
IMAGE HEIGHT: 3854
</xenoData>
  </teiHeader>
  <text>
    <body>
      <div>
        <p>
          <lb/>862
          <lb/>Bl. a 2a: Den... Herren, Stattpfleger, Bur-germeyster
          <lb/>vnd Rath der Keyserlichen Reichsstatt Augs- purg &amp;amp;c.
          <lb/>meinen günstigen, gebietenden Herrn... Ge- ben zu Strasz¬
          <lb/>burg, den 30. Martij. Jm Jar als man zalt nach Christi
          <lb/>ge- burt 1587.. Theodosius Rihel, Burger vnd Buch¬
          <lb/>trucker in Straszburg.
          <lb/>S. 333-348. Leben des Josephus von ihm selbst verfasst.
          <lb/>R10.446 (1). Geschenk von Risenberger, Liegnite (Schlesien) 14. VI.
          <lb/>1281
          <lb/>1877.
          <lb/>JOSEPHUS Flavius
          <lb/>Strassburg, Th. Rihel 1590
          <lb/>Flauuij Josephi, des Hochberühmten Jüdi- schen Ge¬
          <lb/>schichtschreibers, Historien! vnd Bücher: Von alten Jüdi¬
          <lb/>schen Ge- schichten, zwentzig, sambt evnem von seinem
          <lb/>Le- ben: Vom Jüdischen Krieg, vnd der Statt Jeru- salem,
          <lb/>vnd des gantzen Lands zerstörung, siben:! Von der Juden
          <lb/>altem Herkommen wider Apio- nem Grammaticum, zwey:
          <lb/>von der Meysterschafft der Vernunfft, vnd der Macha¬
          <lb/>beer Marter eyns.
          <lb/>Alles ausz dem Griechischen Exemplar, sammt! aller
          <lb/>Bücher vnd Capitel Summarischer Innhalt, mit! höchstem
          <lb/>fleisz von newem verteutscht vnnd zugerichtet, darzu
          <lb/>mit Biblischen Concordantzen, Jarrechnung, or- denlichem
          <lb/>Register, vnd schönen Figuren, deszglei- chen vorhin im
          <lb/>Truck nie auszgan- gen, gezieret. Mit Römischer Keys.
          <lb/>Maiestat vnd Churfürstli- cher zu Sachsen, Gnad vnd
          <lb/>Freiheyt. (Rücks, leer.)
          <lb/>Am Schluss: Getruckt zu Straszburg, durch Theodo¬
          <lb/>sium Rihel. (Druckerm. Rihel&amp;#x27;s. H Œ B Tafel XXXII Nr. 17.)
          <lb/>20, Got., 6 unn., 524 num., 20 unn. 2sp. Bll., Kopft., Kust.,
          <lb/>Marg., Init., Titel rot u. schware mit Einfassung von Tobias Stimmer,
          <lb/>zahlr. Abb., von denen einige mit Monogramm Stimmer&amp;#x27;s.
          <lb/>Bl. a 2a: ... Herren Friderich Grauenzu Wirtenberg,
          <lb/>Mümpelgard vnd Horburg &amp;amp;c. meinem gnädigen Herren...
          <lb/>— Geben zu Hunaweiler den 18 tag Martij. Jm Jar 1574.
          <lb/>Conrad Lautenbach. (Vorrede, 9 S.)
          <lb/>R10445(1). Prov.: Wilh. Köbner, Breslau (Katal. 171 Nr. 314)
          <lb/>2. II1. 1885; 4 M. Handschr. Vermerk: Hic liber meus est. Baurgius
          <lb/>Arlatensis 1672.
          <lb/>1282
        </p>
      </div>
    </body>
  </text>
</TEI>
