<?xml version='1.0' encoding='UTF-8'?>
<?xml-model href="https://raw.githubusercontent.com/OpenITI/tei_openiti/master/tei_openiti.rng" type="application/xml" schematypens="http://relaxng.org/ns/structure/1.0"?>
<?xml-model href="https://raw.githubusercontent.com/OpenITI/tei_openiti/master/tei_openiti.rng" type="application/xml" schematypens="http://purl.oclc.org/dsdl/schematron"?>
<TEI xmlns="http://www.tei-c.org/ns/1.0">
  <teiHeader>
    <fileDesc>
      <titleStmt>
        <title/>
      </titleStmt>
      <publicationStmt>
        <p/>
      </publicationStmt>
      <sourceDesc>
        <p/>
      </sourceDesc>
    </fileDesc>
    <profileDesc>
      <calendarDesc>
        <calendar xml:id="ah">
          <p>Anno Hegirae</p>
        </calendar>
      </calendarDesc>
    </profileDesc>
    <xenoData xml:space="preserve">
CREATED: 2024-04-15T07:35:06.890003+00:00
CREATED BY: eScriptorium vpassthistobuildcmd
IMAGE FILENAME: A121078-3141.tif
IMAGE WIDTH: 2316
IMAGE HEIGHT: 3848
</xenoData>
  </teiHeader>
  <text>
    <body>
      <div>
        <p>
          <lb/>FRENZEL Salomon
          <lb/>SALOMONIS FRENZELII Vratislaviensis, Poetae Laureati
          <lb/>POEMATA SACRA ET NOVA: QVIBVS PRIMVM REDEMPTIONIS
          <lb/>Strassburg, A. Bertram 1585
          <lb/>N
          <lb/>OEO
          <lb/>585
          <lb/>2
          <lb/>OATATIS SVÆ. XXIIIL.
          <lb/>ANNO CHRI. M.D.IXXXV.
          <lb/>NOSTRAE OPVS, succinta serie &amp;amp; integra, usque ad Mini¬
          <lb/>sterium
          <lb/>Christi conscriptum est: libris quinque distincta,
          <lb/>quarum priores quatuor de partu Vir- ginis; quintus de
          <lb/>nomine IESV.
        </p>
      </div>
    </body>
  </text>
</TEI>
