<?xml version='1.0' encoding='UTF-8'?>
<?xml-model href="https://raw.githubusercontent.com/OpenITI/tei_openiti/master/tei_openiti.rng" type="application/xml" schematypens="http://relaxng.org/ns/structure/1.0"?>
<?xml-model href="https://raw.githubusercontent.com/OpenITI/tei_openiti/master/tei_openiti.rng" type="application/xml" schematypens="http://purl.oclc.org/dsdl/schematron"?>
<TEI xmlns="http://www.tei-c.org/ns/1.0">
  <teiHeader>
    <fileDesc>
      <titleStmt>
        <title/>
      </titleStmt>
      <publicationStmt>
        <p/>
      </publicationStmt>
      <sourceDesc>
        <p/>
      </sourceDesc>
    </fileDesc>
    <profileDesc>
      <calendarDesc>
        <calendar xml:id="ah">
          <p>Anno Hegirae</p>
        </calendar>
      </calendarDesc>
    </profileDesc>
    <xenoData xml:space="preserve">
CREATED: 2024-04-15T07:35:12.328670+00:00
CREATED BY: eScriptorium vpassthistobuildcmd
IMAGE FILENAME: A121078-3360.tif
IMAGE WIDTH: 2382
IMAGE HEIGHT: 3856
</xenoData>
  </teiHeader>
  <text>
    <body>
      <div>
        <p>
          <lb/>802
          <lb/>Argentorati per Vuendelinum! Rihelium.! Mense Sep¬
          <lb/>tembri. ANNo M. D. XXXIX. (Rücks. leer.)
          <lb/>Am Schluss: ARGENTORATIIN! Aedibus Vuendelini Ri¬
          <lb/>helij. Mense Septembri. ANNo M. D. XXXIX. Auf der Rücks.
          <lb/>Druckerm. Rihels (H &amp;amp; B Tafel XXIX Nr. 2, Silvestre Nr. 742).
          <lb/>Vocum et Fabularum. 19 unn. Bll., 2sp. mit Wiederholung des Explicit.
          <lb/>80, Griech., 254 S., 1 unn. Bl., Kopft., Kust., Init. Dazu: Index
          <lb/>Bedrotus.
          <lb/>Der Kommentar wird Didymus zugeschrieben. Herausg. Jacobus
          <lb/>mit der Jahreszahl 1540.
          <lb/>R101477. Geschenk der UB Königsberg 1871. Alter Einband
          <lb/>2. Ex. R101.478. Prov.: Quaritsch, London 10. IV. 1898, 26 M.
          <lb/>Bibl. Bodleiana; Stadtbibl. Strassburg O 2812aa1) u. 0 2712bb. 1193
          <lb/>BN Paris, Yb. 833-834; Rés. Yb. 534-536 u. 537-539; Oxford
          <lb/>HOMERUS
          <lb/>Strassburg, W. Köpfel 1542
          <lb/>OATEXEIA. Bgtoazoupopayía] ónvot. A8.... M. D. XLII.
          <lb/>Am Schluss: EN APPENTOPATO. HAPA ] Bohoíω τῷ Kega¬
          <lb/>Aaío... a ou8. Mnvi! Moviytóv.
          <lb/>80, Griech., 251 num., 4 unn. Bll., 1 leeres Bl., Kopft., die Verse
          <lb/>sind ebenfalls gezdhlt, bei jedem Gesang neue Zählung; Init., Titelein¬
          <lb/>fassung der Ausgabe von 1525.
          <lb/>Auf der Rücks, des Titelbl.: Widmungsbrief des Joh. Leontonicos
          <lb/>an Melanchthon.
          <lb/>Daran das Leben Homers wie in der Ausgabe von 1525.
          <lb/>R101464. Prov.: Kirchhoff &amp;amp; Wigand, Leipzig 19. V. 1890; 2M.
          <lb/>BN Paris, Yb. 510 u. 529; Stadtbibl. Strassburg.
          <lb/>1194
          <lb/>HOMERUS
          <lb/>Strassburg, W. Köpfel 1542
          <lb/>OMH-¡ POY IAIAE !...
          <lb/>Argent. apud Vuolf. Cephal. M. D. XLII. Auf der Rücks.
          <lb/>des letzten Bl. Druckerm. Köpfels (HEB Tafel XVIII Nr. 9; Sul¬
          <lb/>vestre Nr. 1018).
          <lb/>Darunter: EN APTENTOPATQ HAPA! Boλoíω W. Ksga¬
          <lb/>Raío... 4 ou8. Mnvè! Rovytov.
          <lb/>80, Griech., 277 num., 3 unn. Bll., Kopft., Kust. Init., Titelein¬
          <lb/>fassung (H æ B Tafel XVI Nr. 3).
          <lb/>Auf der Rücks. des Titelbl.: PHILIPPO MELANCHTHONI...
          <lb/>Io. Lonicerus... — Argentorati. 1525. pridie Idus februa¬
          <lb/>rias. (2S.)
        </p>
      </div>
    </body>
  </text>
</TEI>
