<?xml version='1.0' encoding='UTF-8'?>
<?xml-model href="https://raw.githubusercontent.com/OpenITI/tei_openiti/master/tei_openiti.rng" type="application/xml" schematypens="http://relaxng.org/ns/structure/1.0"?>
<?xml-model href="https://raw.githubusercontent.com/OpenITI/tei_openiti/master/tei_openiti.rng" type="application/xml" schematypens="http://purl.oclc.org/dsdl/schematron"?>
<TEI xmlns="http://www.tei-c.org/ns/1.0">
  <teiHeader>
    <fileDesc>
      <titleStmt>
        <title/>
      </titleStmt>
      <publicationStmt>
        <p/>
      </publicationStmt>
      <sourceDesc>
        <p/>
      </sourceDesc>
    </fileDesc>
    <profileDesc>
      <calendarDesc>
        <calendar xml:id="ah">
          <p>Anno Hegirae</p>
        </calendar>
      </calendarDesc>
    </profileDesc>
    <xenoData xml:space="preserve">
CREATED: 2024-04-15T07:35:04.858608+00:00
CREATED BY: eScriptorium vpassthistobuildcmd
IMAGE FILENAME: A121078-3006.tif
IMAGE WIDTH: 2370
IMAGE HEIGHT: 3848
</xenoData>
  </teiHeader>
  <text>
    <body>
      <div>
        <p>
          <lb/>450
          <lb/>EBER Paul
          <lb/>Strassburg, Chr. Müller, 1563
          <lb/>Vom Heyligen Sacrament des Leibs vnd Blûts vnsers
          <lb/>Herren Jesv Christi... [Titelbl. fehlt in meinem Ex., inhaltlich
          <lb/>wohl derselbe Wortlaut wie in Nr. 670.]
          <lb/>Am Schluss: Gedruckt zù Straszburg! am Kornmarckt
          <lb/>bey Christian Müller, Jm Jar, M. D. LXIII. (Vign. Rück¬
          <lb/>seite leer.)
          <lb/>9 Bll. der Ausgabe von 1562 fehlen; von S. 401 an ist der Text ver¬
          <lb/>80, Got., 415 S., Kopftitel, Kustoden, Marginalien; die letzten
          <lb/>schieden von demjenigen der Ausgabe 1562.
          <lb/>Namen der Unterzeichner sind die gleichen wie in der Ausgabe 1562.
          <lb/>Die Vorrede an den Leser sovie die Konkordanzformel und die
          <lb/>R102.110. Prov, unbekannt. Titelbl, sowie die 5 ersten Bll. fehlen.
          <lb/>671
          <lb/>EBERTZ Petrus, Disputatio secunda de materia et forma dona¬
          <lb/>tionis simplicis. Siche: OBRECHT Georgius, Oikonomia do¬
          <lb/>nationis simplieis et relatae. Strassburg, A. Bertram, 1595. R10.558.
          <lb/>SB Berlin Fi 59 (Nr. 5).
          <lb/>ECCIUS Johannes. Siche: ECK Johannes
          <lb/>ECK Johannes
          <lb/>Strassburg, M. Hupfuff, 1507
          <lb/>Bursa pauonis! Logices exercitamenta! Appelata parua
          <lb/>logicalia. a Johanne Eccio In regio Friburgiorum archigym
          <lb/>nasio cantatissimo congesta ac examina ta. In eo contu¬
          <lb/>bernio litterario. quod Pauonis Bursa nuncupatur.
          <lb/>Tractatus subsequentis operis.Suppositionum Appel¬
          <lb/>lationum Statuum Ampliationum Alienationum Consequen¬
          <lb/>tiarum Restrictionum Remotionum Probationum. Nec
          <lb/>non absolutissima obligationum Insolubilium et alio! rum
          <lb/>docta discussio.
          <lb/>Am Schluss: Impressum Argentine per Mathiam Hupfuff
          <lb/>Anno M. D. vij.
          <lb/>4°, Got., 58 unn. Bll., Sign. A-K. Marginalien, Zierinitiale L.
          <lb/>R101.096. Prov.: UB Freiburg Br., 29/XI1 1877; 3M50.
          <lb/>Zahlreiche handschr. Notizen. Schmidt V, Nr. 66 : Freiburg u. Ehemalige
          <lb/>Strassburger Bibl. Inkun. 1678.
          <lb/>SB Berlin.
          <lb/>Bibliographie Eck&amp;#x27;s: Schottenloher I, Nr. 5184-5244.
          <lb/>672
        </p>
      </div>
    </body>
  </text>
</TEI>
