<?xml version='1.0' encoding='UTF-8'?>
<?xml-model href="https://raw.githubusercontent.com/OpenITI/tei_openiti/master/tei_openiti.rng" type="application/xml" schematypens="http://relaxng.org/ns/structure/1.0"?>
<?xml-model href="https://raw.githubusercontent.com/OpenITI/tei_openiti/master/tei_openiti.rng" type="application/xml" schematypens="http://purl.oclc.org/dsdl/schematron"?>
<TEI xmlns="http://www.tei-c.org/ns/1.0">
  <teiHeader>
    <fileDesc>
      <titleStmt>
        <title/>
      </titleStmt>
      <publicationStmt>
        <p/>
      </publicationStmt>
      <sourceDesc>
        <p/>
      </sourceDesc>
    </fileDesc>
    <profileDesc>
      <calendarDesc>
        <calendar xml:id="ah">
          <p>Anno Hegirae</p>
        </calendar>
      </calendarDesc>
    </profileDesc>
    <xenoData xml:space="preserve">
CREATED: 2024-04-15T07:35:13.779169+00:00
CREATED BY: eScriptorium vpassthistobuildcmd
IMAGE FILENAME: A121078-3415.tif
IMAGE WIDTH: 2416
IMAGE HEIGHT: 3852
</xenoData>
  </teiHeader>
  <text>
    <body>
      <div>
        <p>
          <lb/>cher der Geschichte der Juden); 12 unn., CLXXXIII num., 8 unn.
          <lb/>2°, Got., 13 unn., COCXLIV num. u. 18 unn. 2sp. Bll. (20 Bü¬
          <lb/>2sp. Bll. für die anderen Bücher; Kopft., Kust., Marg., Init.; Vorreden
          <lb/>der früheren Ausgaben.
          <lb/>1880, 6 M. Handschr. Eintragungen: Auf dem Titelbl.: Theophil Kamp¬
          <lb/>R10.441. Prov.: Trübner (Auktion Freiesleben), Strassburg 16.XII.
          <lb/>mann — Benedict Vnger 1636 — Ex clementissimis manibus serenissimae
          <lb/>Celsissimaeque Principis ac dominae Dominae Fridericae Dorotheae Mar¬
          <lb/>chionis... Josephi libros accepit. Die 4 Januarij 1715 M. Georg Adolphus
          <lb/>Rähfelius Winninga Mosellanus... et Consignatus Willstadiensium Pars
          <lb/>Rhenanorum prope Argentoratum Pastor. Auf der Rüeks, des letzten Bl.:
          <lb/>Anno Domini 1568 hatt gott der Almechtig Christof Hertzog zû Wirt¬
          <lb/>temberg vnd Cork, graff zû mömpelgart... ausz diser welt erfordert...
          <lb/>den 28 tag Decembris nachmittag... zwischen 6 vnd 7 ure. — Anno Do¬
          <lb/>mini 1569 den 13 januar hat man Ludovicum, Hertzog zû Wirttemberg
          <lb/>vnd Cork, graff zu Mömpelgartt als vnserm gnedigen angeborne herrn
          <lb/>vnd Lands fürsten onegefärlich vormittag vmb 9 ure. Erbhuldung ge¬
          <lb/>thon... — Anno Domini 1568 den andern tag mayens hatt Gott Der
          <lb/>Almechtig Eberhart hertzog zû Wirttenberg vnnd Cork, graff zu Mömpel¬
          <lb/>gartt solch fürstliche gnaden Loblicher gedechtnus ausz diser welt erfor¬
          <lb/>dert. Dem gott genedig sey, vnd ein frewlich aufferstehung gebe. Amen.
          <lb/>Verscheiden nachmittag vmb 2 ure z4 Geppingen.
          <lb/>1272
          <lb/>JOSEPHUS Flavius
          <lb/>Strassburg, Balth. Beck 1544
          <lb/>JOsephi des hoch- berümpten vnd fast nutzlich-en
          <lb/>histori beschreibers. Zwentzig bücher von den alten ge¬
          <lb/>schich- ten, nach den alten Exemplaren fleissig corrigiert
          <lb/>vnd gebessert.! Siben bücher von dem Jüdischen krieg...
          <lb/>(wie in den Ausgaben von 1535 u. 1539.) Straszburg. M. D. XLIIII.
          <lb/>Am Schluss, vor dem Register: End der bücher Flauuij Jo¬
          <lb/>sephi... Anno XXXV.Getruckt zû Straszburg bey Bal¬
          <lb/>thassar! Beck.
          <lb/>20, Got., 13 unn., CCCXLIV num., 18 unn. 2sp. Bll. (20 Bücher
          <lb/>Geschichte der Juden), 12 unn., CLXXXIII num., 9 unn. 2sp. Bll. für
          <lb/>die ubrigen Bücher; Kopft., Kust., Marg., Init.; Vorreden u. Titelbl.
          <lb/>vie in den früheren Ausgaben.
          <lb/>R10.443. Geschenk der Wiss. Gesellschaft der Oberlausitz in
          <lb/>Görlite 1871. Letztes Bl. fehlt, handschr, ergänst.
          <lb/>1273
          <lb/>JOSEPHUS Flavius
          <lb/>Strassburg, J. Frölich 1550
          <lb/>HISTORIA BELLI IVDAICIEX IOSEPHO HEBRAEO, QVEM
          <lb/>Iudaei hodie uocant Iosiphon, translata per DAVIDEM
          <lb/>(3 Dist.)
          <lb/>857
        </p>
      </div>
    </body>
  </text>
</TEI>
