<?xml version='1.0' encoding='UTF-8'?>
<?xml-model href="https://raw.githubusercontent.com/OpenITI/tei_openiti/master/tei_openiti.rng" type="application/xml" schematypens="http://relaxng.org/ns/structure/1.0"?>
<?xml-model href="https://raw.githubusercontent.com/OpenITI/tei_openiti/master/tei_openiti.rng" type="application/xml" schematypens="http://purl.oclc.org/dsdl/schematron"?>
<TEI xmlns="http://www.tei-c.org/ns/1.0">
  <teiHeader>
    <fileDesc>
      <titleStmt>
        <title/>
      </titleStmt>
      <publicationStmt>
        <p/>
      </publicationStmt>
      <sourceDesc>
        <p/>
      </sourceDesc>
    </fileDesc>
    <profileDesc>
      <calendarDesc>
        <calendar xml:id="ah">
          <p>Anno Hegirae</p>
        </calendar>
      </calendarDesc>
    </profileDesc>
    <xenoData xml:space="preserve">
CREATED: 2024-04-15T07:35:14.302073+00:00
CREATED BY: eScriptorium vpassthistobuildcmd
IMAGE FILENAME: A121078-3439.tif
IMAGE WIDTH: 2428
IMAGE HEIGHT: 3852
</xenoData>
  </teiHeader>
  <text>
    <body>
      <div>
        <p>
          <lb/>Statt Straszburg... — Decretum Zinstags, den 14. Martij
          <lb/>Anno M. D. XCVIII. (6S.)
          <lb/>R102.402. Prov.: Bibl. Heite, Strassburg. Handschr. Vermerke
          <lb/>am Schluss des Buches.
          <lb/>Stadtbibl. Strassburg.
          <lb/>1311
          <lb/>Air chen Oronuttg,
          <lb/>6200
          <lb/>TEBHUINO
          <lb/>re Gõttliches Mortg, on θ Sett Pete¬
          <lb/>monien! Auch mit anderen daru
          <lb/>hotbwendigen Sachen¬
          <lb/>R Ser Rirchentzù Strasibitrg, bib hie
          <lb/>her gehalten mordent Bnd furobin/mit per let¬
          <lb/>hung Gottlicher Gnad̀e, gebalten merden soul.
          <lb/>881
          <lb/>Mit Befreiunq eines rbarn Abate
          <lb/>bafeist/ Sit nach;ubruden.
          <lb/>Gebruclt au Otraßburgl ben Sost Martin
          <lb/>ANNO M. D, XCVIII.
          <lb/>(Zu Nr. 1311)
          <lb/>R. 56
        </p>
      </div>
    </body>
  </text>
</TEI>
