<?xml version='1.0' encoding='UTF-8'?>
<?xml-model href="https://raw.githubusercontent.com/OpenITI/tei_openiti/master/tei_openiti.rng" type="application/xml" schematypens="http://relaxng.org/ns/structure/1.0"?>
<?xml-model href="https://raw.githubusercontent.com/OpenITI/tei_openiti/master/tei_openiti.rng" type="application/xml" schematypens="http://purl.oclc.org/dsdl/schematron"?>
<TEI xmlns="http://www.tei-c.org/ns/1.0">
  <teiHeader>
    <fileDesc>
      <titleStmt>
        <title/>
      </titleStmt>
      <publicationStmt>
        <p/>
      </publicationStmt>
      <sourceDesc>
        <p/>
      </sourceDesc>
    </fileDesc>
    <profileDesc>
      <calendarDesc>
        <calendar xml:id="ah">
          <p>Anno Hegirae</p>
        </calendar>
      </calendarDesc>
    </profileDesc>
    <xenoData xml:space="preserve">
CREATED: 2024-04-15T07:35:10.610568+00:00
CREATED BY: eScriptorium vpassthistobuildcmd
IMAGE FILENAME: A121078-3289.tif
IMAGE WIDTH: 2348
IMAGE HEIGHT: 3854
</xenoData>
  </teiHeader>
  <text>
    <body>
      <div>
        <p>
          <lb/>HAWENREUTER Johann Ludwig
          <lb/>Strassburg, J. Rihel 1573
          <lb/>ADAGIA CLASSICA: SCHO-] LIS ARGENTINEN- sibus di¬
          <lb/>gesta. A IOANNE LvDovIcoHauuenreutero. (Druckerm.
          <lb/>Rihels. HE B Tafel XXXI Nr. 9; Silvestre Nr. 599.)
          <lb/>Cum gratia &amp;amp; priuilegio Caesareo ad annos octo,
          <lb/>Excudebat Iosias Rihelius. M. D. LXXIII.
          <lb/>Am Schluss: ARGENTORATI, Excudebat losias Rihelius.
          <lb/>M. D. LXXIII.
          <lb/>80, Kursiv, Griech, u. Antiq., 2 unn. Bll., 302 S., 4 unn. Bll.
          <lb/>(Index, 2sp.), Kust., Init. M.
          <lb/>Auf der Rücks, des Titelbl.: IOAN. STVRMIVS DE VTILITA¬
          <lb/>TIBVS PRO- uerbiorum. (8 2.)
          <lb/>Bl. A 2a: IOAN. STVR- MIVS RECTOR, MODERATORIBVS
          <lb/>Classicis S. P. D.... — Ar- gentorati pridie Non. Feb.
          <lb/>M. D. LXXIII. (2 S.)
          <lb/>R102.419. Prov. : Bibl. Ch. Schmidt mit seinem Exlibris. Am
          <lb/>Schluss vor dem Explicit : Collegii Societatis Jesu (Ort unleserlich) 1611.
          <lb/>GK: UB Breslau.
          <lb/>1076
          <lb/>HAWENREUTER Johann Ludwig
          <lb/>Strassburg, J. Rihel 1574
          <lb/>THESES QVAE COMPLE-ctvntvr Hpoheyope- va λoγwὰ
          <lb/>propositae in Academia Argento ratensi, A! M. IOANNE
          <lb/>LVDOVICO HAWEN-reutero. Eas disputando tuebitur Vlri¬
          <lb/>cus Dieterich Argento-ratensis, 8. Idus Maij. (Druckerm.
          <lb/>Rihels. HŒB Tafel XXXII Nr. 13.)
          <lb/>M. D. LXXIIII. (Rücks, leer.)
          <lb/>40, Antig., 2 unn. Bll. Aufstellung von 12 Thesentiteln.
          <lb/>R102.292. Prov.; Trübner, Strassburg 20. V. 1879, 3 M.
          <lb/>Stadtbibl. Kolmar.
          <lb/>1077
          <lb/>HAWENREUTER Johann Ludwig
          <lb/>Strassburg, J. Rihel 1576
          <lb/>DE INANI PHYSICA DISQVI- SITIO EX SECVNDA PAR¬
          <lb/>TE QVARTI LIBRI PHYSICORVM! Aristotelis instituta.! PRAE¬
          <lb/>SIDE M. IOANNE) Ludouico Hawenreutero. Respondente
          <lb/>Iacobo Pappo Lindauiensi, prid. Nonas Februarij, in Aca¬
          <lb/>demia Argentoratensi. (Druckerm. Rihels. H Æ B Tafel XXXI
          <lb/>Nr. 9; Silvestre Nr. 599.)
          <lb/>M. D. LXXVI. (Rücks, leer.)
          <lb/>40, Antiq., 4 unn. Bll., Sign. A, Init. D.
          <lb/>R101289. Herkunft unbekannt.
          <lb/>731
          <lb/>1078
        </p>
      </div>
    </body>
  </text>
</TEI>
