<?xml version='1.0' encoding='UTF-8'?>
<?xml-model href="https://raw.githubusercontent.com/OpenITI/tei_openiti/master/tei_openiti.rng" type="application/xml" schematypens="http://relaxng.org/ns/structure/1.0"?>
<?xml-model href="https://raw.githubusercontent.com/OpenITI/tei_openiti/master/tei_openiti.rng" type="application/xml" schematypens="http://purl.oclc.org/dsdl/schematron"?>
<TEI xmlns="http://www.tei-c.org/ns/1.0">
  <teiHeader>
    <fileDesc>
      <titleStmt>
        <title/>
      </titleStmt>
      <publicationStmt>
        <p/>
      </publicationStmt>
      <sourceDesc>
        <p/>
      </sourceDesc>
    </fileDesc>
    <profileDesc>
      <calendarDesc>
        <calendar xml:id="ah">
          <p>Anno Hegirae</p>
        </calendar>
      </calendarDesc>
    </profileDesc>
    <xenoData xml:space="preserve">
CREATED: 2024-04-15T07:35:08.006108+00:00
CREATED BY: eScriptorium vpassthistobuildcmd
IMAGE FILENAME: A121078-3193.tif
IMAGE WIDTH: 2320
IMAGE HEIGHT: 3852
</xenoData>
  </teiHeader>
  <text>
    <body>
      <div>
        <p>
          <lb/>Holeschn.: Ein Mann bringt ein grosses Brot 4 Personen, die an
          <lb/>einem Tische sitzen.
          <lb/>Am Schluss, Bl. 6b: Ex edibus Matthie Schürerij! Mense
          <lb/>Decembri Anno 1508.
          <lb/>40, Got., 91 unn. Bll., 1 leeres Bl., Sign. a-r, 7 unn. Bll., Kopft.,
          <lb/>Marg., Init.
          <lb/>Auf der Rücks. des Titelbl.: De fructuosissimis Joh. Keisers-
          <lb/>bergii concionibus, quas annis XXX constanter Argentine
          <lb/>habuit J. W. S. (4 Dist.) Darunter: Beati Arnoaldi ad Lecto¬
          <lb/>rem Endecasyllabon.
          <lb/>Hinter dem Explicit Brief Otters an Wimpfeling datiert aus
          <lb/>Freiburg i. Br. XVIII. Kl. Jan, 1509.
          <lb/>R101.3621. Prov.: Bibl. Ch. Schmidt.
          <lb/>2. Ex. R 100.482. Prov.: Bibl. Heitz, Strassburg. Handschr. Ein¬
          <lb/>tragung: Attinet Tegernsee empta anno 1516.
          <lb/>Stadtbibl. Strassburg, Bibl. Wilh. u. Bibl, des Grossen Seminars
          <lb/>in Strassburg.
          <lb/>GK: SB Berlin, UB Göttingen, Marburg, Münster.
          <lb/>Proctor II Sectio I Nr. 10166: London Brit. Museum; Schmidt
          <lb/>VIII Nr. 7: Jadis Bibl. de Strasbourg Inkun. Nr. 2025; Walter: Schlett¬
          <lb/>stadt Nr. 1368.
          <lb/>949
          <lb/>637
          <lb/>GEILER Johannes
          <lb/>Strassburg, Joh. Knobloch 1508
          <lb/>Passio domini nostri Je! su Christi, ex euangelistarum
          <lb/>textu quam accuratissi- me deprompta additis sanctissi ! mis
          <lb/>exquisitissi- misque figuris. HEVS EME LECTOR.Nam et
          <lb/>lachrymas (nisi lapideus fue ! ris) ista tibi excutient: et
          <lb/>san-ctiorem vitam proti- nus inspira- bunt. Rigmanus (!)
          <lb/>Philesius ad lecto. (Lat. Akrostichon wie in der lat. Ausg, von 1506.)
          <lb/>Am Schluss: Ioannes Knoblouchus imprimebat. Argen.
          <lb/>Anno. M. D. VIII.
          <lb/>20, Antiq., 30 unn. Bll., 1 leeres Bl., Sign. A-E, Marg., Init.
          <lb/>Holeschn, wie in der Ausg. von 1507. (Schmidt VII Nr. 34.)
          <lb/>R 10.116. Prov. : Trübner, Strassburg 30. X. 1886; 122 M. Auf
          <lb/>der Innens. des Vorderdeckels : Exlibris von John Fuller Russel.
          <lb/>Dacheux, Geiler XCI, Proctor II Sectio I Nr. 10.063: London
          <lb/>Brit. Museum; Schmidt VII Nr. 40: Stadtbibl. Schlettstadt. Fehlt bei
          <lb/>Walter: Schlettstadt.
          <lb/>950
          <lb/>GEILER: Scomata. Siche: MARGARITA Facetiarum. Strassburg,
          <lb/>Joh. Grüninger 1508, Bl. D 5a-G 3b. R100.850.
        </p>
      </div>
    </body>
  </text>
</TEI>
