<?xml version='1.0' encoding='UTF-8'?>
<?xml-model href="https://raw.githubusercontent.com/OpenITI/tei_openiti/master/tei_openiti.rng" type="application/xml" schematypens="http://relaxng.org/ns/structure/1.0"?>
<?xml-model href="https://raw.githubusercontent.com/OpenITI/tei_openiti/master/tei_openiti.rng" type="application/xml" schematypens="http://purl.oclc.org/dsdl/schematron"?>
<TEI xmlns="http://www.tei-c.org/ns/1.0">
  <teiHeader>
    <fileDesc>
      <titleStmt>
        <title/>
      </titleStmt>
      <publicationStmt>
        <p/>
      </publicationStmt>
      <sourceDesc>
        <p/>
      </sourceDesc>
    </fileDesc>
    <profileDesc>
      <calendarDesc>
        <calendar xml:id="ah">
          <p>Anno Hegirae</p>
        </calendar>
      </calendarDesc>
    </profileDesc>
    <xenoData xml:space="preserve">
CREATED: 2024-04-15T07:35:14.269999+00:00
CREATED BY: eScriptorium vpassthistobuildcmd
IMAGE FILENAME: A121078-3437.tif
IMAGE WIDTH: 2426
IMAGE HEIGHT: 3852
</xenoData>
  </teiHeader>
  <text>
    <body>
      <div>
        <p>
          <lb/>Am Schluss: In der löblichen freistatt Straszburg truckts
          <lb/>Peter Schäffer, bei Hansen Schwyntzern, vnd ward vol¬
          <lb/>endet am ersten Aprilis, nach der geburt Christi vnsers
          <lb/>Herren, 1 M. D. XXXI.
          <lb/>Darûber: Druckerm. Schäffers. (HAB Tafel XXII Nr. 1.)
          <lb/>20, Got., LVI num., 2 leere Bll., Kopft., Kust,, zahlr. Abb,, die
          <lb/>sich auf den Text bezichen.
          <lb/>Auf der Rücks. des Titelbl.: Dem Fürnemen wolgeachten
          <lb/>kauffherren Hansen Volmar, Burgern zû Rotwyl... Vlrich
          <lb/>Kern! von Freysing, Rechenmeister vnd teutscher schrei¬
          <lb/>ber... — Datum Straszburg am ersten tag Mertzens, im
          <lb/>M. D. xxxi. Jare. Darunter: Zum Kauffer dises Bûchs.
          <lb/>R10.383. Prov.: Welter, Paris 4. VI. 1895; 52 Fr. Auf dem
          <lb/>Titelbl.: Ex libris M. Michaelis Moeschlini (?) Goeppingensis, 23. Decemb.
          <lb/>1590. Auf der Rücks, des Schutabl.: Exlibris mit den Worten: Ex Bi¬
          <lb/>bliotheca Michaelis Chasles Acad. Scientiar. Socii; signiert Benard.
          <lb/>Stadtbibl. Strassburg D 5228.
          <lb/>Siche: Pregler Hans: Ulrich Kern, ein Freisinger Rechenmeister.
          <lb/>In: Frisinga, Bd. VII (1930) S. 33-46.
          <lb/>1307
          <lb/>KESSLER Isaac
          <lb/>Strassburg, Samuel Emmel 1566
          <lb/>Kurtz Exa-men vnd vnderricht vom Sacrament
          <lb/>des heyligen Abentmals Christi vnsers Herren.
          <lb/>Für die Christliche Ju- gendt zû Strasz- burg.Zûsam¬
          <lb/>men gezogen durch! Herr Isaac Keszler,! Pfarrherrn zûm
          <lb/>Al-[ten S. Pe-[ter.
          <lb/>Getruckt zû Straszburg bey Samuel Emmel, Anno
          <lb/>M. D. LXVI.
          <lb/>Auf der Rücks, des Titelbl.: Das Jesukind, einen Rosenkranz am
          <lb/>Halse, in der linken Hand die von einem Kreuze uberragte Weltkugel
          <lb/>haltend; das Ganze von einem Blumengewinde eingefasst.
          <lb/>Auf der Rücks, des letzten Bl.: Druckerm. Emmel&amp;#x27;s. (HCB Tafel
          <lb/>XXXV Nr. 1, Silvestre Nr. 822.)
          <lb/>8°, Got., 12 unn. Bll., Sign. A-C, Kopft., Kust., Titeleinfassung,
          <lb/>die sich auf allen Seiten viederholt.
          <lb/>Bl. C3a: S. Johannis Hussen Lied gebessert. D. Martin Luther.
          <lb/>(10 vierzeilige Strophen.)
          <lb/>R 102.388. Prov.: Theod. Ackermann, München (Katalog 93 Nr.
          <lb/>556), 27. IV. 1883;8 M. 50.
          <lb/>1308
          <lb/>KINDERBERICHT 1527. Siche: CAPITO Wolfgang Fabricius
          <lb/>879
        </p>
      </div>
    </body>
  </text>
</TEI>
