<?xml version='1.0' encoding='UTF-8'?>
<?xml-model href="https://raw.githubusercontent.com/OpenITI/tei_openiti/master/tei_openiti.rng" type="application/xml" schematypens="http://relaxng.org/ns/structure/1.0"?>
<?xml-model href="https://raw.githubusercontent.com/OpenITI/tei_openiti/master/tei_openiti.rng" type="application/xml" schematypens="http://purl.oclc.org/dsdl/schematron"?>
<TEI xmlns="http://www.tei-c.org/ns/1.0">
  <teiHeader>
    <fileDesc>
      <titleStmt>
        <title/>
      </titleStmt>
      <publicationStmt>
        <p/>
      </publicationStmt>
      <sourceDesc>
        <p/>
      </sourceDesc>
    </fileDesc>
    <profileDesc>
      <calendarDesc>
        <calendar xml:id="ah">
          <p>Anno Hegirae</p>
        </calendar>
      </calendarDesc>
    </profileDesc>
    <xenoData xml:space="preserve">
CREATED: 2024-04-15T07:35:06.510748+00:00
CREATED BY: eScriptorium vpassthistobuildcmd
IMAGE FILENAME: A121078-3117.tif
IMAGE WIDTH: 2306
IMAGE HEIGHT: 3844
</xenoData>
  </teiHeader>
  <text>
    <body>
      <div>
        <p>
          <lb/>Mit Rö. Kaiserlicher Maiestat Befreiung auf zehen Jar.
          <lb/>Einblattdruck, 2°, Got., Holzschn, wie in vorhergehender Nummer.
          <lb/>Verkürzte Ausgabe, nur 147 Verse statt 308, mit folgendem Schluss:
          <lb/>Hiemit sei das Werk kurz erklärt,
          <lb/>Dem, der den Inhalt kurz begertt:
          <lb/>Welchen, auf das man basz mög fassen
          <lb/>Hat Bernhart Jobin solcher masen
          <lb/>Scheinlich das Werk fürmalen lasen.
          <lb/>R 97. Herkunft unbekannt.
          <lb/>Hauffen II, S. 175: Die Breite der Darstellung [der vorigen Num¬
          <lb/>merl schädigte den Vertrieb. Diese Fassung wurde nicht wieder aufgelegt.
          <lb/>Darum sah sich Fischart genötigt, auf Wunsch des Verlegers, das Gedicht
          <lb/>um mehr als die Hälfte, auf 147 Verse zu kürzen. Die erste Ausgabe
          <lb/>erschien wahrscheinlich noch im gleichen Jahr... Die Kürzung hat sich
          <lb/>gut bewährt, denn von dieser Fassung sind zehn Auflagen erhalten. Die
          <lb/>älteren erschienen wahrscheinlich bald nach 1574; die weiteren von 1602
          <lb/>an. Abgesehen von orthographischen Unterschieden haben sie alle den
          <lb/>gleichen Wortlaut, nur fehlen den letzten fünf Drucken von 1617-1718.
          <lb/>die letzten drei Verse. Nur diese Ausgaben bringen Fischarts Namen.&amp;quot;
          <lb/>Goedecke II?, S. 494 Nr. 13.
          <lb/>852
          <lb/>561
          <lb/>FISCHART Johann
          <lb/>Strassburg, Bern. Jobin 1578
          <lb/>Flöh Haz, Weiber Traz.
          <lb/>Der wunder vnrichtige, vnd spatwichtige Rechtshandel
          <lb/>der Flöh mit den Weibern: Ain Neu geläs, auf das vber
          <lb/>kurzweiligst zu belachen, wa anders die Flöh mit stechen
          <lb/>aim die kurz weil nicht lang machen. Durch Hultrich
          <lb/>Holeschn.: awvei Frauen, gwei Männer und ein Eleines Kind auf
          <lb/>der Flohjagd. Darunter 11 deutsche Verse. Daneben das Datum 15. 78.
          <lb/>(Rücks, leer.)
          <lb/>Am Schluss: Getruckt zu Stras-burg bei Bernhart
          <lb/>Jobin. Anno 1.5.7.8.
          <lb/>80, Got., 72 unn. Bll. Sign. A-I. Titeleinfassung (Verzierungen),
          <lb/>desgleichen jede Seite von 4 Bordüren eingefasst, Titel rot u. schwarz.
          <lb/>Bern. Jobin war der Schwager Fischarts, bei dem letzterer fast
          <lb/>alle Werke drucken liess. Erste Ausg. des Flöhatz bei Jobin 1573.
          <lb/>R 100.245. Prov. : Trübner, Strassburg 9. VI. 1881; 45 M.
          <lb/>GK: SB Berlin.
          <lb/>Goedecke II°, S. 492 Nr. 83, Hauffen I, 53, 152, 154-161, II, 221,
          <lb/>278-9, 374.
          <lb/>853
          <lb/>R. 36
        </p>
      </div>
    </body>
  </text>
</TEI>
