<?xml version='1.0' encoding='UTF-8'?>
<?xml-model href="https://raw.githubusercontent.com/OpenITI/tei_openiti/master/tei_openiti.rng" type="application/xml" schematypens="http://relaxng.org/ns/structure/1.0"?>
<?xml-model href="https://raw.githubusercontent.com/OpenITI/tei_openiti/master/tei_openiti.rng" type="application/xml" schematypens="http://purl.oclc.org/dsdl/schematron"?>
<TEI xmlns="http://www.tei-c.org/ns/1.0">
  <teiHeader>
    <fileDesc>
      <titleStmt>
        <title/>
      </titleStmt>
      <publicationStmt>
        <p/>
      </publicationStmt>
      <sourceDesc>
        <p/>
      </sourceDesc>
    </fileDesc>
    <profileDesc>
      <calendarDesc>
        <calendar xml:id="ah">
          <p>Anno Hegirae</p>
        </calendar>
      </calendarDesc>
    </profileDesc>
    <xenoData xml:space="preserve">
CREATED: 2024-04-15T07:35:06.822513+00:00
CREATED BY: eScriptorium vpassthistobuildcmd
IMAGE FILENAME: A121078-3137.tif
IMAGE WIDTH: 2314
IMAGE HEIGHT: 3848
</xenoData>
  </teiHeader>
  <text>
    <body>
      <div>
        <p>
          <lb/>FRAG
          <lb/>[Strassburg] 1524
          <lb/>Ain hüpsche frag von ainem iüngling an ainen altten
          <lb/>Cartheüser, wie die Epistel ad Titum Ẑ versteen sey,
          <lb/>vnnd wie der Carteüser in vn derweyszt, vnd im dar¬
          <lb/>leget, wie yetz vnnsere! schefflin von den hürten so übel
          <lb/>versorgt seind, darbey ist ain Lantzknecht ge standen,
          <lb/>hat solchs auffgeschriben mit namen hainrich Summer
          <lb/>hart von Colmar. Im Jar. MD XXIIII.
          <lb/>Holeschn.: Ein Karthäuser im Gespräch mit einem jungen Manne,
          <lb/>im Hintergrund: ein Landsknecht.
          <lb/>40, Got., 4 unn. Bl., Sign. a. Init. D.
          <lb/>R102.084. Prov.: Bibl. Böcking. Handschr. Notizen.
          <lb/>Panzer, Deutsche Annalen II S. 220 Nr. 2487.
          <lb/>880
          <lb/>Strassburg, J. Cammerlander 1540
          <lb/>FRANCK Fabian
          <lb/>Orthographia! Haimliche vnd verborg! ne Cancellei.
          <lb/>Orthographia, wie mann recht gründt-lich teütsch schrei¬
          <lb/>ben sol. Wie ein gût freundt dem andern haimliche
          <lb/>vnd verborgne brieff, dmit sie nit so bald von jder! man
          <lb/>gelesen, durch vil seltzame charactere vnnd! practik, zû
          <lb/>schreiben mag, ein kurtzer bericht.
          <lb/>Item, Von mancherlei weiss dinten vnnd farben zû
          <lb/>machen, Auch wie mann goldt vnd silber, sampt! allen
          <lb/>metallen ausz de federn schreiben, Auch federn! vnd per¬
          <lb/>gamen allerlei farben ferben sol.
          <lb/>Item, Ein kurtz Cantzellei büchlein, wie mann ei- nem
          <lb/>jeden, hohen vnd nidern standts, geburt, oder ampts halben
          <lb/>schreiben sol. Allen Schreibern vast nützlich zûwissen.
          <lb/>Zû Straszburg beim J. Cammerlander. (Rücks, leer.)
          <lb/>Am Schluss vor dem Index: Getruckt zû Straszburg bei
          <lb/>M. Jacob Cammer lander in der grossen Stadelgass. Anno
          <lb/>M. D. XL. (Zierleisten.)
          <lb/>40, Got., 4 unn., XXXIII num. u. 3 unn. Bll., Kopft., Kust.
          <lb/>Der Titel ist umgeben von verschiedenen Figuren u. Instrumenten
          <lb/>wvie Scheere, Sâge, Möbel, Vögel; unten Kirche in einer Landschaft,
          <lb/>ein Schiff, dazwischen eine Krone, darüber ein M.
          <lb/>Bl. 3b: 25 Tiere, jedes in einem Viereck, wiederholt auf der Rück¬
          <lb/>seite des folgenden Bl. sovie Bl. XXIVb u. auf der Vorders, des letsten
          <lb/>Bl. — Auf Bl. XXV, XXVI u. XXVII befinden sich in figürlicher
          <lb/>581
        </p>
      </div>
    </body>
  </text>
</TEI>
