<?xml version='1.0' encoding='UTF-8'?>
<?xml-model href="https://raw.githubusercontent.com/OpenITI/tei_openiti/master/tei_openiti.rng" type="application/xml" schematypens="http://relaxng.org/ns/structure/1.0"?>
<?xml-model href="https://raw.githubusercontent.com/OpenITI/tei_openiti/master/tei_openiti.rng" type="application/xml" schematypens="http://purl.oclc.org/dsdl/schematron"?>
<TEI xmlns="http://www.tei-c.org/ns/1.0">
  <teiHeader>
    <fileDesc>
      <titleStmt>
        <title/>
      </titleStmt>
      <publicationStmt>
        <p/>
      </publicationStmt>
      <sourceDesc>
        <p/>
      </sourceDesc>
    </fileDesc>
    <profileDesc>
      <calendarDesc>
        <calendar xml:id="ah">
          <p>Anno Hegirae</p>
        </calendar>
      </calendarDesc>
    </profileDesc>
    <xenoData xml:space="preserve">
CREATED: 2024-04-15T07:35:10.672825+00:00
CREATED BY: eScriptorium vpassthistobuildcmd
IMAGE FILENAME: A121078-3293.tif
IMAGE WIDTH: 2348
IMAGE HEIGHT: 3856
</xenoData>
  </teiHeader>
  <text>
    <body>
      <div>
        <p>
          <lb/>Auf der Rücks. des Titelbl.:... D. MARTINO KROTSCHO.
          <lb/>D. GEORGIO HOFMANNO. D. GEORGIO MEDERO MATHEMA¬
          <lb/>TICO. D. GEORGIO RVDELIO.Amplissimis Reipub. Kittin¬
          <lb/>gensis Senatoribus... PAVLVS VIRDVNGVS FRANCVS.
          <lb/>Bl. D1b: CHRISTOPHOR COLER ODE ALCAICA AD PAV¬
          <lb/>LVM VIRDVNGVM Cognatum &amp;amp; amicum. (Ode von II/, Seiten.)
          <lb/>Es folgen lat. Verse von Zacharius Biccius Budisinus, Ioannes Guul¬
          <lb/>helmus Holsatus u. Fridericus Ioannes Flensburgensis Holsatus.
          <lb/>R101.56420. Prov.: Hiersemann, Leipaig 25. I. 1935; 4M.
          <lb/>Handschr. Notiz auf dem Titelbl. : Clarissimo domino viro M. Josepho
          <lb/>Caesaremontano benevolentiae dat auctor.
          <lb/>1085
          <lb/>HAWENREUTER Johann Ludwig
          <lb/>Strassburg, A. Bertram 1592
          <lb/>DE MARI THESES EX PRINCIPIO L-BRI SECVNDI ME¬
          <lb/>TEORO-GICORVM ARISTOTELIS IN ACADEMIA Argentoratensi
          <lb/>ad disputandum propositae PRAESIDE
          <lb/>VICO HAWENREVTERO, D. Respondebit Albertus Gaiewsky
          <lb/>IOANNE LvDo¬
          <lb/>à Blociszewo POLONVS.Ad diem xi. Martij. Hora vi.
          <lb/>(Druckerm. Bertrams, H e B Tafel XLIV Nr. 2; Silvestre Nr. 1022.)
          <lb/>ARGENTORATI Excudebat Antonius Bertramus. M. D.
          <lb/>XCII. (Rücks, leer.)
          <lb/>40, Kursiv, 10 unn. Bll., Sign. A-B, Kust., Init. C.
          <lb/>R10156418. Prov.: Hiersemann, Leipzig 25. I. 1935; 4 M.
          <lb/>1086
          <lb/>HAWENREUTER Johann Ludwig
          <lb/>Strassburg, A. Bertram 1592
          <lb/>THESES PHYSICAEE QVARTO ME-teorologicorvm
          <lb/>Aristo- STOTELIS (!) LIBRO DESVMPTAE.) In inclyta Argen¬
          <lb/>toratensium Academia ad di- sputandum propositae.
          <lb/>PRAESIDE IOAN: LVDOVICO HAWENREVTERO Doctore Me¬
          <lb/>dico &amp;amp; Philosophico.! Respondente! PHILIPPO CHRISTOPHORO
          <lb/>ZORNIO Vormaciensi.) Ad diem 29. Aprilis. (Vign.).
          <lb/>ARGENTORATI Excudebat Antonius Bertramus.! M.
          <lb/>D. XCH.—
          <lb/>4°, Antig., 8 unn. Bll., Sign. A-B, Kust., Init. A.
          <lb/>Auf der Rücks. des Titelbl.:... M. FRIDERICO ZORNIO SCHO¬
          <lb/>LAE Vormaciensis RectoriPARENTI. — PHILIPPVS
          <lb/>CHRISTOPHORVS ZORNIVS] VORMACIENSIS.
          <lb/>735
        </p>
      </div>
    </body>
  </text>
</TEI>
