<?xml version='1.0' encoding='UTF-8'?>
<?xml-model href="https://raw.githubusercontent.com/OpenITI/tei_openiti/master/tei_openiti.rng" type="application/xml" schematypens="http://relaxng.org/ns/structure/1.0"?>
<?xml-model href="https://raw.githubusercontent.com/OpenITI/tei_openiti/master/tei_openiti.rng" type="application/xml" schematypens="http://purl.oclc.org/dsdl/schematron"?>
<TEI xmlns="http://www.tei-c.org/ns/1.0">
  <teiHeader>
    <fileDesc>
      <titleStmt>
        <title/>
      </titleStmt>
      <publicationStmt>
        <p/>
      </publicationStmt>
      <sourceDesc>
        <p/>
      </sourceDesc>
    </fileDesc>
    <profileDesc>
      <calendarDesc>
        <calendar xml:id="ah">
          <p>Anno Hegirae</p>
        </calendar>
      </calendarDesc>
    </profileDesc>
    <xenoData xml:space="preserve">
CREATED: 2024-04-15T07:35:06.108414+00:00
CREATED BY: eScriptorium vpassthistobuildcmd
IMAGE FILENAME: A121078-3091.tif
IMAGE WIDTH: 2316
IMAGE HEIGHT: 3844
</xenoData>
  </teiHeader>
  <text>
    <body>
      <div>
        <p>
          <lb/>unter dem Brustbild ein leerer Schild mit Querbalken; darurter lat
          <lb/>Inschrift: En hominis studium : Galeam: Rosea arma parentum
          <lb/>Symbola virtutis: sors sua quenque manet.
          <lb/>R 101.713. Prov.: Bibl. der alten Strassburger medizinischen Fa¬
          <lb/>kultät. Unter dem Titel, handschr. Eintragung: Collegij Societatis Mols¬
          <lb/>hemij 1623.
          <lb/>2. Ex.: M 2287.
          <lb/>GK: UB Berlin; BN Paris, 8°, Teics, 100(71).
          <lb/>808
          <lb/>ETSCHENREUTER Gallus
          <lb/>Strassburg, Chr. Müller Erben 1580
          <lb/>Aller heylsamen Bäder, Saur- brunnen, vnd anderer
          <lb/>was- ser, so in Teutschland bekandt vnd erfahren, Auch
          <lb/>jhrer Metallen vnd Mineralien natur, krafft, tu- gent vnd
          <lb/>wirckung.Beschrieben inn Teutscher spraach durch
          <lb/>Gallum Etschenreutterum, der Artzney Doctorem zû
          <lb/>Straszburg.
          <lb/>Jetz wider von newem Corrigiert, vnnd mit etlichen
          <lb/>Bädern gemehrt.
          <lb/>Holeschnitt: ein Schwimmbad, in dem sich 9 Männer befinden,
          <lb/>nebst einem Brunnen mit Röhre, aus der Wasser fliesst.
          <lb/>Darunter: M. D. LXXX. (Auf der Rücks.: Wappen.)
          <lb/>Am Schluss: Getruckt zû Straszburg beyChristian
          <lb/>Müllers Erben, Darüber: Druckerm. Müller&amp;#x27;s (HEB Tafel XXVIII
          <lb/>Nr. 4).
          <lb/>Bl. A 8b: Wappen Etschenreuter&amp;#x27;s. (Siehe Nr. 808.)
          <lb/>80, 8 unn. Bll., 192 S., 24 unn. Bll. (Register), Kopft., Kust.,
          <lb/>Init. W, E; Titeldruck rot u. schwarz.
          <lb/>Bl. A 2a: Dem Wolgebornen her-ren herrn Ernsten,
          <lb/>Graue zû Hol- stein, Schaumburg vnd Sternen-berg,
          <lb/>Herrn zû Gemmen, etc.... — Datum Strassburg den
          <lb/>13. Junii, An no 1571. !... Gallus Etschen- reutter, der
          <lb/>Artz- ney Doctor z6 Strassburg.
          <lb/>R1017183. Geschenk von Frau Mever, Schiltigheim, 7. IV. 1910.
          <lb/>2. E. R 102.088. Herkunft unbekannt. Handschr. Notiz,, letstes
          <lb/>Bl. fehlt. Auf der Rücks, des Schutzbl.: »Edition nouvelle mais origi¬
          <lb/>nale. Celle de 1616 sans nom de ville ni nom d’imprimeur est une contre¬
          <lb/>façon.=
          <lb/>GK: SB Berlin (2 Ex., dem einen Ex. fehlt das letste Bl.), UB
          <lb/>Berlin, Bonn, Königsberg.
          <lb/>809
          <lb/>535
        </p>
      </div>
    </body>
  </text>
</TEI>
