<?xml version='1.0' encoding='UTF-8'?>
<?xml-model href="https://raw.githubusercontent.com/OpenITI/tei_openiti/master/tei_openiti.rng" type="application/xml" schematypens="http://relaxng.org/ns/structure/1.0"?>
<?xml-model href="https://raw.githubusercontent.com/OpenITI/tei_openiti/master/tei_openiti.rng" type="application/xml" schematypens="http://purl.oclc.org/dsdl/schematron"?>
<TEI xmlns="http://www.tei-c.org/ns/1.0">
  <teiHeader>
    <fileDesc>
      <titleStmt>
        <title/>
      </titleStmt>
      <publicationStmt>
        <p/>
      </publicationStmt>
      <sourceDesc>
        <p/>
      </sourceDesc>
    </fileDesc>
    <profileDesc>
      <calendarDesc>
        <calendar xml:id="ah">
          <p>Anno Hegirae</p>
        </calendar>
      </calendarDesc>
    </profileDesc>
    <xenoData xml:space="preserve">
CREATED: 2024-04-15T07:35:07.121880+00:00
CREATED BY: eScriptorium vpassthistobuildcmd
IMAGE FILENAME: A121078-3156.tif
IMAGE WIDTH: 2314
IMAGE HEIGHT: 3848
</xenoData>
  </teiHeader>
  <text>
    <body>
      <div>
        <p>
          <lb/>600
          <lb/>Auf der Rüeks.: Ad Civitatem! Argentinam. (Lat. Uber¬
          <lb/>setzung der griech. Verse.)
          <lb/>Bl. B 3a: DOMINO M. NICO-DEMO FRISCHLINGO, POE¬
          <lb/>TAE GRAVISSIMO, MACHINAE Astronomicae à S. P. atque
          <lb/>Argent. nu- per magnis sumptibus erectae ce- lebratori
          <lb/>optimo, Christianus Egenolphus Francof. S.... (40 Dist.)
          <lb/>Auf der Rücks.: COMPARATIO TVRRIS ARGENTO- RATENSIS,
          <lb/>FABRICAE IBI- DEM NVPER EXCTRVCTAE, I eiusdemque prae¬
          <lb/>conis, eodem autore. (14 Dist.)
          <lb/>Bl. B 4a: M. ERHARDVS CEL- LVS SCHOLAE TVBINGEN¬
          <lb/>SIS PROFESSOR.... (33 Dist.)
          <lb/>Bl. KIb: GVILELMVS XYLANDER CVNRADO! Dasypodio...
          <lb/>— Heidel-bergae anno Sal. CID ID LXX. a. d. IV. Eid. Sept.
          <lb/>Bl. K2a: GVILIELMI XYLANDRI AVGVSTANI, IN HORO¬
          <lb/>LOGIVM Argentinense schediasma. (Gedicht von 10 S.)
          <lb/>R 102.290. Herkunft unbekannt.
          <lb/>Stadtbibl. Strassburg, Kolmar; GK: SB Berlin, UB Breslau, Göt¬
          <lb/>tingen; BN Paris, V. 8672, Y0. 2943 und Rés. m. Yc. 150; Oxford,
          <lb/>Bibl. Bodleiana.
          <lb/>Brunet II5, 1400: ,5 à 6 fr. Vend. 6 flor. Roven.&amp;quot;
          <lb/>903
          <lb/>FRISCHLIN Nikodemus
          <lb/>Strassburg, B. Jobin 1580
          <lb/>PRISCIANVS VAPVLANS. NICODEMI FRISCHLINI ALE¬
          <lb/>MAN NI COMEDIA LEPIDA, FACE-] ta &amp;amp; vtilis, in qua demon¬
          <lb/>strantur solœ- cismi &amp;amp; barbarismi, qui superioribus seculis
          <lb/>omnia artium &amp;amp; doctrinarum studia, quasi diluuio quo¬
          <lb/>dam inundarunt; scripta in lau- dem huius seculi. Spec¬
          <lb/>tatum admissi risum teneatis amici. Darunter kol. Holaschnitt,
          <lb/>den Verfasser mit seinem Buche darstellend, aus dem er acht Zuhörern
          <lb/>vorliest.
          <lb/>ARGENTORATI, Apud Bernhardum Iobinum. ANNo
          <lb/>M. D. LXXX. (Rucks, leer.)
          <lb/>80, Kursir, 149 S., Marg., Init., Titel rot u. schwvarz, Holz¬
          <lb/>schnitte S. 20, 37, 56, 75, 91.
          <lb/>S. 1-4: Widmung an den Grafen Friedrich von Würtemberg.
          <lb/>S. 5: Admonitio ad lectorem; S. 6-17: DAVID SIGEMUN¬
          <lb/>DUS CASso- viensis Hungarus L. S.... — Tubingae, Cal.
          <lb/>Maij, 1579.
          <lb/>R100.964. Prov.: Bibl. Böcking. Handschr. Notizen.
        </p>
      </div>
    </body>
  </text>
</TEI>
