<?xml version='1.0' encoding='UTF-8'?>
<?xml-model href="https://raw.githubusercontent.com/OpenITI/tei_openiti/master/tei_openiti.rng" type="application/xml" schematypens="http://relaxng.org/ns/structure/1.0"?>
<?xml-model href="https://raw.githubusercontent.com/OpenITI/tei_openiti/master/tei_openiti.rng" type="application/xml" schematypens="http://purl.oclc.org/dsdl/schematron"?>
<TEI xmlns="http://www.tei-c.org/ns/1.0">
  <teiHeader>
    <fileDesc>
      <titleStmt>
        <title/>
      </titleStmt>
      <publicationStmt>
        <p/>
      </publicationStmt>
      <sourceDesc>
        <p/>
      </sourceDesc>
    </fileDesc>
    <profileDesc>
      <calendarDesc>
        <calendar xml:id="ah">
          <p>Anno Hegirae</p>
        </calendar>
      </calendarDesc>
    </profileDesc>
    <xenoData xml:space="preserve">
CREATED: 2024-04-15T07:35:10.176752+00:00
CREATED BY: eScriptorium vpassthistobuildcmd
IMAGE FILENAME: A121078-3269.tif
IMAGE WIDTH: 2340
IMAGE HEIGHT: 3856
</xenoData>
  </teiHeader>
  <text>
    <body>
      <div>
        <p>
          <lb/>München der freyenkünst meyster, vor Rectorn vnd
          <lb/>Rä- then der gemeynen hohenschûl zû ingolstat fürge¬
          <lb/>worffen, als sol ten sie ketzerisch vnd von jme! vnchrist¬
          <lb/>lich gehaltenvnd gelert wor- den seyn.
          <lb/>*R100.690. Herkunft unbekannt. Handschr. Notiz: Lettre d’Ar¬
          <lb/>gula Grumbach, née Stauff, à l’Université d’Ingolstadt, à l’occasion d’une
          <lb/>retractation imposée à un nommé Arsacius Sehöffer de Munich. Sehöffer
          <lb/>revint plus tard au protestantisme.
          <lb/>GK: SB Berlin. Schmidt VI Nr. 37: Bibl. Wilh., Strassbura.
          <lb/>Bibliographie der Argula Grumbach : Schottenloher I Nr. 7636-
          <lb/>7646a.
          <lb/>1047
          <lb/>GRYNAEUS Simon
          <lb/>Strassburg, G. Ulricher 1534
          <lb/>Die new welt der landschaf- ten vnnd Jnsulen, so)
          <lb/>bis hie her allen Altweltbeschrybern vnbekant, Jungst
          <lb/>aber von den Portugalesern vnnd Hispaniern im Nider¬
          <lb/>genglichen Meer herfunden. Sambt den sitten vnd gebreu¬
          <lb/>chen der Jnwonenden ! völcker. Auch was Gûtter oder
          <lb/>Waren man bey jnen funden, vnd jnn vnsere Landt
          <lb/>bracht hab. Do bey findt man auch hie den vrsprung vnd
          <lb/>altherkummen der Fürnembsten Gwaltigsten Völcker der
          <lb/>Alt-bekanten Welt, als do seind die Tartern, Moscouiten,
          <lb/>Reussen, Preussen, Hungern, Sschlafen, etc.nach anzev¬
          <lb/>gung vnd jnnhalt diss vmb-gewenten blats.
          <lb/>Druckerm. Ulrichers. (H &amp;amp; B Tafel XXII Nr. 5.)
          <lb/>Gedruckt zâ Straszburg durch Georgen Vlricher! von
          <lb/>Andla, am viertzehenden tag des Mertzens. An. M. D.
          <lb/>XXXIIII.
          <lb/>Am Schluss: Getruckt zû Straszburg, durch Georg Vlri¬
          <lb/>cher von Andla, Jm jar nach der geburt Christi, tau¬
          <lb/>sendt, funffhundert vnd vier vnd dreissig.
          <lb/>Auf der Rücks. Druckerm. Ulrichers. (HEB Tafel XXII Nr. 4;
          <lb/>Silvestre Nr. 736.)
          <lb/>2°, Got., 2sp., 6 unn., 252 num. Bll. (letstes Bl. falschlich 242),
          <lb/>Kopft., Kust., Init, unter andern O (mit Schwvan u. Wappen).
          <lb/>Auf der Rücks, des Titelbl.: Index.
          <lb/>Bl. 2a: ... Herrn Reynharten Graffen zê Hanaw, Herrn
          <lb/>zû Liechtenberg, des Hohen Stiffts zû Strasz- burg Thûm¬
          <lb/>custer... — Michael Herr, Der Freyen kunst vnd Artzney
          <lb/>liebhaber. (Vorrede, 5 Bll.)
          <lb/>711
        </p>
      </div>
    </body>
  </text>
</TEI>
