<?xml version='1.0' encoding='UTF-8'?>
<?xml-model href="https://raw.githubusercontent.com/OpenITI/tei_openiti/master/tei_openiti.rng" type="application/xml" schematypens="http://relaxng.org/ns/structure/1.0"?>
<?xml-model href="https://raw.githubusercontent.com/OpenITI/tei_openiti/master/tei_openiti.rng" type="application/xml" schematypens="http://purl.oclc.org/dsdl/schematron"?>
<TEI xmlns="http://www.tei-c.org/ns/1.0">
  <teiHeader>
    <fileDesc>
      <titleStmt>
        <title/>
      </titleStmt>
      <publicationStmt>
        <p/>
      </publicationStmt>
      <sourceDesc>
        <p/>
      </sourceDesc>
    </fileDesc>
    <profileDesc>
      <calendarDesc>
        <calendar xml:id="ah">
          <p>Anno Hegirae</p>
        </calendar>
      </calendarDesc>
    </profileDesc>
    <xenoData xml:space="preserve">
CREATED: 2024-04-15T07:35:09.828195+00:00
CREATED BY: eScriptorium vpassthistobuildcmd
IMAGE FILENAME: A121078-3257.tif
IMAGE WIDTH: 2338
IMAGE HEIGHT: 3854
</xenoData>
  </teiHeader>
  <text>
    <body>
      <div>
        <p>
          <lb/>S. 3-7:... Domino Guilhelmo Hessorum Landtgra-uio,
          <lb/>...Guilhelmus Gratarolus Medi-eus S. D.... — Mar-purgi.
          <lb/>25. Augusti. M. D. LXII.
          <lb/>lingen 1872. Auf dem Titelbl.: « M. Jacob Geiger.» Ad usum F. T. Refor¬
          <lb/>R1024772. Prov.: Geschenk von Joh. Rutz, Stud, theol., Nord¬
          <lb/>mat. Conventus Hedingani. ad. Biblioth.
          <lb/>GK: SB Berlin, UB Breslau, Königsberg.
          <lb/>1029
          <lb/>GRATAROLO Guglielmo
          <lb/>Strassburg, W. Rihel 1563
          <lb/>REGIMEN OMNIVM ITER] agentium, postremò editum.
          <lb/>AVTHORE GVILHEL- mo Gratarolo Bergomate Phi- losopho
          <lb/>&amp;amp; Medico.
          <lb/>ARGENTORATI] Per Vuendelinum Rihelium.) M. D. LXIII.
          <lb/>Am Schluss: EXCVSVM ARGENTINAE PER! Vuendelinum
          <lb/>Rihelium,! M. D. LXIII.
          <lb/>40, Antiq., 7 unn. Bll., 190 S., Kopft., Kust., Init,, zwischen
          <lb/>S. 56 u. 57 unn. Doppelbl.: MENSVRARVM TABVLA.
          <lb/>Auf der Rücks. des Titelbl. 3 Dist.
          <lb/>Bl. A24:... EGENOLPHO, Baroni &amp;amp;Domino in Rapol¬
          <lb/>stein, Hochen Ack, &amp;amp; Gerolzeck ad Vuasichin &amp;amp;c., Do¬
          <lb/>mino suo colendissimo, Guil-helmus Gratarolus Bergomas,
          <lb/>Philosophus &amp;amp; Me-dicus... — Basi- leae Kalendis Iunij,
          <lb/>M. D. LXI. (Widmung, 9 S.)
          <lb/>S. 190: «La guide des chemins de France, reueue
          <lb/>&amp;amp; augmentee pour la troisiesme fois. Les fleuves du Royaume
          <lb/>de France, aussi augmentez, à Paris, chez Charle Estienne,
          <lb/>Imprimeur du Roy. M. D. LIII.»
          <lb/>S. 172: Ex Argentina Veronam per Germaniam. A
          <lb/>Rastet diei iter etc.
          <lb/>S. 188. «Iter ab Argentina Basileam:Von Strasburg
          <lb/>exeundum per portam, Metzgerthor, Vuickhus- li parua arx,
          <lb/>Blopsi, i. &amp;amp; dimid. Vnser! frauw zur eich, coenobium. An
          <lb/>der krafft, pagus ad fluuium uocatum! Krafft i. Berste»...
          <lb/>R102.1251. Prov.: Friedrich-Gymnasium, Frankfurt a. M. 14.XII.
          <lb/>1888.
          <lb/>Stadtbibl. Strassburg O 4513a. GK: UB Göttingen. 1030
          <lb/>GRATAROLO Guglielmo
          <lb/>Strassburg, Th. Rihel 1565
          <lb/>DE Vini natura, artifi CIO, ET VSV, DEQUE DE OMNI
          <lb/>potabili, opus certis capitibus distin- ctum, &amp;amp; nunc pri¬
          <lb/>699
        </p>
      </div>
    </body>
  </text>
</TEI>
