<?xml version='1.0' encoding='UTF-8'?>
<?xml-model href="https://raw.githubusercontent.com/OpenITI/tei_openiti/master/tei_openiti.rng" type="application/xml" schematypens="http://relaxng.org/ns/structure/1.0"?>
<?xml-model href="https://raw.githubusercontent.com/OpenITI/tei_openiti/master/tei_openiti.rng" type="application/xml" schematypens="http://purl.oclc.org/dsdl/schematron"?>
<TEI xmlns="http://www.tei-c.org/ns/1.0">
  <teiHeader>
    <fileDesc>
      <titleStmt>
        <title/>
      </titleStmt>
      <publicationStmt>
        <p/>
      </publicationStmt>
      <sourceDesc>
        <p/>
      </sourceDesc>
    </fileDesc>
    <profileDesc>
      <calendarDesc>
        <calendar xml:id="ah">
          <p>Anno Hegirae</p>
        </calendar>
      </calendarDesc>
    </profileDesc>
    <xenoData xml:space="preserve">
CREATED: 2024-04-15T07:35:11.582074+00:00
CREATED BY: eScriptorium vpassthistobuildcmd
IMAGE FILENAME: A121078-3332.tif
IMAGE WIDTH: 2372
IMAGE HEIGHT: 3856
</xenoData>
  </teiHeader>
  <text>
    <body>
      <div>
        <p>
          <lb/>774
          <lb/>HERMOGENES Tarsensis
          <lb/>Strassburg, J. Rihel 1571
          <lb/>HERMOGENIS ] TARSENSIS RHETO- RIS ACVTISSIMI, DE
          <lb/>DICENDI GENERIBVS! siue formis orationum Libri uI Latini¬
          <lb/>tate donati, &amp;amp; scholiis explicati atque illustrati A
          <lb/>IOAN. STVRMIO. (Druckerm. Rihels. H &amp;amp; B Tafel XXXI Nr. 9;
          <lb/>Silvestre Nr. 599.)
          <lb/>Cum Gratia &amp;amp; Priuilegio Caesareo ad annos octo.
          <lb/>Excudebat Iosias Rihelius M. D. LXXI. (Rücks, leer.)
          <lb/>u. 9 unn. Bll. (Index), Kopft., Kust., Marg., Init.
          <lb/>80, Griech., Antig. u. Kursiv, 16 unn. Bll. (Sign. a-B), 399 num.
          <lb/>Bl. « 2a:... D. GVILELMO RO- SENBERGIO, A ROSEN¬
          <lb/>BERGO... IOANNES COCINVS... — Argentina VIII. Calend.
          <lb/>Iulij. Anno D. M. LXXI (!) statt M. D. LXXI. (Widm., 16 S., Kurs.)
          <lb/>Bl. B 2a: PRAEFATIO. AD LECTOREM. (10 S., Kursiv.)
          <lb/>R101.3981. Prov.: E. Nolte, Bonn 20. XII. 1881; 1 M. 50.
          <lb/>Bibl. Wilh. Strassburg; BN Paris, X16732(7).
          <lb/>1149
          <lb/>HERMOGENES Tarsensis
          <lb/>Strassburg, J. Rihel 1574
          <lb/>HERMOGENIS TARSENSIS RHETO-I RIS ACVTISSIMI, DE
          <lb/>RATIONE TRACTAN- dae grauitatis occultae Liber, Latini¬
          <lb/>tate donatus, &amp;amp; Scholiis explicatus atque illu- stratus,
          <lb/>A Ioan. Stvrmio. (Druckerm. Rihels. HE B Tafel XXXI Nr. 9;
          <lb/>Silvestre Nr. 599.)
          <lb/>Cum Gratia &amp;amp; Priuilegio Caesareo ad annos octo:
          <lb/>Excudebat Iosias Rihelius. 1 M. D. LXXI. (Rücks, leer.)
          <lb/>80, Griech., Antig. u. Kursiv, 11 unn. Bll., 79 S., Kopft., Kust.,
          <lb/>Marg., Init.
          <lb/>Bl. A 2a: ... D. Michaëli Sspanouuicio à Lizouua &amp;amp; in
          <lb/>Paczouio: Reginae Boiemorum Sub- camerario... IOANNES
          <lb/>COCINVS S. P. D.... — Argenti- na vII. Idus Augusti
          <lb/>Anno 1571. (Widmung, 8S.)
          <lb/>Bl. A 6a: PRAEFATIO. AD LECTOREM. (Vorrede, 5 S.) Folgt
          <lb/>ein Index von 8 S.
          <lb/>R101.3983. Prov.: E. Nolte, Bonn 20. III. 1881.
          <lb/>1150
          <lb/>HERMOLAUS : Orationes. In: MARGARITA Facetiarum, Strass¬
          <lb/>burg, J. Grüninger 1508. R10.850 Bl. G 4a-L3b.
          <lb/>1151
        </p>
      </div>
    </body>
  </text>
</TEI>
