<?xml version='1.0' encoding='UTF-8'?>
<?xml-model href="https://raw.githubusercontent.com/OpenITI/tei_openiti/master/tei_openiti.rng" type="application/xml" schematypens="http://relaxng.org/ns/structure/1.0"?>
<?xml-model href="https://raw.githubusercontent.com/OpenITI/tei_openiti/master/tei_openiti.rng" type="application/xml" schematypens="http://purl.oclc.org/dsdl/schematron"?>
<TEI xmlns="http://www.tei-c.org/ns/1.0">
  <teiHeader>
    <fileDesc>
      <titleStmt>
        <title/>
      </titleStmt>
      <publicationStmt>
        <p/>
      </publicationStmt>
      <sourceDesc>
        <p/>
      </sourceDesc>
    </fileDesc>
    <profileDesc>
      <calendarDesc>
        <calendar xml:id="ah">
          <p>Anno Hegirae</p>
        </calendar>
      </calendarDesc>
    </profileDesc>
    <xenoData xml:space="preserve">
CREATED: 2024-04-15T07:35:13.111135+00:00
CREATED BY: eScriptorium vpassthistobuildcmd
IMAGE FILENAME: A121078-3390.tif
IMAGE WIDTH: 2396
IMAGE HEIGHT: 3858
</xenoData>
  </teiHeader>
  <text>
    <body>
      <div>
        <p>
          <lb/>832
          <lb/>BN Paris, Rés. 1. 1795. Olschki, Florenz, Kat. LXXXI (1912)
          <lb/>Nr. 102 u. 103, je 300 Fr.; Rosenthal, München, Kat. 135 (1914)
          <lb/>Nr. 1162: 80 M.; Baer, Frankfurt a. M., Kat. 500 (1907) Nr. 1376
          <lb/>u. 1377, 60 u. 80 M. :Bedeutend erweiterte Quartausgabe, die erste
          <lb/>mit diesem Titel. Jede Seite enthält zahlreiche Münzabbildungen u. Zier¬
          <lb/>stücke. Die Zahl der von Hans Weiditz entworfenen Holzschnitte ist
          <lb/>grösser, wie in den vorhergehenden Ausgaben.&amp;quot;
          <lb/>Röttinger, Weidits Nr. 65 u. 67.
          <lb/>1237
          <lb/>HUTTICHIUS Johannes
          <lb/>Strassburg, W. Köpfel 1552
          <lb/>ROMA-] NORVM PRINCI- pum effigies; cum historiarum
          <lb/>annotatione, olim ab Jo. Huthichio (!) confecta; nunc uero
          <lb/>alicubi au- cta &amp;amp; longè Castigatio-[ re opera Jo. Sambu
          <lb/>ci Tirnauiensis Pannonij.
          <lb/>Quae tertiae, huie editioni ac- cesserint uersa pagina
          <lb/>indicat, Cum gratia &amp;amp; priuilegio Caesareo.
          <lb/>Am Schluss: ARGENTORATI ApVD Vuolfium Cephalæum.
          <lb/>Anno 1552.
          <lb/>Auf der Rücks. Druckerm. Köpfels (HA B Tafel XVIII Nr. 9;
          <lb/>Silvestre Nr. 1018).
          <lb/>80, Kursiv, 8 unn., 206 num. Bll., Kopft., Kust., Init., Titelein¬
          <lb/>fassung. Zahlreiche Kaiserbildnisse.
          <lb/>Bl. 2a: MAXIMILA- NO REGI BOHEMIAE... Johannes
          <lb/>Sambucus Tirnauensis.Pannonius.... Dolae Burgundio¬
          <lb/>num Cal. Febr. 1552, (Vorrede, 6 S.)
          <lb/>Am Schluss des 1. Teiles (Bl. I11b): ARGENTORATI WOLPH¬
          <lb/>gangus Cephalaeus excudit Anno.! M. D. LII.
          <lb/>Bl. 112a: JOHANNES! HVTTICHIVS, Antiqvi- tatum Can¬
          <lb/>ditatis. (!)... ANNO XXXIIII.
          <lb/>Die folgenden 16 Seiten haben jede links eine Zierleiste; die 14
          <lb/>nachsten haben jede 6 Bildnisse von Konsuln in Medaillonform.
          <lb/>Bl. 128a: Ioannes Sambvevs! P. Lectori.
          <lb/>R101768. Prov. : Trübner, Strassburg 22. X. 1890 (Auktion
          <lb/>Deck Nr. 170); 7M.
          <lb/>Brunet III5, 392.
          <lb/>1238
          <lb/>HUTTICHIUS Johannes. Siehe auch: GRYNAEUS Simon: Die
          <lb/>New Welt
          <lb/>HYMNI DE TEMPORE
          <lb/>Strassburg, J. Knobloch 1513
          <lb/>Hymni de tem pore et de sanctis: in eam formam
          <lb/>qua a suis autori bus scripti sunt denuo! redacti: et
        </p>
      </div>
    </body>
  </text>
</TEI>
