<?xml version='1.0' encoding='UTF-8'?>
<?xml-model href="https://raw.githubusercontent.com/OpenITI/tei_openiti/master/tei_openiti.rng" type="application/xml" schematypens="http://relaxng.org/ns/structure/1.0"?>
<?xml-model href="https://raw.githubusercontent.com/OpenITI/tei_openiti/master/tei_openiti.rng" type="application/xml" schematypens="http://purl.oclc.org/dsdl/schematron"?>
<TEI xmlns="http://www.tei-c.org/ns/1.0">
  <teiHeader>
    <fileDesc>
      <titleStmt>
        <title/>
      </titleStmt>
      <publicationStmt>
        <p/>
      </publicationStmt>
      <sourceDesc>
        <p/>
      </sourceDesc>
    </fileDesc>
    <profileDesc>
      <calendarDesc>
        <calendar xml:id="ah">
          <p>Anno Hegirae</p>
        </calendar>
      </calendarDesc>
    </profileDesc>
    <xenoData xml:space="preserve">
CREATED: 2024-04-15T07:35:07.949131+00:00
CREATED BY: eScriptorium vpassthistobuildcmd
IMAGE FILENAME: A121078-3190.tif
IMAGE WIDTH: 2322
IMAGE HEIGHT: 3850
</xenoData>
  </teiHeader>
  <text>
    <body>
      <div>
        <p>
          <lb/>634
          <lb/>GEBWEILER Hieronymus
          <lb/>Hagenau, J. Setzer 1530
          <lb/>SVB VMBRA ALA! rum tuarum, protege nos.! (Reichsadler.)
          <lb/>EPITOME REGH AC VETVSTISSIMI ! ortus Sacrae Caesareae ac
          <lb/>Catholicae Maiestatis, Sere nissimi quoque Principis &amp;amp; Do¬
          <lb/>mini, Dn. Ferdi nandi, Vngariae ac Bohemiae Regis, om¬
          <lb/>niumque Archiducum Austriae, ac Habsburgensium Co
          <lb/>mitum, à Hieronymo Gebuilero ex antiquiss. &amp;amp; receptiss.
          <lb/>Authoribus, nunc recens diligentiss. in lucem adita.
          <lb/>Cum gratia &amp;amp; priuilegio Imperiali.
          <lb/>Am Schluss: Haganoae ex officina Joannis Secerii.
          <lb/>Salutis anno M. D. XXX.! Mense Augusto.
          <lb/>40, Antiq., 104 unn. Bll., Sign. A-Z, AA-CC, Kopft., Kust., Marg.,
          <lb/>grosse, schöne Init. N, G, 0. D, 33 Kaiserbüsten in Medaillonform.
          <lb/>Auf der Rücks, des Titelbl. Druckprivileg:... Datum in ciui¬
          <lb/>tate nostra Imperiali No! remberga, die XV. Mensis Fe¬
          <lb/>bruarij, Anno Domini M. D. XXIIIl.  Regnorum nostrorum,
          <lb/>Romani V. Aliorum uero omnium VIII. Ferdinandus Archid.
          <lb/>Aust. C. M. Imper, locum tenens.
          <lb/>Bl. A 2a: FERDINANDVSARCHIDVX Austriae...
          <lb/>Locum tenens! Imperialis generalis. Honorabili nobis di¬
          <lb/>lecto Hieronymo Gebuilero, artium liberalium! Magistro,
          <lb/>Literariae pubis Hagnoen- sis Moderatori...
          <lb/>Datum! Spirae, die uigesima lulii, Anno M. D. XXVI.
          <lb/>Ferdinandus. Ad mandatum... Iacobus Spiegel.
          <lb/>Auf der Rücks. Vorrede Gebweilers an den Erzherzog Ferdinand:
          <lb/>.Datum Hag noae, Anno Domi ni sesquimillesimo XXX.
          <lb/>Kalen dis Iunii.
          <lb/>4
          <lb/>Im ganzen 6 Bücher, von denen das 4. dem Erabischof von Kon¬
          <lb/>stane Balthasar von Hildesheim gewidmet ist.... Datum ex Museolo
          <lb/>nostro Haganoae, Anno Do! mini M. D. XXX. die uero XXI.
          <lb/>mensis Iulii. Das 5. Buch: Baltha zaro a Waltkirch, Melli¬
          <lb/>tensis &amp;amp; Hildesheimensis Ecclesiarum Episcopo &amp;amp;c. Prae¬
          <lb/>posito in Vualtkirch etc.... Datum tumultuario Haganoae,
          <lb/>Anno... M. D. XXIX. Die uero XIIII, mensis Martii. Das
          <lb/>6. Buch: ... Iohanni Tectonos, Viennensis! Ecclesiae Anti¬
          <lb/>stiti... Datum Haganoae Calen dis Augusti, An no Do¬
          <lb/>mini M. D, XXX.
          <lb/>Auf der Rücks. des letzten Bl. : Tetrastikon an den Leser vom
          <lb/>Verfasser; darunter dessen Wappen: Ein Helm auf einem Schild mit
          <lb/>3 Eicheln.
        </p>
      </div>
    </body>
  </text>
</TEI>
