<?xml version='1.0' encoding='UTF-8'?>
<?xml-model href="https://raw.githubusercontent.com/OpenITI/tei_openiti/master/tei_openiti.rng" type="application/xml" schematypens="http://relaxng.org/ns/structure/1.0"?>
<?xml-model href="https://raw.githubusercontent.com/OpenITI/tei_openiti/master/tei_openiti.rng" type="application/xml" schematypens="http://purl.oclc.org/dsdl/schematron"?>
<TEI xmlns="http://www.tei-c.org/ns/1.0">
  <teiHeader>
    <fileDesc>
      <titleStmt>
        <title/>
      </titleStmt>
      <publicationStmt>
        <p/>
      </publicationStmt>
      <sourceDesc>
        <p/>
      </sourceDesc>
    </fileDesc>
    <profileDesc>
      <calendarDesc>
        <calendar xml:id="ah">
          <p>Anno Hegirae</p>
        </calendar>
      </calendarDesc>
    </profileDesc>
    <xenoData xml:space="preserve">
CREATED: 2024-04-15T07:35:12.986239+00:00
CREATED BY: eScriptorium vpassthistobuildcmd
IMAGE FILENAME: A121078-3382.tif
IMAGE WIDTH: 2402
IMAGE HEIGHT: 3858
</xenoData>
  </teiHeader>
  <text>
    <body>
      <div>
        <p>
          <lb/>824
          <lb/>bitz vff disz zeit. Ermanung das ein yeder bey dem
          <lb/>rechten alten Christlichen glauben bleiben! vnnd sich zû
          <lb/>keiner newerung bewegen lassen soll, durch herr Cûnrat
          <lb/>zärtlin in. 76, artickel veruaszt.
          <lb/>Wilt wissen in eim knopff vnd griff, warumb doch
          <lb/>schwanck sant Peters schiff... (14 Verse.)
          <lb/>Unten: Concilium. Concilium. Concilium.
          <lb/>Auf der Rücks, des Titelbl.: Ulrich vom Hutten, entbeüt
          <lb/>allen christlicher! freyheit liebhaberen, alles gûts... —
          <lb/>Ebernburg vff den tag Valerij im jar M. D. XXI.
          <lb/>40, Got., 28 unn. Bll., Kopft., Marg. Init. G; Bl, 93 Portrât
          <lb/>Huttens mit Einfassung von Wechtelin. (Butsch, Bücherromantik Tafel
          <lb/>68); Bl. 94a : Porträt Karls des G. Der Autor des Tractats «Concilia»
          <lb/>ist Hutten, der Verfasser des anderen ist Conrad Zärtlin, gen. Playn¬
          <lb/>bacher, Vicarius in Bamberg; dieser widmet sein Werk an Schott
          <lb/>20. Februar 1520. Böcking schreibt den Druck falschlich dem Thomas
          <lb/>Anshelm in Tübingen zu, da sich derselbe damals nicht in Tübingen,
          <lb/>sondern in Hagenau aufhielt.
          <lb/>R102.113. Prov.: Bibl. Böcking mit handschr. Notizen von seiner
          <lb/>Hand:, (Ebernburg 1521.) Panzer U. v. Hutten, S. 154-56. Meiners
          <lb/>Lebensbeschreibung berühmter Männer 3er Bd. S. 260 f. : « Hutten fand
          <lb/>diese Schrift, welche unter Friedrich dem Dritten entworfen worden war,
          <lb/>auf dem Schlosse Ebernburg unter den Büchern Franzen von Sickingen,
          <lb/>und die andere (Ermanung Blatt 20 ff. dieses Heftsl welche ein Vicarius
          <lb/>zu Bamberg, Cunrat Zärtlin, genannt Playebacher (Playnbacher) für den
          <lb/>Ritter Johann Schotten im Anfange des Jahres 1521 geschrieben hatte,
          <lb/>wurde ihm durch einen Freund zugeschickt.»&amp;quot;
          <lb/>1227
          <lb/>HUTTEN Ulrich
          <lb/>[Strassburg, J. Schott 15211
          <lb/>DIALOGI! HVTTENICI noui, per quam! festiui. BVLLA
          <lb/>uel Bullicida. MoNITOR, primus. MoNITOR secundus.
          <lb/>PRAEDONES. Darunter Portrât Huttens mit der Inschrift: VLR. AB
          <lb/>HVTT. GERM. LIBERT.! PROPVGNAT. Unten: IACTA EST ALEA.
          <lb/>40, Kursiv, 38 unn. Bll., Sign. A-I, Kopft., Kust., Marg., Init.
          <lb/>(Paginationsfehler.)
          <lb/>Auf der Rücks, des Titelbl.: Ioanni Palatino! Rheni, Baua¬
          <lb/>riae Duci... Vlrichus ab Hutten Eques Salutem... —
          <lb/>Ex Ebernburgo Idib. Ianuarii. 1521.
          <lb/>R 100.986. Prov.: Bibl. Böcking.
          <lb/>Böcking, Hutten, Opera I S. y2*, schreibt es Thomas Anshelm in
          <lb/>Tübingen 2u; Schmidt II Nr. 60 J. Schott in Strassburg.
          <lb/>1228
        </p>
      </div>
    </body>
  </text>
</TEI>
