<?xml version='1.0' encoding='UTF-8'?>
<?xml-model href="https://raw.githubusercontent.com/OpenITI/tei_openiti/master/tei_openiti.rng" type="application/xml" schematypens="http://relaxng.org/ns/structure/1.0"?>
<?xml-model href="https://raw.githubusercontent.com/OpenITI/tei_openiti/master/tei_openiti.rng" type="application/xml" schematypens="http://purl.oclc.org/dsdl/schematron"?>
<TEI xmlns="http://www.tei-c.org/ns/1.0">
  <teiHeader>
    <fileDesc>
      <titleStmt>
        <title/>
      </titleStmt>
      <publicationStmt>
        <p/>
      </publicationStmt>
      <sourceDesc>
        <p/>
      </sourceDesc>
    </fileDesc>
    <profileDesc>
      <calendarDesc>
        <calendar xml:id="ah">
          <p>Anno Hegirae</p>
        </calendar>
      </calendarDesc>
    </profileDesc>
    <xenoData xml:space="preserve">
CREATED: 2024-04-15T07:35:11.865258+00:00
CREATED BY: eScriptorium vpassthistobuildcmd
IMAGE FILENAME: A121078-3340.tif
IMAGE WIDTH: 2374
IMAGE HEIGHT: 3854
</xenoData>
  </teiHeader>
  <text>
    <body>
      <div>
        <p>
          <lb/>782
          <lb/>mit son- derm vielfaltigem fleisz, müh vnd arbeit an tag
          <lb/>gegeben worden.
          <lb/>Hertzogen, dieser zeit Hanaw Liechten-] bergischen Ampt¬
          <lb/>Durch den Ehrenvesten, Hochachtbarn, Herrn Bernhart
          <lb/>mann zu Wördt.
          <lb/>roli&amp;#x27;s, Nachfolger der Erben Jobins.)
          <lb/>(Druckerm. Jobins. H « B Tafel XLI Nr. 5 als Druckerm. Ca¬
          <lb/>Cum gratia &amp;amp; Priuilegio.
          <lb/>Getruckt zu Straszburg, durch Bernhart Jobin, Anno
          <lb/>1592. (Rücks, leer.)
          <lb/>Am Schluss vor den Errata, zwischen zwei Randleisten: Getruckt
          <lb/>zu Straszburg durch Bernhardt Jobin, 1592. (Epheubl.)
          <lb/>2°, Got., 8 unn. Bll.; Buch 1: 155 S., 11. 239 S., III u. IV. 131S.
          <lb/>V u. VI: 312 S., VII u. VIII : 233 S. Hinter jedem Buch einige
          <lb/>weisse Bll., Kopft., Kust., Marg., Init., Titel rot u. schuarz, zahlreiche
          <lb/>Zierleisten, Wappen uswo.
          <lb/>Bl. 2a:... Her-ren Philipsen Graffen zu Hanaw, Herrn
          <lb/>zu Liechten- berg vnd Ochsenstein, &amp;amp; Johann Reinhardten
          <lb/>Graffen zu Hanaw vnd! Zweibrücken... Vater vnd Sohn,
          <lb/>so dann Philipps Ludwigen vnd Albrechten Graffen zu
          <lb/>Hanaw, Herrn zu Mün-tzenberg gebrüdern... — Datum
          <lb/>Wördt den Ersten Ja- nuarij, Anno 1592... Amptmann
          <lb/>zu Wördt, Bernhart Hertzog.
          <lb/>Bl. 4a: Vorrede an den Guthertzigen, frommen Leser.
          <lb/>(3 Bn.)
          <lb/>Bl. 6b: Namen der Authorum vnd Bücher, ausz wel¬
          <lb/>chen diese Chronica des vntern Elsasz zum mehrer-theil
          <lb/>Colligiert vnd gezogen.
          <lb/>Bl. 7a: IN CLARISSIMIVIRI DO-JMINI BERNHARDI HERTZOOS
          <lb/>PROPINQVI SVI OBSERVANDI COMMENTARIOS, QVIBVS VNI¬
          <lb/>uersam inferioris Alsatiae Historiam exactissimè com¬
          <lb/>plexus est. Sylua M. Iusti Meieri Nouiomagi. (247 lat. Verse.)
          <lb/>M 36866. Herkunft unbekannt. Auf dem Titelbl.: I. M. Silberrad.
          <lb/>I. St. 172—; Samuel Silberad 176— (die letste Ziffer von dem Buch¬
          <lb/>binder beschnitten.)
          <lb/>2.Ex. R 74. Geschenk der Stadt Heilbronn 1871. Auf dem Titelbl.:
          <lb/>Ioh. Peter Kampf (?). Auf dem letzten weissen Bl.:y Anno 1613. Den
          <lb/>24. Iuli führt man die Hartmann Anna genant bisz auffs Henckbühel auf
          <lb/>den sessel zu Richten ward wider lebendig herein geführt.&amp;quot;
          <lb/>3. Ex. R 73. Herkunft unbekannt. Am Schluss handschr. Ein¬
          <lb/>tragung vom 10. März 1644.
          <lb/>Stadtbibl. Strassburg 011 u. O11bis; Stadtbibl. Kolmar; BN Paris
          <lb/>fol. Lkà 47.
        </p>
      </div>
    </body>
  </text>
</TEI>
