<?xml version='1.0' encoding='UTF-8'?>
<?xml-model href="https://raw.githubusercontent.com/OpenITI/tei_openiti/master/tei_openiti.rng" type="application/xml" schematypens="http://relaxng.org/ns/structure/1.0"?>
<?xml-model href="https://raw.githubusercontent.com/OpenITI/tei_openiti/master/tei_openiti.rng" type="application/xml" schematypens="http://purl.oclc.org/dsdl/schematron"?>
<TEI xmlns="http://www.tei-c.org/ns/1.0">
  <teiHeader>
    <fileDesc>
      <titleStmt>
        <title/>
      </titleStmt>
      <publicationStmt>
        <p/>
      </publicationStmt>
      <sourceDesc>
        <p/>
      </sourceDesc>
    </fileDesc>
    <profileDesc>
      <calendarDesc>
        <calendar xml:id="ah">
          <p>Anno Hegirae</p>
        </calendar>
      </calendarDesc>
    </profileDesc>
    <xenoData xml:space="preserve">
CREATED: 2024-04-15T07:35:10.255125+00:00
CREATED BY: eScriptorium vpassthistobuildcmd
IMAGE FILENAME: A121078-3274.tif
IMAGE WIDTH: 2342
IMAGE HEIGHT: 3854
</xenoData>
  </teiHeader>
  <text>
    <body>
      <div>
        <p>
          <lb/>716
          <lb/>Herrn Wolffgang Hun-ger beyder Rechten Doctorn, vnnd
          <lb/>der zeit! mit höchstem fleisz verteutscht.! Mit Röm: Key:
          <lb/>Maiestat Freiheit.
          <lb/>Getruckt zu Straszburg bey Bernhard Jobin ANNo
          <lb/>M. D. XCIII. (Am Schluss: Vign.)
          <lb/>Vign., 20 Kapitel, jedes mit einem Eleinen Holeschn. am Anfang; vor
          <lb/>80, Got., 160 unn. Bll., Kopft., Kust., Init., Titel rot u. schwarz,
          <lb/>dem 1. Kap. seitengrosser Holeschn. Auf der Rücks, des Titelbl.: Wap¬
          <lb/>pen. Vorreden Bl. 2a u. 5b, wie in der vorigen Ausg.
          <lb/>R 102.126. Herkunft unbekannt.
          <lb/>Erste Ubersetzung, den Bibliographen unbekannt.&amp;quot; (!)
          <lb/>Baer, Frankfurt a. M., Katalog 500 (1907) Nr. 879; 48 M.:
          <lb/>1054
          <lb/>GUICCIARDINI Franciseus, Hypomneses politicae. In: SPECU¬
          <lb/>LUM Aulicarum, Strassburg, L. Zetzner 1600.
          <lb/>1055
          <lb/>GUIDO DE MONTE ROCHERII
          <lb/>Hagenau, H. Gran 1508
          <lb/>Manipulus curatorum offi cia sacerdotum secundum
          <lb/>ordinem! septem sacramentorum per breuiter complec¬
          <lb/>tens. (Rücks. leer.)
          <lb/>Am Schluss: Hec insuper exarata sunt in imperiali
          <lb/>bppido Hagenaw per indu- strium Henricum gran; expen
          <lb/>sis prouidi viri Ioannis knob- lauch ciuis inclyte vrbis
          <lb/>Ar- gen. Anno...! Millesimo quingentesimo octauo. XX.
          <lb/>die mensis Au-gusti.
          <lb/>40, Got., 2sp., 109 unn. Bll., Sign. a-o, Kopft., Init.
          <lb/>R101368. Prov.; SB München 16. XII. 1879.1M.
          <lb/>Proctor II Sectio I Nr. 11638: London British Museum. Gk:
          <lb/>SB Berlin, UB Breslau, Göttingen.
          <lb/>1056
          <lb/>GUILELMUS ALVERNUS. Siche: GUILLERMUS Episcopus Pari¬
          <lb/>siensis
          <lb/>GUILHELMUS DE GOUDA
          <lb/>Strassburg, M. Hupfuff um 1507
          <lb/>Expositio miste riorum misse, et verus mo dus rite
          <lb/>celebrandi.
          <lb/>Darunter primitiver Holeschn.: Christus der Schmerzensmann aus
          <lb/>dem Grabe erstehend. Von beiden Seiten die Werkzeuge der Geisselung.
          <lb/>Am Schluss: Impressum Argentine per Mathiam Hupfuff.
          <lb/>(Rücks. leer.)
        </p>
      </div>
    </body>
  </text>
</TEI>
