<?xml version='1.0' encoding='UTF-8'?>
<?xml-model href="https://raw.githubusercontent.com/OpenITI/tei_openiti/master/tei_openiti.rng" type="application/xml" schematypens="http://relaxng.org/ns/structure/1.0"?>
<?xml-model href="https://raw.githubusercontent.com/OpenITI/tei_openiti/master/tei_openiti.rng" type="application/xml" schematypens="http://purl.oclc.org/dsdl/schematron"?>
<TEI xmlns="http://www.tei-c.org/ns/1.0">
  <teiHeader>
    <fileDesc>
      <titleStmt>
        <title/>
      </titleStmt>
      <publicationStmt>
        <p/>
      </publicationStmt>
      <sourceDesc>
        <p/>
      </sourceDesc>
    </fileDesc>
    <profileDesc>
      <calendarDesc>
        <calendar xml:id="ah">
          <p>Anno Hegirae</p>
        </calendar>
      </calendarDesc>
    </profileDesc>
    <xenoData xml:space="preserve">
CREATED: 2024-04-15T07:35:06.201392+00:00
CREATED BY: eScriptorium vpassthistobuildcmd
IMAGE FILENAME: A121078-3097.tif
IMAGE WIDTH: 2314
IMAGE HEIGHT: 3840
</xenoData>
  </teiHeader>
  <text>
    <body>
      <div>
        <p>
          <lb/>Am Schluss: ARGENTINAE, EX OFFICI- na Iosiae Rihelij,
          <lb/>Anno Salutis humanae M. D. LXVIl. Mense! Maio. (Rück-
          <lb/>seite leer.)
          <lb/>80, Griech., 130 S. u. 1 leeres Bl. mit dem Explicit, Kopft.,
          <lb/>Kust., Init.
          <lb/>R101328. Prov.: E. Lindner, Strassburg 9. VII. 1895; 8M 90.
          <lb/>Handschr. Randnotizen auf den 30 ersten S.
          <lb/>GK: UB Bonn. Breslau, Göttingen, Halle.
          <lb/>819
          <lb/>EURIPIDES
          <lb/>Strassburg, Josias Rihel 1567
          <lb/>EVRIPIDIS POE- tae Tragici Alcestis. A GEORGIO By¬
          <lb/>CHANANO conuersa. TVM GEORGII BVCHANANI] Iephthes,
          <lb/>Tragoedia. Praefatio Ioan. Sturmij. (Druckerm. Rihels. HEB
          <lb/>Tafel XXXI Nr. 8, Silvestre Nr. 821.)
          <lb/>ARGENTORATI EXCVDEBAT Iosias Rihelius. Anno M. D.
          <lb/>LXVII. (Rücks, leer.)
          <lb/>80, Kursiv, 63 unn. Bll., Sign. A-G, Kopft., Kust., Init.
          <lb/>Bl. A 2a: IOAN. STVRMIVS TIDEMANNO GISIO DAN¬
          <lb/>tiscano S. P. D.... — Argentorati XVIII. Calend. Fe-] bruarii.
          <lb/>(Vorrede, 3 S.)
          <lb/>R101.324. Prov.: Rosenthal, München 26. XI. 1903, 12 M.
          <lb/>Auf dem Titelbl.: Sum Nicolai Theodorici Mijricae (2) Argentinensis.
          <lb/>Anno domini 1574.
          <lb/>GK: UB Breslau, SB München.
          <lb/>820
          <lb/>EURIPIDES
          <lb/>Strassburg, Josias Rihel 1598
          <lb/>MEDEA Evripidis GRAECA TRA-] GOEDIA: CVM LA¬
          <lb/>TINA VERSIONE ME-] trica GEORG. BVCHANI Scoti, è regione
          <lb/>posita. PRO THEATRO, ET SCHOLA ARGENTINENSI. (Vign.)
          <lb/>ARGENTORATI, TYPIS IOSIAE Rihelij per Andream
          <lb/>Rietschium. Anno 1598. (Rücks. leer.)
          <lb/>80, Griech., Antiq. u. Kursiv, 64 unn. Bll., ausserdem 12 leere Bll.,
          <lb/>auf denen die Namen der Choristen mit Tinte vermerkt sind sowie die
          <lb/>Kleider und die Waffen, die jeder tragen soll, Kopft, Kust.; links der
          <lb/>griech. Text, rechts die lat. Ubersetzung.
          <lb/>R100.647. Pror. : Bibl. Ch. Schmidt mit seinem Exlibris und
          <lb/>handschr. Notiz. : »Les notes mss. sont de la main de Christophe Thomas
          <lb/>Walliser, maître de musique. Son monogramme se voit au haut du 2e f.
          <lb/>Ms. Il paraît qu’il a composé la musique des chœurs et qu’il était chargé
          <lb/>d’organiser la représentation.: Pergamentumschlag mit lat. Text (rot
          <lb/>u. schwarz) u. Neumen.
          <lb/>821
          <lb/>541
        </p>
      </div>
    </body>
  </text>
</TEI>
