<?xml version='1.0' encoding='UTF-8'?>
<?xml-model href="https://raw.githubusercontent.com/OpenITI/tei_openiti/master/tei_openiti.rng" type="application/xml" schematypens="http://relaxng.org/ns/structure/1.0"?>
<?xml-model href="https://raw.githubusercontent.com/OpenITI/tei_openiti/master/tei_openiti.rng" type="application/xml" schematypens="http://purl.oclc.org/dsdl/schematron"?>
<TEI xmlns="http://www.tei-c.org/ns/1.0">
  <teiHeader>
    <fileDesc>
      <titleStmt>
        <title/>
      </titleStmt>
      <publicationStmt>
        <p/>
      </publicationStmt>
      <sourceDesc>
        <p/>
      </sourceDesc>
    </fileDesc>
    <profileDesc>
      <calendarDesc>
        <calendar xml:id="ah">
          <p>Anno Hegirae</p>
        </calendar>
      </calendarDesc>
    </profileDesc>
    <xenoData xml:space="preserve">
CREATED: 2024-04-15T07:35:06.672039+00:00
CREATED BY: eScriptorium vpassthistobuildcmd
IMAGE FILENAME: A121078-3127.tif
IMAGE WIDTH: 2314
IMAGE HEIGHT: 3852
</xenoData>
  </teiHeader>
  <text>
    <body>
      <div>
        <p>
          <lb/>beschiten Mäusstörer Windhold Alcofribas Wüstblu-] tus
          <lb/>von Aristophans Nebelstatt: dess Herrn Pantagruel zu Lan¬
          <lb/>dagreuel Obersten Löffelreformierer, Erb vnd Erzterenck,
          <lb/>vnnd Mundphysicus.
          <lb/>Jetz vnd alles auffs newe zu lieb den Gril- lengirigen
          <lb/>Zeitbetriegern; verstoekten, Hirnbe- däubten, Maulhenkö¬
          <lb/>lischen Naturzwängern: ergentztvnnd besprentzt. Ein
          <lb/>frisch râss, kurtzweilig gelâss, als wann man Haberstro
          <lb/>âss (Holeschn.).
          <lb/>Anno CI9 IDXCVIII. (Rücks. leer.)
          <lb/>Bon den Pubelbũpschen inn dess
          <lb/>recttungers vnò Sicheltragers
          <lb/>Saturns bou.
          <lb/>571
          <lb/>Ne dem Dleyǵraffenb larzenfresser Sa
          <lb/>CO)tam imersten gron pet Gerottasvofi
          <lb/>C
          <lb/>5 tn
          <lb/>Am Schluss, awischen zwei Bordüren: Getruckt im Fliegen¬
          <lb/>stall, zu Al- tennarren, durch Culkus, Schalkus, Vvin¬
          <lb/>kalbus inn Narrweiden.
          <lb/>80, Got., 84 unn. Bl., Sign. A-L, Kust., Init., Zierstücke u. zahl¬
          <lb/>reiche Holeschn., manche aiederholt.
          <lb/>Bl. 2a: Dem Günstigen Leser, sey mein Vollgemeinter
          <lb/>Gruss, vnnd
          <lb/>Wunsch alles Heilens, sampt der Glass¬
        </p>
      </div>
    </body>
  </text>
</TEI>
