<?xml version='1.0' encoding='UTF-8'?>
<?xml-model href="https://raw.githubusercontent.com/OpenITI/tei_openiti/master/tei_openiti.rng" type="application/xml" schematypens="http://relaxng.org/ns/structure/1.0"?>
<?xml-model href="https://raw.githubusercontent.com/OpenITI/tei_openiti/master/tei_openiti.rng" type="application/xml" schematypens="http://purl.oclc.org/dsdl/schematron"?>
<TEI xmlns="http://www.tei-c.org/ns/1.0">
  <teiHeader>
    <fileDesc>
      <titleStmt>
        <title/>
      </titleStmt>
      <publicationStmt>
        <p/>
      </publicationStmt>
      <sourceDesc>
        <p/>
      </sourceDesc>
    </fileDesc>
    <profileDesc>
      <calendarDesc>
        <calendar xml:id="ah">
          <p>Anno Hegirae</p>
        </calendar>
      </calendarDesc>
    </profileDesc>
    <xenoData xml:space="preserve">
CREATED: 2024-04-15T07:35:11.881929+00:00
CREATED BY: eScriptorium vpassthistobuildcmd
IMAGE FILENAME: A121078-3341.tif
IMAGE WIDTH: 2372
IMAGE HEIGHT: 3858
</xenoData>
  </teiHeader>
  <text>
    <body>
      <div>
        <p>
          <lb/>Brunet III5, 136: Vend. 18 fr. Gayot.
          <lb/>Hertzogs in der Frankfurter Stadtbibliothek: Vierteljahrsschrift fur
          <lb/>Cf. 1) HAHN Hermann: Der handschriftliche Nachlass Bernhard
          <lb/>Wappen- Siegel- u. Familienkunde. Bd. 24 (1896) S. 1-18; 2) MUNTZ
          <lb/>Eug.: Le chroniqueur Bernard Hertzog et son gendre le poète Jean
          <lb/>Fischart. Mulhouse 1873.
          <lb/>1162
          <lb/>HESYCHIUS
          <lb/>Hagenau, Th. Anshelm 1521
          <lb/>HEXYXIOY AEEIKON. HESYCHI DICTIONARIVM.
          <lb/>Am Schluss: Hagenoae, in aedibus Thomae Anshelmi
          <lb/>Badensis. Anno Salutis M. D. XXI. MenseDecembri.
          <lb/>(Druckerm. Anshelms. H « B Tafel LXII Nr. 2; Silvestre Nr. 771.)
          <lb/>20, Griech., 776 Sp., 1 unn. Bl., Init. A u. leerer Raum für Init.
          <lb/>Auf der Rücks. des Titelbl.: ALDI PII MANVTII AD IOANNEM
          <lb/>IACOBVM BARDELLONVM IN HESYCHII DICTIONA RIVM PRAE¬
          <lb/>FATIO.... — Venetiis mense Augusto. M. D. XIIII.
          <lb/>Darunter: Ex SVIDA. (8 Zeilen, Griech.)
          <lb/>Erster griech. Druck in Hagenau.
          <lb/>R 10.439. Prov.: Klincksieck (Auktion Mehl Nr. Y01), Paris
          <lb/>16. V. 1873, 7 Fr. 50.
          <lb/>Stadtbibl. Strassburg; BN Paris X. 143; Beaulieux S. 169. BU
          <lb/>Paris (Rés. 228).
          <lb/>Brunet III5, 146:,L’édition de Hagenau 1521, in-fol. n’a pas de
          <lb/>valeur.
          <lb/>Rosenthal, München, Katal. 135 (1914) Nr. 18662; Eggimann,
          <lb/>Paris, Katal. La Licorne, Bulletin N° 10 (4937), Nr. 1857; 280 Fr.:
          <lb/>,Le lexique d’Hésychius est le plus précieux des auxiliaires des linguistes
          <lb/>par les gloses qu’il contient des mots les plus difficiles des auteurs
          <lb/>anciens.&amp;quot;
          <lb/>1163
          <lb/>783
          <lb/>HÉTOUM. Siehe: HAYTONUS
          <lb/>HEXEN-BUCHLEIN
          <lb/>[Strassburg 21 o. J.
          <lb/>Hexen Büchlein, das ist, ware entdeckung vnd er¬
          <lb/>klärung, oder Decla- ration fürnämlicher artickel der
          <lb/>Zauberey, vnd was von Zauberern, Vnholden, Hengsten,
          <lb/>Nachtschaden, Schützet. Auch der Hexen händel, art,
          <lb/>thûn lassen, we- sen, bulschafften, artzeney, wohär sie
          <lb/>erwachsen, vnd al- len jhrer Machination. Item was
          <lb/>Wechselkind vnd! Wütes här! vnd daruon zû halten sey.
          <lb/>Allen Vögten,
          <lb/>Schultheyssen, Amptleüten oder Ampts
        </p>
      </div>
    </body>
  </text>
</TEI>
