<?xml version='1.0' encoding='UTF-8'?>
<?xml-model href="https://raw.githubusercontent.com/OpenITI/tei_openiti/master/tei_openiti.rng" type="application/xml" schematypens="http://relaxng.org/ns/structure/1.0"?>
<?xml-model href="https://raw.githubusercontent.com/OpenITI/tei_openiti/master/tei_openiti.rng" type="application/xml" schematypens="http://purl.oclc.org/dsdl/schematron"?>
<TEI xmlns="http://www.tei-c.org/ns/1.0">
  <teiHeader>
    <fileDesc>
      <titleStmt>
        <title/>
      </titleStmt>
      <publicationStmt>
        <p/>
      </publicationStmt>
      <sourceDesc>
        <p/>
      </sourceDesc>
    </fileDesc>
    <profileDesc>
      <calendarDesc>
        <calendar xml:id="ah">
          <p>Anno Hegirae</p>
        </calendar>
      </calendarDesc>
    </profileDesc>
    <xenoData xml:space="preserve">
CREATED: 2024-04-15T07:35:05.557766+00:00
CREATED BY: eScriptorium vpassthistobuildcmd
IMAGE FILENAME: A121078-3052.tif
IMAGE WIDTH: 2326
IMAGE HEIGHT: 3838
</xenoData>
  </teiHeader>
  <text>
    <body>
      <div>
        <p>
          <lb/>496
          <lb/>Gk: SB Berlin, UB Königsberg; Schmidt III, S. 36, Nr. 23;
          <lb/>Van der Haeghen I, S. 450: Berlin, Frankfurt a. M., Nürnberg, Rotter¬
          <lb/>dam, Stuttgart, Wien, Stadtbibl. Strassburg 585.
          <lb/>742
          <lb/>ERASMUS: Ex novo Testamento Quatuor Evangelia... Strassburg.
          <lb/>U. Morhard, 1520. Siche: EVANGELIA.
          <lb/>ERASMUS: Colloquia
          <lb/>FAMILIA
          <lb/>RIVM COLLOQVI
          <lb/>orum formulæ, in gra¬
          <lb/>tiam iuuentutis reco
          <lb/>gnitæ, &amp;amp; aucte ab
          <lb/>Erasmo Rore¬
          <lb/>rodamo,
          <lb/>Ad hæc per eumdem.
          <lb/>Breuis de copia præceptio,
          <lb/>Modus, sue ratio studendi.
          <lb/>Repetendæ lectõis norma,
          <lb/>8
          <lb/>Contestatio aduersus sedis
          <lb/>tiosas cahurunias.
          <lb/>2
          <lb/>Strassburg, J. Prüss, 1520
          <lb/>Am Schluss: ARGENTINAE APVD Ioannem Prüss Mense
          <lb/>Maio. An. M. D. XX.
          <lb/>40, Antiq, 92 S., Marginalien, Titeleinfassung (4 lose Leisten)
          <lb/>Siche Abbildung).
        </p>
      </div>
    </body>
  </text>
</TEI>
