<?xml version='1.0' encoding='UTF-8'?>
<?xml-model href="https://raw.githubusercontent.com/OpenITI/tei_openiti/master/tei_openiti.rng" type="application/xml" schematypens="http://relaxng.org/ns/structure/1.0"?>
<?xml-model href="https://raw.githubusercontent.com/OpenITI/tei_openiti/master/tei_openiti.rng" type="application/xml" schematypens="http://purl.oclc.org/dsdl/schematron"?>
<TEI xmlns="http://www.tei-c.org/ns/1.0">
  <teiHeader>
    <fileDesc>
      <titleStmt>
        <title/>
      </titleStmt>
      <publicationStmt>
        <p/>
      </publicationStmt>
      <sourceDesc>
        <p/>
      </sourceDesc>
    </fileDesc>
    <profileDesc>
      <calendarDesc>
        <calendar xml:id="ah">
          <p>Anno Hegirae</p>
        </calendar>
      </calendarDesc>
    </profileDesc>
    <xenoData xml:space="preserve">
CREATED: 2024-04-15T07:35:11.972881+00:00
CREATED BY: eScriptorium vpassthistobuildcmd
IMAGE FILENAME: A121078-3347.tif
IMAGE WIDTH: 2378
IMAGE HEIGHT: 3854
</xenoData>
  </teiHeader>
  <text>
    <body>
      <div>
        <p>
          <lb/>789
          <lb/>Am Schluss: Gedruckt vnd loblichen vollendet durch
          <lb/>Johannem! Knoblouch burger zù Strassburg, vff mittwoch
          <lb/>noch dem sonnentag Oculi, in der iorzahl Christi als! man
          <lb/>zalt. M. CCCCC. vnd zehen.
          <lb/>bezeichnet vie das vorletste, Kopft., Init., 113 Holeschn,, vielfach wieder¬
          <lb/>20, Got., XCV num. Bll., 2sp.; letstes Bl. versehentlich als Bl, 94
          <lb/>holt, so dass es eigentlich nur 83 sind; beinah alle der Martin Schott&amp;#x27;¬
          <lb/>schen Ausgabe von 1499 entnommen.
          <lb/>R10.042. Prov.: Baer è Co., Frankfurt a. M. 8.XI.1881; 162M.
          <lb/>Schmidt VII Nr. 67, versehentlich 183 Holeschn.
          <lb/>1172
          <lb/>HISTORI, evn rhumreich,, zierlich. Siche: PONTUS U. SIDONIA
          <lb/>HISTORI oder geschicht von der edlen vnd schönen Melusina.
          <lb/>Siehe: MELUSINE
          <lb/>HISTORI, ware. Siehe: HISTORIA vera (deutsch)
          <lb/>HISTORIA de divite et de egeno Lazaro. Siche: SAPIDUS: Ana¬
          <lb/>bion. Strassburg, Crato Mylius 1540.
          <lb/>HISTORIA
          <lb/>Strassburg, P. Messerschmidt 1562
          <lb/>HISTORIA uera: DE VITA, OBITV,  SEPVLTVRA, ACCV¬
          <lb/>SATIO-¡ ne haereseos, condemnatione, exhu-matione, com¬
          <lb/>bustione, honorificaque tandem restitutione beatorum
          <lb/>atque ! doctiss. Theologorum, D. MARTI- NI BVCERI &amp;amp; PAVLI
          <lb/>FA-] Gu, quae intra annos XII. in An- gliae regno accidit.
          <lb/>ITEM HISTORIA CATHARINAE VERMILIAE, ! D. Petri Mar¬
          <lb/>tyris Vermilij castiss. atque piissimae coniugis, exhu¬
          <lb/>matae, eius- demque ad honestam sepultu- ram restitutae.
          <lb/>[ed. Conradus Hubertus.)
          <lb/>Cum Orationibus, Concionib. Epitaphiis, uariisque
          <lb/>Encomiasticis carminibus, Lectu dignissimis.
          <lb/>paucissimis hactenus uisa. 1562. (Rücks., leer.)
          <lb/>Omnia
          <lb/>Am Schluss: EXCVSVM ARGENTINAE APVD PAV- Ivm Ma¬
          <lb/>chaeropaeum, sumptibus! lohannis Oporini, Anno! M. D. LXI.
          <lb/>80, Griech., Antig. u. Kursiv, 8 unn., 215 num. Bll., 1 leeres Bl.,
          <lb/>Kopft., Kust., Marg., Init.
          <lb/>Bl. A 2a: MICHAELI DIL-LERO: CVNRADVS HVBER¬
          <lb/>tus S. D.... — Argentorati, 15. Februarij. Anno M. D.LXII.
          <lb/>(Widmung von 4 S.)
        </p>
      </div>
    </body>
  </text>
</TEI>
