<?xml version='1.0' encoding='UTF-8'?>
<?xml-model href="https://raw.githubusercontent.com/OpenITI/tei_openiti/master/tei_openiti.rng" type="application/xml" schematypens="http://relaxng.org/ns/structure/1.0"?>
<?xml-model href="https://raw.githubusercontent.com/OpenITI/tei_openiti/master/tei_openiti.rng" type="application/xml" schematypens="http://purl.oclc.org/dsdl/schematron"?>
<TEI xmlns="http://www.tei-c.org/ns/1.0">
  <teiHeader>
    <fileDesc>
      <titleStmt>
        <title/>
      </titleStmt>
      <publicationStmt>
        <p/>
      </publicationStmt>
      <sourceDesc>
        <p/>
      </sourceDesc>
    </fileDesc>
    <profileDesc>
      <calendarDesc>
        <calendar xml:id="ah">
          <p>Anno Hegirae</p>
        </calendar>
      </calendarDesc>
    </profileDesc>
    <xenoData xml:space="preserve">
CREATED: 2024-04-15T07:35:05.082227+00:00
CREATED BY: eScriptorium vpassthistobuildcmd
IMAGE FILENAME: A121078-3021.tif
IMAGE WIDTH: 2350
IMAGE HEIGHT: 3842
</xenoData>
  </teiHeader>
  <text>
    <body>
      <div>
        <p>
          <lb/>Argentorati excudebat Vüendelinus Rihelius. Anno
          <lb/>M. D. LIIII. (Rückseite leer.)
          <lb/>Am Schluss: 1554. 10 Martij. Auf der Rückseite: Drucker¬
          <lb/>marke Rihels. (H d B, Tafel XXIX, Nr. 3; Silvestre, Nr. 740.)
          <lb/>80, Antiq., Kursiv u. Griech., 14 unn. Bll., 479 S., Kustoden,
          <lb/>Zierinit. S, O, T.
          <lb/>Bl. A 2a: ... Consulibus ac Sena- toribus Augu¬
          <lb/>stanis, Thomas! Naogeorgus... Dat. Stutgardiae decimo
          <lb/>Martij. M. D. LIIII. (Epistola dedicatoria, 6 Bll.)
          <lb/>Bl. A Sa: Praefatio. (Si/, Bll., Rückseite leer.)
          <lb/>S. 475: EVCHARISTICON... carmen ad Christum, post¬
          <lb/>quam à diuturna febri esset liberatus. (Autor.) (5 S.)
          <lb/>RI0I.931(). Prov, unbekannt. Titelbl. unten, handschr. Eintragung:
          <lb/>Ex donatione georgij Frizleri ego Georgius Waltberg hunc librum possideo.
          <lb/>Anno 1622.
          <lb/>GK: SB Berlin (2 Ex.), UB Breslau, Göttingen; BN Paris,
          <lb/>R17950 u. 24189. Brunet 115, 1011: Texte de l’édition d’Haloander, cor¬
          <lb/>696
          <lb/>rigé d’après la version de Politien.
          <lb/>EPIGRAMMATA
          <lb/>Strassburg, 1584
          <lb/>EPIGRAMMATA IN HONOREM Do- ctissimi &amp;amp; Clarissimi
          <lb/>Viri CONRADIWOLFHI BELLERSHEIMENSIS, I. U. Doctoris,
          <lb/>Illu stris &amp;amp; Generosi Comitis Conradi, Comitis in! Solms,
          <lb/>&amp;amp; c. Aduocati &amp;amp; assessoris prudentissi- mi, cum ei castis¬
          <lb/>sima &amp;amp; prudentissima virgo Christiana Zepperin matri¬
          <lb/>monio iungeretur.Scripta ab amicis. (Vign.)
          <lb/>ARGENTORATI Anno Do. M. D. LXXXIIII.
          <lb/>40, Kursiv, 4 unn. Ell., Sign. A, Titeleinfassung, jede Seite ist
          <lb/>ausserdem von Bordüren eingerahmt.
          <lb/>Mit Gedichten von Antonius Fabricius Lambacensis, Philippus Gla¬
          <lb/>serus Argentinensis, Josephus Langius Caesaremontanus, Helfricus Em¬
          <lb/>melius Wonbacensis und Fridericus Gernandus Wetteranus.
          <lb/>R. 102.2882. Prov.: Bibl. Ch. Schmidt.
          <lb/>697
          <lb/>465
          <lb/>EPISTOLA
          <lb/>Strassburg, P. Schoeffer, 1530
          <lb/>EPISTOLA APOLOGETICA AD SYNCE- RORIS CHRISTIA¬
          <lb/>NISMI SECTA tores per Frisiam orientalem, &amp;amp; alias infe¬
          <lb/>rioris Germaniae regiones, in qua Euangelij! Christi uere
          <lb/>studiosi, non qui se falsò Euangeli- cos iactant, ijs defen¬
          <lb/>duntur criminibus, quaen illos ERASMI ROTERODAMI
          <lb/>R. 30
        </p>
      </div>
    </body>
  </text>
</TEI>
