<?xml version='1.0' encoding='UTF-8'?>
<?xml-model href="https://raw.githubusercontent.com/OpenITI/tei_openiti/master/tei_openiti.rng" type="application/xml" schematypens="http://relaxng.org/ns/structure/1.0"?>
<?xml-model href="https://raw.githubusercontent.com/OpenITI/tei_openiti/master/tei_openiti.rng" type="application/xml" schematypens="http://purl.oclc.org/dsdl/schematron"?>
<TEI xmlns="http://www.tei-c.org/ns/1.0">
  <teiHeader>
    <fileDesc>
      <titleStmt>
        <title/>
      </titleStmt>
      <publicationStmt>
        <p/>
      </publicationStmt>
      <sourceDesc>
        <p/>
      </sourceDesc>
    </fileDesc>
    <profileDesc>
      <calendarDesc>
        <calendar xml:id="ah">
          <p>Anno Hegirae</p>
        </calendar>
      </calendarDesc>
    </profileDesc>
    <xenoData xml:space="preserve">
CREATED: 2024-04-15T07:35:10.152992+00:00
CREATED BY: eScriptorium vpassthistobuildcmd
IMAGE FILENAME: A121078-3267.tif
IMAGE WIDTH: 2338
IMAGE HEIGHT: 3854
</xenoData>
  </teiHeader>
  <text>
    <body>
      <div>
        <p>
          <lb/>nen Wein wider helffen. Durch Martin Greülich von Tü¬
          <lb/>bingen, Küffer vnd Keller meyster zû Maul- brunn, Allen
          <lb/>Küffern vnd Keller-meystern fast nützlich zû gebrau¬
          <lb/>E hroberiti presemunoi,
          <lb/>Carmen de Historia Violate crucis. Et eius
          <lb/>vita. Cum interpretatsone Hieronymi
          <lb/>Gebuileri Scholarum summi tem
          <lb/>pli Argentoracensiu mo¬
          <lb/>deratoris,
          <lb/>709
          <lb/>(Zu Nr. 1044)
        </p>
      </div>
    </body>
  </text>
</TEI>
