<?xml version='1.0' encoding='UTF-8'?>
<?xml-model href="https://raw.githubusercontent.com/OpenITI/tei_openiti/master/tei_openiti.rng" type="application/xml" schematypens="http://relaxng.org/ns/structure/1.0"?>
<?xml-model href="https://raw.githubusercontent.com/OpenITI/tei_openiti/master/tei_openiti.rng" type="application/xml" schematypens="http://purl.oclc.org/dsdl/schematron"?>
<TEI xmlns="http://www.tei-c.org/ns/1.0">
  <teiHeader>
    <fileDesc>
      <titleStmt>
        <title/>
      </titleStmt>
      <publicationStmt>
        <p/>
      </publicationStmt>
      <sourceDesc>
        <p/>
      </sourceDesc>
    </fileDesc>
    <profileDesc>
      <calendarDesc>
        <calendar xml:id="ah">
          <p>Anno Hegirae</p>
        </calendar>
      </calendarDesc>
    </profileDesc>
    <xenoData xml:space="preserve">
CREATED: 2024-04-15T07:35:09.244790+00:00
CREATED BY: eScriptorium vpassthistobuildcmd
IMAGE FILENAME: A121078-3229.tif
IMAGE WIDTH: 2326
IMAGE HEIGHT: 3852
</xenoData>
  </teiHeader>
  <text>
    <body>
      <div>
        <p>
          <lb/>SE MARTIO. AN. M. D. XXIX.
          <lb/>ARGENTORATI APVD CHRISTIA ( NVM AEGENOLPHVM, MEN¬
          <lb/>Auf der Rücks, des Titelbl.:... Dominae Margaritae... Ge¬
          <lb/>rardus Nouiomagus S. P. D. (Vorrede, 2 S.)
          <lb/>80, Kursiv, 18 unn. Bll., Sign. A-B. Auf der Rücks, des letzten
          <lb/>Bl.: Wappen.
          <lb/>R 101.630. Prov.: Fr. I. Olivier, Brüssel, 30. IV. 1884, 12 Fr.
          <lb/>Auf der Innens. des Vorderdeckels: V. Paris, 1844; auf dem Titelbl.:
          <lb/>De la Bibliothèque du capitaine Michiels.
          <lb/>GE: SB Berlin (Argentorati 1529).
          <lb/>Bibliographie Geldenhauers: Schottenloher I Nr. 6959-6961. 990
          <lb/>GELDENHAUER Gerardus
          <lb/>Strassburg, Chr. Egenolph 1530
          <lb/>☙HISTORIA, BA
          <lb/>TAVICA. CVM APPENDICE DE VETVSTISSIMA
          <lb/>Nobilitate, Regibus, ac Gestis Germanorum¬
          <lb/>Rhapsodo Gerardo Nouiomago.
          <lb/>673
          <lb/>Locorum declaratio, unà cum Indice, ubi bacte¬
          <lb/>nus ab aliquibus cæcutitum.
          <lb/>Argentorati, apud Chr. Aegen¬
          <lb/>R. 43
        </p>
      </div>
    </body>
  </text>
</TEI>
