<?xml version='1.0' encoding='UTF-8'?>
<?xml-model href="https://raw.githubusercontent.com/OpenITI/tei_openiti/master/tei_openiti.rng" type="application/xml" schematypens="http://relaxng.org/ns/structure/1.0"?>
<?xml-model href="https://raw.githubusercontent.com/OpenITI/tei_openiti/master/tei_openiti.rng" type="application/xml" schematypens="http://purl.oclc.org/dsdl/schematron"?>
<TEI xmlns="http://www.tei-c.org/ns/1.0">
  <teiHeader>
    <fileDesc>
      <titleStmt>
        <title/>
      </titleStmt>
      <publicationStmt>
        <p/>
      </publicationStmt>
      <sourceDesc>
        <p/>
      </sourceDesc>
    </fileDesc>
    <profileDesc>
      <calendarDesc>
        <calendar xml:id="ah">
          <p>Anno Hegirae</p>
        </calendar>
      </calendarDesc>
    </profileDesc>
    <xenoData xml:space="preserve">
CREATED: 2024-04-15T07:35:11.433824+00:00
CREATED BY: eScriptorium vpassthistobuildcmd
IMAGE FILENAME: A121078-3323.tif
IMAGE WIDTH: 2362
IMAGE HEIGHT: 3854
</xenoData>
  </teiHeader>
  <text>
    <body>
      <div>
        <p>
          <lb/>HENRICUS DE HASSIA
          <lb/>Strassburg, Matth. Hupfuff 1502
          <lb/>Eurta Sarerantũ que in mit
          <lb/>NAI bilem mor̃m lbeinricũ de lbassia. uncipiũt feliciter.
          <lb/>sa reneri debent.mulrum vrilia.Lollecrum p venera
          <lb/>765
          <lb/>(Rücks. leer.)
          <lb/>Am Schluss: Impressum Argentine per Matthiam
          <lb/>hupfuff. Anno domini M. vcije. (Rücks. leer.)
          <lb/>4°, Got., 12 unn. Bll., Sign. A-B, Titel rot gedruckt.
          <lb/>R 101.371. Prov.: E. Hess, Ellwangen 3. XII. 1886; 7 M.
          <lb/>Schmidt V Nr. 19: &amp;quot;Bibl. cantonale Aarau (titre manque) et Jadis
          <lb/>Bibl. de Strasbourg, Incun. No 2538.
          <lb/>Bibliographie: Roth, F. W. E.: Zur Bibliographie des Henricus
          <lb/>Hembuche de Hassia dictus de Langenstein. Leipaig, Otto Harrassomoite
          <lb/>1888, 80. [— Beihefte 2um Centralblatt für Bibliothekswvesen II S. 1-22.)
          <lb/>1132
        </p>
      </div>
    </body>
  </text>
</TEI>
