<?xml version='1.0' encoding='UTF-8'?>
<?xml-model href="https://raw.githubusercontent.com/OpenITI/tei_openiti/master/tei_openiti.rng" type="application/xml" schematypens="http://relaxng.org/ns/structure/1.0"?>
<?xml-model href="https://raw.githubusercontent.com/OpenITI/tei_openiti/master/tei_openiti.rng" type="application/xml" schematypens="http://purl.oclc.org/dsdl/schematron"?>
<TEI xmlns="http://www.tei-c.org/ns/1.0">
  <teiHeader>
    <fileDesc>
      <titleStmt>
        <title/>
      </titleStmt>
      <publicationStmt>
        <p/>
      </publicationStmt>
      <sourceDesc>
        <p/>
      </sourceDesc>
    </fileDesc>
    <profileDesc>
      <calendarDesc>
        <calendar xml:id="ah">
          <p>Anno Hegirae</p>
        </calendar>
      </calendarDesc>
    </profileDesc>
    <xenoData xml:space="preserve">
CREATED: 2024-04-15T07:35:13.909865+00:00
CREATED BY: eScriptorium vpassthistobuildcmd
IMAGE FILENAME: A121078-3423.tif
IMAGE WIDTH: 2414
IMAGE HEIGHT: 3852
</xenoData>
  </teiHeader>
  <text>
    <body>
      <div>
        <p>
          <lb/>Bl. 2a: Herrn Joachim Friderichen Postuliertem Ad¬
          <lb/>ministratoren des Primats vnd Ertzstiffts Magdeburgk,
          <lb/>Marckgrauen zu Brandeburgk, in Preussen.... — Datum
          <lb/>den 30. Januarij, Anno 1587. Jnn der alten Statt Mag¬
          <lb/>deburgk, Frey Erbgeseszner Georg Kle. (Vorrede, 7 Bll.)
          <lb/>Bl. a ia: Paulus Jouius Bischoff zu! Nuceria entbeut
          <lb/>Henrico dem Delphin in! Franckreich viel heils. (Widmuna.)
          <lb/>Auf der Rücks.: Vorrede. Pauli Jouij von newem Como!
          <lb/>Bischoffen zu Nuceria in das Leben der zwölff! Vicecomi¬
          <lb/>tum Fürsten zu Meylandt.... (1 S.
          <lb/>R10.519(1). Prov.: Trübner (Auktion Freiesleben), Strassburg
          <lb/>16. XII. 1880,6M.
          <lb/>Stadtbibl. Strassburg.
          <lb/>1286
          <lb/>JOVIUS Paulus
          <lb/>Strassburg, B. Jobin 1589
          <lb/>Berümter, Fürtrefflicher! Leut Leben, Handlung vnd
          <lb/>Thaten, Fürnemlich aber, Bapst Leonis des Zehenden,
          <lb/>Bapst Ha- driani des Sechsten, vnd Cardinals Pompeij
          <lb/>Columne, Dann auch Aller Türckischen Keyser her¬
          <lb/>kommen, vnd bei jhren Lebzeiten vnter denselben er¬
          <lb/>gangner Geschichten! vnd Historien.
          <lb/>Ander Theyl. Darinnen das vbermacht Epicurisch,
          <lb/>üppich vnd Sodomitisch Wesen desRömischen Hofes
          <lb/>vnd entwichten New Römischen Glaubens sich selbs! klar
          <lb/>an Tag gibt.nTeutscher Spraach hiebeuor noch nie
          <lb/>auszgangen. Aber an jetzo durch Georgen Klee von Mansz¬
          <lb/>feld, den standhafften from-men Teutschen, den Grewel
          <lb/>der Verwüstung auch in Weltlichen Geschichten vnd
          <lb/>Schrifften zu zeygen, inn lauter Teutsch versetzt. [Teil IL.]
          <lb/>Druckerm, wie bei Teil I.
          <lb/>Getruckt zu Straszburg, bei Bernhart Jobin. Jm jar
          <lb/>Christi M. D. LXXXIX. (Rücks, leer.)
          <lb/>20, Got., CCLVIII S., 9 unn. 2sp. Bll. (Index), Kopft., Kust.,
          <lb/>Marg., Init., Titel rot u. schwarz; Abb. der Männer, deren Leben ge¬
          <lb/>schildert wird vie Leo X., Adrian VI. usw.
          <lb/>R10.519 (2). Gleiche Herkunft wie vorhergehende Nummer. Ein¬
          <lb/>band mit der Jahreszahl 1604.
          <lb/>1287
          <lb/>JUBELJAHR. Siche: OELER Ludwig
          <lb/>R.55
          <lb/>865
        </p>
      </div>
    </body>
  </text>
</TEI>
