<?xml version='1.0' encoding='UTF-8'?>
<?xml-model href="https://raw.githubusercontent.com/OpenITI/tei_openiti/master/tei_openiti.rng" type="application/xml" schematypens="http://relaxng.org/ns/structure/1.0"?>
<?xml-model href="https://raw.githubusercontent.com/OpenITI/tei_openiti/master/tei_openiti.rng" type="application/xml" schematypens="http://purl.oclc.org/dsdl/schematron"?>
<TEI xmlns="http://www.tei-c.org/ns/1.0">
  <teiHeader>
    <fileDesc>
      <titleStmt>
        <title/>
      </titleStmt>
      <publicationStmt>
        <p/>
      </publicationStmt>
      <sourceDesc>
        <p/>
      </sourceDesc>
    </fileDesc>
    <profileDesc>
      <calendarDesc>
        <calendar xml:id="ah">
          <p>Anno Hegirae</p>
        </calendar>
      </calendarDesc>
    </profileDesc>
    <xenoData xml:space="preserve">
CREATED: 2024-04-15T07:35:12.359000+00:00
CREATED BY: eScriptorium vpassthistobuildcmd
IMAGE FILENAME: A121078-3362.tif
IMAGE WIDTH: 2388
IMAGE HEIGHT: 3856
</xenoData>
  </teiHeader>
  <text>
    <body>
      <div>
        <p>
          <lb/>804
          <lb/>Am Schluss: Argentorati apud Vuolfgangum Cepha¬
          <lb/>læum, Anno... M. D. L. ! Mense Martio. Auf der Rücks, des
          <lb/>folgenden Bl. Druckerm. Köpfels. (HE B Tafel XVIII Nr. 8 mit Vu (C
          <lb/>[Vuolfgang Cephalœusl statt Ce! phal; Silvestre Nr. 559.)
          <lb/>80, Griech., 251 num., 5 unn. Bll., Kopft., Kust., Init., Zierleiste,
          <lb/>Titeleinfassung wie in den Ausgaben 1525 u. 1542.
          <lb/>Bl. 2a: J. Leonticos an Phil. Melanchthon, Bl. 3a : Ioan. Loni¬
          <lb/>cerus an Phil. Melanchthon... — Argentorati, 1525, pridie Idus
          <lb/>februarias.
          <lb/>R 1014681. Herkunft unbekannt. Handschr. Notizen.
          <lb/>Stadtbibl. Strassburg. Brunet I115 270:,Réimpression de l’édition
          <lb/>de 1542, mais augmentée d’une préface de Guinterius Andernacus et d’un
          <lb/>1198
          <lb/>index.&amp;quot;
          <lb/>HOMERUS
          <lb/>Strassburo, Th. Rihel 1572
          <lb/>&amp;quot;OMHPOT ! IAIAE, &amp;#x27;H MAAAON ] áravta rà coZópeva.)
          <lb/>HOMERI ILLIAS, SEV POTIVS! omnia eius quae extant
          <lb/>opera.Studio &amp;amp; cura OB. GIPHANII. I. C. quàm emen¬
          <lb/>datissimè edita, cum eiusdem Scho- lijs &amp;amp; Indicibus nouis.
          <lb/>Druckerm. Rihels. (H&amp;amp; B Tafel XXXI Nr. 10; Silvestre Nr. 854.)
          <lb/>Cum Gratia &amp;amp; Priuilegio Caesareo.
          <lb/>ARGENTORATI! Excudebat Theodosius Rihelius. (Rücks.
          <lb/>leer.)
          <lb/>80, Griech. u. Kursiv, 895 S., 35 unn. Bll., Kopft., Kust.,
          <lb/>Marg., Init.
          <lb/>S.3: GOTEFRI- DO, LVDOVICI F. COMITI OETIN( gensi...
          <lb/>OB. GIPHANIVS IVRISCONS.... — Argentorati. XIII. Kalendas
          <lb/>Aprilis. A. D. CIO. DD. LXXI. (11 S.)
          <lb/>S. 14: AD LECTOREM, (5 S.)
          <lb/>R101.446. Prov.: Ochlenschlaeger, Posen 1871. Auf dem Titelbl.:
          <lb/>Sum ex I. N. K. Georgii Rodefuxii Allendorphensis Anno salutis nostrae
          <lb/>1617. — Sum ex libris Christophori Engelhardi Anno 92, 18. Julii.
          <lb/>2. Ex. R101.453. Prov.: F. A. Menke, Bremen 1873. Auf dem
          <lb/>Titelbl.: M. Nicol. Zimmermanni. Zahlr. handschr. Notizen.
          <lb/>Bibl. Wilhelmitana Strassburg; BN Paris, Yb. 839 u. Rés. Yb.
          <lb/>541; Walter: Schlettstadt Nr. 1547. Brunet III5 272.
          <lb/>1199
          <lb/>HONEIN IBN ISHAO AL-IBADI. Siehe : IOANNITIUS
          <lb/>HONORATUS Servius: Centimetrum. Siche: HENRICHMANN:
          <lb/>Grammaticae institutiones. Hagenau, Th. Anshelm 1517.
        </p>
      </div>
    </body>
  </text>
</TEI>
