<?xml version='1.0' encoding='UTF-8'?>
<?xml-model href="https://raw.githubusercontent.com/OpenITI/tei_openiti/master/tei_openiti.rng" type="application/xml" schematypens="http://relaxng.org/ns/structure/1.0"?>
<?xml-model href="https://raw.githubusercontent.com/OpenITI/tei_openiti/master/tei_openiti.rng" type="application/xml" schematypens="http://purl.oclc.org/dsdl/schematron"?>
<TEI xmlns="http://www.tei-c.org/ns/1.0">
  <teiHeader>
    <fileDesc>
      <titleStmt>
        <title/>
      </titleStmt>
      <publicationStmt>
        <p/>
      </publicationStmt>
      <sourceDesc>
        <p/>
      </sourceDesc>
    </fileDesc>
    <profileDesc>
      <calendarDesc>
        <calendar xml:id="ah">
          <p>Anno Hegirae</p>
        </calendar>
      </calendarDesc>
    </profileDesc>
    <xenoData xml:space="preserve">
CREATED: 2024-04-15T07:35:06.979286+00:00
CREATED BY: eScriptorium vpassthistobuildcmd
IMAGE FILENAME: A121078-3147.tif
IMAGE WIDTH: 2310
IMAGE HEIGHT: 3848
</xenoData>
  </teiHeader>
  <text>
    <body>
      <div>
        <p>
          <lb/>4°, Got., 10 unn. Bll., Sign. A-B, Kopft., Init. W, D, Titelein¬
          <lb/>fassung. (Siehe Abb.)
          <lb/>R101.144. Prov.: Albert Cohn, Berlin 20. II. 1895, 5M.
          <lb/>Schmidt I Nr. 176; SB München.
          <lb/>892
          <lb/>Ein hurtze ich¬
          <lb/>6
          <lb/>irmreò ver funst Astroloz
          <lb/>gie mi der etliche onuerstan
          <lb/>5
          <lb/>°A
          <lb/>S
          <lb/>dene vernicbter,auG etlie
          <lb/>S
          <lb/>F
          <lb/>1
          <lb/>autvurt vff Jie reòe:t/onò
          <lb/>fragen. Qartini Luthers
          <lb/>6
          <lb/>3
          <lb/>44
          <lb/>Puqustinerorso er in feinen
          <lb/>S
          <lb/>Jeben gebotẽ onformlih, vi
          <lb/>der dise tũst gethõ hat,Dur¬
          <lb/>S
          <lb/>6 Laurentent firiesett
          <lb/>O
          <lb/>freier tunsten vñ
          <lb/>A
          <lb/>argney 9o¬
          <lb/>ctozẽ,
          <lb/>LErstmale sol beiner dẽ stein
          <lb/>5
          <lb/>sũ ueit stofen, vff vz er sein
          <lb/>sil geweren mõge.
          <lb/>9
          <lb/>4
          <lb/>S
          <lb/>591
          <lb/>(Zu Nr. 892.)
        </p>
      </div>
    </body>
  </text>
</TEI>
