<?xml version='1.0' encoding='UTF-8'?>
<?xml-model href="https://raw.githubusercontent.com/OpenITI/tei_openiti/master/tei_openiti.rng" type="application/xml" schematypens="http://relaxng.org/ns/structure/1.0"?>
<?xml-model href="https://raw.githubusercontent.com/OpenITI/tei_openiti/master/tei_openiti.rng" type="application/xml" schematypens="http://purl.oclc.org/dsdl/schematron"?>
<TEI xmlns="http://www.tei-c.org/ns/1.0">
  <teiHeader>
    <fileDesc>
      <titleStmt>
        <title/>
      </titleStmt>
      <publicationStmt>
        <p/>
      </publicationStmt>
      <sourceDesc>
        <p/>
      </sourceDesc>
    </fileDesc>
    <profileDesc>
      <calendarDesc>
        <calendar xml:id="ah">
          <p>Anno Hegirae</p>
        </calendar>
      </calendarDesc>
    </profileDesc>
    <xenoData xml:space="preserve">
CREATED: 2024-04-15T07:35:06.237397+00:00
CREATED BY: eScriptorium vpassthistobuildcmd
IMAGE FILENAME: A121078-3099.tif
IMAGE WIDTH: 2308
IMAGE HEIGHT: 3846
</xenoData>
  </teiHeader>
  <text>
    <body>
      <div>
        <p>
          <lb/>Bl. a: neuer Titel: Ecclesiastica hystoria. (Rücks, leer.)
          <lb/>Bl. p: Prologus. Incipit prologus venerabilis Bede in
          <lb/>ecclesiasticam historiam gentis Anglorum
          <lb/>R 102.073. Geschenk aus der » Fürstlich Bentheim&amp;#x27;schen Bibl.* 1874
          <lb/>aus dem Kloster Frenswegen stammend.
          <lb/>Fehlt bei Schmidt; GW 9439 mit über 90 Exemplarnachweisen. 823
          <lb/>EUSEBIUS
          <lb/>Hagenau, H. Gran 1506
          <lb/>Ecclesiastica Historia diui Euse- bii, et Ecclesiastica
          <lb/>Historia gen tis Anglorum venerabilis Bede: cum vtra¬
          <lb/>rumque historiarum per sin gulos libros recollecta capi¬
          <lb/>tulo! rum annotatione. (Rücks, leer.)
          <lb/>Am Schluss: Jmpensis ac sum- ptibus circumspecti viri
          <lb/>Joannis Rynman:! accurate reuisi Jmpressique in Jmpe¬
          <lb/>riali oppi do Hagenaw per industrium Henricum Gran
          <lb/>inibi incolam Finiunt feliciter Anno salutis nostre Mille¬
          <lb/>simo quingentesimo sexto ipsa vi gilia Conceptionis glo¬
          <lb/>riose virginis Ma-rie.
          <lb/>20, Got., 2sp., 159 unn. Bll., (davon 84 für Eusebius u. 69 für
          <lb/>Beda), Kopft., Init.
          <lb/>Bl. a 2a: Ecclesiastice historie Liber I.Jncipit Pro¬
          <lb/>logus Rufini presbyteri in Historiam ecclesia- sticam ad
          <lb/>Cromacium Episcopum.
          <lb/>Bl. o 1a: Prologus! Jncipit prologus venerabilis Bede
          <lb/>in Ecclesiasticam historiam gentis anglorum.
          <lb/>R 10.305. Geschenk aus der » Fürstlich Bentheim&amp;#x27;schen- Bibl. 1874,
          <lb/>aus dem Kloster Frenswegen stammend.
          <lb/>Unvollst. Titelbl, u. 5 Bll. des Inhaltsverzeichn, fehlen.
          <lb/>2. Ex. R 10.3022. Prov.: Heberle, Köln 29. x. 1897; 5 M. Auf
          <lb/>dem Titelbl.: Bibliothecae FF Minorum Regul. Obseruantiae Conuentus.
          <lb/>Hammon.
          <lb/>Oxford, Bibl. Bodleiana; Proctor II, Sectio I Nr. 11.631: London,
          <lb/>British Museum; Gk: SB Berlin, UB Breslau, Göttingen, Marburg,
          <lb/>Münster.
          <lb/>824
          <lb/>543
          <lb/>EUSEBIUS
          <lb/>Hagenau, H. Gran 1522
          <lb/>EVSEBIVS De Euangelica preparatione, a Georgio
          <lb/>Trapezuntio e graeco in latinum tradu- ctus, opus cuique
          <lb/>fideli non solum utile ue¬ rum etiam iocundum &amp;amp; perne¬
        </p>
      </div>
    </body>
  </text>
</TEI>
