<?xml version='1.0' encoding='UTF-8'?>
<?xml-model href="https://raw.githubusercontent.com/OpenITI/tei_openiti/master/tei_openiti.rng" type="application/xml" schematypens="http://relaxng.org/ns/structure/1.0"?>
<?xml-model href="https://raw.githubusercontent.com/OpenITI/tei_openiti/master/tei_openiti.rng" type="application/xml" schematypens="http://purl.oclc.org/dsdl/schematron"?>
<TEI xmlns="http://www.tei-c.org/ns/1.0">
  <teiHeader>
    <fileDesc>
      <titleStmt>
        <title/>
      </titleStmt>
      <publicationStmt>
        <p/>
      </publicationStmt>
      <sourceDesc>
        <p/>
      </sourceDesc>
    </fileDesc>
    <profileDesc>
      <calendarDesc>
        <calendar xml:id="ah">
          <p>Anno Hegirae</p>
        </calendar>
      </calendarDesc>
    </profileDesc>
    <xenoData xml:space="preserve">
CREATED: 2024-04-15T07:35:14.356275+00:00
CREATED BY: eScriptorium vpassthistobuildcmd
IMAGE FILENAME: A121078-3443.tif
IMAGE WIDTH: 2430
IMAGE HEIGHT: 3852
</xenoData>
  </teiHeader>
  <text>
    <body>
      <div>
        <p>
          <lb/>KRANTZ Albrecht
          <lb/>Strassburg, Joh. Schott 1548
          <lb/>CHRONICA REGNORVM ] AQVILONARIVM ] DANIAE I SVE¬
          <lb/>TIAE NORVAGIAE Per Albertum Krantzium Ham-burgen¬
          <lb/>sem descripta.
          <lb/>Cum priuilegio Caesareae Maiestatis,) ad Quinquen¬
          <lb/>nium, iam recens edita, sub annum Christi! M. D. XLVI.
          <lb/>ARGENT, apud Ioannem Schottum.
          <lb/>Am Schluss, vor dem Index: ARGENTORATI apud IOANNEM
          <lb/>Schottum. VIHI. Kalend. Februarij. Anno! M. D. XLVIII.
          <lb/>20, Antig., 4 unn. Bll., 756 S., 6 unn. Bll. (2sp. Index), 1 leeres
          <lb/>Bl., Kopft., Kust., Marg., Init, des Totentanz-Alphabets.
          <lb/>Bl. a 4b: Wappen Christian&amp;#x27;s, König von Dänemark u. Norwegen.
          <lb/>S. 366: Wappen Schavedens; S. 587: Wappen Norwegens.
          <lb/>Bl. a 2a:... Domino CHRISTIA-No Dei gratia Danorum
          <lb/>... Regi... — Henricus ab Eppendorff. (Widmung, 2 S.)
          <lb/>*R10449. Prov.: Spirgatis, Leipaig 15. IV. 1891; 5 M. 60.
          <lb/>Exlibris sowie Stempel: v. Rhedigersche. Stadtbibliothek Breslau.
          <lb/>Fehlt bei Schmidt, welcher als letzten Druck Schott&amp;#x27;s das Jahr
          <lb/>1545 angibt. H a B beschränken infolgedessen die Drucktätigkeit Schott&amp;#x27;e
          <lb/>auf die Jahre 1509-1545; durch obigen Druck ist erwiesen, dass Schott
          <lb/>im Jahre 1548, also drei Jahre später noch tâtig war.
          <lb/>BN Paris M 1227 u. Rés. M 102.
          <lb/>1317
          <lb/>KRATWOL Heinrich
          <lb/>Strassburg, Joh. Schott um 1505
          <lb/>Oracio Henrici Kratwols: Eutici! iunioris. U. Lic. ha¬
          <lb/>bita in consecra- cione Reverendissimi in Xristo patris ac
          <lb/>domini Georgy Episcopi Babenbergensis.
          <lb/>[Strassburg, Joh. Schott, um 1505.]
          <lb/>4°, Got., 6 unn. Bll., ohne Sign.
          <lb/>Auf dem Bl, vor dem Titelbl.: Domino Federico de Redwicz
          <lb/>ecclesie Babenbergensis! Canonico Henricus Kratwol, alias
          <lb/>Euticus! Iunior. U. Lic. Foelicitatem. (Widmung, 12 Zeilen.)
          <lb/>Bl. 5a: Babenberge. iij. Kalendas Octobris Anno sa¬
          <lb/>lutis. M. D. iiij. Auf der Rücks.: Eiusdem Henrici Kratwols
          <lb/>Eutici! Iunioris. U. lic. Oracio ad deum patrem, (45 Verse.)
          <lb/>Bl. ca: Alia oratio eiusdem ad beatissimam dei geni¬
          <lb/>tricem. (12 Verse.)
          <lb/>*R 102.063. Prov.: Tregaskis, London, 9. V. 1894; 2 M. Blei¬
          <lb/>stifteintragung am Schluss : ,Argen. Io. Schott. ca 1505.&amp;quot;
          <lb/>1318
          <lb/>885
        </p>
      </div>
    </body>
  </text>
</TEI>
