<?xml version='1.0' encoding='UTF-8'?>
<?xml-model href="https://raw.githubusercontent.com/OpenITI/tei_openiti/master/tei_openiti.rng" type="application/xml" schematypens="http://relaxng.org/ns/structure/1.0"?>
<?xml-model href="https://raw.githubusercontent.com/OpenITI/tei_openiti/master/tei_openiti.rng" type="application/xml" schematypens="http://purl.oclc.org/dsdl/schematron"?>
<TEI xmlns="http://www.tei-c.org/ns/1.0">
  <teiHeader>
    <fileDesc>
      <titleStmt>
        <title/>
      </titleStmt>
      <publicationStmt>
        <p/>
      </publicationStmt>
      <sourceDesc>
        <p/>
      </sourceDesc>
    </fileDesc>
    <profileDesc>
      <calendarDesc>
        <calendar xml:id="ah">
          <p>Anno Hegirae</p>
        </calendar>
      </calendarDesc>
    </profileDesc>
    <xenoData xml:space="preserve">
CREATED: 2024-04-15T07:35:14.341458+00:00
CREATED BY: eScriptorium vpassthistobuildcmd
IMAGE FILENAME: A121078-3442.tif
IMAGE WIDTH: 2430
IMAGE HEIGHT: 3854
</xenoData>
  </teiHeader>
  <text>
    <body>
      <div>
        <p>
          <lb/>884
          <lb/>Von den Künigen in Norwegen, vnd iren Kryegsz¬
          <lb/>handlungen. Neben dem auch, vnd ynschlyesszlich in
          <lb/>dem Anderen Bûch von der Normanner vrhäblichen An¬
          <lb/>kunfft, vnd irer Vszzugk. Grauen, Fürsten, Obersten
          <lb/>vnd Künigen mannliche Kryegsz Thaten, so vnder etli¬
          <lb/>chen Römischen Keyszeren, vnd in Franckreich verloffen.
          <lb/>Sampt ires Niderlassz, da sye noch vnser zeit wonen.
          <lb/>Mit Keysz. Maiestat Freyheyt vff Fünff jar.Zû Strasz¬
          <lb/>burg bey Hans Schotten. Anno Christi M. D. XLV.
          <lb/>20, Got., COXXVIII S., 4 unn. Ell., wovon das letste leer, Kopft.,
          <lb/>Kust., Marg., Init. des Totentanz-Alphabets.
          <lb/>Auf der Rücks, des Titelbl.: Wappen Christian&amp;#x27;s von Dänemark.
          <lb/>*R10.450 (2). Prov, : A. F. Butsch, Augsburg 20. I. 1880; 19 M.
          <lb/>Handschr. Eintragung: Hatt vonn vegersheim (?) amptmann der... Ko¬
          <lb/>chersperg, Wantzenaw unnd wickersheim 1545.
          <lb/>Stadtbibl. Strassburg. Rosenthal, München, Katal. 135 (1914) Nr.
          <lb/>1253;50M.
          <lb/>1315
          <lb/>KRANTZ Albrecht
          <lb/>Strassburg, Joh. Schott 1545
          <lb/>Swedische Chronick Al- berti Krantzij von Hamburg.
          <lb/>Newlich durch Heinrich von Eppendorff verteütschet.
          <lb/>(Kleiner Holeschn.: Wappenschild mit den Kronen Dänemarks, Schwe¬
          <lb/>dens u. Norwegens.)
          <lb/>Darunter: Von den Künigen in Sweden, vnd iren
          <lb/>Kryegshandlungen.Darzû von der Gothen beyderley ge¬
          <lb/>schlechten, Wisi vnd Ostgothen Ankunfft, Künigen,
          <lb/>vnd mannlichen Thaten.
          <lb/>Mit Keysz. Maiestät Freyheyt vff Fünff jar.! Zâ Strasz¬
          <lb/>burg bey Hans Schotten.Anno Christi M. D. XLV. (Rücks.
          <lb/>leer.)
          <lb/>20, Got., COCV S.4 4 unn. S. (Index), Kopft., Kust., Marg.
          <lb/>Init. des Totentanz-Alphabets.
          <lb/>S. 111-115: Starcuteri mit Pathero Gespräch, welches
          <lb/>Saxo in versz oder reimen gebracht. (Deutsche Verse.)
          <lb/>*R10.450 (1). Prov,: A. F. Butsch, Augsburg 20. I. 1880; 18M.
          <lb/>Handschr. Vermerk:,Albert Krantz natif de Hambourg vivoit dans
          <lb/>le 15e siècle, est mort en 1517.* Exlibris auf der Innenseite des Ein¬
          <lb/>banddeckels.
          <lb/>Baer, Frankfurt a. M., Katal, 500 Nr. 729.
          <lb/>1316
        </p>
      </div>
    </body>
  </text>
</TEI>
