<?xml version='1.0' encoding='UTF-8'?>
<?xml-model href="https://raw.githubusercontent.com/OpenITI/tei_openiti/master/tei_openiti.rng" type="application/xml" schematypens="http://relaxng.org/ns/structure/1.0"?>
<?xml-model href="https://raw.githubusercontent.com/OpenITI/tei_openiti/master/tei_openiti.rng" type="application/xml" schematypens="http://purl.oclc.org/dsdl/schematron"?>
<TEI xmlns="http://www.tei-c.org/ns/1.0">
  <teiHeader>
    <fileDesc>
      <titleStmt>
        <title/>
      </titleStmt>
      <publicationStmt>
        <p/>
      </publicationStmt>
      <sourceDesc>
        <p/>
      </sourceDesc>
    </fileDesc>
    <profileDesc>
      <calendarDesc>
        <calendar xml:id="ah">
          <p>Anno Hegirae</p>
        </calendar>
      </calendarDesc>
    </profileDesc>
    <xenoData xml:space="preserve">
CREATED: 2024-04-15T07:35:05.671013+00:00
CREATED BY: eScriptorium vpassthistobuildcmd
IMAGE FILENAME: A121078-3060.tif
IMAGE WIDTH: 2328
IMAGE HEIGHT: 3840
</xenoData>
  </teiHeader>
  <text>
    <body>
      <div>
        <p>
          <lb/>504
          <lb/>Am Schluss: ARGENTORATI Ex- pensis Ioannis Knoblou¬
          <lb/>chij, &amp;amp; Pauli Getz, Anno M. D. XXII.!Mense Octobri.
          <lb/>80, Kursiv, 94 Bll., Sign. a-m, Kopftitel, Kustoden, Init. N, V;
          <lb/>Titeleinfassung (H E B Tafel X Nr. 5).
          <lb/>Bl. a 2: Widmung an Frobenius:»Basileae pri- die Ca¬
          <lb/>lendas Martias. An- no M. D. XXIIs mit Einfassung aus einem
          <lb/>Stück. (Siehe Nr. 327.)
          <lb/>Neudruck der Froben&amp;#x27;schen Ausgabe, Basel 1522.
          <lb/>Bl. m 2: Pompilivs Brassicanvs. De Incompara bili
          <lb/>Heroe loanne Revch-] lino, In Divorvm Nv- mervm Relato.
          <lb/>(10S.)
          <lb/>R 100.915. Prov.: Bibl. Prof. Baum, 20. I1. 1879. Handschr.
          <lb/>Notizen. Auf dem Titelbl.: »Eremit. S. Augufstinil Friburgi Helvet, 1659..
          <lb/>Bl. m 1 fehlt.
          <lb/>GK: SB Berlin; Rest S. 49; Schmidt VII Nr. 244: Stadtbibl.
          <lb/>Strassburg. Van der Haeghen IV, 1. S. 123: Berlin, Freiburg i. Br.,
          <lb/>Karlsruhe, München, Münstereifel, Rotterdam, Stuttgart, Trier (Grosses
          <lb/>Seminar). Rosenthal, München, Katal. 1891 Nr. 7389.6M.
          <lb/>758
          <lb/>ERASMUS : De conscribendis epistolis
          <lb/>Strassburg, J. Knobloch, 1592
          <lb/>D. ERA SMI ROTERODAMI OPVS de conscribendis epi¬
          <lb/>stolis, quod qui- dam &amp;amp; mendosum, &amp;amp; mutilum aedide¬
          <lb/>rant, recognitum ab autore &amp;amp; locupletatum.
          <lb/>ARGENTORATI.
          <lb/>Am Schluss: Argentorati ex aedibus Ioannis Knob- louchij.
          <lb/>Anno M. D. xxij. Mense Octobri.
          <lb/>80, Kursiv, 178 Bll., Kopftitel, Kustoden, Marginalien, Init. O.
          <lb/>Titeleinfassung (HE B Tafel X Nr. 7).
          <lb/>Auf der Rückseite des Titelbl.: ERASMVS ROTERODAMVS NI¬
          <lb/>COLAO BEROALDO... — Basileae VIII. Cal. Iunias. Anno. M. D.
          <lb/>XXII. (3S
          <lb/>R100.9062. Prov.: Prof. Bochmer, Strassburg, 1871. Zahlreiche
          <lb/>handschr. Notisen u. ein handschr. Index von 5 S. — 3 leere Bll.
          <lb/>Auf dem Titelbl, in der unteren Bordüre: Ed. Boehmer.
          <lb/>Stadtbibl. Strassburg 151. Rest S. 55; Schmidt VII Nr. 943;
          <lb/>Weislinger Catal. 70.
          <lb/>759
        </p>
      </div>
    </body>
  </text>
</TEI>
