<?xml version='1.0' encoding='UTF-8'?>
<?xml-model href="https://raw.githubusercontent.com/OpenITI/tei_openiti/master/tei_openiti.rng" type="application/xml" schematypens="http://relaxng.org/ns/structure/1.0"?>
<?xml-model href="https://raw.githubusercontent.com/OpenITI/tei_openiti/master/tei_openiti.rng" type="application/xml" schematypens="http://purl.oclc.org/dsdl/schematron"?>
<TEI xmlns="http://www.tei-c.org/ns/1.0">
  <teiHeader>
    <fileDesc>
      <titleStmt>
        <title/>
      </titleStmt>
      <publicationStmt>
        <p/>
      </publicationStmt>
      <sourceDesc>
        <p/>
      </sourceDesc>
    </fileDesc>
    <profileDesc>
      <calendarDesc>
        <calendar xml:id="ah">
          <p>Anno Hegirae</p>
        </calendar>
      </calendarDesc>
    </profileDesc>
    <xenoData xml:space="preserve">
CREATED: 2024-04-15T07:35:06.805886+00:00
CREATED BY: eScriptorium vpassthistobuildcmd
IMAGE FILENAME: A121078-3136.tif
IMAGE WIDTH: 2310
IMAGE HEIGHT: 3848
</xenoData>
  </teiHeader>
  <text>
    <body>
      <div>
        <p>
          <lb/>580
          <lb/>tou. Darinn gründtlich beschriben vnd zufinden, Vom
          <lb/>Jäger der Jagten anfang, des Jägers Horn vnnd! Stimm,
          <lb/>wie er sich deren auff der Jagt, recht gebrauchen, vnd
          <lb/>artige Hifft Blasen soll, vnd was zu jedem sonst beson¬
          <lb/>ders mehr erfordert wirt.
          <lb/>Auch von Laid, Jagt, Hetz vnd allerley Hunden, jhrer
          <lb/>art vnd herkommen, Welcher gestalt vnd zeit, sie zube¬
          <lb/>legen, Welffen sollen, vor der wuot, Raud vnd andern zu¬
          <lb/>fällen, zu retten, vnd zu verwaren, wie sie! auff allerhand
          <lb/>Wiltpreth, vnd zum Horn, anzubringen, zu arbeiten, mit
          <lb/>hoher verrer Nasen verfahen, die fährt einfallen, verfallen,
          <lb/>vnd auff der Jagt fürzulegen, zu Passen, zupfneyschen, &amp;amp;c.
          <lb/>Item von der Hirsch, Schweins, Hasen, Fuchs vnd
          <lb/>Dachs Jagt... (7 2.)
          <lb/>Erst frisch von newem ausz dem Frantzösischen in
          <lb/>gut Weydmännisch! Teutsch, allen Jägern vnd Weydman¬
          <lb/>nen zu gutem ver- teutscht und Vertirt.
          <lb/>Druckerm. Jobin&amp;#x27;s. (HEB Tafel XXXVII Nr. 7.)
          <lb/>Mit Röm. Key. May. Freyheit auff zehen Jar.
          <lb/>Getruckt zu Straszburg, Durch Bernhart Jobin. Anno
          <lb/>1590. (Rücks, leer.)
          <lb/>20, Got., 6 unn. u. 92 num. Bll., Kopft., Kust., Init., 67 Holzschn.
          <lb/>(Jagdszenen, Jagdhunde, Hirsche, Hasen uswo.; die meisten von Tobias
          <lb/>Stimmer; einige mit dem Monogramm C. M. [— Christoph Maurer]
          <lb/>u. S. F. M.), Vign.
          <lb/>Unn. Bl. 2a: ... Herrn Friderichen Graf- fen zu Wirtem¬
          <lb/>berg vnd Mümpelgart... Datum Straszburg, den 20. Septem¬
          <lb/>bris, Anno 1590.Bernhart Jobin.
          <lb/>Unn. Bl. 4a: Waidsprüch, wie nach Waid-männischer
          <lb/>art von allerhand Waidwerck gepürlich zu reden Reimens
          <lb/>weisz zusamen verfaszt, Durch J. W. Von Hunden (76 Verse),
          <lb/>Vom Schwein (18 V.), Vom Hasen (20 V.), Vom Fuchs vnd
          <lb/>Dachs (40 V.), Beschlusz dieser Reimen (6 V.).
          <lb/>Unn. Bl. 6b: Der Streit zwischem Jäger vnd Falckner
          <lb/>auffgehebt. (10 V.)
          <lb/>R 10.3843. Prov.: Bibliotheca Hammeriana.
          <lb/>GE (unter Du Pouilloux): SB Berlin; UB Bonn, Breslau, Göt-
          <lb/>tingen; Andresen III S. 182 ff.; Baer, Frankfurt a. M., Katal. 500 (1907)
          <lb/>Nr. 1263; 120 M. : Erste Ausgabe. Brunet 115, 1357:,Il y a aussi
          <lb/>une traduction allemande, Strasbourg, 1590, pet. in-fol. fig. Réimprimé
          <lb/>879
          <lb/>à Dessau, 1727, in-fol.
        </p>
      </div>
    </body>
  </text>
</TEI>
