<?xml version='1.0' encoding='UTF-8'?>
<?xml-model href="https://raw.githubusercontent.com/OpenITI/tei_openiti/master/tei_openiti.rng" type="application/xml" schematypens="http://relaxng.org/ns/structure/1.0"?>
<?xml-model href="https://raw.githubusercontent.com/OpenITI/tei_openiti/master/tei_openiti.rng" type="application/xml" schematypens="http://purl.oclc.org/dsdl/schematron"?>
<TEI xmlns="http://www.tei-c.org/ns/1.0">
  <teiHeader>
    <fileDesc>
      <titleStmt>
        <title/>
      </titleStmt>
      <publicationStmt>
        <p/>
      </publicationStmt>
      <sourceDesc>
        <p/>
      </sourceDesc>
    </fileDesc>
    <profileDesc>
      <calendarDesc>
        <calendar xml:id="ah">
          <p>Anno Hegirae</p>
        </calendar>
      </calendarDesc>
    </profileDesc>
    <xenoData xml:space="preserve">
CREATED: 2024-04-15T07:35:07.807302+00:00
CREATED BY: eScriptorium vpassthistobuildcmd
IMAGE FILENAME: A121078-3180.tif
IMAGE WIDTH: 2314
IMAGE HEIGHT: 3852
</xenoData>
  </teiHeader>
  <text>
    <body>
      <div>
        <p>
          <lb/>624
          <lb/>Par P. Iacques Poullain, &amp;amp; René Houdouyn.) M. D. LV.
          <lb/>(Rücks. leer.)
          <lb/>Am Schluss: Oand (!) sera-ce? (Rücks, leer.)
          <lb/>80, Antiq., 44 ungez. Bll., Sign. A-F. Kopft., Kust., Marg., Init.
          <lb/>Bl. A 2a: IAN GARNIER SER-iteur de lesus Christ
          <lb/>en son Euangile, à toute la petite Eglise Françoise de
          <lb/>Stras- bourg, assemblee pour l’Euangile, au nom&amp;#x27; de Iesus
          <lb/>Christ... — De Strasbourg, ce 24 de luillet, 1549. (5 Bu.)
          <lb/>R 100.826. Prov.: Bibl. Ch. Schmidt mit Exlibris, u. Anm. von
          <lb/>seiner Hand: Vente à Paris, 1850 u. 2 Seiten handschr. Notizen, eben¬
          <lb/>falls von ihm, unter anderm: Trad, en anglais, Londres 1562, 80.
          <lb/>Der Katal, von M. de Monmerqué Nr. 160 erwähnt eine Ausgabe
          <lb/>von 1552, o. O., Klein-8°, Typen u. Druckerm, von Nicole Paris, der in
          <lb/>Troyes u. in Larrivon druckte. Die Ausgabe von 1555 ist durchgesehen
          <lb/>u. neu verbessert.
          <lb/>Brunet, Bd. 115 Sp. 1489 erwähnt eine Strassburger Ausgabe von
          <lb/>Jacques Poullain u. Anton Rebul von 1558, in-80, u. eine engl. Uber¬
          <lb/>setzung von Nic. Malbie, London, Iohn Kynston 1562, in-8°. Die erste
          <lb/>Ausgabe von 1552 ist ohne Angabe des Druckortes.
          <lb/>Nach Mitteilung des GK befindet sich eine Ausgabe ohne O. u. J.
          <lb/>933
          <lb/>in der Prov.-B Hannover.
          <lb/>GARSON Johannes. Siche: GERSON Johannes.
          <lb/>GART DER GESUNTHEIT, Siche: HORTUS SANITATIS und
          <lb/>HERBARIUS.
          <lb/>Strassburg, J. Frölich 1546
          <lb/>GART Thiebold
          <lb/>Joseph. Eine schöne vnd fruchtbare! Comedy, ausz
          <lb/>hevliger Biblischer schrifft in reimen bracht, mit anzey¬
          <lb/>gung jrer Al- legori vnd geystliche bedeutung, Jn wel¬
          <lb/>cher vil Christlicher zucht vnd Gottesforcht ge lernet wirt.
          <lb/>Durch Thiebolt Gart, burger zû! Schletstatt geordnet vnd
          <lb/>zûsammen bracht, auch daselbst auff Son! tag nach
          <lb/>Ostern mit einerErsamen Burgerschafft offentlich ge¬
          <lb/>spylt.
          <lb/>Holeschn.: Schlafeimmer Putiphars; Frau Putiphar hält Josef
          <lb/>mit dem Mantel zurück.
          <lb/>Am Schluss: Getruckt zû Straszburg, bey Jacob! Frö¬
          <lb/>lich. Jm Jar, M. D. XLVI. (Rücks, leer.)
          <lb/>80, Got., 60 unn. Bll., Sign. A-H. Kust.
          <lb/>Auf der Rücks. des Titelbl.: Personen dis Spils.
        </p>
      </div>
    </body>
  </text>
</TEI>
