<?xml version='1.0' encoding='UTF-8'?>
<?xml-model href="https://raw.githubusercontent.com/OpenITI/tei_openiti/master/tei_openiti.rng" type="application/xml" schematypens="http://relaxng.org/ns/structure/1.0"?>
<?xml-model href="https://raw.githubusercontent.com/OpenITI/tei_openiti/master/tei_openiti.rng" type="application/xml" schematypens="http://purl.oclc.org/dsdl/schematron"?>
<TEI xmlns="http://www.tei-c.org/ns/1.0">
  <teiHeader>
    <fileDesc>
      <titleStmt>
        <title/>
      </titleStmt>
      <publicationStmt>
        <p/>
      </publicationStmt>
      <sourceDesc>
        <p/>
      </sourceDesc>
    </fileDesc>
    <profileDesc>
      <calendarDesc>
        <calendar xml:id="ah">
          <p>Anno Hegirae</p>
        </calendar>
      </calendarDesc>
    </profileDesc>
    <xenoData xml:space="preserve">
CREATED: 2024-04-15T07:35:06.430057+00:00
CREATED BY: eScriptorium vpassthistobuildcmd
IMAGE FILENAME: A121078-3112.tif
IMAGE WIDTH: 2314
IMAGE HEIGHT: 3846
</xenoData>
  </teiHeader>
  <text>
    <body>
      <div>
        <p>
          <lb/>556
          <lb/>satzen der quinta essentia, vnd vil ander stück leichtlich
          <lb/>zû ma chen vnd nützlich gesunden leib damit zû be¬
          <lb/>hlaten (!), vnd lang in gesuntheit zû leben.
          <lb/>Holzschnitt: Ficinus sitzend, vor ihm ein Greis und ein Jüngling;
          <lb/>über jedem von ihnen ein Spruchband mit deutschem Text.
          <lb/>20, Got., 2sp., 56 unn. Bll., Sign. A-I, Kopft., Zierinit., 25 Holeschn.
          <lb/>ausser demjenigeu des Titelbl.; die meisten sind früheren Ausgaben ent¬
          <lb/>lehnt, bes. der Ausgabe von 1508.
          <lb/>Auf der Rücks., die 10 deutschen Distichen der Ausgabe von 1508.
          <lb/>Es folgen die übrigen Vorreden u. Widmungen von 1508.
          <lb/>R10.537. Prov.: Berger-Levrault, Nancy 28. IV. 1886; 70 Fr.
          <lb/>Auf dem Titelbl. handschr. Notiz:,Marsilius Ficinus hat noch gelebt in
          <lb/>Italia anno 1492. Ist alt geworden 116. Jare.&amp;quot;
          <lb/>Schmidt I Nr. 148: Staatsbibl. München; GK: UB Breslau, su¬
          <lb/>sammen mit Braunschweigs Liber de arte distillandi, deutsch. Strass¬
          <lb/>burg, Grüninger 1515.
          <lb/>842
          <lb/>FICINUS Marsilius, Das Buch des Lebens Marsilii Ficini, Siche:
          <lb/>BRUNSCHWIG Hier., Das neüwe Distilierbuch. Strassburg,
          <lb/>J. Grüninger 1531. Nr. 312.
          <lb/>FICINUS Marsilius, Regiment desz lebens Marsilij Vicini. Siche:
          <lb/>ULSTADIUS Phil., Coelum philosophorum. Von heylicheyt
          <lb/>der Natur. Strassburg, J. Cammerlander 1586. R10.5752.
          <lb/>FIERA Baptista
          <lb/>Strassburg, Christ. Egenolf um 1529
          <lb/>Coena Ba ptistae Fierae de Herbarum! Virtutibus
          <lb/>&amp;amp; ea Medicae Artis parte, quae in Victus ratione con¬
          <lb/>sistit.
          <lb/>COLVMELLA de cultu Hortorum. DE GENERIBUS MORBO¬
          <lb/>RUM, ex im- precatoria satyra Petri Montani.
          <lb/>Egenolf&amp;#x27;s Druckerseichen (H de B Tafel XXI Nr. 1), ringsum die
          <lb/>Devise: Omnia Vincit Labor improbus In Sudore vultus
          <lb/>tui Vesceris pane tuo. Gen. 3.
          <lb/>Argentorati, Apud Christianum Aegenolphum.
          <lb/>80, Kursiv, 27 num. Bll., 2 unn. (Coena u. Index), 11 unn. (Co¬
          <lb/>lumella u. Satyra), Kopft., Kust., Init.
          <lb/>R101.2276. Prov.: Geschenk der Stadtbibl. Maine 1871.
          <lb/>BN Paris, Yc 7704 u. 8°Teli, 24. C (2); Beaulieux S. 130: UB
          <lb/>Paris, Rés. 1080 (3) unvollst., die 3 letzten Bll. fehlen. GK: SB Berlin;
          <lb/>UB Göttingen, Königsberg.
          <lb/>843
        </p>
      </div>
    </body>
  </text>
</TEI>
