<?xml version='1.0' encoding='UTF-8'?>
<?xml-model href="https://raw.githubusercontent.com/OpenITI/tei_openiti/master/tei_openiti.rng" type="application/xml" schematypens="http://relaxng.org/ns/structure/1.0"?>
<?xml-model href="https://raw.githubusercontent.com/OpenITI/tei_openiti/master/tei_openiti.rng" type="application/xml" schematypens="http://purl.oclc.org/dsdl/schematron"?>
<TEI xmlns="http://www.tei-c.org/ns/1.0">
  <teiHeader>
    <fileDesc>
      <titleStmt>
        <title/>
      </titleStmt>
      <publicationStmt>
        <p/>
      </publicationStmt>
      <sourceDesc>
        <p/>
      </sourceDesc>
    </fileDesc>
    <profileDesc>
      <calendarDesc>
        <calendar xml:id="ah">
          <p>Anno Hegirae</p>
        </calendar>
      </calendarDesc>
    </profileDesc>
    <xenoData xml:space="preserve">
CREATED: 2024-04-15T07:35:10.239475+00:00
CREATED BY: eScriptorium vpassthistobuildcmd
IMAGE FILENAME: A121078-3273.tif
IMAGE WIDTH: 2342
IMAGE HEIGHT: 3854
</xenoData>
  </teiHeader>
  <text>
    <body>
      <div>
        <p>
          <lb/>Erstlich durch den Hochwür digen Herren, Herrn Anto¬
          <lb/>nium von! Gueuarra Bischofen zu Modogneto Wei- land
          <lb/>Röm: Keys: Ma. Caroli V. hochseligster gedechtnusz ge¬
          <lb/>wesenen Raht vnd Hofpredi-gern inn Spanischer sprach
          <lb/>beschriben Fol-gends inn die Italienisch gebracht.
          <lb/>Jetzund aber von dem Ehrnvesten vnd Hochgelehrten
          <lb/>Herrn Wolffgang Hun- ger beyder Rechten Doctorn, vnd
          <lb/>der zeit! Fürstlichen Marggräuischen Raht, mit höchstem
          <lb/>fleisz verteutscht. Mit Röm: Key: Maiestat Freiheyt.
          <lb/>Getruckt zu Straszburg bei Bernhard Jobin ANNo
          <lb/>M. D. LXXXII.
          <lb/>80, 155 unn. Bll., Kopft., Kust., Titel rot u. schivarz. Wappen
          <lb/>auf der Rücks, des Titelbl.
          <lb/>Bl. 2a:... Herrn Philipsen Marggrauen zu Baden, vnd
          <lb/>Grauen zu Spanheym &amp;amp;c. Meinem Gnädigen Herren.... —
          <lb/>huntert achtzig vnnd zwey.... Wolffgang Hunger der
          <lb/>Rechten D. (Vorrede, 7 S.)
          <lb/>Bl. 5b: An den günstigen Leser. Freundlicher lieber
          <lb/>Leser. Daszch zuzeiten etlich zeil des Ita-lienischen
          <lb/>Texts nicht transferiert, ist die vrsach, sich vil malen
          <lb/>die Spa nische vnd Welsche Hofbräuch mit dem Teut¬
          <lb/>schen Hofleben nicht ver- gleichen wöllen, derowegen ich
          <lb/>dan dasjenige so inn Teutschland nicht gebräuchlich,
          <lb/>mit willen vnverteut- schet gelassen.
          <lb/>Bl. 6a-7b: Index.
          <lb/>R 102.131. Prov.: Trübner, Strassburg 6. VI. 1883; 7 M. 50.
          <lb/>1053
          <lb/>GUEVARA Antonio
          <lb/>Strassburg, B. Jobin 1593
          <lb/>Der Hofleut Wecker.Darinn mit vie- len schönen
          <lb/>Lehren vnd nutz lichen Exempeln angezeyget würd,
          <lb/>welcher massen sich ein Hofmann gegen men- niglich
          <lb/>erzeygen soll, Vnnd durch was mittel er! seines Fürsten
          <lb/>vnnd Herren gnade, so er dieselbe erlangt, behalten
          <lb/>möge. Erstlich durch den Hochwür-digen Herren, Herrn
          <lb/>Antonium von Gueuarra Bischofen zu Modogneto Wei¬
          <lb/>land Röm: Keys: Ma: Caroli v. hochseligstergedecht¬
          <lb/>nusz gewesenen Raht vnd Hofpredi- gern in Spanischer
          <lb/>sprach beschriben. Fol- gends inn die Italienisch gebracht.
          <lb/>Jetzund aber von dem Ehrnvestenvnd Hochgelehrten
          <lb/>715
        </p>
      </div>
    </body>
  </text>
</TEI>
