<?xml version='1.0' encoding='UTF-8'?>
<?xml-model href="https://raw.githubusercontent.com/OpenITI/tei_openiti/master/tei_openiti.rng" type="application/xml" schematypens="http://relaxng.org/ns/structure/1.0"?>
<?xml-model href="https://raw.githubusercontent.com/OpenITI/tei_openiti/master/tei_openiti.rng" type="application/xml" schematypens="http://purl.oclc.org/dsdl/schematron"?>
<TEI xmlns="http://www.tei-c.org/ns/1.0">
  <teiHeader>
    <fileDesc>
      <titleStmt>
        <title/>
      </titleStmt>
      <publicationStmt>
        <p/>
      </publicationStmt>
      <sourceDesc>
        <p/>
      </sourceDesc>
    </fileDesc>
    <profileDesc>
      <calendarDesc>
        <calendar xml:id="ah">
          <p>Anno Hegirae</p>
        </calendar>
      </calendarDesc>
    </profileDesc>
    <xenoData xml:space="preserve">
CREATED: 2024-04-15T07:35:07.104976+00:00
CREATED BY: eScriptorium vpassthistobuildcmd
IMAGE FILENAME: A121078-3155.tif
IMAGE WIDTH: 2314
IMAGE HEIGHT: 3848
</xenoData>
  </teiHeader>
  <text>
    <body>
      <div>
        <p>
          <lb/>richt worden, durch Isaac! Habrecht, der Straszburg Uhrenmacher.
          <lb/>Am Schluss: Dises Uhrwerck ist verfertiget! vnd ins Werck ge¬
          <lb/>R 102.283. Prov.: L. Klein, Strassburg 12. VII. 1894; 15 M.
          <lb/>Bibliographie des Nik. Frischlin: Schottenloher I Nr. 6697-6653.
          <lb/>901
          <lb/>FRISCHLIN Nikodemus
          <lb/>Strassburg, B. Jobin 1674
          <lb/>ORATIO DE PRAE- STANTIA AC DI GNITATE P. VIR¬
          <lb/>GILII Maronis Aeneidos, habita Tu- bingae vi. id. Iunij
          <lb/>anno CIO. ID. LXXIV. à NICODEMO FRISCH- lino Balin¬
          <lb/>gensi.
          <lb/>ADIECTVM est breue Compen- dium quo omnes res
          <lb/>totius operis histo- rico filo ad imitationem Caesaris con¬
          <lb/>tex- tae sunt, vnà cum Prolegomenis, eodem Autore.
          <lb/>ARGENTORATI Per Bernhardum Iobinum. (Rücks, leer.)
          <lb/>80, Antiq., 8 unn. Bll,, von denen das letzte leer, 125 S., 1 leeres
          <lb/>Bl., Kust., Init.
          <lb/>Bl. 2a: ... Vuolffgango, comiti ac domino in Castel...
          <lb/>NICODEMVS FRISCH- linvs Balingensis... Tubingae xII. Calen.
          <lb/>Iulij, anno LXXIV. (Vorwort, 10 S.)
          <lb/>Bl. 7a: ... Nicodemo Frischlino, praece- ptori suo co¬
          <lb/>lendo... (8 Dist.) unterz.: Dauid Zehenntner à Zehenntgrueb,
          <lb/>Tubingae fecit III. Non. Iulij, anno M. D. LXXIIII.
          <lb/>R101.816. Prov.: Bibl. F. A. Menke, Bremen 1873.
          <lb/>GK: SB Berlin, UB Breslau.
          <lb/>902
          <lb/>599
          <lb/>Strassburg, N. Wyriot 1575
          <lb/>FRISCHLIN Nikodemus
          <lb/>CARMEN DE ASTRONOMICO Horologio Argentoratensi,
          <lb/>scriptum à M. NICODEMO FRISCHLINO BALIN- gensi, Aca¬
          <lb/>demiae Tubingensis Professore.
          <lb/>Item de eodem Schediasma Guilielmi Xylandri Augu¬
          <lb/>stani. Darunter: Abb. der Münsteruhr.
          <lb/>ARGENTORATI Excudebat Nicolaus Wyriot. M. D.
          <lb/>LXXV. (Rucks, leer.)
          <lb/>40, Kursiv, 39 unn. Bll., Sign. A-L, Kopft., Kust., Init. S, C.
          <lb/>Bl.A 2a:... MAGISTRATIBVS ET Senatui floren. Reip.
          <lb/>ARGENTORATENSIS... — Datae Tubingae Idibus Dezemb.
          <lb/>An- no reparatae salutis 1574. Nicodemus Tubingensis
          <lb/>Professor. (Vorwort, 8 S.)
        </p>
      </div>
    </body>
  </text>
</TEI>
