<?xml version='1.0' encoding='UTF-8'?>
<?xml-model href="https://raw.githubusercontent.com/OpenITI/tei_openiti/master/tei_openiti.rng" type="application/xml" schematypens="http://relaxng.org/ns/structure/1.0"?>
<?xml-model href="https://raw.githubusercontent.com/OpenITI/tei_openiti/master/tei_openiti.rng" type="application/xml" schematypens="http://purl.oclc.org/dsdl/schematron"?>
<TEI xmlns="http://www.tei-c.org/ns/1.0">
  <teiHeader>
    <fileDesc>
      <titleStmt>
        <title/>
      </titleStmt>
      <publicationStmt>
        <p/>
      </publicationStmt>
      <sourceDesc>
        <p/>
      </sourceDesc>
    </fileDesc>
    <profileDesc>
      <calendarDesc>
        <calendar xml:id="ah">
          <p>Anno Hegirae</p>
        </calendar>
      </calendarDesc>
    </profileDesc>
    <xenoData xml:space="preserve">
CREATED: 2024-04-15T07:35:05.114366+00:00
CREATED BY: eScriptorium vpassthistobuildcmd
IMAGE FILENAME: A121078-3023.tif
IMAGE WIDTH: 2350
IMAGE HEIGHT: 3838
</xenoData>
  </teiHeader>
  <text>
    <body>
      <div>
        <p>
          <lb/>Bl. A 5b: HYMNVS DE PRE- catione, authore Stephano
          <lb/>Calo- pedio. (12 4zeilige Strophen.)
          <lb/>Bl. A 7a: Stephanvs Calo¬ pedius Simoni Haliaeo.
          <lb/>(9 Dist.)
          <lb/>R 102.037. Geschenk von Fid. Butsch Sohn, Augsburg, 1871.
          <lb/>700
          <lb/>GK: SB Berlin.
          <lb/>EPISTOLAE
          <lb/>Strassburg, L. Zetzner, 1593
          <lb/>EPISTOLAE REGVM, PRIN CIPVM, RERVMPVBLI-CARVM
          <lb/>AC SAPIENTVM VIRORVM :Ex antiquis &amp;amp; recentioribus,
          <lb/>tam Graecis, quàm Latinis Historijs &amp;amp; Annalibus col¬
          <lb/>lectae. Opus ad rerum cognitionem &amp;amp; ad prudentiam
          <lb/>com-parandum apprimè vtile: apophtegmatum &amp;amp; gravivm
          <lb/>responsorum innumeram atque auream copiam continens.
          <lb/>ANTEA QVIDEM VENETIS editum: nunc autem recognitum,
          <lb/>Indice quoque auctum.
          <lb/>Druckermarke Zetzners. (H d B, Tafel XLIX, Nr. 22.)
          <lb/>ARGENTINAE PER LAZARVM ZETZNERVM M. D. XCIII.
          <lb/>Am Schluss: BASILEAE! TYPIS IACOBI FOILLETTI, Anno
          <lb/>CID. D. XCHII.
          <lb/>80, Kursiv, 10 unn. Bll., 405 S., Kopftitel, Kustoden, Init., Vign.,
          <lb/>Zierleisten.
          <lb/>Bl. 2a: Illustribus... dominis, D. Iodoco Iose- pho et
          <lb/>D. Ioanni Ludovico:! Tvrrianis Comitbivs (!) Liberis in S.
          <lb/>Cru! ce Baronibus... Lazarus Zetznerus... (datiert: Strass-
          <lb/>burg 1593).
          <lb/>Bl. 4a: Index Nominum. Bl. 8a: Index Materialium.
          <lb/>R101.201. Prov.: Stiftung Prof. Baum, 20. II. 1879
          <lb/>2. Ex. R 101200 (t). Prov.: Friedrichs-Gymnasium, Frankfurt
          <lb/>a. M., 14. XII. 1888, ohne Freisangabe.
          <lb/>GK: SB Berlin, UB Breslau; Oxford, Bibl. Bodleiana. 701
          <lb/>467
          <lb/>EPISTOLAE
          <lb/>Hagenau, Th. Anshelm, 1519
          <lb/>Illvstrivm VIRORVM EPISTO LAE, HEBRAICAE, GRAE
          <lb/>CAE ET LATINAE, AD Ioannem Reuchlin Phorcensem! vi¬
          <lb/>rum nostra aetate doctissimum diuersis temporibus missae,
          <lb/>qui bus iam pridem additus est LIBER SECVNDVS nun¬
          <lb/>quàm antea editus.
        </p>
      </div>
    </body>
  </text>
</TEI>
