<?xml version='1.0' encoding='UTF-8'?>
<?xml-model href="https://raw.githubusercontent.com/OpenITI/tei_openiti/master/tei_openiti.rng" type="application/xml" schematypens="http://relaxng.org/ns/structure/1.0"?>
<?xml-model href="https://raw.githubusercontent.com/OpenITI/tei_openiti/master/tei_openiti.rng" type="application/xml" schematypens="http://purl.oclc.org/dsdl/schematron"?>
<TEI xmlns="http://www.tei-c.org/ns/1.0">
  <teiHeader>
    <fileDesc>
      <titleStmt>
        <title/>
      </titleStmt>
      <publicationStmt>
        <p/>
      </publicationStmt>
      <sourceDesc>
        <p/>
      </sourceDesc>
    </fileDesc>
    <profileDesc>
      <calendarDesc>
        <calendar xml:id="ah">
          <p>Anno Hegirae</p>
        </calendar>
      </calendarDesc>
    </profileDesc>
    <xenoData xml:space="preserve">
CREATED: 2024-04-15T07:35:04.982101+00:00
CREATED BY: eScriptorium vpassthistobuildcmd
IMAGE FILENAME: A121078-3014.tif
IMAGE WIDTH: 2364
IMAGE HEIGHT: 3838
</xenoData>
  </teiHeader>
  <text>
    <body>
      <div>
        <p>
          <lb/>458
          <lb/>Auf der Rüekseite des Titelbl.: Sum ex libris Pauli Reichardi Anno
          <lb/>1640. Auf dem Schutzbl. : Petrus Schucanus me sibi comparavit Iunij
          <lb/>1644. Constat 27 bz.
          <lb/>Stadt-B Strassburg O 28150). GK: SB Berlin, UB Breslau,
          <lb/>Königsberg.
          <lb/>683
          <lb/>EMMEL Helfrich. Siche auch: CARMINA gratulatoria
          <lb/>EMSER Hieronymus
          <lb/>Strassburg, J. Grüninger, 1524
          <lb/>MISSAE CHRISTIANO RVM CONTRA Lutheranam mis¬
          <lb/>sandi formulam Assertio. (Rückseite leer.)
          <lb/>Am Schluss: Vale, ex Dresda nostra Mis- sniae Pridie
          <lb/>Kalendas Martias Anno a Christo nato.M. D. XXIIII.
          <lb/>(Rückseite leer.)
          <lb/>4°, Antig., 22 unn. Bll. (Schmidt sagt 20 Bll.), Sign. A-E, Zier¬
          <lb/>init. C, Titeleinfassung: 2 parallele Linien, die sich im rechten W’inkel
          <lb/>schneiden.
          <lb/>Bl. A 2a: VENERABILI PRESPITERO (!): ET AMICO VETERI
          <lb/>MAGISTRO Nicolao Hausman Cigneorum Pa- rocho Hiero¬
          <lb/>nvmus Emser SD P.... (Vorrede, 2 S.)
          <lb/>*R102.174. Prov.: Geschenk der UB Heidelberg. Handschr. No¬
          <lb/>tizen.
          <lb/>Schmidt I. Nr. 219: Bibl. Wilhelmitana, Strassburg, GK. SB
          <lb/>Berlin, UB Greifswald.
          <lb/>Bibliographie des H. Emser: Schottenloher I, Nr. 5400-5429.
          <lb/>684
          <lb/>ENARRATIONES quas postillas vocant. Siche: LUTHER Martin
          <lb/>ENCHIRIDION
          <lb/>Strassburg, J. Schott, 1513
          <lb/>Enchiridion poeticum HAEC HABET Epitheta, seu
          <lb/>apposita substantiuorum: cum eorumdem hemistichiis,
          <lb/>carminum clausu lis, periphrasibusque VERGILII, ac
          <lb/>aliorum : politioris studij cultoribus ad ma! num iuxta
          <lb/>seriem elementarem extracta.
          <lb/>RARVM ET FRV CTVOSVM.Cum gratia &amp;amp; priuilegio
          <lb/>Imperiali. 1513 (zwischen den Ziffern 15 u. 13: Eleines Wappen¬
          <lb/>schild der Stadt Strassburg).
          <lb/>Am Schluss: IOANNE SCHOTTO ARGEN.pressore labora¬
          <lb/>tum 17. Iulij. Anno CuRI. 1 opt. max. M. D. XIIII. (Wappen¬
          <lb/>schild wie auf dem Titelbl.)
        </p>
      </div>
    </body>
  </text>
</TEI>
