<?xml version='1.0' encoding='UTF-8'?>
<?xml-model href="https://raw.githubusercontent.com/OpenITI/tei_openiti/master/tei_openiti.rng" type="application/xml" schematypens="http://relaxng.org/ns/structure/1.0"?>
<?xml-model href="https://raw.githubusercontent.com/OpenITI/tei_openiti/master/tei_openiti.rng" type="application/xml" schematypens="http://purl.oclc.org/dsdl/schematron"?>
<TEI xmlns="http://www.tei-c.org/ns/1.0">
  <teiHeader>
    <fileDesc>
      <titleStmt>
        <title/>
      </titleStmt>
      <publicationStmt>
        <p/>
      </publicationStmt>
      <sourceDesc>
        <p/>
      </sourceDesc>
    </fileDesc>
    <profileDesc>
      <calendarDesc>
        <calendar xml:id="ah">
          <p>Anno Hegirae</p>
        </calendar>
      </calendarDesc>
    </profileDesc>
    <xenoData xml:space="preserve">
CREATED: 2024-04-15T07:35:06.696911+00:00
CREATED BY: eScriptorium vpassthistobuildcmd
IMAGE FILENAME: A121078-3129.tif
IMAGE WIDTH: 2314
IMAGE HEIGHT: 3846
</xenoData>
  </teiHeader>
  <text>
    <body>
      <div>
        <p>
          <lb/>FLACIUS ILLYRICUS Matthias Strassbura, P. Messerschmidt 1562
          <lb/>CATALOGVS TE- stium ueritatis, qui ante nostram
          <lb/>aetatem Pontifici Romano, eiusque! erroribus reclamarunt:
          <lb/>iam denuò longè quam! antea, &amp;amp; emendatior &amp;amp; au- ctior
          <lb/>editus. Opus uaria rerum, hoc praesertim scitu dignissi¬
          <lb/>marum... (3 Z.)
          <lb/>AppENDICI quoque ad calcem adiecto, inserta est Vera
          <lb/>Demon- stratio, Quòd electio Proesulum &amp;amp; Episcoporum
          <lb/>non ad Ecclesiasticos solum, sed &amp;amp; ad Laicos, ut uocant,
          <lb/>pertineat; quodque hi, hoc iure Electionis iam inde usque,
          <lb/>à Christi temporibus ad Annos 1500 sunt usi.
          <lb/>Cum Praefatione MATHiae FLACH Illyrici, qua Operis
          <lb/>huius &amp;amp; ratio &amp;amp; usus exponitur.Accessit &amp;amp; Rerum atque
          <lb/>uerborum toto Opere memorabilium! copiosus INDEX.
          <lb/>3. REG. 19. RoM. 11. (2 Z.)
          <lb/>ARGENTINAE,  1562. (Rückseite leer.)
          <lb/>Am Schluss, nach dem Index: EXCVSVM ARGENTINAE APUD
          <lb/>Paulum Macharopœum, sumptibus Ioannis Oporini, Anno
          <lb/>M. D. LXII.
          <lb/>Am Schlusse des Anhangs: Basileae, Ex Officina Io- hannis
          <lb/>Oporini, Anno Salv tis humanae M. D. LXII. Men- se
          <lb/>Martio.
          <lb/>20, Antiq., 6 unn. Bll., 586 S., 6 unn. Bll., 2sp. (Index), 1 leeres
          <lb/>Bl., 58 unn. Bll., Kopft., Kust., Init.
          <lb/>Bl. a 2a: CONSVLIBVS, SENATORI, ET RELIOAE DEI Ec¬
          <lb/>clesiae, inclytae urbis Lubensis... Math. Fl. Illyricus...
          <lb/>Ienae Calend. Januarij, Anno domini M. D. LXII. (Epistola
          <lb/>dedicatoria, 3 S.)
          <lb/>Bl. a 3b: MATHIAS FLACIVS ILLYRICVS! Christiano Lec¬
          <lb/>tori.... (Vorrede, 51/, S., Kursiv.)
          <lb/>R 10.398. Prov.: Bibl. Böcking. Handschr. Notizen. Titelbl. oben:
          <lb/>&amp;quot;Sum ex libris M. Conradi Schlüsselburgij... Anno 83;e unten:, Lutouicus
          <lb/>Lucius typographus Heidelbergensis... Francofor ad Menum, anno 1562.&amp;quot;
          <lb/>2. Ex. R 10.573. Prov.: Anselm Martinstein, Pfarrer in Heddes-
          <lb/>heim, 1871. Titelbl, unten: Hieronymus Klingger. Alter Einband.
          <lb/>GE: SB Berlin; UB Berlin, Göttingen, Greifswald, Halle, Kiel,
          <lb/>Königsberg, Marburg.
          <lb/>BN Paris D2 308 u. H 1845. 1846. Brunet IIs, 1277.
          <lb/>Bibliographie von Flacius: Schottenloher I Nr. 6322-6372. 867
          <lb/>FLACIUS ILLYRICUS Matthias: Summarischer Bericht. Siehe:
          <lb/>HELDELINUS Caspar: Eine christliche Predigt, 1575.
          <lb/>573
        </p>
      </div>
    </body>
  </text>
</TEI>
