<?xml version='1.0' encoding='UTF-8'?>
<?xml-model href="https://raw.githubusercontent.com/OpenITI/tei_openiti/master/tei_openiti.rng" type="application/xml" schematypens="http://relaxng.org/ns/structure/1.0"?>
<?xml-model href="https://raw.githubusercontent.com/OpenITI/tei_openiti/master/tei_openiti.rng" type="application/xml" schematypens="http://purl.oclc.org/dsdl/schematron"?>
<TEI xmlns="http://www.tei-c.org/ns/1.0">
  <teiHeader>
    <fileDesc>
      <titleStmt>
        <title/>
      </titleStmt>
      <publicationStmt>
        <p/>
      </publicationStmt>
      <sourceDesc>
        <p/>
      </sourceDesc>
    </fileDesc>
    <profileDesc>
      <calendarDesc>
        <calendar xml:id="ah">
          <p>Anno Hegirae</p>
        </calendar>
      </calendarDesc>
    </profileDesc>
    <xenoData xml:space="preserve">
CREATED: 2024-04-15T07:35:07.595597+00:00
CREATED BY: eScriptorium vpassthistobuildcmd
IMAGE FILENAME: A121078-3175.tif
IMAGE WIDTH: 2316
IMAGE HEIGHT: 3848
</xenoData>
  </teiHeader>
  <text>
    <body>
      <div>
        <p>
          <lb/>619
          <lb/>FUNCK Johann
          <lb/>Strassburg, A. Bertram 1599
          <lb/>DISPVTATIO DE FORMA ACTIO-NIS ET LIBELLI. !Quae
          <lb/>à condita Roma usque ad nostrum saeculum in indiciis
          <lb/>obseruata fuit, adhue obseruetur, &amp;amp; obseruari vtiliter
          <lb/>possit: Vberrima rerum vtilitate, litteratissima formularum
          <lb/>ve- tustate, &amp;amp; quaestionum varietate copiosissima. In
          <lb/>Inclyta Argentinensium Academia publici exercitij causa
          <lb/>proposita, à GEORGIO OBRECHTO IC. Respondente IOANNE
          <lb/>Druckerm. Bertrams. (H &amp;amp; B Tafel XLIV Nr. 2; Silvestre
          <lb/>Nr. 1022.)
          <lb/>Argentorati excudebat Antonius Bertramus, 1599.
          <lb/>(Rücks, leer.)
          <lb/>4°, Antig., 52 unn. Bll., wovon das letzte leer, Sign. A-N. Kust.,
          <lb/>Init. D. Verzeichnis von Titeln von 756 Thesen.
          <lb/>R10.5483. Prov.: Kubasta d́ Voigt, Wien 25. XI. 1896. 929
          <lb/>FURIUS Fredericus: De Conciliis et consiliariis Principum.
          <lb/>Siche: SPECULUM Aulicarum, N° 2. Strassburg. L. Zetzner 1600.
        </p>
      </div>
    </body>
  </text>
</TEI>
