<?xml version='1.0' encoding='UTF-8'?>
<?xml-model href="https://raw.githubusercontent.com/OpenITI/tei_openiti/master/tei_openiti.rng" type="application/xml" schematypens="http://relaxng.org/ns/structure/1.0"?>
<?xml-model href="https://raw.githubusercontent.com/OpenITI/tei_openiti/master/tei_openiti.rng" type="application/xml" schematypens="http://purl.oclc.org/dsdl/schematron"?>
<TEI xmlns="http://www.tei-c.org/ns/1.0">
  <teiHeader>
    <fileDesc>
      <titleStmt>
        <title/>
      </titleStmt>
      <publicationStmt>
        <p/>
      </publicationStmt>
      <sourceDesc>
        <p/>
      </sourceDesc>
    </fileDesc>
    <profileDesc>
      <calendarDesc>
        <calendar xml:id="ah">
          <p>Anno Hegirae</p>
        </calendar>
      </calendarDesc>
    </profileDesc>
    <xenoData xml:space="preserve">
CREATED: 2024-04-15T07:35:13.879321+00:00
CREATED BY: eScriptorium vpassthistobuildcmd
IMAGE FILENAME: A121078-3421.tif
IMAGE WIDTH: 2412
IMAGE HEIGHT: 3852
</xenoData>
  </teiHeader>
  <text>
    <body>
      <div>
        <p>
          <lb/>863
          <lb/>JOSEPHUS Flavius
          <lb/>Strassburg, Th. Rihel 1595
          <lb/>Flauuij Josephi, des Hochberühmten Jüdi-schen Ge¬
          <lb/>schichtschreibers, Historien vnd Bücher: Von alten Jüdi¬
          <lb/>schen Ge- schichten... (Wie in der Ausgabe von 1590. Rücks, leer.)
          <lb/>Am Schluss: Getruckt zu Straszburg durch! Theodo¬
          <lb/>sium Rihel. (Druckerm. Rihel&amp;#x27;s. HE B Tafel XXXII Nr. 47.) Dar¬
          <lb/>unter: M. D. XCV.
          <lb/>20, Got., 6 unn. Bll., 946 S., 20 unn. 2sp. Bll. (Index), Kopft.,
          <lb/>Kust., Marg., Init., Titel rot u. schuare mit Einfassung Stimmer&amp;#x27;s vie
          <lb/>in der Ausgabe von 1590.
          <lb/>R 10.447 (1), mit handschr. Eintragung:» Der Kaiserlichen Uni¬
          <lb/>versitäts-und Landes-Bibliothek Strassburg gewidmet von Fidel von Baur¬
          <lb/>Breitenfeld. Aschaffenburg im Juli 1872.
          <lb/>Baer, Frankfurt a. M., Katal, 500 (1907) Nr. 1266; 25M. 1283
          <lb/>JOSEPHUS Flavius
          <lb/>Strassburg, Th. Rihel 1597
          <lb/>Flauij Josephi,) des Hochberühmten Jüdi- schen Ge¬
          <lb/>schichtschreibers, Historien vnd Bücher... (Wie in den vor¬
          <lb/>hergehenden Ausgaben. Rücks, leer.)
          <lb/>Am Schluss: Getruckt zu Straszburg, durch Theodo¬
          <lb/>sium Rihel. (Druckerm. Rihel&amp;#x27;s. H E B Tafel XXXII Nr. 17.) Dar¬
          <lb/>unter: M. D. XCVII.
          <lb/>20, Got., 6 unn. Bll., 946 S., 20 unn. 2sp. Bll. (Index), Kopft.,
          <lb/>Kust., Marg., Init., Titel rot u. schware mit Titeleinfassung, Vorrede
          <lb/>u. Abb. der vorigen Ausgabe.
          <lb/>R 10.530/1). Geschenk von Martin Hauer, Hamburg 1871.
          <lb/>Handschr. Vermerk: ,Anno 1720 den 12 September habe ich dieses Ge¬
          <lb/>schichtbuch von Kleiderfeller (?) kauft und bar bezahlt. 4 Pf. 14 8. Michael
          <lb/>Brandt.&amp;quot;
          <lb/>Baer, Frankfurt a. M., Katal, 500 (1907) Nr. 1267; 30 M. 1284
          <lb/>JOVIUS Paulus: De piscibus. Siche: OPPINIANUS: Alieuticon
          <lb/>sive de piscibus. Strassburg, J. Cammerlander 1534.
          <lb/>JOVIUS Paulus
          <lb/>Strassburg, Aug. Fries 1556
          <lb/>PAVLI JOVII NOVOCOMENSIS EPI- SCOPI NVCERINI, HI¬
          <lb/>storiarum sui Tem- poris. TOMVS PRIMVS. (Buch I-XVIII.)
          <lb/>ARGENTORATI apud Augustinum Frisium.Anno
          <lb/>M. D. LVI.
        </p>
      </div>
    </body>
  </text>
</TEI>
