<?xml version='1.0' encoding='UTF-8'?>
<?xml-model href="https://raw.githubusercontent.com/OpenITI/tei_openiti/master/tei_openiti.rng" type="application/xml" schematypens="http://relaxng.org/ns/structure/1.0"?>
<?xml-model href="https://raw.githubusercontent.com/OpenITI/tei_openiti/master/tei_openiti.rng" type="application/xml" schematypens="http://purl.oclc.org/dsdl/schematron"?>
<TEI xmlns="http://www.tei-c.org/ns/1.0">
  <teiHeader>
    <fileDesc>
      <titleStmt>
        <title/>
      </titleStmt>
      <publicationStmt>
        <p/>
      </publicationStmt>
      <sourceDesc>
        <p/>
      </sourceDesc>
    </fileDesc>
    <profileDesc>
      <calendarDesc>
        <calendar xml:id="ah">
          <p>Anno Hegirae</p>
        </calendar>
      </calendarDesc>
    </profileDesc>
    <xenoData xml:space="preserve">
CREATED: 2024-04-15T07:35:06.561108+00:00
CREATED BY: eScriptorium vpassthistobuildcmd
IMAGE FILENAME: A121078-3120.tif
IMAGE WIDTH: 2312
IMAGE HEIGHT: 3846
</xenoData>
  </teiHeader>
  <text>
    <body>
      <div>
        <p>
          <lb/>564
          <lb/>Baer, Frankfurt a. M., Katalog 500 (1907) Nr. 806; 30 M.
          <lb/>GK (unter Marnix von Ste. Aldegonde): SB Berlin; UB Breslau.
          <lb/>126, 131, 135, 161, 304, 317, 367; Weller, Die falschen u. fing. Druck¬
          <lb/>Goedeke II2, S. 498/9, Nr. 372; Hauffen I, 65, 73, 75; II, 108-
          <lb/>orte, S. 4.
          <lb/>855
          <lb/>FISCHART Johann
          <lb/>[Strassburg, Bern. Jobinl 1581
          <lb/>Binenkorb! Desz Heyl. Römischen Jmen schwarms,
          <lb/>seiner Hummelszellen (oder Himmels- zellen) Hurnausz¬
          <lb/>näster, Brämenge- schwürm vnd Wäspengetösz.Sampt
          <lb/>Läuterung der Heyl. Röm. Kirchen Ho¬ nigwaben...
          <lb/>...vnd mit Mentzerkletten durchzirt. Durch Jesuwalt
          <lb/>Pickhart, des Canonischen Rech- tens Canonisirten oder
          <lb/>Gewürdigten, &amp;amp;c.
          <lb/>Holeschn. u. Verse wie in der Ausgabe von 1580.
          <lb/>Darunter: Getruckt Zu Christlingen. (Rücks. leer.)
          <lb/>Am Schluss: EXPLICIT Expliciunt
          <lb/>Sagt die Katz zum Hund,
          <lb/>Würst sind vngesund.
          <lb/>Getruckt zu Christlingen bey Vrsino Gottgwinn. M. D.
          <lb/>LXXXI.
          <lb/>80, Got., 246 num., 17 unn. Bll., 1 leeres Bl., Kopft., Kust, Marg.,
          <lb/>Titel rot u. schwvarz; letztes Bl. fälschlich 245, das vorletste ist nicht
          <lb/>numeriert.
          <lb/>Bl. 2a-3a: Vorstosz.suwalti Pickhart, des Geist¬
          <lb/>lichen Gewürdigsten, an den lieben Hummelscheuen doch
          <lb/>nit Himmelscheuen Leser... Die Widmung an Sonnio u. die Verse
          <lb/>Bl. 246 nebst Abbildung wie in in der Ausgabe von 1580.
          <lb/>R102.485. Prov.: Geheimrat Landfermann, Koblene, 1871.
          <lb/>Auf der Vorderseite des Schutabl.:,Biblioth. Reimann. Theol. S. 525.°
          <lb/>Auf der Vorderseite des leeren Bl, am Schluss:,Liber raris, vide:
          <lb/>Neue Beyträge der Teutschen Gesellschaft in Leipzig.&amp;quot;
          <lb/>GK (unter Marnix): SB Berlin; UB Breslau, Greifswald, Halle,
          <lb/>Konigsberg, Marburg.
          <lb/>856
          <lb/>FISCHART Johann: De daemonomia Magorum. Strassburg, Bern.
          <lb/>Jobin 1581, 1586, 1591. Siche: BODIN Joh. Nr. 221, 222, 223
          <lb/>Hauffen I, 70, 84-5, 189; II, 95, 210-214, 237, 324.
          <lb/>FISCHART Johann
          <lb/>Strassburg, Bern. Jobin 1582
          <lb/>Affentheurlich Naupengeheurli- che Geschichtklitterung,
          <lb/>Von Thaten vnd Rahten der vor kurtzen langen weilen
        </p>
      </div>
    </body>
  </text>
</TEI>
