<?xml version='1.0' encoding='UTF-8'?>
<?xml-model href="https://raw.githubusercontent.com/OpenITI/tei_openiti/master/tei_openiti.rng" type="application/xml" schematypens="http://relaxng.org/ns/structure/1.0"?>
<?xml-model href="https://raw.githubusercontent.com/OpenITI/tei_openiti/master/tei_openiti.rng" type="application/xml" schematypens="http://purl.oclc.org/dsdl/schematron"?>
<TEI xmlns="http://www.tei-c.org/ns/1.0">
  <teiHeader>
    <fileDesc>
      <titleStmt>
        <title/>
      </titleStmt>
      <publicationStmt>
        <p/>
      </publicationStmt>
      <sourceDesc>
        <p/>
      </sourceDesc>
    </fileDesc>
    <profileDesc>
      <calendarDesc>
        <calendar xml:id="ah">
          <p>Anno Hegirae</p>
        </calendar>
      </calendarDesc>
    </profileDesc>
    <xenoData xml:space="preserve">
CREATED: 2024-04-15T07:35:06.790359+00:00
CREATED BY: eScriptorium vpassthistobuildcmd
IMAGE FILENAME: A121078-3135.tif
IMAGE WIDTH: 2310
IMAGE HEIGHT: 3848
</xenoData>
  </teiHeader>
  <text>
    <body>
      <div>
        <p>
          <lb/>FORMULARE
          <lb/>Hagenau, H. Gran 1503
          <lb/>Formulare Aduocatorum, et Procuratorum Romane
          <lb/>Curie et Regij Parlamenti: Practicam scu iura communia
          <lb/>clarissime ostendens. Continens et tradens formam Com¬
          <lb/>missionum. (15 2. Darunter: 2 Dist.)
          <lb/>Am Schluss: Exactissima diligentia impressum in Hage¬
          <lb/>naw per indu- strium virum Henricum Gran ibidem ciuem:
          <lb/>expensis pro- vidi viri Wolffgang Lachner Anno domini.
          <lb/>1503. pridie Noñ. Martij Finit feliciter.
          <lb/>40, Got., 6 unn. Bll. (Index, 2sp.), CCXXIII num. Bll., Kopft.,
          <lb/>leerer Raum für Init. Am Anfang 7 u. am Ende 8 leere Bll.
          <lb/>R101296. Prov.: Dr. Lauth, Strassburg 29. XII. 1872. Wurm¬
          <lb/>stichig. Handschr. Eintragung auf der Innens, des Vorderdeckels:
          <lb/>Distichon libri ad lectorem.
          <lb/>Me lege si placeat sed redde Johanni Mangold hallensi lector amice
          <lb/>precor.
          <lb/>GK: SB Berlin, UB Kiel.
          <lb/>877
          <lb/>FORMULARE
          <lb/>Strassburg, J. Knobloch 1516
          <lb/>Formulare instrumentorum Nec non Ars notariatus
          <lb/>cum Tabulis sub- junctis. (Rücks, leer.)
          <lb/>Am Schluss, vor dem Index, Bl. CLXXI: Opera atque im¬
          <lb/>pensis prouidi viri Iohannis knob- louch: nobilis Argen¬
          <lb/>tine ciuis impressum Anno... M. D. xvj. xv. kal’. Januarij.
          <lb/>40, Got., CLXXI num. u. 8 unn. Bll. (Index), von denen das
          <lb/>letzte leer, Kopft., Titeleinfassung, oben: 2 Greife, jeder mit einem Füll¬
          <lb/>horn; auf beiden Seiten, Saulen; unten: 5 Putten, die einen 6. hin und
          <lb/>her serren.
          <lb/>R101.297. Prov.: SB München 28. XII. 1883, 1 M. 80. Auf
          <lb/>der Innens, des Vorderdeckels : Egregius vir D. petrus Hofmann consul
          <lb/>in Lintz me donationis in titulo vito Stahl pro tempore Scriba jurato in
          <lb/>Lintz tradidit XXIIIIe Julii Anno MDXLVIIIIe, Darunter: Duplum
          <lb/>Biblioth, regiae Monacensis.
          <lb/>Schmidt VII Nr. 124.
          <lb/>878
          <lb/>FORMULARE Und tütsch Rethorica. Siche: GESSLER Heinr.
          <lb/>FOUILLOUX Jacques de
          <lb/>Strassburg, Bern. Jobin 1590
          <lb/>New Jägerbuch: Jacoben von Fo-uilloux, einer für¬
          <lb/>nemen Adelsper- son in Franckreich ausz Gastine in Poi¬
          <lb/>579
        </p>
      </div>
    </body>
  </text>
</TEI>
