<?xml version='1.0' encoding='UTF-8'?>
<?xml-model href="https://raw.githubusercontent.com/OpenITI/tei_openiti/master/tei_openiti.rng" type="application/xml" schematypens="http://relaxng.org/ns/structure/1.0"?>
<?xml-model href="https://raw.githubusercontent.com/OpenITI/tei_openiti/master/tei_openiti.rng" type="application/xml" schematypens="http://purl.oclc.org/dsdl/schematron"?>
<TEI xmlns="http://www.tei-c.org/ns/1.0">
  <teiHeader>
    <fileDesc>
      <titleStmt>
        <title/>
      </titleStmt>
      <publicationStmt>
        <p/>
      </publicationStmt>
      <sourceDesc>
        <p/>
      </sourceDesc>
    </fileDesc>
    <profileDesc>
      <calendarDesc>
        <calendar xml:id="ah">
          <p>Anno Hegirae</p>
        </calendar>
      </calendarDesc>
    </profileDesc>
    <xenoData xml:space="preserve">
CREATED: 2024-04-15T07:35:10.269734+00:00
CREATED BY: eScriptorium vpassthistobuildcmd
IMAGE FILENAME: A121078-3275.tif
IMAGE WIDTH: 2340
IMAGE HEIGHT: 3854
</xenoData>
  </teiHeader>
  <text>
    <body>
      <div>
        <p>
          <lb/>40, Got., 14 unn. Bll., Sign. 4-C.
          <lb/>Auf der Rücks. des Titelbl.: Tractatus de expositione misse
          <lb/>Editus a fratre! Guilhelmo de Gouda ordinis minorum de
          <lb/>obseruantia...
          <lb/>R101.376. Prov.: Bibl. Böcking.
          <lb/>Schmidt V Nr. 62: Stadtbibl. Kolmar.
          <lb/>1057
          <lb/>GUILHELMUS Minatensis. Siehe: DURANTI: Rationale divino¬
          <lb/>rum officiorum
          <lb/>GUILLAUME D’AUVERGNE. Siche: GUILLERMUS Episcopus
          <lb/>Parisiensis
          <lb/>GUILLERMUS Episcopus Parisiensis Strassburg, J. Knobloch 1507
          <lb/>GVILHERMVS EPISCOPVS(Parisiensis De collationibus
          <lb/>et pluralitate ecclesiasti- corum benefi! ciorum. ! Albertus
          <lb/>magnus De adherendo soli deo. Sanctus Bonauentura ad
          <lb/>fratres men dicantes, quales esse debeant erga pre- latos
          <lb/>&amp;amp; ecclesiarum rectores.
          <lb/>Am Schluss: Prodierunt hec foeliciter ad dei lau! dem
          <lb/>ex officina Ioannis Knoblouchi. An! no salutis nostre. M. D.
          <lb/>VIl. kalend. Iulias.
          <lb/>40, Antiq., 42 unn. Bll., Sign. A-H, Kopft., Init.
          <lb/>Auf der Rücks, des Titelbl.: IoANNI RYNCo vrbis Agrippine
          <lb/>ciui consulari... Iaco. ! Vuimphelingius sese commendat....
          <lb/>— Ex Argen. iij. kal. Iunias 1507.
          <lb/>&amp;quot;R101717. Prov.: Trübner, Strassburg 10. VI. 1887; 5M.
          <lb/>2. ER. *R 101369. Prov.: Geschenk der Stadt Heilbronn.
          <lb/>Stadtbibl. Strassburg 581; Proctor II Sectio I Nr. 10.053: Lon¬
          <lb/>don Brit. Museum; Schmidt VII Nr. 30 (mit Trennungsstrich: men
          <lb/>dicantes): «Jadis Bibl. de Strasbourg, Incun. No 52, Bibl. St. Guil¬
          <lb/>laume, Strasbourg»; Walter: Schlettstadt Nr. 1453. GK (mit Tren¬
          <lb/>nungsstrich hinter mendicantes): SB Berlin, UB Breslau.
          <lb/>1058
          <lb/>GUINTERIUS Johannes Andernacus Strassburg, [J. Rihel?] 1547
          <lb/>INSTRVCTI- ON TRES VTILE, PAR] LAQVELLE VN CHACVN
          <lb/>SE POVR-] ra maintenir en santé, tant au temps! de peste,
          <lb/>comme en autre temps, par! Maistre Jehan Guinter d’An¬
          <lb/>717
        </p>
      </div>
    </body>
  </text>
</TEI>
