<?xml version='1.0' encoding='UTF-8'?>
<?xml-model href="https://raw.githubusercontent.com/OpenITI/tei_openiti/master/tei_openiti.rng" type="application/xml" schematypens="http://relaxng.org/ns/structure/1.0"?>
<?xml-model href="https://raw.githubusercontent.com/OpenITI/tei_openiti/master/tei_openiti.rng" type="application/xml" schematypens="http://purl.oclc.org/dsdl/schematron"?>
<TEI xmlns="http://www.tei-c.org/ns/1.0">
  <teiHeader>
    <fileDesc>
      <titleStmt>
        <title/>
      </titleStmt>
      <publicationStmt>
        <p/>
      </publicationStmt>
      <sourceDesc>
        <p/>
      </sourceDesc>
    </fileDesc>
    <profileDesc>
      <calendarDesc>
        <calendar xml:id="ah">
          <p>Anno Hegirae</p>
        </calendar>
      </calendarDesc>
    </profileDesc>
    <xenoData xml:space="preserve">
CREATED: 2024-04-15T07:35:08.197357+00:00
CREATED BY: eScriptorium vpassthistobuildcmd
IMAGE FILENAME: A121078-3195.tif
IMAGE WIDTH: 2316
IMAGE HEIGHT: 3852
</xenoData>
  </teiHeader>
  <text>
    <body>
      <div>
        <p>
          <lb/>1) Das irrig Schaf. 42 unn. Bll., Sign. A-H, Kopft., Init.
          <lb/>Bl. A 2a: Die vorred, von dem irrigen Schaf....
          <lb/>Das irrig Dchaf.
          <lb/>Gagt von bleinmũtileit vnd verz meiflund.
          <lb/>Gebrediger vnd gedeutst durco den
          <lb/>muirdigẽ vnd Bocbgelerren doctozẽ
          <lb/>Jobannem Meiler von RRei)
          <lb/>serßbergimit sampt den
          <lb/>na volgenden
          <lb/>tractaten.
          <lb/>639
          <lb/>Am Schluss: Die zwei büchlin, so von mir vmb nutzes wil
          <lb/>len, der einfaltigen schäflin, gedeütschet sind, magst du
          <lb/>lesen, bisz dasz dich gott bessers beratet... (Vorrede, 14 S.)
        </p>
      </div>
    </body>
  </text>
</TEI>
