<?xml version='1.0' encoding='UTF-8'?>
<?xml-model href="https://raw.githubusercontent.com/OpenITI/tei_openiti/master/tei_openiti.rng" type="application/xml" schematypens="http://relaxng.org/ns/structure/1.0"?>
<?xml-model href="https://raw.githubusercontent.com/OpenITI/tei_openiti/master/tei_openiti.rng" type="application/xml" schematypens="http://purl.oclc.org/dsdl/schematron"?>
<TEI xmlns="http://www.tei-c.org/ns/1.0">
  <teiHeader>
    <fileDesc>
      <titleStmt>
        <title/>
      </titleStmt>
      <publicationStmt>
        <p/>
      </publicationStmt>
      <sourceDesc>
        <p/>
      </sourceDesc>
    </fileDesc>
    <profileDesc>
      <calendarDesc>
        <calendar xml:id="ah">
          <p>Anno Hegirae</p>
        </calendar>
      </calendarDesc>
    </profileDesc>
    <xenoData xml:space="preserve">
CREATED: 2024-04-15T07:35:07.486187+00:00
CREATED BY: eScriptorium vpassthistobuildcmd
IMAGE FILENAME: A121078-3169.tif
IMAGE WIDTH: 2314
IMAGE HEIGHT: 3846
</xenoData>
  </teiHeader>
  <text>
    <body>
      <div>
        <p>
          <lb/>clarissimus &amp;amp; do-! ctissimus vir, D. Nicodemus Frischlinus.! Rector quon¬
          <lb/>dam Scholae Labacensis, qui, ut suum hunc no! stram in Academiam
          <lb/>testatum amorem faceret, de Natali Iesu Christi filij Dei carmen scripsit,
          <lb/>quod cras! hora octava recitaturus est M. Iosephus Langius.! Itaque
          <lb/>omnes adolescentes studiosos hortamur, huic recita- tioni frequentes ut
          <lb/>intersint, propter Autorem, Poëtam in! signem, propter carmen ipsum
          <lb/>elegans et eruditum, pro! pter denique recitatorem, qui suam hactenus
          <lb/>diligentiam, modestiam, eruditionem, industriam probavit. Valete.
          <lb/>30. Decemb. Anno M. D. XXCIV. (1584.)
          <lb/>R 1009541. Herkunft unbekannt. Handschr. Eintragungen auf
          <lb/>der Innens. des Vorderdeckels: Johann Andreas Hebsacker Unacensis. 1663;
          <lb/>Sebast. Kneer 1690. Auf der Rückseite des Titelbl, 16 lat. Verse über
          <lb/>Frischlin, sign.: Wenceslaus Georgius Peristerius Cutenus Bojemus scrib.
          <lb/>Argentinae prid. Cal. Martij, 1612. Darunter 4 lat. Verse: In effigiem
          <lb/>Nic. Frisch.: M. Joh. Paulus Crusius Argentinensis.
          <lb/>Stadtbibl. Strassburo, 13162; Gk. SB Berlin, UB Breslau, Göt-
          <lb/>tingen, Greifswald, Kiel, Königsberg, Marburg. BN Paris Yc 8998;
          <lb/>Oxford, Bibl. Bodleiana.
          <lb/>Brunet II5, 1400; 5 à 6 frs. Réimpr. à Strasb., en 1612, avec
          <lb/>921
          <lb/>des argumentations.
          <lb/>613
          <lb/>FRISCHLIN Nikodemus
          <lb/>Strassburg, B. Jobins Erben 1598
          <lb/>NICODEMI FRISCHLINI SACRI LATERANENSIS PALATII,
          <lb/>AVLAEQVE CAESAREAE ET Imperialis Consistorij Comitis:
          <lb/>Poëtae Laur.Oratoris &amp;amp; Philosophi praestantissimi:
          <lb/>ORATIONES INSIGNORES ALIQVOT:  IN PVBLICIS PVBLICARVM
          <lb/>GERMANIAE ACADEMIARVM CONSES- sibus habitae, olimque
          <lb/>seorsim excusae: Nunc verò in gratiam ouócov, propter
          <lb/>causas in praefatione expositas, coniunctim editae.! Operâ
          <lb/>&amp;amp; studio, M. GEORGH PFLVEGERI, VLMANI.
          <lb/>ARCENTINAE Ex officina Typographica haeredum Bern¬
          <lb/>hardi Iobini. Ao MDXCVIII. (Rücks, leer.)
          <lb/>80, Antiq., 6 unn. Bll., 456 S., Kust., Init.
          <lb/>Bl. 2-5: Widmung Pflügers: ¡Ioanni Casimiro, Comiti in Erpach et
          <lb/>Domino in Pressburg: Christiano &amp;amp; Wolrado Comitibus &amp;amp; Dominis in Waldeck...
          <lb/>XIII. Calend. August. M. D. HC. (Kursiv.)
          <lb/>Bl. 6a: Epigramma de exilio Nicodemi Frischlini. (22 lat. Verse.)
          <lb/>Auf der Rücks. : Porträt Frischlins (Siehe Abb. Nr. 920), darunter
          <lb/>4 lat. Verse.
          <lb/>R100.9601. Prov.: Sammlung Heitz, Strassburg 1872. Handschr.
          <lb/>Eintragung auf dem Titelbl.: Jure me possidet Elias Brackenh offer Ar¬
          <lb/>gentinensis, Anno 1634, 8 Novembris.
          <lb/>GK: SB Berlin, UB Breslau. BN Paris X. 200851.
          <lb/>922
        </p>
      </div>
    </body>
  </text>
</TEI>
