<?xml version='1.0' encoding='UTF-8'?>
<?xml-model href="https://raw.githubusercontent.com/OpenITI/tei_openiti/master/tei_openiti.rng" type="application/xml" schematypens="http://relaxng.org/ns/structure/1.0"?>
<?xml-model href="https://raw.githubusercontent.com/OpenITI/tei_openiti/master/tei_openiti.rng" type="application/xml" schematypens="http://purl.oclc.org/dsdl/schematron"?>
<TEI xmlns="http://www.tei-c.org/ns/1.0">
  <teiHeader>
    <fileDesc>
      <titleStmt>
        <title/>
      </titleStmt>
      <publicationStmt>
        <p/>
      </publicationStmt>
      <sourceDesc>
        <p/>
      </sourceDesc>
    </fileDesc>
    <profileDesc>
      <calendarDesc>
        <calendar xml:id="ah">
          <p>Anno Hegirae</p>
        </calendar>
      </calendarDesc>
    </profileDesc>
    <xenoData xml:space="preserve">
CREATED: 2024-04-15T07:35:06.458811+00:00
CREATED BY: eScriptorium vpassthistobuildcmd
IMAGE FILENAME: A121078-3114.tif
IMAGE WIDTH: 2312
IMAGE HEIGHT: 3846
</xenoData>
  </teiHeader>
  <text>
    <body>
      <div>
        <p>
          <lb/>558
          <lb/>poeum, sumptibus Iohannis Oporini, Anno M. D. LXII.
          <lb/>(Rückseite leer.)
          <lb/>Am Schluss: ExCVSVM AR-gentinae apud Paulum
          <lb/>Machaeropoeum, sum-ptibus Iohannis Oporini. ANNo
          <lb/>M. D. LXII.
          <lb/>80, Antiq., 72 unn. Bll,, 2 leere Bll., Kopft., Kust., Init. M.
          <lb/>Bl. 2a: ... Domino An-dreae Meiendorphio, suo Do¬
          <lb/>mino ac patrono... — Ienae Calendas Iulij. 1561. T. P.
          <lb/>Stud:! Matt. Flac. Illiricus, (Vorrede, 6 S.)
          <lb/>R102.1693, Prov.: Friedrichs-Gymnas. Frankfurt a. M. 14. XII.
          <lb/>1888. Handschr. Notizen.
          <lb/>GK: SB Berlin, UB Göttingen, Königsberg; Brunet II5, 1270:
          <lb/>Imprimé pour la lère fois par les soins de Math. Flaccius Argentor. 1562,
          <lb/>in-80&amp;quot;
          <lb/>846
          <lb/>FISCHART Johann
          <lb/>Strassburg, (Bern. Jobin 15771)
          <lb/>Das Glückhafft Schiff von Zürich.Ein Lobspruch,
          <lb/>vonn der Glücklichen vnd Wolfertigen Schiffart, einer
          <lb/>Burgerlichen Gesellschafft ausz Zürich, auff das ausz¬
          <lb/>geschriben Schiessen gen Straszburg den 21. Junij, des
          <lb/>76. jars, nicht vil erhörter weis! vollbracht.
          <lb/>Dazu einen Neidigen Vervnglimpfers schant- licher
          <lb/>Schmachspruch von gedach- tem Glückschiff: Samt des¬
          <lb/>selbigen Notwendigem Kehrab ist gethan worden.
          <lb/>Holeschnitt: das Glückhafft Schiff mit dem Hirsenbrei in der
          <lb/>Mitte, 4 Ruderer, wovon 3 sitzen, während der vierte steht mit dem
          <lb/>Ruder in der Hand. Darunter 4 deutsche Verse. (Rücks, leer.)
          <lb/>40, Got., 2sp., 14 unn. Bll., Sign. A-D, Kopft., Kust., Titel rot
          <lb/>u. schwarz.
          <lb/>R100.247. Prov.: Dr. G. Schad, München, 21.XII.1883; 200M.
          <lb/>2. Ex. R 100.248. Prov.: Bibl. Heitz, Strassburg 1871.
          <lb/>GK: SB Berlin.
          <lb/>Siehe: Hauffen Adolf, Johann Fischart. Berlin u. Leipzig, Walter
          <lb/>de Gruyter &amp;amp; Co., 1922, 2 Bde. 80, In der Folge kurz zitiert: Hauffen.
          <lb/>Goedeke II?, S. 497, 28.
          <lb/>Bibliographie Fischarts: Schottenloher I Nr. 6189-6310. 847
          <lb/>(FISCHART Johann!
          <lb/>[Strassburg, Bern. Jobin o. J.]
          <lb/>Offenlichs vnd inn warhait wolgegrünts Ausschrei¬
          <lb/>ben, der vbelbefridigten Ständ inn Frankreich, die sich
        </p>
      </div>
    </body>
  </text>
</TEI>
