<?xml version='1.0' encoding='UTF-8'?>
<?xml-model href="https://raw.githubusercontent.com/OpenITI/tei_openiti/master/tei_openiti.rng" type="application/xml" schematypens="http://relaxng.org/ns/structure/1.0"?>
<?xml-model href="https://raw.githubusercontent.com/OpenITI/tei_openiti/master/tei_openiti.rng" type="application/xml" schematypens="http://purl.oclc.org/dsdl/schematron"?>
<TEI xmlns="http://www.tei-c.org/ns/1.0">
  <teiHeader>
    <fileDesc>
      <titleStmt>
        <title/>
      </titleStmt>
      <publicationStmt>
        <p/>
      </publicationStmt>
      <sourceDesc>
        <p/>
      </sourceDesc>
    </fileDesc>
    <profileDesc>
      <calendarDesc>
        <calendar xml:id="ah">
          <p>Anno Hegirae</p>
        </calendar>
      </calendarDesc>
    </profileDesc>
    <xenoData xml:space="preserve">
CREATED: 2024-04-15T07:35:06.399163+00:00
CREATED BY: eScriptorium vpassthistobuildcmd
IMAGE FILENAME: A121078-3110.tif
IMAGE WIDTH: 2316
IMAGE HEIGHT: 3848
</xenoData>
  </teiHeader>
  <text>
    <body>
      <div>
        <p>
          <lb/>554
          <lb/>Ende des 2. Buches: Hie endet sich das ander bûch Mar¬
          <lb/>silii Ficini von dem langen vnd gesunden lebenErst
          <lb/>mals recht nach dem latin corri- giert vnd emendiert durch
          <lb/>Johan! nem Adelphum Mülich z61 Straszburg, im iar. M.
          <lb/>cccce. viij. Am abend des Ertzengels Michae- lis.
          <lb/>Am Schlusse des ganzen Werkes : Gedruckt vnd vollendet ist
          <lb/>disz lob- lich werck zû Straszburg, durch Joannem Grü¬
          <lb/>niger vff sant Hylarius tag. Im iar. M. D. VIII.
          <lb/>(Rücks, leer.)
          <lb/>20, Got., 2sp., 58 unn. Bll., Sign. X-Z. AA-GG. Kopft,, Zierinit.,
          <lb/>Titelbild u. 27 kol. Holeschn. (Sehmidt sagt 43), verschiedenen Werken
          <lb/>entnommen.
          <lb/>Auf der Rücks. des Titelbl.: Marsilius Ficinus bin ich ge¬
          <lb/>nant. In der stat Florenz gar wol bekant usw.
          <lb/>Bl. X 2a: An... Heinrich grauen zu Werdenberg &amp;amp;c.
          <lb/>Thûmherrn der hohen stifft Straszburg ein epistel Johannis
          <lb/>Adelphi Argentin.
          <lb/>Bl. X 2b: Die vorred Marsilij Ficini von Florentz in
          <lb/>das buch des lebens: An den groszmütigen Laurentium
          <lb/>medicen ein behalter vnd beschirmer des vatterlandes. (2 S.)
          <lb/>Bl. X 4a: Die vorrede vnd epistel Marsilij von Flo¬
          <lb/>rentz In das erste bûch, von dem gesunden leben. An den
          <lb/>erwürdigen herren Geor gium Antonium Vesputinum, vnd
          <lb/>Johannem Baptistam Boninsegnium. (1 S.)
          <lb/>R104262. Prov.: Cart Beck, Leipeig 12. x. 1907; 25 M. 2.Ex.:
          <lb/>R10.425: Versteigerung Welter, Paris 4. VI. 1895; 48 Fr. Unvollst.,
          <lb/>die letsten 8 Bll. fehlen.
          <lb/>Schmidt I. Nr. 86; SB München, Basel.
          <lb/>839
          <lb/>FICINUS Marsilius, De sole opusculum. Siche: MARGARITA Fa¬
          <lb/>cetiarum. Strassburg, J. Grüninger 1508. R 10.850 Bl. L 4a-O 2b.
          <lb/>FICINUS Marsilius
          <lb/>Strassburg, Joh. Grüninger 1509
          <lb/>Medicinarius Das bûch der Gesuntheit Liber de arte
          <lb/>distillandi Simplicia et Composita.
          <lb/>Das nüw bûch der rechten kunst zû distillieren. Von
          <lb/>Marsilio ficino vnd anderer hochberömpter Artzte natürliche
          <lb/>vnd gûte künst zû behalten den gesunden leib vnd zû¬
          <lb/>uertryben die kranckheit mit erlengerung des lebens.
          <lb/>S~ ~  leb Hablua boras —
          <lb/>R A9426(
        </p>
      </div>
    </body>
  </text>
</TEI>
