<?xml version='1.0' encoding='UTF-8'?>
<?xml-model href="https://raw.githubusercontent.com/OpenITI/tei_openiti/master/tei_openiti.rng" type="application/xml" schematypens="http://relaxng.org/ns/structure/1.0"?>
<?xml-model href="https://raw.githubusercontent.com/OpenITI/tei_openiti/master/tei_openiti.rng" type="application/xml" schematypens="http://purl.oclc.org/dsdl/schematron"?>
<TEI xmlns="http://www.tei-c.org/ns/1.0">
  <teiHeader>
    <fileDesc>
      <titleStmt>
        <title/>
      </titleStmt>
      <publicationStmt>
        <p/>
      </publicationStmt>
      <sourceDesc>
        <p/>
      </sourceDesc>
    </fileDesc>
    <profileDesc>
      <calendarDesc>
        <calendar xml:id="ah">
          <p>Anno Hegirae</p>
        </calendar>
      </calendarDesc>
    </profileDesc>
    <xenoData xml:space="preserve">
CREATED: 2024-04-15T07:35:14.209996+00:00
CREATED BY: eScriptorium vpassthistobuildcmd
IMAGE FILENAME: A121078-3432.tif
IMAGE WIDTH: 2428
IMAGE HEIGHT: 3852
</xenoData>
  </teiHeader>
  <text>
    <body>
      <div>
        <p>
          <lb/>874
          <lb/>JUVENALIS
          <lb/>Strassburg, Joh. Knobloch 1513
          <lb/>JVNII JVVENALIS AQVINATIS inter Latinos satyrogra¬
          <lb/>phos con sumatissimi Satyrae: emacu latius impressae.
          <lb/>ITEM. Au. Persius satyrus non ignobilis. 3*2
          <lb/>H. B. P. (5 lat. Dist.)
          <lb/>Am Schluss: Argentinæ Industria Joannis Knoblouchij
          <lb/>Anno domini! M. D. XIII. (Rûcks, leer.)
          <lb/>4°, Antiq., 100 unn. Bll., Sign. A-S, Kopft., Init.
          <lb/>Auf der Rücks, des Titelbl.: ALDVS SCIPIONI CARTE ] ROMACHO
          <lb/>Svo. S.
          <lb/>*RI01727. Prov.: Stadtbibl. München 28. I. 1880; 5M.
          <lb/>Proctor II Sectio I Nr. 10.084: London, British Museum;
          <lb/>Schmidt VII Nr. 86: Bibl. Paul Heite, Strassburg.
          <lb/>. 1301
        </p>
      </div>
    </body>
  </text>
</TEI>
