<?xml version='1.0' encoding='UTF-8'?>
<?xml-model href="https://raw.githubusercontent.com/OpenITI/tei_openiti/master/tei_openiti.rng" type="application/xml" schematypens="http://relaxng.org/ns/structure/1.0"?>
<?xml-model href="https://raw.githubusercontent.com/OpenITI/tei_openiti/master/tei_openiti.rng" type="application/xml" schematypens="http://purl.oclc.org/dsdl/schematron"?>
<TEI xmlns="http://www.tei-c.org/ns/1.0">
  <teiHeader>
    <fileDesc>
      <titleStmt>
        <title/>
      </titleStmt>
      <publicationStmt>
        <p/>
      </publicationStmt>
      <sourceDesc>
        <p/>
      </sourceDesc>
    </fileDesc>
    <profileDesc>
      <calendarDesc>
        <calendar xml:id="ah">
          <p>Anno Hegirae</p>
        </calendar>
      </calendarDesc>
    </profileDesc>
    <xenoData xml:space="preserve">
CREATED: 2024-04-15T07:35:08.346448+00:00
CREATED BY: eScriptorium vpassthistobuildcmd
IMAGE FILENAME: A121078-3204.tif
IMAGE WIDTH: 2324
IMAGE HEIGHT: 3852
</xenoData>
  </teiHeader>
  <text>
    <body>
      <div>
        <p>
          <lb/>648
          <lb/>Am Schluss:... Vnd ietzundt getruckt, durch! Johannem
          <lb/>Grüninger, inn der loblichen fryen stat Strasz burg (der
          <lb/>auch der meinung ist, alle bücher doctor Kei serspergs
          <lb/>zû trucken, in der grösze diszes bappyrs)vnd geendet
          <lb/>vff sant Bartholomeus abent, in dem iar von christi vnsers
          <lb/>lieben her- ren geburt. Tusent fünffhundert zwölffe ge¬
          <lb/>zalet.
          <lb/>20, Got., 2sp., XXIV Bll. (Paginationsfehler), Kopft., Marg.,
          <lb/>Init.; 2wischen Bl. I v. II ein Doppelbl. auf dem die eingelnen Sgenen
          <lb/>des Schiffbaues dargestellt sind. Auf der Rücks, des Doppelbl.: Uszle¬
          <lb/>gung diser figur. 13 Holeschn. von verschiedener Grösse. Bl. 21a:
          <lb/>Holeschn. des Speculum peregrinarum quaestionum. [Grüninger 1499.)
          <lb/>Bl. I1.: Die Vorred. Der durchlüchtigen vnd hochge¬
          <lb/>bornen Fürstin vnd frawen. fraw Künigun- den Hertzogin
          <lb/>in öbern vnd nider Baiern etc.... doctor Johann von Eck,
          <lb/>heilger geschrifft zu Ingolstat ordenlicher lerer... — Geben
          <lb/>zû Ingolstat Am xviii. tag des Mertzen nach der ge! burt
          <lb/>vnsers herren Jhesu cristi Tusentfünffhundert vnd xii. Jar.
          <lb/>RI0.131. Prov.: Bibl. Ch. Schmidt mit seinem Exlibris u. handschr.
          <lb/>Notizen vôn seiner Hand.
          <lb/>2. Ex.: R10.130 ohne den erklarenden Text des Doppelbl. Prov.:
          <lb/>Baer, Frankfurt a. M. 3. VL. 1879, 36 M.
          <lb/>Dacheux, Geiler CLXXIV; Kristeller 96. GK: 1. Ex. SB Berlin,
          <lb/>UB Göttingen; 2. Ex. UB Göttingen; Proctor II Sectio I Nr. 9925;
          <lb/>London Brit. Museum; Schmidt I. Nr. 125: Jadis Bibl. de Strasbourg
          <lb/>Inkun 1982 u. Bibl. Basel. Olschki, Florens, Katal. LXXXI Nr. 80;
          <lb/>500 Fr.
          <lb/>962
          <lb/>GEILER Johannes
          <lb/>[Strassburg, Joh. Grüninger] 1513
          <lb/>Ein heilsam kostliche Predig Doctor iohans geiler von
          <lb/>Keisersperg predicanten der loblichen stat Straszburg.
          <lb/>Die er zû bischoff Albrechten von Straszburg! vnd andern
          <lb/>erwirdigen prelaten, vnd seiner gantzen Ersamen priester¬
          <lb/>schafft vor zeiten gethon hat, ir vnd ires gesinds regi
          <lb/>ment vnd reformation antreffen vsz wolgeziertem latein
          <lb/>dur ch iacobum wimpflingen darzô durch grosse! bit
          <lb/>bwegt (!) in tütsche sprach verandert vnd transferiert.
          <lb/>(Rücks, leer.)
          <lb/>Am Schluss: Vnd ist disz büchlin getruckt zû Strasz¬
          <lb/>burg in des vorgemelten hochge lerten Doctors vnd pre¬
          <lb/>dicanten loblicher gedechtnisz... vszgangen montag na ch
          <lb/>sant Nicolai. anno. domini M. d. xiii. (Rûcks. leer.)
        </p>
      </div>
    </body>
  </text>
</TEI>
