<?xml version='1.0' encoding='UTF-8'?>
<?xml-model href="https://raw.githubusercontent.com/OpenITI/tei_openiti/master/tei_openiti.rng" type="application/xml" schematypens="http://relaxng.org/ns/structure/1.0"?>
<?xml-model href="https://raw.githubusercontent.com/OpenITI/tei_openiti/master/tei_openiti.rng" type="application/xml" schematypens="http://purl.oclc.org/dsdl/schematron"?>
<TEI xmlns="http://www.tei-c.org/ns/1.0">
  <teiHeader>
    <fileDesc>
      <titleStmt>
        <title/>
      </titleStmt>
      <publicationStmt>
        <p/>
      </publicationStmt>
      <sourceDesc>
        <p/>
      </sourceDesc>
    </fileDesc>
    <profileDesc>
      <calendarDesc>
        <calendar xml:id="ah">
          <p>Anno Hegirae</p>
        </calendar>
      </calendarDesc>
    </profileDesc>
    <xenoData xml:space="preserve">
CREATED: 2024-04-15T07:35:07.255365+00:00
CREATED BY: eScriptorium vpassthistobuildcmd
IMAGE FILENAME: A121078-3164.tif
IMAGE WIDTH: 2310
IMAGE HEIGHT: 3846
</xenoData>
  </teiHeader>
  <text>
    <body>
      <div>
        <p>
          <lb/>608
          <lb/>FRISCHLIN Nikodemus
          <lb/>Strassburg, B. Jobins Erben 1594
          <lb/>NICODEMI FRISCHLINI, POETAE ET ORA-TOR. LAV¬
          <lb/>REATI. COM. 1 palat. Caesarei. STRIGILIS GRAMMATICAE:
          <lb/>Trium dialogorum aduersus Mart. Crusium: POPPYSMI GRAM¬
          <lb/>MATI-ci, pro strigili Grammatica aduersus eiusdem Cru¬
          <lb/>sij &amp;amp; Moropolitarum Tubingae BacchantiumCoccysmos,
          <lb/>siue Antistrigilem in duos! Dialogos distributi:! EDITIO
          <lb/>SECVNDA AB AVCTO-[ re denuò recognita et plurimum aucta.
          <lb/>Sapientia Constans).
          <lb/>Druckerm. Jobins (H e B Tafel XXXVII Nr. 5 mit den Worten:
          <lb/>Darunter: Cum Gratia &amp;amp; Priuilegio Caes. Maiestatis.
          <lb/>ARGENTORATI. Apud Haeredes Bernhardi Iobin 1594.
          <lb/>80, Antig. u. Kursiv, 16 unn. Bll., 199 S., Kopft., Kust., Init.
          <lb/>Auf der Rücks. des Titels: Porträt Frischlins.
          <lb/>Bl. a 2a: (Zierleisten.) NICODEMVS FRI-] SCHLINVS DECANO
          <lb/>ET professoribus artium in Academia! Vuittenbergensi...
          <lb/>S.... — Fran cofordiae. Calend. Octob. anno 86.
          <lb/>(Vorwort, 15 S. nebst Programm des Verfassers (18 Verse) datiert
          <lb/>aus Venedig 1583. Von Bl. 8 1b-8 4a Briefe von verschiedenen Freun¬
          <lb/>den u. Gelehrten Frischlins.
          <lb/>Bl. B 7a-B 8a: CARMEN HEROICVM IACOBI PETRI HORING¬
          <lb/>husani Hassi. MANIBVSNICODEMI FRISCHLINI... — Argen¬
          <lb/>tinae ex Musaeo meo.Prid. Id. Iul. Anni 1594.
          <lb/>S. 101. Neuer Titel: NICODEMI FRISCHLINI, P. L. Com.
          <lb/>Palat. Caesarei PRO SVA GRAMMA- TICE, ET STRIGILI GRAM¬
          <lb/>matica, aduersus MARTINI CRVSH, PROFES-[ soris Tubin¬
          <lb/>gani contumelias. DIALOGVS PRIMVS... (8 Z.) ANNO M. D.
          <lb/>LXXXVII.
          <lb/>S. 102: ... Lvpo-uico, Duci Wirtembergico &amp;amp; Teccensi,
          <lb/>Co-miti montis Belgarum... S. P. D.... — Francofurti
          <lb/>ad Moenum. 86. (Vorwort des Verfassers, 8 S.)
          <lb/>Der 2. Dialog hat eigenen Titel und eigene Numerierung. Siehe
          <lb/>(Nr. R 100.9552) Nr. 909.
          <lb/>R1009551. Prov.: Lippert, Halle 8. XII. 1887. Autograph
          <lb/>C. Th. Menke&amp;#x27;s.
          <lb/>2. Ex. R100.963. Prov.: H. Kerler, Ulm (Katal. 12, Nr. 392),
          <lb/>19. x. 1878; 4 M. 50.
          <lb/>Stadtbibl. Strassburg 1306; BN Paris, X. 19.861.
          <lb/>GK: SB Berlin, UB Breslau, Greifswald, Kiel (p. 251-580),
          <lb/>Marburg.
          <lb/>916
        </p>
      </div>
    </body>
  </text>
</TEI>
