<?xml version='1.0' encoding='UTF-8'?>
<?xml-model href="https://raw.githubusercontent.com/OpenITI/tei_openiti/master/tei_openiti.rng" type="application/xml" schematypens="http://relaxng.org/ns/structure/1.0"?>
<?xml-model href="https://raw.githubusercontent.com/OpenITI/tei_openiti/master/tei_openiti.rng" type="application/xml" schematypens="http://purl.oclc.org/dsdl/schematron"?>
<TEI xmlns="http://www.tei-c.org/ns/1.0">
  <teiHeader>
    <fileDesc>
      <titleStmt>
        <title/>
      </titleStmt>
      <publicationStmt>
        <p/>
      </publicationStmt>
      <sourceDesc>
        <p/>
      </sourceDesc>
    </fileDesc>
    <profileDesc>
      <calendarDesc>
        <calendar xml:id="ah">
          <p>Anno Hegirae</p>
        </calendar>
      </calendarDesc>
    </profileDesc>
    <xenoData xml:space="preserve">
CREATED: 2024-04-15T07:35:11.567148+00:00
CREATED BY: eScriptorium vpassthistobuildcmd
IMAGE FILENAME: A121078-3331.tif
IMAGE WIDTH: 2372
IMAGE HEIGHT: 3856
</xenoData>
  </teiHeader>
  <text>
    <body>
      <div>
        <p>
          <lb/>T13
          <lb/>Auf der Rücks. des Titelbl.: IOSIAS RIHELIVS! IOANNI STVR¬
          <lb/>MIO S. (Antiq.)
          <lb/>Bl. A 24: IOAN. STVRMIVS. (Vorrede, 5 S., Antiq.)
          <lb/>R101.389. Prov.: Carl Stever, Cannstatt, 2. XI.1881; 1 M. 50.
          <lb/>Auf dem Titelbl. Autograph: D. Voemel.
          <lb/>1146
          <lb/>HERMOGENES Tarsensis
          <lb/>Strassburg, J. Rihel 1570
          <lb/>HERMOGENIS TARSENSIS) RHETORIS ACVTISSIMI] Partitio¬
          <lb/>num Rhetoricarum liber vnus, qui vulgò de Statibus in¬
          <lb/>seribitur, Latinitate donatus, &amp;amp;Scholis explicatus atque
          <lb/>illustratus. A! IOANNE STVRMIO. (Druckerm. Rihels, HEB
          <lb/>Tafel XXXII Nr. 14.)
          <lb/>Cum Gratia &amp;amp; Priuilegio Caesareo ad annos octo.
          <lb/>Excudebat Iosias Rihelius. M. D. LXX. (Rücks, leer.)
          <lb/>80, Griech. u. Kursiv, 18 unn. (Sign. «-)), 2 leere Bll., 118 num.
          <lb/>u. 5 unn. Bll. (Index), Kopft., Kust., Init. C.
          <lb/>Bl. a2a: D. NICOLAO WALTEROa Walterspergk &amp;amp;
          <lb/>Biskupicziorum Domino... IOANNES COCINVS PISE-] CENSIS...
          <lb/>— Argentina prid. Idibus Octobris. Anno M. D. LXX.
          <lb/>(Widmung, 22 S.)
          <lb/>Bl..B va: AD LECTOREM. (Vorrede, 9 S.)
          <lb/>R101.3971. Prov.: Nolte, Bonn 15. XII. 1881; 1M.
          <lb/>BN Paris, X. 167310).
          <lb/>1147
          <lb/>HERMOGENES Tarsensis
          <lb/>Strassburg, J. Rihel 1570
          <lb/>HERMOGENIS TARSENSIS] RHETORIS ACVTISSIMI! De ra¬
          <lb/>tione inueniendi oratoria, libri uI. Lati! nitate donati, &amp;amp;
          <lb/>Scholis explicati atque illustratiJOANNE STVRMIO.
          <lb/>(Druckerm. Rihels. H Æ B Tafel XXXII Nr. 14.)
          <lb/>Cum gratia et Priuilegio Caesareo ad annos octo.
          <lb/>M. D. LXX. (Rücks, leer.)
          <lb/>80, Antiq. u. Griech., 17 unn. Bll. (Sign. a-8), 230 S., 5 unn.
          <lb/>Bll. (Index), Kopft., Kust., Marg., Init., Vign.
          <lb/>Bl « 2a : Vorrede des Iohann Cocinus Piscensis datiert aus Strass¬
          <lb/>burg VIII. Cal. Aug. M. D. LXX. (28 S.)
          <lb/>R101.3961. Geschenk der UB Königsberg 1872. Alter Einband
          <lb/>mit der Jahreszahl 1572.
          <lb/>Bibl. Wilh. u. Stadtbibl. Strassburg O 2801a; BN Paris, X. 16730
          <lb/>u. 16731(0).
          <lb/>1148
        </p>
      </div>
    </body>
  </text>
</TEI>
