<?xml version='1.0' encoding='UTF-8'?>
<?xml-model href="https://raw.githubusercontent.com/OpenITI/tei_openiti/master/tei_openiti.rng" type="application/xml" schematypens="http://relaxng.org/ns/structure/1.0"?>
<?xml-model href="https://raw.githubusercontent.com/OpenITI/tei_openiti/master/tei_openiti.rng" type="application/xml" schematypens="http://purl.oclc.org/dsdl/schematron"?>
<TEI xmlns="http://www.tei-c.org/ns/1.0">
  <teiHeader>
    <fileDesc>
      <titleStmt>
        <title/>
      </titleStmt>
      <publicationStmt>
        <p/>
      </publicationStmt>
      <sourceDesc>
        <p/>
      </sourceDesc>
    </fileDesc>
    <profileDesc>
      <calendarDesc>
        <calendar xml:id="ah">
          <p>Anno Hegirae</p>
        </calendar>
      </calendarDesc>
    </profileDesc>
    <xenoData xml:space="preserve">
CREATED: 2024-04-15T07:35:08.677952+00:00
CREATED BY: eScriptorium vpassthistobuildcmd
IMAGE FILENAME: A121078-3214.tif
IMAGE WIDTH: 2324
IMAGE HEIGHT: 3852
</xenoData>
  </teiHeader>
  <text>
    <body>
      <div>
        <p>
          <lb/>658
          <lb/>GEILER Johannes
          <lb/>Strassburg, M. Hupfuff 1515
          <lb/>Doctor Keiserspergs pater noster. Des hochgelerte
          <lb/>wurdigen Predicanten der loblichen statt Straszburg.
          <lb/>Vszlegung, über das gebette des herren so wir täglich
          <lb/>sprechen. Vatter vnser der du bist in den hymeln &amp;amp;c.
          <lb/>Holeschn, mit Umrahmung: Geiler auf der Kanzel, an dem Pfeiler,
          <lb/>an den die Kanzel angelehnt ist, uber Geilers Kopf die Buchstaben:
          <lb/>DIK [-Doctor Johannes Keisersperg), su Geilers Füssen 7 Zuhörer,
          <lb/>die einen stehend, die andern sitzend. Die 2 Seitenbordüren bestehen
          <lb/>aus verzierten Säulen; in der Mitte der oberen Bordüre 2 spielende
          <lb/>Genien, an den Enden die Wappen der Stadt Strassburg u. des Bischofs
          <lb/>Wilhelm von Hohenstein; in der Mitte der unteren Bordüre, das kaiserl.
          <lb/>Wappen. Der Holeschn. Rehrt Bl. 4b wieder.
          <lb/>Am Schluss: Getruckt vnd volendet in der loblichen
          <lb/>Statt Straszburg. Durch den fürsichtigen Matthiam Hüpffuff,
          <lb/>bûchtrucker, vff Letare oder halbfa- sten. Als man zalt
          <lb/>von der geburt Chri- sti vnsers herren, Tausent, fünff
          <lb/>hundert vnd fünfftze- hen Jare.
          <lb/>20, Got., 2sp., 155 Bll. u. 1 leeres Bl., Sign. A-X (die Bll. sind
          <lb/>num. mit den Buchstaben A-Z u. den röm. Ziffern IXI, bei IImaliger
          <lb/>Wiederholung der Buchstaben A-Z); Kopft., zahlr. Init., Titel rot und
          <lb/>schware. Ausser dem Titelholeschn., 2 andere Holeschn., der eine Bl.
          <lb/>V 2b (der Autor einem Könige ein Buch überreichend, bereits im Buche
          <lb/>der Weisheit vorkommend, von dem man annimmt, dass es im Jahre
          <lb/>1481 in Urach von Konrad Feyner gedruckt wurde. Vgl. Proctor 2821.),
          <lb/>der andere Bl. X 6b (Verhöhnung Christi mit dem Monogramm von
          <lb/>Urs Graf, 12. Tafel der Passion).
          <lb/>Bl. A 2a: Vorrede... herren Wilhalm,... Bischoffen zû
          <lb/>Straszburg, Landgrauen zû Elsas vnd Grauen zû Honstein...
          <lb/>Johonnes Adelphus Argentinensis. Physicus vnnd Stattartzot
          <lb/>zû Schaffhausen... Schaffhausen, Am heiligen Pfartag des
          <lb/>herren Jesu. Im iar seiner geburt, Tausent Fünffhundert
          <lb/>vnd viertzehen. (Aus dem Lat, übers, von Io. Adelphus.)
          <lb/>Bl. V 3b: Ein betrachtung Lu- douici Bigi von Ferrär,
          <lb/>über das ge- bett des herren, wölche meditation er ge
          <lb/>schriben hat, zû dem Grauen Pico von! Mirandel, in laty¬
          <lb/>nischen versen, deren! innhalt ist in teütsch also...
          <lb/>Bl. V 4b-X6a Register; Bl. X 7a Beschluszrede.
          <lb/>R 10.120. Prov.: Bibl. Ch. Schmidt mit seinem Exlibris u. No¬
          <lb/>tizen von seiner Hand, die Holeschn, betreffend.
          <lb/>Dacheux, Geiler S. CXXXIV, Schmidt V Nr. 117. GK: SB Ber¬
          <lb/>lin, UB Berlin, Göttingen, Königsberg, Münster.
          <lb/>2. Ex. R 10.129. Angebunden an: Geiler, Das Irrio Schaf, 1515.
          <lb/>2. Ausg.
          <lb/>Strassburger Stadtbibl. u. Priesterseminar Inkun. A 147b. 972
        </p>
      </div>
    </body>
  </text>
</TEI>
