<?xml version='1.0' encoding='UTF-8'?>
<?xml-model href="https://raw.githubusercontent.com/OpenITI/tei_openiti/master/tei_openiti.rng" type="application/xml" schematypens="http://relaxng.org/ns/structure/1.0"?>
<?xml-model href="https://raw.githubusercontent.com/OpenITI/tei_openiti/master/tei_openiti.rng" type="application/xml" schematypens="http://purl.oclc.org/dsdl/schematron"?>
<TEI xmlns="http://www.tei-c.org/ns/1.0">
  <teiHeader>
    <fileDesc>
      <titleStmt>
        <title/>
      </titleStmt>
      <publicationStmt>
        <p/>
      </publicationStmt>
      <sourceDesc>
        <p/>
      </sourceDesc>
    </fileDesc>
    <profileDesc>
      <calendarDesc>
        <calendar xml:id="ah">
          <p>Anno Hegirae</p>
        </calendar>
      </calendarDesc>
    </profileDesc>
    <xenoData xml:space="preserve">
CREATED: 2024-04-15T07:35:10.766087+00:00
CREATED BY: eScriptorium vpassthistobuildcmd
IMAGE FILENAME: A121078-3299.tif
IMAGE WIDTH: 2354
IMAGE HEIGHT: 3856
</xenoData>
  </teiHeader>
  <text>
    <body>
      <div>
        <p>
          <lb/>HEDIO: Paralipomena. Siche: BURCHARDUS, Chronicum abbatis
          <lb/>Vrspergensis. Nr. 331.
          <lb/>EPITOME
          <lb/>IN EVANGELIA ET
          <lb/>Epistolas, quæ leguntur in Tem
          <lb/>plis per circuitũ anni, totsus do¬
          <lb/>—
          <lb/>ctrinæ pietatis medullam &amp;amp; nu¬
          <lb/>cleum ceu Cornucopie citra cu¬
          <lb/>iuspiam morfum in se com¬
          <lb/>plectens, in usum ministro
          <lb/>rum Ecclesiæ. Per D.
          <lb/>Casparẽ Hedionem
          <lb/>Concionatorem
          <lb/>Argentoraten,
          <lb/>conscripta.
          <lb/>AN. M. D. XXXVII.
          <lb/>741
          <lb/>(Zu Nr. 1096)
          <lb/>HEDIO Kaspar
          <lb/>Strassburg, Cr. Mylius 1539
          <lb/>EIn auszerleszne! Chronick von anfang der Welt
          <lb/>bis auff das iar nach Christi unsers eynigen Heylands
          <lb/>gepurt M. D. XXXIX, in vier teyl oder bücher abgeteylet,
          <lb/>an furnemen Histo- rien reich vnd auszbündig, zù nutz
        </p>
      </div>
    </body>
  </text>
</TEI>
