<?xml version='1.0' encoding='UTF-8'?>
<?xml-model href="https://raw.githubusercontent.com/OpenITI/tei_openiti/master/tei_openiti.rng" type="application/xml" schematypens="http://relaxng.org/ns/structure/1.0"?>
<?xml-model href="https://raw.githubusercontent.com/OpenITI/tei_openiti/master/tei_openiti.rng" type="application/xml" schematypens="http://purl.oclc.org/dsdl/schematron"?>
<TEI xmlns="http://www.tei-c.org/ns/1.0">
  <teiHeader>
    <fileDesc>
      <titleStmt>
        <title/>
      </titleStmt>
      <publicationStmt>
        <p/>
      </publicationStmt>
      <sourceDesc>
        <p/>
      </sourceDesc>
    </fileDesc>
    <profileDesc>
      <calendarDesc>
        <calendar xml:id="ah">
          <p>Anno Hegirae</p>
        </calendar>
      </calendarDesc>
    </profileDesc>
    <xenoData xml:space="preserve">
CREATED: 2024-04-15T07:35:05.893730+00:00
CREATED BY: eScriptorium vpassthistobuildcmd
IMAGE FILENAME: A121078-3075.tif
IMAGE WIDTH: 2320
IMAGE HEIGHT: 3844
</xenoData>
  </teiHeader>
  <text>
    <body>
      <div>
        <p>
          <lb/>ERASMUS: Brevissima maximeqve compendiaria Conficiendarum
          <lb/>epistolarum formula. Siche die vorhergehende Nr. 787. ERASMUS:
          <lb/>De conscribendis epistolis. Traktat 2. Strassburg, J. Albrecht
          <lb/>1534, S. 431-450.
          <lb/>788
          <lb/>BREVISSI
          <lb/>MAMAXIMEQVE COM¬
          <lb/>pendiaria Conficiendarum epistola¬
          <lb/>rum formula, per eundem
          <lb/>Erasmum Rotero¬
          <lb/>damum.
          <lb/>519
          <lb/>ERASMUS: De duplici copia
          <lb/>Hagenau, Peter Brubach 1534
          <lb/>D. ERASMI ROTERODAMI DE DVPLICI copia verborum
          <lb/>ac rerumLibri duo. Unà eum Commentarijs M. Velt¬
          <lb/>kirchij Orato- riae professoris in Schola Vittenbergensi,
          <lb/>iam recens natis ac aeditis.
        </p>
      </div>
    </body>
  </text>
</TEI>
