<?xml version='1.0' encoding='UTF-8'?>
<?xml-model href="https://raw.githubusercontent.com/OpenITI/tei_openiti/master/tei_openiti.rng" type="application/xml" schematypens="http://relaxng.org/ns/structure/1.0"?>
<?xml-model href="https://raw.githubusercontent.com/OpenITI/tei_openiti/master/tei_openiti.rng" type="application/xml" schematypens="http://purl.oclc.org/dsdl/schematron"?>
<TEI xmlns="http://www.tei-c.org/ns/1.0">
  <teiHeader>
    <fileDesc>
      <titleStmt>
        <title/>
      </titleStmt>
      <publicationStmt>
        <p/>
      </publicationStmt>
      <sourceDesc>
        <p/>
      </sourceDesc>
    </fileDesc>
    <profileDesc>
      <calendarDesc>
        <calendar xml:id="ah">
          <p>Anno Hegirae</p>
        </calendar>
      </calendarDesc>
    </profileDesc>
    <xenoData xml:space="preserve">
CREATED: 2024-04-15T07:35:08.206169+00:00
CREATED BY: eScriptorium vpassthistobuildcmd
IMAGE FILENAME: A121078-3196.tif
IMAGE WIDTH: 2316
IMAGE HEIGHT: 3852
</xenoData>
  </teiHeader>
  <text>
    <body>
      <div>
        <p>
          <lb/>640
          <lb/>2) Der hellisch Löw! Von böser anfechtung.
          <lb/>Holeschn.: Der höllische Drachen, mit einer Schafshaut bedeckt,
          <lb/>auf dem Sprung, einen Menschen zu verschlingen, der am Boden liegt.
          <lb/>(Rücks, leer.).
          <lb/>34 unn. Bll., Sign. a-f, Kopft., Init.
          <lb/>3) Die Christenlich Künigin Von vnderscheid tödtli¬
          <lb/>cher vnd täglicher sünd.
          <lb/>Holeschn.: 2 Königinnen, die eine sitzend, die andere stehend, denen
          <lb/>ein Bote einen Brief uberreicht.
          <lb/>30 unn. Bll., Sign. aa-ee, Kopft., Init.
          <lb/>4) Der dreieckecht Spiegel. Von den gebotten. Von
          <lb/>der beicht! Vnd von der kunst des! wol sterbens.
          <lb/>Holeschn.: Ein runder Spiegel in einem Dreieck, mit einem Spruch¬
          <lb/>bande oben, auf dem die Worte: Von den Gebotten; ein zweites Spruch¬
          <lb/>band unten mit den Worten: Von dem Tod, Von der Bicht, in der Mitte,
          <lb/>links vom Dreieck ein H, rechts ein G. (Rücks. leer.)
          <lb/>36 unn. Bll., Sign. Aa-Ff, Kopft., Init.
          <lb/>Bl. Aa 2a: Die vorred, in den dreieckechten! Spiegel...
          <lb/>5) Der Eschen Grüdel.Von den anfahenden mõn¬
          <lb/>schen in dem gotsdienst.
          <lb/>Holeschn.: Aschenbrödel vor dem Herde.
          <lb/>28 unn. Bll., Sign. a-d, Kopft., Init.
          <lb/>Bl. a 2a: Ein vorred in den! eschen grüdel. (13 S.)
          <lb/>6) Das Klappermaul. Von hinterred.
          <lb/>Holzschn.: Zwei Frauen, die sich auf der Strasse unterhalten.
          <lb/>(Rücks. leer.)
          <lb/>10 unn. Bll., Sign. A-B, Kopft., Init.
          <lb/>Bl. A 2a: Die vorred in das Klappermaul. (2S.)
          <lb/>7) Der Trostspiegel.Wider vnuernünfftigs trauren
          <lb/>vmb die abgestorbnen! fründ.
          <lb/>Holeschn.: Ein runder Spiegel, umgeben von 8 Eleineren Spiegeln,
          <lb/>jeder mit einer Inschrift, die dem Titel eines der 8 Kapitel entspricht.
          <lb/>24 unn. Bll., Sign. AA-FF, Kopft., Init.
          <lb/>Bl. AA 2a: Die Vorred in den! Trostspiegel. (4 S.)
          <lb/>Die 7 Traktate aourden wahrscheinlich zuerst separat verkauft, bevor
          <lb/>sie zu einem Bande vereinigt wurden. Die Holzschn, erinnern an die¬
          <lb/>jenigen, die Hupfuff gebrauchte; sie weisen alle das Monogramm H. G. auf.
          <lb/>Schmidt VIII Nr. 43 nimmt an, dass der Druck um 1510 heraus¬
          <lb/>kam, das Ex. der Landesbibl, gibt als Druckjahr 1507 mit Fragezeichen
          <lb/>an; in diesem Falle wäre es der erste Druck Schürers in Strassburg.
          <lb/>GK: 1) [Strassburg, um 1505] (M. Schürer). 200 Bl. 40. Goedeke
          <lb/>12. 400,15 in SB Berlin, UB Göttingen, Halle.
          <lb/>2) (Strassburg) Hi510l (M. Schürer). 201 Bl. 40. Goedeke 12.
          <lb/>400, 15 in SB Berlin, UB Greifswald.
          <lb/>Beide Berliner Exemplare 2. Et. nicht benutzbar; daher nicht nach¬
          <lb/>zuprüfen, ob mit vorliegender Ausgabe identisch.
        </p>
      </div>
    </body>
  </text>
</TEI>
