<?xml version='1.0' encoding='UTF-8'?>
<?xml-model href="https://raw.githubusercontent.com/OpenITI/tei_openiti/master/tei_openiti.rng" type="application/xml" schematypens="http://relaxng.org/ns/structure/1.0"?>
<?xml-model href="https://raw.githubusercontent.com/OpenITI/tei_openiti/master/tei_openiti.rng" type="application/xml" schematypens="http://purl.oclc.org/dsdl/schematron"?>
<TEI xmlns="http://www.tei-c.org/ns/1.0">
  <teiHeader>
    <fileDesc>
      <titleStmt>
        <title/>
      </titleStmt>
      <publicationStmt>
        <p/>
      </publicationStmt>
      <sourceDesc>
        <p/>
      </sourceDesc>
    </fileDesc>
    <profileDesc>
      <calendarDesc>
        <calendar xml:id="ah">
          <p>Anno Hegirae</p>
        </calendar>
      </calendarDesc>
    </profileDesc>
    <xenoData xml:space="preserve">
CREATED: 2024-04-15T07:35:13.184814+00:00
CREATED BY: eScriptorium vpassthistobuildcmd
IMAGE FILENAME: A121078-3395.tif
IMAGE WIDTH: 2406
IMAGE HEIGHT: 3854
</xenoData>
  </teiHeader>
  <text>
    <body>
      <div>
        <p>
          <lb/>40, Got., 30 unn. Bll., Sign. A-H, Kust.
          <lb/>R 102253. Prov.: Trübner (Auktion Börsch Nr. 909), Strassburg
          <lb/>19. III. 1875; 8 M. 75. Handschr. Notizen.
          <lb/>Stadtbibl. Strassburg.
          <lb/>1245
          <lb/>INSTRUMENTUM
          <lb/>[Strassburg] 1586
          <lb/>INSTRVMENTVM REQVI- SITIONIS AC SVPPLICATIONIS Der
          <lb/>Ehrwürdigen Wol- gebornen Herrn Georgen von Sein,
          <lb/>Graf- fen zu Witgenstein Thumprobsts zu Cölln, jetziger¬
          <lb/>zeit Decanats Statthalters des Hohen Stiffts Straszburg,
          <lb/>Her- man Adolphen Graffen zu Solms, Herrn zu Mintzen¬
          <lb/>berg vnnd Sonnenwald, Johannsen Freyhern zu Winnen¬
          <lb/>berg vnd Beyl- stein, Ernsten Graffen vnd Herrn zu Mansz¬
          <lb/>feld, &amp;amp;, der HohenStifft Cölln, Trier, Würtzburg vnd
          <lb/>Straszburg respectiuè Thumbhern:
          <lb/>Sampt des Notarij relation Welcher gestalt dasselbig
          <lb/>dem Ertzbischof- fen vnd Churfürsten zu Meintz, als des
          <lb/>Reichs per Germaniam Ertz Cantzlern, vnd folgents der
          <lb/>Churfürst- lichen Pfaltz Administratori &amp;amp; Tutori insinuirt
          <lb/>worden. Darunter Wappen mit der Inschrift: HER ADOLF G. Z.
          <lb/>(Graf zul SOLMS ERN. 2 G. V. Z. MANSF. Jeld), Joh. [annsenl
          <lb/>F. Z. Win. V. Beil. (Freyherrn zu Winneberg vnd Beyl¬
          <lb/>stein.) GE. V. SEIN. G. Z. WITG. (Georg von Sein, Grafen
          <lb/>zu Witgenstein.)
          <lb/>M. D. LXXXVI. (Rücks, leer.)
          <lb/>40, Got., 9 unn. Bll., Sign. A-C. Kust., Init. I. Pl. B 1b Zierleiste.
          <lb/>R102.254. Prov.: Hagemann d Co., Strassburg 2. XII. 1878; 4M.
          <lb/>Stadtbibl. Strassburg.
          <lb/>1246
          <lb/>INTRODUCTORIUM Elementale. Siche: ELEMENTALE INTRO¬
          <lb/>DUCTORIUM
          <lb/>IRENAEUS M.
          <lb/>Strassburg, Cr. Mylius 1539
          <lb/>ENCOMIVM FRANÇIAE. M. IRENAEO ! authore.
          <lb/>M. D. XXXIX. (Rücks, leer.)
          <lb/>Am Schluss: ARGENTORATI APVD CRATONEM MYLIVM
          <lb/>MENSE MART. M. D. XXXIX. (Epheubl.) Rücks, leer.
          <lb/>80, Kursiv, 28 S. u. 2 unn. Bll.; auf der Rüeks, des letzten Bl.
          <lb/>Druckerm. des Mylius. (HE B Tafel XXVII Nr. 6, Silvestre Nr. 626),
          <lb/>Kopft., Kust, Init. C,E.
          <lb/>837
        </p>
      </div>
    </body>
  </text>
</TEI>
