<?xml version='1.0' encoding='UTF-8'?>
<?xml-model href="https://raw.githubusercontent.com/OpenITI/tei_openiti/master/tei_openiti.rng" type="application/xml" schematypens="http://relaxng.org/ns/structure/1.0"?>
<?xml-model href="https://raw.githubusercontent.com/OpenITI/tei_openiti/master/tei_openiti.rng" type="application/xml" schematypens="http://purl.oclc.org/dsdl/schematron"?>
<TEI xmlns="http://www.tei-c.org/ns/1.0">
  <teiHeader>
    <fileDesc>
      <titleStmt>
        <title/>
      </titleStmt>
      <publicationStmt>
        <p/>
      </publicationStmt>
      <sourceDesc>
        <p/>
      </sourceDesc>
    </fileDesc>
    <profileDesc>
      <calendarDesc>
        <calendar xml:id="ah">
          <p>Anno Hegirae</p>
        </calendar>
      </calendarDesc>
    </profileDesc>
    <xenoData xml:space="preserve">
CREATED: 2024-04-15T07:35:06.123972+00:00
CREATED BY: eScriptorium vpassthistobuildcmd
IMAGE FILENAME: A121078-3092.tif
IMAGE WIDTH: 2316
IMAGE HEIGHT: 3844
</xenoData>
  </teiHeader>
  <text>
    <body>
      <div>
        <p>
          <lb/>536
          <lb/>ETSCHENREUTER Gallus
          <lb/>Strassburg, J. Martin 1599
          <lb/>Von den aller heilsamsten Bädern, Saur- brunnen
          <lb/>vnd anderer was- ser, so in Teutschland bekandt vnd
          <lb/>erfahren, Auch jhrer Metallen vndMineralien natur,
          <lb/>Krafft, Tugent vnnd Wirckung. Geschrieben inn Teutscher
          <lb/>spraach durch Gallum Etschenreutterum, der Artzney
          <lb/>Doctorem zu Straszburg. Jetz wider von newen Corrigiert,
          <lb/>vnnd mit etlichen Bädern gemehret.
          <lb/>Holeschnitt: ein Mann und eine Frau in einer Badewanne; zur
          <lb/>Seite zwei Männer und eine Frau an einem Tisch; im Hintergrund
          <lb/>eine Landschaft.
          <lb/>Gedruckt zu Straszburg, bei Jost Martin am Korn¬
          <lb/>marckt. 1599. (Rücks, leer.)
          <lb/>Am Schluss: Gedruckt zu Straszburg, bey Jost Martin
          <lb/>am Korn- I marckt, Anno! M. D. XCIX. Darüber: Druckerm.
          <lb/>Martin&amp;#x27;s (HEB Tafel XLIV Nr. 1).
          <lb/>80, Got., 8 unn. Bll., 144 S., 20 unn. Bll., Kopft., Kust., Titel
          <lb/>rot u. schavarz gedruckt.
          <lb/>R 101.7202. Prov. unbekannt. Auf der Rücks. des Schutzbl.:
          <lb/>»Biblioth. Hammer. Dono Dr. Schurer» nebst Autograph Schurer’s auf
          <lb/>dem Titelbl. u. Ortsangabe: Dilingae.
          <lb/>810
          <lb/>EUCLIDES
          <lb/>Strassburg, Chr. Mylius 1564
          <lb/>ExAcid̀ou voy révre xαὶ οέκα cτο-v...(2Z.)
          <lb/>EVCLIDIS QVINDE- cim Elementorum Geometriae pri¬
          <lb/>mum: ex Theonis Commen- tarijs Graecè, &amp;amp; Latinè.
          <lb/>Cui accesserunt Scholia, in quibus quae ad perci¬
          <lb/>pienda Geometriae Ele- menta spectant, breuiter &amp;amp; dilu¬
          <lb/>cidè ex- plicantur, authore Cunrado Da-sypodio, Scholae
          <lb/>Argenti-nensis professore.
          <lb/>ARGENTORATI EXCV- debat Christianus Mylius. M. D.
          <lb/>LXIIII. (Rücks, leer.)
          <lb/>80, Antiq., Griech., Kursiv, 4 unn. Bll., 189 S., Kopft., Kust.,
          <lb/>Init. A, geomctrische Figuren im I. Buche.
          <lb/>Bl. A2a: CVNRADVS! DASYPODIVS! LECTORI S. D.... —
          <lb/>Calendis Aprilis, Anno 1564. (Vign.)
          <lb/>R101.318. Geschenk der Univ. Tübingen, 1871. Auf dem Vorder¬
          <lb/>deckel : 1564 PLGE.
          <lb/>GK: UB Tubingen; NB Paris, V. 18120; Stadtbibl. Strassburg
          <lb/>O 28301.
          <lb/>811
        </p>
      </div>
    </body>
  </text>
</TEI>
