<?xml version='1.0' encoding='UTF-8'?>
<?xml-model href="https://raw.githubusercontent.com/OpenITI/tei_openiti/master/tei_openiti.rng" type="application/xml" schematypens="http://relaxng.org/ns/structure/1.0"?>
<?xml-model href="https://raw.githubusercontent.com/OpenITI/tei_openiti/master/tei_openiti.rng" type="application/xml" schematypens="http://purl.oclc.org/dsdl/schematron"?>
<TEI xmlns="http://www.tei-c.org/ns/1.0">
  <teiHeader>
    <fileDesc>
      <titleStmt>
        <title/>
      </titleStmt>
      <publicationStmt>
        <p/>
      </publicationStmt>
      <sourceDesc>
        <p/>
      </sourceDesc>
    </fileDesc>
    <profileDesc>
      <calendarDesc>
        <calendar xml:id="ah">
          <p>Anno Hegirae</p>
        </calendar>
      </calendarDesc>
    </profileDesc>
    <xenoData xml:space="preserve">
CREATED: 2024-04-15T07:35:12.616241+00:00
CREATED BY: eScriptorium vpassthistobuildcmd
IMAGE FILENAME: A121078-3368.tif
IMAGE WIDTH: 2392
IMAGE HEIGHT: 3860
</xenoData>
  </teiHeader>
  <text>
    <body>
      <div>
        <p>
          <lb/>810
          <lb/>HOEST Stephanus
          <lb/>Strassburo, J. Prüss 1513
          <lb/>Modus Predicandi subtilis! &amp;amp; compendiosus Stephani
          <lb/>Hoest theologiuiae modernae Heidelbergensis.Oratio
          <lb/>eiusdem ad synodum Spirensem. In qua exhortatur! cle¬
          <lb/>rum ad honestatem uitae, &amp;amp; ad studia literarum.! Tetra¬
          <lb/>stichum eiusdem in ambitionem cuiusdam fraterculi.
          <lb/>Oratio Pallantis Spangel theologi Heidelbergensis ad! Cae¬
          <lb/>sarem Maximilianum, in arce illustrissimi principis comi¬
          <lb/>tis Palatini habita extempore.
          <lb/>Epithaphium Joannis Keiserspergii praedicatoris Argen¬
          <lb/>tinen. Tetrastichum contra bellisequaces, in sanguinem
          <lb/>Christia num grassantes, ne manibus laborare cogantur.
          <lb/>Rithmus Germanicus de eodem.
          <lb/>Am Schluss: Finit, Argentoraci.... Ex aedibus Joannis
          <lb/>Prüss iu-nioris. Anno. M.) CCCCC. XIII.
          <lb/>40, Antig. u. Got., 10 unn. Bl., Sign. A-B, Marg., Init. I.A, M.
          <lb/>Auf der Rücks. des Titelbl. : loanni Preüss Iuniori Ciui
          <lb/>Argentoracensi, lacobus Vuinpfelingus Sletsta! tinus
          <lb/>S. D....
          <lb/>Bl. A 2a: BREVIS MODVS PREDICANDI ET artificiosus,
          <lb/>Stephani Hoest de Lauden burga theologi Heidelbergen!
          <lb/>sis neotherici.
          <lb/>Bl. B 5a: Epitaphium domini Ioannis Geyler... per loan¬
          <lb/>nem Botzheim... (4 Dist.) Auf der Rücks.: Tetrastichon con¬
          <lb/>tra bellisequaces in sanguinem! Christianum grassantes...
          <lb/>(2 Dist, von J. Wimpfeling.) Darunter: Rithmus eiusdem sensus,
          <lb/>linguae Germanicae. Sebastiani Brant. (12 deutsche Verse.)
          <lb/>R 100.489. Prov.: Biblothek Baum, Strassburg 1879.
          <lb/>Stadtbibl. Strassburg. Proctor II Sectio I Nr. 10.321: London,
          <lb/>British Museum; Schmiat III S. 30 Nr. 5; Walter : Schlettstadt
          <lb/>Nr. 1534.
          <lb/>1207
          <lb/>HUBERINUS Kaspar. Siche: OBRECHT Georg: Brevis explicatio
          <lb/>singularum legum. Strassburg, A. Bertram 1597. R 10.559.
          <lb/>HÜENERER Adam. Siche: HIENERER Adam
        </p>
      </div>
    </body>
  </text>
</TEI>
