<?xml version='1.0' encoding='UTF-8'?>
<?xml-model href="https://raw.githubusercontent.com/OpenITI/tei_openiti/master/tei_openiti.rng" type="application/xml" schematypens="http://relaxng.org/ns/structure/1.0"?>
<?xml-model href="https://raw.githubusercontent.com/OpenITI/tei_openiti/master/tei_openiti.rng" type="application/xml" schematypens="http://purl.oclc.org/dsdl/schematron"?>
<TEI xmlns="http://www.tei-c.org/ns/1.0">
  <teiHeader>
    <fileDesc>
      <titleStmt>
        <title/>
      </titleStmt>
      <publicationStmt>
        <p/>
      </publicationStmt>
      <sourceDesc>
        <p/>
      </sourceDesc>
    </fileDesc>
    <profileDesc>
      <calendarDesc>
        <calendar xml:id="ah">
          <p>Anno Hegirae</p>
        </calendar>
      </calendarDesc>
    </profileDesc>
    <xenoData xml:space="preserve">
CREATED: 2024-04-15T07:35:07.042838+00:00
CREATED BY: eScriptorium vpassthistobuildcmd
IMAGE FILENAME: A121078-3151.tif
IMAGE WIDTH: 2314
IMAGE HEIGHT: 3846
</xenoData>
  </teiHeader>
  <text>
    <body>
      <div>
        <p>
          <lb/>FRIES Lorenz
          <lb/>Strassburg, B. Grüninger 1535
          <lb/>Synonima gerechte Namen vnd auszlegung aller
          <lb/>wör- ter so man inn der Artznei allen Kreutern, Wurtz¬
          <lb/>len, Blûmen Somen, Gesteinen, Säfften, vnd an dern
          <lb/>dingen, in Hebraischer, Griechi- scher, Arabischer, Latei¬
          <lb/>nischer, vnd mancherley Teutschen sprachen Z6̂t schreibt.
          <lb/>Durch denn Hochgelerten Doctorem Laurentium Phriesenn
          <lb/>zûsamen bracht, vnd allen liebha bern der Artzney, Zû
          <lb/>nutz in truck auszgon lassen, Jetzt von newem wider
          <lb/>mit fleisz getruckt! vnd corrigiert. (Rücks, leer.)
          <lb/>Am Schluss: Getruckt vnd volendt von Barto- lomeum
          <lb/>Grüninger Jn der loblichen statt Straszburg vff. S. Adalffs (!)
          <lb/>vnd Johannes tag. Jnn dem Jar. M. D. XXXV. (Rücks, leer.)
          <lb/>40, Got., LX num. Bll., Kopft., Kust., Titeleinfassung wie in
          <lb/>Grüningers Ausgabe von 1519. Auf der Rückseite der Holeschnitt von
          <lb/>Bl. A 2b der Ausgabe von 1519, während derjenige von Bl. A 3a fehlt.
          <lb/>R10.409. Herkunft unbekannt.
          <lb/>GK: SB Berlin, UB Göttingen, Königsberg.
          <lb/>897
          <lb/>595
          <lb/>FRIES Lorenz
          <lb/>Strassburg, J. Cammerlander um 1537
          <lb/>Eyn new Badenfart. Wildt Bäder L. Friessen, sampt
          <lb/>einer trewen vnderricht- tung wie mann sich vor, inn,
          <lb/>vnd nach dem Bad hal- ten soll, Das erst Bûch.
          <lb/>Haimische Wasser vnd schweysz Bäder, für das grün,
          <lb/>steyn, vnd lame glieder etc. Ottho Brunszfelsn, das ander
          <lb/>Bâch.
          <lb/>Das dritt buch, D. Cordi ettliche bewerten artzneien
          <lb/>für den steyn.
          <lb/>Von newem auszgangen, vnd getruckt zû Straszburg
          <lb/>bei M. Jacob Cammer Lander von Mentz.
          <lb/>Der Titel, welcher die Hälfte der Seite einnimt, ist von drei Zier¬
          <lb/>leisten eingefasst; unter dem Titel befindet sich ein Holeschnitt, eine
          <lb/>grosse Badestube darstellend, in der sich 7 Personen aufhalten; darunter
          <lb/>ein Zierleisten.
          <lb/>Auf der Rücks, des letzten Bl. Druckerm. Cammerlanders (HCB
          <lb/>Tafel XXV Nr. 1, Silvestre Nr. 816).
          <lb/>Kustoden.
          <lb/>Auf der Rücks, des Titelbl.: Vorwort an den Leser.
        </p>
      </div>
    </body>
  </text>
</TEI>
