<?xml version='1.0' encoding='UTF-8'?>
<?xml-model href="https://raw.githubusercontent.com/OpenITI/tei_openiti/master/tei_openiti.rng" type="application/xml" schematypens="http://relaxng.org/ns/structure/1.0"?>
<?xml-model href="https://raw.githubusercontent.com/OpenITI/tei_openiti/master/tei_openiti.rng" type="application/xml" schematypens="http://purl.oclc.org/dsdl/schematron"?>
<TEI xmlns="http://www.tei-c.org/ns/1.0">
  <teiHeader>
    <fileDesc>
      <titleStmt>
        <title/>
      </titleStmt>
      <publicationStmt>
        <p/>
      </publicationStmt>
      <sourceDesc>
        <p/>
      </sourceDesc>
    </fileDesc>
    <profileDesc>
      <calendarDesc>
        <calendar xml:id="ah">
          <p>Anno Hegirae</p>
        </calendar>
      </calendarDesc>
    </profileDesc>
    <xenoData xml:space="preserve">
CREATED: 2024-04-15T07:35:09.765720+00:00
CREATED BY: eScriptorium vpassthistobuildcmd
IMAGE FILENAME: A121078-3253.tif
IMAGE WIDTH: 2340
IMAGE HEIGHT: 3858
</xenoData>
  </teiHeader>
  <text>
    <body>
      <div>
        <p>
          <lb/>Bauariae,! Comitis in Veldenz &amp;amp;c.Consiliario. D. DA¬
          <lb/>NIELI Schad. I. Eiusdem Reipubl. Senatori. Parenti, Pa¬
          <lb/>truo, &amp;amp; fratri... IOANNES IACOBVS SCHAD.
          <lb/>2a&amp;quot;MOVNe rVNO VAS YU
          <lb/>3
          <lb/>3
          <lb/>~
          <lb/>Neo
          <lb/>8
          <lb/>Nae¬
          <lb/>1
          <lb/>6052
          <lb/>CONCLYSIONES
          <lb/>682s
          <lb/>8Ds
          <lb/>DE SOCIETATE.
          <lb/>8eg
          <lb/>6gMe
          <lb/>6825
          <lb/>Quas
          <lb/>e2e
          <lb/>6cb
          <lb/>Sub Præsidio
          <lb/>c6?
          <lb/>QDSCLARISSIMI VIRI, DOMINIEAPS
          <lb/>SPAVLI GRASECCII I. V. D. ET IN CLYTAE b
          <lb/>Argentoratensium Academiæ luris Pro¬
          <lb/>eci)s
          <lb/>(82e
          <lb/>fesforis ordinarti.
          <lb/>60b2
          <lb/>eob
          <lb/>Discutiendas proponit.
          <lb/>eDo
          <lb/>2825
          <lb/>26b2
          <lb/>60
          <lb/>OANNES IACORVS SCHAD. Ad diem
          <lb/>280
          <lb/>14-Semptembris, Hora &amp;amp; loco solito.
          <lb/>Se42
          <lb/>SA
          <lb/>2825
          <lb/>8052
          <lb/>e82
          <lb/>602
          <lb/>euna
          <lb/>be
          <lb/>r5
          <lb/>b
          <lb/>es
          <lb/>R*
          <lb/>ARGENTORATI
          <lb/>ccb
          <lb/>Excudebat Antonius Bertramus.
          <lb/>e
          <lb/>bxs
          <lb/>M. D. XCII.
          <lb/>*RAS*
          <lb/>RYXN VIO ICUNO -CUYO -CMID.-CTN=-
          <lb/>levopoaabas
          <lb/>12.
          <lb/>N
          <lb/>Ne
          <lb/>2
          <lb/>697
        </p>
      </div>
    </body>
  </text>
</TEI>
