<?xml version='1.0' encoding='UTF-8'?>
<?xml-model href="https://raw.githubusercontent.com/OpenITI/tei_openiti/master/tei_openiti.rng" type="application/xml" schematypens="http://relaxng.org/ns/structure/1.0"?>
<?xml-model href="https://raw.githubusercontent.com/OpenITI/tei_openiti/master/tei_openiti.rng" type="application/xml" schematypens="http://purl.oclc.org/dsdl/schematron"?>
<TEI xmlns="http://www.tei-c.org/ns/1.0">
  <teiHeader>
    <fileDesc>
      <titleStmt>
        <title/>
      </titleStmt>
      <publicationStmt>
        <p/>
      </publicationStmt>
      <sourceDesc>
        <p/>
      </sourceDesc>
    </fileDesc>
    <profileDesc>
      <calendarDesc>
        <calendar xml:id="ah">
          <p>Anno Hegirae</p>
        </calendar>
      </calendarDesc>
    </profileDesc>
    <xenoData xml:space="preserve">
CREATED: 2024-04-15T07:35:05.456418+00:00
CREATED BY: eScriptorium vpassthistobuildcmd
IMAGE FILENAME: A121078-3045.tif
IMAGE WIDTH: 2340
IMAGE HEIGHT: 3838
</xenoData>
  </teiHeader>
  <text>
    <body>
      <div>
        <p>
          <lb/>ERASMUS, Annotationes. Siehe: CICERO, Officia. Strassburg,
          <lb/>M. Schürer, 1519. R101726. Nr. 496.
          <lb/>ERASMUS: Auctarium epistolarum Strassburg, M. Schürer, 1519
          <lb/>AVCTA] RIVM SELECTA] RVM ALIOVOT EPISTOLARVM
          <lb/>ERASMI ROTE RODAMI AD ERVDITOS, ET HORVM! AD IL
          <lb/>LVM.
          <lb/>Am Schluss: Argentorati, In Aedibus Matthiae Schure-rij.
          <lb/>Mense Aprili Anno Domini M. D. XIX.
          <lb/>40, Antiq., 167 num. Bll., wobei nur die ungeraden Zahlen bezeichnet
          <lb/>sind 1, 3, 5 usw., Kopftitel, Zierinit. M., Titeleinfassung. Siche Abbildung
          <lb/>S. 490.
          <lb/>Auf der Rückseite des Titelbl.: BEATVS RHENANVS MICHAELI
          <lb/>HVMEL BERGIO RAVENSPVRGENSI, IVRE- CONSVLTTO LATINE
          <lb/>GRAECE-QVE DOCTO S. D. .. — Basileae. XI. Calendas
          <lb/>Se- ptembreis. An. M. D. XVIII.
          <lb/>S. 3: GVILIELMVS BV DAEVS REGIVS ELECTVS ERASMO...
          <lb/>R102.012. Prov.: J. Schneider, Basel, 17. IX. 1888; 7 M. 50.
          <lb/>Handschr. Randnotizen.
          <lb/>GK: SB Berlin, UB Göttingen. Rest S. 54; Schmidt VIII,
          <lb/>733
          <lb/>Nr. 242.
          <lb/>489
          <lb/>ERASMUS: Adagia
          <lb/>Strassburg, M. Schürer, 1519
          <lb/>COLLECTA nea Adagiorum ve! terum Desiderij! Erasmi
          <lb/>Roterodami Germa- niae decoris. AD LECTOREM. Inue¬
          <lb/>nies hie candide Lector Adagia illa Eras- mi Roterodami,
          <lb/>multo emendatiora, multo integriora, quam in prioribus
          <lb/>impressionibus. Dictiones praeterea graecas sparsim hu¬
          <lb/>ic opusculo insertas cum apicibus su-is, ac spiritibus,
          <lb/>artifici opera fa¬ brefactis, qui in alijs huc¬usque sunt
          <lb/>neglecti. Addita est tabula in ipsius operis calce, a
          <lb/>Schurerio condita, quo dicto citius quaerenti quoduis
          <lb/>occurrat. LECTOR EME, LEGE, ET PROBABIS.
          <lb/>zatoóv.
          <lb/>Am Schluss: Argentorati Matthias Schurerius Se- lesten¬
          <lb/>sis stanneis calamis exscripsit Men- se Martij. Anno a
          <lb/>Christo nato M. D. XIX.
          <lb/>40, Antiq., 4 unn., LVII num. u. 7 unn. Bll., Kopftitel, Titel rot
          <lb/>u. schivarz, Titeleinfassung (Siehe Nr. 97).
        </p>
      </div>
    </body>
  </text>
</TEI>
