<?xml version='1.0' encoding='UTF-8'?>
<?xml-model href="https://raw.githubusercontent.com/OpenITI/tei_openiti/master/tei_openiti.rng" type="application/xml" schematypens="http://relaxng.org/ns/structure/1.0"?>
<?xml-model href="https://raw.githubusercontent.com/OpenITI/tei_openiti/master/tei_openiti.rng" type="application/xml" schematypens="http://purl.oclc.org/dsdl/schematron"?>
<TEI xmlns="http://www.tei-c.org/ns/1.0">
  <teiHeader>
    <fileDesc>
      <titleStmt>
        <title/>
      </titleStmt>
      <publicationStmt>
        <p/>
      </publicationStmt>
      <sourceDesc>
        <p/>
      </sourceDesc>
    </fileDesc>
    <profileDesc>
      <calendarDesc>
        <calendar xml:id="ah">
          <p>Anno Hegirae</p>
        </calendar>
      </calendarDesc>
    </profileDesc>
    <xenoData xml:space="preserve">
CREATED: 2024-04-15T07:35:10.702593+00:00
CREATED BY: eScriptorium vpassthistobuildcmd
IMAGE FILENAME: A121078-3295.tif
IMAGE WIDTH: 2350
IMAGE HEIGHT: 3852
</xenoData>
  </teiHeader>
  <text>
    <body>
      <div>
        <p>
          <lb/>ARGENTORATI excudebat Antonius Bertramus! Anno
          <lb/>CIO ID XCIII. (Racks, leer.)
          <lb/>Marg., Init. P, A, Titelumrahmung, Bl. A 2a Zierleiste.
          <lb/>40, Antiq,, 30 unn. Bll, wovon das letete leer, Sign. A-G, Kust.,
          <lb/>Bl. A 2a:... D. HENRICO SVARTIO... ! D. IOANNI Lypo¬
          <lb/>VICO HAWENREVTERO... ] D. PHILIPPO GLASERO... — Argen¬
          <lb/>tinae Cal. Septemb. Anno Salutis 1593.oannes Bur¬
          <lb/>gouuer Scaphusianus. (Widmung 5 S., Kursiv.)
          <lb/>Bl. A4b: EPIGRAMMA  ad Respondentem... (6 Dist. von
          <lb/>M. Daniel Helmius Pitopoeus! Heidelbergensis.
          <lb/>R 10156413, Prov.: Hiersemann, Leipeig 15. I. 1935; 4M.
          <lb/>1089
          <lb/>HAYTHONUS
          <lb/>Hagenau, Joh. Setzer 1529
          <lb/>LIBER HI-] STORIARVM PARTI-]VM ORIENTIS, SIVE PAS
          <lb/>sagium terrae sanctae, Haytho-no, Ordinis Praemonstra¬
          <lb/>tensis, Authore, scriptus! anno Redemptoris! nostri M.CCC.
          <lb/>Haganoae, per. Iohan. Sec. Anno M. D. XXIX. (Rücks.
          <lb/>leer.)
          <lb/>Am Schluss: Excudebatur Haganoae, apud Iohan. Sec.
          <lb/>Anno Domini M. D. XXIX. Mense Martio.
          <lb/>Auf der Rücks. Druckerm. Setzers. HEB Tafel LXXI Nr. 9;
          <lb/>Silvestre Nr. 567.
          <lb/>40, Antiq., 77 unn. Bll., 1 leeres Bl., Sign. A-S, Kopft., Kust.,
          <lb/>Marg., Init. P, C, Titelumrahmung: oben 2 Greife, jeder mit einem
          <lb/>Füllhorn, Seitenbordüren geschmüekte Säulen, unten ein nackter Knabe
          <lb/>von 5 andern an Haaren u. Beinen über eine Schüssel gezerrt; ein
          <lb/>siebenter bläst Schalmei.
          <lb/>Bl. A 2a:... GEORGIO A MORSVM, Menradus Molthe¬
          <lb/>rus... — Ex aedibus IOHANNIS DRACHI, I. V. Doctoris...
          <lb/>Wormatiae, quinto Kalend.Nouembris. Anno a HiEsV
          <lb/>nato M. D. XXIX. (2S.)
          <lb/>Bl. A 3a: INDEX PRAEFATIO OPVSCVLI... Anno M. CCC. VII.
          <lb/>Mense Augusto. (4 S.)
          <lb/>R 102.007. Prov.: F. Butsch, Augsburo 8. Vl. 1874; 12 M. Auf.
          <lb/>dem Einbanddeckel: Ex Libris E. M. C. Jos. M.a Lais Ep. Hippon. Auf
          <lb/>dem Titelbl, unten: Melchior Magius C. A. C. Romae 1725.
          <lb/>Stadtbibl. Strassburg 478; BN Paris, 4° 02 f. 971; Beaulieux
          <lb/>S. 160: BU Paris, Rés. 854; Walter : Schlettstadt 1472.
          <lb/>Brunet III5, 68: L’histoire du grand empereur de Tartarie et... Les
          <lb/>fleurs des histoires proviennent d’une même source: de l’Histoire d’Orient,
          <lb/>R.47
          <lb/>737
        </p>
      </div>
    </body>
  </text>
</TEI>
