<?xml version='1.0' encoding='UTF-8'?>
<?xml-model href="https://raw.githubusercontent.com/OpenITI/tei_openiti/master/tei_openiti.rng" type="application/xml" schematypens="http://relaxng.org/ns/structure/1.0"?>
<?xml-model href="https://raw.githubusercontent.com/OpenITI/tei_openiti/master/tei_openiti.rng" type="application/xml" schematypens="http://purl.oclc.org/dsdl/schematron"?>
<TEI xmlns="http://www.tei-c.org/ns/1.0">
  <teiHeader>
    <fileDesc>
      <titleStmt>
        <title/>
      </titleStmt>
      <publicationStmt>
        <p/>
      </publicationStmt>
      <sourceDesc>
        <p/>
      </sourceDesc>
    </fileDesc>
    <profileDesc>
      <calendarDesc>
        <calendar xml:id="ah">
          <p>Anno Hegirae</p>
        </calendar>
      </calendarDesc>
    </profileDesc>
    <xenoData xml:space="preserve">
CREATED: 2024-04-15T07:35:05.230113+00:00
CREATED BY: eScriptorium vpassthistobuildcmd
IMAGE FILENAME: A121078-3030.tif
IMAGE WIDTH: 2348
IMAGE HEIGHT: 3840
</xenoData>
  </teiHeader>
  <text>
    <body>
      <div>
        <p>
          <lb/>474
          <lb/>a Schurerio con- dita, quo dicto citius quaerenti quoduis
          <lb/>occurrat. LECTOR EME, LEGE, ET PROBABIS. Tempus
          <lb/>obserua.
          <lb/>Am Schluss: Argentorati stanneis calamis Denuo ex¬
          <lb/>scripta sunt in officina Matthiae Schurerij Sele- stensis
          <lb/>Mense Octobri Anno a Christo nato M. D. XIII. VSVI
          <lb/>STVDIOSORVM. REGNANTE IMP. CAES. MAXIMILIANO P. F.
          <lb/>AVG. P. P.
          <lb/>80, Antig., 4́ unn., LVII num. u. 7 unn. Bll., Kopftitel, Init.
          <lb/>Auf der Rückseite des Titelbl.: Gleiche Widmung u. gleiches Vor¬
          <lb/>wort wie in Nr. 707, von der diese Ausgabe ein Neudruck ist.
          <lb/>R 100.926. Herkunft unbekannt. Handschr. Notizen.
          <lb/>Van der Haeghen I, S. 28: Freiburg i. Br., Hannover, Heidelberg,
          <lb/>Madrid, Marburg, München, Mazarine Paris, Weimar, Zurich.
          <lb/>GK: SB Berlin, UB Marburg; Schmidt VIII Nr. 110: Bibl.
          <lb/>Mazarine u. U. B. Paris; Rest S. 60.
          <lb/>710
          <lb/>ERASMUS: De duplici copia
          <lb/>Strassburg, M. Schürer, 1513
          <lb/>DESIDERII ERASMI ROTERO dami, de duplici Copia rerum
          <lb/>ac verborum, Commentarij duo. (Druekermarke Schürer&amp;#x27;s, HEB
          <lb/>Tafel XII Nr. 2.)
          <lb/>Darunter: SEB. MVRRHO. JVNI AD LECTOREM, (2 Dist.)
          <lb/>Auf der Rückseite 4 Zeilen: Corrigenda.
          <lb/>Am Schluss: Argentorat. Matthias Schurerius ex- scripsit.
          <lb/>Mense lanuario. Anno M. D.XIII. T. O. REGNANTE IMPERA¬
          <lb/>TORE CAES. MAXIMILIANO P. F. AVG.
          <lb/>40, Antig., 6 unn., LXXII num. Bll., das letste Bl, ist als Bl.
          <lb/>74 num., weil das erste Bl. mit 3 beginnt; Sign. A-M. Kopftitel, leerer
          <lb/>Raum für Init.
          <lb/>Bl. 2a: Sebastianus Murrho iunior Colmariensis Hie¬
          <lb/>rony. Gebuilero preceptori suo S.... — Anno M. D. XIII.
          <lb/>XVI. Kalendas Februarij.
          <lb/>Bl. 3a: Desiderius Erasmus Roterodamus Io- anni Co¬
          <lb/>leto Decano sancti Pauli apud Londinum... — Anno M. D.
          <lb/>XII. Tertio Kal. Maias. Folgt ein Index von 3 S.
          <lb/>R100.927. Prov.: G. Lissa, Berlin, 4. XII. 1892, 2 M. Handschr.
          <lb/>Randnotisen.
          <lb/>GK: SB Berlin, UB Breslau; Proctor Sectio I Nr. 10207: Lon¬
          <lb/>don, British Museum; Schmidt VIII Nr. 94; Rest S. 50.
          <lb/>711
        </p>
      </div>
    </body>
  </text>
</TEI>
