<?xml version='1.0' encoding='UTF-8'?>
<?xml-model href="https://raw.githubusercontent.com/OpenITI/tei_openiti/master/tei_openiti.rng" type="application/xml" schematypens="http://relaxng.org/ns/structure/1.0"?>
<?xml-model href="https://raw.githubusercontent.com/OpenITI/tei_openiti/master/tei_openiti.rng" type="application/xml" schematypens="http://purl.oclc.org/dsdl/schematron"?>
<TEI xmlns="http://www.tei-c.org/ns/1.0">
  <teiHeader>
    <fileDesc>
      <titleStmt>
        <title/>
      </titleStmt>
      <publicationStmt>
        <p/>
      </publicationStmt>
      <sourceDesc>
        <p/>
      </sourceDesc>
    </fileDesc>
    <profileDesc>
      <calendarDesc>
        <calendar xml:id="ah">
          <p>Anno Hegirae</p>
        </calendar>
      </calendarDesc>
    </profileDesc>
    <xenoData xml:space="preserve">
CREATED: 2024-04-15T07:35:14.252578+00:00
CREATED BY: eScriptorium vpassthistobuildcmd
IMAGE FILENAME: A121078-3436.tif
IMAGE WIDTH: 2426
IMAGE HEIGHT: 3854
</xenoData>
  </teiHeader>
  <text>
    <body>
      <div>
        <p>
          <lb/>878.
          <lb/>jars eingetheylt, also das alle tag ein besundere Lection
          <lb/>ausz dem Alten Testament, Euangelium vnd Epistel ausz
          <lb/>dem Neüwen gesetzt, kein wort so von der kir- chen ge¬
          <lb/>ordnet, verendert, bey dem klaren Text, on alle glosen,
          <lb/>bliben,! kein wort darzâ, noch daruon thon, wie Gott ge¬
          <lb/>heyssen hat, Du solt nichts zû, oder von meinen worten
          <lb/>thûn, wie die Vorred das klärlich anzeyget.! Mit schönen
          <lb/>figuren des Neü- wen vnnd Alten Te- staments, Durch
          <lb/>Ambrosium Kempffen, wonhafft zû Frei-! burg im Prysz¬
          <lb/>gaw zûsammen bracht, vnd inn truck vollfertiget.
          <lb/>Holeschn.: Maria u. Joseph im Stalle 2u Bethlehem, Eniend vor dem
          <lb/>Jesukind, das auf der Erde liegt, links davon Ochs u. Esel, rechts zwei
          <lb/>Hirten gefolgt von ihrer Herde, in den Wolken drei Engel, über dem
          <lb/>Stalle ein Stern. In der rechten Ecke unten Monogramm. Unter dem
          <lb/>Holeschn,, 2wischen zwei Epheubll. die Jahreszahl M. D. XLIII.
          <lb/>Am Schluss: Getruckt inn der Keyserlichen Reichstatt
          <lb/>Colmar inn obern! Elsasz, Durch den Ersamen Barptho¬
          <lb/>lomeum Grüninger, vnd! volendet den zwentzigsten tag
          <lb/>des Meyens, Als man zalt nach der geburt Christi vnsers
          <lb/>Herren, tausent fünffhundert vnd im drey! vnnd viertzig¬
          <lb/>sten jar. (Rücks, leer.)
          <lb/>20, Got. u. Kursiv, 2sp., 13 unn., CCLXIX num. Bll., Kopft.,
          <lb/>Kust., Marg., zahlreiche Kleinere u. 21 blattgrosse Holeschn., von denen
          <lb/>mehrere von Hans Baldung Grien, dessen Monogramm sich unter dem
          <lb/>Holeschn. Bl. 60b befindet. Der Holeschn. Bl. 43a (Adam u. Eva im
          <lb/>Paradies) trägt auf einem an einem Baume befestigten Schilde die
          <lb/>Jahreszahl 1537.
          <lb/>Bl. Aa 2a: Vorrede (2 S.); El. Aa 3a-B 7b: Register.
          <lb/>R 10.270. Prov.: Albert Cohn, Berlin 27. XI.1886; 45 M. Auf
          <lb/>1306
          <lb/>dem Titelbl.: Residentiae Societatis Jesu Michelstadij Inscript.
          <lb/>KERN Ulrich
          <lb/>Strassburg, P. Schäffer 1531
          <lb/>Evn new Kunstlichs wolge- gründts Visierbûch, gar
          <lb/>grvisz vnnd behend ausz rechter art der Geometria,
          <lb/>Rechnung vnd Circkelmessen,! Darinnen mancherley Visier
          <lb/>rûten oder Stäb angezeygtzemachen, nach yeglicher
          <lb/>landart Eichen vnd masz, dergleichen noch nie getruckt
          <lb/>oder auszgangen.
          <lb/>Holeschn.: unten ein Fass, darüber ein Mann, welcher ein Mess¬
          <lb/>instrument in der Hand hält, um den Inhalt des Fasses zu messen.
          <lb/>Darunter: Zum Leser. (24 deutsche Verse, wovon der letzte mit Nennung
          <lb/>des Verfassers:¿Hulderichus Kern es gemachet hat.&amp;quot;
        </p>
      </div>
    </body>
  </text>
</TEI>
