<?xml version='1.0' encoding='UTF-8'?>
<?xml-model href="https://raw.githubusercontent.com/OpenITI/tei_openiti/master/tei_openiti.rng" type="application/xml" schematypens="http://relaxng.org/ns/structure/1.0"?>
<?xml-model href="https://raw.githubusercontent.com/OpenITI/tei_openiti/master/tei_openiti.rng" type="application/xml" schematypens="http://purl.oclc.org/dsdl/schematron"?>
<TEI xmlns="http://www.tei-c.org/ns/1.0">
  <teiHeader>
    <fileDesc>
      <titleStmt>
        <title/>
      </titleStmt>
      <publicationStmt>
        <p/>
      </publicationStmt>
      <sourceDesc>
        <p/>
      </sourceDesc>
    </fileDesc>
    <profileDesc>
      <calendarDesc>
        <calendar xml:id="ah">
          <p>Anno Hegirae</p>
        </calendar>
      </calendarDesc>
    </profileDesc>
    <xenoData xml:space="preserve">
CREATED: 2024-04-15T07:35:08.954253+00:00
CREATED BY: eScriptorium vpassthistobuildcmd
IMAGE FILENAME: A121078-3221.tif
IMAGE WIDTH: 2328
IMAGE HEIGHT: 3854
</xenoData>
  </teiHeader>
  <text>
    <body>
      <div>
        <p>
          <lb/>Bl. IIa: Von den sünden des Munds.Als man zalt.
          <lb/>M. CCCCC. vnd v. Jar Hatt der... Doctor Joannes Geiler
          <lb/>von Keisersperg disze nach volgende Materi gepredigt inn
          <lb/>dem Münster zô Straszburg... Holeschn.: Geiler auf der Kangel.
          <lb/>Bl. 11b: Vorrede.
          <lb/>R10.101. Prov.: Bibl. Ch. Schmidt mit seinem Exlibris u. No¬
          <lb/>tizen von seiner Hand, die Holeschn, u. Paginationsfehler betr.
          <lb/>Priesterseminar Strassburg Ine. C 35; Dacheux, Geiler CLV; Kri¬
          <lb/>steller 100; Proctor II Sectio I Nr. 9944a: London British Museum;
          <lb/>Schmidt I Nr. 157. GK: SB Berlin, UB Berlin, Bonn, Breslau, Göt¬
          <lb/>tingen, Halle.
          <lb/>979
          <lb/>GEILER Johannes
          <lb/>Strassburg, Joh. Grüninger 1518
          <lb/>Sermones! et varij Tractatus Keiser! spergii iam re¬
          <lb/>cens excusi: quorum Indicem versa pagella videbis.
          <lb/>Endecasyllabum Ottomari Luscinij Ju-rispontificij
          <lb/>Doctoris, Jn laudem operum doctissimi Keiserspergij
          <lb/>primi Argenti. concionatoris. (14 Verse.) Cum Priuilegio Jm¬
          <lb/>periali. (Rücks, leer.)
          <lb/>Am Schluss: Finiunt Sermones &amp;amp; varij tractatus...
          <lb/>Doctoris Jo. Geileri Keiserspergij, prius sparsim in vul¬
          <lb/>gari theutonico mendose sub varijs typis, &amp;amp; pseudo titulis
          <lb/>impressi. Quos ne bonus Lector huius modi ementitis
          <lb/>titulis delu- sus subditicia, ac ementita pro sinceris sit
          <lb/>lecturus Petrus wickgram theologie Do-ctor, eiusdem
          <lb/>doctissimi Keiserspergii ne- pos ex sorore, et immediatus
          <lb/>in officio predi- cature Argentinen, successor. Ea qua
          <lb/>potu! it diligentia ex veris originalibus Exem! plaria
          <lb/>congessit. Et in lucem prodeun da sollicito Joanni Gru¬
          <lb/>ninger cal cographo ingenuo tradidit: Jn quibus facile
          <lb/>videbitur, quan to interuallo languida illa, et mendici¬
          <lb/>tus consarcinata a vera et incomparabi li auunculi sui
          <lb/>phrasi distent. Anno re-stitute salutis. 1518. Ka¬
          <lb/>lendis Au- gusti. (**(Rücks. leer.)
          <lb/>20, Got., 2sp., 4 unn., CLX num. Bll. (Zählung beginnt mit Ziffer
          <lb/>VII, so dass es eigentlich bloss 153 num. Bll. sind), Kopft., Init., dar¬
          <lb/>unter einige sehr schöne, Titel rot u. schware, Titelumrahmung vie in
          <lb/>den Sermones 1515, siehe Nr. 971; 4 schöne Holeschn.
          <lb/>Bl. A 2b: Clarissimo principi ac Domino d.Alberto
          <lb/>familie Thummensis dei gratia. Preposito Elua- censi di¬
          <lb/>gnissimo Petrus wickgram sacre Theologie magister. et
          <lb/>665
        </p>
      </div>
    </body>
  </text>
</TEI>
