<?xml version='1.0' encoding='UTF-8'?>
<?xml-model href="https://raw.githubusercontent.com/OpenITI/tei_openiti/master/tei_openiti.rng" type="application/xml" schematypens="http://relaxng.org/ns/structure/1.0"?>
<?xml-model href="https://raw.githubusercontent.com/OpenITI/tei_openiti/master/tei_openiti.rng" type="application/xml" schematypens="http://purl.oclc.org/dsdl/schematron"?>
<TEI xmlns="http://www.tei-c.org/ns/1.0">
  <teiHeader>
    <fileDesc>
      <titleStmt>
        <title/>
      </titleStmt>
      <publicationStmt>
        <p/>
      </publicationStmt>
      <sourceDesc>
        <p/>
      </sourceDesc>
    </fileDesc>
    <profileDesc>
      <calendarDesc>
        <calendar xml:id="ah">
          <p>Anno Hegirae</p>
        </calendar>
      </calendarDesc>
    </profileDesc>
    <xenoData xml:space="preserve">
CREATED: 2024-04-11T12:18:02.489227+00:00
CREATED BY: eScriptorium vpassthistobuildcmd
IMAGE FILENAME: 20211206-002038.tif
IMAGE WIDTH: 2500
IMAGE HEIGHT: 3968
</xenoData>
  </teiHeader>
  <text>
    <body>
      <div>
        <p>
          <lb/>G KXI, 1656: B N Berlin, Munich, Vienne, etc. (Ritter,
          <lb/>Rép. n° 151 ; éd. allemande, Haguenau, Kobian 1536).
          <lb/>924
          <lb/>BARBAROSSA. Voir MUELICH, Joh.
          <lb/>BARBARUS, Herm. Voir : PLINIUS, Secundus Cajus no 2951.
          <lb/>BARBETTA, Giulio Cesare : Novae Tabulae Musicae testudi¬
          <lb/>nariae Hexacordiae et Heptachordiae... Neu Lauten¬
          <lb/>buch... — Strasbourg, Bernard Jobin 1582, in-fol.
          <lb/>Vogeleis p. 345.
          <lb/>925
          <lb/>BARLANDUS, Hadrianus. Voir : Aesopus nos 747, 752.
          <lb/>BARLETTA, Gabriello : Sermones de tempore... de sanctis.
          <lb/>(Préface de Benedictus Brixianus). — (Haguenau,
          <lb/>Henri Gran pour Rynman mai 1514), in-40.
          <lb/>GKXI, 6725: B N Berlin, Breslau, Munich, etc., Burg n° 82;
          <lb/>Ritter, Rép. n° 152/3; éd. Haguenau, Gran 1510 et 1518). 926
          <lb/>BARLOW, Hier. Voir : Roy William.
          <lb/>BARNAUD, Nicolas) : Dialogi ab Eusebio Philadelpho cosmo¬
          <lb/>polita in Gallorum et caeterarum nationum gratia
          <lb/>compositi... (1), 2. — Edimburgi, ex typographia
          <lb/>J. Jamaei (Strasbourg, Bernard Jobin] 1574, in-80.
          <lb/>G K11.7161 : « Als Verfasser werden auch Théodore de Bèze
          <lb/>und Hugo Donellus genannt ». B N Berlin, Munich, BN Paris:
          <lb/>Rés. Lbas, 345, etc.
          <lb/>927
          <lb/>(BARNAUD, Nicolas) : Reveille Matin, Oder Wacht fru auf.
          <lb/>Das ist, Summarischer und Wahrhafter Bericht von den
          <lb/>verschinenen, auch gegenwertigen beschwerlichen
          <lb/>händeln in Franckreich, den Frantzosen und andern
          <lb/>genachbarten Nationen... Durch Eusebium Philadelpum
          <lb/>(sic) Cosmopolitam... ins Teutsch gebracht Durch
          <lb/>Emericum Lebusium (Fischart). Gedruckt zu Edimburg,
          <lb/>bei Jacobo Jammeus. Anno M.D.LXXV. (Strasbourg,
          <lb/>Bern. Jobin) 1575, in-80.
          <lb/>36
        </p>
      </div>
    </body>
  </text>
</TEI>
