<?xml version='1.0' encoding='UTF-8'?>
<?xml-model href="https://raw.githubusercontent.com/OpenITI/tei_openiti/master/tei_openiti.rng" type="application/xml" schematypens="http://relaxng.org/ns/structure/1.0"?>
<?xml-model href="https://raw.githubusercontent.com/OpenITI/tei_openiti/master/tei_openiti.rng" type="application/xml" schematypens="http://purl.oclc.org/dsdl/schematron"?>
<TEI xmlns="http://www.tei-c.org/ns/1.0">
  <teiHeader>
    <fileDesc>
      <titleStmt>
        <title/>
      </titleStmt>
      <publicationStmt>
        <p/>
      </publicationStmt>
      <sourceDesc>
        <p/>
      </sourceDesc>
    </fileDesc>
    <profileDesc>
      <calendarDesc>
        <calendar xml:id="ah">
          <p>Anno Hegirae</p>
        </calendar>
      </calendarDesc>
    </profileDesc>
    <xenoData xml:space="preserve">
CREATED: 2024-04-11T12:18:05.016500+00:00
CREATED BY: eScriptorium vpassthistobuildcmd
IMAGE FILENAME: 20211206-002128.tif
IMAGE WIDTH: 2502
IMAGE HEIGHT: 3982
</xenoData>
  </teiHeader>
  <text>
    <body>
      <div>
        <p>
          <lb/>COMPLEXION der menschen. Voir : BücHLEIN (In disem
          <lb/>biechlin wird erfunden von Complexion...) n° 1205.
          <lb/>CONCORDATA : Principum Nationis Germaniae... Exhortatio
          <lb/>patris... — (Strasbourg, René Beck 1513), in-4°.
          <lb/>Schmidt IV, p. 18, n° 10 : B M Strasbourg; Kristeller 565;
          <lb/>l’antiquaire Gerd Rosen (Berlin) a offert en 1942 à la Biblio¬
          <lb/>thèque Nationale de Strasbourg un exemplaire. C’est la
          <lb/>première éd. de « Concordata Vindobonensia », faite par
          <lb/>Wimpheling; Baer (Francfort-s.-M.). Catal. 500 (1907),
          <lb/>n° 1329a : 30 M. ; Ritter, B M Strasbourg, n° 1559.
          <lb/>1428
          <lb/>CONCORDIA curatorum. Voir : TREBELLIUS W.
          <lb/>CONDÉ, Henri Ier de : Déclaration de Henry de Bourbon
          <lb/>aujourd’hui troisiesme prince du sang de France, prince
          <lb/>de Condé... — Strasbourg 1574, in-8°.
          <lb/>BN Paris Lb34 85.
          <lb/>1429
          <lb/>CONDÉ, Louis Ier de. Voir: RECUEIL des choses mémorables,
          <lb/>n° 3077.
          <lb/>CONDEMNATIO doctrinalis librorum Martini Lutheri per
          <lb/>quosdam Magistros Lovanienses &amp;amp; Colonienses facta.
          <lb/>Responsio Lutheriana... — Sélestat, Lazare Schürer
          <lb/>1520, in-4°.
          <lb/>Walter, nos 1009/1010; Ritter : B M Strasbourg n° 766.
          <lb/>1430
          <lb/>CONRAD von Dankrotzheim : Das heilige Namenbuch. —
          <lb/>Strasbourg vers 1530, in-4°.
          <lb/>Goedeke 12, p. 306 (3); Pickel, K. : Das h. Namenbuch von
          <lb/>Konrad von Dankrotzheim. hrsg. in den Elsässischen Literatur¬
          <lb/>denkmälern (Strasburg 1878) ; Strobel, Adam Walter : Das
          <lb/>h. Namenbuch (Paris 1827); BN Paris : Rés. p. Yh 5. 1431
          <lb/>CONRAD von Ulm, Johann : Geodaisia. Das ist : Von gewisser
          <lb/>und bewährter Feldmessung eyn gründlicher Bericht:
          <lb/>wie nämlich beyde aller Felder grösse zu messen und
          <lb/>126
        </p>
      </div>
    </body>
  </text>
</TEI>
