<?xml version='1.0' encoding='UTF-8'?>
<?xml-model href="https://raw.githubusercontent.com/OpenITI/tei_openiti/master/tei_openiti.rng" type="application/xml" schematypens="http://relaxng.org/ns/structure/1.0"?>
<?xml-model href="https://raw.githubusercontent.com/OpenITI/tei_openiti/master/tei_openiti.rng" type="application/xml" schematypens="http://purl.oclc.org/dsdl/schematron"?>
<TEI xmlns="http://www.tei-c.org/ns/1.0">
  <teiHeader>
    <fileDesc>
      <titleStmt>
        <title/>
      </titleStmt>
      <publicationStmt>
        <p/>
      </publicationStmt>
      <sourceDesc>
        <p/>
      </sourceDesc>
    </fileDesc>
    <profileDesc>
      <calendarDesc>
        <calendar xml:id="ah">
          <p>Anno Hegirae</p>
        </calendar>
      </calendarDesc>
    </profileDesc>
    <xenoData xml:space="preserve">
CREATED: 2024-04-11T12:18:03.872743+00:00
CREATED BY: eScriptorium vpassthistobuildcmd
IMAGE FILENAME: 20211206-002091.tif
IMAGE WIDTH: 2504
IMAGE HEIGHT: 3984
</xenoData>
  </teiHeader>
  <text>
    <body>
      <div>
        <p>
          <lb/>gedienet hat in eins kochs gestalt. — (Strasbourg,
          <lb/>Martin Flach 1508), in-40.
          <lb/>Kristeller, n° 500; Schmidt VI, p. 23, n° 19; Heitz-Ritter,
          <lb/>n° 506; Weller 457. — BN Munich.
          <lb/>1216
          <lb/>BÜCHLEIN (Bruder Rausch) : (Idem). — Strasbourg,
          <lb/>(Barth. Kistler) 1509, in-40.
          <lb/>Schmidt IV, p. 10, n° 26.
          <lb/>1217
          <lb/>BÜCHLEIN (Bruder Rausch) : (Idem). — (Strasbourg vers
          <lb/>1510), in-4°. (Bordure du titre comme celle de l’éd.
          <lb/>Hupfuff 1515).
          <lb/>Copinger 1352 ; Schreiber 3636a avec la remarque : Cette
          <lb/>édition sans titre... a été imprimée à Strasbourg vers 1510;
          <lb/>Heitz-Ritter, n° 507.
          <lb/>1218
          <lb/>BÜCHLEIN (Bruder Rausch) : (Idem). — (Strasbourg,
          <lb/>Mathias Hupfuff 1515), in-40.
          <lb/>Schmidt V, n° 131 ; Heitz-Ritter, n° 508: B N Vienne; Weller
          <lb/>940.
          <lb/>1219
          <lb/>BÜCHLEIN (Rechenbüchlein) : JN diesem biechlin seind die
          <lb/>Rechenung gesetzt, und vahet die erst von eim halben
          <lb/>gülden gelts an... Die ander Rechenung vahet an von ij.
          <lb/>sz. &amp;amp; gelts und weret bisz uff hundert lib.... Die drit
          <lb/>rechenung ist. Das füdermosz uff. xxiiij omen, und ein
          <lb/>omen xxiiij mosz. Den gülden für. xj. schilling &amp;amp;. Die
          <lb/>vierd rechenung. Die Marck um. Ix. gülden wie das lot,
          <lb/>das halb lot, das quintlin... Als uff Straszburger werung
          <lb/>zu verston. Seind vormals nie also getruckt. —
          <lb/>(Strasbourg, Jean Knobloch (9.VIII] 1518), in-40.
          <lb/>Bibl. S. Guillaume Strasbourg; Schmidt VII, n° 166. 1220
          <lb/>BÜCHLEIN (Rechenbüchlein) : Gerechnet Büchlin. Vonn
          <lb/>Müntz, Gewicht, Elen und Mass Aller Land... —
          <lb/>Strasbourg, Christian Egenolph s. d.
          <lb/>Benzing: Egenolff no 1.
          <lb/>1221
          <lb/>89
        </p>
      </div>
    </body>
  </text>
</TEI>
