<?xml version='1.0' encoding='UTF-8'?>
<?xml-model href="https://raw.githubusercontent.com/OpenITI/tei_openiti/master/tei_openiti.rng" type="application/xml" schematypens="http://relaxng.org/ns/structure/1.0"?>
<?xml-model href="https://raw.githubusercontent.com/OpenITI/tei_openiti/master/tei_openiti.rng" type="application/xml" schematypens="http://purl.oclc.org/dsdl/schematron"?>
<TEI xmlns="http://www.tei-c.org/ns/1.0">
  <teiHeader>
    <fileDesc>
      <titleStmt>
        <title/>
      </titleStmt>
      <publicationStmt>
        <p/>
      </publicationStmt>
      <sourceDesc>
        <p/>
      </sourceDesc>
    </fileDesc>
    <profileDesc>
      <calendarDesc>
        <calendar xml:id="ah">
          <p>Anno Hegirae</p>
        </calendar>
      </calendarDesc>
    </profileDesc>
    <xenoData xml:space="preserve">
CREATED: 2024-04-11T12:18:06.281366+00:00
CREATED BY: eScriptorium vpassthistobuildcmd
IMAGE FILENAME: 20211206-002177.tif
IMAGE WIDTH: 2510
IMAGE HEIGHT: 3952
</xenoData>
  </teiHeader>
  <text>
    <body>
      <div>
        <p>
          <lb/>FESTUM compassionis Mariae Virginis. — [Strasbourg,
          <lb/>Jean Grüninger, au commencement du XVIe sièclel,
          <lb/>in-4°.
          <lb/>Madsen 1586.
          <lb/>1692
          <lb/>FICINUS, Marsilius: Von dem gesunden und langen Leben.
          <lb/>A la suite de : BRUNScHwIG, Hier, : Medicinarius. —
          <lb/>Strasbourg, 1.IV.1505, et du Neuw Distilierbuch de
          <lb/>BRUNSCHWIG 1509 et 1531.
          <lb/>1693
          <lb/>FICININUS, Marsilius : (Idem). — Strasbourg, Jean Grüninger
          <lb/>1521, in-fol.
          <lb/>Schmidt, Hist. litt. II, p. 402, n° 232 féd. Grüninger 1515:
          <lb/>Ritter, Rép. n° 842l.
          <lb/>1694
          <lb/>FICINUS, Marsilius. Voir: BRUNSCHWIG, Hier, nos 1130,
          <lb/>1135; (RITTER, Rép. nos 838-842).
          <lb/>FINK, Thomas : Ephemeris caelestium motuum anni 1582.
          <lb/>Supputata ex Tabulis Prutensis. — Strasbourg, Nicolas
          <lb/>Wyriot 1582, in-4°.
          <lb/>Zinner 3036.
          <lb/>1695
          <lb/>FINKENRITTER. Voir: HISTORY von Policarp von Kirrlarissa,
          <lb/>genant Fincken Ritter n° 2032.
          <lb/>[FIRN, Antonius] : Supplication des Pfarrers unnd der Pfarr¬
          <lb/>kinder zu sant Thoman, aim Ersamen Radt zu Strasz¬
          <lb/>burg uberantwort &amp;amp;c. Darausz abzunemen, wie die
          <lb/>Christliche Ee geliebt und Teuffelische Hurerey oder
          <lb/>Pfaffen keüschhait, wie man es nennen will der
          <lb/>gemaynen Erbarkait verhasset sey, unnd nit meer
          <lb/>leydlichen. M. D.xxiiij. — (Strasbourg), 1524, in-8°.
          <lb/>Ritter: B M Strasbourg, n° 984 a.
          <lb/>1696
          <lb/>(FISCHART, Joh.] (Badstüblein) : Uncalvinisch Gegen
          <lb/>Badstüblein, Oder Auszeckung des ungeformten... Calvi¬
          <lb/>nischen Badstübels, so newlich ein Papist so sich,
          <lb/>175
        </p>
      </div>
    </body>
  </text>
</TEI>
