<?xml version='1.0' encoding='UTF-8'?>
<?xml-model href="https://raw.githubusercontent.com/OpenITI/tei_openiti/master/tei_openiti.rng" type="application/xml" schematypens="http://relaxng.org/ns/structure/1.0"?>
<?xml-model href="https://raw.githubusercontent.com/OpenITI/tei_openiti/master/tei_openiti.rng" type="application/xml" schematypens="http://purl.oclc.org/dsdl/schematron"?>
<TEI xmlns="http://www.tei-c.org/ns/1.0">
  <teiHeader>
    <fileDesc>
      <titleStmt>
        <title/>
      </titleStmt>
      <publicationStmt>
        <p/>
      </publicationStmt>
      <sourceDesc>
        <p/>
      </sourceDesc>
    </fileDesc>
    <profileDesc>
      <calendarDesc>
        <calendar xml:id="ah">
          <p>Anno Hegirae</p>
        </calendar>
      </calendarDesc>
    </profileDesc>
    <xenoData xml:space="preserve">
CREATED: 2024-04-11T12:18:08.867115+00:00
CREATED BY: eScriptorium vpassthistobuildcmd
IMAGE FILENAME: 20211206-002274.tif
IMAGE WIDTH: 2518
IMAGE HEIGHT: 3954
</xenoData>
  </teiHeader>
  <text>
    <body>
      <div>
        <p>
          <lb/>JUVENALIS :,,, Satyrae.,, — (Strasbourg, Jean Knobloch
          <lb/>15.I.1 1518), in-40.
          <lb/>Panzer 6, 90, 530; Schmidt VII, n° 150: B M Francfort-s.-M.;
          <lb/>Catalogue de la Bibl. Ch. Louis Fière, 2e vente (14-17 juin
          <lb/>1937), n° 367.
          <lb/>2181
          <lb/>JUVENALIS : Satyrae una cum Aul. Persio recogniti. —
          <lb/>(Strasbourg, Jean Knobloch 1527), in-8o.
          <lb/>Panzer 6, 112, 756; Schmidt VII, n° 320. [Autre éd. : Knobloch
          <lb/>1513 voir Ritter, Rép. n° 1301).
          <lb/>2182
          <lb/>KAGENECK, Bernhard von : Wir Bernhard von Kageneck,
          <lb/>der Meister und der Raht diser Freyen Reichs Statt
          <lb/>Strassburg... Ordnen, statuiren und gebieten allen
          <lb/>unsern Burgern... Müntzen... auff oder einwechsseln,
          <lb/>zutrahiren, dieselben oder auch gemacht Silber zu
          <lb/>brechen, zu granalieren, noch an einige ort ausserhalb
          <lb/>diser Statt, andere Müntzen daraus zumachen... Actum
          <lb/>8 Decretum, Montag den 24. Februar 1589. —
          <lb/>(Strasbourg) 1589. Placard, in-40.
          <lb/>Ritter: B M Strasbourg, n° 513.
          <lb/>2183
          <lb/>KALENBERG, Pfarrer von. Voir: GESCHICHT des pfarrers von
          <lb/>Kalenberg n° 1898.
          <lb/>KALENDER : In dieszem teütschen Kalender findet man... die
          <lb/>zwelff zeichen und die syben Planeten wie itlicher
          <lb/>regieren soll. Darnoch findet man die Guldenzal... —
          <lb/>(Strasbourg, Mathias Hupfuff 5.VI.1504), in-4°.
          <lb/>Schmidt V, n° 32; Weller, 277. — B N Berlin.
          <lb/>2184
          <lb/>KALENDER : In disem Kalender findet man... (comme le
          <lb/>n° précédent). — (Strasbourg, Mathias Hupfuff 1511),
          <lb/>in-40.
          <lb/>Schmidt V, n° 92; Weller, 467.
          <lb/>2185
          <lb/>KALENDER : In diesem Kalender findet man... (comme dans
          <lb/>272
        </p>
      </div>
    </body>
  </text>
</TEI>
