<?xml version='1.0' encoding='UTF-8'?>
<?xml-model href="https://raw.githubusercontent.com/OpenITI/tei_openiti/master/tei_openiti.rng" type="application/xml" schematypens="http://relaxng.org/ns/structure/1.0"?>
<?xml-model href="https://raw.githubusercontent.com/OpenITI/tei_openiti/master/tei_openiti.rng" type="application/xml" schematypens="http://purl.oclc.org/dsdl/schematron"?>
<TEI xmlns="http://www.tei-c.org/ns/1.0">
  <teiHeader>
    <fileDesc>
      <titleStmt>
        <title/>
      </titleStmt>
      <publicationStmt>
        <p/>
      </publicationStmt>
      <sourceDesc>
        <p/>
      </sourceDesc>
    </fileDesc>
    <profileDesc>
      <calendarDesc>
        <calendar xml:id="ah">
          <p>Anno Hegirae</p>
        </calendar>
      </calendarDesc>
    </profileDesc>
    <xenoData xml:space="preserve">
CREATED: 2024-04-11T12:18:09.073921+00:00
CREATED BY: eScriptorium vpassthistobuildcmd
IMAGE FILENAME: 20211206-002287.tif
IMAGE WIDTH: 2474
IMAGE HEIGHT: 4010
</xenoData>
  </teiHeader>
  <text>
    <body>
      <div>
        <p>
          <lb/>dem Vall (Fall] Adam und Eva... — Strasbourg,
          <lb/>Martin Flach 1520, in-4°.
          <lb/>Schmidt VI, p. 33, n° 56; Panzer, Annalen, Zusätze 167. 2248
          <lb/>KLINGER, Bernard: In disem büchlin findest du Wie man sich
          <lb/>hüten sol vor dem spiel... — (Strasbourg, Martin Flach
          <lb/>1520), in-40.
          <lb/>Schmidt VI, p. 33, n° 57; Panzer, Annalen I, 446.
          <lb/>2249
          <lb/>KNABENSPIEGEL (Der). Voir: WICKRAM n° 3499.
          <lb/>KNOPKEN, Andreas : In Epistolam ad Romanos... —
          <lb/>Strasbourg, Jean Knobloch 1525, in-8°.
          <lb/>Panzer, 6, 108, 708; Schmidt VII, n° 306: B U Fribourg¬
          <lb/>en-Br.
          <lb/>2250
          <lb/>KOEBEL. Voir : CRONBERG, Hartmuth n° 1461; KALENDER
          <lb/>n° 2188.
          <lb/>KOENIGSPERGER, Joh. Voir: REGIOMONTANUS.
          <lb/>KOENIGSTOCHTER von Franckreich. Voir: BÜHEL, Hans von,
          <lb/>n° 1226.
          <lb/>KOLROSE, Johann. Voir: LIEDER (zwei schöne, geistliche.
          <lb/>Ich dank dir lieber Herr) n° 2386.
          <lb/>KORNKAUF, Jacob von. Voir : WURM von Geudertheim
          <lb/>nos 3566-3568.
          <lb/>KRAEMER : Von dem Kremer Christi... — (Strasbourg,
          <lb/>Mathias Hupfuff 1510), in-4°,
          <lb/>Schmidt V, n° 81; Weller, 574. — B M Zurich.
          <lb/>2251
          <lb/>KRAFFT, Ulrich : Das ist die arch Noe... — (Strasbourg,
          <lb/>Conrad Kerner 1517, sur commande de Hans Haselberg),
          <lb/>in-40.
          <lb/>Schmidt IV, p. 28, n° 3; BN Munich, Bibl. cant. Aarau.
          <lb/>Weller 1058; Ritter: B M Strasbourg, n° 1344.
          <lb/>2252
          <lb/>285
          <lb/>10
        </p>
      </div>
    </body>
  </text>
</TEI>
