<?xml version='1.0' encoding='UTF-8'?>
<?xml-model href="https://raw.githubusercontent.com/OpenITI/tei_openiti/master/tei_openiti.rng" type="application/xml" schematypens="http://relaxng.org/ns/structure/1.0"?>
<?xml-model href="https://raw.githubusercontent.com/OpenITI/tei_openiti/master/tei_openiti.rng" type="application/xml" schematypens="http://purl.oclc.org/dsdl/schematron"?>
<TEI xmlns="http://www.tei-c.org/ns/1.0">
  <teiHeader>
    <fileDesc>
      <titleStmt>
        <title/>
      </titleStmt>
      <publicationStmt>
        <p/>
      </publicationStmt>
      <sourceDesc>
        <p/>
      </sourceDesc>
    </fileDesc>
    <profileDesc>
      <calendarDesc>
        <calendar xml:id="ah">
          <p>Anno Hegirae</p>
        </calendar>
      </calendarDesc>
    </profileDesc>
    <xenoData xml:space="preserve">
CREATED: 2024-04-11T12:18:09.001744+00:00
CREATED BY: eScriptorium vpassthistobuildcmd
IMAGE FILENAME: 20211206-002282.tif
IMAGE WIDTH: 2506
IMAGE HEIGHT: 3964
</xenoData>
  </teiHeader>
  <text>
    <body>
      <div>
        <p>
          <lb/>KEINSPECK (Künspeck), Michael : Lilium musice plane
          <lb/>Michaelis Künspeck Alexandrini... novis quibusdam
          <lb/>additamentis per J. A. A. eius discipulum pridem
          <lb/>illustratum. — Strasbourg, Mathias Hupfuff 1506, in-4°.
          <lb/>Vogeleis, p. 166 Berlin, Munich, etc.
          <lb/>2222
          <lb/>KELLER, A. : Von dem zehenden... — (Strasbourg, Jean
          <lb/>Schwan 1525), in-40.
          <lb/>Kuczynski, n° 1160; Weller 3445.
          <lb/>2223
          <lb/>KELLERMEISTEREI : Grundtlicher bericht, wie man alle Wein,
          <lb/>teutscher und wälscher landen vor allen zufällen bewaren
          <lb/>die bresthafften wider bringen, Medt, Bier, Essig,
          <lb/>kreuterwein und all andere getränck machen soll...
          <lb/>Gezogen usz den fürnemsten büchern natürlicher künsten,
          <lb/>mit solchen stucken bewerth, dergleichen im Truck
          <lb/>vorher nie auszgangen. Im jar 1536. — (Strasbourg,
          <lb/>Mathias Apiarius 1536), in-40.
          <lb/>B M Colmar; Ritter : B M Strasbourg, n° 1337. 2224
          <lb/>KENIER, Johannes : Joh. Keneri Teutsche Reimen des
          <lb/>Predigers Salomonis mit der auslegung Joan. Claij. —
          <lb/>Strasbourg 1599, in-8o.
          <lb/>Cless 2, 69; Goedeke II2, p. 171, n° 21.
          <lb/>2225
          <lb/>KERN, Mathias : Militia humana. Der Menschliche Streit...
          <lb/>In teutsche reymen transferiert. — (Strasbourg,
          <lb/>Jacques Frölich) (vers 1545), in-8°.
          <lb/>Vogeleis, p. 254 : Zurich.
          <lb/>2220
          <lb/>KERTZENMACHER, Petrus : Alchimi und Bergwerck. Wie alle
          <lb/>farben, wasser, olea, salia und alumina, da mit mann alle
          <lb/>corpora, spiritus und calces preparirt, sublimirt und
          <lb/>fixiert, gemacht sollen werden, lert das erste büch. Das
          <lb/>ander büch zeigt an, wie mann dise ding nütze, auff das
          <lb/>Sol und Luna werden môg. Und von solviren auch
          <lb/>280
        </p>
      </div>
    </body>
  </text>
</TEI>
