<?xml version='1.0' encoding='UTF-8'?>
<?xml-model href="https://raw.githubusercontent.com/OpenITI/tei_openiti/master/tei_openiti.rng" type="application/xml" schematypens="http://relaxng.org/ns/structure/1.0"?>
<?xml-model href="https://raw.githubusercontent.com/OpenITI/tei_openiti/master/tei_openiti.rng" type="application/xml" schematypens="http://purl.oclc.org/dsdl/schematron"?>
<TEI xmlns="http://www.tei-c.org/ns/1.0">
  <teiHeader>
    <fileDesc>
      <titleStmt>
        <title/>
      </titleStmt>
      <publicationStmt>
        <p/>
      </publicationStmt>
      <sourceDesc>
        <p/>
      </sourceDesc>
    </fileDesc>
    <profileDesc>
      <calendarDesc>
        <calendar xml:id="ah">
          <p>Anno Hegirae</p>
        </calendar>
      </calendarDesc>
    </profileDesc>
    <xenoData xml:space="preserve">
CREATED: 2024-04-11T12:18:04.908367+00:00
CREATED BY: eScriptorium vpassthistobuildcmd
IMAGE FILENAME: 20211206-002122.tif
IMAGE WIDTH: 2502
IMAGE HEIGHT: 3978
</xenoData>
  </teiHeader>
  <text>
    <body>
      <div>
        <p>
          <lb/>Loosbuch de Wickram. Voir : Coudre, p. 76 note en bas de
          <lb/>la pagel.
          <lb/>1395
          <lb/>CISIAN : Der Cisian zu deutsch. — Strasbourg, Jean Prüss
          <lb/>1524, placard in-fol.
          <lb/>B M Strasbourg. Ritter, Hist. de l’impr. p. 219.
          <lb/>1396
          <lb/>CLAIUS, Joh. Voir : KENIER, Joh, n° 2225.
          <lb/>CLAUDIUS, Sebastianus : Bellum musicale, inter Plani et
          <lb/>Mensuralis cantus Reges, De principatu in Musicae
          <lb/>Provincia obtinendo, contendentes... — Strasbourg,
          <lb/>Paul Machaeropaeus [Messerschmidt) 1563, in-4°.
          <lb/>Vogeleis p. 302.
          <lb/>1397
          <lb/>CLAUDIUS, Seb. : (Idem). — Strasbourg, Paul Machaeropaeus
          <lb/>(Messerschmidt] 1568, in-4°.
          <lb/>Vogeleis p. 308.
          <lb/>1398
          <lb/>CLEOPHILUS Franciscus Octavius: Elegiae. Voir: GREGORIUS
          <lb/>Tifernas, Opuscula, n° 1929.
          <lb/>CLICHTOVAEUS, Jodocus : Dogma moralium philosophorum...
          <lb/>Ex secunda recognitione. — (Strasbourg, Mathias
          <lb/>Schürer juillet 1513), in-40.
          <lb/>Panzer 6, 62, 295; Schmidt VIII, n° 106 : Bibl. Mazarine
          <lb/>Paris. (Ritter, Rép. n° 542 ; éd. Schürer juillet 1512; juillet
          <lb/>1513 est probablement confusion avec 1512l.
          <lb/>1399
          <lb/>CLICHTOVAEUS, Jodocus : In hoc opusculo continentur
          <lb/>introductiones... — Strasbourg, Jean Knobloch 21.XI.
          <lb/>1516.
          <lb/>B U Fribourg-en-Br. : D 1565 ig. (Communication de M. Rest).
          <lb/>(Clichtovaeus, Dogma moralia. Schürer 1512 : Ritter, Rép.
          <lb/>n° 542).
          <lb/>1400
          <lb/>COCCIUS, Séb. Voir: BRENTIUS, Joh, n° 1089.
          <lb/>120
        </p>
      </div>
    </body>
  </text>
</TEI>
