<?xml version='1.0' encoding='UTF-8'?>
<?xml-model href="https://raw.githubusercontent.com/OpenITI/tei_openiti/master/tei_openiti.rng" type="application/xml" schematypens="http://relaxng.org/ns/structure/1.0"?>
<?xml-model href="https://raw.githubusercontent.com/OpenITI/tei_openiti/master/tei_openiti.rng" type="application/xml" schematypens="http://purl.oclc.org/dsdl/schematron"?>
<TEI xmlns="http://www.tei-c.org/ns/1.0">
  <teiHeader>
    <fileDesc>
      <titleStmt>
        <title/>
      </titleStmt>
      <publicationStmt>
        <p/>
      </publicationStmt>
      <sourceDesc>
        <p/>
      </sourceDesc>
    </fileDesc>
    <profileDesc>
      <calendarDesc>
        <calendar xml:id="ah">
          <p>Anno Hegirae</p>
        </calendar>
      </calendarDesc>
    </profileDesc>
    <xenoData xml:space="preserve">
CREATED: 2024-04-11T12:18:01.682446+00:00
CREATED BY: eScriptorium vpassthistobuildcmd
IMAGE FILENAME: 20211206-002004.tif
IMAGE WIDTH: 2470
IMAGE HEIGHT: 3968
</xenoData>
  </teiHeader>
  <text>
    <body>
      <div>
        <p>
          <lb/>ABDRUCK auss Paris... (Idem). Gedruckt zu Strassburg im
          <lb/>Jahr 1590. — (Strasbourg après 1590), in-4°.
          <lb/>GKI1596: B U Halle.
          <lb/>726
          <lb/>ABOUL KASIM AL ZAHRAVI : Theoricae nec non Practicae
          <lb/>Liber. — Strasbourg 1532, in-4°.
          <lb/>Bibliothèque de Vopiscus Fortunatus Plempius par Tricot
          <lb/>Royer. (Recueil des Mémoires couronnés de l’Acad. Roy.
          <lb/>de médecine de Belgique, vol. XXII). Bruxelles 1925. 727
          <lb/>ABOUL KASIM AL ZAHRAVI : Albucasis. — A la suite de:
          <lb/>Priscianus Theodorus (Rerum medicarum libri tres) 2989.
          <lb/>728
          <lb/>ABRAHAM Judaeus Tortuosensis : Liber Serapionis in medi¬
          <lb/>cinis simplicibus. — (Traduct. Johannes Serapion). —
          <lb/>(Strasbourg, Georges Ulricher 1531), in-fol.
          <lb/>BN Paris Fol. Tels9 5.
          <lb/>729
          <lb/>ABREDE : unnd entlicher Vertrage zwischen den Samlungen
          <lb/>zweyer hauffen in Orttnaw vor Offenburg und zwischen
          <lb/>Bühel und Steinbach. Uffgericht zu Renchen auff
          <lb/>Ascensionis Domini A. 1525. — Strasbourg 1525, in-4°.
          <lb/>GKI, 4582: BN Berlin, BN Munich.
          <lb/>730
          <lb/>ABSCHIED des ehrwürdigen... Herrn Johann Marbachs...
          <lb/>der christlichen Kirchen zu Strassburg fürnemisten
          <lb/>Vorsteher. — Strasbourg, Th. Berger 1581, in-8°.
          <lb/>GKI, 4957: B N Berlin.
          <lb/>731
          <lb/>ABSTEMIUS, Laurentius : Hecatomythium alterum. — Stras¬
          <lb/>bourg 1522, in-8°.
          <lb/>Goedeke 12, p. 128, n° 22.
          <lb/>732
          <lb/>ACCOLTI, Benedetto : [De Bellol. Die wunderbarliche Histori
          <lb/>von der Christen Auszug under Kaiser Heinrichen den
          <lb/>vierdten zu des heiligen lands errettung. Durch Bene¬
        </p>
      </div>
    </body>
  </text>
</TEI>
