<?xml version='1.0' encoding='UTF-8'?>
<?xml-model href="https://raw.githubusercontent.com/OpenITI/tei_openiti/master/tei_openiti.rng" type="application/xml" schematypens="http://relaxng.org/ns/structure/1.0"?>
<?xml-model href="https://raw.githubusercontent.com/OpenITI/tei_openiti/master/tei_openiti.rng" type="application/xml" schematypens="http://purl.oclc.org/dsdl/schematron"?>
<TEI xmlns="http://www.tei-c.org/ns/1.0">
  <teiHeader>
    <fileDesc>
      <titleStmt>
        <title/>
      </titleStmt>
      <publicationStmt>
        <p/>
      </publicationStmt>
      <sourceDesc>
        <p/>
      </sourceDesc>
    </fileDesc>
    <profileDesc>
      <calendarDesc>
        <calendar xml:id="ah">
          <p>Anno Hegirae</p>
        </calendar>
      </calendarDesc>
    </profileDesc>
    <xenoData xml:space="preserve">
CREATED: 2024-04-11T12:18:13.361172+00:00
CREATED BY: eScriptorium vpassthistobuildcmd
IMAGE FILENAME: 20211206-002467.tif
IMAGE WIDTH: 2508
IMAGE HEIGHT: 3946
</xenoData>
  </teiHeader>
  <text>
    <body>
      <div>
        <p>
          <lb/>SECER, Johannes : Libellus... de animae praeparatione in
          <lb/>extremo laborantis deque Praedestinatione &amp;amp; Tentatione
          <lb/>fidei... (Philosophiae amatori Candido Wulphango Rappio
          <lb/>Johannitae Hagenoio Johannes Secerius Lauchensis sese
          <lb/>commendat.) — Haguenau, Thomas Anshelm, septembre
          <lb/>Is. d.), in-4°.
          <lb/>Walter, n° 2215.
          <lb/>3212
          <lb/>SECER, Joh. Voir aussi : MELANCHTHON, n° 2643.
          <lb/>SECRETBÜCHLEIN : Eyn kunstreichs Secretbüchlin. —
          <lb/>Strasbourg 1538, in-4°.
          <lb/>Graesse VI, p. 338.
          <lb/>3213
          <lb/>SECTIONES : Bibliorum phrasis sanctae... Sectiones Duae. —
          <lb/>Haguenau, J. Secer (août) 1528, in-12°.
          <lb/>Burg, n° 89.
          <lb/>3214
          <lb/>SEELENWURZGARTEN. Voir : BUCH (Seelenwurzgarten),
          <lb/>n° 1183.
          <lb/>SEGURIUS, Jac. (Pandellianus). Voir: ZEITUNG, n° 3615.
          <lb/>SEITZ, Alexander : Ein Tragedi, Das ist, ein Spile, seines
          <lb/>anfangs voller Freuden, aber mit seer leidygem ausgang.
          <lb/>Und ist Vom grossen Abentmal und den zehen Junck¬
          <lb/>frawen. Alles aus dem Evangelio gezogen... —
          <lb/>(Strasbourg, imprimerie Knobloch par Georges
          <lb/>Messerschmid 1560), in-8°.
          <lb/>Goedeke IIs, p. 390, n° 319 (a).
          <lb/>3215
          <lb/>SENDTBRIEF : so die... Maiestat jres erlangten Sygs gegen
          <lb/>dem Barbarossa im Königreich Thunis seiner Keyser¬
          <lb/>lichen Mayestat Brüder dem Römischen König, den
          <lb/>XXIII. Julii Anno M. D. XXXV auss Affrica zugeschrei¬
          <lb/>ben hat. — Strasbourg, Wendelin Rihel 3.X.1535, in-4°.
          <lb/>Walter, nos 2220/2221.
          <lb/>3216
          <lb/>465
        </p>
      </div>
    </body>
  </text>
</TEI>
