<?xml version='1.0' encoding='UTF-8'?>
<?xml-model href="https://raw.githubusercontent.com/OpenITI/tei_openiti/master/tei_openiti.rng" type="application/xml" schematypens="http://relaxng.org/ns/structure/1.0"?>
<?xml-model href="https://raw.githubusercontent.com/OpenITI/tei_openiti/master/tei_openiti.rng" type="application/xml" schematypens="http://purl.oclc.org/dsdl/schematron"?>
<TEI xmlns="http://www.tei-c.org/ns/1.0">
  <teiHeader>
    <fileDesc>
      <titleStmt>
        <title/>
      </titleStmt>
      <publicationStmt>
        <p/>
      </publicationStmt>
      <sourceDesc>
        <p/>
      </sourceDesc>
    </fileDesc>
    <profileDesc>
      <calendarDesc>
        <calendar xml:id="ah">
          <p>Anno Hegirae</p>
        </calendar>
      </calendarDesc>
    </profileDesc>
    <xenoData xml:space="preserve">
CREATED: 2024-04-11T12:18:04.354020+00:00
CREATED BY: eScriptorium vpassthistobuildcmd
IMAGE FILENAME: 20211206-002105.tif
IMAGE WIDTH: 2490
IMAGE HEIGHT: 3962
</xenoData>
  </teiHeader>
  <text>
    <body>
      <div>
        <p>
          <lb/>Walter 616; Ritter, Grand Sém. Strasbourg n° 16.GK l’a à:
          <lb/>CARLETTI.
          <lb/>1297
          <lb/>CARLETTI : (Idem). — (Strasbourg, Jean Knobloch, 20 juin
          <lb/>1515), in-fol.
          <lb/>Panzer 6, 70, 362; Schmidt VII, n° 93: B M Mayence. (Carletti;
          <lb/>Ritter, Rép. nos 61-65).
          <lb/>1298
          <lb/>CARLSTADT. Voir : KARLSTADT.
          <lb/>CARNICOLANUS, V. Chr. Voir: QUALLE, Math, n° 3057.
          <lb/>CAROLUS (Cardinal) : Erklärung und kurtzer warhaffter
          <lb/>Bericht des... Herrn Caroli... Bischoffen zu Strassburg
          <lb/>und Metz... Darinn gründtlich zu sehen, wie es mit dem
          <lb/>Strassburgischen unruwigen Wesen beschaffen, sampt
          <lb/>copeyen der Missiven zwischen Irer Hochfürstl. Gnaden
          <lb/>und der Stadt Strassburg vom 10. Junii bis auff den
          <lb/>10. Julii ergangen. — [Strasbourg) 1592, in-4°.
          <lb/>Ritter: B M Strasbourg, n° 689.
          <lb/>1299
          <lb/>CAROLUS V. Voir: KARL V.
          <lb/>CARPI — BERENGARIO, Jacobo n° 976.
          <lb/>CARRICHTER, Bartholomaeus: Practica auss den fürnemesten
          <lb/>Secretis... (éd. Michael Toxites). — Strasbourg, Antoine
          <lb/>Bertram 1589, in-80. [Attribué aussi à Pegius, Martinl.
          <lb/>B. N. Paris; Te 130.15. (Ritter, Rép, n° 463 ; éd.
          <lb/>Strasbourg, Ant. Bertram 1590l.
          <lb/>1300
          <lb/>CASIMIR, Johann (Pfalzgraf). Voir: CONTRAFEIT des Herrn
          <lb/>Casimir n° 1437. ZEITUNG (Franckreichische) n° 3608.
          <lb/>CASSIANUS, Bassus : Der Feldbau oder das Buch von der
          <lb/>Feldarbeit. Vor tausent Jaren von Keyser Constan¬
          <lb/>tino IIII in Griech, sprach beschriben und durch
          <lb/>103
        </p>
      </div>
    </body>
  </text>
</TEI>
