<?xml version='1.0' encoding='UTF-8'?>
<?xml-model href="https://raw.githubusercontent.com/OpenITI/tei_openiti/master/tei_openiti.rng" type="application/xml" schematypens="http://relaxng.org/ns/structure/1.0"?>
<?xml-model href="https://raw.githubusercontent.com/OpenITI/tei_openiti/master/tei_openiti.rng" type="application/xml" schematypens="http://purl.oclc.org/dsdl/schematron"?>
<TEI xmlns="http://www.tei-c.org/ns/1.0">
  <teiHeader>
    <fileDesc>
      <titleStmt>
        <title/>
      </titleStmt>
      <publicationStmt>
        <p/>
      </publicationStmt>
      <sourceDesc>
        <p/>
      </sourceDesc>
    </fileDesc>
    <profileDesc>
      <calendarDesc>
        <calendar xml:id="ah">
          <p>Anno Hegirae</p>
        </calendar>
      </calendarDesc>
    </profileDesc>
    <xenoData xml:space="preserve">
CREATED: 2024-04-11T12:18:10.325974+00:00
CREATED BY: eScriptorium vpassthistobuildcmd
IMAGE FILENAME: 20211206-002334.tif
IMAGE WIDTH: 2536
IMAGE HEIGHT: 3964
</xenoData>
  </teiHeader>
  <text>
    <body>
      <div>
        <p>
          <lb/>LUTHER (Freiheit eines Christenmenschen) : Von der Freiheit
          <lb/>eines Christenmenschen. — [Strasbourg, Jean Knobloch
          <lb/>1521), in-4°.
          <lb/>Burg, n° 258, l’attribue à Th. Anselm 1521 : « suivant une note
          <lb/>de Hanauer que l’exemplaire de Munich porte un explicit
          <lb/>avec le nom de Thomas Anshelm et la date de janvier 1521».
          <lb/>L’encadrement est de J. Knobloch; Braune, Neudrucke,
          <lb/>fasc. 18, p. VII : E.
          <lb/>2502
          <lb/>LUTHER (Freiheit eines Christenmenschen) : Von der Freyheit
          <lb/>Aines Christen menschen. — [Strasbourg, Jean Prüss
          <lb/>1521), in-4°.
          <lb/>Schmidt III, p. 37, n° 28 : Bibl. St. Guillaume, Strasbourg.
          <lb/>(Confond probablement avec l’éd. de J. Knobloch n° 2502;
          <lb/>ne figure pas chez Braune, Neudruckel.
          <lb/>2503
          <lb/>LUTHER (Fürhalten zu Worms) : Uf das Fürhalten so durch
          <lb/>K. Maiestat... dem Martin Luther durch den Reichs
          <lb/>Redner zu Wormbs erzelt. — [Strasbourg, Jean Knobloch
          <lb/>1521), in-4°.
          <lb/>Dommer, n° 227; Horning, n° 25.
          <lb/>2504
          <lb/>LUTHER (Fürhalten zu Worms) : Uf das Fürhalten... (idem).
          <lb/>— [Strasbourg, Jean Prüss 1521), in-40.
          <lb/>Dommer, n° 228 : « Zwei einander ganz ähnliche Drucke,
          <lb/>aber aus verschiedenen Offizinen: n° 227 (Panzer 1163) von
          <lb/>Joh. Knobloch, während, n° 228 schon von Weller (n° 1822)
          <lb/>dem Johann Prüss wohl mit Recht zugeschrieben worden ist.
          <lb/>Ihren Inhalt bilden Luthers grosse Rede. Ecks Entgegnung
          <lb/>und Luthers Antwort».
          <lb/>2505
          <lb/>LUTHER (Genesis) : In Genesin Mosi librum sanctissimum,
          <lb/>D. Martini Lutheri Declamationes. — Haguenau,
          <lb/>J. Secer (août) 1527, in-8°.
          <lb/>Burg, n° 264.
          <lb/>2506
          <lb/>LUTHER (Habacuc) : Habacuc Propheta cum annotationibus
          <lb/>332
        </p>
      </div>
    </body>
  </text>
</TEI>
