<?xml version='1.0' encoding='UTF-8'?>
<?xml-model href="https://raw.githubusercontent.com/OpenITI/tei_openiti/master/tei_openiti.rng" type="application/xml" schematypens="http://relaxng.org/ns/structure/1.0"?>
<?xml-model href="https://raw.githubusercontent.com/OpenITI/tei_openiti/master/tei_openiti.rng" type="application/xml" schematypens="http://purl.oclc.org/dsdl/schematron"?>
<TEI xmlns="http://www.tei-c.org/ns/1.0">
  <teiHeader>
    <fileDesc>
      <titleStmt>
        <title/>
      </titleStmt>
      <publicationStmt>
        <p/>
      </publicationStmt>
      <sourceDesc>
        <p/>
      </sourceDesc>
    </fileDesc>
    <profileDesc>
      <calendarDesc>
        <calendar xml:id="ah">
          <p>Anno Hegirae</p>
        </calendar>
      </calendarDesc>
    </profileDesc>
    <xenoData xml:space="preserve">
CREATED: 2024-04-11T12:18:07.868229+00:00
CREATED BY: eScriptorium vpassthistobuildcmd
IMAGE FILENAME: 20211206-002246.tif
IMAGE WIDTH: 2502
IMAGE HEIGHT: 3970
</xenoData>
  </teiHeader>
  <text>
    <body>
      <div>
        <p>
          <lb/>HOLZKUNST. Voir: VERZEICHNIS n° 3404.
          <lb/>HOLTZMANN, Ulrich. Voir : LIED (ein neues, von den Prädi¬
          <lb/>kanten der Stadt Augsburg) n° 2330.
          <lb/>HOLTZWART, Mathias : Emblematum Tyrocinia: Sive Picta
          <lb/>Poesis Latina Germanica. Das ist, Eingeblümte Zier¬
          <lb/>werck, oder Gemälpoesie... Sampt eyner Vorred Fischarts
          <lb/>von Ursprung, Gebrauch und Nutz der Emblematen.
          <lb/>Nun erstmals in Truck kommen. — Strasbourg, Bernard
          <lb/>Jobin 1581, in-8° [éd. par Fischart).
          <lb/>Goedeke II3, p. 484, n° III (2); Graesse III, p. 325; Hauffen:
          <lb/>Fischarts Werke I, p. LXV et éd. p. 387-390. [Voir aussi:
          <lb/>Ritter, Rép. n° 1184. Lustgart Newer deutscher Poëteri.
          <lb/>Strasbourg, J. Rihel 1568).
          <lb/>2039
          <lb/>HOMERUS : Iliados Libri aliquot, partim versi a Nicolao Valla,
          <lb/>partim a Vincentio Obsopœo. Homeriacae Iliados summa
          <lb/>Latinis expressa Versiculis Pindaro Thebano Authore. —
          <lb/>Haguenau, J. Secer 1531, in-8°.
          <lb/>Burg, n° 228.
          <lb/>2040
          <lb/>HOMERUS. Voir : HERODOTUS n° 1995; XÉNOPHON n° 3572.
          <lb/>(Voir aussi sur Homer : RITTER, Rép, nos 1185-11991.
          <lb/>HOPPENROD, Andreas : Das Gulden Kalb. Ein Spil ausz
          <lb/>der Historia des zwey und dreissigsten Capitels im
          <lb/>Anderen Buch Mose, Reimen weiss gefasset. —
          <lb/>Strasbourg, Samuel Emmel 1563, in-8°.
          <lb/>Goedeke II2, p. 363, n° 163; Vogeleis, p. 301. Graesse III,
          <lb/>p. 346. (Voir aussi de Hoppenrod : Ritter, Rép, n° 1200;
          <lb/>Stammbuch. Strasbourg, J. Rihel 1570).
          <lb/>2041
          <lb/>HORAE in laudem beatissimae Virginis secundum consue¬
          <lb/>tudinem Romanae Curiae. Septem Psalmi poenitentiales
          <lb/>cum litaniis &amp;amp; orationibus. Sacrificium in laudem
          <lb/>sanctiss. Virginis. — (Haguenau, Th. Anshelm, août
          <lb/>1518), in-160.
          <lb/>Burg, n° 229.
          <lb/>2042
          <lb/>244
        </p>
      </div>
    </body>
  </text>
</TEI>
