<?xml version='1.0' encoding='UTF-8'?>
<?xml-model href="https://raw.githubusercontent.com/OpenITI/tei_openiti/master/tei_openiti.rng" type="application/xml" schematypens="http://relaxng.org/ns/structure/1.0"?>
<?xml-model href="https://raw.githubusercontent.com/OpenITI/tei_openiti/master/tei_openiti.rng" type="application/xml" schematypens="http://purl.oclc.org/dsdl/schematron"?>
<TEI xmlns="http://www.tei-c.org/ns/1.0">
  <teiHeader>
    <fileDesc>
      <titleStmt>
        <title/>
      </titleStmt>
      <publicationStmt>
        <p/>
      </publicationStmt>
      <sourceDesc>
        <p/>
      </sourceDesc>
    </fileDesc>
    <profileDesc>
      <calendarDesc>
        <calendar xml:id="ah">
          <p>Anno Hegirae</p>
        </calendar>
      </calendarDesc>
    </profileDesc>
    <xenoData xml:space="preserve">
CREATED: 2024-04-11T12:18:01.663014+00:00
CREATED BY: eScriptorium vpassthistobuildcmd
IMAGE FILENAME: 20211206-002003.tif
IMAGE WIDTH: 2470
IMAGE HEIGHT: 3968
</xenoData>
  </teiHeader>
  <text>
    <body>
      <div>
        <p>
          <lb/>ABBAS Urspergensis. Voir : Burchardus.
          <lb/>ABBILDUNG : Warhaffte eigentliche Abbildung des wunder¬
          <lb/>baren schönen Weizenstocks von LXXII halmen ges¬
          <lb/>taltet. — Strasbourg, Th. Berger 1563, Placard, in-fol.
          <lb/>Bibl. Centrale Zurich. Goedeke II2 p. 312, n° 302 (h). 720
          <lb/>ABC : Ein jeder Schüler Christi sol, Disz ABC gantz lernen
          <lb/>wol.... ABC. — (Strasbourg, Th. Berger vers 1560-62),
          <lb/>in-8°.
          <lb/>Heitz p. 11.
          <lb/>721
          <lb/>ABC: ou instruction des chrétiens. Avec l’exercice d’oraison
          <lb/>et tout ce qui est requis pour un commencement. —
          <lb/>Strasbourg, Nic. Wyriot 1568, in-8°.
          <lb/>GKI, 1092: B U Breslau.
          <lb/>722
          <lb/>ABCONTREFACTUR : dreyer [...! steinen, die in einem wasser
          <lb/>Thösz genant nit weit von einem stettle Winterthur
          <lb/>fliessende... gefunden worden sind. — Strasbourg, Augus¬
          <lb/>tin Friess (1556), placard in-4°.
          <lb/>Fehr p. 44-45; Haller I, n° 1792, Lykosthenes p. 658; Bibl.
          <lb/>Centrale Zurich.
          <lb/>723
          <lb/>ABCONTREFEITUNG des Karl Mieg, alten Ammeisters zu
          <lb/>Strassburg (— 14 mars 1572). — Strasbourg, Bernard
          <lb/>Jobin (1572], 1 f. in-fol.
          <lb/>Schottenloher 15664.
          <lb/>724
          <lb/>ABDRUCK auss Pariss, nemlich zweierlei schreiben, erstlich
          <lb/>von eines catholischen Edelmannes Klagschrifft uber das
          <lb/>elend in Paris an seinen guten Freund das ander aus dem
          <lb/>Leger von Pariss, den 8. August Anno 1590 an etliche
          <lb/>Herren in Holland... Aus dem Frantz, in Deutsch trans¬
          <lb/>feriert. — (Strasbourg) 1590, in-4°.
          <lb/>GKI 1595 BN Vienne.
          <lb/>725
        </p>
      </div>
    </body>
  </text>
</TEI>
