<?xml version='1.0' encoding='UTF-8'?>
<?xml-model href="https://raw.githubusercontent.com/OpenITI/tei_openiti/master/tei_openiti.rng" type="application/xml" schematypens="http://relaxng.org/ns/structure/1.0"?>
<?xml-model href="https://raw.githubusercontent.com/OpenITI/tei_openiti/master/tei_openiti.rng" type="application/xml" schematypens="http://purl.oclc.org/dsdl/schematron"?>
<TEI xmlns="http://www.tei-c.org/ns/1.0">
  <teiHeader>
    <fileDesc>
      <titleStmt>
        <title/>
      </titleStmt>
      <publicationStmt>
        <p/>
      </publicationStmt>
      <sourceDesc>
        <p/>
      </sourceDesc>
    </fileDesc>
    <profileDesc>
      <calendarDesc>
        <calendar xml:id="ah">
          <p>Anno Hegirae</p>
        </calendar>
      </calendarDesc>
    </profileDesc>
    <xenoData xml:space="preserve">
CREATED: 2024-04-11T12:18:13.388398+00:00
CREATED BY: eScriptorium vpassthistobuildcmd
IMAGE FILENAME: 20211206-002469.tif
IMAGE WIDTH: 2510
IMAGE HEIGHT: 3944
</xenoData>
  </teiHeader>
  <text>
    <body>
      <div>
        <p>
          <lb/>SESELLIUS (Seysel), Claudius : Claudii Sesellii, Viri Patricij,
          <lb/>de Republica Galliae &amp;amp; regum officiis, Libri duo. Joanne
          <lb/>Sleidano, Interprete. Adiecta est summa doctrinae
          <lb/>Platonis, de Repub. &amp;amp; Legibus. (Marque typ. de Josias
          <lb/>Rihel). — Argentorati (Excudebat Josias Rihelius,
          <lb/>Anno) M.D.LXII. (1562), in-8°. [Préface de Jean Sleidan
          <lb/>du mois de juin 1548).
          <lb/>Bibl. S. Guillaume, Strasbourg; Ritter : B M Strasbourg,
          <lb/>n° 1913.
          <lb/>3222
          <lb/>SIBER, Adam : Ludus litterarum apud Chemnicium Misniae,
          <lb/>qua ratione administretur. Item praecepta morum ac
          <lb/>vitae Isocratis ad Demonicum cum interpretatione
          <lb/>Andreae Sidelli. — Strasbourg, Blaise Fabricius 1555.
          <lb/>Ritter : Hist. Impr. app. n° 266.
          <lb/>3223
          <lb/>SIBER, Adam : (Idem). — Strasbourg, Paul Machaeropaeus
          <lb/>Messerschmidt) 1559.
          <lb/>Ritter : Hist. Impr. app. n° 266.
          <lb/>3224
          <lb/>SICHARDUS. Voir : HERTZOG, Samson, n° 2002.
          <lb/>SIDEL, Andreas : Praecepta morum ac vitae Isocratis ad
          <lb/>Demonicum... — Strasbourg, Blaise Fabricius 1555.
          <lb/>(Avec SIBER, Adam, Christianae cantiones, 1555).
          <lb/>Ritter : Hist. Impr. app. n° 266.
          <lb/>3225
          <lb/>SIDEL, Andreas : (Idem). — Strasbourg, Paul Machaero¬
          <lb/>paeus (Messerschmidt) 1559.
          <lb/>Ritter : Hist. Impr. app. n° 266.
          <lb/>3226
          <lb/>SIDEL, Andreas. Voir aussi : SIBeR, Adam, n° 3223.
          <lb/>SIEGFRIED (der Hürnen) : Der Hürnen Seyfrid. (H)Jerin
          <lb/>findet man ein schönes lied Von dem Hürnen Seyfrid...
          <lb/>(grav.) M.D.LXIII. — [Strasbourg, Th. Berger] 1563,
          <lb/>in-80
          <lb/>Heitz, p. 76; « nirgends verzeichnet ».
          <lb/>3227
          <lb/>467
        </p>
      </div>
    </body>
  </text>
</TEI>
