<?xml version='1.0' encoding='UTF-8'?>
<?xml-model href="https://raw.githubusercontent.com/OpenITI/tei_openiti/master/tei_openiti.rng" type="application/xml" schematypens="http://relaxng.org/ns/structure/1.0"?>
<?xml-model href="https://raw.githubusercontent.com/OpenITI/tei_openiti/master/tei_openiti.rng" type="application/xml" schematypens="http://purl.oclc.org/dsdl/schematron"?>
<TEI xmlns="http://www.tei-c.org/ns/1.0">
  <teiHeader>
    <fileDesc>
      <titleStmt>
        <title/>
      </titleStmt>
      <publicationStmt>
        <p/>
      </publicationStmt>
      <sourceDesc>
        <p/>
      </sourceDesc>
    </fileDesc>
    <profileDesc>
      <calendarDesc>
        <calendar xml:id="ah">
          <p>Anno Hegirae</p>
        </calendar>
      </calendarDesc>
    </profileDesc>
    <xenoData xml:space="preserve">
CREATED: 2024-04-11T12:18:12.498814+00:00
CREATED BY: eScriptorium vpassthistobuildcmd
IMAGE FILENAME: 20211206-002430.tif
IMAGE WIDTH: 2498
IMAGE HEIGHT: 3982
</xenoData>
  </teiHeader>
  <text>
    <body>
      <div>
        <p>
          <lb/>D. Mart. Luther... — Strasbourg, Antoine Bertram
          <lb/>1587, in-24°.
          <lb/>Wackernagel I, p. 545.
          <lb/>3026
          <lb/>PSALMEN : Geistliche Lieder und Kirchengesänge... —
          <lb/>Strasbourg, Bernard Jobin 1589, in-8°.
          <lb/>Vogeleis, p. 324. [Une éd. de Th. Rihel 1589 : Ritter, Rép
          <lb/>n° 1940).
          <lb/>3027
          <lb/>PSALMEN. Voir aussi: GESANGBÜCHLEIN von Psalmen,
          <lb/>nos 1888 et suiv.; LOBWASSER, nos 2412, et suiv.;
          <lb/>WOLKENSTEIN, Dav, nos 3554 et suiv.
          <lb/>PSALMENBÜCHLEIN : Das Gemainst Wolbekömmlichst
          <lb/>Psalmenbüchlin von den gepräuchlichsten Kirchenge¬
          <lb/>sängen, Psalmen und Lidern. Nun erstmals solcher
          <lb/>gestalt zu dinst dem gemainen Man an [sans] Noten
          <lb/>mit gröserer und läslicher [lisible) Schrift... in truck
          <lb/>gefärtiget. Jnn Strasburg durch Bernhart Jobin. Anno
          <lb/>1.5.77, in-12°. (Avec préface de Jobin).
          <lb/>Hauffen, Fischart-Studien dans : Euphorion VII, p. 62 et
          <lb/>suiv. : « Aus Katalogen nennt Meusebach (Wendeler 228)
          <lb/>spätere Drucke Jobinscher Gesangbücher, die aber noch nicht
          <lb/>zum Vorschein gekommen sind » (p. 64, note 1).
          <lb/>3028
          <lb/>PSALMI : Psalmi omnium selectissimi... Latino carmine
          <lb/>redditi per Doctiss. viros D. Hermannum Novae Aquilae
          <lb/>Comitem, Philippum Melanchthonem, Helium Eobanum
          <lb/>Hessum, Jacobum Micyllum, Vincentium Obsopœum,
          <lb/>Petrum Pherntorphium. — (Haguenau), J. Secer, février
          <lb/>1532, in-80.
          <lb/>Burg, n° 392.
          <lb/>3029
          <lb/>PSALMI : Libri Psalmorum cum translationibus et para¬
          <lb/>phrasibus duabus... Interpretes sunt. Autor editionis
          <lb/>vulgatae D. Hieronymus Felix Pratensis. Seb. Monsterus.
          <lb/>Paraphrastae. Autor Chaldaeus. Johannes Campensis. —
          <lb/>428
        </p>
      </div>
    </body>
  </text>
</TEI>
