<?xml version='1.0' encoding='UTF-8'?>
<?xml-model href="https://raw.githubusercontent.com/OpenITI/tei_openiti/master/tei_openiti.rng" type="application/xml" schematypens="http://relaxng.org/ns/structure/1.0"?>
<?xml-model href="https://raw.githubusercontent.com/OpenITI/tei_openiti/master/tei_openiti.rng" type="application/xml" schematypens="http://purl.oclc.org/dsdl/schematron"?>
<TEI xmlns="http://www.tei-c.org/ns/1.0">
  <teiHeader>
    <fileDesc>
      <titleStmt>
        <title/>
      </titleStmt>
      <publicationStmt>
        <p/>
      </publicationStmt>
      <sourceDesc>
        <p/>
      </sourceDesc>
    </fileDesc>
    <profileDesc>
      <calendarDesc>
        <calendar xml:id="ah">
          <p>Anno Hegirae</p>
        </calendar>
      </calendarDesc>
    </profileDesc>
    <xenoData xml:space="preserve">
CREATED: 2024-04-11T12:18:10.276695+00:00
CREATED BY: eScriptorium vpassthistobuildcmd
IMAGE FILENAME: 20211206-002331.tif
IMAGE WIDTH: 2516
IMAGE HEIGHT: 3958
</xenoData>
  </teiHeader>
  <text>
    <body>
      <div>
        <p>
          <lb/>LUTHER (Kaiserl. Edikt) : Auff das Vermeint Keiserlich
          <lb/>Edict. Auszgangen im M. D.xxxi. iare, nach dem Reichs-
          <lb/>tage des M.D.XXX. iars. Glosa D. Martin Luthers. —
          <lb/>(Strasbourg, Jean Prüss] 1531, in-4°.
          <lb/>Horning, n° 138; Schmidt III, p. 40, n° 42 (avec encadrement
          <lb/>de Prüss) : Bibl. St. Guillaume, Strasbourg.
          <lb/>2486
          <lb/>LUTHER (An Emser) : D. Martin Luthers uff Bock Emszers
          <lb/>erste antwort... — (Strasbourg, J. Schott 1521), in-4°.
          <lb/>Horning, n° 28; Schmidt II, n° 64; Weller 1827. — Bâle;
          <lb/>Enders, Luther u. Emser (Neudrucke des XVI u. XVII,
          <lb/>Jahrh., fasc. 96-981 p. v.
          <lb/>2487
          <lb/>LUTHER, Martin (Enarrationes): Primus tomus Enarrationum
          <lb/>in Epistolas &amp;amp; Evangelia, ut vulgo vocant, lectiones
          <lb/>illas quae in Missa festis diebus ex historijs Evangelicis
          <lb/>&amp;amp; scriptis Apostolicis solent recitari. Authore Martino
          <lb/>Luthero. Opus optimae frugis, latinis hactenus incogni¬
          <lb/>tum. Tomus II : mars 1525; III mars 1526; IV juillet
          <lb/>1526. — (Strasbourg, Jean Herwagen I : 1 février 1525),
          <lb/>in-8° [éd. Martin Bucer).
          <lb/>Mentz, n° 9.
          <lb/>2488
          <lb/>LUTHER (Enarrationes) : Enarrationes in Epistolas et
          <lb/>Evangelia (tome III et IV). — Strasbourg, Jean
          <lb/>Herwagen 1526, in-80.
          <lb/>Beaulieux, p. 192, n° 1068; Horning, n° 110.
          <lb/>2489
          <lb/>LUTHER (Enarrationes, en allemand) : Auszlegunge der
          <lb/>Episteln und Evangelien... — (Strasbourg, Jean
          <lb/>Knobloch, décembre 1525), in-fol.
          <lb/>Horning, n° 106; Schmidt VII, n° 299; B M Francfort;
          <lb/>Weller 3486 [éd. Colmar, A. Farkall 1523 : Ritter, Rép.
          <lb/>n° 1420l.
          <lb/>2490
          <lb/>LUTHER (Enchiridion) : Enchiridion geistlicher gesenge, so
          <lb/>man yetzt (Gott zu lob) yn den Kirchen syngt. Gezogen
          <lb/>329
        </p>
      </div>
    </body>
  </text>
</TEI>
