<?xml version='1.0' encoding='UTF-8'?>
<?xml-model href="https://raw.githubusercontent.com/OpenITI/tei_openiti/master/tei_openiti.rng" type="application/xml" schematypens="http://relaxng.org/ns/structure/1.0"?>
<?xml-model href="https://raw.githubusercontent.com/OpenITI/tei_openiti/master/tei_openiti.rng" type="application/xml" schematypens="http://purl.oclc.org/dsdl/schematron"?>
<TEI xmlns="http://www.tei-c.org/ns/1.0">
  <teiHeader>
    <fileDesc>
      <titleStmt>
        <title/>
      </titleStmt>
      <publicationStmt>
        <p/>
      </publicationStmt>
      <sourceDesc>
        <p/>
      </sourceDesc>
    </fileDesc>
    <profileDesc>
      <calendarDesc>
        <calendar xml:id="ah">
          <p>Anno Hegirae</p>
        </calendar>
      </calendarDesc>
    </profileDesc>
    <xenoData xml:space="preserve">
CREATED: 2024-04-11T12:18:02.985716+00:00
CREATED BY: eScriptorium vpassthistobuildcmd
IMAGE FILENAME: 20211206-002053.tif
IMAGE WIDTH: 2506
IMAGE HEIGHT: 3924
</xenoData>
  </teiHeader>
  <text>
    <body>
      <div>
        <p>
          <lb/>BIBLIA aurea. Voir : RAMPEGOLLUS, Antonius de.
          <lb/>BIDERMANN, Nic. Voir: KALENDER der Strassburger
          <lb/>Domherren n° 2197.
          <lb/>BIEL, Gabriel : Sermo historialis passionis dominicae. —
          <lb/>Haguenau, (Henri Gran) s. d., in-4°.
          <lb/>Hain 3186; GW IV, colonne 201 : « Wegen des Vorkommens
          <lb/>der Type 12, 16. Jahrhundert, vermutlich 1510».
          <lb/>1007
          <lb/>BIEL, Gabriel : Sermo seu potius tractatus notabilis... domi¬
          <lb/>nicae passionis... — [Haguenau), Henri Gran pour
          <lb/>Rynman 1520, in-80.
          <lb/>BN Paris : Rés. D. 6554 (2).
          <lb/>1008
          <lb/>BIEL, Gabriel : Sermones Gabrielis Biel, Spirensis, De festivi¬
          <lb/>tatibus gloriosae Virginis Mariae... — (Haguenau,
          <lb/>H. Gran 1510), in-4°.
          <lb/>BNParis: Rés. D. 6551; Burg n° 91.
          <lb/>1009
          <lb/>BIEL, Gabriel. Voir aussi: RITTER, Rép, nos 201-204.
          <lb/>BIETHENUS, Jacobus : Sermones de tempore et de sanctis
          <lb/>(éd. par J. Geiler). — Strasbourg, Jean Grüninger 24.III.
          <lb/>1514, in-fol.
          <lb/>BN Paris : Rés. D. 3449; Schmidt I, 135.
          <lb/>1010
          <lb/>BIGUS, Ludovicus Pictorius : Opusculum Christianorum
          <lb/>libri tres... — Strasbourg, (Mathias Schürer) 27.1.1519,
          <lb/>in-4°. (Avec préface de Beatus Rhenanus).
          <lb/>Schmidt VIII, 11 (sous Pictorius, le GW l’a sous Bigus);
          <lb/>Walter 791. [Ritter, Rép, n° 1868; éd. Schürer février 1509).
          <lb/>1011
          <lb/>BILD : Das einigerlei Bild bei den Gotgläubigen, an orten da
          <lb/>sie verehrt, nit mögen geduldet werden, helle anzeyg,
          <lb/>ausz Göttlicher Schrifft, der alten heili. Vätter leer, und
          <lb/>beschlusz etlicher Concilien, Mit auszweisung, ausz wasz
          <lb/>51
        </p>
      </div>
    </body>
  </text>
</TEI>
