<?xml version='1.0' encoding='UTF-8'?>
<?xml-model href="https://raw.githubusercontent.com/OpenITI/tei_openiti/master/tei_openiti.rng" type="application/xml" schematypens="http://relaxng.org/ns/structure/1.0"?>
<?xml-model href="https://raw.githubusercontent.com/OpenITI/tei_openiti/master/tei_openiti.rng" type="application/xml" schematypens="http://purl.oclc.org/dsdl/schematron"?>
<TEI xmlns="http://www.tei-c.org/ns/1.0">
  <teiHeader>
    <fileDesc>
      <titleStmt>
        <title/>
      </titleStmt>
      <publicationStmt>
        <p/>
      </publicationStmt>
      <sourceDesc>
        <p/>
      </sourceDesc>
    </fileDesc>
    <profileDesc>
      <calendarDesc>
        <calendar xml:id="ah">
          <p>Anno Hegirae</p>
        </calendar>
      </calendarDesc>
    </profileDesc>
    <xenoData xml:space="preserve">
CREATED: 2024-04-11T12:18:13.561935+00:00
CREATED BY: eScriptorium vpassthistobuildcmd
IMAGE FILENAME: 20211206-002482.tif
IMAGE WIDTH: 2476
IMAGE HEIGHT: 3986
</xenoData>
  </teiHeader>
  <text>
    <body>
      <div>
        <p>
          <lb/>STURM, Joh. : (Idem). — Strasbourg (Paul Messerschmidt
          <lb/>1559), in-8°.
          <lb/>Ritter: B M Strasbourg, n° 1997.
          <lb/>3287
          <lb/>STURM, Joh. : In partitiones oratorias Ciceronis, Dialogi duo.
          <lb/>M.D.L.X. (sic). — (Strasbourg, Crato Mylius, janvier
          <lb/>1540), in-8°.
          <lb/>Ritter : B M Strasbourg, n° 1992; [une éd. Crato Mylius
          <lb/>1539 : Ritter, Rép. 2201).
          <lb/>3288
          <lb/>STURM, Joh. : De ratione interrogandi atque collocandi
          <lb/>dialectices. A la suite de : PLATO, Georgicas (n° 2936). —
          <lb/>Strasbourg, Wendelin Rihel 1541, in-4°.
          <lb/>3289
          <lb/>STURM, Joh. : Ad Werteros fratres, Nobilitas literata Liber
          <lb/>unus. — Strasbourg 1556 (per Rihelios fratres 1557),
          <lb/>in-80.
          <lb/>[Une éd. W. Rihel 1549 : Ritter, Rép. n° 2206].
          <lb/>3290
          <lb/>STURM, Joh. : Classicarum epistolarum Lib. III. Sive scholae
          <lb/>Argentinensis restitutae. — Strasbourg, Josias Rihel
          <lb/>1565, in-80.
          <lb/>(B N Strasbourg : Ritter, Rép. n° 2213l.
          <lb/>3291
          <lb/>STURM, Joh. : Classicarum epistolarum lib. III. Sive scholae
          <lb/>Argentinensis restitutae. — Strasbourg, Josias Rihel
          <lb/>1573, in-8°.
          <lb/>Ritter : B M Strasbourg, no 2007.
          <lb/>3292
          <lb/>STURM, Johannes : Poeticum Quintum volumen. Cum lemma¬
          <lb/>tibus Joannis Sturmii secundae curiae scholarum Argen¬
          <lb/>tinensium... M.D.LXXV. — (Strasbourg, Josias Rihel)
          <lb/>1575, in-80.
          <lb/>Ritter: B M Strasbourg, n° 2009; [une éd. Josias Rihel
          <lb/>1588 : Ritter, Rép. n° 2240).
          <lb/>3293
          <lb/>480
        </p>
      </div>
    </body>
  </text>
</TEI>
