<?xml version='1.0' encoding='UTF-8'?>
<?xml-model href="https://raw.githubusercontent.com/OpenITI/tei_openiti/master/tei_openiti.rng" type="application/xml" schematypens="http://relaxng.org/ns/structure/1.0"?>
<?xml-model href="https://raw.githubusercontent.com/OpenITI/tei_openiti/master/tei_openiti.rng" type="application/xml" schematypens="http://purl.oclc.org/dsdl/schematron"?>
<TEI xmlns="http://www.tei-c.org/ns/1.0">
  <teiHeader>
    <fileDesc>
      <titleStmt>
        <title/>
      </titleStmt>
      <publicationStmt>
        <p/>
      </publicationStmt>
      <sourceDesc>
        <p/>
      </sourceDesc>
    </fileDesc>
    <profileDesc>
      <calendarDesc>
        <calendar xml:id="ah">
          <p>Anno Hegirae</p>
        </calendar>
      </calendarDesc>
    </profileDesc>
    <xenoData xml:space="preserve">
CREATED: 2024-04-11T12:18:02.474755+00:00
CREATED BY: eScriptorium vpassthistobuildcmd
IMAGE FILENAME: 20211206-002037.tif
IMAGE WIDTH: 2500
IMAGE HEIGHT: 3968
</xenoData>
  </teiHeader>
  <text>
    <body>
      <div>
        <p>
          <lb/>BAPTISTA, Mantuanus (Georgius) : (Idem). — ((Strasbourg,
          <lb/>Mathias Schürer 15101, in-8°.
          <lb/>917
          <lb/>GKXI, n° 249 : B N Munich, Vienne, etc.
          <lb/>BAPTISTA Mantuanus (Opus) : Opus insigne de mundi calami¬
          <lb/>tatibus... — (Strasbourg, Jean Knobloch 1515), in-8°.
          <lb/>GKXI, 212; Schmidt VII, 98: B U Fribourg. B N Berlin,
          <lb/>918
          <lb/>Munich, etc.
          <lb/>BAPTISTA, Mantuanus : (Parthenice) : Parthenice tertia,
          <lb/>divarum Margaritae, Agathes... agones continens. —
          <lb/>(Strasbourg, Jean Knobloch 1515), in-8° [éd. Jodocus
          <lb/>Badius Ascensiusl.
          <lb/>919
          <lb/>GKXI, 356: B N Berlin, Munich, Vienne etc.
          <lb/>BAPTISTA, Mantuanus (Contra poetas). Contra poetas
          <lb/>impudice loquentes carmen. — (Strasbourg, Jean Schott
          <lb/>1502), in-80.
          <lb/>920
          <lb/>GKXI, 385: BN Berlin, Vienne, etc.
          <lb/>BAPTISTA, Mantuanus (Vita beata) : De vita beata libellus. —
          <lb/>Strasbourg, Jean Prüss 1504, in-4°.
          <lb/>t
          <lb/>921
          <lb/>Walter n° 1816.
          <lb/>BAPTISTA, Mantuanus : De vita beata libellus. — (Strasbourgl,
          <lb/>(Jean Prüss 1507), in-8°.
          <lb/>922
          <lb/>GKXI, 404: BN Munich, Vienne, etc.
          <lb/>BAPTISTA, Mantuanus. Voir aussi : RITTER, Rép, nos 127-150.
          <lb/>BAPTISTA de Salis : Summa roselle de casibus conscientie:
          <lb/>cum novellis quibusdam doctorum recentiorum decisioni¬
          <lb/>bus. — (Strasbourg, Jean Knobloch 1516), in-4°.
          <lb/>923
          <lb/>GKI1.422; B N Berlin, Munich, Vienne, etc.
          <lb/>BARBARO, Francesco: De Re uxoria libri duo. — (Haguenau,
          <lb/>Jean Secer 1533), in-8°.
          <lb/>35
        </p>
      </div>
    </body>
  </text>
</TEI>
