<?xml version='1.0' encoding='UTF-8'?>
<?xml-model href="https://raw.githubusercontent.com/OpenITI/tei_openiti/master/tei_openiti.rng" type="application/xml" schematypens="http://relaxng.org/ns/structure/1.0"?>
<?xml-model href="https://raw.githubusercontent.com/OpenITI/tei_openiti/master/tei_openiti.rng" type="application/xml" schematypens="http://purl.oclc.org/dsdl/schematron"?>
<TEI xmlns="http://www.tei-c.org/ns/1.0">
  <teiHeader>
    <fileDesc>
      <titleStmt>
        <title/>
      </titleStmt>
      <publicationStmt>
        <p/>
      </publicationStmt>
      <sourceDesc>
        <p/>
      </sourceDesc>
    </fileDesc>
    <profileDesc>
      <calendarDesc>
        <calendar xml:id="ah">
          <p>Anno Hegirae</p>
        </calendar>
      </calendarDesc>
    </profileDesc>
    <xenoData xml:space="preserve">
CREATED: 2024-04-11T12:18:10.382731+00:00
CREATED BY: eScriptorium vpassthistobuildcmd
IMAGE FILENAME: 20211206-002338.tif
IMAGE WIDTH: 2512
IMAGE HEIGHT: 3958
</xenoData>
  </teiHeader>
  <text>
    <body>
      <div>
        <p>
          <lb/>grosse Textschwabacher, weisen auf Johann Prüss in
          <lb/>Strassburg».
          <lb/>2525
          <lb/>LUTHER (Ordnung u. Bericht) : Ordnung und Bericht wie
          <lb/>es furthin mit jhenen so das Hochwirdig Sacrament
          <lb/>empfahen wollen, gehalten werden sol. — Haguenau,
          <lb/>Jean Secer 1523, in-4°.
          <lb/>Horning, p. 53, n° 1 ; Kuczynski, n° 1547; Ritter : B M
          <lb/>Strasbourg, n° 1428 (faute d’impression 1528 pour 15231;
          <lb/>Burg, n° 259.
          <lb/>2526
          <lb/>LUTHER (Contre la papauté) : Von dem bapstenthum... —
          <lb/>(Strasbourg, Jean Grüninger (13.XII.] 1520, in-4°.
          <lb/>Panzer, Annalen I, 439; Schmidt I, n° 177. — BN Berlin.
          <lb/>2527
          <lb/>LUTHER (Contre la papauté) : Bapstrew Hadriani IV und
          <lb/>Alexandri III. gegen Keyser Friderichen Barbarossa
          <lb/>geübt. — Strasbourg, Wendelin Rihel 1545.
          <lb/>Ritter : Hist. Impr., p. 264.
          <lb/>2528
          <lb/>LUTHER (Passional) : Passional Christi und Antichristi. —
          <lb/>(Strasbourg (?) vers 1525), in-40.
          <lb/>L’Art Ancien (Zurich) 1937, n° 115 : « Dodgen (II, 324, n° 3,
          <lb/>comp. II, 329, n° 13). The illustrations differ very much from
          <lb/>those in Wittenberg editions described in my catalogue...
          <lb/>In party they are quite independent and there are features,
          <lb/>which suggest to me Strassburg as the place of origine...
          <lb/>Especially the frontispiece is very much in Strassburg style... »
          <lb/>2529
          <lb/>LUTHER (Pater noster) : Ein kurtze Form das Pater noster
          <lb/>zu verston... — [Strasbourg, Martin Flach) 1520, in-4°.
          <lb/>Dommer, n° 108 l’attribue à Jean Knobloch; Horning, n° 12;
          <lb/>Schmidt VI, p. 32, n° 52 : Bibl. S. Guillaume, Strasbourg.
          <lb/>2530
          <lb/>LUTHER (S. Paul) : Praefatio methodica totius Scripturae
          <lb/>in Epistolam Pauli ad Romanos in latinum uersae per
          <lb/>336
        </p>
      </div>
    </body>
  </text>
</TEI>
