<?xml version='1.0' encoding='UTF-8'?>
<?xml-model href="https://raw.githubusercontent.com/OpenITI/tei_openiti/master/tei_openiti.rng" type="application/xml" schematypens="http://relaxng.org/ns/structure/1.0"?>
<?xml-model href="https://raw.githubusercontent.com/OpenITI/tei_openiti/master/tei_openiti.rng" type="application/xml" schematypens="http://purl.oclc.org/dsdl/schematron"?>
<TEI xmlns="http://www.tei-c.org/ns/1.0">
  <teiHeader>
    <fileDesc>
      <titleStmt>
        <title/>
      </titleStmt>
      <publicationStmt>
        <p/>
      </publicationStmt>
      <sourceDesc>
        <p/>
      </sourceDesc>
    </fileDesc>
    <profileDesc>
      <calendarDesc>
        <calendar xml:id="ah">
          <p>Anno Hegirae</p>
        </calendar>
      </calendarDesc>
    </profileDesc>
    <xenoData xml:space="preserve">
CREATED: 2024-04-11T12:18:09.400779+00:00
CREATED BY: eScriptorium vpassthistobuildcmd
IMAGE FILENAME: 20211206-002300.tif
IMAGE WIDTH: 2518
IMAGE HEIGHT: 3948
</xenoData>
  </teiHeader>
  <text>
    <body>
      <div>
        <p>
          <lb/>LIED (ein hübsch neues geistliches) : Ein hüpsch new Geistlich
          <lb/>Lied, Von dem Reichen mann und armen Lazaro...
          <lb/>Ein ander geistlich Lied, Von den Siben worten (grav.). —
          <lb/>(Strasbourg, Th. Berger s. d.), in-8°.
          <lb/>Heitz, p. 50.
          <lb/>2320
          <lb/>LIED (ein hübsch neues, geistliches) : Ein hüpsch neüw
          <lb/>geistlich Lied, Die weisheyt des Fleischs wirdt hoch
          <lb/>berümpt... (grav.) Ein ander schön Geistlich Lied, O
          <lb/>Reicher Gott... — (T. B. S.) (— Th. Berger, Strasbourg
          <lb/>s. d.], in-80.
          <lb/>Heitz, p. 17. Wackernagel V, 1013. Wiedertäuferlied et 111205.
          <lb/>2321
          <lb/>LIED (ein hübsch neues, geistliches) : Ein hüpsch new
          <lb/>Geistlich Lied, Von dem Fräwlein von Samaria, bey
          <lb/>Sanct Jacobs Brunnen wasser zu schöpffen... (grav.). Ein
          <lb/>ander hüpsch Geistlich Lied Von der bilgerfart... —
          <lb/>[Strasbourg, Th. Berger vers 1570), in-8°.
          <lb/>Heitz, p. 28; Wackernagel IV 233 : Benedict Gletting et III
          <lb/>586. Wackernagel, Bibliographie erwähnt unter DCCCLXII
          <lb/>eine andere Ausgabe desselben Druckers.
          <lb/>2322
          <lb/>LIED (ein hübsches schimpfliches) : Ein hübst schimpfliches
          <lb/>Lied von einem reichen Baur, wie er den orden an sich
          <lb/>nam. — (Gedruckt zu Straszburg) s. d., in-80.
          <lb/>Vogeleis, p. 217.
          <lb/>2323
          <lb/>LIED (ein klägliches) : Ein kleglichs und erbermlichs Lied
          <lb/>von der Tyranney so der Moscoviter mit der Stat Reffel
          <lb/>in Lieffland getriben hat... — Strasbourg, Pierre Hug
          <lb/>1571, in-80.
          <lb/>Goedeke II2, 307, n° 243 b; Vogeleis, p. 317: B N Vienne.
          <lb/>2324
          <lb/>LIED (ein neues) : Ein neüw Lied, von der Statt Callis...
          <lb/>(grav.). — [Strasbourg, Th. Berger s. d.), in-8° (à la fin:
          <lb/>Jonas Hachelberger). Weller 265 met (1558).
          <lb/>Heitz, p. 61; Wackernagel III, 484.
          <lb/>2325
          <lb/>298
        </p>
      </div>
    </body>
  </text>
</TEI>
