<?xml version='1.0' encoding='UTF-8'?>
<?xml-model href="https://raw.githubusercontent.com/OpenITI/tei_openiti/master/tei_openiti.rng" type="application/xml" schematypens="http://relaxng.org/ns/structure/1.0"?>
<?xml-model href="https://raw.githubusercontent.com/OpenITI/tei_openiti/master/tei_openiti.rng" type="application/xml" schematypens="http://purl.oclc.org/dsdl/schematron"?>
<TEI xmlns="http://www.tei-c.org/ns/1.0">
  <teiHeader>
    <fileDesc>
      <titleStmt>
        <title/>
      </titleStmt>
      <publicationStmt>
        <p/>
      </publicationStmt>
      <sourceDesc>
        <p/>
      </sourceDesc>
    </fileDesc>
    <profileDesc>
      <calendarDesc>
        <calendar xml:id="ah">
          <p>Anno Hegirae</p>
        </calendar>
      </calendarDesc>
    </profileDesc>
    <xenoData xml:space="preserve">
CREATED: 2024-04-11T12:18:08.949679+00:00
CREATED BY: eScriptorium vpassthistobuildcmd
IMAGE FILENAME: 20211206-002279.tif
IMAGE WIDTH: 2508
IMAGE HEIGHT: 3966
</xenoData>
  </teiHeader>
  <text>
    <body>
      <div>
        <p>
          <lb/>KARL V : Erwölung und Crönung... — Strasbourg 1520,
          <lb/>in-40.
          <lb/>Roerich, Catal. 1869, n° 1793, Catal. Rosenthal, Munich 135
          <lb/>(1914), n° 1222; Weller, n° 1451.
          <lb/>2207
          <lb/>KARL V : Fleyssige erzelung rhymreycher geschichten und
          <lb/>thaten Keysers Caroli des V. — Mulhouse, Pierre Schmid
          <lb/>1561.
          <lb/>B M Colmar.
          <lb/>2208
          <lb/>KARL V. Voir aussi: BARTOLINI n° 935; CHÜR (König
          <lb/>Carolus V) nos 1336, 1338; CRONBERG, Hartmuth
          <lb/>n° 1458; CUSPINIANUS n° 1474; ERASMUS nos 1559,
          <lb/>1595; HUTTICH n° 2116; SLEIDAN nOS 3236, 3239;
          <lb/>ZANOBIUS Ceffinus no 3575.
          <lb/>KARLSTADT, Andreas: Von den Empfahern... — (Strasbourg,
          <lb/>Jean Prüss 1521], in-4°. Benzing : Schürer une éd. 1522.
          <lb/>Schmidt III, p. 37, n° 29 Bibl. cant. Zurich; Weller, 1714.
          <lb/>2209
          <lb/>KARLSTADT, Andreas: Carmen elegans &amp;amp; doctum in Hiero¬
          <lb/>nymum Aleandrum, hostem Germanice libertatis. Conclu¬
          <lb/>siones decem christianissime... Vuittenbergae disputate.
          <lb/>— [Strasbourg, Jean Schott 1521), in-4°, A la suite de:
          <lb/>HUTTEN : Exclamatio in incendium Lutheranum
          <lb/>(n° 2107).
          <lb/>Benzing : Hutten, n° 151.
          <lb/>2209a
          <lb/>KARLSTADT, Andreas : Von beyden gestalten der heilige (!)
          <lb/>Mysze... — (Strasbourg, Jean Prüss) 2.VI.1522, in-4°.
          <lb/>Schmidt III, p. 37, n° 31 ; Weller 2005. — Bâle. 2210
          <lb/>KARLSTADT, Andreas : Sendtbrief.., meldende seiner wirt¬
          <lb/>schafft. Nuwe geschicht von pfaffen und münchen zu
          <lb/>Wittenberg auszgangen. Wyttenberg. — (Strasbourg,
          <lb/>Jean Prüss, janvier 1522), in-4°.
          <lb/>Schmidt III, p. 37, n° 30 ; Bâle; Weller 2008.
          <lb/>2211
          <lb/>277
        </p>
      </div>
    </body>
  </text>
</TEI>
