<?xml version='1.0' encoding='UTF-8'?>
<?xml-model href="https://raw.githubusercontent.com/OpenITI/tei_openiti/master/tei_openiti.rng" type="application/xml" schematypens="http://relaxng.org/ns/structure/1.0"?>
<?xml-model href="https://raw.githubusercontent.com/OpenITI/tei_openiti/master/tei_openiti.rng" type="application/xml" schematypens="http://purl.oclc.org/dsdl/schematron"?>
<TEI xmlns="http://www.tei-c.org/ns/1.0">
  <teiHeader>
    <fileDesc>
      <titleStmt>
        <title/>
      </titleStmt>
      <publicationStmt>
        <p/>
      </publicationStmt>
      <sourceDesc>
        <p/>
      </sourceDesc>
    </fileDesc>
    <profileDesc>
      <calendarDesc>
        <calendar xml:id="ah">
          <p>Anno Hegirae</p>
        </calendar>
      </calendarDesc>
    </profileDesc>
    <xenoData xml:space="preserve">
CREATED: 2024-04-11T12:18:10.827151+00:00
CREATED BY: eScriptorium vpassthistobuildcmd
IMAGE FILENAME: 20211206-002348.tif
IMAGE WIDTH: 2498
IMAGE HEIGHT: 3978
</xenoData>
  </teiHeader>
  <text>
    <body>
      <div>
        <p>
          <lb/>MAGELONE : Die Schön Magelona. Ein fast lustige und
          <lb/>kurtzweylige Histori vonn der schönen Magelona, eines
          <lb/>Künigs tochter von Neapel, und einem Ritter, genannt
          <lb/>Peter mit den silbernen Schlüsseln, eim Graffen son ausz
          <lb/>Provincia, durch Magister Veiten Warbeck, ausz Frantzö¬
          <lb/>sischer sprach in das Teutsche verdolmetscht, mit
          <lb/>einem Sendbrieff Georgii Spalatini. — Strasbourg vers
          <lb/>1560, in-80.
          <lb/>Heitz-Ritter, n° 365; Heitz, Formschneiderarbeiten des
          <lb/>16. Jahrh. vol. II, planche CXIX.
          <lb/>2582
          <lb/>MAGNUS, Olaus : Beschreibung allerley Gelegenheyte, Sitten,
          <lb/>Gebräuchen und Gewonheyten der Mitnächtigen Völcker
          <lb/>in Sueden, Ost unnd Westgothen, Norwegen unnd
          <lb/>andern Landen. Ins Teutsch bracht durch Israelem
          <lb/>Achatium. — Strasbourg, Théodose Rihel 11567), in-8°.
          <lb/>Schottenloher, n° 42.549.
          <lb/>2583
          <lb/>MAGNUS TURCUS : Magni Turci epistolae, Syrica, Graeca et
          <lb/>Scythica, linguis conscriptae perque Landinum Equitem
          <lb/>Hierosolymitanum latinitati donatae. — (Haguenau,
          <lb/>Guill. Seltz) 1528, in-80.
          <lb/>Burg, n° 431.
          <lb/>2584
          <lb/>MAILLARDUS, Oliverius : Sermones de adventu. — (Strasbourg,
          <lb/>Jean Knobloch 1508), in-8°.
          <lb/>Schmidt VII, no 48; Panzer 6, Al, 122. [Autres éd. Knobloch
          <lb/>1506 et 1512 : Ritter, Rép. nos 1461/2.
          <lb/>2585
          <lb/>MAINARDO, Agostino) : An Anatomi, that is to say a Parting
          <lb/>in Peeces of the Mass... With a sermon of the sacrament
          <lb/>of thankes gyuing in the end... — (Strasbourg (?)1 1556,
          <lb/>in-80.
          <lb/>British Museum Catalogue vol. I, p. 65, 696 b 29.
          <lb/>2586
          <lb/>MAJOR, G. Voir : JUSTINIANUS n° 2178.
          <lb/>346
        </p>
      </div>
    </body>
  </text>
</TEI>
