<?xml version='1.0' encoding='UTF-8'?>
<?xml-model href="https://raw.githubusercontent.com/OpenITI/tei_openiti/master/tei_openiti.rng" type="application/xml" schematypens="http://relaxng.org/ns/structure/1.0"?>
<?xml-model href="https://raw.githubusercontent.com/OpenITI/tei_openiti/master/tei_openiti.rng" type="application/xml" schematypens="http://purl.oclc.org/dsdl/schematron"?>
<TEI xmlns="http://www.tei-c.org/ns/1.0">
  <teiHeader>
    <fileDesc>
      <titleStmt>
        <title/>
      </titleStmt>
      <publicationStmt>
        <p/>
      </publicationStmt>
      <sourceDesc>
        <p/>
      </sourceDesc>
    </fileDesc>
    <profileDesc>
      <calendarDesc>
        <calendar xml:id="ah">
          <p>Anno Hegirae</p>
        </calendar>
      </calendarDesc>
    </profileDesc>
    <xenoData xml:space="preserve">
CREATED: 2024-04-11T12:18:09.444380+00:00
CREATED BY: eScriptorium vpassthistobuildcmd
IMAGE FILENAME: 20211206-002303.tif
IMAGE WIDTH: 2518
IMAGE HEIGHT: 3946
</xenoData>
  </teiHeader>
  <text>
    <body>
      <div>
        <p>
          <lb/>sehr schrecklichen Mord, So ein junger Gesell, ein meil
          <lb/>wegs von Frankfurt am Meyn... an eines... Pfarrherrs
          <lb/>Tochter... begangen hat. Und ist gericht worden...
          <lb/>Anno 1570. — (Strasbourg, Thiébaut Berger 1570),
          <lb/>in-80.
          <lb/>Vogeleis, p. 312: B N Berlin.
          <lb/>2336
          <lb/>LIED (ein neues) : Ein news Lied Von dem Erschröcklichen
          <lb/>wasser geschehen in der Graffschafft Egmondt genandt,
          <lb/>in Frankreich den 6. tag Christmonats im jar M.D.LXX...
          <lb/>— (Strasbourg, Pierre Hug 1571), in-8°.
          <lb/>Vogeleis, p. 317 : Zurich.
          <lb/>2337
          <lb/>LIED (ein neues) : Ein new Lied, von dem jetzigen zug, so
          <lb/>beschen im 83. Jar im obern Elsess, und was für
          <lb/>Ritterliche thaten darinn begangen... — [Strasbourg (?)
          <lb/>1583 (33 strophes. L’auteur se nomme : Hans, hab sein
          <lb/>niemants acht»).
          <lb/>Vogeleis, p. 348: Zurich, Berlin.
          <lb/>2338
          <lb/>LIED (ein neues) : Ein neuw Lied und ware geschicht, von
          <lb/>dem zug für Mülhausen... — Gedruckt zu Christlingen
          <lb/>(Strasbourg] bey Christian Trauw-Gott (Bernard Jobin)
          <lb/>1587, in-80.
          <lb/>Vogeleis, p. 356: Berne.
          <lb/>2339
          <lb/>LIED (ein neues Klagelied) : Ein Neu Klag Lied der Bauren
          <lb/>In dem Undern Elsass und Kochersberg, über den
          <lb/>ietzigen tyrannischen Durchzug von einem armen
          <lb/>verbrenten verdorben Baurenfreund gedicht. In thon
          <lb/>wie es eim ieden gefellt. — Gedruckt zu Lauffen, [Nic.
          <lb/>Küffer) in 1587 iar mense Augusto. (Gestellt durch Georg
          <lb/>Hannenbein Schreiber zu Murmenheim am Kochersperg).
          <lb/>Ritter, Hist. de l’impr. p. 431; Schmid, Zwei Lieder
          <lb/>über den Diebskrieg (Strasbourg 1874), p. 431. 2340
          <lb/>LIED (ein neues schönes christliches) : Ein new schön
          <lb/>301
        </p>
      </div>
    </body>
  </text>
</TEI>
