<?xml version='1.0' encoding='UTF-8'?>
<?xml-model href="https://raw.githubusercontent.com/OpenITI/tei_openiti/master/tei_openiti.rng" type="application/xml" schematypens="http://relaxng.org/ns/structure/1.0"?>
<?xml-model href="https://raw.githubusercontent.com/OpenITI/tei_openiti/master/tei_openiti.rng" type="application/xml" schematypens="http://purl.oclc.org/dsdl/schematron"?>
<TEI xmlns="http://www.tei-c.org/ns/1.0">
  <teiHeader>
    <fileDesc>
      <titleStmt>
        <title/>
      </titleStmt>
      <publicationStmt>
        <p/>
      </publicationStmt>
      <sourceDesc>
        <p/>
      </sourceDesc>
    </fileDesc>
    <profileDesc>
      <calendarDesc>
        <calendar xml:id="ah">
          <p>Anno Hegirae</p>
        </calendar>
      </calendarDesc>
    </profileDesc>
    <xenoData xml:space="preserve">
CREATED: 2024-04-11T12:18:01.864907+00:00
CREATED BY: eScriptorium vpassthistobuildcmd
IMAGE FILENAME: 20211206-002016.tif
IMAGE WIDTH: 2506
IMAGE HEIGHT: 3976
</xenoData>
  </teiHeader>
  <text>
    <body>
      <div>
        <p>
          <lb/>ALEXANDER, Magnus : (Idem). — Strasbourg, Mathias
          <lb/>Hupfuff, 1509, in-fol.
          <lb/>Heitz-Ritter n° 14 : Nur bei Weigel, Catal, einer ausgewählten
          <lb/>« Sammlung von Büchern, p. 351 n. 8329 verzeichnet ». 798
          <lb/>ALEXANDER Magnus : (Idem). — (Strasbourg, Mathias
          <lb/>Hupfuff 1514), in-fol.
          <lb/>Panzer I, 369; Heitz-Ritter n° 15; Schmidt V, n° 112;
          <lb/>Rosenthal (Munich), Catal. 100, n° 39; Weigel, Catal. des
          <lb/>antiq. Lagers (1866) n° 7189; Strasbourg, librairie Trübner
          <lb/>octobre 1884.
          <lb/>799
          <lb/>ALEXANDER Magnus: Vita. Voir aussi : CAoURSIN n° 1286;
          <lb/>GUALTHERUS Episcopus, n° 1936.
          <lb/>ALEXANDER von Metz. Voir : LIEp n° 2298.
          <lb/>ALEXANDER de Villa Dei : Doctrinale mit Glosa notabilis.
          <lb/>Pars 1. — (Strasbourg), Mathias Hupfuff 1506, in-4°.
          <lb/>GKIII, 1726: BN Munich.
          <lb/>800
          <lb/>ALEXANDER de Villa Dei : Doctrinalis Commentaria in
          <lb/>secundam partem ab kempone Thessaliensi Hollandiae
          <lb/>pro anhelantibus syntaxim potissimum grammaticae
          <lb/>speciem funditus intelligere, exactissime in lucem ed. —
          <lb/>(Strasbourg, J. Prüss 1507), in-4°.
          <lb/>GKIII, 1823; B N Vienne.
          <lb/>801
          <lb/>ALEXANDER de Villa Dei : Hermanni Torrentini Commentaria
          <lb/>in primam... secundam partem Doctrinalis.... —
          <lb/>(Strasbourg, Jean Prüss 15131, in-40.
          <lb/>GKIII, 1758: BN Munich.
          <lb/>802
          <lb/>ALEXANDER de Villa Dei : Doctrinale. Commentaria
          <lb/>H. Torrentini in Iam, II m partem. — (Strasbourg,
          <lb/>Mathias Hupfuff 1516), in-4°.
          <lb/>GKIII, 1759: BN Munich.
          <lb/>803
          <lb/>14
        </p>
      </div>
    </body>
  </text>
</TEI>
