<?xml version='1.0' encoding='UTF-8'?>
<?xml-model href="https://raw.githubusercontent.com/OpenITI/tei_openiti/master/tei_openiti.rng" type="application/xml" schematypens="http://relaxng.org/ns/structure/1.0"?>
<?xml-model href="https://raw.githubusercontent.com/OpenITI/tei_openiti/master/tei_openiti.rng" type="application/xml" schematypens="http://purl.oclc.org/dsdl/schematron"?>
<TEI xmlns="http://www.tei-c.org/ns/1.0">
  <teiHeader>
    <fileDesc>
      <titleStmt>
        <title/>
      </titleStmt>
      <publicationStmt>
        <p/>
      </publicationStmt>
      <sourceDesc>
        <p/>
      </sourceDesc>
    </fileDesc>
    <profileDesc>
      <calendarDesc>
        <calendar xml:id="ah">
          <p>Anno Hegirae</p>
        </calendar>
      </calendarDesc>
    </profileDesc>
    <xenoData xml:space="preserve">
CREATED: 2024-04-11T12:18:09.416945+00:00
CREATED BY: eScriptorium vpassthistobuildcmd
IMAGE FILENAME: 20211206-002301.tif
IMAGE WIDTH: 2540
IMAGE HEIGHT: 3942
</xenoData>
  </teiHeader>
  <text>
    <body>
      <div>
        <p>
          <lb/>LIED (ein neues) : Ein neüw Lied, von einer Jungfrawen die
          <lb/>mit dem bösen Geist besessen was... (grav.). Ein ander
          <lb/>Geistlich Lied, O Got wir dancken deiner güt durch
          <lb/>Christum Unsern Herren... — (Strasbourg, Th. Berger
          <lb/>s. d.], in-8°.
          <lb/>Heitz, p. 10; Wackernagel III, 1060: Nicolas Boie et IV 780 :
          <lb/>Martin Waldner.
          <lb/>2326
          <lb/>LIED (ein neues) : Ein neüw Lied von dem Tode und einem
          <lb/>jungen Mann... (grav.). — Getruckt zu Strasburg bey
          <lb/>Th. Berger s. d., in-8°.
          <lb/>Heitz, p. 19; Wackernagel III, 1173.
          <lb/>2327
          <lb/>LIED (ein neues) : Ein neüw Lied, Von der welte lauff, Mit
          <lb/>hilffe Gott des Herren, so will ichs fahen an... Ein ander
          <lb/>hüpsch Geistlich Lied, O Jesu zart Göttlicher art, ein
          <lb/>rosz on alle dornen, &amp;amp;c. (grav.). — (Strasbourg,
          <lb/>Th. Berger s. d.), in-80.
          <lb/>Heitz, p. 30; Wackernagel III, 80 : Hans Sachs.
          <lb/>2328
          <lb/>LIED (ein neues) : Ein neuwes lied, zu bitten und Glauben,
          <lb/>Liebe und Hoffnung, Und umb ein seliges leben, gemacht
          <lb/>durch Jon. Eysleben, des Hertzogh Hans von sachse
          <lb/>prediger. — (Haguenau, Armand Farckall vers 1528),
          <lb/>in-8°.
          <lb/>Vogeleis p. 223 : B N Vienne.
          <lb/>2329
          <lb/>LIED (ein neues) : Ein new Lied, Wie die Predicanten der stat
          <lb/>Augspurg geurlaubt und abgeschafft seind, den XXVI.
          <lb/>Augusti, Anno Domini M. D.LI. geschehen... (grav.). —
          <lb/>(Strasbourg, Th. Berger 1551), in-8°.
          <lb/>Heitz, p. 18; Wackernagel III, 1223 : Ulrich Holtzmann.
          <lb/>2330
          <lb/>LIED (ein neues) : Ein neüw Lied von der schlacht so zwischen
          <lb/>Hertzog Moritzen von Sachsen dem Churfürsten und
          <lb/>299
        </p>
      </div>
    </body>
  </text>
</TEI>
