<?xml version='1.0' encoding='UTF-8'?>
<?xml-model href="https://raw.githubusercontent.com/OpenITI/tei_openiti/master/tei_openiti.rng" type="application/xml" schematypens="http://relaxng.org/ns/structure/1.0"?>
<?xml-model href="https://raw.githubusercontent.com/OpenITI/tei_openiti/master/tei_openiti.rng" type="application/xml" schematypens="http://purl.oclc.org/dsdl/schematron"?>
<TEI xmlns="http://www.tei-c.org/ns/1.0">
  <teiHeader>
    <fileDesc>
      <titleStmt>
        <title/>
      </titleStmt>
      <publicationStmt>
        <p/>
      </publicationStmt>
      <sourceDesc>
        <p/>
      </sourceDesc>
    </fileDesc>
    <profileDesc>
      <calendarDesc>
        <calendar xml:id="ah">
          <p>Anno Hegirae</p>
        </calendar>
      </calendarDesc>
    </profileDesc>
    <xenoData xml:space="preserve">
CREATED: 2024-04-11T12:18:07.451294+00:00
CREATED BY: eScriptorium vpassthistobuildcmd
IMAGE FILENAME: 20211206-002221.tif
IMAGE WIDTH: 2490
IMAGE HEIGHT: 3972
</xenoData>
  </teiHeader>
  <text>
    <body>
      <div>
        <p>
          <lb/>GONIACUS (Winkell), Johannes : Selectarum declamationum
          <lb/>professorum academiae Jenensis tomus primus. Editus
          <lb/>a M. Johanne Goniaco. — Strasbourg, Blaise Fabricius
          <lb/>1554, in-80.
          <lb/>Schottenloher 43.686. (Ritter, Rép. n° 2499 à Winckell: Varia
          <lb/>opuscula. Strasbourg, W. Rihel 1554).
          <lb/>1920
          <lb/>GONTHIER, Jean d’Andernac. Voir : GUENTERIUS, Joh.
          <lb/>Andernacus.
          <lb/>GORRAN, Nicolaus de : Postilla super epistolas Pauli. —
          <lb/>Haguenau, Henri Gran 1502, in-4°.
          <lb/>Proctor 11.616.
          <lb/>1921
          <lb/>GOUDIMEL. Voir : LOBWASSER, Ambr, n° 2412.
          <lb/>GOULET, Simon. Voir: REcUEIL n° 3077.
          <lb/>GRADUALE secundum laudabilem Cantum gregorianum
          <lb/>diligentissimis laboribus correctum. — (Strasbourg,
          <lb/>Jean Prüss 1501), in-fol.
          <lb/>Ritter, Grand Sém. Strasbourg, n° 218; Schmidt III, p. 9,
          <lb/>n° 31; Vogeleis, p. 154. — Bibl. du Consistoire de la ville de
          <lb/>Colmar.
          <lb/>1922
          <lb/>GRADUALE (Idem). — (Strasbourg, Jean Prüss 1510),
          <lb/>in-fol. (Nouvelle éd. de 1501).
          <lb/>Schmidt III, p. 24, n° 81. — Jadis Bibl. de Strasbourg. 1923
          <lb/>GRAEFIN von Anhalt: Von einer Gräfin von Anhalt... —
          <lb/>(Strasbourg, Martin Flach 1522), in-40.
          <lb/>Schmidt VI, p. 36, n° 67: B N Berlin.
          <lb/>1924
          <lb/>GRAESECCIUS, P. Voir : AGRICOLA, Joh. (de Nuremberg)
          <lb/>n° 772.
          <lb/>GRAFF, Jörg : Ein hübsch lied von der löblichen Statt
          <lb/>219
        </p>
      </div>
    </body>
  </text>
</TEI>
