<?xml version='1.0' encoding='UTF-8'?>
<?xml-model href="https://raw.githubusercontent.com/OpenITI/tei_openiti/master/tei_openiti.rng" type="application/xml" schematypens="http://relaxng.org/ns/structure/1.0"?>
<?xml-model href="https://raw.githubusercontent.com/OpenITI/tei_openiti/master/tei_openiti.rng" type="application/xml" schematypens="http://purl.oclc.org/dsdl/schematron"?>
<TEI xmlns="http://www.tei-c.org/ns/1.0">
  <teiHeader>
    <fileDesc>
      <titleStmt>
        <title/>
      </titleStmt>
      <publicationStmt>
        <p/>
      </publicationStmt>
      <sourceDesc>
        <p/>
      </sourceDesc>
    </fileDesc>
    <profileDesc>
      <calendarDesc>
        <calendar xml:id="ah">
          <p>Anno Hegirae</p>
        </calendar>
      </calendarDesc>
    </profileDesc>
    <xenoData xml:space="preserve">
CREATED: 2024-04-11T12:18:08.980644+00:00
CREATED BY: eScriptorium vpassthistobuildcmd
IMAGE FILENAME: 20211206-002281.tif
IMAGE WIDTH: 2506
IMAGE HEIGHT: 3964
</xenoData>
  </teiHeader>
  <text>
    <body>
      <div>
        <p>
          <lb/>werden... — Strasbourg, Jacques Cammerlander 1543,
          <lb/>in-40.
          <lb/>Goedeke IIa, p. 461, n° 5; Graesse IV, p. 257.
          <lb/>2218
          <lb/>KATHARINEN-LEBEN. Voir : LIED (ein hüpsch) von sant
          <lb/>Katerinen leben n° 2308.
          <lb/>KEFELIUS, Samuel : Disputatio XXIV. Ethica. De subjecto
          <lb/>virtutum intellectus, animo videlicet rationali... Ex libri
          <lb/>Aristotelis Ethicorum ad filium Nicomachum sexti
          <lb/>scriptorum c. 1 &amp;amp; 2 excerpta. Quam C. F. N. In Inclyta
          <lb/>Argentoratensium Academia Sub praesidio Laurentii
          <lb/>Thomae Wallisseri Argentinensis Privati Exercitii causa,
          <lb/>Respondendo tuebitur Samuel Kefelius Argentinensis.
          <lb/>Mense Octobri. — Strasbourg, Antoine Bertram 1597,
          <lb/>in-40.
          <lb/>Ritter: B M Strasbourg, n° 1335.
          <lb/>2219
          <lb/>KEFELIUS, Samuel : Disputatio XXX. Ethica. De causa
          <lb/>formali amicitiae seu definitione... Ex Aristotelis Libri
          <lb/>octavi Ethicorum Nicomachiorum. C. 1 &amp;amp; 2 conscripta.
          <lb/>Quam C.N.F. In Inclyta Argentoratensium Academia
          <lb/>sub praesidio Walliseri Argentinensis : Privati Exercitii
          <lb/>causa Respondendo Tuebitur Samuel Kefelius. Argyro¬
          <lb/>politanus. Mense Decembri. — Strasbourg, Antoine
          <lb/>Bertram 1597, in-4°.
          <lb/>Ritter : B M Strasbourg, n° 1334.
          <lb/>2220
          <lb/>KEFELIUS, Samuel : Disputatio XXXIX. Ethica. De beati¬
          <lb/>tudine; praecipuè contemplativa. Ex libri decimi Ethi¬
          <lb/>corum C.6.7. &amp;amp; 8. desumpta. Quam C.F.N. In Inclyta
          <lb/>Argentoratensium Academia sub praesidio M. Laurentii
          <lb/>Thomae Wallisseri, Argentinensis : Privati Exercitii
          <lb/>causa, Respondendo tuebitur Samuel Kefelius Argenti¬
          <lb/>nensis. Mense Februario. — Strasbourg, Antoine Bertram
          <lb/>1598, in-40.
          <lb/>Ritter : B M Strasbourg, n° 1336.
          <lb/>2221
          <lb/>279
        </p>
      </div>
    </body>
  </text>
</TEI>
