<?xml version='1.0' encoding='UTF-8'?>
<?xml-model href="https://raw.githubusercontent.com/OpenITI/tei_openiti/master/tei_openiti.rng" type="application/xml" schematypens="http://relaxng.org/ns/structure/1.0"?>
<?xml-model href="https://raw.githubusercontent.com/OpenITI/tei_openiti/master/tei_openiti.rng" type="application/xml" schematypens="http://purl.oclc.org/dsdl/schematron"?>
<TEI xmlns="http://www.tei-c.org/ns/1.0">
  <teiHeader>
    <fileDesc>
      <titleStmt>
        <title/>
      </titleStmt>
      <publicationStmt>
        <p/>
      </publicationStmt>
      <sourceDesc>
        <p/>
      </sourceDesc>
    </fileDesc>
    <profileDesc>
      <calendarDesc>
        <calendar xml:id="ah">
          <p>Anno Hegirae</p>
        </calendar>
      </calendarDesc>
    </profileDesc>
    <xenoData xml:space="preserve">
CREATED: 2024-04-11T12:18:12.175492+00:00
CREATED BY: eScriptorium vpassthistobuildcmd
IMAGE FILENAME: 20211206-002419.tif
IMAGE WIDTH: 2486
IMAGE HEIGHT: 3968
</xenoData>
  </teiHeader>
  <text>
    <body>
      <div>
        <p>
          <lb/>Antwort. — Strasburg, Samuel Emmel 1557, in-4°.
          <lb/>Bibl. St. Guillaume, Strasbourg; Schottenloher 17222a. 2964
          <lb/>POLLICARIUS, Johannes : Antwort auf das vergiftete Buch des
          <lb/>Bischofs zu Naumburg (Julius Pflug), welches erstlich
          <lb/>blind, nachmals aber unter seinem Namen zu Erfurt in
          <lb/>öffentlichen Druck ist ausgegangen wider unsere Lehr
          <lb/>und Kirche. — Strasbourg, imprimerie de Samuel Emmel
          <lb/>1557, in-40.
          <lb/>Schottenloher 17222. (B N Strasbourg : Ritter, Rép. n° 1907).
          <lb/>2965
          <lb/>POLLIO, Symphorianus : Göttlicher und Bäpstlicher Recht
          <lb/>vergleichung. In viler Misszbreüch ablänung... gebessert
          <lb/>und gemeert. M.D.XXX. — [Strasbourg, Jean Schott)
          <lb/>1530, in-40.
          <lb/>Schmidt II, n° 114. — Bibl. S. Guillaume, Strasbourg. (Pollio
          <lb/>voir aussi : Ritter, Rép. nos 1908/9).
          <lb/>2966
          <lb/>POLUS, Reginaldus (Cardinal) : Ad Henricum Octavum
          <lb/>Britanniae Regem pro ecclesiasticae unitatis defensione...
          <lb/>— Strasbourg, Wendelin Rihel 1555, in-fol.
          <lb/>Graesse V, p. 393 ; « L’édition de Rome est devenue très rare,
          <lb/>l’auteur ayant supprimé tous les exemplaires qu’il pouvait
          <lb/>se procurer. Mais il y en a une seconde augmentée de plusieurs
          <lb/>ouvrages de Luther, Flavius Illyricus, Melanchthon, Brentius
          <lb/>et Calvin. Argent. W. Rihel 1555, in-fol. ».
          <lb/>2967
          <lb/>POLYCHORIUS : Jocorum facetiarumque silva. — Strasbourg
          <lb/>1542, in-4°.
          <lb/>Schottenloher 42.485; Zeitschr. f. deutsche Philologie 35
          <lb/>(1903) p. 81-86 ; par A. L. Stiefel.
          <lb/>2968
          <lb/>POMPONIUS, Laetus : Opera... — (Strasbourg, Mathias
          <lb/>Schürer, octobre 1516), in-40.
          <lb/>Panzer, 6, 82, 460; Schmidt VIII, no 197. [Autres éd. Schürer
          <lb/>1510 et 1515; Ritter, Rép. nos 1911/12).
          <lb/>2969
          <lb/>417
        </p>
      </div>
    </body>
  </text>
</TEI>
