<?xml version='1.0' encoding='UTF-8'?>
<?xml-model href="https://raw.githubusercontent.com/OpenITI/tei_openiti/master/tei_openiti.rng" type="application/xml" schematypens="http://relaxng.org/ns/structure/1.0"?>
<?xml-model href="https://raw.githubusercontent.com/OpenITI/tei_openiti/master/tei_openiti.rng" type="application/xml" schematypens="http://purl.oclc.org/dsdl/schematron"?>
<TEI xmlns="http://www.tei-c.org/ns/1.0">
  <teiHeader>
    <fileDesc>
      <titleStmt>
        <title/>
      </titleStmt>
      <publicationStmt>
        <p/>
      </publicationStmt>
      <sourceDesc>
        <p/>
      </sourceDesc>
    </fileDesc>
    <profileDesc>
      <calendarDesc>
        <calendar xml:id="ah">
          <p>Anno Hegirae</p>
        </calendar>
      </calendarDesc>
    </profileDesc>
    <xenoData xml:space="preserve">
CREATED: 2024-04-11T12:18:05.108326+00:00
CREATED BY: eScriptorium vpassthistobuildcmd
IMAGE FILENAME: 20211206-002133.tif
IMAGE WIDTH: 2516
IMAGE HEIGHT: 3982
</xenoData>
  </teiHeader>
  <text>
    <body>
      <div>
        <p>
          <lb/>CRESCENTIIS, Petrus de : Von dem nutz der ding, die in
          <lb/>äckeren gebuwt werden... — (Strasbourg) 1512, in-fol.
          <lb/>Choulant, Graph. Incunabeln p. 98, n° 6; Ebert n° 5443.
          <lb/>(Ritter, Rép. n° 596 ; éd. Schott 1518; n° 597 : éd. Knobloch
          <lb/>1531l.
          <lb/>1453
          <lb/>CRESPIN, Jean : Tè Zcozóuevg... Vetustissimorum authorum
          <lb/>georgica, bucolica et gnomica poemata quae supersunt. —
          <lb/>Strasbourg, 1565, in-8°.
          <lb/>BN Paris: H 19.850-19.851.
          <lb/>1454
          <lb/>CRESPIN, Jean : (Idem). — Strasbourg 1567, in-80.
          <lb/>BN Paris : 80. H. 5489.
          <lb/>1455
          <lb/>CRINITUS, Petrus. Voir : STATIUsS, Publius n° 3273.
          <lb/>CRISPINIAN, Joh. Voir : CRESPIN, Jean.
          <lb/>CROCUS, Cornelius : Comoedia sacra cui titulus Joseph... —
          <lb/>Strasbourg, J. Jucundus (Frölich! 1542, in-80.
          <lb/>Bahlmann, p. 63, l.
          <lb/>1456
          <lb/>CROCUS, Cornelius : Joseph in Egypten, eine schöne und
          <lb/>nützliche Comödie aus lateinischer Sprach in die Teutsche
          <lb/>verdolmetschet (par Jonas Bitner). — Strasbourg,
          <lb/>Nicolas Wyriot 1583, in-80.
          <lb/>(Il y en a aussi qui croient que c’est la traduction du Joseph
          <lb/>d’Aegidius Hunnius). Vogeleis p. 348; Goedeke II2, p. 391,
          <lb/>n° 323 a. Skopnik p. 31-36.
          <lb/>1457
          <lb/>CRONBERG, Hartmuth von : Eyn hüpsch Christenliche und
          <lb/>Götliche errinnerung und warnung. Sendbrief an
          <lb/>Kaiser Karl V. — Strasbourg, Jean Prüss s. d. in-40,
          <lb/>Ritter, Hist. Impr. p. 526, app. 218; Kück, Die Schriften
          <lb/>Hartmuths von Cronberg (Neudrucke des XVI. u. XVII.
          <lb/>Jhd.] fasc. 154-1571 p. XIV: « Basel, Ulm u. Zürich».
          <lb/>1458
          <lb/>131
        </p>
      </div>
    </body>
  </text>
</TEI>
