<?xml version='1.0' encoding='UTF-8'?>
<?xml-model href="https://raw.githubusercontent.com/OpenITI/tei_openiti/master/tei_openiti.rng" type="application/xml" schematypens="http://relaxng.org/ns/structure/1.0"?>
<?xml-model href="https://raw.githubusercontent.com/OpenITI/tei_openiti/master/tei_openiti.rng" type="application/xml" schematypens="http://purl.oclc.org/dsdl/schematron"?>
<TEI xmlns="http://www.tei-c.org/ns/1.0">
  <teiHeader>
    <fileDesc>
      <titleStmt>
        <title/>
      </titleStmt>
      <publicationStmt>
        <p/>
      </publicationStmt>
      <sourceDesc>
        <p/>
      </sourceDesc>
    </fileDesc>
    <profileDesc>
      <calendarDesc>
        <calendar xml:id="ah">
          <p>Anno Hegirae</p>
        </calendar>
      </calendarDesc>
    </profileDesc>
    <xenoData xml:space="preserve">
CREATED: 2024-04-11T12:18:01.740645+00:00
CREATED BY: eScriptorium vpassthistobuildcmd
IMAGE FILENAME: 20211206-002008.tif
IMAGE WIDTH: 2506
IMAGE HEIGHT: 3936
</xenoData>
  </teiHeader>
  <text>
    <body>
      <div>
        <p>
          <lb/>AESOPUS : (Idem). — Strasbourg (Math. Schürer Décembre
          <lb/>1515), in-4°.
          <lb/>GK2, 1780: B N Munich, Vienne.
          <lb/>749
          <lb/>AESOPUS : (Idem). — Strasbourg 1517, in-4°.
          <lb/>GKII, 1786: B U Munster.
          <lb/>750
          <lb/>AESOPUS : Fabularum quae hoc libro continentur, inter¬
          <lb/>pretes... — (Strasbourg, Jean Knobloch pour) (Paul
          <lb/>Götz 1520), in-4°.
          <lb/>GKII, 1797; BN Berlin, Munich; Schmidt VII, n° 207. 751
          <lb/>AESOPUS : Fabulae diversae.., quarum auctores atque inter¬
          <lb/>pretes hi sunt : Barlandus, Goudanus. — [Strasbourg?
          <lb/>vers 1520), in-4°.
          <lb/>GKII, 1796: B U Bonn.
          <lb/>752
          <lb/>AESOPUS : Fabularum quae hoc libro continentur interpretes...
          <lb/>(Strasbourg, J. Prüss 1523), in-4°.
          <lb/>GKII, 1807: BN Munich.
          <lb/>753
          <lb/>AESOPUS : Fabulae quae hoc libro continentur interpretes...
          <lb/>— (Sélestat, Lazare Schürer 1521), in-4°.
          <lb/>GKII, 1803 : BN Munich.
          <lb/>754
          <lb/>AESOPUS : (Idem). — (Strasbourg, Jean Knobloch (19 juin)
          <lb/>1523), in-80.
          <lb/>Panzer 6, 102, 650; Schmidt VII, n° 260 : Bibl. de M. P. Heitz
          <lb/>Strasbourg. [La B N de Strasbourg possède une éd. du mois
          <lb/>de décembre 1523 : R 101269. Voir Ritter, Rép, no 100). 755
          <lb/>AESOPUS : iam denuo multo emendatus quam antea aeditae.
          <lb/>Autore Joach. Camerario Pabergensi. — (Strasbourg,
          <lb/>Jucundus (Jacques Frölich] 1558), in-80
          <lb/>GKII, 1855: BN Munich.
          <lb/>756
        </p>
      </div>
    </body>
  </text>
</TEI>
