<?xml version='1.0' encoding='UTF-8'?>
<?xml-model href="https://raw.githubusercontent.com/OpenITI/tei_openiti/master/tei_openiti.rng" type="application/xml" schematypens="http://relaxng.org/ns/structure/1.0"?>
<?xml-model href="https://raw.githubusercontent.com/OpenITI/tei_openiti/master/tei_openiti.rng" type="application/xml" schematypens="http://purl.oclc.org/dsdl/schematron"?>
<TEI xmlns="http://www.tei-c.org/ns/1.0">
  <teiHeader>
    <fileDesc>
      <titleStmt>
        <title/>
      </titleStmt>
      <publicationStmt>
        <p/>
      </publicationStmt>
      <sourceDesc>
        <p/>
      </sourceDesc>
    </fileDesc>
    <profileDesc>
      <calendarDesc>
        <calendar xml:id="ah">
          <p>Anno Hegirae</p>
        </calendar>
      </calendarDesc>
    </profileDesc>
    <xenoData xml:space="preserve">
CREATED: 2024-04-11T12:18:08.195214+00:00
CREATED BY: eScriptorium vpassthistobuildcmd
IMAGE FILENAME: 20211206-002250.tif
IMAGE WIDTH: 2498
IMAGE HEIGHT: 3938
</xenoData>
  </teiHeader>
  <text>
    <body>
      <div>
        <p>
          <lb/>HORTULUS animae. — (Strasbourg, Jean Knobloch (18.VI.)
          <lb/>1509), in-80.
          <lb/>Schmidt VII, n° 58; Panzer, Annalen Zusätze 3, 634 b. 2063
          <lb/>HORTULUS animae. — (Strasbourg, Martin Flach (2.II.]
          <lb/>1511), in-80.
          <lb/>Schmidt VI, p. 24, n° 23 : B N Munich; Eisenmann, Allg.
          <lb/>Künstlerlexikon (Leipzig, 1878), vol. Il, p. 633 ; Muther II,
          <lb/>236/37 (8 reproductions).
          <lb/>2064
          <lb/>HORTULUS animae: Das Buch der Selen wurtzgarten genant...
          <lb/>— (Strasbourg, Mathias Hupfuff 10. Ix.1511), in-fol.
          <lb/>Schmidt V, no 83 : Bâle ; Weller, Rep. 633.
          <lb/>2065
          <lb/>HORTULUS animae. — (Strasbourg, Martin Flach (20.XII.)
          <lb/>1512), in-80.
          <lb/>Kristeller 138; Schmidt VI, p. 26, n° 30 ; Panzer 6, 55. —
          <lb/>Jadis Bibl. de Strasbourg, Incun, n° 2627.
          <lb/>2066
          <lb/>HORTULUS animae. — (Strasbourg, M. Flach 1512), in-80.
          <lb/>Schmidt VI, p. 26, n° 31 ; Weller, 702.
          <lb/>2067
          <lb/>HORTULUS animae : teütsch. — (Strasbourg, Martin Flach
          <lb/>I1.III.1 1513), in-8° (d’après l’éd. de 1511).
          <lb/>Panzer, Annalen I, 352; Schmidt VI, p. 28, n° 35; Weislinger,
          <lb/>766.
          <lb/>2068
          <lb/>HORTULUS animae : cum oratiunculis. — Strasbourg, Jean
          <lb/>Grüninger 1515 (?), in-8°.
          <lb/>Probablement 1505 pour 1515, voir n° 2057.
          <lb/>2069
          <lb/>HORTULUS animae : Das Buch des Seelen wurtzgarten. —
          <lb/>Strasbourg, Mathias Hupfuff 10.1x.1515, in-8°.
          <lb/>1515 probablement erreur pour 1511; voir n° 2065. 2070
          <lb/>HORTULUS animae. — (Strasbourg, Jean Knobloch 26.VIII.
          <lb/>1516), in-80,
          <lb/>Schmidt VII, n° 121. Bibl. Cantonale Aarau.
          <lb/>2071
          <lb/>248
        </p>
      </div>
    </body>
  </text>
</TEI>
