<?xml version='1.0' encoding='UTF-8'?>
<?xml-model href="https://raw.githubusercontent.com/OpenITI/tei_openiti/master/tei_openiti.rng" type="application/xml" schematypens="http://relaxng.org/ns/structure/1.0"?>
<?xml-model href="https://raw.githubusercontent.com/OpenITI/tei_openiti/master/tei_openiti.rng" type="application/xml" schematypens="http://purl.oclc.org/dsdl/schematron"?>
<TEI xmlns="http://www.tei-c.org/ns/1.0">
  <teiHeader>
    <fileDesc>
      <titleStmt>
        <title/>
      </titleStmt>
      <publicationStmt>
        <p/>
      </publicationStmt>
      <sourceDesc>
        <p/>
      </sourceDesc>
    </fileDesc>
    <profileDesc>
      <calendarDesc>
        <calendar xml:id="ah">
          <p>Anno Hegirae</p>
        </calendar>
      </calendarDesc>
    </profileDesc>
    <xenoData xml:space="preserve">
CREATED: 2024-04-11T12:18:02.348897+00:00
CREATED BY: eScriptorium vpassthistobuildcmd
IMAGE FILENAME: 20211206-002029.tif
IMAGE WIDTH: 2472
IMAGE HEIGHT: 3958
</xenoData>
  </teiHeader>
  <text>
    <body>
      <div>
        <p>
          <lb/>evangelia, prosa, versu... complectens. — (Haguenaul,
          <lb/>Thomas Anshelm 1522, in-8°.
          <lb/>GKVII, 5175: BN Munich.
          <lb/>867
          <lb/>ARTICKEL : Ein und achtzigk Artyckhel so Kaisserlicher
          <lb/>majestatt stathallter unnd weltliche kurfürsten und
          <lb/>fürsten... von dem Bapst und allen gaystlichen beschwert
          <lb/>sint... auff denn jetz gehalten Reychstag beschlossen zu
          <lb/>Nürenberg. — (Colmar, Amandus Farckall 1523), in-4°.
          <lb/>GKVII, 6240 : BN Vienne.
          <lb/>868
          <lb/>ASCENSIUS. Voir : BADIUS, Jodocus Ascensius.
          <lb/>ASCONIUS Pedianus: Fragmentum commentariorum
          <lb/>O. Asconii Pediani in Orationes aliquot M. Tullii Cice¬
          <lb/>ronis. — Haguenau, Jean Secer s. d., in-4°.
          <lb/>GKVII, 7793 [vers 1530): B N Berlin, Munich etc. Walter
          <lb/>n° 677 ; [Ritter, Rép, n° 89 : éd. Strasbourg, J. Albrecht 1535l.
          <lb/>869
          <lb/>AUCUPARIUS, Tho. Voir : TERENTIUS no 3320.
          <lb/>AUGUSTINUS, Aurelius : Sant Augustins Auszlegung über den
          <lb/>fünffundvierzigsten Psalm... geteutstht (sic) durch
          <lb/>Georgium Spalatinum. — (Haguenau, Thomas Anshelm
          <lb/>1521), in-4°.
          <lb/>GKVIII, 5999: B N Berlin, B U Munster; Burg n° 76. 870
          <lb/>AUGUSTINUS, Aurelius : Sant Augustins Auszlegung über den
          <lb/>hundert und sechsundzweinzigsten psalm... durch
          <lb/>Georgium Spalatinum geteutstht (sic). — (Haguenau,
          <lb/>Thomas Anshelm 1521), in-80.
          <lb/>G KVIII, 6000: B U Halle, Königsberg, Munster. (Sur
          <lb/>Augustinus voir aussi: Ritter, Rép. nos 107-110).
          <lb/>871
          <lb/>AUGUSTINUS, Aurelius : Augustini des Heyligen Bischofs
          <lb/>Bücher : 1. Von warem gottesdienst. 2. Enchiridion...
          <lb/>27
        </p>
      </div>
    </body>
  </text>
</TEI>
