<?xml version='1.0' encoding='UTF-8'?>
<?xml-model href="https://raw.githubusercontent.com/OpenITI/tei_openiti/master/tei_openiti.rng" type="application/xml" schematypens="http://relaxng.org/ns/structure/1.0"?>
<?xml-model href="https://raw.githubusercontent.com/OpenITI/tei_openiti/master/tei_openiti.rng" type="application/xml" schematypens="http://purl.oclc.org/dsdl/schematron"?>
<TEI xmlns="http://www.tei-c.org/ns/1.0">
  <teiHeader>
    <fileDesc>
      <titleStmt>
        <title/>
      </titleStmt>
      <publicationStmt>
        <p/>
      </publicationStmt>
      <sourceDesc>
        <p/>
      </sourceDesc>
    </fileDesc>
    <profileDesc>
      <calendarDesc>
        <calendar xml:id="ah">
          <p>Anno Hegirae</p>
        </calendar>
      </calendarDesc>
    </profileDesc>
    <xenoData xml:space="preserve">
CREATED: 2024-04-11T12:18:10.368382+00:00
CREATED BY: eScriptorium vpassthistobuildcmd
IMAGE FILENAME: 20211206-002337.tif
IMAGE WIDTH: 2512
IMAGE HEIGHT: 3958
</xenoData>
  </teiHeader>
  <text>
    <body>
      <div>
        <p>
          <lb/>LUTHER (Wider den Meuchler) : Wider den Meuchler zu
          <lb/>Dresen gedruckt. Martin Luther. Wittemberg 1531.
          <lb/>A la fin : Gedruckt zu Wittemberg durch Hans Lufft.
          <lb/>M.D.xxxi. — [Strasbourg, Jean Prüss 1531), in-4°.
          <lb/>Horning, n° 136; Schmidt III, p. 40, n° 43 : « L’édition est
          <lb/>une contrefaçon de Jean Prüss qni ne s’est pas même gêné de
          <lb/>reproduire l’explicit de l’original. » Bibl. St. Guillaume, Stras¬
          <lb/>bourg.
          <lb/>2521
          <lb/>LUTHER (Missive) : Eyn missive allen den, so von wegen des
          <lb/>worttgottes verfolgung Iyden tröstlych, von doctor
          <lb/>Martin Luther an den Erennvesten Harttmut von
          <lb/>Cronberg geschriben, und uff dieselbig Hartmut von
          <lb/>Cronbergs antwurtt... — Zum Steinburck (Strasbourg,
          <lb/>Wolfgang Köpfell, vers 1522.
          <lb/>Panzer II, 1321, Dommer 272; Kück : Cronberg (Neudrucke
          <lb/>des XVI. u. XVII. Jhd., fasc. 154-1571, p. XXIX : « Exempl.
          <lb/>in Hamburg, München und Scheurlschen Bibl. »; Horning,
          <lb/>n° 34.
          <lb/>2522
          <lb/>LUTHER (Missive) (Idem). — [Strasbourg, W. Köpfel s. d.]
          <lb/>vers 1522 : Kück : Cronberg (Neudrucke des XVI. u.
          <lb/>XVII.
          <lb/>Jhd., fasc. 154-157, p. XXIX, n° 2 : «2. Ausgabe Köpfels»;
          <lb/>exempl. Bâle et Rostock.
          <lb/>2523
          <lb/>LUTHER (Moses, 5. Buch) : Das Fünfftebuch Mose,
          <lb/>warlich verteutschet durch Martin Luther. 1523. —
          <lb/>(Strasbourg, Wolfg. Köpfell 1523, in-80.
          <lb/>Bibl. St. Guillaume Strasbourg. [D’après Schmidt l’impr. est
          <lb/>W. Köpfell. (Ritter, Rép. n° 1431 : Verzeichnungen über das
          <lb/>Fünfft Buch Mose; Deuteronomium genandt. Strasbourg
          <lb/>1525l.
          <lb/>2524
          <lb/>LUTHER (Obrigkeit Weltliche) : Von weltlicher Oberkeit,
          <lb/>wie weit man ir gehorsam schuldig sey. — (Strasbourg,
          <lb/>Jean Prüss) 1523, in-40.
          <lb/>Dommer, n° 338 : « Die mit einigen Schwabacher Lettern
          <lb/>vermischte Titelgothik und die unruhige gespreizte mittel
          <lb/>335
        </p>
      </div>
    </body>
  </text>
</TEI>
