<?xml version='1.0' encoding='UTF-8'?>
<?xml-model href="https://raw.githubusercontent.com/OpenITI/tei_openiti/master/tei_openiti.rng" type="application/xml" schematypens="http://relaxng.org/ns/structure/1.0"?>
<?xml-model href="https://raw.githubusercontent.com/OpenITI/tei_openiti/master/tei_openiti.rng" type="application/xml" schematypens="http://purl.oclc.org/dsdl/schematron"?>
<TEI xmlns="http://www.tei-c.org/ns/1.0">
  <teiHeader>
    <fileDesc>
      <titleStmt>
        <title/>
      </titleStmt>
      <publicationStmt>
        <p/>
      </publicationStmt>
      <sourceDesc>
        <p/>
      </sourceDesc>
    </fileDesc>
    <profileDesc>
      <calendarDesc>
        <calendar xml:id="ah">
          <p>Anno Hegirae</p>
        </calendar>
      </calendarDesc>
    </profileDesc>
    <xenoData xml:space="preserve">
CREATED: 2024-04-11T12:18:07.711525+00:00
CREATED BY: eScriptorium vpassthistobuildcmd
IMAGE FILENAME: 20211206-002236.tif
IMAGE WIDTH: 2510
IMAGE HEIGHT: 3950
</xenoData>
  </teiHeader>
  <text>
    <body>
      <div>
        <p>
          <lb/>autore Jacobo Sobio. — Sélestat, Lazare Schürer 1520,
          <lb/>in-4°.
          <lb/>Graesse IV, p. 700.
          <lb/>1992
          <lb/>HERMANN, Comes à Neüenar (Novae Aquilae). Voir:
          <lb/>OCTAVIANUS, H. n° 2783; PSALMI... Latino carmine
          <lb/>redditi no 3029.
          <lb/>HERMANN von Sachsenheim : Die Mörin. — (Strasbourg,
          <lb/>Jean Grüninger (24.XI.] 1512), in-fol.
          <lb/>Graesse IV, p. 558; Schmidt I, n° 127; Kristeller 96. B N
          <lb/>Berlin; Panzer, Annalen I, 346.
          <lb/>1993
          <lb/>HERMES, Tresmegistus: Tractatus septem aurei et tabula
          <lb/>smaragdina cum comment. Hortulani philosophi. —
          <lb/>Strasbourg, Samuel Emmel 1566, in-8°.
          <lb/>Graesse III, p. 250.
          <lb/>1994
          <lb/>HERMES, Tresmegistus. Voir aussi: Ars chemica n° 866.
          <lb/>HERODOTUS : Ouńpou pios. — (Strasbourg, Wolfgang
          <lb/>Cephalaeus (Köpfel] mars 1550, in-8°.
          <lb/>Ritter : B M Strasbourg, n° 1201.
          <lb/>1995
          <lb/>HEROLT, Johannes : Sermones discipuli. — Strasbourg,
          <lb/>Martin Flach 1503, in-fol.
          <lb/>Ritter, Grand Sém. n° 260. [B N Strasbourg R 10.320. Voir
          <lb/>aussi : Ritter, Rép. nos 1155-1158l.
          <lb/>1996
          <lb/>HERPIN : Der weis Ritter wie er so getruwelich bei stund
          <lb/>ritter Leuwen, des Hertzogen sun von Burges das er zu
          <lb/>letst ein künigreich besasz. — (Strasbourg, Jean
          <lb/>Grüninger (14. IX.] 1514), in-fol.
          <lb/>Brunet III, 130; Kristeller 98, Schmidt I, n° 140; Weller 850.
          <lb/>Heitz-Ritter, n° 234 : Berlin, Dresde, Munich.
          <lb/>1997
          <lb/>234
        </p>
      </div>
    </body>
  </text>
</TEI>
