<?xml version='1.0' encoding='UTF-8'?>
<?xml-model href="https://raw.githubusercontent.com/OpenITI/tei_openiti/master/tei_openiti.rng" type="application/xml" schematypens="http://relaxng.org/ns/structure/1.0"?>
<?xml-model href="https://raw.githubusercontent.com/OpenITI/tei_openiti/master/tei_openiti.rng" type="application/xml" schematypens="http://purl.oclc.org/dsdl/schematron"?>
<TEI xmlns="http://www.tei-c.org/ns/1.0">
  <teiHeader>
    <fileDesc>
      <titleStmt>
        <title/>
      </titleStmt>
      <publicationStmt>
        <p/>
      </publicationStmt>
      <sourceDesc>
        <p/>
      </sourceDesc>
    </fileDesc>
    <profileDesc>
      <calendarDesc>
        <calendar xml:id="ah">
          <p>Anno Hegirae</p>
        </calendar>
      </calendarDesc>
    </profileDesc>
    <xenoData xml:space="preserve">
CREATED: 2024-04-11T12:18:13.402383+00:00
CREATED BY: eScriptorium vpassthistobuildcmd
IMAGE FILENAME: 20211206-002470.tif
IMAGE WIDTH: 2510
IMAGE HEIGHT: 3944
</xenoData>
  </teiHeader>
  <text>
    <body>
      <div>
        <p>
          <lb/>SIEGFRID : Hürnen Sewfried (gesangsweis). — Strasbourg,
          <lb/>(Christian) Müllers (Mylius) Erben 1580, in-8°.
          <lb/>Goedeke Ia, p. 338, n° 4; Graesse VI, p. 401. Neudrucke des
          <lb/>XVI. u. XVII. Jhd. : Golther, Wolfgang : Das Lied vom
          <lb/>Hürnen Seyfrid, fasc. 81/2, p. VIII, n° 6 : Stargardt (Berlin)
          <lb/>Catal. 28 (1857), n° 87; aujourd’hui introuvable.
          <lb/>3228
          <lb/>SIEGFRID : (Idem). — Strasbourg, Christian Müller (Mylius)
          <lb/>héritiers, in-80.
          <lb/>Golther, Wolfg. : Das Lied vom Hürnen Seyfrid. (Neudrucke
          <lb/>des XVI. u. XVII. Jhd. fasc. 81/2 p. 1x, n° 12 : « Ein Druck
          <lb/>von dem sich nur die Holzstöcke erhalten haben, im Besitz
          <lb/>der Firma Heitz-Mündel in Strassburg, abgedruckt durch
          <lb/>Ernst Martin im Jahrbuch des Vogesenklubs VI (1890) S. 84 ff.
          <lb/>u. durch Paul Heitz, Originaldruck von Formschneiderarbeiten
          <lb/>des 16.u.17. Jhd. (Strassburg 1894) Tafel CXXIII ff. Die
          <lb/>Bilder gehören wahrscheinlich zur Strassburger Ausgabe von
          <lb/>1580».
          <lb/>3229
          <lb/>SIGENOT. — Strasbourg, uff Grieneck (Barth. Kistler] 1503,
          <lb/>in-fol.
          <lb/>Goedeke II2, p. 250; Heitz-Ritter, n° 611; Schorbach, p. 5,
          <lb/>n° 4.
          <lb/>3230
          <lb/>SIGENOT. — Strasbourg, uff Grieneck (Barth. Kistler) 1510,
          <lb/>in-fol.
          <lb/>Kristeller, n° 248; Heitz-Ritter, n° 612; Schorbach, p. 6,
          <lb/>n° 5 : « Wahrscheinlich das letzte typographische Werk
          <lb/>Kistlers, dessen Tätigkeit Ch. Schmidt (Rép.) 1509 schliessen
          <lb/>lässt. » B N Berlin.
          <lb/>3231
          <lb/>SIGENOT : (Idem). — Strasbourg, Christian Müller (Mylius)
          <lb/>vers 1560, in-8°.
          <lb/>Graesse VI, p. 402; Heitz-Ritter, n° 616. Schorbach, p. 7,
          <lb/>n° VII : « Ich habe trotz aller Mühe weder sonst seine
          <lb/>[Goedekes] Erwähnung dieses Druckes gefunden, noch
          <lb/>denselben irgendwo ermitteln können. Die Entscheidung
          <lb/>darüber, ob diese Ausgabe existiert hat oder ob ein Irrtum
          <lb/>vorliegt, muss vorbehalten bleiben.»
          <lb/>3232
          <lb/>468
        </p>
      </div>
    </body>
  </text>
</TEI>
