<?xml version='1.0' encoding='UTF-8'?>
<?xml-model href="https://raw.githubusercontent.com/OpenITI/tei_openiti/master/tei_openiti.rng" type="application/xml" schematypens="http://relaxng.org/ns/structure/1.0"?>
<?xml-model href="https://raw.githubusercontent.com/OpenITI/tei_openiti/master/tei_openiti.rng" type="application/xml" schematypens="http://purl.oclc.org/dsdl/schematron"?>
<TEI xmlns="http://www.tei-c.org/ns/1.0">
  <teiHeader>
    <fileDesc>
      <titleStmt>
        <title/>
      </titleStmt>
      <publicationStmt>
        <p/>
      </publicationStmt>
      <sourceDesc>
        <p/>
      </sourceDesc>
    </fileDesc>
    <profileDesc>
      <calendarDesc>
        <calendar xml:id="ah">
          <p>Anno Hegirae</p>
        </calendar>
      </calendarDesc>
    </profileDesc>
    <xenoData xml:space="preserve">
CREATED: 2024-04-11T12:18:04.469478+00:00
CREATED BY: eScriptorium vpassthistobuildcmd
IMAGE FILENAME: 20211206-002112.tif
IMAGE WIDTH: 2508
IMAGE HEIGHT: 3994
</xenoData>
  </teiHeader>
  <text>
    <body>
      <div>
        <p>
          <lb/>Hohenemser 1647; Benzing : Egenolff, n° 23: «B M Francfort-
          <lb/>s.-M. Ob dies eine freiere Ubersetzung des Tractatus de vita
          <lb/>et moribus Turcorum darstellt, ist noch festzustellen».
          <lb/>1335
          <lb/>CHRONICON : De Saracenis et Turcis Chronicon. Voir:
          <lb/>(DRECHSLER, Wolfgang) n° 1525.
          <lb/>CHRYSOSTOMUS. Voir : JOHANNES Chrysostomus.
          <lb/>CHUR : Von der Chûr und Woll (Wahl] des groszmächtigsten
          <lb/>Königs Karolum (V.] wie Er yetz zu Franckfurt...
          <lb/>erwollt worden... — [Strasbourg, Jean Knobloch (?)
          <lb/>1519), in-4°.
          <lb/>Rosenthal, Munich, Catal. 89 (1928) n° 56 ; 300 M. 1336
          <lb/>CHYTRAEUS, David : De lectione historiarum recte instituenda
          <lb/>et historiarum fere omnium series et argumenta... —
          <lb/>Strasbourg, Christian Mylius 1563, in-80.
          <lb/>B N Paris, 2 ex. : G. 12.283 (2) et Z. 10.549 [éd. Mylius 1565:
          <lb/>Ritter, Rép. n° 482l.
          <lb/>1337
          <lb/>CHYTRAEUS, David : De tribus nostrae aetatis Caesaribus
          <lb/>Augustis. Carolo V. Ferdinando I. Maximiliano II.
          <lb/>Orationes, à Davide Chytraeo, Datae adolescentibus in
          <lb/>Schola recitandae. [Marque typ. de Kiefer). — Argen¬
          <lb/>torati, Excudebat Carolus Kieffer (1587), in-8°.
          <lb/>Bibl. S. Guillaume Strasbourg, Bibl. Budapest (App. H 1876).
          <lb/>1338
          <lb/>CHYTRAEUS, David : Orationes illustres. — Strasbourg 1600,
          <lb/>in-80.
          <lb/>Schottenloher 30.967 d.
          <lb/>1339
          <lb/>CHYTRAEUS, David. Voir aussi : RITTeR, Rép, nos 481-484.
          <lb/>CICERO (Opera) : De officiis. Libri tres. De amicitia. Liber
          <lb/>unus. De Senectute. Liber unus. Item. Paradoxa
          <lb/>110
        </p>
      </div>
    </body>
  </text>
</TEI>
