<?xml version='1.0' encoding='UTF-8'?>
<?xml-model href="https://raw.githubusercontent.com/OpenITI/tei_openiti/master/tei_openiti.rng" type="application/xml" schematypens="http://relaxng.org/ns/structure/1.0"?>
<?xml-model href="https://raw.githubusercontent.com/OpenITI/tei_openiti/master/tei_openiti.rng" type="application/xml" schematypens="http://purl.oclc.org/dsdl/schematron"?>
<TEI xmlns="http://www.tei-c.org/ns/1.0">
  <teiHeader>
    <fileDesc>
      <titleStmt>
        <title/>
      </titleStmt>
      <publicationStmt>
        <p/>
      </publicationStmt>
      <sourceDesc>
        <p/>
      </sourceDesc>
    </fileDesc>
    <profileDesc>
      <calendarDesc>
        <calendar xml:id="ah">
          <p>Anno Hegirae</p>
        </calendar>
      </calendarDesc>
    </profileDesc>
    <xenoData xml:space="preserve">
CREATED: 2024-04-11T12:18:13.456616+00:00
CREATED BY: eScriptorium vpassthistobuildcmd
IMAGE FILENAME: 20211206-002474.tif
IMAGE WIDTH: 2494
IMAGE HEIGHT: 3986
</xenoData>
  </teiHeader>
  <text>
    <body>
      <div>
        <p>
          <lb/>Capitel der Episteln S. Pauli an die Römer... (Marque
          <lb/>typ.). — Strasbourg, Samuel Emmel 1566, in-fol.
          <lb/>Bibl. S. Guillaume, Strasbourg; Ritter, B M Strasbourg,
          <lb/>n° 1957.
          <lb/>3247
          <lb/>SPANGENBERG, Cyr. : (Idem). — Strasbourg, [Samuel Emmel]
          <lb/>1569, in-fol.
          <lb/>Bibl. S. Guillaume, Strasbourg; Ritter, B M Strasbourg,
          <lb/>n° 1958.
          <lb/>3248
          <lb/>SBANGENBERG, Cyr. : Ehespiegel : Das ist, Alles was vom
          <lb/>heyligen Ehestande, nützliches, nötiges, und tröstliches
          <lb/>mag gesagt werden. Sibentzig Brautpredigten: zusammen
          <lb/>verfasset. Durch M. Cyriacum Spangenberg, im Thal
          <lb/>Manszfeldt. Und jetzunde auffs neüw vom Author
          <lb/>selbst fleissig uberlesen und vilen orten trefflich gemehret
          <lb/>und gebessert. — Strasbourg, imprimerie Samuel
          <lb/>Emmel 1563, in-fol. [une édition Emmel de 1567:
          <lb/>Ritter, Répertoire n° 2169).
          <lb/>Bibl. S. Guillaume, Strasbourg [éd. Théodose Rihel 1570 et
          <lb/>1578 : Ritter, Répertoire nos 2171/2l.
          <lb/>3249
          <lb/>SPANGENBERO, Cyr. : Die ander Epistel Pauli an die Corinthier.
          <lb/>Auszgelegt durch Ciriacum Spangenberg. — Strasbourg,
          <lb/>Samuel Emmel 1562, in-fol.
          <lb/>Bibl. S. Guillaume, Strasbourg.
          <lb/>3250
          <lb/>SPANGENBERG, Cyr. : Die erste Epistel Pauli an Timotheum.
          <lb/>Auszgelegt und gepredigt... Hierinnen findestu... ein
          <lb/>ordenliche Historia vom Bäpstlichen Celibat, Ehe verbott
          <lb/>und Speysz verbott... — Strasbourg, Samuel Emmel
          <lb/>1564, in-fol.
          <lb/>Bibl. S. Guillaume, Strasbourg; June éd. de Sam. Emmel 1569:
          <lb/>Ritter, Rép. n° 2170.
          <lb/>3251
          <lb/>SPANGENBERG, Cyr. : Die Epistel des heiligen Apostels Pauli
          <lb/>an Titum. Auszgelegt... — Strasbourg, Samuel Emmel
          <lb/>1564, in-fol.
          <lb/>472
        </p>
      </div>
    </body>
  </text>
</TEI>
