<?xml version='1.0' encoding='UTF-8'?>
<?xml-model href="https://raw.githubusercontent.com/OpenITI/tei_openiti/master/tei_openiti.rng" type="application/xml" schematypens="http://relaxng.org/ns/structure/1.0"?>
<?xml-model href="https://raw.githubusercontent.com/OpenITI/tei_openiti/master/tei_openiti.rng" type="application/xml" schematypens="http://purl.oclc.org/dsdl/schematron"?>
<TEI xmlns="http://www.tei-c.org/ns/1.0">
  <teiHeader>
    <fileDesc>
      <titleStmt>
        <title/>
      </titleStmt>
      <publicationStmt>
        <p/>
      </publicationStmt>
      <sourceDesc>
        <p/>
      </sourceDesc>
    </fileDesc>
    <profileDesc>
      <calendarDesc>
        <calendar xml:id="ah">
          <p>Anno Hegirae</p>
        </calendar>
      </calendarDesc>
    </profileDesc>
    <xenoData xml:space="preserve">
CREATED: 2024-04-11T12:18:06.258767+00:00
CREATED BY: eScriptorium vpassthistobuildcmd
IMAGE FILENAME: 20211206-002176.tif
IMAGE WIDTH: 2512
IMAGE HEIGHT: 3958
</xenoData>
  </teiHeader>
  <text>
    <body>
      <div>
        <p>
          <lb/>kummen und länger als die Menschen jetzt bey unseren
          <lb/>zeiten gelebt haben. — (Strasbourg, Thiébaud Berger
          <lb/>1570), in-4°.
          <lb/>Ritter: B M Strasbourg, n° 968.
          <lb/>1686
          <lb/>FAUSTUS, L. Victor. Voir : TerenTIus n° 3325.
          <lb/>FEDERMANN, Nicolaus : Eine schöne kurtzweilige Historia
          <lb/>Nicolaus Federmans des Jüngern von Ulm erste Reise,
          <lb/>so er von Hispania und Andalosia aus in Indias des
          <lb/>oceanischen Mörs gethan hat... M.D.LVII. — Haguenau,
          <lb/>Sigismond Bund 1557.
          <lb/>Graesse II, p. 561; Hanauer, p. 124; Panharst, Nicolaus
          <lb/>Federmann und die Entdeckung Granadas dans Iberia VII
          <lb/>(1927).
          <lb/>1687
          <lb/>FELBAUM, Sebastianus : Ein nutzliche rede frag und antwort
          <lb/>von dreyen personen sich üben in lutrischen sachen,
          <lb/>Gezogen usz evangelischer, apostolischer leer... Ein
          <lb/>Würstbub, ein Altvater und ein münch. — (Strasbourg,
          <lb/>Jean Grüninger! (1524), in-4°.
          <lb/>Ritter: B M de Strasbourg, n° 971.
          <lb/>1688
          <lb/>FELINUS, Aretinus. Pseud, pour Bucer Martin.
          <lb/>FERRARIUS, Johannes Mantuanus : Odarum spiritualium
          <lb/>liber. — Strasbourg, imprimerie de Mathias Schürer
          <lb/>1513, in-4°.
          <lb/>Goedeke IIa, p. 89, n° 6.
          <lb/>1689
          <lb/>FERRARIUS, Johannes Mantuanus : De passione ac morte
          <lb/>Christi... Ex secunda recognitione... — (Strasbourg,
          <lb/>Mathias Schürer vers 1513, in-40.
          <lb/>Schmidt VIII, n° 98 : Aarau, Bibl, cantonale.
          <lb/>1690
          <lb/>FERRERIUS, Vincentius : Sermones de tempore et de sanctis. —
          <lb/>Strasbourg, (Jean Grüninger (?) 11503, in-fol.
          <lb/>Ritter, Grand Sém. Strasbourg, n° 161.
          <lb/>1691
          <lb/>174
        </p>
      </div>
    </body>
  </text>
</TEI>
