<?xml version='1.0' encoding='UTF-8'?>
<?xml-model href="https://raw.githubusercontent.com/OpenITI/tei_openiti/master/tei_openiti.rng" type="application/xml" schematypens="http://relaxng.org/ns/structure/1.0"?>
<?xml-model href="https://raw.githubusercontent.com/OpenITI/tei_openiti/master/tei_openiti.rng" type="application/xml" schematypens="http://purl.oclc.org/dsdl/schematron"?>
<TEI xmlns="http://www.tei-c.org/ns/1.0">
  <teiHeader>
    <fileDesc>
      <titleStmt>
        <title/>
      </titleStmt>
      <publicationStmt>
        <p/>
      </publicationStmt>
      <sourceDesc>
        <p/>
      </sourceDesc>
    </fileDesc>
    <profileDesc>
      <calendarDesc>
        <calendar xml:id="ah">
          <p>Anno Hegirae</p>
        </calendar>
      </calendarDesc>
    </profileDesc>
    <xenoData xml:space="preserve">
CREATED: 2024-04-11T12:18:11.872345+00:00
CREATED BY: eScriptorium vpassthistobuildcmd
IMAGE FILENAME: 20211206-002397.tif
IMAGE WIDTH: 2514
IMAGE HEIGHT: 3968
</xenoData>
  </teiHeader>
  <text>
    <body>
      <div>
        <p>
          <lb/>Druck B hat im Titel Zeile 3 Ermahnen, Zeile 6 in, Zeile 14
          <lb/>ettlicher, etc.» Dresde, Munich. ¡A la fin, devise de Fischart:
          <lb/>Alors comme alorsl.
          <lb/>2845
          <lb/>PAUL III (pape). Voir : HENRICUS VIII, n° 1987, LITERAE,
          <lb/>n° 2406.
          <lb/>(Voir aessi; Ritter, Rép. n° 1804).
          <lb/>PAUL, Elias : Vom alten und newen Gott, Glauben und
          <lb/>Lere. — Steinburgk (Strasbourg), Wolfgang Köpfel 1523,
          <lb/>in-40.
          <lb/>Kuczyński 2132.
          <lb/>2846
          <lb/>PAULI, Johannes : Schimpf und Ernst... — (Fol. 124al:
          <lb/>Strasbourg, Jean Grüninger 8.IX.1522, in-fol.
          <lb/>Kristeller, n° 190; Schmidt I, n° 190, Weller 2257; Heitz¬
          <lb/>Ritter, n° 556 : Augsbourg, Berlin, Dresde, Munich. (Autres
          <lb/>éd. Grüninger 1533, 1535. Ritter : Rép, n° 1798/9l.
          <lb/>2847
          <lb/>PAULI, Joh. : (Idem). — Strasbourg, Jean Knobloch 1525,
          <lb/>in-fol.
          <lb/>Reichards Bibliothek der Romane XVII, p. 115; Heitz¬
          <lb/>Ritter, n° 557 : Vienne.
          <lb/>2848
          <lb/>PAULI, Joh. : (Idem). A la fin : « Gedruckt zu Straszburg,
          <lb/>Bartholomaeus Grüninger, in kosten und verlagk
          <lb/>Christian Egenolphen»; mais au f. du titre au-dessous
          <lb/>de la grav. « Frankfurt a. M., Christian Egenolph» 2.II.
          <lb/>1538.
          <lb/>Lappenberg, n° 11; Meusebachs Verzeichnis, n° 1324; Heitz¬
          <lb/>Ritter, n° 566 : Berlin, Göttingen, Wolfenbüttel.
          <lb/>2849
          <lb/>PAULI, Joh. : (Idem). — Strasbourg, les hériters de Christian
          <lb/>Müller (Mylius) 1582, in-8°.
          <lb/>Lappenberg, n° 33; Heitz-Ritter, n° 590.
          <lb/>2850
          <lb/>395
        </p>
      </div>
    </body>
  </text>
</TEI>
