<?xml version='1.0' encoding='UTF-8'?>
<?xml-model href="https://raw.githubusercontent.com/OpenITI/tei_openiti/master/tei_openiti.rng" type="application/xml" schematypens="http://relaxng.org/ns/structure/1.0"?>
<?xml-model href="https://raw.githubusercontent.com/OpenITI/tei_openiti/master/tei_openiti.rng" type="application/xml" schematypens="http://purl.oclc.org/dsdl/schematron"?>
<TEI xmlns="http://www.tei-c.org/ns/1.0">
  <teiHeader>
    <fileDesc>
      <titleStmt>
        <title/>
      </titleStmt>
      <publicationStmt>
        <p/>
      </publicationStmt>
      <sourceDesc>
        <p/>
      </sourceDesc>
    </fileDesc>
    <profileDesc>
      <calendarDesc>
        <calendar xml:id="ah">
          <p>Anno Hegirae</p>
        </calendar>
      </calendarDesc>
    </profileDesc>
    <xenoData xml:space="preserve">
CREATED: 2024-04-11T12:18:11.165156+00:00
CREATED BY: eScriptorium vpassthistobuildcmd
IMAGE FILENAME: 20211206-002371.tif
IMAGE WIDTH: 2516
IMAGE HEIGHT: 3960
</xenoData>
  </teiHeader>
  <text>
    <body>
      <div>
        <p>
          <lb/>Hunaweyler. — (Strasbourg, Christian Mylius 1575),
          <lb/>in-4°.
          <lb/>Ritter: B M Strasbourg, n° 1501.
          <lb/>2711a
          <lb/>MOLLERUS, Laurentius. Voir: PLACOTOMUS, Joh. (Epitha¬
          <lb/>lamion), n° 2919.
          <lb/>MOLLINGER, Ern. Fridericus : Disputatio XXIX. Ethica.
          <lb/>De voluptate &amp;amp; dolore. Ex Libri Septimi Ethicorum
          <lb/>Nicomachiorum Aristotelis C. 11, 12, 13 &amp;amp; 14, conscripta.
          <lb/>Quam C.F.N. In Inclyta Argentoratensium Academia
          <lb/>sub praesidio M. Laurentii Thomae Wallisseri Argento¬
          <lb/>ratensis Privati Exercitii causa Respondendo tuebitur
          <lb/>Ernestus Fridericus Mollinger, Durlacensis, Marchicus.
          <lb/>Mense Novembri. — Strasbourg, Antoine Bertram 1597,
          <lb/>in-40.
          <lb/>Ritter: B M Strasbourg, n° 1504.
          <lb/>2712
          <lb/>MOLLINGER, Ern. Fridericus. Disputatio XXXIX. Ethica.
          <lb/>De voluptate Libri Decimi Aristotelis Howoòv Nuoug¬
          <lb/>xsiov c. 1.2.3.4. &amp;amp; 5. desumpta. Quam C.F.N. in Inclyta
          <lb/>Argentoratensium Academia sub praesidio M. Laurentii
          <lb/>Thomae Wallisseri Argentinensis : Exercitii causa.
          <lb/>Respondendo tuebitur Ernestus Fridericus Mollinger.
          <lb/>Durlacensis Marchicus. Mense Februario. — Strasbourg,
          <lb/>Antoine Bertram 1598, in-4°.
          <lb/>Ritter: B M Strasbourg, n° 1505.
          <lb/>2713
          <lb/>MOLTHER, Menrad : Lucta christiana, Psalmi quinquagesimi,
          <lb/>deprecatoria. — Haguenau, J. Secer 1527, in-80.
          <lb/>Burg, n° 329: B M Haguenau. Bibl. St. Guillaume, Strasbourg.
          <lb/>2714
          <lb/>MOLTHER, Menrad. Voir aussi: ALCUINUS, n° 794; JUSTUS
          <lb/>(episcopus Orgelitanus), n° 2180; PINDARUS, n° 2910;
          <lb/>TESTAMENT (der zwölf Patriarchen), n° 3341; WILLIRAM,
          <lb/>n° 3524.
          <lb/>369
        </p>
      </div>
    </body>
  </text>
</TEI>
