<?xml version='1.0' encoding='UTF-8'?>
<?xml-model href="https://raw.githubusercontent.com/OpenITI/tei_openiti/master/tei_openiti.rng" type="application/xml" schematypens="http://relaxng.org/ns/structure/1.0"?>
<?xml-model href="https://raw.githubusercontent.com/OpenITI/tei_openiti/master/tei_openiti.rng" type="application/xml" schematypens="http://purl.oclc.org/dsdl/schematron"?>
<TEI xmlns="http://www.tei-c.org/ns/1.0">
  <teiHeader>
    <fileDesc>
      <titleStmt>
        <title/>
      </titleStmt>
      <publicationStmt>
        <p/>
      </publicationStmt>
      <sourceDesc>
        <p/>
      </sourceDesc>
    </fileDesc>
    <profileDesc>
      <calendarDesc>
        <calendar xml:id="ah">
          <p>Anno Hegirae</p>
        </calendar>
      </calendarDesc>
    </profileDesc>
    <xenoData xml:space="preserve">
CREATED: 2024-04-11T12:18:11.601117+00:00
CREATED BY: eScriptorium vpassthistobuildcmd
IMAGE FILENAME: 20211206-002389.tif
IMAGE WIDTH: 2494
IMAGE HEIGHT: 3974
</xenoData>
  </teiHeader>
  <text>
    <body>
      <div>
        <p>
          <lb/>ORLANDO di Lasso : Theatrum musicum aliorumque prae¬
          <lb/>stantissimorum musicorum selectissimae cantiones
          <lb/>sacrae, quatuor, quinque et plurium vocum... Liber I-II.
          <lb/>— Strasbourg, Nicolas Wyriot 1580, in-4°.
          <lb/>Ritter, Hist. impr. app. 397 (1) Vogeleis p. 342. 2800
          <lb/>ORLANDO di Lasso : Theatrice musici Orlandi de Lassus
          <lb/>aliorumque praestantissimorum musicorum selectissimae
          <lb/>cantiones, 4, 5 et plurium vocum repraesentans.
          <lb/>[Theatrum musicum) liber secundus. — Strasbourg
          <lb/>1580, in-4°. Sex vocum cantiones. — Strasbourg,
          <lb/>Nicolas Wyriot, petit in-80.
          <lb/>Vogeleis, p. 342.
          <lb/>2801
          <lb/>OTT, Lienhart : Ein neuw Lied Vom Bauern Krieg, wie sie
          <lb/>die Statt Wattwyler im Obern Elsasz gestürmbt haben...
          <lb/>Im Jar 1525... S. l. n. d., in-80.
          <lb/>Vogeleis, p. 217.
          <lb/>2802
          <lb/>OTTHER, Jacobus : Christlich leben und sterben. Wie sich
          <lb/>des Herren nachtmals zu brauchen mit gewisser Conscienz
          <lb/>und frid, sonder einiche spaltung der schrifft. Jac. Other.
          <lb/>M.D.XXVIII. — (Strasbourg, Balthasar Beck, mars
          <lb/>1528), in-40.
          <lb/>Bibl. St. Guillaume, Strasbourg.
          <lb/>2803
          <lb/>OTTHER, Jacobus : Die Epistel Sancti Pauli an Titum,
          <lb/>geprediget und auszgelegt... — Strasbourg (Jean
          <lb/>Grüninger) 1524, in-4°.
          <lb/>Ritter : B M Strasbourg, n° 1607.
          <lb/>2804
          <lb/>OTTHER, Jacobus : Das erste Buch Mosi, Gepredigt durch
          <lb/>Jacob Otthern zu Steynach... — (Haguenau, Guillaume
          <lb/>Seltz (avril) 1528), in-80.
          <lb/>Burg, n° 336; Ritter, Hist. de l’impr., p. 402.
          <lb/>2805
          <lb/>387
        </p>
      </div>
    </body>
  </text>
</TEI>
