<?xml version='1.0' encoding='UTF-8'?>
<?xml-model href="https://raw.githubusercontent.com/OpenITI/tei_openiti/master/tei_openiti.rng" type="application/xml" schematypens="http://relaxng.org/ns/structure/1.0"?>
<?xml-model href="https://raw.githubusercontent.com/OpenITI/tei_openiti/master/tei_openiti.rng" type="application/xml" schematypens="http://purl.oclc.org/dsdl/schematron"?>
<TEI xmlns="http://www.tei-c.org/ns/1.0">
  <teiHeader>
    <fileDesc>
      <titleStmt>
        <title/>
      </titleStmt>
      <publicationStmt>
        <p/>
      </publicationStmt>
      <sourceDesc>
        <p/>
      </sourceDesc>
    </fileDesc>
    <profileDesc>
      <calendarDesc>
        <calendar xml:id="ah">
          <p>Anno Hegirae</p>
        </calendar>
      </calendarDesc>
    </profileDesc>
    <xenoData xml:space="preserve">
CREATED: 2024-04-11T12:18:09.783298+00:00
CREATED BY: eScriptorium vpassthistobuildcmd
IMAGE FILENAME: 20211206-002316.tif
IMAGE WIDTH: 2504
IMAGE HEIGHT: 4008
</xenoData>
  </teiHeader>
  <text>
    <body>
      <div>
        <p>
          <lb/>Fuhrmann ins Elsass fahren... Das ander, Es wolt ein
          <lb/>Bawer ins Elsass fahren... Das dritt, Es fuhr ein Bawer
          <lb/>ins holtz... Das viert, Ich ritt einmal zu Braunschweig
          <lb/>aus... — Strasbourg, Th. Berger (vers 1570), in-8° (La
          <lb/>dernière chanson aussi à part, in-fol. « getruckt bey
          <lb/>Th. Berger).
          <lb/>Vogeleis, p. 312.
          <lb/>2404
          <lb/>LIEDER (vier schöne neue) : Vier schöne Newe Lieder, Das
          <lb/>vierdt, von Art und eigenschafft der gesellen der löblichen
          <lb/>Kunst, der Buchtruckerey. In des Bentzenawers oder in
          <lb/>Bruder Veiten thon... — Strasbourg, Th. Berger
          <lb/>[vers 1570), in-80.
          <lb/>Vogeleis, p. 313.
          <lb/>2405
          <lb/>LITERAE : Serenissimi... portugalliae &amp;amp; Algarbiorum Regis
          <lb/>Literae ad S. D. N. Paulum III. Pont. Max, super
          <lb/>insigni victoria, rebusque fœliciter in Oriente gestis. —
          <lb/>Strasbourg, Crato Mylius 1536, in-40.
          <lb/>Walter 1715.
          <lb/>2406
          <lb/>LOBGESANG : von der statt Straszburg. Erzellt die guttat
          <lb/>so armen luten da beschehen ist, in den türen iaren... —
          <lb/>(Strasbourg 1518), in-80.
          <lb/>Goedeke I2, p. 319, n° 82.
          <lb/>2407
          <lb/>LOBGESANGE : Von Christo Jesu unserem säligmacher, seiner
          <lb/>Menschwerdung, Geburt Beschneidung... etlich Christ¬
          <lb/>liche und tröstliche Lobgesäng ausz einem vast herrlichen
          <lb/>Gsangbuch gezogen... — (Strasbourg, Jacques Frölich)
          <lb/>1534, in-80.
          <lb/>Hubert, n° 25 a: B N Berlin. Nachdruck des Gesangbuchs von
          <lb/>M. Weisse; Wackernagel, p. 489.
          <lb/>2408
          <lb/>LOBGESANGE : Das ander Byechlin der Geystlichen gsäng.
          <lb/>Von der Erscheinung, Wandel und Leiden Christi
          <lb/>unsers heylandts. (Grav.], p. XXXI : Getruckt zu
          <lb/>314
        </p>
      </div>
    </body>
  </text>
</TEI>
