<?xml version='1.0' encoding='UTF-8'?>
<?xml-model href="https://raw.githubusercontent.com/OpenITI/tei_openiti/master/tei_openiti.rng" type="application/xml" schematypens="http://relaxng.org/ns/structure/1.0"?>
<?xml-model href="https://raw.githubusercontent.com/OpenITI/tei_openiti/master/tei_openiti.rng" type="application/xml" schematypens="http://purl.oclc.org/dsdl/schematron"?>
<TEI xmlns="http://www.tei-c.org/ns/1.0">
  <teiHeader>
    <fileDesc>
      <titleStmt>
        <title/>
      </titleStmt>
      <publicationStmt>
        <p/>
      </publicationStmt>
      <sourceDesc>
        <p/>
      </sourceDesc>
    </fileDesc>
    <profileDesc>
      <calendarDesc>
        <calendar xml:id="ah">
          <p>Anno Hegirae</p>
        </calendar>
      </calendarDesc>
    </profileDesc>
    <xenoData xml:space="preserve">
CREATED: 2024-04-11T12:18:10.395965+00:00
CREATED BY: eScriptorium vpassthistobuildcmd
IMAGE FILENAME: 20211206-002339.tif
IMAGE WIDTH: 2510
IMAGE HEIGHT: 3956
</xenoData>
  </teiHeader>
  <text>
    <body>
      <div>
        <p>
          <lb/>J. Jonam. — (Strasbourg, Jean Knobloch, novembre
          <lb/>1523), in-8°.
          <lb/>Schmidt VII, n° 267. B U Fribourg-en-Br. Panzer 6, 103,
          <lb/>637.
          <lb/>2531
          <lb/>LUTHER (S. Paul) : Das siebendt Capitel Sancti Pauli zu den
          <lb/>Corinthern auszgelegt. — (Strasbourg, Wolfgang Köpfel
          <lb/>1523), in-4o.
          <lb/>Horning, n° 44; Londres, Brit. Museum 697 h 3 (1). Bibl.
          <lb/>St. Guillaume.
          <lb/>2532
          <lb/>LUTHER (Postill): Postil. Oder uszleg der Epistel und Evange¬
          <lb/>lien... — [Strasbourg, Jean Schott 1521), in-4o.
          <lb/>Londres, Brit. Museum 3265 bb. 10 [éd. W. Köpfel 1531 et
          <lb/>1544 : Ritter, Rép, nos 1442 et 1450l.
          <lb/>2533
          <lb/>LUTHER (Postill) : Postill Oder auszlegunge der Epistlen
          <lb/>und Evangelien... durchs gantz Jar ausz geprediget
          <lb/>durch Martinum Lutherum. Das erst theyl... Anno
          <lb/>M. D.XXXIX. Das ander theyle... M.D.XXXVII. Das
          <lb/>dritt theyl... — (Strasbourg, Wolfgang Köpfel, teil 2.
          <lb/>et 3 : 1537; Teil 1 : 1539), in-fol.
          <lb/>Ritter : B M Strasbourg, n° 1430.
          <lb/>2534
          <lb/>LUTHER (Predigt über den Tod) : Ein nützlich predig... wie
          <lb/>sich ein Christenmensch... bereiten sol zu sterben. —
          <lb/>(Strasbourg, Martin Flach 1520), in-4°.
          <lb/>Horning, n° 2, Kuczynski, n° 1376.
          <lb/>2535
          <lb/>LUTHER (12 Predigten) : xij Predig D. Martin Luthers... —
          <lb/>(Strasbourg, Jean Schott 1524), in-4°.
          <lb/>Panzer, Annalen 2, 2262; Scott (Schmidt II, Suppl.), p. 13,
          <lb/>n° 12. — Bibl. S. H. Scott, Oxford.
          <lb/>2536
          <lb/>LUTHER (13 Predigten) : xiij Predig D. Martin Luthers,
          <lb/>Newlich uszgangen Anno xxiij... — [Strasbourg,
          <lb/>Jean Schott] 1523, in-4°.
          <lb/>337
        </p>
      </div>
    </body>
  </text>
</TEI>
