<?xml version='1.0' encoding='UTF-8'?>
<?xml-model href="https://raw.githubusercontent.com/OpenITI/tei_openiti/master/tei_openiti.rng" type="application/xml" schematypens="http://relaxng.org/ns/structure/1.0"?>
<?xml-model href="https://raw.githubusercontent.com/OpenITI/tei_openiti/master/tei_openiti.rng" type="application/xml" schematypens="http://purl.oclc.org/dsdl/schematron"?>
<TEI xmlns="http://www.tei-c.org/ns/1.0">
  <teiHeader>
    <fileDesc>
      <titleStmt>
        <title/>
      </titleStmt>
      <publicationStmt>
        <p/>
      </publicationStmt>
      <sourceDesc>
        <p/>
      </sourceDesc>
    </fileDesc>
    <profileDesc>
      <calendarDesc>
        <calendar xml:id="ah">
          <p>Anno Hegirae</p>
        </calendar>
      </calendarDesc>
    </profileDesc>
    <xenoData xml:space="preserve">
CREATED: 2024-04-11T12:18:06.379109+00:00
CREATED BY: eScriptorium vpassthistobuildcmd
IMAGE FILENAME: 20211206-002182.tif
IMAGE WIDTH: 2506
IMAGE HEIGHT: 3964
</xenoData>
  </teiHeader>
  <text>
    <body>
      <div>
        <p>
          <lb/>for langen weilen Vollenwolbeschraiten Heiden und
          <lb/>Herrn Grandgusier, Gargantoa und Pantagruel, Königen
          <lb/>inn Utopien und Ninenreich. Etwan von M. Francisco
          <lb/>Rabelais Französisch entworfen. Nun aber lustig auf
          <lb/>den Teutschen Meridian visirt.., vertirt durch Huldrich
          <lb/>Elloposcleron Rezuem... [Gravures de Tobias Stimmerl.
          <lb/>Anno 1.5.75. — (Strasbourg, Bernard Jobin] 1575, in-8°.
          <lb/>Braune, Neudrucke fasc. 65-71, p. VIII et suiv. Goedeke,
          <lb/>Fischart (Leipzig 1880).
          <lb/>1713
          <lb/>FISCHART, Joh. (Gargantua) : (Idem)... Durch Huldrich
          <lb/>Elloposcleron... (Grav.). — Getruckt zur Grensing im
          <lb/>Gänsserich. 1582. — [Strasbourg, Bern. Jobin) 1582,
          <lb/>in-8°. (Gravures de Tobie Stimmerl.
          <lb/>Braune, Neudrucke, fasc. 65-71, p. XIV-XVI : ist eine sorgfältig
          <lb/>redigirte, sehr vermehrte Ausgabe von a/— 1575). Die neuen
          <lb/>Zusätze sind glückliche Bereicherungen...». Halle (Bibl. des
          <lb/>Waisenhauses), p. XVI. Von einem angeblichen zweiten Druck
          <lb/>von 1582 voir : Meusebach, Fischartstudien p. 221 et
          <lb/>Steinmeyer dans: Archiv für die Geschichte deutscher Sprache
          <lb/>puis dans : Archiv für die Geschichte deutscher Sprache und
          <lb/>Dichtung (de Wagner) I, p. 225 ». Nijhoff (La Haye). Catal.
          <lb/>487 n° 173 ; 50 florins.
          <lb/>1714
          <lb/>FISCHART, Joh. (Gargantua) : (Idem). — Durch Huldrich
          <lb/>Elloposcleron... Gedruckt zur Grensiug (sic) im Gännse¬
          <lb/>rich. 1590. — (Strasbourg, Bern. Jobin] 1590, in-80.
          <lb/>Braune, Neudrucke, fasc. 65-71, p. XVII et suiv. : B N Berlin,
          <lb/>p. XVIII : « Die Zusätze dieser Ausgabe sind an Umfang geringer
          <lb/>als die von b [éd. 1582), auch sind sie oft dem Satzgefüge nur
          <lb/>lose (kompilatorisch) eingefügt». [B N Strasbourg, R 101.640:
          <lb/>Ritter, Rép. n° 862l.
          <lb/>1715
          <lb/>FISCHART, Johannes (Gargantua) : (Idem)... Durch Huldrich
          <lb/>Elloscloperon... Gedruckt zur Grenflug im Gänsserich
          <lb/>1594. — (Strasbourg, imprimerie de Bernard Jobin)
          <lb/>1594, in-80.
          <lb/>Braune, Neudrucke, fasc. 65-71, p. XXII et suiv. : «B U Halle.
          <lb/>180
        </p>
      </div>
    </body>
  </text>
</TEI>
