<?xml version='1.0' encoding='UTF-8'?>
<?xml-model href="https://raw.githubusercontent.com/OpenITI/tei_openiti/master/tei_openiti.rng" type="application/xml" schematypens="http://relaxng.org/ns/structure/1.0"?>
<?xml-model href="https://raw.githubusercontent.com/OpenITI/tei_openiti/master/tei_openiti.rng" type="application/xml" schematypens="http://purl.oclc.org/dsdl/schematron"?>
<TEI xmlns="http://www.tei-c.org/ns/1.0">
  <teiHeader>
    <fileDesc>
      <titleStmt>
        <title/>
      </titleStmt>
      <publicationStmt>
        <p/>
      </publicationStmt>
      <sourceDesc>
        <p/>
      </sourceDesc>
    </fileDesc>
    <profileDesc>
      <calendarDesc>
        <calendar xml:id="ah">
          <p>Anno Hegirae</p>
        </calendar>
      </calendarDesc>
    </profileDesc>
    <xenoData xml:space="preserve">
CREATED: 2024-04-11T12:18:03.981060+00:00
CREATED BY: eScriptorium vpassthistobuildcmd
IMAGE FILENAME: 20211206-002098.tif
IMAGE WIDTH: 2476
IMAGE HEIGHT: 4002
</xenoData>
  </teiHeader>
  <text>
    <body>
      <div>
        <p>
          <lb/>CALAMINUS, Georgius : Thyrsis in abitum Chiliani Passaveri
          <lb/>Landaviensis amici sui. — Strasbourg, Nicolas Wyriot
          <lb/>1583, in-4°.
          <lb/>Ritter, Hist. impr. app. 393 (11). [Une éd. Wyriot 1575
          <lb/>Ritter, Rép. n° 3941.
          <lb/>1257
          <lb/>CALAMINUS, Georgius. Voir aussi: EURIPIDES, Phoenissae,
          <lb/>n° 1663/4; RITTER, Rép. nos 393-399.
          <lb/>CALENTIUS, Elisius : De bello ranarum... — (Strasbourg,
          <lb/>Mathias Schürer 1511), in-40.
          <lb/>Schmidt VIII, n° 67 : B M Mayence; Panzer 6, 54, 235;
          <lb/>Brunet I, 1473.
          <lb/>1258
          <lb/>CALENTIUS, Elisius : (Idem). — (Strasbourg, Mathias Schürer
          <lb/>1512), in-40.
          <lb/>Schmidt VIII, n° 91 : B U Fribourg-en-Br., Panzer 6, 58, 269.
          <lb/>[Ritter, Rép, n° 400 : éd. Haguenau, Secer 1531]. 1259
          <lb/>CALEPINUS, Ambrosius : Dictionum latinarum e greco pariter
          <lb/>dirivantium... omniumque Cornucopie vocabularum
          <lb/>insertor... — (Strasbourg, Jean Grüninger (II) mars
          <lb/>1513, in-fol.
          <lb/>Weislinger, Catal. 38; Schmidt I, n° 128; B M Colmar, Ritter,
          <lb/>B M Strasbourg n° 666.
          <lb/>1260
          <lb/>CALEPINUS, Ambrosius : Dictionarium copiosissimum ex
          <lb/>variis linguo utriusque authoribus... — Strasbourg,
          <lb/>Mathias Schürer, décembre 1516, in-fol.
          <lb/>Schmidt VIII, no 200.
          <lb/>1261
          <lb/>CALEPINUS, Ambrosius : Dictionarium copiosissimum... —
          <lb/>(Strasbourg, Mathias Schürer, janvier 1516), in-40,
          <lb/>Schmidt VIII, nos 176 et 200 : « L’exemplaire de Heidelberg
          <lb/>avec les imprimés de 1515 lui donne à tort un numéro spécial.»
          <lb/>— Bibl. Budapest L. lat. 3. (Communication de Mme Soury
          <lb/>Strasbourg); B U Goettingen; Panzer 6, 82, 462.
          <lb/>1262
          <lb/>96
        </p>
      </div>
    </body>
  </text>
</TEI>
