<?xml version='1.0' encoding='UTF-8'?>
<?xml-model href="https://raw.githubusercontent.com/OpenITI/tei_openiti/master/tei_openiti.rng" type="application/xml" schematypens="http://relaxng.org/ns/structure/1.0"?>
<?xml-model href="https://raw.githubusercontent.com/OpenITI/tei_openiti/master/tei_openiti.rng" type="application/xml" schematypens="http://purl.oclc.org/dsdl/schematron"?>
<TEI xmlns="http://www.tei-c.org/ns/1.0">
  <teiHeader>
    <fileDesc>
      <titleStmt>
        <title/>
      </titleStmt>
      <publicationStmt>
        <p/>
      </publicationStmt>
      <sourceDesc>
        <p/>
      </sourceDesc>
    </fileDesc>
    <profileDesc>
      <calendarDesc>
        <calendar xml:id="ah">
          <p>Anno Hegirae</p>
        </calendar>
      </calendarDesc>
    </profileDesc>
    <xenoData xml:space="preserve">
CREATED: 2024-04-11T12:18:05.839986+00:00
CREATED BY: eScriptorium vpassthistobuildcmd
IMAGE FILENAME: 20211206-002159.tif
IMAGE WIDTH: 2462
IMAGE HEIGHT: 3992
</xenoData>
  </teiHeader>
  <text>
    <body>
      <div>
        <p>
          <lb/>Rest p. 52 : B U Fribourg-en-Br.; Schmidt VII, n° 265;
          <lb/>Leipzig, Bibl. du Börsenverein. [éd. Schürer 1519 : Ritter,
          <lb/>Rép. n° 7381; Knobloch, février 1522 et août 1522 (Rép.
          <lb/>n° 762/3, Knobloch, avril 1523, Rép. n° 767).
          <lb/>1585
          <lb/>ERASMUS : Enchiridion militis christiani... — (Strasbourg,
          <lb/>Jean Knobloch, novembre 1524), in-8°.
          <lb/>Schmidt VII, n° 281: BN Munich; Panzer 6, 105, 681.
          <lb/>1586
          <lb/>ERASMUS : Enchiridion militis christiani... — (Strasbourg,
          <lb/>Jean Knobloch, décembre 1525), in-8°,
          <lb/>Panzer 6, 107, 705; Schmidt VII, n° 298; B N Strasbourg
          <lb/>(introuvable).
          <lb/>1587
          <lb/>ERASMUS (Encomion) : Encomium matrimonii. — Sélestat,
          <lb/>Lazare Schürer vers 1520, in-4°.
          <lb/>Rest p. 52 : B U Fribourg-en-Br. (éd. Schürer 1511, 1512,
          <lb/>1514; Ritter, Rép. nos 706, 708, 715).
          <lb/>1588
          <lb/>ERASMUS (Encomion) : Encomion moriae... id est Stultitiae
          <lb/>laus. — (Strasbourg, Math. Schürer, décembre 1517),
          <lb/>in-80.
          <lb/>Schmidt VIII, n° 223; B U Bonn; Panzer 6, 86, 498; Rest
          <lb/>p. 52: B U Fribourg-en-Br.
          <lb/>1589
          <lb/>ERASMUS (Idem). — (Strasbourg, Math. Schürer, juin 1519),
          <lb/>in-40.
          <lb/>Schmidt VIII, n° 246; Panzer 6, 92, 549; Rest p. 52; B U
          <lb/>Fribourg-en-Br.
          <lb/>1590
          <lb/>ERASMUS (Idem). — Sélestat, Lazare Schürer, décembre
          <lb/>1520), in-4°.
          <lb/>Rest p. 52: B U Fribourg-en-Br. (éd. Schürer, novembre 1520:
          <lb/>Ritter, Rép. n° 744.)
          <lb/>1591
          <lb/>ERASMUS (Idem). — (Strasbourg, Jean Knobloch 1522),
          <lb/>in-8°.
          <lb/>157
        </p>
      </div>
    </body>
  </text>
</TEI>
