<?xml version='1.0' encoding='UTF-8'?>
<?xml-model href="https://raw.githubusercontent.com/OpenITI/tei_openiti/master/tei_openiti.rng" type="application/xml" schematypens="http://relaxng.org/ns/structure/1.0"?>
<?xml-model href="https://raw.githubusercontent.com/OpenITI/tei_openiti/master/tei_openiti.rng" type="application/xml" schematypens="http://purl.oclc.org/dsdl/schematron"?>
<TEI xmlns="http://www.tei-c.org/ns/1.0">
  <teiHeader>
    <fileDesc>
      <titleStmt>
        <title/>
      </titleStmt>
      <publicationStmt>
        <p/>
      </publicationStmt>
      <sourceDesc>
        <p/>
      </sourceDesc>
    </fileDesc>
    <profileDesc>
      <calendarDesc>
        <calendar xml:id="ah">
          <p>Anno Hegirae</p>
        </calendar>
      </calendarDesc>
    </profileDesc>
    <xenoData xml:space="preserve">
CREATED: 2024-04-11T12:18:09.262686+00:00
CREATED BY: eScriptorium vpassthistobuildcmd
IMAGE FILENAME: 20211206-002290.tif
IMAGE WIDTH: 2494
IMAGE HEIGHT: 4002
</xenoData>
  </teiHeader>
  <text>
    <body>
      <div>
        <p>
          <lb/>ausz unbekanten Authoren zusammengetragen, und
          <lb/>ausz Rohtwelscher in Deutsche Sprach gesetzt, Durch:
          <lb/>Aabcdefghiklmnopqrstuwxyz... (4 vers). Die newe
          <lb/>Zeitungen ausz der gantzen Welt, findestu zu Ende dem
          <lb/>Lalebuch angehengt. Gedruckt zu Laleburg, Anno 1597...
          <lb/>(3 lignes). — (Probablement : Strasbourg, Bern. Jobin)
          <lb/>1597, in-8°.
          <lb/>Bahder : Das Lalebuch (Neudrucke des XVI u. XVII. Jhd.,
          <lb/>fasc. 236-239), p. LXV et p. 1 : Bibl. Aarau, Berlin, Vienne.
          <lb/>2262
          <lb/>LAMBERTUS, Franciscus : Commentarium de sacro coniugio
          <lb/>et adversus pollutissimum regni perditionis coelibatum
          <lb/>liber in LXIX positiones divisus... — Strasbourg,
          <lb/>Jean Herwagen, mai 1524, in-80.
          <lb/>Graesse IV, p. 84; Ritter, Grand Sém. Strasbourg, no 301.
          <lb/>2263
          <lb/>LAMBERTUS, Franciscus : De fidelium vocatione in regnum
          <lb/>Christi... — (Strasbourg vers 1525), in-8°.
          <lb/>Graesse IV, p. 85; Schottenloher, Regensburg, p. 186, n° 33
          <lb/>(probablement Jean Herwagen).
          <lb/>2264
          <lb/>LAMBERTUS, Franciscus: In regulam Minoritarum... commen¬
          <lb/>tarii... — Strasbourg, mai 1525, in-8°.
          <lb/>BN Paris Da 3472 (1); Graesse IV, p. 85.
          <lb/>2265
          <lb/>LAMBERTUS, Franciscus : Commentarius in evangelium
          <lb/>Lucae Spalatino inscriptus. — Strasbourg 1526, in-8°.
          <lb/>Graesse IV, p. 85. (Une éd. J. Herwagen, janvier 1525: Ritter,
          <lb/>Rép. n° 1328).
          <lb/>2266
          <lb/>LAMBERTUS, Franciscus : Ein gar schöner Sendbrieff...
          <lb/>geschrieben nach dem Religionsgespräch zu Marburg. —
          <lb/>Strasbourg, février 1529, in-8°.
          <lb/>2267
          <lb/>288
        </p>
      </div>
    </body>
  </text>
</TEI>
