<?xml version='1.0' encoding='UTF-8'?>
<?xml-model href="https://raw.githubusercontent.com/OpenITI/tei_openiti/master/tei_openiti.rng" type="application/xml" schematypens="http://relaxng.org/ns/structure/1.0"?>
<?xml-model href="https://raw.githubusercontent.com/OpenITI/tei_openiti/master/tei_openiti.rng" type="application/xml" schematypens="http://purl.oclc.org/dsdl/schematron"?>
<TEI xmlns="http://www.tei-c.org/ns/1.0">
  <teiHeader>
    <fileDesc>
      <titleStmt>
        <title/>
      </titleStmt>
      <publicationStmt>
        <p/>
      </publicationStmt>
      <sourceDesc>
        <p/>
      </sourceDesc>
    </fileDesc>
    <profileDesc>
      <calendarDesc>
        <calendar xml:id="ah">
          <p>Anno Hegirae</p>
        </calendar>
      </calendarDesc>
    </profileDesc>
    <xenoData xml:space="preserve">
CREATED: 2024-04-11T12:18:02.923788+00:00
CREATED BY: eScriptorium vpassthistobuildcmd
IMAGE FILENAME: 20211206-002049.tif
IMAGE WIDTH: 2508
IMAGE HEIGHT: 3990
</xenoData>
  </teiHeader>
  <text>
    <body>
      <div>
        <p>
          <lb/>pentibus amicitiae (auspici Laur. Th. Walliser). —
          <lb/>Strasbourg 1597, in-4°.
          <lb/>Ritter : B M Strasbourg n° 512.
          <lb/>989
          <lb/>BERNHARD von Kageneck. Voir : KAGENECK, Berhard von.
          <lb/>BERNO (abbé de Reichenau) : Libellus de officio missae, quem
          <lb/>edidit Thomae... — (Strasbourg, Mathias Schürer,
          <lb/>septembre 1514), in-4°.
          <lb/>Schmidt VIII, no 141 : B M Sélestat. (La B N de Strasbourg
          <lb/>possède l’éd. Schürer 1511 : R 101.332. Voir Ritter, Rép.
          <lb/>n° 189 et Schmidt VIII, n° 62l.
          <lb/>990
          <lb/>BEROALDUS, Philippus : Oratio proverbiorum... —
          <lb/>(Strasbourg, Mathias Hupfuff 7.L.1505), in-fol.
          <lb/>BN Paris : Rés. Z. 1025.
          <lb/>991
          <lb/>BEROALDUS, Philippus : Oratio proverbiorum...
          <lb/>—
          <lb/>(Strasbourg, Mathias Hupfuff, 7 juin 1505), in-4°.
          <lb/>Schmidt V, 37 : jadis Bibl. de Strasbourg, Incun, n° 785, Bâle,
          <lb/>BN Strasbourg (manque).
          <lb/>992
          <lb/>BEROALDUS, Phil. : Declamation., von dreyen brüdern,
          <lb/>der erst ein drunckner bosz, der ander ein hurer, der
          <lb/>dritt ein spyler. — Strasbourg, imprimeur René Beck
          <lb/>1521, in-4°.
          <lb/>Ritter, Hist. Impr. p. 222 (Une éd. de 1513 : Ritter, Rép.
          <lb/>n° 192l.
          <lb/>993
          <lb/>BEROALDUS, Phil. Voir : AURELIUS V. S.; RITTER, Rép.
          <lb/>nos 190-192.
          <lb/>BESCHREIBUNG der Weltkugel. Voir : GLOBUS mundi.
          <lb/>BESCHREIBUNG : Warhafflige Beschreibung einer Wunder¬
          <lb/>geburt, welche an ort und enden wie hernach genennet
          <lb/>sich begeben hat Anno M.D.LXVI. [Anne, femme de
          <lb/>Caspar Ris à Emersacker entre Angsbourg et Dillingen
          <lb/>47
        </p>
      </div>
    </body>
  </text>
</TEI>
