<?xml version='1.0' encoding='UTF-8'?>
<?xml-model href="https://raw.githubusercontent.com/OpenITI/tei_openiti/master/tei_openiti.rng" type="application/xml" schematypens="http://relaxng.org/ns/structure/1.0"?>
<?xml-model href="https://raw.githubusercontent.com/OpenITI/tei_openiti/master/tei_openiti.rng" type="application/xml" schematypens="http://purl.oclc.org/dsdl/schematron"?>
<TEI xmlns="http://www.tei-c.org/ns/1.0">
  <teiHeader>
    <fileDesc>
      <titleStmt>
        <title/>
      </titleStmt>
      <publicationStmt>
        <p/>
      </publicationStmt>
      <sourceDesc>
        <p/>
      </sourceDesc>
    </fileDesc>
    <profileDesc>
      <calendarDesc>
        <calendar xml:id="ah">
          <p>Anno Hegirae</p>
        </calendar>
      </calendarDesc>
    </profileDesc>
    <xenoData xml:space="preserve">
CREATED: 2024-04-11T12:18:03.047672+00:00
CREATED BY: eScriptorium vpassthistobuildcmd
IMAGE FILENAME: 20211206-002057.tif
IMAGE WIDTH: 2482
IMAGE HEIGHT: 3976
</xenoData>
  </teiHeader>
  <text>
    <body>
      <div>
        <p>
          <lb/>keiner mehr... sich des Pulvermachens understehn noch
          <lb/>annemmen soll. [Suit l’ordonnance en 4 paragraphesl.
          <lb/>Actum et Decretum Sambstags den andern Decembris
          <lb/>1581. — (Strasbourg] 1581, placard, 82 lignes.
          <lb/>Ritter: B M Strasbourg n° 557.
          <lb/>1025
          <lb/>BOCK von Erlenburg : Wir Georg Jacob von Erlenburg, der
          <lb/>Maister und der Raht... gebieten allen... das sie hie¬
          <lb/>zwischen dato und nechtskünfftigem Sanct Johans des
          <lb/>Teuffers tag... [den] ausstand auff dem Stall richtig
          <lb/>machen und bezalen sollen. A la fin: Actum &amp;amp; Decretum
          <lb/>Mitwoch den sechsten Januarii Anno M.D.LXXXV. —
          <lb/>(Strasbourg) 1585, placard in-40.
          <lb/>Ritter: B M Strasbourg n° 558.
          <lb/>1026
          <lb/>BOCKMÜHL, P. Voir : [VERSTEGHE] n° 3401.
          <lb/>BODENSTEIN, Adam von. Voir : PARACELSUS.
          <lb/>BOECKLIN, Guilhelmus. Voir: SAPIDUs, Joh, n° 3165.
          <lb/>BOETHIUS : De Consolatione philosophiae... — (Strasbourg,
          <lb/>Jean Knobloch (12 avril] 1514), in-4°.
          <lb/>Schmidt VII, n° 89: B M Francfort-s.-M. [Ritter, Rép, n° 225 :
          <lb/>éd. Grüninger 1501).
          <lb/>1027
          <lb/>BOIE, Nic. Voir: LIED (ein neues) n° 2326.
          <lb/>BOLERUS, Martinus : Scholia in orationem M. T. Ciceronis pro
          <lb/>A. Licinio Archia poeta. — Strasbourg, Christianus
          <lb/>Egenolph 1530, in-80.
          <lb/>Walter no 973; Panzer VI, 117, 804; Benzing : Egenolff
          <lb/>n° 37.
          <lb/>1028
          <lb/>BOLERUS, Martinus : Epicedion illustrissimi principis Georgi
          <lb/>Palatini Rheni, episcopi Spirensis... — Strasbourg, 1530,
          <lb/>in-4°.
          <lb/>55
        </p>
      </div>
    </body>
  </text>
</TEI>
