<?xml version='1.0' encoding='UTF-8'?>
<?xml-model href="https://raw.githubusercontent.com/OpenITI/tei_openiti/master/tei_openiti.rng" type="application/xml" schematypens="http://relaxng.org/ns/structure/1.0"?>
<?xml-model href="https://raw.githubusercontent.com/OpenITI/tei_openiti/master/tei_openiti.rng" type="application/xml" schematypens="http://purl.oclc.org/dsdl/schematron"?>
<TEI xmlns="http://www.tei-c.org/ns/1.0">
  <teiHeader>
    <fileDesc>
      <titleStmt>
        <title/>
      </titleStmt>
      <publicationStmt>
        <p/>
      </publicationStmt>
      <sourceDesc>
        <p/>
      </sourceDesc>
    </fileDesc>
    <profileDesc>
      <calendarDesc>
        <calendar xml:id="ah">
          <p>Anno Hegirae</p>
        </calendar>
      </calendarDesc>
    </profileDesc>
    <xenoData xml:space="preserve">
CREATED: 2024-04-11T12:18:09.822827+00:00
CREATED BY: eScriptorium vpassthistobuildcmd
IMAGE FILENAME: 20211206-002319.tif
IMAGE WIDTH: 2518
IMAGE HEIGHT: 4004
</xenoData>
  </teiHeader>
  <text>
    <body>
      <div>
        <p>
          <lb/>carmine scripta... Suit un annagramme dont les majus¬
          <lb/>cules donnent la date de la mort de Zell ; 1548. —
          <lb/>(Strasbourg, Wolfg. Koepfel 1548), in-8° (Marque typ.
          <lb/>de Koepfel à la fin du livrel.
          <lb/>Bibl. St. Guillaume, Strasbourg.
          <lb/>2421
          <lb/>LOEWENRITTER. Voir: HISTORY von Herzog Heinrich,
          <lb/>n° 2033.
          <lb/>LOHER : Ein schöne warhafftige History von Keiser Karolus
          <lb/>Rl
          <lb/>sun genant Loher oder Lotarius... — Strasbourg,
          <lb/>Jean Grüninger 1513, in-fol.
          <lb/>Ceibua
          <lb/>9
          <lb/>Goedeke I2, p. 257, n° 1; Proctor 9929; Heitz-Ritter, n° 282 ;
          <lb/>Freiburg-i.-Br., London, Brit. Museum, Munich, Nuremberg,
          <lb/>Germ. Museum.
          <lb/>Vit
          <lb/>2422
          <lb/>LOHER : (Idem). — (Strasbourg, Jean Grüninger (25.II)
          <lb/>1514), in-fol.
          <lb/>Brunet III, 232; Schmidt I, n° 133; Kristeller 98; Heitz¬
          <lb/>Ritter, n° 283; Berlin, Darmstadt, Munich.
          <lb/>2423
          <lb/>LONICER, Joh. : Berichtbüchlin. Wie das ein yegklich
          <lb/>Christen mensch gewisz sey der gnaden, huld und guten
          <lb/>willen Gottes gegen ym. Dazu von der Eer und
          <lb/>Anruffung der abgestorbenen Heiligen... — [Strasbourg,
          <lb/>Jean Knobloch avec encadrement propre à Knobloch
          <lb/>au titre et au verso du dernier f. 1523), in-4°. [La préface
          <lb/>de Lonicer est datée : Esslingen, 26. Tag Meyens 1523).
          <lb/>Bibl. S. Guillaume, Strasbourg. (Ritter, Rép. n° 1385 met
          <lb/>Schottl.
          <lb/>2424
          <lb/>LONICER, Joh. : (Idem). — (Strasbourg, Jean Schott 15271,
          <lb/>in-4°. [Encadrement de J. Schottl.
          <lb/>Bibl. St. Guillaume, Strasbourg.
          <lb/>2425
          <lb/>LONICER, J. Voir aussi : CORVINUS, Antonius, n° 1440;
          <lb/>LUTHER (Habacuc), n° 2507.
          <lb/>317
          <lb/>11
        </p>
      </div>
    </body>
  </text>
</TEI>
