<?xml version='1.0' encoding='UTF-8'?>
<?xml-model href="https://raw.githubusercontent.com/OpenITI/tei_openiti/master/tei_openiti.rng" type="application/xml" schematypens="http://relaxng.org/ns/structure/1.0"?>
<?xml-model href="https://raw.githubusercontent.com/OpenITI/tei_openiti/master/tei_openiti.rng" type="application/xml" schematypens="http://purl.oclc.org/dsdl/schematron"?>
<TEI xmlns="http://www.tei-c.org/ns/1.0">
  <teiHeader>
    <fileDesc>
      <titleStmt>
        <title/>
      </titleStmt>
      <publicationStmt>
        <p/>
      </publicationStmt>
      <sourceDesc>
        <p/>
      </sourceDesc>
    </fileDesc>
    <profileDesc>
      <calendarDesc>
        <calendar xml:id="ah">
          <p>Anno Hegirae</p>
        </calendar>
      </calendarDesc>
    </profileDesc>
    <xenoData xml:space="preserve">
CREATED: 2024-04-11T12:18:11.102369+00:00
CREATED BY: eScriptorium vpassthistobuildcmd
IMAGE FILENAME: 20211206-002367.tif
IMAGE WIDTH: 2518
IMAGE HEIGHT: 3968
</xenoData>
  </teiHeader>
  <text>
    <body>
      <div>
        <p>
          <lb/>Arnolt buschman. — (Strasbourg, Mathias Hupfuff
          <lb/>1505), in-4°.
          <lb/>Schmidt V, n° 46 : B M Zurich; Weller 330.
          <lb/>2688
          <lb/>MIRAKEL : (Idem). — (Strasbourg, Mathias Hupfuff 1515),
          <lb/>in-40.
          <lb/>Schmidt V, n° 132; Weller, Rep. 927. — B N Berlin. 2689
          <lb/>MIRANDOLA Picus a : Opera... accurate revisa... — (Strasbourg,
          <lb/>Jean Prüss, 15 mars 1504), in-4°.
          <lb/>Walter, n° 1880. (B N Strasbourg R. 10.334 (1) et R10.523;
          <lb/>Rép. n° 1869).
          <lb/>2690
          <lb/>MIRANDOLA Picus a : De rerum praenotatione Libri
          <lb/>novem... — Strasbourg, Jean Knobloch, recognovit
          <lb/>Mathias Schürer 1507, in-fol.
          <lb/>Walter, nos 1882/1883.
          <lb/>2691
          <lb/>MIRANDOLA Picus a : Ad Leonem Pont. Max &amp;amp; Concil,
          <lb/>Lateran. de reformandis Moribus oratio. Eiusdem
          <lb/>hymni tres D. Martino, Magdalenae &amp;amp; Antonio decan¬
          <lb/>tati. — (Haguenau, Thomas Anshelm, mars 1520), in-4°.
          <lb/>Walter, n° 1888. (B N Strasbourg R 101.026 ; Rép. n° 1876).
          <lb/>2692
          <lb/>MISSA : Missa latina quae olim ante Romanum circa 700
          <lb/>Domini annum in usu fuit, bona fide ex vetusto authen¬
          <lb/>ticoque Codice descripta... Adiuncta est beati Rhenani
          <lb/>praefatio in Missam Chrysostomi à Leone Tusco, anno
          <lb/>Domini 1070 versam (éd. Flacius Illyricus). —
          <lb/>Strasbourg, Christian Mylius 1557, in-8°.
          <lb/>Londres, Brit. Museum.
          <lb/>2693
          <lb/>MISSALE Argentinense... — (Strasbourg, Jean Prüss 1508),
          <lb/>in-fol.
          <lb/>Walter, n° 1890; Vogeleis, p. 169. [Une éd. Haguenau,
          <lb/>Th. Anshelm 1520, voir Ritter, Rép. n° 1582).
          <lb/>2694
          <lb/>365
        </p>
      </div>
    </body>
  </text>
</TEI>
