<?xml version='1.0' encoding='UTF-8'?>
<?xml-model href="https://raw.githubusercontent.com/OpenITI/tei_openiti/master/tei_openiti.rng" type="application/xml" schematypens="http://relaxng.org/ns/structure/1.0"?>
<?xml-model href="https://raw.githubusercontent.com/OpenITI/tei_openiti/master/tei_openiti.rng" type="application/xml" schematypens="http://purl.oclc.org/dsdl/schematron"?>
<TEI xmlns="http://www.tei-c.org/ns/1.0">
  <teiHeader>
    <fileDesc>
      <titleStmt>
        <title/>
      </titleStmt>
      <publicationStmt>
        <p/>
      </publicationStmt>
      <sourceDesc>
        <p/>
      </sourceDesc>
    </fileDesc>
    <profileDesc>
      <calendarDesc>
        <calendar xml:id="ah">
          <p>Anno Hegirae</p>
        </calendar>
      </calendarDesc>
    </profileDesc>
    <xenoData xml:space="preserve">
CREATED: 2024-04-11T12:18:13.641387+00:00
CREATED BY: eScriptorium vpassthistobuildcmd
IMAGE FILENAME: 20211206-002488.tif
IMAGE WIDTH: 2518
IMAGE HEIGHT: 3964
</xenoData>
  </teiHeader>
  <text>
    <body>
      <div>
        <p>
          <lb/>TERENTIUS : Comœdiae... Anno M.D.XXII. — (Strasbourg,
          <lb/>Jean Knobloch, février 1522), in-80.
          <lb/>Schmidt VII, n° 231 : Aarau, Bibl. cantonale.
          <lb/>3324
          <lb/>TERENTIUS: Comoediae VI. Cum utilissimo de Comoedia libello
          <lb/>L. Victoris Fausti. — Strasbourg, J. ean) Kn. [oblochl
          <lb/>1523, in-8°.
          <lb/>Panzer 6, 103, 660; Schmidt VII, n° 270; Weislinger 201
          <lb/>(Terentius voir aussi : Ritter, Rép. nos 2283-2292).
          <lb/>3325
          <lb/>TESTAMENT (das alte) : Das dirt (sic) teyl des alten Testaments.
          <lb/>Die bücher dises teils. 1. Buch Hiob. 2. Psalter, 3. Sprüch
          <lb/>Salo. 4. Prediger Salo, 5. Hohe Lied Salo. — Haguenau,
          <lb/>Amandus Farckal 1525, in-80.
          <lb/>Burg, n° 421.
          <lb/>3326
          <lb/>TESTAMENT, das alte : DAs dritte teyl des Alten Testaments.
          <lb/>Der Psalter von neuwen durch D. Martin Luther
          <lb/>geendert unnd gebessert. (Solchs zeygen an dise sternen
          <lb/>wo sie kommen). — Getruckt zu Straszburg
          <lb/>M. D.XXIX. A la fin : Getruckt zu Hagenaw durch
          <lb/>Guilhelmum Seltz, in verlegung Pauli Goetz und Martin
          <lb/>Hase im jar M.D.XXX. [Marque typ. de Seltz), in-fol.
          <lb/>Bibl. Grand Sém. Strasbourg A 17; Burg, n° 422. 3327
          <lb/>TESTAMENT, Das alte : DAS Alt Testament Teutsch nach
          <lb/>urspringlicher Ebreischer warheyt. Mit schœner der
          <lb/>schwersten orter auszlegung. Mar. Luther. — Gedruckt
          <lb/>zu Straszburg bei Johann Knoblouch, im Jenner. Des
          <lb/>Jars M. D.XXVIII, in-fol.
          <lb/>Bibl. Grand Sém. Strasbourg A 17. [Éd. Knobloch 1524 :
          <lb/>Ritter, Rép. n° 2296).
          <lb/>3328
          <lb/>TESTAMENT, das alte : DAs Ander teyl des Alten testaments.
          <lb/>— Getruckt zu Hagenaw (bey Wilhelm Seltz, durch
          <lb/>verlegung Pauli Goetzen im iar... 1529. Auff montag
          <lb/>vor Marie geburt), in-fol.
          <lb/>486
        </p>
      </div>
    </body>
  </text>
</TEI>
