<?xml version='1.0' encoding='UTF-8'?>
<?xml-model href="https://raw.githubusercontent.com/OpenITI/tei_openiti/master/tei_openiti.rng" type="application/xml" schematypens="http://relaxng.org/ns/structure/1.0"?>
<?xml-model href="https://raw.githubusercontent.com/OpenITI/tei_openiti/master/tei_openiti.rng" type="application/xml" schematypens="http://purl.oclc.org/dsdl/schematron"?>
<TEI xmlns="http://www.tei-c.org/ns/1.0">
  <teiHeader>
    <fileDesc>
      <titleStmt>
        <title/>
      </titleStmt>
      <publicationStmt>
        <p/>
      </publicationStmt>
      <sourceDesc>
        <p/>
      </sourceDesc>
    </fileDesc>
    <profileDesc>
      <calendarDesc>
        <calendar xml:id="ah">
          <p>Anno Hegirae</p>
        </calendar>
      </calendarDesc>
    </profileDesc>
    <xenoData xml:space="preserve">
CREATED: 2024-04-11T12:18:10.915292+00:00
CREATED BY: eScriptorium vpassthistobuildcmd
IMAGE FILENAME: 20211206-002354.tif
IMAGE WIDTH: 2490
IMAGE HEIGHT: 4002
</xenoData>
  </teiHeader>
  <text>
    <body>
      <div>
        <p>
          <lb/>MEISTER (die sieben weisen) : (Idem). — Strasbourg,
          <lb/>Jacques Cammerlander 1546, in-4°.
          <lb/>Heitz-Ritter, n° 416: B N Vienne.
          <lb/>2611
          <lb/>MEISTER (die sieben weisen) : Von Untreu der Weiber,
          <lb/>schöne Gleichnussen der sieben weisen Meister, wie
          <lb/>Pontianus der Kaiser zu Rom seinen Sohn Diocletianus
          <lb/>den sieben weisen Meistern befihlet und wie derselbe
          <lb/>hernach durch Untreu seiner Stiefmutter siebenmal
          <lb/>zum Galgen geführt, aber durch schöne Gleichnusse der
          <lb/>sieben Meister vom Tode erretet wird. — Strasbourg,
          <lb/>Wendel Rihel 1549, in-4°.
          <lb/>Graesse VI, p. 365; Heitz-Ritter, n° 418.
          <lb/>2612
          <lb/>MEISTER (die sieben weisen) : (Idem). — Strasbourg,
          <lb/>Christian Müller (Mylius) 1558, in-8°.
          <lb/>Heitz-Ritter, n° 422: B N Berlin.
          <lb/>2613
          <lb/>MEISTER (die sieben weisen) : (Idem). — Strasbourg 1572,
          <lb/>in-40.
          <lb/>Heitz-Ritter n° 426 : Wolfenbüttel.
          <lb/>2614
          <lb/>MEISTER (die sieben weisen) : (Idem). — Strasbourg,
          <lb/>Christian Müller (Mylius) 1577, in-80.
          <lb/>Graesse VI, p. 365; Heitz-Ritter, n° 428 : Berlin. 2615
          <lb/>MEISTER (die sieben weisen). Voir aussi : (RITTER, Rép.
          <lb/>nos 1010-1012 à Gesta Romanoruml.
          <lb/>MEISTERGESANG : Meistergesang. Ein schön neüw weinacht
          <lb/>Lied, Gott schöpffer ich ruff dich an... (grav.). Getruckt
          <lb/>zu Straszburg, bey Th. Berger, s. d., in-8°.
          <lb/>Heitz, p. 57.
          <lb/>2616
          <lb/>MELANCHTHON, Phil. (Annotationes in Johannem) : Annota¬
          <lb/>tiones in Johannem. — (Haguenau, J. Secer [vers 1524),
          <lb/>in-80.
          <lb/>352
        </p>
      </div>
    </body>
  </text>
</TEI>
