<?xml version='1.0' encoding='UTF-8'?>
<?xml-model href="https://raw.githubusercontent.com/OpenITI/tei_openiti/master/tei_openiti.rng" type="application/xml" schematypens="http://relaxng.org/ns/structure/1.0"?>
<?xml-model href="https://raw.githubusercontent.com/OpenITI/tei_openiti/master/tei_openiti.rng" type="application/xml" schematypens="http://purl.oclc.org/dsdl/schematron"?>
<TEI xmlns="http://www.tei-c.org/ns/1.0">
  <teiHeader>
    <fileDesc>
      <titleStmt>
        <title/>
      </titleStmt>
      <publicationStmt>
        <p/>
      </publicationStmt>
      <sourceDesc>
        <p/>
      </sourceDesc>
    </fileDesc>
    <profileDesc>
      <calendarDesc>
        <calendar xml:id="ah">
          <p>Anno Hegirae</p>
        </calendar>
      </calendarDesc>
    </profileDesc>
    <xenoData xml:space="preserve">
CREATED: 2024-04-11T12:18:09.472827+00:00
CREATED BY: eScriptorium vpassthistobuildcmd
IMAGE FILENAME: 20211206-002305.tif
IMAGE WIDTH: 2516
IMAGE HEIGHT: 3942
</xenoData>
  </teiHeader>
  <text>
    <body>
      <div>
        <p>
          <lb/>LIED (ein schönes, geistliches) : Ein schön Geistlich Lied
          <lb/>von der gemeinschafft Christi und vom Brotbrechen des
          <lb/>Herren nachtmal... Ein ander Christlich Lied, darin dz
          <lb/>gantz leben Unsers Herren Jhesu Christi begriffen...
          <lb/>(grav.). — (Strasbourg, Th. Berger s. d.), in-8°.
          <lb/>Heitz, p. 13; Wackernagel III, 962: Schmid Hans et III, 807.
          <lb/>2347
          <lb/>LIED (ein schönes, geistliches) : Ein schön geistlich Lied,
          <lb/>Wacht auff ihr Christen alle... Ein ander schön geystlich
          <lb/>Lied zu diser trübsäligen zeit... (grav.). — (Gedruckt zu
          <lb/>Strasburg, Thiebolt Berger am barfuszer platz) s. d.,
          <lb/>in-8°.
          <lb/>Heitz, p. 3. La grav. est d’Urs Graf.
          <lb/>2348
          <lb/>LIED (ein schönes geistliches neues) : Ein schön Geistlich
          <lb/>new lied, von dem Reichen Mann und armen Lazaro...
          <lb/>(grav.) Getruck (sic) zu Strasburg bey Th. Berger am
          <lb/>Barfüsser platz s. d., in-80.
          <lb/>Heitz, p. 51 ; Wackernagel IV, 124 : Val. Triller. 2349
          <lb/>LIED (ein schönes, lustiges) : Ein Schön, und lustig new Lied,
          <lb/>von der Edlen Statt Strassburg, unnd Bistumb da selbs,
          <lb/>im jetzigen Kriegswesen gantz kurzweilig zu singen.
          <lb/>Im Thon, Magdeburg nuh halt dich feste... — Gedruckt
          <lb/>zu Christlingen durch Tuiscum Guttmann (Strasbourg,
          <lb/>Bernard Jobin 1592), in-8°.
          <lb/>Weller, Annalen I, p. 95, n° 431.
          <lb/>2350
          <lb/>LIED (ein schönes, neues) : Ein schön neüw Lied, vom Abgott
          <lb/>Bell unnd seiner Priesterschaft, und von jhrem Diebstal...
          <lb/>(grav.). — [Strasbourg, Th. Berger s. d.), in-8°.
          <lb/>Heitz, p. 7 ; Wackernagel IV, 781 : Martin Waldner. 2351
          <lb/>LIED (ein schönes neues) : Ein schön neüw Lied vom Glauben
          <lb/>und Testament, auch von der bereytung zu dem tysch
          <lb/>303
        </p>
      </div>
    </body>
  </text>
</TEI>
