<?xml version='1.0' encoding='UTF-8'?>
<?xml-model href="https://raw.githubusercontent.com/OpenITI/tei_openiti/master/tei_openiti.rng" type="application/xml" schematypens="http://relaxng.org/ns/structure/1.0"?>
<?xml-model href="https://raw.githubusercontent.com/OpenITI/tei_openiti/master/tei_openiti.rng" type="application/xml" schematypens="http://purl.oclc.org/dsdl/schematron"?>
<TEI xmlns="http://www.tei-c.org/ns/1.0">
  <teiHeader>
    <fileDesc>
      <titleStmt>
        <title/>
      </titleStmt>
      <publicationStmt>
        <p/>
      </publicationStmt>
      <sourceDesc>
        <p/>
      </sourceDesc>
    </fileDesc>
    <profileDesc>
      <calendarDesc>
        <calendar xml:id="ah">
          <p>Anno Hegirae</p>
        </calendar>
      </calendarDesc>
    </profileDesc>
    <xenoData xml:space="preserve">
CREATED: 2024-04-11T12:18:11.199637+00:00
CREATED BY: eScriptorium vpassthistobuildcmd
IMAGE FILENAME: 20211206-002373.tif
IMAGE WIDTH: 2512
IMAGE HEIGHT: 3960
</xenoData>
  </teiHeader>
  <text>
    <body>
      <div>
        <p>
          <lb/>geschickt, die vergifft wasser darüber schüttet und
          <lb/>ausztranck, und von stund an starb... — Strasbourg,
          <lb/>officine de Jean Knobloch s. d., in-8°.
          <lb/>Goedeke IIa, p. 467.
          <lb/>2720
          <lb/>MONTANUS, Mart. Voir aussi (RITTER, Rép, nos 1589-1591).
          <lb/>MONTEVILLA, Johannes von : [Itinerarius) (en allemand par
          <lb/>Otto von Diemeringen). — Strasbourg, Mathias Hupfuff
          <lb/>1501, in-fol.
          <lb/>Kristeller, n° 260; Schmidt V, n° 12; Panzer, Annalen I, 255;
          <lb/>Weller, Rep. 200; Heitz-Ritter, n° 379 ; Göttingen, Munich.
          <lb/>2721
          <lb/>MONTEVILLA, Johannes : (Idem). — (Strasbourg, Jean
          <lb/>Knobloch 21.X.1507), in-fol.
          <lb/>Schmidt VII, n° 32; Weller 408; Heitz-Ritter, n° 380: Londres,
          <lb/>Brit. Museum; Zurich, Bibl, cantonale.
          <lb/>2722
          <lb/>MORD : Ein erschreckenlich grausam unerhört mordt, so
          <lb/>geschehen ist zu Obernehen, in einer Statt, gelegen in
          <lb/>dem Elsas, drey meilenwegs von Strasburg. Allda hat
          <lb/>ein Burger Adam Stägman genant, drey seiner rechten
          <lb/>natürlichen Ehlichen Kindern mit einem beimesser
          <lb/>ellengklichen erstochen und umbracht, wie dise figur
          <lb/>anzeigt... — Strasbourg, Augustin Fries 1556, placard
          <lb/>in-fol. [Le meurtre eut lieu le 10 avril 1556, l’exécution
          <lb/>du meurtrier le 24 avril 15561.
          <lb/>Baechtold, p. 417. Bibl. Centrale Zurich II 12/53.
          <lb/>2723
          <lb/>MORETUS: Liber Moreti docens mores Juvenum in supplemen¬
          <lb/>tum illorum, qui a Cathone erant omissi per Sebastianum
          <lb/>Brant in vulgare noviter translatus. — (Strasbourg,
          <lb/>Jean Knobloch 1508), in-4°.
          <lb/>Goedeke Ia, p. 389, n° 22 (c); Schmidt VII, n° 50: B N Munich;
          <lb/>Weller, Rep. 453.
          <lb/>2724
          <lb/>371
        </p>
      </div>
    </body>
  </text>
</TEI>
