<?xml version='1.0' encoding='UTF-8'?>
<?xml-model href="https://raw.githubusercontent.com/OpenITI/tei_openiti/master/tei_openiti.rng" type="application/xml" schematypens="http://relaxng.org/ns/structure/1.0"?>
<?xml-model href="https://raw.githubusercontent.com/OpenITI/tei_openiti/master/tei_openiti.rng" type="application/xml" schematypens="http://purl.oclc.org/dsdl/schematron"?>
<TEI xmlns="http://www.tei-c.org/ns/1.0">
  <teiHeader>
    <fileDesc>
      <titleStmt>
        <title/>
      </titleStmt>
      <publicationStmt>
        <p/>
      </publicationStmt>
      <sourceDesc>
        <p/>
      </sourceDesc>
    </fileDesc>
    <profileDesc>
      <calendarDesc>
        <calendar xml:id="ah">
          <p>Anno Hegirae</p>
        </calendar>
      </calendarDesc>
    </profileDesc>
    <xenoData xml:space="preserve">
CREATED: 2024-04-11T12:18:01.815604+00:00
CREATED BY: eScriptorium vpassthistobuildcmd
IMAGE FILENAME: 20211206-002013.tif
IMAGE WIDTH: 2516
IMAGE HEIGHT: 3976
</xenoData>
  </teiHeader>
  <text>
    <body>
      <div>
        <p>
          <lb/>ALBERTUS Magnus : Super Matthei Evangeliare Postilla. —
          <lb/>(Haguenau, Henri Gran pour Jean Rynman 1515),
          <lb/>in-fol.
          <lb/>Beaulieux p. 13 : B U Paris Réserve 113.
          <lb/>781
          <lb/>ALBERTUS Magnus : Das buch der versamlung... —
          <lb/>(Strasbourg, Martin Flach 1519), in-40.
          <lb/>GKII, 9954: BN Munich — Schmidt VI, p. 29, n° 40 :
          <lb/>Berne; Panzer, Annalen I, 426.
          <lb/>782
          <lb/>ALBERTUS Magnus : Das buch der versamlung... —
          <lb/>(Strasbourg, Jean Knobloch 1516), in-40.
          <lb/>GKII, 9953: BN Munich; Panzer, Annalen I, 394, 851;
          <lb/>Schmidt VII, no 131 : S. Gall (Stiftsbibl.).
          <lb/>783
          <lb/>ALBERTUS Magnus : Philosophiae naturalis isagoge... —
          <lb/>(Strasbourg, Morhard 1520), in-4°.
          <lb/>GKII, 10.051: BN Munich, Vienne.
          <lb/>784
          <lb/>ALBERTUS Magnus : [Naturalia, darinn durch sechs kurtze
          <lb/>Büchlin viel haimligkeiten der Natur beschrieben.) —
          <lb/>(Strasbourg, Wendelin Rihel 1549), in-4°.
          <lb/>GKII, 9798: B U Breslau.
          <lb/>785
          <lb/>ALBERTUS Magnus. Voir aussi: BUECHLEIN (ein hüpsch)
          <lb/>n° 1200; RITTER, Rép. nos 23-31. Ulstadius, Phil.
          <lb/>n° 3378.
          <lb/>ALBERUS, Erasmus : Judicium de Spongia Erasmi Roterodami
          <lb/>adeoque quatenus illi conveniat cum M. Lutheri doctrina.
          <lb/>Epistola Erasmi Rotero. ad Fabrum Const. Vicarium.
          <lb/>Epistola M. Lutheri... de fucata Erasmi Spongia... —
          <lb/>(Haguenau, J. Secer) (1524), in-80.
          <lb/>GKII, 10272: B N Berlin, Munich, B U Göttingen, Marbourg.
          <lb/>786
          <lb/>ALBERUS, Erasmus : Ein schöner Dialog von Martin Luther,
          <lb/>11
        </p>
      </div>
    </body>
  </text>
</TEI>
