<?xml version='1.0' encoding='UTF-8'?>
<?xml-model href="https://raw.githubusercontent.com/OpenITI/tei_openiti/master/tei_openiti.rng" type="application/xml" schematypens="http://relaxng.org/ns/structure/1.0"?>
<?xml-model href="https://raw.githubusercontent.com/OpenITI/tei_openiti/master/tei_openiti.rng" type="application/xml" schematypens="http://purl.oclc.org/dsdl/schematron"?>
<TEI xmlns="http://www.tei-c.org/ns/1.0">
  <teiHeader>
    <fileDesc>
      <titleStmt>
        <title/>
      </titleStmt>
      <publicationStmt>
        <p/>
      </publicationStmt>
      <sourceDesc>
        <p/>
      </sourceDesc>
    </fileDesc>
    <profileDesc>
      <calendarDesc>
        <calendar xml:id="ah">
          <p>Anno Hegirae</p>
        </calendar>
      </calendarDesc>
    </profileDesc>
    <xenoData xml:space="preserve">
CREATED: 2024-04-11T12:18:01.832312+00:00
CREATED BY: eScriptorium vpassthistobuildcmd
IMAGE FILENAME: 20211206-002014.tif
IMAGE WIDTH: 2516
IMAGE HEIGHT: 3976
</xenoData>
  </teiHeader>
  <text>
    <body>
      <div>
        <p>
          <lb/>unn der geschickten Botschafft ausz d’Helle die falsche
          <lb/>geystligkeit unn das wort Gots belangen... — (Strasbourg),
          <lb/>1523, in-80.
          <lb/>GKII, 10.234 : Berlin.
          <lb/>787
          <lb/>ALBERUS, Erasmus : Etliche Fabel Esopi verteutscht unnd
          <lb/>ynn Rheymen bracht. Sampt anderen newen Fabeln... —
          <lb/>Haguenau 1534, in-80.
          <lb/>A la fin, marque typ. avec le Januskopf. GKII, 10.255:
          <lb/>Vienne, Dresde; Braune, Erasmus Alberus (Neudrucke
          <lb/>des XVI. u. XVII. Jhd., fasc. 104-107), p. 1X.
          <lb/>788
          <lb/>ALBERUS, Erasmus : Utilissima Praecepta morum... in
          <lb/>gratiam incipientium puerorum. — Haguenau, Kobian
          <lb/>1151 36, in-80.
          <lb/>GKII, 10.286; BN Munich.
          <lb/>789
          <lb/>ALBERUS, Erasmus : Eyn gut buch von der Ehe... —
          <lb/>Haguenau 1536, in-8°.[Dédicace datée 1534l.
          <lb/>Goedeke II2, 443; Braune, Erasmus Alberus (Neudrucke des
          <lb/>XVI. u. XVII. Jhd., fasc. 104-107), p. XII.
          <lb/>790
          <lb/>ALBERUS, Erasmus : Utilissima praecepta morum... Joanni
          <lb/>D. Martini Lutheri filio nuncupata. — Haguenau,
          <lb/>Kobian 1537, in-80.
          <lb/>GKII, 10.288 : Vienne.
          <lb/>791
          <lb/>ALBERUS, Erasmus. Voir aussi : BRENTIUS, Joh., Buch Ruth
          <lb/>n° 1090; LIEDER (zwei schöne, neue, geistliche) n° 2396.
          <lb/>ALBINUS D. Voir : ALCUINUS.
          <lb/>ALBRECHT, Graf zu Nassau-Saarbrücken. Voir: STEPHAN,
          <lb/>Laur.
          <lb/>ALBRECHT Meister (Forgeron de l’empereur Fréderic):
          <lb/>Rossartzney büchlin... — Strasbourg, Frölich (après
          <lb/>15001 in-40.
          <lb/>GKII, 10.657: B N Vienne.
          <lb/>792
          <lb/>12
        </p>
      </div>
    </body>
  </text>
</TEI>
