<?xml version='1.0' encoding='UTF-8'?>
<?xml-model href="https://raw.githubusercontent.com/OpenITI/tei_openiti/master/tei_openiti.rng" type="application/xml" schematypens="http://relaxng.org/ns/structure/1.0"?>
<?xml-model href="https://raw.githubusercontent.com/OpenITI/tei_openiti/master/tei_openiti.rng" type="application/xml" schematypens="http://purl.oclc.org/dsdl/schematron"?>
<TEI xmlns="http://www.tei-c.org/ns/1.0">
  <teiHeader>
    <fileDesc>
      <titleStmt>
        <title/>
      </titleStmt>
      <publicationStmt>
        <p/>
      </publicationStmt>
      <sourceDesc>
        <p/>
      </sourceDesc>
    </fileDesc>
    <profileDesc>
      <calendarDesc>
        <calendar xml:id="ah">
          <p>Anno Hegirae</p>
        </calendar>
      </calendarDesc>
    </profileDesc>
    <xenoData xml:space="preserve">
CREATED: 2024-04-11T12:18:01.800035+00:00
CREATED BY: eScriptorium vpassthistobuildcmd
IMAGE FILENAME: 20211206-002012.tif
IMAGE WIDTH: 2486
IMAGE HEIGHT: 3970
</xenoData>
  </teiHeader>
  <text>
    <body>
      <div>
        <p>
          <lb/>ALANÇON, Duc de. Voir: ZEITUNG (Gründtliche) n° 3611.
          <lb/>ALANUS DE INSULIS : Liber parabolarum... — (Strasbourg,
          <lb/>J. Knobloch 1513), in-4°.
          <lb/>GKII, 7871; B. N. Munich.
          <lb/>774
          <lb/>ALANUS DE INSULIS : Dicta Alani (en allemand). A la suite
          <lb/>de : BERNARDUS, Trevisanus : Von der Hermetischen
          <lb/>Philosophia... — Strasbourg 1582, in-8°.
          <lb/>775
          <lb/>ALBENCNEFIT. Voir : ELIMATHAR Elluchasem.
          <lb/>ALBERTANUS. Causidicus Brixiensis : Diss ist der Brunn des
          <lb/>radts.... (Strasbourg, J. Grüninger après 1500), in-4°.
          <lb/>Voir aussi n° 1226a ff. GKII, 9131 : BN Munich.
          <lb/>776
          <lb/>ALBERTANUS, Causidicus Brixiensis : Diss ist der Brunn des
          <lb/>radts... (Liber consolationis et concilii). — Strasbourg,
          <lb/>Martin Flach 1508, in-40.
          <lb/>GKII, 9132: BN Berlin, Munich. (Voir aussi : Brunn des
          <lb/>Rats).
          <lb/>777
          <lb/>ALBERTI, Leone Battista : De re aedificatoria libri decem...—
          <lb/>Strasbourg, Cammerlander 1541, in-4°.
          <lb/>GKII, 9403: B N Berlin, Munich, Vienne etc.
          <lb/>778
          <lb/>ALBERTUS Magnus : Secreta mulierum et virorum cum
          <lb/>commento (avec supplément de Pierre Chamaillard). —
          <lb/>Strasbourg, Jean Grüninger (après 1500), in-8°.
          <lb/>G W col. 355 : dit xVIe siècle d’après les initiales et les bandes
          <lb/>d’ornement; Reichling Suppl. 9; vers 1496.
          <lb/>779
          <lb/>ALBERTUS Magnus : De secretis mulierum et virorum, cum
          <lb/>commento. [Strasbourg s. d.), in-4°.
          <lb/>G W col. 356 admet xVIe siècle à cause de la scène finale;
          <lb/>Pellechet 375; Schreiber 3062.
          <lb/>780
          <lb/>10
        </p>
      </div>
    </body>
  </text>
</TEI>
