<?xml version='1.0' encoding='UTF-8'?>
<?xml-model href="https://raw.githubusercontent.com/OpenITI/tei_openiti/master/tei_openiti.rng" type="application/xml" schematypens="http://relaxng.org/ns/structure/1.0"?>
<?xml-model href="https://raw.githubusercontent.com/OpenITI/tei_openiti/master/tei_openiti.rng" type="application/xml" schematypens="http://purl.oclc.org/dsdl/schematron"?>
<TEI xmlns="http://www.tei-c.org/ns/1.0">
  <teiHeader>
    <fileDesc>
      <titleStmt>
        <title/>
      </titleStmt>
      <publicationStmt>
        <p/>
      </publicationStmt>
      <sourceDesc>
        <p/>
      </sourceDesc>
    </fileDesc>
    <profileDesc>
      <calendarDesc>
        <calendar xml:id="ah">
          <p>Anno Hegirae</p>
        </calendar>
      </calendarDesc>
    </profileDesc>
    <xenoData xml:space="preserve">
CREATED: 2024-04-11T12:18:07.009536+00:00
CREATED BY: eScriptorium vpassthistobuildcmd
IMAGE FILENAME: 20211206-002211.tif
IMAGE WIDTH: 2514
IMAGE HEIGHT: 3938
</xenoData>
  </teiHeader>
  <text>
    <body>
      <div>
        <p>
          <lb/>GEORG JOHANN (Pfalzgraf, Pfalz-Veldenz). Voir : VOGEL,
          <lb/>Heinrich, n° 3441.
          <lb/>GEORG PHILIPP von Westenburg. Voir : SCHREIER, Paul,
          <lb/>n° 3193.
          <lb/>GEORGIEVICZ, Bartholomaeus : Türckenbüchlein... unnd ein
          <lb/>Disputaz eines Christen und Türcken (zu Gross-Wardein)
          <lb/>vom Glauben mit angehenckten Dialogis Türckisch und
          <lb/>Sclavonisch... übersetzt von Joh. Zschorn. — Strasbourg
          <lb/>1558, in-80.
          <lb/>Graesse III, p. 54.
          <lb/>1873
          <lb/>GEORGIUS, Trapezontius : Contenta : Dialectica... —
          <lb/>(Strasbourg, Mathias Schürer 8.VII. 1509), in-40,
          <lb/>Schmidt VIII, n° 19: B U Fribourg. Panzer 6, 47, 175. (Ritter,
          <lb/>Rép. n° 996/7 ; éd. Schürer 1513 et 1519).
          <lb/>1874
          <lb/>GEORGIUS, Trapezontius : Contenta : Dialectica. —
          <lb/>(Strasbourg, Mathias Schürer juin 1516), in-4°.
          <lb/>Schmidt VIII, n° 189: B U Munich.
          <lb/>1875
          <lb/>GERARDUS, Noviomagus. Voir: ERASMUS, Roterod. (Annota¬
          <lb/>tiones) n° 1559.
          <lb/>GERBEL, Nicolaus : Grammatica Graeca... iam denuo
          <lb/>recognita, atque multis in locis locupletata... Johan.
          <lb/>Secerius... (Distique). — Haganoae ex offi. P. Brub. [achii)
          <lb/>M. D. XXXVI, in-80.
          <lb/>Bibl. Grand Sém. Strasbourg BE 205.
          <lb/>1876
          <lb/>GERBEL, Nicolaus. Voir : CUSPINIANUS, Joh., n° 1474;
          <lb/>OVIDIUS, n° 2807.
          <lb/>GERICHT (Das jüngste) : Das Jungst gericht, Götliche heiliger
          <lb/>dryfaltikeit, rat, clag, und urteyl, mit sampt seyner
          <lb/>heiligen zwelffbotten, unnd aller anderer frummen
          <lb/>209
        </p>
      </div>
    </body>
  </text>
</TEI>
