<?xml version='1.0' encoding='UTF-8'?>
<?xml-model href="https://raw.githubusercontent.com/OpenITI/tei_openiti/master/tei_openiti.rng" type="application/xml" schematypens="http://relaxng.org/ns/structure/1.0"?>
<?xml-model href="https://raw.githubusercontent.com/OpenITI/tei_openiti/master/tei_openiti.rng" type="application/xml" schematypens="http://purl.oclc.org/dsdl/schematron"?>
<TEI xmlns="http://www.tei-c.org/ns/1.0">
  <teiHeader>
    <fileDesc>
      <titleStmt>
        <title/>
      </titleStmt>
      <publicationStmt>
        <p/>
      </publicationStmt>
      <sourceDesc>
        <p/>
      </sourceDesc>
    </fileDesc>
    <profileDesc>
      <calendarDesc>
        <calendar xml:id="ah">
          <p>Anno Hegirae</p>
        </calendar>
      </calendarDesc>
    </profileDesc>
    <xenoData xml:space="preserve">
CREATED: 2024-04-11T12:18:12.106815+00:00
CREATED BY: eScriptorium vpassthistobuildcmd
IMAGE FILENAME: 20211206-002414.tif
IMAGE WIDTH: 2498
IMAGE HEIGHT: 4002
</xenoData>
  </teiHeader>
  <text>
    <body>
      <div>
        <p>
          <lb/>(Francfort-s.-M.) Catal. 500 (1907), n° 870 : « Sehr seltene
          <lb/>Ausgabe der zwanzig Comödien des Plautus, die erste, die
          <lb/>in Deutschland gedruckt wurde»; Vogeleis p. 169. — Bibl.
          <lb/>Centrale Zurich.
          <lb/>2940
          <lb/>PLAUTUS : Aulularia Plautina... quae etsi alias incompleta
          <lb/>a Codro Urseo tamen est perfecta... — Strasbourg,
          <lb/>Mathias Schürer janvier 1517, in-40.
          <lb/>Panzer 6, 84, 484; Schmidt VIII, n° 208 : Bibl. cantonale
          <lb/>Aarau.
          <lb/>2941
          <lb/>PLAUTUS : Aulularia Plautina... — (Strasbourg, Jean
          <lb/>Knobloch et Paul Götz, novembre 1520), in-80.
          <lb/>BN Paris Yc. 4739 ; Schmidt VII, no 204 : Bibl. cantonale
          <lb/>Aarau.
          <lb/>2942
          <lb/>PLAUTUS : Aulularia... (éd. Ant. Urceus genannt Codrus). —
          <lb/>Strasbourg 1520, in-80.
          <lb/>(D’autres éd. Prüss vers 1510, Schürer 1511; voir : Ritter,
          <lb/>Rép. n° 1882-1883).
          <lb/>2943
          <lb/>PLAUTUS : Aulularia a mendis vindicata et doctissimis
          <lb/>scholiis antea a Mor. Sydelio illustrata, nunc vero...
          <lb/>novis scholiis aucta a Stephano Riccio. — Strasbourg
          <lb/>1537, in-40.
          <lb/>Graesse V, p. 331.
          <lb/>2944
          <lb/>PLAUTUS : Comoediae sex. Aulularia, Menaechmi, Trinummus,
          <lb/>Captivi, Miles gloriosus, Amphitruo, cum praefatione
          <lb/>Joan. Sturmii. Pro Schola Argentinensi. — Strasbourg,
          <lb/>Josias Rihel 1566, in-fol.
          <lb/>Vogeleis p. 307. (Comœdiae quatuor, Grüninger 1511;
          <lb/>Comœdiae quinque, Schürer 1514 : Ritter, Rép. nos 1884/5).
          <lb/>2945
          <lb/>PLAUTUS : Menaechmi... Erst newlich verdolmetschet [von
          <lb/>Jonas Bitner). — Strasbourg, Thiébaud Berger 1570,
          <lb/>in-80.
          <lb/>Goedeke II2, p. 318, n° 2 (3); Graesse V, p. 333 : « Il existe
          <lb/>412
        </p>
      </div>
    </body>
  </text>
</TEI>
