<?xml version='1.0' encoding='UTF-8'?>
<?xml-model href="https://raw.githubusercontent.com/OpenITI/tei_openiti/master/tei_openiti.rng" type="application/xml" schematypens="http://relaxng.org/ns/structure/1.0"?>
<?xml-model href="https://raw.githubusercontent.com/OpenITI/tei_openiti/master/tei_openiti.rng" type="application/xml" schematypens="http://purl.oclc.org/dsdl/schematron"?>
<TEI xmlns="http://www.tei-c.org/ns/1.0">
  <teiHeader>
    <fileDesc>
      <titleStmt>
        <title/>
      </titleStmt>
      <publicationStmt>
        <p/>
      </publicationStmt>
      <sourceDesc>
        <p/>
      </sourceDesc>
    </fileDesc>
    <profileDesc>
      <calendarDesc>
        <calendar xml:id="ah">
          <p>Anno Hegirae</p>
        </calendar>
      </calendarDesc>
    </profileDesc>
    <xenoData xml:space="preserve">
CREATED: 2024-04-11T12:18:06.509077+00:00
CREATED BY: eScriptorium vpassthistobuildcmd
IMAGE FILENAME: 20211206-002190.tif
IMAGE WIDTH: 2494
IMAGE HEIGHT: 3970
</xenoData>
  </teiHeader>
  <text>
    <body>
      <div>
        <p>
          <lb/>Schmidt IV, p. 9, n° 24; Panzer, Zusätze, 100; Schöpflin,
          <lb/>Vind. typogr. III; Weller, Rep. 274. — Jadis Bibl. de
          <lb/>Strasbourg, B U Fribourg-en-Br.
          <lb/>1745
          <lb/>FOLTZ, Hans : Eine gute Lehre von allen willtbaden. —
          <lb/>Strasbourg, Barth. Kistler 1504, in-8°.
          <lb/>Goedeke II2, p. 331, n° II (15).
          <lb/>1746
          <lb/>FONTAINES : Des deux fontaines dites de Creysbach et de
          <lb/>Saint-Pierre. — Strasbourg, Antoine Bertram 1590, in-4°.
          <lb/>Ritter : Hist. de l’impr. p. 367.
          <lb/>1747
          <lb/>FONTANUS, Jacobus : De bello Rhodio libri tres... —
          <lb/>Haguenau, Jean Secer août 1527, in-4°.
          <lb/>Ritter: B M Strasbourg, no 1006. [B N Strasbourg R 102.124l.
          <lb/>1748
          <lb/>FORM : Form und Gebet, zu dem Ehe einsegnen, Heyligen
          <lb/>Tauffe, Abendtmal des Herren, Krancken besuchen und
          <lb/>Begräbnüsz der Abgestorbnen, wie es zu Straszburg unnd
          <lb/>anderszwa gehalten wirdt. Mit vorgesetzter Epistel
          <lb/>Pauli an Titum. — [Strasbourg s. d.], in-80.
          <lb/>Hubert, n° 36 : Bibl. Roy. Stuttgart.
          <lb/>1749
          <lb/>FORM : (Idem). — (Strasbourg, Wolfg. Köpfel s. d.), in-8°.
          <lb/>(Préface de Köpfell.
          <lb/>Hubert, no 37; Wackernagel, p. 189.
          <lb/>1750
          <lb/>FORM : (Idem).— (Strasbourg, s. d. ], in-80.
          <lb/>Hubert, n° 38 (par erreur 37): B N Berlin.
          <lb/>1751
          <lb/>FORMULA : declinandi et conjugandi. — Strasbourg,
          <lb/>Jean Knobloch 1519, in-4°.
          <lb/>Panzer 6, 90, 534; Schmidt VII, n° 185; Weislinger Catal.
          <lb/>245.
          <lb/>1752
          <lb/>188
        </p>
      </div>
    </body>
  </text>
</TEI>
