<?xml version='1.0' encoding='UTF-8'?>
<?xml-model href="https://raw.githubusercontent.com/OpenITI/tei_openiti/master/tei_openiti.rng" type="application/xml" schematypens="http://relaxng.org/ns/structure/1.0"?>
<?xml-model href="https://raw.githubusercontent.com/OpenITI/tei_openiti/master/tei_openiti.rng" type="application/xml" schematypens="http://purl.oclc.org/dsdl/schematron"?>
<TEI xmlns="http://www.tei-c.org/ns/1.0">
  <teiHeader>
    <fileDesc>
      <titleStmt>
        <title/>
      </titleStmt>
      <publicationStmt>
        <p/>
      </publicationStmt>
      <sourceDesc>
        <p/>
      </sourceDesc>
    </fileDesc>
    <profileDesc>
      <calendarDesc>
        <calendar xml:id="ah">
          <p>Anno Hegirae</p>
        </calendar>
      </calendarDesc>
    </profileDesc>
    <xenoData xml:space="preserve">
CREATED: 2024-04-11T12:18:13.495930+00:00
CREATED BY: eScriptorium vpassthistobuildcmd
IMAGE FILENAME: 20211206-002477.tif
IMAGE WIDTH: 2484
IMAGE HEIGHT: 3992
</xenoData>
  </teiHeader>
  <text>
    <body>
      <div>
        <p>
          <lb/>bibliopola Argentinensis. M.D.XCIX. — (Strasbourg),
          <lb/>Lazare (Zetzner) 1599, in-8°. (Nouvelle éd. 1600. Voir
          <lb/>Ritter, Rép. n° 2178).
          <lb/>Ritter: B M Strasbourg, n° 1965.
          <lb/>3263
          <lb/>SPENER, Melchior : Auszlegung des Evangelii Matthaei
          <lb/>am 25. Capitel. — Strasbourg, Théodose Rihel 1568.
          <lb/>Ritter : Hist. Impr., p. 276.
          <lb/>3264
          <lb/>SPENGLER, Laz. Voir : AMSDORF, Nicolaus, n° 817.
          <lb/>SPERANTIUS, Séb. Voir: ISOCRATES, n° 2133.
          <lb/>SPHAERA coelestis, hoc est circuli, qui ad compositionem
          <lb/>sphaerae materialis requiruntur omnes,... ut quivis
          <lb/>mediocrem sphaerae cognitionem habens eos facile
          <lb/>coaptare integramque exinde sphaeram construere possit.
          <lb/>— Strasbourg, Jacques von der Heyden vers 1600,
          <lb/>in-fol.
          <lb/>Zinner 3871.
          <lb/>3265
          <lb/>SPIEGEL, Jac. Voir : ISOCRATES, n° 2133; PRUDENTIUS,
          <lb/>Aur,, n° 2997.
          <lb/>(Voir aussi : Ritter, Rép, nos 2183-2185l.
          <lb/>SPIEGEL christlicher Walfart. Voir: SCHOTT, Jean, no 3190.
          <lb/>SPIEGEL der Frauen: Der frawen Spiegel... — (Strasbourg,
          <lb/>Martin Flach vers 1520), in-40.
          <lb/>Schmidt VI, p. 34, n° 60; Traité en rimes; Weller 1386. 3266
          <lb/>SPIEL : Ein schön Spiel von der geschicht der Edlen Römerin
          <lb/>Lucretia... — (Strasbourg, Jacques Frölich 1550), in-8°.
          <lb/>Vogeleis, p. 285; B N Berlin.
          <lb/>3267
          <lb/>SPIEL : Ein schön biblisch Spyl... Judith genennt. Neulich
          <lb/>zu Strassburg durch eine junge Burgersschafft... offentlich
          <lb/>475
        </p>
      </div>
    </body>
  </text>
</TEI>
