<?xml version='1.0' encoding='UTF-8'?>
<?xml-model href="https://raw.githubusercontent.com/OpenITI/tei_openiti/master/tei_openiti.rng" type="application/xml" schematypens="http://relaxng.org/ns/structure/1.0"?>
<?xml-model href="https://raw.githubusercontent.com/OpenITI/tei_openiti/master/tei_openiti.rng" type="application/xml" schematypens="http://purl.oclc.org/dsdl/schematron"?>
<TEI xmlns="http://www.tei-c.org/ns/1.0">
  <teiHeader>
    <fileDesc>
      <titleStmt>
        <title/>
      </titleStmt>
      <publicationStmt>
        <p/>
      </publicationStmt>
      <sourceDesc>
        <p/>
      </sourceDesc>
    </fileDesc>
    <profileDesc>
      <calendarDesc>
        <calendar xml:id="ah">
          <p>Anno Hegirae</p>
        </calendar>
      </calendarDesc>
    </profileDesc>
    <xenoData xml:space="preserve">
CREATED: 2024-04-11T12:18:10.465015+00:00
CREATED BY: eScriptorium vpassthistobuildcmd
IMAGE FILENAME: 20211206-002344.tif
IMAGE WIDTH: 2500
IMAGE HEIGHT: 3974
</xenoData>
  </teiHeader>
  <text>
    <body>
      <div>
        <p>
          <lb/>LUTHER (Sermon vom Leiden Christi): Ein Sermon von der
          <lb/>Betrachtung des heyligen leidens Christi... — (Gedruckt
          <lb/>zu Strosburg) (Jean Prüss, 1520), in-4°. (Encadrement
          <lb/>de J. Prüss).
          <lb/>Bibl. St. Guillaume.
          <lb/>2561
          <lb/>LUTHER (Sermon vom Leiden Christi) : Ein Sermon von der
          <lb/>Betrachtung des heyligen leidens Christi... — Strasbourg,
          <lb/>(Martin Flach, 1520), in-4°.
          <lb/>Schmidt VI, p. 32, n° 51 : Bibl. S. Guillaume, Strasbourg.
          <lb/>2562
          <lb/>LUTHER (Sermon von der Taufe): Von dem heiligen Sacrament
          <lb/>der Tauffe... — Strasbourg, (Martin Flach) 1520, in-4°,
          <lb/>Horning, n° 21; Schmidt VI, p. 32, n° 49; Dommer, Luther¬
          <lb/>drucke, n° 119, l’attribue à Jean Knobloch. — Bibl.
          <lb/>S. Guillaume, Strasbourg.
          <lb/>2563
          <lb/>LUTHER (Sermon vom Weltlichen Recht) : Ein Sermon von
          <lb/>dem weltlichen recht und schwerdt... — (Strasbourg,
          <lb/>Jean Schott 1523), in-4°.
          <lb/>Schmidt II, n° 78; Weller, n° 2528. — Bâle.
          <lb/>2564
          <lb/>LUTHER (Sermon vom Wucher) : Ein Sermon von dem
          <lb/>wucher. — (Strasbourg), Martin Flach 1520, in-4°.
          <lb/>Schmidt VI, p. 31, n° 43 : Bibl. St. Guillaume, Strasbourg;
          <lb/>Weller 1587.
          <lb/>2565
          <lb/>LUTHER (Idem) : Von Kauffs handlung und wucher. —
          <lb/>(Strasbourg, Wolfgang Köpfell 1525, in-4°.
          <lb/>Nachdruck der Ausgabe Wittenberg 1524. Bibl. St. Guillaume,
          <lb/>Strasbourg.
          <lb/>2566
          <lb/>LUTHER (Drei Sermones) : Drey schon Sermon gepredigt... —
          <lb/>Strasbourg, Jean Schwan 1524, in-4°.
          <lb/>Dommer 405; Kuczynski, n° 1631; Weller 3023; Hiersemann
          <lb/>(Leipzig), Catal. 666, n° 912 : 15 M.
          <lb/>2567
          <lb/>342
        </p>
      </div>
    </body>
  </text>
</TEI>
