<?xml version='1.0' encoding='UTF-8'?>
<?xml-model href="https://raw.githubusercontent.com/OpenITI/tei_openiti/master/tei_openiti.rng" type="application/xml" schematypens="http://relaxng.org/ns/structure/1.0"?>
<?xml-model href="https://raw.githubusercontent.com/OpenITI/tei_openiti/master/tei_openiti.rng" type="application/xml" schematypens="http://purl.oclc.org/dsdl/schematron"?>
<TEI xmlns="http://www.tei-c.org/ns/1.0">
  <teiHeader>
    <fileDesc>
      <titleStmt>
        <title/>
      </titleStmt>
      <publicationStmt>
        <p/>
      </publicationStmt>
      <sourceDesc>
        <p/>
      </sourceDesc>
    </fileDesc>
    <profileDesc>
      <calendarDesc>
        <calendar xml:id="ah">
          <p>Anno Hegirae</p>
        </calendar>
      </calendarDesc>
    </profileDesc>
    <xenoData xml:space="preserve">
CREATED: 2024-04-11T12:18:13.206678+00:00
CREATED BY: eScriptorium vpassthistobuildcmd
IMAGE FILENAME: 20211206-002456.tif
IMAGE WIDTH: 2502
IMAGE HEIGHT: 3942
</xenoData>
  </teiHeader>
  <text>
    <body>
      <div>
        <p>
          <lb/>SALONIUS (Viennae Galliarum episcopus) : Ad Veranium
          <lb/>Fratrem, Dialogi duo, in quorum priore Parabolas
          <lb/>Salomonis, in altero autem Ecclesiasten interpretatur...
          <lb/>D. Johannes Alexander Brassicanus in lucem edidit. —
          <lb/>Haguenau, J. Secer, février 1532, in-4°.
          <lb/>Burg, n° 405. (B N Strasbourg R 102.200 : Ritter, Rép.
          <lb/>n° 2067).
          <lb/>3157
          <lb/>SALUSTIUS, Crispus: In Catilinam atque Iugurtham opuscula
          <lb/>per Hulderichum Huttenem Equitem atque Philippum
          <lb/>Melanchthonem Scholiis... illustrata... — Haguenau,
          <lb/>J. Secer 1529, in-8°.
          <lb/>Burg, n° 404. (B N Strasbourg : Ritter, Rép. n° 2064). 3158
          <lb/>SALUSTIUS, Crispus : Bellum Catilinarium (traduit par
          <lb/>Jacques Vielfeld). — Strasbourg 1530, in-fol.
          <lb/>Goedeke II2, p. 320.
          <lb/>3159
          <lb/>SALUSTIUS, Crispus : (Idem). — Strasbourg 1535, in-fol.
          <lb/>Goedeke I12, p. 320.
          <lb/>3160
          <lb/>SALUSTIUS, Crispus. Voir aussi: AURELIUs, Victor Sextus,
          <lb/>n° 881; HUTTEN, n° 2112.
          <lb/>SAMBUCUS, Johannes. Voir: LUCIANUS, Dialogi Coelestes,
          <lb/>n° 2434.
          <lb/>SAMUEL (Rabbi) : Epistel rabbi Samuelis des Juden. —
          <lb/>Colmar, Armand Farckall 1524, in-4°.
          <lb/>Bibl. St. Guillaume, Strasbourg. (Samuel (Rabbi) voir aussi:
          <lb/>Ritter, Rép. n° 2069].
          <lb/>3161
          <lb/>SANCHEZ de Arevalo : Speculum vitae humanae... —
          <lb/>[Strasbourg), Jean Prüss (pridie Idus Januarii) 1507,
          <lb/>in-fol. (Ritter, Rép. 2021 à Rodericus Sam.)
          <lb/>Schmidt III, n° 59. B M Colmar.
          <lb/>3162
          <lb/>454
        </p>
      </div>
    </body>
  </text>
</TEI>
