<?xml version='1.0' encoding='UTF-8'?>
<?xml-model href="https://raw.githubusercontent.com/OpenITI/tei_openiti/master/tei_openiti.rng" type="application/xml" schematypens="http://relaxng.org/ns/structure/1.0"?>
<?xml-model href="https://raw.githubusercontent.com/OpenITI/tei_openiti/master/tei_openiti.rng" type="application/xml" schematypens="http://purl.oclc.org/dsdl/schematron"?>
<TEI xmlns="http://www.tei-c.org/ns/1.0">
  <teiHeader>
    <fileDesc>
      <titleStmt>
        <title/>
      </titleStmt>
      <publicationStmt>
        <p/>
      </publicationStmt>
      <sourceDesc>
        <p/>
      </sourceDesc>
    </fileDesc>
    <profileDesc>
      <calendarDesc>
        <calendar xml:id="ah">
          <p>Anno Hegirae</p>
        </calendar>
      </calendarDesc>
    </profileDesc>
    <xenoData xml:space="preserve">
CREATED: 2024-04-11T12:18:10.902381+00:00
CREATED BY: eScriptorium vpassthistobuildcmd
IMAGE FILENAME: 20211206-002353.tif
IMAGE WIDTH: 2490
IMAGE HEIGHT: 4002
</xenoData>
  </teiHeader>
  <text>
    <body>
      <div>
        <p>
          <lb/>MAYER, Martin. Voir : Das LIep von dem Ritter aus Steier¬
          <lb/>mark, n° 2288.
          <lb/>MEIER, Justus : Daniel Comoedia nova Qua Historia Belis
          <lb/>&amp;amp; Draconis continetur : Scripta à M. Justo Meiero
          <lb/>Noviomago Geldro; &amp;amp; Argentinensi in theatro exhibita.
          <lb/>Mense Julio Anni M.D.C. (1600). — Argentorati,
          <lb/>excudebat Antonius Bertramus Academiae Typographus.
          <lb/>Skopnik, p. 89-98: B U Munich.
          <lb/>2605
          <lb/>MEISTER (die sieben weisen) : Hie nach volgt ein gar schöne
          <lb/>Chronik... — Strasbourg, Mathias Hupfuff 1512, in-fol.
          <lb/>Kristeller, n° 403; Schmidt V, n° 102; Weller, 403, 703;
          <lb/>Goedeke Ia, p. 352, n° 2. Heitz-Ritter, n° 403 : Berlin, Munich.
          <lb/>2606
          <lb/>MEISTER (die sieben weisen) : Die alten Römer. Historien
          <lb/>und Zuchtgleichnussen der Alten Römer... — Strasbourg,
          <lb/>Jacques Cammerlander 1536, in-4°. (Une éd. Cammer¬
          <lb/>lander de 1538 voir RITTER, Rép. n° 1012l.
          <lb/>Goedeke 12, p. 350, n° 18; Heitz-Ritter, n° 407.
          <lb/>2607
          <lb/>MEISTER (die sieben weisen) : (Idem). — Strasbourg,
          <lb/>Jacques Frölich 1539, in-4°,
          <lb/>Heitz-Ritter, no 410 : Wolfenbüttel.
          <lb/>2608
          <lb/>MEISTER (die sieben weisen) : Hie nach volgt... die glose..
          <lb/>des buoches Gesta Romanorum oder der sieben weysen
          <lb/>meyster... — Strasbourg, Jean Knobloch 1520, in-4°,
          <lb/>Goedeke I2, p. 350, n° 17; Heitz-Ritter, n° 405 : Berlin,
          <lb/>Greifswald, St.-Pétersbourg.
          <lb/>2609
          <lb/>MEISTER (die sieben weisen) : (Idem). — Strasbourg,
          <lb/>Heitz-Ritter, n° A11 : B N Munich.
          <lb/>2610
          <lb/>351
        </p>
      </div>
    </body>
  </text>
</TEI>
