<?xml version='1.0' encoding='UTF-8'?>
<?xml-model href="https://raw.githubusercontent.com/OpenITI/tei_openiti/master/tei_openiti.rng" type="application/xml" schematypens="http://relaxng.org/ns/structure/1.0"?>
<?xml-model href="https://raw.githubusercontent.com/OpenITI/tei_openiti/master/tei_openiti.rng" type="application/xml" schematypens="http://purl.oclc.org/dsdl/schematron"?>
<TEI xmlns="http://www.tei-c.org/ns/1.0">
  <teiHeader>
    <fileDesc>
      <titleStmt>
        <title/>
      </titleStmt>
      <publicationStmt>
        <p/>
      </publicationStmt>
      <sourceDesc>
        <p/>
      </sourceDesc>
    </fileDesc>
    <profileDesc>
      <calendarDesc>
        <calendar xml:id="ah">
          <p>Anno Hegirae</p>
        </calendar>
      </calendarDesc>
    </profileDesc>
    <xenoData xml:space="preserve">
CREATED: 2024-04-11T12:18:06.993191+00:00
CREATED BY: eScriptorium vpassthistobuildcmd
IMAGE FILENAME: 20211206-002210.tif
IMAGE WIDTH: 2512
IMAGE HEIGHT: 3976
</xenoData>
  </teiHeader>
  <text>
    <body>
      <div>
        <p>
          <lb/>Goedeke, Gengenbach, p. 462 (b) : « Cammerlanders Bear¬
          <lb/>beitung des gengenbachischen Nolhard ist eine wichtige
          <lb/>Umarbeitung ». 2 verschiedene Ausgaben.
          <lb/>1867
          <lb/>[GENGENBACH, Pamphilus) : Ein frischer Gumbisst, vom
          <lb/>Bapst und den seinen etwann uber Teutschland einge¬
          <lb/>saltzen. Es ist ein Gumbisst ob dem fewer... —
          <lb/>(Strasbourg, Jacques Cammerlander vers 1545), in-4°.
          <lb/>Goedeke, Gengenbach, p. 514.
          <lb/>1868
          <lb/>(GENGENBACH, Pamphilus) : (Idem). — Strasbourg,
          <lb/>Jacques Cammerlander vers 1545, in-40.
          <lb/>Goedeke, Gengenbach, p. 514 : « Es existiert eine Cammer¬
          <lb/>landische Bearbeitung in zwei Drucken.»
          <lb/>1869
          <lb/>(GENGENBACH, Pamphilus) : Rebhenszlins Segen. —
          <lb/>Mulhouse, Pierre Schmid [vers 1560), in-4°.
          <lb/>Goedeke, Gengenbach, p. 519 et suiv.
          <lb/>1870
          <lb/>GENGENBACH, Pamphilus) : Die Gauchmatt. Ein schön
          <lb/>kurtzweilig und nutzlich Fasznachtspiel, gedicht zu
          <lb/>ehren dem Ehestand, wider die sünd des Ehebruchs, und
          <lb/>Unkeuschheit. Etwan gespielt von Etlichen Ehrsamen
          <lb/>Burgern einer löblichen Statt Basel. — Strasbourg,
          <lb/>Christian Müllers (Mylius) Erben, 1582, in-80.
          <lb/>Goedeke, Gengenbach, p. 504.
          <lb/>1871
          <lb/>GENTILLET, Innocentius) (Antimachiavel) : Regentenkunst
          <lb/>oder Fürstenspiegel. Durch Georg Nigrinus verdeutscht.
          <lb/>— Francfort-s.-M., Georges Rabe pour Bernard Jobin
          <lb/>(Strasbourg] 1580, in-80.
          <lb/>Schottenloher 37105; Hauffen, Fischart-Studien dans
          <lb/>Euphorion V, p. 668 et suiv. [Nouvelle éd. en 1624 chez
          <lb/>Joh. Carolo, puis encore en 1646].
          <lb/>1872
          <lb/>GEORG (Graf zu Würtemberg und zu Mümpelgart). Voir:
          <lb/>CATECHISMUS n° 1304.
          <lb/>208
        </p>
      </div>
    </body>
  </text>
</TEI>
