<?xml version='1.0' encoding='UTF-8'?>
<?xml-model href="https://raw.githubusercontent.com/OpenITI/tei_openiti/master/tei_openiti.rng" type="application/xml" schematypens="http://relaxng.org/ns/structure/1.0"?>
<?xml-model href="https://raw.githubusercontent.com/OpenITI/tei_openiti/master/tei_openiti.rng" type="application/xml" schematypens="http://purl.oclc.org/dsdl/schematron"?>
<TEI xmlns="http://www.tei-c.org/ns/1.0">
  <teiHeader>
    <fileDesc>
      <titleStmt>
        <title/>
      </titleStmt>
      <publicationStmt>
        <p/>
      </publicationStmt>
      <sourceDesc>
        <p/>
      </sourceDesc>
    </fileDesc>
    <profileDesc>
      <calendarDesc>
        <calendar xml:id="ah">
          <p>Anno Hegirae</p>
        </calendar>
      </calendarDesc>
    </profileDesc>
    <xenoData xml:space="preserve">
CREATED: 2024-04-11T12:18:03.015653+00:00
CREATED BY: eScriptorium vpassthistobuildcmd
IMAGE FILENAME: 20211206-002055.tif
IMAGE WIDTH: 2484
IMAGE HEIGHT: 3974
</xenoData>
  </teiHeader>
  <text>
    <body>
      <div>
        <p>
          <lb/>institutiones... — Strasbourg, apud Wolfgangum Coepha¬
          <lb/>laeum — Köpfel) 1550, in-80.
          <lb/>Ritter: B M Strasbourg no 547.
          <lb/>1016
          <lb/>BITNER, Jonas: De syntaxi et ratione conjugendarum vocum
          <lb/>Dialogi duo. In priori explicatur primum libellus
          <lb/>D. Erasmi de constructione tum de octo agitur construc¬
          <lb/>tionis figuris. In altero tractatur de constructione varia.
          <lb/>— Strasbourg Wolfg Cephal ( — Wolfgang Köpfel] 1550,
          <lb/>in-80,
          <lb/>Ritter: B M Strasbourg n° 546.
          <lb/>1017
          <lb/>BITNER, Jonas. Voir: CROCUS, CORNELIUS n° 1457; PLAUTUS
          <lb/>n° 2946.
          <lb/>BLARER, Thomas : Wie Ludwig Hetzer zu Costentz mit dem
          <lb/>Schwert gericht usz diser zyt abgeschieden ist. —
          <lb/>Strasbourg 1529, in-40.
          <lb/>Goedeke I12, p. 244, n° 18.
          <lb/>1018
          <lb/>BLAURER, Ambrosius. Voir: GRUSS, der Englisch, n° 1935.
          <lb/>BOCCACCIO, Giovanni : Cento Novella. Das buch der hundert
          <lb/>nüwen Historien... — (Strasbourg, Jean Grüninger
          <lb/>parut d’abord à Augsbourg chez Sorg en 1490).
          <lb/>Graesse I, p. 452; Kristeller 94; Panzer, Annalen I, 315;
          <lb/>Schmidt I, n° 107. — Bâle.
          <lb/>1019
          <lb/>BOCCACCIO, Giovanni: Centum Novella, Hundert neuwer
          <lb/>historien... Anno M.D. XXXV. — (Strasbourg, Jacques
          <lb/>Cammerlander aux frais de Jean Albrecht) 1535, in-fol.
          <lb/>(Trad. par Henri Steinhöwell.
          <lb/>Goedeke 12, p. 368, n° 1/3) : « Die übrigen Drucke (1509, 1519,
          <lb/>1550, 1557, 1561) sind verstümmelt und interpoliert. » (Ritter,
          <lb/>Rép. nos 207-210 ; éd. Grüninger 1519, Knobloch impr. 1547,
          <lb/>1551 et 1561).
          <lb/>1020
          <lb/>53
        </p>
      </div>
    </body>
  </text>
</TEI>
