<?xml version='1.0' encoding='UTF-8'?>
<?xml-model href="https://raw.githubusercontent.com/OpenITI/tei_openiti/master/tei_openiti.rng" type="application/xml" schematypens="http://relaxng.org/ns/structure/1.0"?>
<?xml-model href="https://raw.githubusercontent.com/OpenITI/tei_openiti/master/tei_openiti.rng" type="application/xml" schematypens="http://purl.oclc.org/dsdl/schematron"?>
<TEI xmlns="http://www.tei-c.org/ns/1.0">
  <teiHeader>
    <fileDesc>
      <titleStmt>
        <title/>
      </titleStmt>
      <publicationStmt>
        <p/>
      </publicationStmt>
      <sourceDesc>
        <p/>
      </sourceDesc>
    </fileDesc>
    <profileDesc>
      <calendarDesc>
        <calendar xml:id="ah">
          <p>Anno Hegirae</p>
        </calendar>
      </calendarDesc>
    </profileDesc>
    <xenoData xml:space="preserve">
CREATED: 2024-04-11T12:18:06.478244+00:00
CREATED BY: eScriptorium vpassthistobuildcmd
IMAGE FILENAME: 20211206-002188.tif
IMAGE WIDTH: 2494
IMAGE HEIGHT: 3960
</xenoData>
  </teiHeader>
  <text>
    <body>
      <div>
        <p>
          <lb/>FISCHFANG : Wie man visch und vogel fahen soll... —
          <lb/>Strasbourg, vers 1511, in-4°.
          <lb/>Schmidt V, n° 86 : B N Berlin.
          <lb/>1736
          <lb/>FISHER, John : Von dem... bischoff Johannes von Roffen usz
          <lb/>Engelland... vertütscht von Jo. Cochleus... — Strasbourg,
          <lb/>Jean Grüninger 9.VIII.1524, in-40,
          <lb/>Schmidt I, n° 214; Weller, Rep. 2923. B U Fribourg-en-Br.
          <lb/>(Ritter, Rép. n° 866 ; éd. Grüninger 1523).
          <lb/>1737
          <lb/>FLACIUS, Illyricus. Voir : MiSsA n° 2693. Voir aussi: (RITTER,
          <lb/>Rép. n° 8671.
          <lb/>FLOROVANTIS, Octavianus de : Viridarium illustrium poeta¬
          <lb/>rum. — Haguenau, Thomas Anshelm, juin 1517, in-8°,
          <lb/>1738
          <lb/>FLORUS, Lucius Annaeus : Gestorum romanorum Libri IV
          <lb/>a mendis accuratissime recogniti... — Strasbourg,
          <lb/>Jean Herwagen, mars 1528, in-8° (éd. par Jacobus
          <lb/>Bedrotus).
          <lb/>Graesse II, p. 604 : « C’est la contrefaçon de Livius : Decadum
          <lb/>Epitome. Venetiis 1521, dont c’est le 4e volume».
          <lb/>1739
          <lb/>FLORUS, Lucius Annaeus : Römischer Historien Bekürtzung...
          <lb/>usz den sichersten Geschichtsschreibern L. Floro,
          <lb/>S. Ruffo etc. verdollmetscht und gezogen durch H. von
          <lb/>Eppendorf. — Strasbourg, Jean Schott 1536, in-fol.
          <lb/>Graesse II, p. 606 : « Libre version de Florus qui s’arrête au
          <lb/>onzième chap. du 4e livre».
          <lb/>1740
          <lb/>FLORUS, Lucius Ann. Voir aussi: RITTER, Rép, n° 873.
          <lb/>FLORUS, Nicolaus : Kurtze und einfeltige auslegung des
          <lb/>91. Psalmen, darin ein Christlicher Bericht zu finden,
          <lb/>wie sich ein Christ inn Sterbensleufften, wann die
          <lb/>Pestilentz regiert, sich halten und trösten soll-M. Nicolaus
          <lb/>186
        </p>
      </div>
    </body>
  </text>
</TEI>
