<?xml version='1.0' encoding='UTF-8'?>
<?xml-model href="https://raw.githubusercontent.com/OpenITI/tei_openiti/master/tei_openiti.rng" type="application/xml" schematypens="http://relaxng.org/ns/structure/1.0"?>
<?xml-model href="https://raw.githubusercontent.com/OpenITI/tei_openiti/master/tei_openiti.rng" type="application/xml" schematypens="http://purl.oclc.org/dsdl/schematron"?>
<TEI xmlns="http://www.tei-c.org/ns/1.0">
  <teiHeader>
    <fileDesc>
      <titleStmt>
        <title/>
      </titleStmt>
      <publicationStmt>
        <p/>
      </publicationStmt>
      <sourceDesc>
        <p/>
      </sourceDesc>
    </fileDesc>
    <profileDesc>
      <calendarDesc>
        <calendar xml:id="ah">
          <p>Anno Hegirae</p>
        </calendar>
      </calendarDesc>
    </profileDesc>
    <xenoData xml:space="preserve">
CREATED: 2024-04-11T12:18:03.638408+00:00
CREATED BY: eScriptorium vpassthistobuildcmd
IMAGE FILENAME: 20211206-002078.tif
IMAGE WIDTH: 2500
IMAGE HEIGHT: 4004
</xenoData>
  </teiHeader>
  <text>
    <body>
      <div>
        <p>
          <lb/>BUCER, Martin (Catechismus) : Catechismus, Christliche
          <lb/>underrichtung... — Strasbourg, Th. Berger 1567, in-4°.
          <lb/>Ritter, Hist. impr. p. 334.
          <lb/>1149
          <lb/>BUCER, Martin (Coena Domini) : De Coena Dominica ad
          <lb/>obiecta, quae contra veritatem Evangelicam Murnerus
          <lb/>partim ipse finxit, partim ex Roffensi ac aliis pietatis
          <lb/>hostibus, sublegit. Responsio Martini Buceri. —
          <lb/>(Strasbourg, Herwagen ou Schott 1524), in-8°.
          <lb/>Mentz n° 4; Schmidt II, no 87; Ritter: B M Strasbourg,
          <lb/>no 641 ; Walter 853. Sur Bucer. Voir : Baum, J. W. Capito und
          <lb/>Bucer (Elberfeld 1860) et Mentz, Ferd. : Bibliographische
          <lb/>Zusammenstellung der gedruckten Schriften Butzers
          <lb/>(Strassburg 1891).
          <lb/>1150
          <lb/>BUCER, Martin (Coena Domini) : Neüwerungen an dem
          <lb/>nachtmal des herren. — Strasbourg, Wolfgang Köpfel
          <lb/>1528, in-4°.
          <lb/>Ritter : Hist. Impr. p. 238.
          <lb/>1151
          <lb/>BUCER, Martin (Coena Domini) : Decem Propositiones de
          <lb/>coena Domini a D. Martino Bucero,... in scholis dispu¬
          <lb/>tantium defensae, anno 1537. — Strasbourg, 1561, in-80.
          <lb/>BN Paris: Da 3892 (2) ; Mentz no 86; Stupperich no 108 :
          <lb/>B U Bâle et BN Paris.
          <lb/>1152
          <lb/>BUCER, Martin (Defensio) : Defensio adversus axioma catho¬
          <lb/>licum, id est criminationem R. P. Roberti Episcopi
          <lb/>Abricensis, in qua is impiae novationis in cunctis
          <lb/>Ecclesiae cum dogmatis, tum ritibus, peculiariter autem
          <lb/>circa Sacrosanctum Eucharistiam importune accusat...
          <lb/>Catalogus eorum de quibus hic disputatur est in sequenti
          <lb/>pagina. — (Strasbourg, Math. Apiarius 1534), in-8°.
          <lb/>Bibl. S. Guillaume Strasbourg; Mentz, n° 35, Stupperich,
          <lb/>n° 45; B U Bâle, Berne, B U Fribourg, Paris, Strasbourg
          <lb/>R 101.970 : Ritter, Rép. n° 369.
          <lb/>1153
          <lb/>76
        </p>
      </div>
    </body>
  </text>
</TEI>
