<?xml version='1.0' encoding='UTF-8'?>
<?xml-model href="https://raw.githubusercontent.com/OpenITI/tei_openiti/master/tei_openiti.rng" type="application/xml" schematypens="http://relaxng.org/ns/structure/1.0"?>
<?xml-model href="https://raw.githubusercontent.com/OpenITI/tei_openiti/master/tei_openiti.rng" type="application/xml" schematypens="http://purl.oclc.org/dsdl/schematron"?>
<TEI xmlns="http://www.tei-c.org/ns/1.0">
  <teiHeader>
    <fileDesc>
      <titleStmt>
        <title/>
      </titleStmt>
      <publicationStmt>
        <p/>
      </publicationStmt>
      <sourceDesc>
        <p/>
      </sourceDesc>
    </fileDesc>
    <profileDesc>
      <calendarDesc>
        <calendar xml:id="ah">
          <p>Anno Hegirae</p>
        </calendar>
      </calendarDesc>
    </profileDesc>
    <xenoData xml:space="preserve">
CREATED: 2024-04-11T12:18:11.628158+00:00
CREATED BY: eScriptorium vpassthistobuildcmd
IMAGE FILENAME: 20211206-002391.tif
IMAGE WIDTH: 2510
IMAGE HEIGHT: 3952
</xenoData>
  </teiHeader>
  <text>
    <body>
      <div>
        <p>
          <lb/>PACEUS, Val. Voir: MArTyR, Chr., n° 2604.
          <lb/>PAIX, Jacobus : Thesaurus motetarum. Newerlesener 22 herr¬
          <lb/>licher Moteten, rechte kunststück der aller berhümbsten
          <lb/>Componisten wie sie nach einander gelebt... in diese
          <lb/>breuchige Tabulatur gebracht. — Strasbourg, Bernard
          <lb/>Jobin 1589, in-fol.
          <lb/>Vogeleis, p. 358: BN Munich.
          <lb/>2813
          <lb/>PALUDANUS. Voir : PETRUS de Palude.
          <lb/>PANTSCHATANTRA. Voir: BUCH der Weisheil.
          <lb/>PAPPUS, Joh. : Capita disputationis publicae. — Strasbourg,
          <lb/>Antoine Bertram 1564.
          <lb/>Ritter, Hist. impr. app. n° 306.
          <lb/>2814
          <lb/>PAPPUS, Joh. : De auctoritate Patrum. — Strasbourg,
          <lb/>Wyriot 1579, in-fol.
          <lb/>Ritter, Hist. impr. app. 306 et Rép. n° 1755.
          <lb/>2815
          <lb/>PAPPUS, Joh. : Biblische Historia, Von den Königen unnd
          <lb/>Propheten, in Juda und Israel. Ausz den Büchern
          <lb/>Samuelis, der Könige, unnd Chronica, Auch den Psalmen
          <lb/>und Propheten... Sampt nützlichen Summarien, Zeitre¬
          <lb/>gister und Künstlichen Figuren... — Zu Straszburg,
          <lb/>bey Bernhart Jobin... M.D.LXXXVI (1586), in-4°.
          <lb/>Bibl. S. Guillaume, Strasbourg.
          <lb/>2816
          <lb/>PAPPUS, Johannes : Christliche Leichpredigt, bey der
          <lb/>Begräbnisz des Edlen und Vesten, Johann Friedrichen
          <lb/>im Thurn, &amp;amp;c. Gehalten zu Straszburg, 17. Decembris,
          <lb/>Anno M.D. XCV... Sampt beygefügten Programmate
          <lb/>publico, Abdanckung bey dem Leichgang, und Epicediis.
          <lb/>— Strasbourg, Antoine Bertram 1596, in-4°.
          <lb/>Ritter: B M Strasbourg, n° 1628.
          <lb/>2817
          <lb/>389
          <lb/>13—1
        </p>
      </div>
    </body>
  </text>
</TEI>
