<?xml version='1.0' encoding='UTF-8'?>
<?xml-model href="https://raw.githubusercontent.com/OpenITI/tei_openiti/master/tei_openiti.rng" type="application/xml" schematypens="http://relaxng.org/ns/structure/1.0"?>
<?xml-model href="https://raw.githubusercontent.com/OpenITI/tei_openiti/master/tei_openiti.rng" type="application/xml" schematypens="http://purl.oclc.org/dsdl/schematron"?>
<TEI xmlns="http://www.tei-c.org/ns/1.0">
  <teiHeader>
    <fileDesc>
      <titleStmt>
        <title/>
      </titleStmt>
      <publicationStmt>
        <p/>
      </publicationStmt>
      <sourceDesc>
        <p/>
      </sourceDesc>
    </fileDesc>
    <profileDesc>
      <calendarDesc>
        <calendar xml:id="ah">
          <p>Anno Hegirae</p>
        </calendar>
      </calendarDesc>
    </profileDesc>
    <xenoData xml:space="preserve">
CREATED: 2024-04-11T12:18:02.908271+00:00
CREATED BY: eScriptorium vpassthistobuildcmd
IMAGE FILENAME: 20211206-002048.tif
IMAGE WIDTH: 2508
IMAGE HEIGHT: 3986
</xenoData>
  </teiHeader>
  <text>
    <body>
      <div>
        <p>
          <lb/>Sermon oder Predig... Jo. Cochlaeo Interprete. —
          <lb/>(Strasbourg, Jean Grüninger (22.X] 1524), in-4°.
          <lb/>Ritter : B M Strasbourg n° 508; Schmidt I, n° 215, Weller,
          <lb/>Rep. 2784.
          <lb/>984
          <lb/>BERNARDUS Claravallensis. Voir aussi: HENRICUS de Hassia,
          <lb/>n° 1988; Officium sancti Josephi n° 2788; Ritter, Rép.
          <lb/>n° 187.
          <lb/>BERNARDUS Trevisanus : Von der hermetischen Philosophia...
          <lb/>Item Dicta Alani... Ex libris doctoris Wolfii, jetz von
          <lb/>newem... corrigirt und ubersehen (éd. Michael Toxites).
          <lb/>— Strasbourg, Christian Mylius héritiers 1582, in-80.
          <lb/>BN Paris : R. 45645. (Ritter, Rép. n° 188, éd. Chr. Müller,
          <lb/>Strasbourg 1574).
          <lb/>985
          <lb/>BERNARDUS Trevisanus : (Idem). — Strasbourg, Antoine
          <lb/>Bertram 1586, in-8°.
          <lb/>Ritter: B M Strasbourg n° 514.
          <lb/>986
          <lb/>BERNARDUS, Comes Treverensis : Comitis antiqui Trevirensis,
          <lb/>philosophi expertissimi, rrepì yvusigs [de alchimia) opus
          <lb/>historicum &amp;amp; dogmaticum, ex Gallico in Latinum
          <lb/>simpliciter versum, &amp;amp; nunc primum in lucem aeditum.
          <lb/>(Marque typ. de Sam. Emmel). — Argentorati Samuel
          <lb/>Emmel exprimebat. M.D.LXVII (1567), in-8° [fol. 2-3:
          <lb/>Guilelmus Gratorolus Doctori Gallo Etschenreutero...
          <lb/>Basiliae nonis Aprilis M.D.LXVII; puis fol. 3 verso¬
          <lb/>5 verso préface de l’auteurl.
          <lb/>Bibl. S. Guillaume Strasbourg.
          <lb/>987
          <lb/>BERNERDIN, Daniel : Disputatio XXI. Ethica. De justitiae
          <lb/>particularis specie duplici (auspice Laurentii Thomae
          <lb/>Walliseri). — Strasbourg 1597, in-4°.
          <lb/>Ritter: B M Strasbourg n° 511.
          <lb/>988
          <lb/>BERNERDIN, Daniel : Disputatio XXXI. De causis corrum¬
          <lb/>46
        </p>
      </div>
    </body>
  </text>
</TEI>
