<?xml version='1.0' encoding='UTF-8'?>
<?xml-model href="https://raw.githubusercontent.com/OpenITI/tei_openiti/master/tei_openiti.rng" type="application/xml" schematypens="http://relaxng.org/ns/structure/1.0"?>
<?xml-model href="https://raw.githubusercontent.com/OpenITI/tei_openiti/master/tei_openiti.rng" type="application/xml" schematypens="http://purl.oclc.org/dsdl/schematron"?>
<TEI xmlns="http://www.tei-c.org/ns/1.0">
  <teiHeader>
    <fileDesc>
      <titleStmt>
        <title/>
      </titleStmt>
      <publicationStmt>
        <p/>
      </publicationStmt>
      <sourceDesc>
        <p/>
      </sourceDesc>
    </fileDesc>
    <profileDesc>
      <calendarDesc>
        <calendar xml:id="ah">
          <p>Anno Hegirae</p>
        </calendar>
      </calendarDesc>
    </profileDesc>
    <xenoData xml:space="preserve">
CREATED: 2024-04-11T12:18:01.944594+00:00
CREATED BY: eScriptorium vpassthistobuildcmd
IMAGE FILENAME: 20211206-002021.tif
IMAGE WIDTH: 2508
IMAGE HEIGHT: 3930
</xenoData>
  </teiHeader>
  <text>
    <body>
      <div>
        <p>
          <lb/>es ir und dem Grafen gangen ist uff sant Jacobs fart zu
          <lb/>land und zu wasser... — (Strasbourg, Martin Flach 1522),
          <lb/>in-40.
          <lb/>Schmidt VI, p. 36, n° 67 : B N Berlin et jadis Bibl. de
          <lb/>824
          <lb/>Strasbourg, Incun, n° 332 (a) ; Weller 2095.
          <lb/>ANSELMUS, S. : Opuscula. — Strasbourg, Martin Flach 1501,
          <lb/>in-fol.
          <lb/>825
          <lb/>Schmidt VI, p. 20, n° 5; Weislinger, Catal. p. 8.
          <lb/>ANTICHRIST : Dis büchlin sagt von des Endtkrists leben... —
          <lb/>Strasbourg, Mathias Hupfuff (s. d.), in-4o.
          <lb/>486
          <lb/>Hain 1150, GW II, colonne 350 : « Wegen der Typen 16.
          <lb/>826
          <lb/>Jahrh.; Schmidt V, n° 29 : B N Munich (incomplet).
          <lb/>ANTICHRIST : Hye hebet sich an des Endkrists leben und
          <lb/>regierung... — (Strasbourg, Mathias Hupfuff 1503),
          <lb/>in-40.
          <lb/>827
          <lb/>Schmidt V, n° 28 : Berne. Weller, Rep. 258.
          <lb/>ANTIMARTYRION : Das ist Gegenzeugnusz... das Jacob
          <lb/>Clemens der Jacobiter Mönch von Parisz... Mörderischer,
          <lb/>Teufflischer weise weiland König Heinrichen dritten
          <lb/>Höchstseliger gedechtnis ermordet unnd darumb keins
          <lb/>wegs für ein Heiligen zuhalten... sonder für ein Rebellen...
          <lb/>(12 lignes). Alles trewlich ausz dem Frantzösischen in gut
          <lb/>Teutsch bracht. M.D.XC. (Peut-être en partie de
          <lb/>Fischart). — (Strasbourg, Bern. Jobin ?1 1590.
          <lb/>Hauffen, Fischart Studien dans Euphorion X, p. 14 et suiv.
          <lb/>828
          <lb/>Munich, Breslau.
          <lb/>ANTONIUS Raudensis. Voir: VAlla, Laur, n° 3391/2.
          <lb/>ANTONIUS de Vercellis : De fidei christianae duodecim
          <lb/>mirabilibus excellentiis. Sermones quadragesimales... —
          <lb/>(Haguenau, Henri Gran pour Rynman 14 février 1513),
          <lb/>in-40.
          <lb/>829
          <lb/>GKV, 4677; Burg n° 68.
          <lb/>19
        </p>
      </div>
    </body>
  </text>
</TEI>
