<?xml version='1.0' encoding='UTF-8'?>
<?xml-model href="https://raw.githubusercontent.com/OpenITI/tei_openiti/master/tei_openiti.rng" type="application/xml" schematypens="http://relaxng.org/ns/structure/1.0"?>
<?xml-model href="https://raw.githubusercontent.com/OpenITI/tei_openiti/master/tei_openiti.rng" type="application/xml" schematypens="http://purl.oclc.org/dsdl/schematron"?>
<TEI xmlns="http://www.tei-c.org/ns/1.0">
  <teiHeader>
    <fileDesc>
      <titleStmt>
        <title/>
      </titleStmt>
      <publicationStmt>
        <p/>
      </publicationStmt>
      <sourceDesc>
        <p/>
      </sourceDesc>
    </fileDesc>
    <profileDesc>
      <calendarDesc>
        <calendar xml:id="ah">
          <p>Anno Hegirae</p>
        </calendar>
      </calendarDesc>
    </profileDesc>
    <xenoData xml:space="preserve">
CREATED: 2024-04-11T12:18:09.836317+00:00
CREATED BY: eScriptorium vpassthistobuildcmd
IMAGE FILENAME: 20211206-002320.tif
IMAGE WIDTH: 2518
IMAGE HEIGHT: 4004
</xenoData>
  </teiHeader>
  <text>
    <body>
      <div>
        <p>
          <lb/>LOOSBUCH. Voir: KARTENLOSSBUCH, n° 2218; WICKRAM,
          <lb/>nos 3501-3512.
          <lb/>LOSSIUS, Lucas : Fabulae versibus latinis expressae. —
          <lb/>Strasbourg 1575, in-80.
          <lb/>Goedeke II2, p. 105, n° 107 (2).
          <lb/>2426
          <lb/>LUCANUS, Marcus Annaeus : Epitaphium. — (Strasbourg,
          <lb/>Jean Knobloch septembre 1520), in-80.
          <lb/>Panzer 6, 93, 563; Graesse IV, p. 272; Schmidt VII, n° 198;
          <lb/>Ritter B M Strasbourg no 1395. (Ritter, Rép. n° 1387:
          <lb/>Lucanus, Pharsalia. Strasbourg, J. Prüss 1509).
          <lb/>2427
          <lb/>LUCIANUS : Dialogi duo, Charon et Tyrannus... Petro
          <lb/>Mosellano Protegensi interprete. — (Haguenau, ex
          <lb/>Academia Anshelmiana, octobre 1518), in-4°.
          <lb/>Walter, n° 1736; Burg, n° 249.
          <lb/>2428
          <lb/>LUCIANUS : Ein hübsche history von Lucius apuleius in
          <lb/>gestalt eines esels verwandelt und verklert... —
          <lb/>(Strasbourg, Jean Knobloch 1506), in-4°.
          <lb/>Panzer, Annalen. Zusätze 105.574b; Schmidt VII, no° 16.
          <lb/>2429
          <lb/>LUCIANUS : (Idem). — [Strasbourg, Jean Knobloch 25.1.1509),
          <lb/>in-40.
          <lb/>Schmidt VII, n° 54.
          <lb/>2430
          <lb/>LUCIANUS : Luciani Palinurus usz kriechischer sprach durch
          <lb/>das latyn in tütsch transferiert... (durch Gallinarium
          <lb/>getütscht). — (Strasbourg, Mathias Hupfuff (9.VIII.]
          <lb/>(1512), in-4°.
          <lb/>Schmidt V, n° 93 : B N Munich; Weller, Rep. 714. 2431
          <lb/>LUCIANUS : Elegantissima aliquot Luciani opuscula iam
          <lb/>recens per Vincentium Obsoepœum latine donata. —
          <lb/>Haguenau, Jean Secer, mars 1529, in-80.
          <lb/>318
        </p>
      </div>
    </body>
  </text>
</TEI>
