<?xml version='1.0' encoding='UTF-8'?>
<?xml-model href="https://raw.githubusercontent.com/OpenITI/tei_openiti/master/tei_openiti.rng" type="application/xml" schematypens="http://relaxng.org/ns/structure/1.0"?>
<?xml-model href="https://raw.githubusercontent.com/OpenITI/tei_openiti/master/tei_openiti.rng" type="application/xml" schematypens="http://purl.oclc.org/dsdl/schematron"?>
<TEI xmlns="http://www.tei-c.org/ns/1.0">
  <teiHeader>
    <fileDesc>
      <titleStmt>
        <title/>
      </titleStmt>
      <publicationStmt>
        <p/>
      </publicationStmt>
      <sourceDesc>
        <p/>
      </sourceDesc>
    </fileDesc>
    <profileDesc>
      <calendarDesc>
        <calendar xml:id="ah">
          <p>Anno Hegirae</p>
        </calendar>
      </calendarDesc>
    </profileDesc>
    <xenoData xml:space="preserve">
CREATED: 2024-04-11T12:18:13.655708+00:00
CREATED BY: eScriptorium vpassthistobuildcmd
IMAGE FILENAME: 20211206-002489.tif
IMAGE WIDTH: 2494
IMAGE HEIGHT: 3970
</xenoData>
  </teiHeader>
  <text>
    <body>
      <div>
        <p>
          <lb/>Bibl. Grand Séminaire Strasbourg A 17; [éd. Knobloch,
          <lb/>1er juin 1524: Ritter, Rép. n° 2295).
          <lb/>3329
          <lb/>TESTAMENTUM, Novum (lat.) : Novum Testamentum latinum
          <lb/>Erasmi Roterodami. — Strasbourg, Ulrich Morhard,
          <lb/>janvier 1521, in-4°.
          <lb/>Panzer 6, 97; Schmidt IV, p. 29, n° 3; [éd. Th. Rihel s. d.
          <lb/>Voir : Ritter, Rép. n° 22971.
          <lb/>3330
          <lb/>TESTAMENTUM Novum (lat.) : Sancti Marci... de lege spiri¬
          <lb/>tuali... — Haguenau, Jean Secer, mars 1521.
          <lb/>Beaulieux, p. 51, n° 1115.
          <lb/>3331
          <lb/>TESTAMENTUM Novum (lat.) : ab Erasmo Roterodamo ad
          <lb/>graecam veritatem in linguam latinam translatum. —
          <lb/>Strasbourg, Ulrich Morhard 1522, in-4°.
          <lb/>Panzer 6, 101; Schmidt IV, p. 31, n° 12.
          <lb/>3332
          <lb/>TESTAMENTUM Novum (lat.) : omne, tertio iam ac diligentius
          <lb/>ab Erasmo Roterodamo recognitum... — (Strasbourg,
          <lb/>Jean Knobloch, mai 1522), in-80.
          <lb/>Brit. Museum, Londres 3020.aaa.15; Schmidt VII, n° 236.
          <lb/>Panzer 6, 98, 617. — B M Francfort-s.-M.
          <lb/>3333
          <lb/>TESTAMENTUM Novum (lat.) : Novi Testamenti totius aeditio
          <lb/>longe optima et accuratissima... — Colmar, Armand
          <lb/>Farckall 1523, in-80.
          <lb/>Walter, n° 1937; [éd. J. Herwagen 1523, Knobloch 1523,
          <lb/>Th. Rihel 1559 et 1567 : Ritter, Rép, nos 2300, 2301, 2304 et
          <lb/>2305).
          <lb/>3334
          <lb/>TESTAMENTUM Novum (Graece). Testamentum Novum
          <lb/>Graece. Sancti Marce... de lege spirituali... Capitulo
          <lb/>versa per Vinc. Obsopœum. — Haguenau, Jean Secer
          <lb/>1531, in-80.
          <lb/>Beaulieux, p. 51, n° 1115.
          <lb/>3335
          <lb/>487
        </p>
      </div>
    </body>
  </text>
</TEI>
