<?xml version='1.0' encoding='UTF-8'?>
<?xml-model href="https://raw.githubusercontent.com/OpenITI/tei_openiti/master/tei_openiti.rng" type="application/xml" schematypens="http://relaxng.org/ns/structure/1.0"?>
<?xml-model href="https://raw.githubusercontent.com/OpenITI/tei_openiti/master/tei_openiti.rng" type="application/xml" schematypens="http://purl.oclc.org/dsdl/schematron"?>
<TEI xmlns="http://www.tei-c.org/ns/1.0">
  <teiHeader>
    <fileDesc>
      <titleStmt>
        <title/>
      </titleStmt>
      <publicationStmt>
        <p/>
      </publicationStmt>
      <sourceDesc>
        <p/>
      </sourceDesc>
    </fileDesc>
    <profileDesc>
      <calendarDesc>
        <calendar xml:id="ah">
          <p>Anno Hegirae</p>
        </calendar>
      </calendarDesc>
    </profileDesc>
    <xenoData xml:space="preserve">
CREATED: 2024-04-11T12:18:07.852573+00:00
CREATED BY: eScriptorium vpassthistobuildcmd
IMAGE FILENAME: 20211206-002245.tif
IMAGE WIDTH: 2502
IMAGE HEIGHT: 3970
</xenoData>
  </teiHeader>
  <text>
    <body>
      <div>
        <p>
          <lb/>und eygentlich in beysein viler Scherer und Wundärzt
          <lb/>gründtlich durchsucht. (En-dessous 46 vers en 3 colonnes,
          <lb/>puis :] Gedruckt zu Straszburg durch Ioannem Schott
          <lb/>(avec sa marque typ.] s. d., placard in-fol.
          <lb/>Choulant-Frank, p. 163/4. Voir aussi (Ritter, Rép. n° 1176:
          <lb/>Hock v. Br., Mentagra, cura morbi Gallici. J. Schott 1514l.
          <lb/>2034
          <lb/>HOFMANN, Melchior: Prophetische gesicht und Offenbarung...
          <lb/>die vom XXIV jar bisz in das XXX einer Gotteslieb¬
          <lb/>haberin [femme de l’ouvrier Lienhard Jost d’Illkirch,
          <lb/>près Strasbourg] durch den heiligen Geist geoffenbaret
          <lb/>seind. — Strasbourg, Balth. Beck 1530.
          <lb/>Ritter: Hist. Impr. p. 527, app. 226; Husner ; zwei unbekannte
          <lb/>Wiedertäuferdrucke. Dans Stultifera Navis III (1946). 2035
          <lb/>HOFMANN, Melchior : Prophecey od weyssagung usz warer
          <lb/>heiliger götlicher schrifft. — Strasbourg, Balth. Beck
          <lb/>1530.
          <lb/>Ritter : Hist. Impr. p. 527, app. 226. [Voir aussi Hofmann:
          <lb/>Ritter, Rép. nos 1178-1179).
          <lb/>2036
          <lb/>HOLEN, Gottschalk : Sermonum opus exquisitissimum... —
          <lb/>Haguenau, H. Gran pour J. Rynman 18 janvier 1520,
          <lb/>in-fol.
          <lb/>Burg, n° 227. (Éd. de Gran 1517, voir : Ritter, Rép. n° 1182).
          <lb/>2037
          <lb/>HOLLERUS, Blaise: In Hippocratis Librum de natura hominis
          <lb/>commentarius. Argentorati, 1558, in-8°.
          <lb/>Tricot-Royer, La Bibliothèque de Vopiscus Fortunatus
          <lb/>Plempius, Professeur de médecine au XVIIe siècle, Bruxelles
          <lb/>1925, no 409. (Voir aussi Ritter, Rép. n° 1183 : Hollerus,
          <lb/>Medice artis Theorica. Strasbourg, J. Rihel 1565).
          <lb/>2038
          <lb/>HOLONIUS : Laurentias [eine Märtyrer tragödie).
          <lb/>Strasbourg, 1584. [D’après l’édition d’Anvers de 1556).
          <lb/>Skopnik, p. 36-38.
          <lb/>2038a
          <lb/>243
        </p>
      </div>
    </body>
  </text>
</TEI>
