<?xml version='1.0' encoding='UTF-8'?>
<?xml-model href="https://raw.githubusercontent.com/OpenITI/tei_openiti/master/tei_openiti.rng" type="application/xml" schematypens="http://relaxng.org/ns/structure/1.0"?>
<?xml-model href="https://raw.githubusercontent.com/OpenITI/tei_openiti/master/tei_openiti.rng" type="application/xml" schematypens="http://purl.oclc.org/dsdl/schematron"?>
<TEI xmlns="http://www.tei-c.org/ns/1.0">
  <teiHeader>
    <fileDesc>
      <titleStmt>
        <title/>
      </titleStmt>
      <publicationStmt>
        <p/>
      </publicationStmt>
      <sourceDesc>
        <p/>
      </sourceDesc>
    </fileDesc>
    <profileDesc>
      <calendarDesc>
        <calendar xml:id="ah">
          <p>Anno Hegirae</p>
        </calendar>
      </calendarDesc>
    </profileDesc>
    <xenoData xml:space="preserve">
CREATED: 2024-04-11T12:18:13.733392+00:00
CREATED BY: eScriptorium vpassthistobuildcmd
IMAGE FILENAME: 20211206-002495.tif
IMAGE WIDTH: 2512
IMAGE HEIGHT: 3958
</xenoData>
  </teiHeader>
  <text>
    <body>
      <div>
        <p>
          <lb/>TRACTATUS Medicinalis : Iste est Tractatus Medicinalis
          <lb/>quem Doctores Parisienses miserunt Regi Anglie. —
          <lb/>(Strasbourg, Mathias Hupfuff 1519), in-40.
          <lb/>Schmidt V, no 138 : Règles de l’École de Salerne, vers latins
          <lb/>et allemands. B N Strasbourg (manque depuis 1918).
          <lb/>3363
          <lb/>TRAICTÉ: de l’utilité et honesteté du mariage et s’il est licite
          <lb/>aux prestres de soy marier. — Strasbourg, Jean Prüss
          <lb/>1527.
          <lb/>Ritter, Hist. impr., p. 365.
          <lb/>3364
          <lb/>TRAPEZONTIUS, Georgius. Voir : GEORGIUS Trapezontius.
          <lb/>TREATISE : Treatise of the cohabitacyon of the faithfull. —
          <lb/>(Strasbourg, Rihel) 1555.
          <lb/>S. T. C. 24.246. Johnson, A. F. dans The Library, série V,
          <lb/>vol. IV.
          <lb/>3365
          <lb/>TREBELLIUS, Wigand: Concordia curatorum ; et fratrum
          <lb/>mendicantium. Carmen elegiacum deplangens discordiam
          <lb/>et disssensionem christianorum cuiuscunque status
          <lb/>dignitatis aut professionis. — [Strasbourg, Jean Prüss
          <lb/>1503), in-40. (Dédicace de Wimpheling à l’évêque de
          <lb/>Bâle, 13 février 1503).
          <lb/>Schmidt III, n° 38 : Bibl. Ch. Schmidt. Ritter, Gr. Séminaire
          <lb/>de Strasbourg n° 130.
          <lb/>3366
          <lb/>TREGER, Conr. Voir: HEDIo, C., n° 1966.
          <lb/>TREUBEL, Eckart zum : Ein demütige ermanung an Ein
          <lb/>gantze gemeine Christenheit. — (Strasbourg, Martin
          <lb/>Flach) 1523, in-4°.
          <lb/>Schmidt VI, p. 37, n° 72 : Bibl. St. Guillaume, Strasbourg;
          <lb/>Weller 2404.
          <lb/>3367
          <lb/>TREUBEL, Eckart zum : Ain demütige ermanung an ain
          <lb/>493
        </p>
      </div>
    </body>
  </text>
</TEI>
