<?xml version='1.0' encoding='UTF-8'?>
<?xml-model href="https://raw.githubusercontent.com/OpenITI/tei_openiti/master/tei_openiti.rng" type="application/xml" schematypens="http://relaxng.org/ns/structure/1.0"?>
<?xml-model href="https://raw.githubusercontent.com/OpenITI/tei_openiti/master/tei_openiti.rng" type="application/xml" schematypens="http://purl.oclc.org/dsdl/schematron"?>
<TEI xmlns="http://www.tei-c.org/ns/1.0">
  <teiHeader>
    <fileDesc>
      <titleStmt>
        <title/>
      </titleStmt>
      <publicationStmt>
        <p/>
      </publicationStmt>
      <sourceDesc>
        <p/>
      </sourceDesc>
    </fileDesc>
    <profileDesc>
      <calendarDesc>
        <calendar xml:id="ah">
          <p>Anno Hegirae</p>
        </calendar>
      </calendarDesc>
    </profileDesc>
    <xenoData xml:space="preserve">
CREATED: 2024-04-11T12:18:05.370202+00:00
CREATED BY: eScriptorium vpassthistobuildcmd
IMAGE FILENAME: 20211206-002148.tif
IMAGE WIDTH: 2512
IMAGE HEIGHT: 3950
</xenoData>
  </teiHeader>
  <text>
    <body>
      <div>
        <p>
          <lb/>EBERLIN von Günzburg, Johannes : Ein schoner spiegel eins
          <lb/>Christlichen lebens... — (Strasbourg, Jean Schwan
          <lb/>1524); in-4°.
          <lb/>Kuczynski, n° 624 (Ringenbach, Bernard: Johann Eberlin
          <lb/>von Günzburg und sein Reformprogramm. Tübingen 1874,
          <lb/>p. 166-169). Voir aussi : Enders : Eberlins von Güntzb.
          <lb/>Schriften. (Nendrucke des XVI. u. XVII. Jhd. fasc. 183-188),
          <lb/>D. XXIII-XXIV.
          <lb/>1531
          <lb/>ECCIUS dedolatus. Voir : PIRCKHEIMER, W. n° 2912.
          <lb/>ECK, Joh. Voir: LUTHER (Fürhalten zu Worms) n° 2505;
          <lb/>RITTER, Rép, n° 672 : Buria pavonis.
          <lb/>ECKART der Trew. Voir WICKRAM n° 3484.
          <lb/>ECKEN, Ausfahrt : Das ist Herr Egken uszfart wie er von
          <lb/>dreyen Künigen ward uszgesant nach Herr Dietrich
          <lb/>von Bern und wie der berner egken zu tod schlug. —
          <lb/>(Strasbourg, Martin Hupfuff 1503), in-8°.
          <lb/>Schmidt V, n° 27 ; Beck dans Centralblatt für Bibliothekswesen
          <lb/>X (1893), p. 333 ; neu herausgegeben von Oscar Schade.
          <lb/>Hannover 1854.
          <lb/>1532
          <lb/>ECKENLIED. — Strasbourg (vers 1577).
          <lb/>Vogeleis p. 339.
          <lb/>1533
          <lb/>ECKHART zum Treubel. Voir: TREUBEL, zum.
          <lb/>ECKSTEIN, Utz. Voir: REICHSTAG (der Bauern) und Concilium
          <lb/>n° 3089.
          <lb/>EDOUARD VI (roi d’Angleterre). Voir: BUCER (Vom Reich
          <lb/>Christi), n° 1175.
          <lb/>EGENOLF von Staufenberg : Ernewerte Beschreibung der
          <lb/>Wolgedenckwürdigen Alten und warhafften verwunder¬
          <lb/>lichen Geschicht. Vom Herren Petern von Stauffenberg
          <lb/>146
        </p>
      </div>
    </body>
  </text>
</TEI>
