<?xml version='1.0' encoding='UTF-8'?>
<?xml-model href="https://raw.githubusercontent.com/OpenITI/tei_openiti/master/tei_openiti.rng" type="application/xml" schematypens="http://relaxng.org/ns/structure/1.0"?>
<?xml-model href="https://raw.githubusercontent.com/OpenITI/tei_openiti/master/tei_openiti.rng" type="application/xml" schematypens="http://purl.oclc.org/dsdl/schematron"?>
<TEI xmlns="http://www.tei-c.org/ns/1.0">
  <teiHeader>
    <fileDesc>
      <titleStmt>
        <title/>
      </titleStmt>
      <publicationStmt>
        <p/>
      </publicationStmt>
      <sourceDesc>
        <p/>
      </sourceDesc>
    </fileDesc>
    <profileDesc>
      <calendarDesc>
        <calendar xml:id="ah">
          <p>Anno Hegirae</p>
        </calendar>
      </calendarDesc>
    </profileDesc>
    <xenoData xml:space="preserve">
CREATED: 2024-04-11T12:18:13.333980+00:00
CREATED BY: eScriptorium vpassthistobuildcmd
IMAGE FILENAME: 20211206-002465.tif
IMAGE WIDTH: 2508
IMAGE HEIGHT: 3972
</xenoData>
  </teiHeader>
  <text>
    <body>
      <div>
        <p>
          <lb/>SCHROT, Martin : Zwey Hübsche Newe Geistliche Lieder,
          <lb/>Das erst, O Gott in dem höchsten thron, Du wölst uns
          <lb/>nicht entgelten lon &amp;amp;c... Ein ander Neüw Lied, Die
          <lb/>welt die hat ein thummen mut, Sie meint allein jhr sach
          <lb/>sey gut... (grav.). — (Strasbourg, Th. Berger s. d.],
          <lb/>in-8°. (L’auteur se nomme à la fin : Martin Schrotl.
          <lb/>Heitz, p. 12; Wackernagel III 1317.
          <lb/>3201
          <lb/>SCHROTBANCK, Hans. Voir : PRACTICA, n° 2977/8.
          <lb/>SCHUELER, Gervasius. Voir: LIED (ein schönes Christliches),
          <lb/>n° 2345.
          <lb/>SCHUETZ, Jeremias: Vom Abgott Bel zu Babel. — Strasbourg,
          <lb/>Nicolas Wyriot s. d., in-8°.
          <lb/>Ritter, Hist. impr., app. 395 (6).
          <lb/>3202
          <lb/>(SCHWABENSPIEGEL] : Keyserlich und Künigliche Lant und
          <lb/>Lehenrecht nach gemeinen sitten und gebruch der
          <lb/>rechten. — (Strasbourg, Mathias Hupfuff 23.VIII. 1505),
          <lb/>in-fol.
          <lb/>Schmidt V, no 38. Ritter : Rép. no 2103.
          <lb/>3203
          <lb/>ISCHWABENSPIEGEL] : (Idem). — Strasbourg, Mathias
          <lb/>Hupfuff 1507, in-40.
          <lb/>Graesse VI, p. 321. Panzer, Annalen I, 269 p. 279. 3204
          <lb/>SCHWEIGER, Salomon. Voir : CRUSIUS, Martin: Salomoni
          <lb/>Schweighero Sultzensi... congratulatio.
          <lb/>SCHWENCKFELD, Caspar : Ein Christlich bedencken, Ob
          <lb/>Judas und die ungleubigen falschen Christen, den leib
          <lb/>und das blut Jesu Christi jm Sacrament des Nachtmals,
          <lb/>etwann empfangen oder auch noch heut empfahen und
          <lb/>niessen mögen... — (Strasbourg, Balthasar Beck, août
          <lb/>1529), in-4°.
          <lb/>Bibl. S. Guillaume Strasbourg.
          <lb/>3205
          <lb/>463
        </p>
      </div>
    </body>
  </text>
</TEI>
