<?xml version='1.0' encoding='UTF-8'?>
<?xml-model href="https://raw.githubusercontent.com/OpenITI/tei_openiti/master/tei_openiti.rng" type="application/xml" schematypens="http://relaxng.org/ns/structure/1.0"?>
<?xml-model href="https://raw.githubusercontent.com/OpenITI/tei_openiti/master/tei_openiti.rng" type="application/xml" schematypens="http://purl.oclc.org/dsdl/schematron"?>
<TEI xmlns="http://www.tei-c.org/ns/1.0">
  <teiHeader>
    <fileDesc>
      <titleStmt>
        <title/>
      </titleStmt>
      <publicationStmt>
        <p/>
      </publicationStmt>
      <sourceDesc>
        <p/>
      </sourceDesc>
    </fileDesc>
    <profileDesc>
      <calendarDesc>
        <calendar xml:id="ah">
          <p>Anno Hegirae</p>
        </calendar>
      </calendarDesc>
    </profileDesc>
    <xenoData xml:space="preserve">
CREATED: 2024-04-11T12:18:06.447301+00:00
CREATED BY: eScriptorium vpassthistobuildcmd
IMAGE FILENAME: 20211206-002186.tif
IMAGE WIDTH: 2498
IMAGE HEIGHT: 3970
</xenoData>
  </teiHeader>
  <text>
    <body>
      <div>
        <p>
          <lb/>alles aufs neue... ergenzt und besprenzt... M.D.LXXIIII.
          <lb/>— (Strasbourg, B. Jobin) 1574, in-80.
          <lb/>Hauffen, Fischart-Studien dans Euphorion IV, p. 235 : « Die
          <lb/>Auflage des Jahres 1574 liegt in mehreren (soviel mir bekannt
          <lb/>ist in vier) verschiedenen Drucken vor, die den gleichen Satz,
          <lb/>doch im Titelblatt und den ersten Bogen geringfügige
          <lb/>Varianten zeigen ». B N Berlin.
          <lb/>1727
          <lb/>(FISCHART, Joh.) (Practick) : (Idem)... durch Windhold
          <lb/>Alcofribas Wüstblutes von Aristephans Nebelstatt...
          <lb/>Jetzund alles auffs newe... ergentzt und besprenzt. —
          <lb/>Gedruckt im Flügenstall zu Altenarren durch Calkus
          <lb/>Schalkus, Winkalbus in Narrweiden. — (Strasbourg,
          <lb/>Bernard Jobin) 1593, in-80.
          <lb/>Brit. Mus. Cat. Il, col. 863 ; 12.330. c. 9. Hauffen, Fischart¬
          <lb/>Studien dans Euphorion IV, p. 236.
          <lb/>1728
          <lb/>(FISCHART, Joh.) (Practick) : (Idem). — (Strasbourg,
          <lb/>Bernard Jobin 1598), in-8°.
          <lb/>Hauffen, Fischart-Studien dans Euphorion IV, p. 236 : Berlin,
          <lb/>Darmstadt, Feldkirch (Stella matutina), Vienne, Wolfenbüttel.
          <lb/>(B N Strasbourg RI01.638: Ritter, Rép. n° 865).
          <lb/>1729
          <lb/>(FISCHART, Joh.) (Verzeichnis) : Gantz gedenckwürdige und
          <lb/>Eygentliche Verzeichnusz, wie die mächtig... Spanische
          <lb/>Armada, zu end verschienenen Sommers dieses 1588.
          <lb/>Jahrs... abgefahren. Und... zu grundt gerichtet worden.
          <lb/>Hierzu etliche Carmina. Beschrieben durch H. Engel¬
          <lb/>precht Moerewinder von Fredewart ausz Seeland... —
          <lb/>Gedruckt zu Mürbaden bey Sixto Sexto Ontrei in Anno
          <lb/>achtzigacht. — (Strasbourg, Bernard Jobin 1588), in-4°,
          <lb/>Gilhofer u. Ranschburg (Wien). Catal, n° 260, n° 346: 80 M.
          <lb/>Rosenthal (Munich). Catal. 135 (1914), n° 832; 75 M.; Hauffen,
          <lb/>Fischart-Studien. Dans Euphorion VI, p. 651 : Aarau,
          <lb/>Darmstadt, Ulm, Zurich. Scheible, Kloster 10,1047-1122.
          <lb/>1730
          <lb/>FISCHART, Joh. (Wunderzeitung) : Ein Wunderlässliche
          <lb/>184
        </p>
      </div>
    </body>
  </text>
</TEI>
