<?xml version='1.0' encoding='UTF-8'?>
<?xml-model href="https://raw.githubusercontent.com/OpenITI/tei_openiti/master/tei_openiti.rng" type="application/xml" schematypens="http://relaxng.org/ns/structure/1.0"?>
<?xml-model href="https://raw.githubusercontent.com/OpenITI/tei_openiti/master/tei_openiti.rng" type="application/xml" schematypens="http://purl.oclc.org/dsdl/schematron"?>
<TEI xmlns="http://www.tei-c.org/ns/1.0">
  <teiHeader>
    <fileDesc>
      <titleStmt>
        <title/>
      </titleStmt>
      <publicationStmt>
        <p/>
      </publicationStmt>
      <sourceDesc>
        <p/>
      </sourceDesc>
    </fileDesc>
    <profileDesc>
      <calendarDesc>
        <calendar xml:id="ah">
          <p>Anno Hegirae</p>
        </calendar>
      </calendarDesc>
    </profileDesc>
    <xenoData xml:space="preserve">
CREATED: 2024-04-11T12:18:03.145262+00:00
CREATED BY: eScriptorium vpassthistobuildcmd
IMAGE FILENAME: 20211206-002063.tif
IMAGE WIDTH: 2464
IMAGE HEIGHT: 3976
</xenoData>
  </teiHeader>
  <text>
    <body>
      <div>
        <p>
          <lb/>BRASSICANUS, Joh. Alexander (dit Kohlburger). Voir aussi:
          <lb/>SALONIUS n° 3157.
          <lb/>BRENTIUS, Johannes (Abendmal) : Beschluss etlicher Prediger
          <lb/>zu Schwaben betreffend das heilige Abendmal. —
          <lb/>Haguenau, Jean Secer 1526, in-40.
          <lb/>Köhler, Bibliographia Brentiana, (Berlin 1908), n° 18. 1059
          <lb/>BRENTIUS, Joh. (Amos) : In Amos prophetam annotationes. —
          <lb/>(Strasbourg, Herwagen s. d.), in-8°.
          <lb/>Köhler, n° 39.
          <lb/>1060
          <lb/>BRENTIUS, Joh. : (Idem): In prophetam Amos Expositio.
          <lb/>Cum praefatione Martini Lutheri. — Haguenau, Jean
          <lb/>Secer (mars) 1533, in-8°.
          <lb/>Köhler, n° 62; Burg, n° 107; Bibl. S. Guillaume Strasbourg.
          <lb/>1061
          <lb/>BRENTIUS, Joh. (Catechismus) : De pueris Catechismus Minor.
          <lb/>A la suite de : Luther Martin : Catechismus, lectu
          <lb/>dignissimus, latinus factus per Vincentium Obsopoeum...
          <lb/>— Haguenau, Jean Secer 1529, in-80.
          <lb/>Köhler, n° 35.
          <lb/>1062
          <lb/>BRENTIUS, Joh. : Catechismus puerilis... — Haguenau,
          <lb/>Jean Secer 1532, in-80.
          <lb/>Köhler, n° 54 : Dresden.
          <lb/>1063
          <lb/>BRENTIUS, Joh. (Catechismus) : Fragstück des Christlichen
          <lb/>Glaubens für die Jugend. — Haguenau, Valentin Kobian
          <lb/>1535, in-80.
          <lb/>Köhler, n° 80 : München, Wien.
          <lb/>1064
          <lb/>BRENTIUS, Joh. : Catechismus oder Fragstück... — Haguenau,
          <lb/>Valentin Kobian 1536, in-8°.
          <lb/>Köhler, n° 87 : St. B. Zürich. Neudruck von 1535.
          <lb/>1065
          <lb/>61
        </p>
      </div>
    </body>
  </text>
</TEI>
