<?xml version='1.0' encoding='UTF-8'?>
<?xml-model href="https://raw.githubusercontent.com/OpenITI/tei_openiti/master/tei_openiti.rng" type="application/xml" schematypens="http://relaxng.org/ns/structure/1.0"?>
<?xml-model href="https://raw.githubusercontent.com/OpenITI/tei_openiti/master/tei_openiti.rng" type="application/xml" schematypens="http://purl.oclc.org/dsdl/schematron"?>
<TEI xmlns="http://www.tei-c.org/ns/1.0">
  <teiHeader>
    <fileDesc>
      <titleStmt>
        <title/>
      </titleStmt>
      <publicationStmt>
        <p/>
      </publicationStmt>
      <sourceDesc>
        <p/>
      </sourceDesc>
    </fileDesc>
    <profileDesc>
      <calendarDesc>
        <calendar xml:id="ah">
          <p>Anno Hegirae</p>
        </calendar>
      </calendarDesc>
    </profileDesc>
    <xenoData xml:space="preserve">
CREATED: 2024-04-11T12:18:07.837623+00:00
CREATED BY: eScriptorium vpassthistobuildcmd
IMAGE FILENAME: 20211206-002244.tif
IMAGE WIDTH: 2506
IMAGE HEIGHT: 3968
</xenoData>
  </teiHeader>
  <text>
    <body>
      <div>
        <p>
          <lb/>HISTORY und Legend von dem... Ritter. Herrn Policarpen
          <lb/>von Kirrlarissa, genant der Fincken Ritter, wie er
          <lb/>drithalb hundert jar, ehe und er geboren ward, vil land
          <lb/>durch wandert, und seltzam ding gesehen und zu letst
          <lb/>von seiner Muter für todt ligen gefunden, auffgehoben
          <lb/>und erst von newem geboren wurde. — (Strasbourg,
          <lb/>am Kornmarkt « Christian Müller ») vers 1560, in-8°.
          <lb/>Goedeke II2, p. 557, n° 2; Heitz-Ritter, n° 152 : B N Berlin
          <lb/>(2 ex.).
          <lb/>2032
          <lb/>HISTORY : Hertzog Heynrichs, genannt Lewen in das Heylig
          <lb/>Landt fürgenommener verren reysz warhaffte History
          <lb/>ausz Alberto Crantzio ausz Latein in die Teutsch sprach
          <lb/>pracht... zuvor im truck niemals auszgangen.
          <lb/>Strasbourg, Christian Müller (Mylius) 1561, in-4°.
          <lb/>B M Colmar; Goedeke II2, p. 474, n° 4.
          <lb/>2033
          <lb/>HISTORY : von Keiser Karolus sun genant Loher, oder
          <lb/>Lotarius. Voir: LoHER n° 2422/3.
          <lb/>HISTORY : Ein ander History von eines Doctors der Artzney
          <lb/>dochter... Voir : PETRARCA : History der Frau Griseldis
          <lb/>nos 2871-2875.
          <lb/>HISTORY... von Gabriotto und Reinhard. Voir: WICKRAM,
          <lb/>Jörg n° 3487/8.
          <lb/>HISTORY von Wigalois. Voir: WIGALOIS.
          <lb/>HOCHSTRATEN, Jacobus de : Libellus accusatorius Fratris
          <lb/>Iacobi de Hochstraten contra Oculare speculum Ioannis
          <lb/>Reuchlin. Diffamationes eiusdem Iacobi... Voir
          <lb/>:
          <lb/>EPISTOLAE trium illustrium virorum. — (Haguenau,
          <lb/>Th. Anshelm après mai 1518), in-4° (n° 1557a).
          <lb/>HocK, Wendelin von Brackenau : Anatomia corporis humani.
          <lb/>Ein contrafact Anatomy der inneren glyderen des
          <lb/>menschen durch den hochgelerten physicum... Wende¬
          <lb/>linum hoch von Brachenaw, zu Straszburg declariert,
          <lb/>242
        </p>
      </div>
    </body>
  </text>
</TEI>
