<?xml version='1.0' encoding='UTF-8'?>
<?xml-model href="https://raw.githubusercontent.com/OpenITI/tei_openiti/master/tei_openiti.rng" type="application/xml" schematypens="http://relaxng.org/ns/structure/1.0"?>
<?xml-model href="https://raw.githubusercontent.com/OpenITI/tei_openiti/master/tei_openiti.rng" type="application/xml" schematypens="http://purl.oclc.org/dsdl/schematron"?>
<TEI xmlns="http://www.tei-c.org/ns/1.0">
  <teiHeader>
    <fileDesc>
      <titleStmt>
        <title/>
      </titleStmt>
      <publicationStmt>
        <p/>
      </publicationStmt>
      <sourceDesc>
        <p/>
      </sourceDesc>
    </fileDesc>
    <profileDesc>
      <calendarDesc>
        <calendar xml:id="ah">
          <p>Anno Hegirae</p>
        </calendar>
      </calendarDesc>
    </profileDesc>
    <xenoData xml:space="preserve">
CREATED: 2024-04-11T12:18:07.805280+00:00
CREATED BY: eScriptorium vpassthistobuildcmd
IMAGE FILENAME: 20211206-002242.tif
IMAGE WIDTH: 2506
IMAGE HEIGHT: 3952
</xenoData>
  </teiHeader>
  <text>
    <body>
      <div>
        <p>
          <lb/>HIPPOLITUS à Collibus : Consiliarius. — Strasbourg, Lazare
          <lb/>Zetzner 1599, in-8°. (Speculum Aulicarum II.)
          <lb/>Ritter : B M Strasbourg, n° 1224.
          <lb/>2023
          <lb/>HIRNKOFEN, Guillaume. Voir : ARNOLDUS de Villa Nova
          <lb/>n° 861.
          <lb/>HISTORI von dem Keyser Octavian. Voir: OCTAVIAN (Histori)
          <lb/>nos 2779-2782.
          <lb/>HISTORI :... wie die Statt Wien in Osterreich (von dem aller
          <lb/>grawsamisten Thirannen und verderber der Christenheit,
          <lb/>dem Turckischen Keiser) belägert ist... — (Strasbourg,
          <lb/>Balthassar Beck) 1529, in-40.
          <lb/>Walter, no 1528.
          <lb/>2024
          <lb/>HISTORI von Tristan und Isolde. Voir : TRISTAN und Isolde.
          <lb/>HISTORIA Aethiopica. Voir : HELIODORUS.
          <lb/>HISTORIA des Leidens, Aufferstehung und Himmelfahrt
          <lb/>unsers Herren Jesu Christi. — Strasbourg, Christian
          <lb/>Müller (Mylius) 1566.
          <lb/>B M Colmar.
          <lb/>2025
          <lb/>HISTORIE von Ritter Thorelle. Voir : THORELLE.
          <lb/>HISTORIE von der Zerstörung Trojas. Voir: COLUMNA,
          <lb/>Aegidius.
          <lb/>HISTORIE (des Bischofs Sankt Wolfgang), : Daz ist die
          <lb/>Hiestorie (sic) und leben mit etlichen miracklen und
          <lb/>wunderzeychen des Heylgen byschoffs und hymelfürsten
          <lb/>Sant Wolffgangs. — (Strasbourg, Math. Hupfuff 1502),
          <lb/>in-40.
          <lb/>Schmidt V, n° 23; Weller 234. — B N Munich.
          <lb/>2026
          <lb/>HISTORY : Ein hübsche history von eines reichen burgers
          <lb/>240
        </p>
      </div>
    </body>
  </text>
</TEI>
