<?xml version='1.0' encoding='UTF-8'?>
<?xml-model href="https://raw.githubusercontent.com/OpenITI/tei_openiti/master/tei_openiti.rng" type="application/xml" schematypens="http://relaxng.org/ns/structure/1.0"?>
<?xml-model href="https://raw.githubusercontent.com/OpenITI/tei_openiti/master/tei_openiti.rng" type="application/xml" schematypens="http://purl.oclc.org/dsdl/schematron"?>
<TEI xmlns="http://www.tei-c.org/ns/1.0">
  <teiHeader>
    <fileDesc>
      <titleStmt>
        <title/>
      </titleStmt>
      <publicationStmt>
        <p/>
      </publicationStmt>
      <sourceDesc>
        <p/>
      </sourceDesc>
    </fileDesc>
    <profileDesc>
      <calendarDesc>
        <calendar xml:id="ah">
          <p>Anno Hegirae</p>
        </calendar>
      </calendarDesc>
    </profileDesc>
    <xenoData xml:space="preserve">
CREATED: 2024-04-11T12:18:13.347970+00:00
CREATED BY: eScriptorium vpassthistobuildcmd
IMAGE FILENAME: 20211206-002466.tif
IMAGE WIDTH: 2508
IMAGE HEIGHT: 3972
</xenoData>
  </teiHeader>
  <text>
    <body>
      <div>
        <p>
          <lb/>SCHWENCKFELD, Caspar : Bekantnuss vom H. Sacrament des
          <lb/>leibs unnd bluts Christi, auff frag und antwort gestellet...
          <lb/>— Strasbourg (Hans Schweintzer 1530), in-8°.
          <lb/>Wackernagel 364, 7.
          <lb/>3206
          <lb/>SCHWENCKFELD, Caspar : Summarium. — Haguenau,
          <lb/>Valentin Kobian 1535.
          <lb/>Ritter, Hist. impr. app. 459.
          <lb/>3027
          <lb/>SCHWENCKFELD, Caspar : Von erbawung des gewissens und
          <lb/>zunemen des glaubens und eines gottsäligen christlichen
          <lb/>lebens. — Strasbourg 1534, in-4°.
          <lb/>Graesse VI, p. 323.
          <lb/>3208
          <lb/>SCHWENCKFELD, C. Voir aussi: SPECKER, Melch., n° 3259.
          <lb/>(RITTER, Rép. n° 2105/6).
          <lb/>SCRIPTUM: collocutorum Augustanae Confessionis, qui in
          <lb/>urbe Vangiorum (Worms) fuerunt, donec adversarii
          <lb/>colloquium abrupuerunt anno 1557. — Strasbourg,
          <lb/>Samuel Emmel 1557, in-8°.
          <lb/>Schottenloher 41.420.
          <lb/>3209
          <lb/>SEBASTIANUS, Claudius Metensis : Bellum musicale inter
          <lb/>plani et mensuralis cantus reges, de principatu
          <lb/>in musicae provincia obtinendo, contendentes. —
          <lb/>Strasbourg, Paulus Machaeropoeus 1563, in-40.
          <lb/>Graesse VI, p. 337; Rosenthal (Munich), Catal. 135 (1914),
          <lb/>n° 2174: 100 M.
          <lb/>3210
          <lb/>SEBITZ, Melchior. Voir : BocK, Hieronymus, Kräuterbuch,
          <lb/>n° 1023.
          <lb/>(SECER, Johannes) : Contenta. De literis Graecis ac Dipth¬
          <lb/>tongis (sic)... — Haguenau, Thomas Anshelm s. d., in-40.
          <lb/>B U Paris (Réserve 851), Beaulieux, p. 267.
          <lb/>3211
          <lb/>464
        </p>
      </div>
    </body>
  </text>
</TEI>
