<?xml version='1.0' encoding='UTF-8'?>
<?xml-model href="https://raw.githubusercontent.com/OpenITI/tei_openiti/master/tei_openiti.rng" type="application/xml" schematypens="http://relaxng.org/ns/structure/1.0"?>
<?xml-model href="https://raw.githubusercontent.com/OpenITI/tei_openiti/master/tei_openiti.rng" type="application/xml" schematypens="http://purl.oclc.org/dsdl/schematron"?>
<TEI xmlns="http://www.tei-c.org/ns/1.0">
  <teiHeader>
    <fileDesc>
      <titleStmt>
        <title/>
      </titleStmt>
      <publicationStmt>
        <p/>
      </publicationStmt>
      <sourceDesc>
        <p/>
      </sourceDesc>
    </fileDesc>
    <profileDesc>
      <calendarDesc>
        <calendar xml:id="ah">
          <p>Anno Hegirae</p>
        </calendar>
      </calendarDesc>
    </profileDesc>
    <xenoData xml:space="preserve">
CREATED: 2024-04-11T12:18:06.916198+00:00
CREATED BY: eScriptorium vpassthistobuildcmd
IMAGE FILENAME: 20211206-002206.tif
IMAGE WIDTH: 2516
IMAGE HEIGHT: 3986
</xenoData>
  </teiHeader>
  <text>
    <body>
      <div>
        <p>
          <lb/>GEILER, Joh. (Passion) : Passio domini nostri Jesu Christi... —
          <lb/>Strasbourg, Jean Knobloch 1509, in-fol.
          <lb/>Goedeke I2, p. 399. (Ritter, Rép. n° 950 ; éd. Knobloch 1508;
          <lb/>Rép. n° 947 : Knobloch 1506).
          <lb/>1843
          <lb/>GEILER, Joh. (Passion) : Passio der vier Evangelisten. Nach
          <lb/>dem waren text des leidens Jesu Christi mit etlichen
          <lb/>besonderen zusatzen und schönen figuren... —
          <lb/>(Strasbourg, Jean Grüninger 1509), in-fol.
          <lb/>Dacheux, Geiler p. XCIII, Schmidt I, n° 110; Panzer, Annalen I,
          <lb/>301. — B M Colmar, Bibl. Royale Stuttgart.
          <lb/>1844
          <lb/>GEILER, Joh. (Passion): Fragmenta passionis... — Strasbourg
          <lb/>1510, in-4°.
          <lb/>Goedeke 12, p. 399, n° 11. [L’édition Strasbourg, Mathias
          <lb/>Schürer, mois de novembre 1511 se trouve à la B N de
          <lb/>Strasbourg : Ritter, Rép, n° 952l. [Ritter, Rép, no 949 ; éd.
          <lb/>Schürer 1508).
          <lb/>1845
          <lb/>GEILER, Joh. (Passion) : Passion des heren Jesu fürgeben und
          <lb/>gepredigt usz dem latyn in tutsch sprache transveriert
          <lb/>durch Adelphus (Mülich), Physicus zu Straszburg.
          <lb/>Uszlegung des lebkuochen. Das schiff des heils.] —
          <lb/>Strasbourg, Jean Grüninger 1512.
          <lb/>B M Colmar. [Ritter, Rép. n° 968; éd. Grüninger 1514). 1846
          <lb/>GEILER, Joh. (Passion) ; Passio domini nostri Jesu Christi... —
          <lb/>Strasbourg, Mathias Hupfuff 1513, in-fol.
          <lb/>Dacheux, Geiler, p. XCI, Londres, Brit. Mus. 690.g.13;
          <lb/>Schmidt V, n° 109 : B N Munich.
          <lb/>1847
          <lb/>GEILER, Jean (Passion) : Das ist der Passion. In form eins
          <lb/>gerichthandels... — (Strasbourg, Jean Grüninger «uff
          <lb/>S. Gertrudentag» (17 mars) 1514, in-fol.
          <lb/>Dacheux, p. CLXXVI; Kristeller, n° 97, Panzer : Annalen,
          <lb/>Zusätze 127; Schmidt I, n° 134. — B U Fribourg.
          <lb/>1848
          <lb/>204
        </p>
      </div>
    </body>
  </text>
</TEI>
