<?xml version='1.0' encoding='UTF-8'?>
<?xml-model href="https://raw.githubusercontent.com/OpenITI/tei_openiti/master/tei_openiti.rng" type="application/xml" schematypens="http://relaxng.org/ns/structure/1.0"?>
<?xml-model href="https://raw.githubusercontent.com/OpenITI/tei_openiti/master/tei_openiti.rng" type="application/xml" schematypens="http://purl.oclc.org/dsdl/schematron"?>
<TEI xmlns="http://www.tei-c.org/ns/1.0">
  <teiHeader>
    <fileDesc>
      <titleStmt>
        <title/>
      </titleStmt>
      <publicationStmt>
        <p/>
      </publicationStmt>
      <sourceDesc>
        <p/>
      </sourceDesc>
    </fileDesc>
    <profileDesc>
      <calendarDesc>
        <calendar xml:id="ah">
          <p>Anno Hegirae</p>
        </calendar>
      </calendarDesc>
    </profileDesc>
    <xenoData xml:space="preserve">
CREATED: 2024-04-11T12:18:06.819227+00:00
CREATED BY: eScriptorium vpassthistobuildcmd
IMAGE FILENAME: 20211206-002200.tif
IMAGE WIDTH: 2512
IMAGE HEIGHT: 3936
</xenoData>
  </teiHeader>
  <text>
    <body>
      <div>
        <p>
          <lb/>FUNDAMENTEÜCHLEIN : Cantzleysch Fundamentbüchlin. —
          <lb/>(Mulhouse, J. Schirenbrand et P. Schmid vers 15571,
          <lb/>in-4°.
          <lb/>Coudre, p. 76, n° 2.
          <lb/>1804
          <lb/>FUNDGRUB. Voir : BUCHLEIN (die himmlich Fundgrub)
          <lb/>nos 1206-1208.
          <lb/>FURIUS, Fridericus : De consiliis &amp;amp; consiliariis principum. —
          <lb/>Strasbourg, Lazare Zetzner 1599, in-8° (Speculum
          <lb/>Aulicarum. I.). Voir n° 3263.
          <lb/>1805
          <lb/>GABRIOTTO. Voir: WICKRAM, Jörg n° 3487/8.
          <lb/>GALEACIUS CAPELLA : Commentarii de rebus gestis pro
          <lb/>restitutione Francisci II. Mediolanensium Ducis... —
          <lb/>(Haguenau, Pierre Brubach 13 juillet 1535), in-8°.
          <lb/>Walter, n° 1347. [Ritter, Rép. n° 931 : Opus medicinae
          <lb/>practicae. Haguenau, Kobian 1533l.
          <lb/>1806
          <lb/>GALEACIUS CAPELLA : Commentarii de rebus gestis pro
          <lb/>restitutione Francisci Sfortiae II, Mediolani Ducis.. —
          <lb/>Strasbourg, Crato Mylius, mars 1538, in-8°.
          <lb/>Walter, n° 1348.
          <lb/>1807
          <lb/>GALENUS, Claudius : Hlepì yvuov. Graece. — Strasbourg,
          <lb/>Blaise Fabricius 1557, in-80.
          <lb/>Graesse III, p. 8. (Ritter, Rép. n° 932 : Galenus, De
          <lb/>Humoribus. Strasbourg, Emmel 1558l.
          <lb/>1808
          <lb/>GALLASIUS, Nicolaus. Voir: CALVIN, Joh., n° 1268.
          <lb/>GALLIANUS, Conrad : Practica uff Drey ior. Namlich des
          <lb/>xxij, xxiij und xxiüj. — (Strasbourg, Jean Schott 1521),
          <lb/>in-4°.
          <lb/>Schmidt II, no 65; Weller, 1929. — B M Colmar, B N Munich.
          <lb/>1809
          <lb/>198
        </p>
      </div>
    </body>
  </text>
</TEI>
