<?xml version='1.0' encoding='UTF-8'?>
<?xml-model href="https://raw.githubusercontent.com/OpenITI/tei_openiti/master/tei_openiti.rng" type="application/xml" schematypens="http://relaxng.org/ns/structure/1.0"?>
<?xml-model href="https://raw.githubusercontent.com/OpenITI/tei_openiti/master/tei_openiti.rng" type="application/xml" schematypens="http://purl.oclc.org/dsdl/schematron"?>
<TEI xmlns="http://www.tei-c.org/ns/1.0">
  <teiHeader>
    <fileDesc>
      <titleStmt>
        <title/>
      </titleStmt>
      <publicationStmt>
        <p/>
      </publicationStmt>
      <sourceDesc>
        <p/>
      </sourceDesc>
    </fileDesc>
    <profileDesc>
      <calendarDesc>
        <calendar xml:id="ah">
          <p>Anno Hegirae</p>
        </calendar>
      </calendarDesc>
    </profileDesc>
    <xenoData xml:space="preserve">
CREATED: 2024-04-11T12:18:09.339296+00:00
CREATED BY: eScriptorium vpassthistobuildcmd
IMAGE FILENAME: 20211206-002296.tif
IMAGE WIDTH: 2534
IMAGE HEIGHT: 3990
</xenoData>
  </teiHeader>
  <text>
    <body>
      <div>
        <p>
          <lb/>LIED : Ich stund an einem Morgen... T. B. S. — [Th. Berger,
          <lb/>Strasbourg, vers 1570), in-fol. (7 strophes).
          <lb/>Vogeleis, p. 314. Meier, John : Bergreihen [Neudrucke des
          <lb/>XVI u. XVII. Jhd. fasc. 99-100), p. XIII et XIV, n° 40 :
          <lb/>« Uebersetzt von Bebel Opuscula nova. Argentorati 1512,
          <lb/>in-40». Ritter, Rép. n° 166.
          <lb/>2294
          <lb/>LIED : Einmal thet ich spatzieren... — T. B. S. (Th. Berger,
          <lb/>Strasbourg vers 1570] in-fol.
          <lb/>Vogeleis, p. 313.
          <lb/>2295
          <lb/>LIED : Ich weiss ein kleines waldvögelein. — [Strasbourg,
          <lb/>Th. Berger vers 1570), in-fol.
          <lb/>Vogeleis, p. 313.
          <lb/>2296
          <lb/>LIED : Winter! du must urlaub han. T. B. S. (Strasbourg,
          <lb/>Th. Berger vers 1570), in-fol.
          <lb/>Vogeleis, p. 313.
          <lb/>2297
          <lb/>LIED : Vom Alexander von Metz wie er in der Heidenschafft
          <lb/>gefangen, unnd durch sein Frauw, ausz dem pflug inn
          <lb/>eines Münchs gestalt, wiederumb erlöst ward... —
          <lb/>(Strasbourg, Th. Berger vers 1570]; in-fol.
          <lb/>Vogeleis, p. 313.
          <lb/>2298
          <lb/>LIED : Von dreyen lieben Frauen. — [Strasbourg, Th. Berger
          <lb/>vers 1570), in-8°.
          <lb/>Vogeleis, p. 312.
          <lb/>2299
          <lb/>LIED : Vom Malers Töchterlein «Ein meydlin an dem
          <lb/>laden lag ». — [Strasbourg, Thiébaud Berger vers 1570),
          <lb/>in-fol.
          <lb/>Vogeleis, p. 313.
          <lb/>2300
          <lb/>LIED: Es steht ein lind in jenem thal. Die Nachtigall als
          <lb/>294
        </p>
      </div>
    </body>
  </text>
</TEI>
