<?xml version='1.0' encoding='UTF-8'?>
<?xml-model href="https://raw.githubusercontent.com/OpenITI/tei_openiti/master/tei_openiti.rng" type="application/xml" schematypens="http://relaxng.org/ns/structure/1.0"?>
<?xml-model href="https://raw.githubusercontent.com/OpenITI/tei_openiti/master/tei_openiti.rng" type="application/xml" schematypens="http://purl.oclc.org/dsdl/schematron"?>
<TEI xmlns="http://www.tei-c.org/ns/1.0">
  <teiHeader>
    <fileDesc>
      <titleStmt>
        <title/>
      </titleStmt>
      <publicationStmt>
        <p/>
      </publicationStmt>
      <sourceDesc>
        <p/>
      </sourceDesc>
    </fileDesc>
    <profileDesc>
      <calendarDesc>
        <calendar xml:id="ah">
          <p>Anno Hegirae</p>
        </calendar>
      </calendarDesc>
    </profileDesc>
    <xenoData xml:space="preserve">
CREATED: 2024-04-11T12:18:11.654724+00:00
CREATED BY: eScriptorium vpassthistobuildcmd
IMAGE FILENAME: 20211206-002393.tif
IMAGE WIDTH: 2496
IMAGE HEIGHT: 3976
</xenoData>
  </teiHeader>
  <text>
    <body>
      <div>
        <p>
          <lb/>PARACELSUS (Geschichten, wunderbarliche) : Wunnderbarer
          <lb/>und mercklicher Geschichten... Prognostication... —
          <lb/>Strasbourg, Christian Egenolph, mars 1530 (?), in-4°.
          <lb/>D’après Charles Bittel, Uberlingen, le biographe de Paracelse,
          <lb/>ce premier écrit de Paracelse aurait déjà été imprimé en
          <lb/>1529 non à Nuremberg, mais à Strasbourg; Zinner 1412. 2826
          <lb/>PARACELSUS, Theophr. (De Gradibus) :.. De gradibus, de
          <lb/>compositionibus et dosibus receptorum ac naturalium.
          <lb/>Libri septem. — Mulhouse, Pierre Fabricius (Schmid)
          <lb/>1562, in-4°.
          <lb/>(D’après l’ex. de Camille Schlumberger de Ribeauviller, se
          <lb/>référant à un catalogue anglais c’est la rare Ire éd. de ce livre).
          <lb/>— Sudhoff 43 : « Typographisch schön ausgestattete Editio
          <lb/>princeps ». Werner, p. 103, n° 22.
          <lb/>2827
          <lb/>PARACELSUS (Heimlichkeiten) : Von Heimlichkeiten der
          <lb/>Natur X Bücher. — Strasbourg, Christian Müller 1575,
          <lb/>in-8°.
          <lb/>Graesse V, p. 129. (Ritter, Rép. n° 1780). Voir aussi Rép.
          <lb/>n° 1772 : éd. Th. Rihel 1570).
          <lb/>2828
          <lb/>PARACELSUS (De morbo gallico) : De morbo Gallico. War¬
          <lb/>haffte Chur der Frantzosen sampt eyner trewen warnung,
          <lb/>wie man sich vor den erbärmlichen Schäden der falschen
          <lb/>Chur hüten soll. Philippi Theophrasti Paracelsi Dry
          <lb/>Bücher. Allen liebhabern der Armen und im Platern
          <lb/>verderbten krancken zu gefallen durch D. Toxiten
          <lb/>corrigirt und in Truck gefertigt... — Strasbourg,
          <lb/>Christian Müller (Mylius] 1578, in-8°.
          <lb/>Ritter: B M Strasbourg, n° 1632.
          <lb/>2829
          <lb/>PARACELSUS, Theophr. (Onomastica) : Gründliche Erklärung
          <lb/>in allerlei Sprachen der Philosophischen, Medizinischen
          <lb/>und Chimischen Namen... Strassburg, B. Jobin 1574,
          <lb/>in-8°. A la suite de FISCHART, Joh. : Onomastica, n° 1724.
          <lb/>Graesse V, p. 128.
          <lb/>2830
          <lb/>391
        </p>
      </div>
    </body>
  </text>
</TEI>
