<?xml version='1.0' encoding='UTF-8'?>
<?xml-model href="https://raw.githubusercontent.com/OpenITI/tei_openiti/master/tei_openiti.rng" type="application/xml" schematypens="http://relaxng.org/ns/structure/1.0"?>
<?xml-model href="https://raw.githubusercontent.com/OpenITI/tei_openiti/master/tei_openiti.rng" type="application/xml" schematypens="http://purl.oclc.org/dsdl/schematron"?>
<TEI xmlns="http://www.tei-c.org/ns/1.0">
  <teiHeader>
    <fileDesc>
      <titleStmt>
        <title/>
      </titleStmt>
      <publicationStmt>
        <p/>
      </publicationStmt>
      <sourceDesc>
        <p/>
      </sourceDesc>
    </fileDesc>
    <profileDesc>
      <calendarDesc>
        <calendar xml:id="ah">
          <p>Anno Hegirae</p>
        </calendar>
      </calendarDesc>
    </profileDesc>
    <xenoData xml:space="preserve">
CREATED: 2024-04-11T12:18:05.458918+00:00
CREATED BY: eScriptorium vpassthistobuildcmd
IMAGE FILENAME: 20211206-002153.tif
IMAGE WIDTH: 2498
IMAGE HEIGHT: 3972
</xenoData>
  </teiHeader>
  <text>
    <body>
      <div>
        <p>
          <lb/>EPISTOLA : de magistris nostris Lovaniensibus... —
          <lb/>[Strasbourg, Jean Schott 1518), in-40.
          <lb/>Schmidt II, n° 43 : « Lettre par lettre la même impression
          <lb/>que les traités de Brunfels publiés par Schott».
          <lb/>1553
          <lb/>EPISTOLA : de non apostolicis quorundam moribus qui in
          <lb/>apostolorum se locum successisse gloriantur. — Sélestat,
          <lb/>Lazare Schürer, vers 1521, in-4°.
          <lb/>Ritter, Hist. impr. App. 477 (2).
          <lb/>1554
          <lb/>EPISTOLAE : virorum obscurorum ad venerabilem virum
          <lb/>Magistrum Ortvinum Gratium Daventriensem, Coloniae
          <lb/>Agrippinae bonas litteras docentem, variis et locis et
          <lb/>temporibus missae ac demum in volumen coactae. —
          <lb/>(Haguenau, Henri Gran 1515), in-40.
          <lb/>Voir les différentes éd. chez Böcking : Hutten, Ulrich : Opera
          <lb/>1859/70, tome II Pars 2 ainsi que Bömer, Aloys : Epistolae
          <lb/>virorum obscurorum (Heidelberg 1924). Schottenloher 36.720c,
          <lb/>Burg, n° 165.
          <lb/>1555
          <lb/>EPISTOLAE : virorum obscurorum. — [Haguenau 15161,
          <lb/>in-40.
          <lb/>Goedeke IIe, p. 455, n° 2.
          <lb/>1556
          <lb/>EPISTOLAE : virorum obscurorum. — Cum multis aliis epistolis
          <lb/>in fine annexis quae in prima impressura non habentur.
          <lb/>(In Venetia impressum in impressoria Aldi Minutii...)
          <lb/>Venetiarum). — [Probablement : Strasbourg, Jean Schott
          <lb/>1516), in-4°.
          <lb/>Goedeke II2, p. 455, n° 3.
          <lb/>1557
          <lb/>EPISTOLAE : trium illustrium virorum ad Hermannum
          <lb/>Comitem Nuenarium. Eiusdem responsoria una ad
          <lb/>Joannem Reuchlinum &amp;amp; altera ad Lectorem. Item,
          <lb/>Libellus accusatorius Fratris Jacobi de Hochstraten
          <lb/>contra Oculare speculum Joannis Reuchlin. Diffama¬
          <lb/>tiones eiusdem Jacobi. Item Defensio nova Joannis
          <lb/>151
        </p>
      </div>
    </body>
  </text>
</TEI>
