<?xml version='1.0' encoding='UTF-8'?>
<?xml-model href="https://raw.githubusercontent.com/OpenITI/tei_openiti/master/tei_openiti.rng" type="application/xml" schematypens="http://relaxng.org/ns/structure/1.0"?>
<?xml-model href="https://raw.githubusercontent.com/OpenITI/tei_openiti/master/tei_openiti.rng" type="application/xml" schematypens="http://purl.oclc.org/dsdl/schematron"?>
<TEI xmlns="http://www.tei-c.org/ns/1.0">
  <teiHeader>
    <fileDesc>
      <titleStmt>
        <title/>
      </titleStmt>
      <publicationStmt>
        <p/>
      </publicationStmt>
      <sourceDesc>
        <p/>
      </sourceDesc>
    </fileDesc>
    <profileDesc>
      <calendarDesc>
        <calendar xml:id="ah">
          <p>Anno Hegirae</p>
        </calendar>
      </calendarDesc>
    </profileDesc>
    <xenoData xml:space="preserve">
CREATED: 2024-04-11T12:18:09.486073+00:00
CREATED BY: eScriptorium vpassthistobuildcmd
IMAGE FILENAME: 20211206-002306.tif
IMAGE WIDTH: 2516
IMAGE HEIGHT: 3942
</xenoData>
  </teiHeader>
  <text>
    <body>
      <div>
        <p>
          <lb/>Gottes... zu Straszburg gesungen und gedicht... —
          <lb/>(Strasbourg, Ulric Morhard s. d.), in-8°.
          <lb/>Schmidt IV, p. 31, n° 14; Vogeleis, p. 210; Wackernagel 166. —
          <lb/>Weimar. Benzing: Schürer n° 25 met Schurer hér. 2352
          <lb/>LIED (ein schönes, neues) : Ein schön new Lied, von der
          <lb/>frommen und Gottseligen Junckfrawen Esther, Wie sie
          <lb/>jr volck die Juden, das volck Gottes, von der Tyranney
          <lb/>des gotlosen Haman, erlöset hat... (grav.). — Gedruckt
          <lb/>zu Strasburg bey Thiebolt Berger s. d., in-8° (L’auteur
          <lb/>à la fin : J. V.).
          <lb/>Heitz, p. 53.
          <lb/>2353
          <lb/>LIED (ein schönes, neues) : Ein schön neüw Lied. Von einer
          <lb/>Junckfrawen die da Trew jagt und von einem jungen
          <lb/>gesellen, einem Jäger und einem Waldtbruder... (grav.).
          <lb/>— (T. B. S.) — Th. Berger, Strasbourg, s. d.), in-8°.
          <lb/>Heitz, p. 23.
          <lb/>2354
          <lb/>LIED (ein schönes, neues) : Ein schön New Lied, von dem
          <lb/>fürnempsten Hauptmann, wie er jetz auff den früling
          <lb/>will Knecht annemmen... (grav.).— (T. B. S.)
          <lb/>— Th. Berger, Strasbourg s. d.), in-8°.
          <lb/>Heitz, p. 45; Wackernagel IV, 236: Benedict Gletting. 2355
          <lb/>LIED (ein schönes, neues) : Ein schön neüw Lied, der Marg¬
          <lb/>graff schiffet über den Rhein. Das ander Lied, Von der
          <lb/>belägerung Schweinfurt mit sampt ergangner schlacht...
          <lb/>(grav.). Das dritte Lied, Von dem Albrecht von
          <lb/>Rosenberg (grav.). — (Strasbourg, Th. Berger s. d.),
          <lb/>in-80.
          <lb/>Heitz, p. 73.
          <lb/>2356
          <lb/>LIED (ein schönes, neues) : Ein schön neüw Lied von dem
          <lb/>Künig Pharon. Hört zu so will ich heben an... (grav.). —
          <lb/>(Strasbourg, Th. Berger s. d.), in-8°.
          <lb/>Heitz, p. 34; Wackernagel III, 1283.
          <lb/>2357
          <lb/>304
        </p>
      </div>
    </body>
  </text>
</TEI>
