<?xml version='1.0' encoding='UTF-8'?>
<?xml-model href="https://raw.githubusercontent.com/OpenITI/tei_openiti/master/tei_openiti.rng" type="application/xml" schematypens="http://relaxng.org/ns/structure/1.0"?>
<?xml-model href="https://raw.githubusercontent.com/OpenITI/tei_openiti/master/tei_openiti.rng" type="application/xml" schematypens="http://purl.oclc.org/dsdl/schematron"?>
<TEI xmlns="http://www.tei-c.org/ns/1.0">
  <teiHeader>
    <fileDesc>
      <titleStmt>
        <title/>
      </titleStmt>
      <publicationStmt>
        <p/>
      </publicationStmt>
      <sourceDesc>
        <p/>
      </sourceDesc>
    </fileDesc>
    <profileDesc>
      <calendarDesc>
        <calendar xml:id="ah">
          <p>Anno Hegirae</p>
        </calendar>
      </calendarDesc>
    </profileDesc>
    <xenoData xml:space="preserve">
CREATED: 2024-04-11T12:18:06.938073+00:00
CREATED BY: eScriptorium vpassthistobuildcmd
IMAGE FILENAME: 20211206-002207.tif
IMAGE WIDTH: 2514
IMAGE HEIGHT: 3980
</xenoData>
  </teiHeader>
  <text>
    <body>
      <div>
        <p>
          <lb/>GEILER, Joh. (Passion) : Passio domini nostri Jesu Christi. —
          <lb/>Strasbourg, Jean Knobloch 1507, in-fol.
          <lb/>Goedeke I2, p. 399, n° 8; Schmidt VII, n° 34; Walter 1991.
          <lb/>1849
          <lb/>GEILER, Joh. (Passion) : Der Passion oder daz Iyden Jesu
          <lb/>Christi. — (Strasbourg, Jean Schott 1522), in-fol.
          <lb/>Passavant III, p. 331 ; Baer, Catal, 500 (1907), n° 1330 :
          <lb/>«300 M. Mit 19 prächtigen blattgrossen Holzschnitten von
          <lb/>Hans Pilgrim, genannt Wechtelin... Das Hauptwerk Wechte¬
          <lb/>lins. Von diesem prächtigen Buche hat R. Zoozmann in der
          <lb/>Liebhaber-Bibliothek alter und seltener Drucke, Berlin 1905,
          <lb/>eine Facsimile-Reproduction herausgegeben».
          <lb/>1850
          <lb/>GEILER, Joh. (Passion) : Der text des passions oder leydens
          <lb/>christi. — (Strasbourg, Jean Knobloch 1507), in-fol.
          <lb/>Dacheux, Geiler, p. xCII ; Schmidt VII, n° 35 : B N Munich.
          <lb/>(Ritter, Rép. n° 952 ; éd. Knobloch 1509; Rép. n° 948;
          <lb/>Knobloch 1506).
          <lb/>1851
          <lb/>GEILER, Joh. (Passion) : Der text des Passions... —
          <lb/>(Strasbourg, Mathias Hupfuff 1513), in-fol.
          <lb/>Dacheux, Geiler, p. XCVII; Goedeke 12, p. 398, n° 8; Schmidt V,
          <lb/>n° 108. — S. Gall (Stiftsbibliothek); Weislinger 177. 1852
          <lb/>GEILER, Joh. (Schiff der Poenitenz) : Das Schiff der penitenz...
          <lb/>— Strasbourg, Math. Hupfuff 1515, in-fol.
          <lb/>Schmidt, Hist. litt. II, p. 384.
          <lb/>1853
          <lb/>GEILER, Joh. (Seelen Paradies... — Strasbourg, Mathias
          <lb/>Schürer 1522, in-fol.
          <lb/>Baer (Francfort-s.-M.), Catal, 500 (1907), n° 604 : 120 M.
          <lb/>(Ritter, Rép, n° 956 ; éd. Schürer 1510).
          <lb/>1854
          <lb/>GEILER, Johannes (Die Spinnerin) : Die geistliche Spinnerin.
          <lb/>— [Strasbourg, Jean Knobloch 1511), in-fol.
          <lb/>Ritter, Gr. Sém. Strasbourg n° 195.
          <lb/>1855
          <lb/>205
        </p>
      </div>
    </body>
  </text>
</TEI>
