<?xml version='1.0' encoding='UTF-8'?>
<?xml-model href="https://raw.githubusercontent.com/OpenITI/tei_openiti/master/tei_openiti.rng" type="application/xml" schematypens="http://relaxng.org/ns/structure/1.0"?>
<?xml-model href="https://raw.githubusercontent.com/OpenITI/tei_openiti/master/tei_openiti.rng" type="application/xml" schematypens="http://purl.oclc.org/dsdl/schematron"?>
<TEI xmlns="http://www.tei-c.org/ns/1.0">
  <teiHeader>
    <fileDesc>
      <titleStmt>
        <title/>
      </titleStmt>
      <publicationStmt>
        <p/>
      </publicationStmt>
      <sourceDesc>
        <p/>
      </sourceDesc>
    </fileDesc>
    <profileDesc>
      <calendarDesc>
        <calendar xml:id="ah">
          <p>Anno Hegirae</p>
        </calendar>
      </calendarDesc>
    </profileDesc>
    <xenoData xml:space="preserve">
CREATED: 2024-04-11T12:18:05.295340+00:00
CREATED BY: eScriptorium vpassthistobuildcmd
IMAGE FILENAME: 20211206-002144.tif
IMAGE WIDTH: 2514
IMAGE HEIGHT: 3960
</xenoData>
  </teiHeader>
  <text>
    <body>
      <div>
        <p>
          <lb/>DIETRICH von Bern : Herr Dieterich von Bern und sein streit:
          <lb/>wer Meister Hiltebrandt, Wie sie wider Rysz Sygenoten
          <lb/>gestritten haben, und zu letst von dem alten Hiltebrand
          <lb/>überwunden... (grav.). Getruckt zu Strasburg bey
          <lb/>Th. Berger am Barfüsser platz (M.D.LX.), in-8°,
          <lb/>Heitz p. 58: « nirgends verzeichnet ».
          <lb/>1509
          <lb/>DIETRICH von Bern. Voir: ECKEN Ausfahrt n° 1532.
          <lb/>DIETRICH, Sixtus : Magnificat octo Tonorum autore
          <lb/>Xixto Theoderico. Liber primus. — (Strasbourg,
          <lb/>Pierre Schaeffer et Mathias Apiarius 6 mars 1535),
          <lb/>in-4° [en tout 53 piècesl.
          <lb/>Vogeleis p. 233.
          <lb/>1510
          <lb/>DIETRICH, Sixtus : (Idem). — Strasbourg, Pierre Schaeffer
          <lb/>et Mathias Apiarius 1537, in-4°.
          <lb/>Vogeleis p. 237 München, Brüssel.
          <lb/>1511
          <lb/>DIETRICH, Sixtus. Voir aussi : SAPIDUS, Joh, n° 3164.
          <lb/>DIETRICH, Ulrich : Theses de Usucapione et Praescriptionibus
          <lb/>temporum ab Ob. Giphanio Juris et Doctore et Ante¬
          <lb/>cessore in Academia Argentoratensi propositae. Eas
          <lb/>disputando tuebitur Hulderichus Dietrich Argentora¬
          <lb/>tensis, mense Junio M.D.LXXV. — [Strasbourg) 1575,
          <lb/>in-4°.
          <lb/>Ritter, B M Strasbourg n° 831.
          <lb/>1512
          <lb/>DIETRICH, Veit : Die Deudsche Lytania mit etlichen
          <lb/>angehengten Gebetlein. Auch wie die Eltern jre kindlein
          <lb/>zu disen fehrlichen zeiten, umb erhaltung des wort
          <lb/>Gottes, wider die Feinde des heiligen Evangelij sollen
          <lb/>betten lehren... — (Strasbourg, Wolfgang Köpfel 1546),
          <lb/>in-8°. (Marque typ. de Köpfel au verso du dernier f.).
          <lb/>Voir aussi : PSALMEN n° 3012.
          <lb/>Bibl. S. Guillaume Strasbourg.
          <lb/>1513
          <lb/>142
        </p>
      </div>
    </body>
  </text>
</TEI>
