<?xml version='1.0' encoding='UTF-8'?>
<?xml-model href="https://raw.githubusercontent.com/OpenITI/tei_openiti/master/tei_openiti.rng" type="application/xml" schematypens="http://relaxng.org/ns/structure/1.0"?>
<?xml-model href="https://raw.githubusercontent.com/OpenITI/tei_openiti/master/tei_openiti.rng" type="application/xml" schematypens="http://purl.oclc.org/dsdl/schematron"?>
<TEI xmlns="http://www.tei-c.org/ns/1.0">
  <teiHeader>
    <fileDesc>
      <titleStmt>
        <title/>
      </titleStmt>
      <publicationStmt>
        <p/>
      </publicationStmt>
      <sourceDesc>
        <p/>
      </sourceDesc>
    </fileDesc>
    <profileDesc>
      <calendarDesc>
        <calendar xml:id="ah">
          <p>Anno Hegirae</p>
        </calendar>
      </calendarDesc>
    </profileDesc>
    <xenoData xml:space="preserve">
CREATED: 2024-04-11T12:18:04.029249+00:00
CREATED BY: eScriptorium vpassthistobuildcmd
IMAGE FILENAME: 20211206-002101.tif
IMAGE WIDTH: 2490
IMAGE HEIGHT: 3962
</xenoData>
  </teiHeader>
  <text>
    <body>
      <div>
        <p>
          <lb/>CANDIDUS, Pantaleon : Bohemais h. e. de ducibus Bohemicis
          <lb/>libri duo, de regibus Bohemiae libri V. — Strasbourg,
          <lb/>1587, in-40
          <lb/>Goedeke II2, p. 104, n° 101 (2).
          <lb/>1274
          <lb/>CANDIDUS, Pantaleon : Epitaphia antiqua et recentia,
          <lb/>hominum qui in s. literis celebrantur : regum item et
          <lb/>principum, theologorum, doctorum, &amp;amp; aliorum clarorum
          <lb/>virorum : tum mulierum, infantum &amp;amp; variorum casuum
          <lb/>&amp;amp;c. Facta, collecta, atque digesta in libros quatuor... —
          <lb/>Strasbourg, « typis Josiae Rihelii per Andream Riet¬
          <lb/>schium », 1600, in-80.
          <lb/>Ritter : B M Strasbourg n° 2201.
          <lb/>1275
          <lb/>CANDIDUS, Pant. Voir aussi : RITTER, Rép. n° 423 :
          <lb/>DE GOTICIS, Strasbourg, Ant. Bertram 1587.
          <lb/>CANON missae. Voir: BALTHASAR, Franz no 904/5.
          <lb/>CANTIONES quinque vocarum selectissimae et primariae
          <lb/>Germaniae inferioris, Galliae et Italiae musices magistris
          <lb/>editae. — Strasbourg, Pierre Schœffer 1529. — [Nouv.
          <lb/>éd. 1539l.
          <lb/>1276
          <lb/>Vogeleis, p. 239.
          <lb/>CANTIONES : Selectae cantiones octo et septem vocum, in
          <lb/>usum Academiae Reipublicae Argentoratensis... —
          <lb/>Strasbourg, Nicolas Wyriot 1578, in-80.
          <lb/>Vogeleis, p. 341.
          <lb/>1277
          <lb/>CANTIONES, Christianae. Voir : RITTER, Rép. n° 425
          <lb/>Strasbourg, Bl. Fabricius 1555.
          <lb/>CANTIUNCULA, Claudius : Paraphrasis in lib. I Institutionum
          <lb/>Justiniani... — Haguenau, J. Secer septembre 1533,
          <lb/>in-fol.
          <lb/>Walter, n° 908; Burg, n° 137.
          <lb/>1278
          <lb/>CANTIUNCULA, Claudius : Paraphrasis in secundum Librum
          <lb/>99
          <lb/>CarI
          <lb/>Sgou
        </p>
      </div>
    </body>
  </text>
</TEI>
