<?xml version='1.0' encoding='UTF-8'?>
<?xml-model href="https://raw.githubusercontent.com/OpenITI/tei_openiti/master/tei_openiti.rng" type="application/xml" schematypens="http://relaxng.org/ns/structure/1.0"?>
<?xml-model href="https://raw.githubusercontent.com/OpenITI/tei_openiti/master/tei_openiti.rng" type="application/xml" schematypens="http://purl.oclc.org/dsdl/schematron"?>
<TEI xmlns="http://www.tei-c.org/ns/1.0">
  <teiHeader>
    <fileDesc>
      <titleStmt>
        <title/>
      </titleStmt>
      <publicationStmt>
        <p/>
      </publicationStmt>
      <sourceDesc>
        <p/>
      </sourceDesc>
    </fileDesc>
    <profileDesc>
      <calendarDesc>
        <calendar xml:id="ah">
          <p>Anno Hegirae</p>
        </calendar>
      </calendarDesc>
    </profileDesc>
    <xenoData xml:space="preserve">
CREATED: 2024-04-11T12:18:11.135029+00:00
CREATED BY: eScriptorium vpassthistobuildcmd
IMAGE FILENAME: 20211206-002369.tif
IMAGE WIDTH: 2516
IMAGE HEIGHT: 3962
</xenoData>
  </teiHeader>
  <text>
    <body>
      <div>
        <p>
          <lb/>MISSALE Moguntinum. — (Strasbourg, Jean Prüss après
          <lb/>15001, in-fol.
          <lb/>Weale-Bohatta 629.
          <lb/>2702
          <lb/>MISSALE Ordinis Praemonstratensis. — (Strasbourg, René
          <lb/>Beck] 1511, in-fol.
          <lb/>Weale-Bohatta : Bibliographia Liturgica, n° 1671. 2703
          <lb/>MISSALE Teutonicorum : Missale secundum ritum ordinis
          <lb/>dominorum Teutonicorum. — Haguenau, Thomas
          <lb/>Anshelm 1519, in-fol.
          <lb/>Weale, p. 219; Hiersemann (Leipzig), Catal. 557 (1925),
          <lb/>n° 103 : 1500 M.
          <lb/>2704
          <lb/>MISSALE Teutonicorum : Missale ad notulam dominicorum
          <lb/>Teutonicorum : denuo diligentissima revisum recogni¬
          <lb/>tione. — Haguenau, Thomas Anshelm (décembre 1519),
          <lb/>in-fol.
          <lb/>Weale-Bohatta, Liturgische Bibliographie, n° 1937; Burg,
          <lb/>n° 326.
          <lb/>2704a
          <lb/>MISSale speciale. — (Strasbourg, Jean Prüss 1504), in-fol.
          <lb/>Schmidt III, n° 42; Weale-Bohatta 1474; Vogeleis, p. 164. —
          <lb/>Bibl. Centrale Zurich; Panzer 6, 31.
          <lb/>2705
          <lb/>MISSAle speciale. — Strasbourg, Jean Prüss 1508, in-fol.
          <lb/>Ritter, Grand Sém. Strasbourg, n° 346; Weale-Bohatta 1475.
          <lb/>2706
          <lb/>MISSALE speciale. — (Strasbourg, René Beck (26.VIII.]
          <lb/>1512), in-fol.
          <lb/>Ritter, Gr. Sém, n° 347; Schmidt IV, p. 17, n° 6; Weale¬
          <lb/>Bohatta 1476; Vogeleis, p. 177; Panzer 6, 58. — Bâle et
          <lb/>jadis Bibl. de Strasbourg, Incun, n° 3417.
          <lb/>2707
          <lb/>MISSale speciale. — Strasbourg, René Beck 29.VI.1514,
          <lb/>in-fol.
          <lb/>Weale-Bohatta 1477.
          <lb/>2708
          <lb/>367
        </p>
      </div>
    </body>
  </text>
</TEI>
