<?xml version='1.0' encoding='UTF-8'?>
<?xml-model href="https://raw.githubusercontent.com/OpenITI/tei_openiti/master/tei_openiti.rng" type="application/xml" schematypens="http://relaxng.org/ns/structure/1.0"?>
<?xml-model href="https://raw.githubusercontent.com/OpenITI/tei_openiti/master/tei_openiti.rng" type="application/xml" schematypens="http://purl.oclc.org/dsdl/schematron"?>
<TEI xmlns="http://www.tei-c.org/ns/1.0">
  <teiHeader>
    <fileDesc>
      <titleStmt>
        <title/>
      </titleStmt>
      <publicationStmt>
        <p/>
      </publicationStmt>
      <sourceDesc>
        <p/>
      </sourceDesc>
    </fileDesc>
    <profileDesc>
      <calendarDesc>
        <calendar xml:id="ah">
          <p>Anno Hegirae</p>
        </calendar>
      </calendarDesc>
    </profileDesc>
    <xenoData xml:space="preserve">
CREATED: 2024-04-11T12:19:53.602329+00:00
CREATED BY: eScriptorium vpassthistobuildcmd
IMAGE FILENAME: A121078-5125.tif
IMAGE WIDTH: 2348
IMAGE HEIGHT: 3860
</xenoData>
  </teiHeader>
  <text>
    <body>
      <div>
        <p>
          <lb/>1433
          <lb/>In-fol., car, goth., 6 ff. non ch., CXXVIII ff. ch., 3 ff. non ch. (Index à
          <lb/>2 col.); titre courant, réclames, notes marg. init. goth., titre rouge et noir.
          <lb/>27 gravures sur bois, empruntées à des éditions antérieures.
          <lb/>fol. 2a non ch. : Layenspiegels !] Argument... — Auripolitanorum
          <lb/>Academia, Idibus Iunijs, Anno &amp;amp;c!! Decimo supra Millesimum &amp;amp;
          <lb/>quingentesimum (Préface de 3 pp.).
          <lb/>fol. 3b non ch. : Doctor Sebastiani Brand!! Vorreden in disen
          <lb/>Leyenspiegel (1 page et demie en prose et 2 et demie en vers allemands).
          <lb/>fol. 5b non ch. : (Feuille de lierre) Iacobus Locher !! Philomusus,
          <lb/>Poeta, Et !! Orator Laureatus, Lectoribus... — Datum in celebratissi¬
          <lb/>mo Ingolstadiensi gym- Il nasio.
          <lb/>fol. 6b non ch. : (Feuille de lierre). Epigramma!) Philomusi, In Specu-I]
          <lb/>lum Laicorum Udalrici Il Tengler (12 dist.).
          <lb/>Au-dessous : 3 dist. au lecteur du même auteur.
          <lb/>R. 10.2372. Prov. inconnue.
          <lb/>2280
          <lb/>TENGLER Udalricus
          <lb/>Strasbourg, J. Albrecht, 1538
          <lb/>LAyenspiegel... (comme dans l’édition de 1536). Anno
          <lb/>M. D. XXXVIII.
          <lb/>A la fin, après l’Index : Getruckt zu Straszburg, durch
          <lb/>Johan-nem Albrecht, am xij tag des Mertzen, Jm jar als
          <lb/>man zalt nach der geburt Christi vn- sers Herren
          <lb/>M. D. XXXVIII.
          <lb/>In-4°, car, goth. 6 ff. non ch., CXXVIII ff, ch., 3 ff. non ch. à 2 col.
          <lb/>(Index), titre courant, réclames, notes marg., init. goth., titre en rouge
          <lb/>et en noir.
          <lb/>Réimpression de l’édition d’Albrecht de 1536.
          <lb/>R. 10.248. Prov. : Hermann Bahr, Berlin (Catal. X, N° 1320), 10 M,
          <lb/>30/XI 1889. Au verso du titre : ex-libris : « Ad Bibl. H. Zur-Mühln».
          <lb/>2281
          <lb/>TENGLER Udalricus
          <lb/>Strasbourg, W. Rihel et Georges Messerschmidt, 1544
          <lb/>LAyenspiegel. Von rechtmässigen ordnungen vnd
          <lb/>Burgerlichen vnd Peinlichen Regi-menten, Mit Addition
          <lb/>vrsprünglicher! rechtsprüchen. Auch der Guldin Bulla,!
          <lb/>Küniglicher Reformation, Landt-friden &amp;amp;c. Sampt bewä¬
          <lb/>rungen gemeiner rechten, vnd an- derm anzeygen New¬
          <lb/>lich getruckt.
          <lb/>Zu Strasburg in Knob- lochs druckerey.Ano.
          <lb/>M. D. XLIII. (Verso blanc.)
          <lb/>A la fin: Getruckt zu Strasburg, durch Wendel! Rihel vnd
          <lb/>Georgen Messerschmidt, den xXVj Augu- sti, Im jar als
          <lb/>man zalt nach der geburt Christivnsers Seligmachers.
          <lb/>M. D. XLIIII.
          <lb/>In-fol., car. goth., 6 ff. non ch., CXXVIII ff. ch., 3 ff. (Table à 2 col.)
          <lb/>et 1 f. blanc, titre courant, réclames, notes marg., init. goth. et à fig.,
          <lb/>titre rouge et noir, encadré : bordure supérieure, mascarons; bordure
        </p>
      </div>
    </body>
  </text>
</TEI>
