<?xml version='1.0' encoding='UTF-8'?>
<?xml-model href="https://raw.githubusercontent.com/OpenITI/tei_openiti/master/tei_openiti.rng" type="application/xml" schematypens="http://relaxng.org/ns/structure/1.0"?>
<?xml-model href="https://raw.githubusercontent.com/OpenITI/tei_openiti/master/tei_openiti.rng" type="application/xml" schematypens="http://purl.oclc.org/dsdl/schematron"?>
<TEI xmlns="http://www.tei-c.org/ns/1.0">
  <teiHeader>
    <fileDesc>
      <titleStmt>
        <title/>
      </titleStmt>
      <publicationStmt>
        <p/>
      </publicationStmt>
      <sourceDesc>
        <p/>
      </sourceDesc>
    </fileDesc>
    <profileDesc>
      <calendarDesc>
        <calendar xml:id="ah">
          <p>Anno Hegirae</p>
        </calendar>
      </calendarDesc>
    </profileDesc>
    <xenoData xml:space="preserve">
CREATED: 2024-04-11T12:19:59.675171+00:00
CREATED BY: eScriptorium vpassthistobuildcmd
IMAGE FILENAME: A121078-5283.tif
IMAGE WIDTH: 2442
IMAGE HEIGHT: 3866
</xenoData>
  </teiHeader>
  <text>
    <body>
      <div>
        <p>
          <lb/>1593
          <lb/>1501, 1661, 4, 1765, 2005, 2013,
          <lb/>Delius, Albrecht (Bielefeld, anc. poss.),
          <lb/>2065, 2203, 9, 2303, 2332, 2357,
          <lb/>926, 1467.
          <lb/>2524.
          <lb/>Delius, Matthaeus (Hamburgensis,
          <lb/>Cuntze, Joh. Gottlob (anc. poss.
          <lb/>1568), 2145.
          <lb/>1823), 419, 420.
          <lb/>Démosthène, 86, 87, 627-631, 1104,
          <lb/>Curio, Jacobus (Hofemianus, Prof.
          <lb/>1297, 1522.
          <lb/>Heidelbergensis, médecin), 604.
          <lb/>Denisse. Voir : Nicolaus de Nyse.
          <lb/>Curtius, Jacobus, 913.
          <lb/>Desiderius (Freiherr zu Alten und
          <lb/>Curtius Rufus Quintus, 605.
          <lb/>Newen Fronhoven), 1781.
          <lb/>Cusanus. Voir: Nicolaus de Cusa.
          <lb/>Despauterius, Joh. (Ninivitae Berga¬
          <lb/>Cuspinianus, Joh. (Spiesshaymer), 606-
          <lb/>rum Ludimagister), 632-633.
          <lb/>607, 1412, 1739.
          <lb/>Dessau BM, 263, 4, 707.
          <lb/>Cuvier, Charles (anc. poss. 1815), 150.
          <lb/>Detlof, C. (Bâle, Cat. 29, n° 634, 1879),
          <lb/>Cybeleus, Valentinus (Canonicus eccle¬
          <lb/>1798.
          <lb/>siae Albensis), 608.
          <lb/>Deussen, Joh. Christ. (anc. poss.), 342.
          <lb/>Cyprianus (St.), 1093, 1793, 2302.
          <lb/>Dickius, Jacobus, 1654.
          <lb/>Cyprianus, Joh. Hen. Gottfr. (anc.
          <lb/>Dickius, Leopoldus (Sacri Romani
          <lb/>poss. 1717), 752.
          <lb/>imperialis Consistorii Procurator),
          <lb/>Cyrus, 2506, 7.
          <lb/>634.
          <lb/>Cytharedus, 165.
          <lb/>Didymus, 1193, 2518.
          <lb/>Czoch. Voir : Zoch.
          <lb/>Diebolt, Matthaeus (anc. poss.), 1563.
          <lb/>Diel, Jac. (Landoensis), 451.
          <lb/>L
          <lb/>Diessen. Voir : Monastères.
          <lb/>Dietenberger, Joh., 645-652.
          <lb/>Dacheux, 947, 8, 950-52, 956, 7, 960-
          <lb/>Dieterich, Marx, 1455.
          <lb/>962, 966-986, 2257.
          <lb/>Dietrich (genannt Dalberg), 1099.,
          <lb/>Dahler, J. G. (anc. poss. 1833), 2270.
          <lb/>Dietrich (étudiant Roufach, anc.
          <lb/>Dalburg, Joh. (Episcopus Worma¬
          <lb/>poss.), 62.
          <lb/>censis, 1508), 1099, 2484.
          <lb/>Dietrich, Nicolaus, 792.
          <lb/>Dalheim, Josquinus (Ostofrancus),
          <lb/>Dietrich, Theobald (imprimeur, Stras¬
          <lb/>1778.
          <lb/>bourg, 1569), 1556, 2170.
          <lb/>Damianus, 999, 1168.
          <lb/>Dietrich, Ulricus (Argentoratensis),
          <lb/>Dampier, Mr., 2299.
          <lb/>1077.
          <lb/>Daniel (Prophet), 609, 2355.
          <lb/>Dietrich, Vitus, 1447.
          <lb/>Daniel (Archiepiscopus Moguntinen¬
          <lb/>Dietrichstein, Sigismund Georgius,
          <lb/>sis), 814, 816.
          <lb/>836.
          <lb/>Dante, 1621.
          <lb/>Dietterlin, Wendelinus (Maler und
          <lb/>Dantiscus, Joh. (Episcopus Culmen¬
          <lb/>Burger zu Strassburg), 653.
          <lb/>sis), 693, 1955.
          <lb/>Dillerus, Conrad, 1173, 4.
          <lb/>Danzig, BM, 300, 328.
          <lb/>Dillingen, BM, 326, 8.
          <lb/>Darmstadt, Bibl. de la Cour, 272, 9,
          <lb/>Dillinger, Joh. (anc. poss. 1628), 339.
          <lb/>286, 294, 7, 300, 3, 577, 705, 718,
          <lb/>Dinckel, Jerg (anc. poss.), 1271.
          <lb/>741, 999, 1239, 2076.
          <lb/>Dinckelspühl. Voir : Nicolaus de
          <lb/>Daser, Wilhelm (Monacensis), 1650.
          <lb/>Dinckelspühl.
          <lb/>Dasypodius, Conradus, 610-14, 811-
          <lb/>Dingler, Johann (Burger zu Schletts¬
          <lb/>817, 851, 903, 1142, 2217.
          <lb/>tadt), 888.
          <lb/>Dasypodius, Petrus, 615-22.
          <lb/>Dinlingius, Joh. (Iglaviensis), 1027.
          <lb/>Dasypodius, Theophilus, 526, 533.
          <lb/>Dinsdorf (Vente, Leipzig, 1879),
          <lb/>Dathus, Augustinus, 135.
          <lb/>2506, 7.
          <lb/>Daverchusius, Matthias (1519), 2019.
          <lb/>Dinter, Edmond. 990.
          <lb/>Davis &amp;amp; Orioli (Londres, anc. poss.
          <lb/>Dinus de Mugilo, 1586.
          <lb/>1937), 1038.
          <lb/>Diodorus (Siculus), 482.
          <lb/>Deck (Strasbourg vente), 1238.
          <lb/>Diomedes Grammaticus, 654.
          <lb/>Deczius, Joh. (Ungarus), 624.
          <lb/>Dionysius Aeropagita, 655.
          <lb/>Degen, Jacobus (nommé Schegk,
          <lb/>Dionysius Hallicarnassus, 2208.
          <lb/>Schorndorfensis medicus), 625.
          <lb/>Dionysius, Nestor (Novarensis), 656.
          <lb/>Degermann (Vente 1899), 930.
          <lb/>Dionysius von Rickel (Carthauser
          <lb/>Deidericus, Georgius (Teckensis, Tran¬
          <lb/>Ord.), 657.
          <lb/>sylvanus), 626.
          <lb/>Dioscorides, 587, 658-659, 1415.
          <lb/>Dei Gratia, Jodocus (abbas in Salem),
          <lb/>Disdorpius, Mauritius (Holsatus), 660,
          <lb/>551.
          <lb/>860, 1647.
        </p>
      </div>
    </body>
  </text>
</TEI>
