<?xml version='1.0' encoding='UTF-8'?>
<?xml-model href="https://raw.githubusercontent.com/OpenITI/tei_openiti/master/tei_openiti.rng" type="application/xml" schematypens="http://relaxng.org/ns/structure/1.0"?>
<?xml-model href="https://raw.githubusercontent.com/OpenITI/tei_openiti/master/tei_openiti.rng" type="application/xml" schematypens="http://purl.oclc.org/dsdl/schematron"?>
<TEI xmlns="http://www.tei-c.org/ns/1.0">
  <teiHeader>
    <fileDesc>
      <titleStmt>
        <title/>
      </titleStmt>
      <publicationStmt>
        <p/>
      </publicationStmt>
      <sourceDesc>
        <p/>
      </sourceDesc>
    </fileDesc>
    <profileDesc>
      <calendarDesc>
        <calendar xml:id="ah">
          <p>Anno Hegirae</p>
        </calendar>
      </calendarDesc>
    </profileDesc>
    <xenoData xml:space="preserve">
CREATED: 2024-04-11T12:19:52.056323+00:00
CREATED BY: eScriptorium vpassthistobuildcmd
IMAGE FILENAME: A121078-5079.tif
IMAGE WIDTH: 2370
IMAGE HEIGHT: 3860
</xenoData>
  </teiHeader>
  <text>
    <body>
      <div>
        <p>
          <lb/>1387
          <lb/>(STOBAEUS]
          <lb/>Strasbourg, J. Knobloch, 1515.
          <lb/>Senarii Graecanici!] Quingenti &amp;amp; eo amplius uersi, Singuli
          <lb/>moralem quandam sententiam,! aut typum prouerbialem
          <lb/>prae se ferentes, Oth.  maro Nachtgall! Argentino,
          <lb/>Metaphra (] ste...
          <lb/>Ioannes Knoblouch notis aereis!! excepit Argentoraci.
          <lb/>In-4°, car. grecs et rom., 49 pp. ch. et 2 pp. d’index, verso du dernier
          <lb/>f., blanc; le texte se trouve au verso, tandis que la version latine est en
          <lb/>regard au recto des ff., init. fleuries A, N; titre rouge et noir, encadré
          <lb/>(ornements, colonnes, figures d’hommes et d’animaux).
          <lb/>Au verso du titre:... Nicolai Wurmser, Collegij diui Thomae! Argen¬
          <lb/>tinensis Decano meritissimo. !! Othmarus Nachtgall Argenti !! nus... —
          <lb/>Argentine! nonas Augusti Anno quinto decimo supra sesquimille!
          <lb/>simum.
          <lb/>R. 101.549. Prov. : Bibl. Ch. Schmidt avec son ex-libris.
          <lb/>Schmidt VII, No 101. Jadis Bibl. de Strasbourg, Incun. N° 4174.
          <lb/>Brunet V, 516 : Les sentences que renferme cet opuscule rare sont
          <lb/>tirées de Stobée.
          <lb/>2192
          <lb/>STOBAEUS
          <lb/>Strasbourg, J. Knobloch, 1521
          <lb/>Graece !! et Latine. (1 Senarii Proverbia- Il les ex diuersis
          <lb/>Poëtis graecis, a Stobaeo!] collecti, &amp;amp; iam recens ab Ottomaro
          <lb/>Luscinio Argentino Iurispont. Doct. in Senarios latinos
          <lb/>fe- stiuè admodum uersi, quo-!! rum titulos extre- ma
          <lb/>gerit tabula...
          <lb/>A la fin avant l’Index, p. 50 : Argentinae apud Ioannem!
          <lb/>Knoblouchum, Mense!! Decembri. Anno,! M. D. XXI.
          <lb/>Au verso du dernier f., marque typogr. de J. Knobloch.
          <lb/>(H. &amp;amp; B. Planche IX, No 2, Silvestre, No 636).
          <lb/>In-8°, car. grecs et ital., 2 ff. non ch., 50 pp. ch., 2 pp. non ch. (Index),
          <lb/>réclames, titre encadré, composé de quatre pièces juxta-posées (H. &amp;amp; B.
          <lb/>Planche X, N° 5).
          <lb/>Le texte grec au verso, la traduction latine en regard au recto des ff.
          <lb/>Au verso du titre :... Ambrosio!! Ypphofero de Y pphoferstal, Custodi
          <lb/>1! &amp;amp; Canonico Brixinensi, Patroro !! suo, ac Mecoenati unico, Otto-!]
          <lb/>marus Luscinius Argentinus...
          <lb/>R. 101.548. Prov. : Rosenthal, Munich, 6/VI, 1886; 5 M. 30.
          <lb/>Schmidt (VII, No 224); Bibl. Mazarine de Paris, n° 29739 et un ex.
          <lb/>de Paul Heitz Strasbourg.
          <lb/>Brunet V5, 516 : Cette édition n’est pas moins rare que la précédente
          <lb/>11515). Il en a été vendu un bel exemplaire rel. en mar. bl. 2 liv. 2 sh.
          <lb/>Hibbert; autrement de 6 à 9 francs.
          <lb/>2193
          <lb/>STOLBERG Matthaeus. Voir: CARMINA gratulatoria. No 454.
          <lb/>STRIGELIUS Victorinus
          <lb/>Strasbourg, B. Jobin, 1583
          <lb/>Victorini Strigelii Viri Cla-!] rissimi Orationes XXX.]
          <lb/>De Praecipuis Patri-chis, prophetis, et regi-bus, quorum
        </p>
      </div>
    </body>
  </text>
</TEI>
