<?xml version='1.0' encoding='UTF-8'?>
<?xml-model href="https://raw.githubusercontent.com/OpenITI/tei_openiti/master/tei_openiti.rng" type="application/xml" schematypens="http://relaxng.org/ns/structure/1.0"?>
<?xml-model href="https://raw.githubusercontent.com/OpenITI/tei_openiti/master/tei_openiti.rng" type="application/xml" schematypens="http://purl.oclc.org/dsdl/schematron"?>
<TEI xmlns="http://www.tei-c.org/ns/1.0">
  <teiHeader>
    <fileDesc>
      <titleStmt>
        <title/>
      </titleStmt>
      <publicationStmt>
        <p/>
      </publicationStmt>
      <sourceDesc>
        <p/>
      </sourceDesc>
    </fileDesc>
    <profileDesc>
      <calendarDesc>
        <calendar xml:id="ah">
          <p>Anno Hegirae</p>
        </calendar>
      </calendarDesc>
    </profileDesc>
    <xenoData xml:space="preserve">
CREATED: 2024-04-11T12:19:53.712903+00:00
CREATED BY: eScriptorium vpassthistobuildcmd
IMAGE FILENAME: A121078-5131.tif
IMAGE WIDTH: 2332
IMAGE HEIGHT: 3852
</xenoData>
  </teiHeader>
  <text>
    <body>
      <div>
        <p>
          <lb/>1439
          <lb/>enfant, l’homme apporte du bois pour faire du feu, devant
          <lb/>eux 4 petits enfants, dont un couché. A droite de la gray.
          <lb/>les mots : Labor Improbos., à gauche : Omnia Vincit.
          <lb/>Au-dessous de la grav. : Argentor. Apud Christianum
          <lb/>Egenolphum.
          <lb/>A la fin : Argentorati, Apud Christianum!! Egenolphum.
          <lb/>Mense Augusto, Anno M. D. XXX. (Verso blanc.)
          <lb/>In-8°, car. ital., 68 ff. non ch., sign. A-J, titre courant, réclames.
          <lb/>Au verso du titre : C. Cornelius Graphe-!) us... Damiano de Gooes!
          <lb/>Regis Lusitani. in Antwerpien. Emporio à rationibus... — Antuerpiae,
          <lb/>Ca Il lend. Quintilibus !! Anno. M. D. II XXIX.
          <lb/>R. 101.787. Prov. : H. Kerler, Ulm, 19/x, 1878; 3 M. 2290
          <lb/>TERENTIUS Afer Publius
          <lb/>Strasbourg, J. Albrecht, 1533
          <lb/>P. Teren- tius A Philippo Melan-chthone iam nouis¬
          <lb/>sime restitutus.
          <lb/>Addita sunt Scholia eiusdem Philippi quae quidem hoc
          <lb/>i-gno“ praenotauimus. Tum Petri Marsi in loca obscura
          <lb/>adnotationes. Itemque Pauli Malleoli in singulas scenas.
          <lb/>Praeterea his omnibus accessere Christopho-ri Heggendor¬
          <lb/>phini adnotatiunculae, ac scho- lia doctissima, nec hactenus
          <lb/>aedita.
          <lb/>Argentorati Anno M. D. XXXIII. (Verso blanc.)
          <lb/>A la fin: Impressum Argentorati in! Officina Knoblouchia¬
          <lb/>na per Ioannem!! Albrecht,AnnoM. D. XXXIII.
          <lb/>Mense Augusto.
          <lb/>Au verso du f. blanc qui suit, marque typ. de J. Albrecht.
          <lb/>(H. &amp;amp; B. Planche XXV, n° 2 ; Silvestre, n° 1116.)
          <lb/>In-8°, car. ital., 565 pp., titre courant, réclames, notes marg., init.
          <lb/>ornées et à fig.
          <lb/>p. 3: Philippus Melanchthon! Paedagogis... (Préface de deux pp.
          <lb/>et demie).
          <lb/>p. 6 : Christophorus Hegendor-!phinus Ornatissimo iuueni Erasmo!
          <lb/>Hungerleydt Posnaniensi (2 pp.).
          <lb/>R. 101.783. Prov. : N. G. Elwert, Marbourg, 13/xII, 1887 ; 1 M. 50.
          <lb/>Notes mss. : « Martinus Kreutzer est possessor huius libri. 1578;
          <lb/>au-dessous : Martinus Kreutzer Slestadianus; à la fin le même nom avec
          <lb/>la date 1581.
          <lb/>2291
          <lb/>TERENTIUS Afer Publius
          <lb/>Strasbourg, W. Rihel, 1548
          <lb/>P. Terentii Afri Comoediae Sex. Ad Vetusta Ex¬
          <lb/>emplaria diligentissime! emendatae.
          <lb/>Cum Castigatione Duplici Ioannis Riuij &amp;amp; Georgii
          <lb/>Fa-]bricij, quarum prima auctior est, altera recens scripta,
          <lb/>&amp;amp; iam primum edita.
        </p>
      </div>
    </body>
  </text>
</TEI>
