<?xml version='1.0' encoding='UTF-8'?>
<?xml-model href="https://raw.githubusercontent.com/OpenITI/tei_openiti/master/tei_openiti.rng" type="application/xml" schematypens="http://relaxng.org/ns/structure/1.0"?>
<?xml-model href="https://raw.githubusercontent.com/OpenITI/tei_openiti/master/tei_openiti.rng" type="application/xml" schematypens="http://purl.oclc.org/dsdl/schematron"?>
<TEI xmlns="http://www.tei-c.org/ns/1.0">
  <teiHeader>
    <fileDesc>
      <titleStmt>
        <title/>
      </titleStmt>
      <publicationStmt>
        <p/>
      </publicationStmt>
      <sourceDesc>
        <p/>
      </sourceDesc>
    </fileDesc>
    <profileDesc>
      <calendarDesc>
        <calendar xml:id="ah">
          <p>Anno Hegirae</p>
        </calendar>
      </calendarDesc>
    </profileDesc>
    <xenoData xml:space="preserve">
CREATED: 2024-04-11T12:19:58.551327+00:00
CREATED BY: eScriptorium vpassthistobuildcmd
IMAGE FILENAME: A121078-5252.tif
IMAGE WIDTH: 2406
IMAGE HEIGHT: 3858
</xenoData>
  </teiHeader>
  <text>
    <body>
      <div>
        <p>
          <lb/>p
          <lb/>1
          <lb/>.
          <lb/>.
          <lb/>.
          <lb/>D
          <lb/>2
          <lb/>G
          <lb/>-
          <lb/>D
          <lb/>1
          <lb/>.
          <lb/>.
          <lb/>D
          <lb/>D
          <lb/>4
          <lb/>4
          <lb/>1
          <lb/>EE
          <lb/>D
          <lb/>1
          <lb/>1
          <lb/>3
          <lb/>&amp;quot;
          <lb/>1
          <lb/>1a
          <lb/>LES
          <lb/>1
          <lb/>3
          <lb/>&amp;quot;
          <lb/>.
          <lb/>—
          <lb/>.
          <lb/>D
          <lb/>— R
          <lb/>2
          <lb/>.
          <lb/>F
          <lb/>D
          <lb/>1
          <lb/>-
          <lb/>.
          <lb/>1
          <lb/>..
          <lb/>1
          <lb/>.
          <lb/>E
          <lb/>UE MRAREMA
          <lb/>RT
        </p>
      </div>
    </body>
  </text>
</TEI>
