<?xml version='1.0' encoding='UTF-8'?>
<?xml-model href="https://raw.githubusercontent.com/OpenITI/tei_openiti/master/tei_openiti.rng" type="application/xml" schematypens="http://relaxng.org/ns/structure/1.0"?>
<?xml-model href="https://raw.githubusercontent.com/OpenITI/tei_openiti/master/tei_openiti.rng" type="application/xml" schematypens="http://purl.oclc.org/dsdl/schematron"?>
<TEI xmlns="http://www.tei-c.org/ns/1.0">
  <teiHeader>
    <fileDesc>
      <titleStmt>
        <title/>
      </titleStmt>
      <publicationStmt>
        <p/>
      </publicationStmt>
      <sourceDesc>
        <p/>
      </sourceDesc>
    </fileDesc>
    <profileDesc>
      <calendarDesc>
        <calendar xml:id="ah">
          <p>Anno Hegirae</p>
        </calendar>
      </calendarDesc>
    </profileDesc>
    <xenoData xml:space="preserve">
CREATED: 2024-04-11T12:19:53.092870+00:00
CREATED BY: eScriptorium vpassthistobuildcmd
IMAGE FILENAME: A121078-5107.tif
IMAGE WIDTH: 2350
IMAGE HEIGHT: 3856
</xenoData>
  </teiHeader>
  <text>
    <body>
      <div>
        <p>
          <lb/>. SVETO
          <lb/>NII TRANQ VIL¬
          <lb/>Ii de vita duodecim
          <lb/>Cæsartim, Li¬
          <lb/>bri XII.
          <lb/>Cæsareos proceres, in quorũ re¬
          <lb/>gna secundis
          <lb/>Consulibus dudum Romana
          <lb/>potentia cessit,
          <lb/>Accipe bis senos, sua quẽ mo¬
          <lb/>nastica signat.
          <lb/>Quorum per plenã seriem Sue¬
          <lb/>tonius olim
          <lb/>Nomina, res gestas, vitam, obi
          <lb/>tum peregit.
          <lb/>E1
          <lb/>1415
          <lb/>(5 hexamètres).
          <lb/>A la fin : Excusum Argentine in Aedibus Ioan- nis Prusz
          <lb/>Ciuis. Argentinensis Men-se Augusto. Anno. M. D. XX.
          <lb/>(Verso blanc.)
          <lb/>In-4°, car, rom., 2 ff. non ch., 154 ff. ch., titre courant, init. ornées,
          <lb/>titre encadré, bordure supérieure, un feston, attaché aux colonnes latérales,
        </p>
      </div>
    </body>
  </text>
</TEI>
