<?xml version='1.0' encoding='UTF-8'?>
<?xml-model href="https://raw.githubusercontent.com/OpenITI/tei_openiti/master/tei_openiti.rng" type="application/xml" schematypens="http://relaxng.org/ns/structure/1.0"?>
<?xml-model href="https://raw.githubusercontent.com/OpenITI/tei_openiti/master/tei_openiti.rng" type="application/xml" schematypens="http://purl.oclc.org/dsdl/schematron"?>
<TEI xmlns="http://www.tei-c.org/ns/1.0">
  <teiHeader>
    <fileDesc>
      <titleStmt>
        <title/>
      </titleStmt>
      <publicationStmt>
        <p/>
      </publicationStmt>
      <sourceDesc>
        <p/>
      </sourceDesc>
    </fileDesc>
    <profileDesc>
      <calendarDesc>
        <calendar xml:id="ah">
          <p>Anno Hegirae</p>
        </calendar>
      </calendarDesc>
    </profileDesc>
    <xenoData xml:space="preserve">
CREATED: 2024-04-11T12:20:00.754857+00:00
CREATED BY: eScriptorium vpassthistobuildcmd
IMAGE FILENAME: A121078-5300.tif
IMAGE WIDTH: 2466
IMAGE HEIGHT: 3860
</xenoData>
  </teiHeader>
  <text>
    <body>
      <div>
        <p>
          <lb/>1610
          <lb/>474, 7, 8, 501, 4, 6, 514, 6, 9, 521,
          <lb/>Kretz, Mathias, 38, 42.
          <lb/>4, 6,,7 8, 9, 532, 6, 7, 8, 548, 552,
          <lb/>Kreutzer, Martin (Slestadiensis, anc.
          <lb/>7, 9, 562, 3, 4, 5, 7, 573, 8, 586, 7,
          <lb/>poss. 1578), 2291.
          <lb/>589, 593, 4, 8, 9, 600, 6, 7, 611, 9,
          <lb/>Kriechingen, Franz (Freiherr von),
          <lb/>681, 3, 690, 3, 703, 4, 8, 714, 721,
          <lb/>1319.
          <lb/>4, 5, 742, 777, 784, 797, 8, 800, 1,
          <lb/>Kriegelstein, Ruprecht (Stättmeister
          <lb/>2, 3, 5, 809, 830, 8, 843, 6, 8, 856,
          <lb/>zu Colmar, 1556), 2462.
          <lb/>860, 1, 7, 9, 875, 882, 894, 7, 904,
          <lb/>Kristeller, 313, 678, 9, 728, 888, 890,
          <lb/>912, 4. 921, 3, 924, 5, 6, 8, 930, 1,
          <lb/>1, 962, 3, 6, 8, 9, 974, 5, 6, 982, 3,
          <lb/>2, 5, 971, 2, 986, 991, 3, 1012, 1024,
          <lb/>1226, 1235, 1266, 1300, 1402, 3,
          <lb/>9. 1034, 9, 1040, 1, 8, 1064, 1148,
          <lb/>1461, 1488, 1604, 8, 1739, 1891,
          <lb/>1186, 1193, 1398, 1448, 1918,
          <lb/>1925, 1967, 1984-86, 2284, 7, 2411.
          <lb/>2086, 2201, 2219, 2245, 2268,
          <lb/>Kroh (Paris), 1044, 1325.
          <lb/>2271, 2361, 2453, 5, 2518.
          <lb/>Krotschius, Martin, 1085.
          <lb/>Königsberger, Joh. Voir : Künigsber¬
          <lb/>Krug, Caspar (Basiliensis consul),
          <lb/>ger.
          <lb/>1031.
          <lb/>Konitz, M. G., 157, 158.
          <lb/>Krug, Friedrich (Goldschmidt zu
          <lb/>Köpfel, Wolfgang (impr. Strasbourg),
          <lb/>Strassburg, 1590), 2403.
          <lb/>178, 198, 200, 308, 335, 353, 7, 8,
          <lb/>Krug, Leonhard (Goldschmidt zu
          <lb/>373. 430-43, 466, 589-94, 640, 688,
          <lb/>Strassburg, 1590), 2403.
          <lb/>785, 798, 1073, 1091, 2, 8, 9, 1180a,
          <lb/>Kruegfelder, Caspar (anc. poss. anno
          <lb/>1190, 1, 1194-98, 1235-38, 1434,
          <lb/>1576), 1835.
          <lb/>1442, 1450, 1908, 9, 1935, 1946-48,
          <lb/>Kruegfelder, Joh. (anc. poss anno
          <lb/>1953, 2019, 2303, 2310, 2311, 2326,
          <lb/>1558), 1835.
          <lb/>2400, 2513-15, 2522, 4.
          <lb/>Kubasta &amp;amp; Voigt (Vienne, anc. poss.
          <lb/>Köpfel fils (impr. Strasbourg), 1400,
          <lb/>1896), 226, 687, 1046, 1203, 1386,
          <lb/>2460.
          <lb/>1594, 1649, 1658, 1914, 1997, 2081,
          <lb/>Konopath, Joh. de (Polonus), 1104.
          <lb/>2104, 2111, 2116, 2188.
          <lb/>Kopmann, J. M. (Hambourg, don
          <lb/>Kuczinski, Arnold (Augsbourg, anc.
          <lb/>1871), 2134.
          <lb/>poss.), 1027, 1070, 1229, 1425, 2524.
          <lb/>Kopmann, Mich., 585.
          <lb/>Kulnues, (2) Leonardus (anc. poss.
          <lb/>Körner (antiquaire, Nuremberg), 1052.
          <lb/>anno 1663), 1963.
          <lb/>Koeselius, Pancratius, 184.
          <lb/>Künast (Bibl. anc. poss.), 795.
          <lb/>Koesler, H. M. G. (anc. poss.), 529.
          <lb/>Künegunde (Herzogin in Ober-und
          <lb/>Koeth, Michael (von Schlüsselfeldt,
          <lb/>Nieder-Bayern 1512), 962.
          <lb/>anc. poss. 1584), 2330.
          <lb/>Künigsberger (De Monte Regio),
          <lb/>Koetteritz, Joh. à, junior (Marchia¬
          <lb/>Johannes, 1879, 1959.
          <lb/>cus), 1655.
          <lb/>Kuntz, Anton (Schultheiss zu Rufach,
          <lb/>Kowaczioczius, Wolfgang (Cancella¬
          <lb/>1554), 2459.
          <lb/>rius Transylvaniae), 624.
          <lb/>Kurmis, Joseph (anc. poss.), 19.
          <lb/>Kranchius, Joh. Alb., 184.
          <lb/>Krantz, Albrecht (Hambourg), 1314-
          <lb/>Kurser, Jacobus (Cancellarius Baden¬
          <lb/>sis), 168.
          <lb/>Kurz, Ernst Georg, 1866.
          <lb/>Krap, P. A. (anc. poss.), 2232.
          <lb/>Kussmaul, Ad. (Prof. Heidelberg,
          <lb/>Kratwol, Heinrich, 1318.
          <lb/>Kraus, Erhart (von Eger), 1452.
          <lb/>don 1902), 2368.
          <lb/>Kraus, Hans (libr. Vienne, anc. poss.
          <lb/>Kyber, David (Argentinensis), 216,
          <lb/>1937), 1743, 2408.
          <lb/>1274, 1321.
          <lb/>Kraus, J. (Prof. Strasbourg, anc.
          <lb/>Kymeus, 373.
          <lb/>Kynston, John (1562), 933.
          <lb/>poss. 1877), 1185.
          <lb/>Kraut, Eph. (Blaubeuren, anc. poss.
          <lb/>Kyrningus, Carolus, 1183.
          <lb/>1888), 862.
          <lb/>Kräuter, J. (Strasbourg, impr. 1855),
          <lb/>1
          <lb/>2102.
          <lb/>Krener Joh. (anc, poss. Heilbronn anno
          <lb/>Labes, Eugen (Rostock, anc. poss.),
          <lb/>1520), 16, 23-25, 1035, 1461, 1634,
          <lb/>2492.
          <lb/>5, 1831, 2445, 2448.
          <lb/>Labor, Jacob (anc. poss.), 2150.
          <lb/>Kress, Antonius, 544, 5, 6.
          <lb/>Lachner, Wolfgang, 877.
          <lb/>Kress, Magdalena (religieuse à Pilln¬
          <lb/>Ladislaus, Christoff (von Thengen,
          <lb/>reut), 645.
          <lb/>1589), 2391, 2.
          <lb/>Kretschmar, Caspar, 184.
          <lb/>Lais, Jos. (anc. poss.), 1090.
        </p>
      </div>
    </body>
  </text>
</TEI>
