<?xml version='1.0' encoding='UTF-8'?>
<?xml-model href="https://raw.githubusercontent.com/OpenITI/tei_openiti/master/tei_openiti.rng" type="application/xml" schematypens="http://relaxng.org/ns/structure/1.0"?>
<?xml-model href="https://raw.githubusercontent.com/OpenITI/tei_openiti/master/tei_openiti.rng" type="application/xml" schematypens="http://purl.oclc.org/dsdl/schematron"?>
<TEI xmlns="http://www.tei-c.org/ns/1.0">
  <teiHeader>
    <fileDesc>
      <titleStmt>
        <title/>
      </titleStmt>
      <publicationStmt>
        <p/>
      </publicationStmt>
      <sourceDesc>
        <p/>
      </sourceDesc>
    </fileDesc>
    <profileDesc>
      <calendarDesc>
        <calendar xml:id="ah">
          <p>Anno Hegirae</p>
        </calendar>
      </calendarDesc>
    </profileDesc>
    <xenoData xml:space="preserve">
CREATED: 2024-04-11T12:19:52.297021+00:00
CREATED BY: eScriptorium vpassthistobuildcmd
IMAGE FILENAME: A121078-5091.tif
IMAGE WIDTH: 2356
IMAGE HEIGHT: 3842
</xenoData>
  </teiHeader>
  <text>
    <body>
      <div>
        <p>
          <lb/>1399
          <lb/>fol. 11a-23a : Ioan. Sturmius !I Bartholomaeo!! Latomo... — Argen Il
          <lb/>torati pridie Calendas Iu- 11 nias, Anno !! M. D. XL. (Verso blanc.).
          <lb/>fol. 24a-55b : Ioan.! Sturmii De Emen-! datione Ecclesiae et Il
          <lb/>religionis dissidijs E-!! pistolae.
          <lb/>fol. 56a-59a : Iacobus Sadole- ) tus Ioanni Sturmio... — Car- 11 pen¬
          <lb/>toracti Iulij. M. D. XXXIX.
          <lb/>fol. 590-80a : Ioannes Sturmi- I! us Iacobo Sadoleto Cardi- Il nali...
          <lb/>— Argentinae 15. Calend. 11 Augusti. Anno 1539.
          <lb/>R. 101.853. Prov. : Lindner, Strasbourg (Vente Stoeber), 27/11, 1891.
          <lb/>2215
          <lb/>STURM Iohannes
          <lb/>Strasbourg, J. Rihel, 1567
          <lb/>Ioannis Sturmii!! Liber unus, de Periodis. ! Explicatus
          <lb/>non tam Scho-]lijs, quam scholis, a Valentino Ery-I] thraeo
          <lb/>Lindauensi.
          <lb/>Marque typ. de Iosias Rihel (H. &amp;amp; B. Planche XXXI, NOS;
          <lb/>Silvestre, No 821).
          <lb/>Cum Gratia, &amp;amp; Priuilegio Caesareo ad !] annos octo. Il
          <lb/>M. D. LXVII. (Verso blanc.)
          <lb/>Au verso du dernier f. blanc : Argentorati per Iosiam!
          <lb/>Rihelium. Anno M. D. LXVII.
          <lb/>In-8°, car. ital. et rom., 8 ff. non ch., 246 ff. ch., titre courant, annota¬
          <lb/>tions marg., réclames, init. ornées S et Q.
          <lb/>fol. a 2a : Ioannes Stur Il mius, Iosiae Rihelio... — Bene uale, mi Io!!
          <lb/>sia. Argentorati 24. Augu-! sti 1567.
          <lb/>fol. a 3a : Magnifico vi- Il ro... D. Floriano! Griespeckio, à Griespach,
          <lb/>&amp;amp; in Kaczerouio &amp;amp;c. domino... Valentinus Ery-] thraeus Lindauiensis...
          <lb/>— Argentinae, (I III. Cal. Septembris.! M.D. LXVII. (Préface de
          <lb/>7 pp.)
          <lb/>fol. a 6b : Ad illustrissi- Il mam D. D. Elizabetham !! Henrici Octaui
          <lb/>Angliae regis Fi- I] liam, Ioannes Sturmius, de Periodis.
          <lb/>R. 101.221. Prov. : Bibliothèque du Gymnase de Heibronn, 2/IV, 1878;
          <lb/>contre échange.
          <lb/>Au verso du titre : Oxford. Bibl. Bodleiana.
          <lb/>2218
          <lb/>STURM Johannes. Voir : CICERO, Brutus.
          <lb/>Strasbourg, J. Rihel, 1568
          <lb/>STURM Johannes. Voir : CICERO, De oratore.
          <lb/>Strasbourg, J. Rihel, 1568
          <lb/>STURM Johannes. Voir: CICERO, Rhetoricorum ad C. Herennium
          <lb/>libri IV.
          <lb/>Strasbourg, J. Rihel, 1568
          <lb/>STURM Johannes
          <lb/>Strasbourg, J. Rihel, 1569
          <lb/>Academi Il cae epistolae! urbanae.! Ioan. Sturmii recto¬
          <lb/>ris.  lib. I.
          <lb/>Marque typ. de Josias Rihel. (H. &amp;amp; B. Planche XXXII,
          <lb/>No 14.)
        </p>
      </div>
    </body>
  </text>
</TEI>
