<?xml version='1.0' encoding='UTF-8'?>
<?xml-model href="https://raw.githubusercontent.com/OpenITI/tei_openiti/master/tei_openiti.rng" type="application/xml" schematypens="http://relaxng.org/ns/structure/1.0"?>
<?xml-model href="https://raw.githubusercontent.com/OpenITI/tei_openiti/master/tei_openiti.rng" type="application/xml" schematypens="http://purl.oclc.org/dsdl/schematron"?>
<TEI xmlns="http://www.tei-c.org/ns/1.0">
  <teiHeader>
    <fileDesc>
      <titleStmt>
        <title/>
      </titleStmt>
      <publicationStmt>
        <p/>
      </publicationStmt>
      <sourceDesc>
        <p/>
      </sourceDesc>
    </fileDesc>
    <profileDesc>
      <calendarDesc>
        <calendar xml:id="ah">
          <p>Anno Hegirae</p>
        </calendar>
      </calendarDesc>
    </profileDesc>
    <xenoData xml:space="preserve">
CREATED: 2024-04-11T12:19:52.759346+00:00
CREATED BY: eScriptorium vpassthistobuildcmd
IMAGE FILENAME: A121078-5101.tif
IMAGE WIDTH: 2342
IMAGE HEIGHT: 3848
</xenoData>
  </teiHeader>
  <text>
    <body>
      <div>
        <p>
          <lb/>1409
          <lb/>Au-dessous : Cum Gratia &amp;amp; Priuilegio Caesareo ad annos
          <lb/>decem. Anno M. D. LXXXIIII. (Verso blanc.).
          <lb/>A la fin: Argentorati! Excudebat Iosias Rihelius, Anno
          <lb/>M. D. LXXXIIII.
          <lb/>In-8°, car. rom. et ital., 64 pp. ch., réclames, init. ornée V.
          <lb/>p. 3-5 : Ioannes Stur-!! mius Friderico et !! Alberto Ganzijs... —
          <lb/>Argentorati !! tertio Idus Iulij. I1 M. D. LXV. (Verso blanc.)
          <lb/>R. 102.423 (1). Prov. : Bibl. Ch. Schmidt avec son ex-libris à l’intérieur
          <lb/>du Ier plat; annotation mss. au bas du titre : « Nobilis indolis optataeque
          <lb/>frugis Adolescenti Domino Jodoco Christoff. Crescio hunc libellum
          <lb/>testandi amoris proprium feci Justus Rösnerus.
          <lb/>Note mss. au recto du f. de garde : « Godofr. Wild Phil. Stud. 1773 ».
          <lb/>Ritter, BM Strasbourg, n° 2030.
          <lb/>2236
          <lb/>STURM Johannes
          <lb/>Strasbourg, Josias Rihel, 1586
          <lb/>Poeticum Tertium volu- men.Cum lemmatibus
          <lb/>Ioannis Sturmij.Quartae Curiae schola-rum Argenti¬
          <lb/>nensium.
          <lb/>Marque typ. de J. Rihel. (H. &amp;amp; B. Planche XXXII, No 14.)
          <lb/>Cum Gratia &amp;amp; Priuilegio Caesareo! ad Annos octo.
          <lb/>M. D. LXXXVI. (Verso blanc.).
          <lb/>A la fin : ArgentoratiExcudebat Iosias Rihelius,
          <lb/>M. D. LXXXVI. (Verso blanc.)
          <lb/>In-8°, car, rom. et ital., 77 pp. ch. — 1 f. blanc, titre courant, réclames,
          <lb/>init. ornée T.
          <lb/>p. 3-4 : Ioannes Stur- I1 mius Ioanni Iacobo!! Vuormsero S. D... —
          <lb/>Argentorati 7. Ca- Il lend. Augusti. 11 M. D. LXV.
          <lb/>R. 102.423 (3). Prov. : Bibl. Ch. Schmidt.
          <lb/>Ritter, BM Strasbourg, n° 2031.
          <lb/>2237
          <lb/>STURM Johannes
          <lb/>Strasbourg, Josias Rihel, 1587
          <lb/>Poeticum! Secundum vo-!! lumen.!! Cum lemmatibus
          <lb/>Ioannis Sturmij:Quintae Curiae Schola-rum Argenti¬
          <lb/>nensium.
          <lb/>Marque typ. de J. Rihel. (H. &amp;amp; B. Planche XXXII, No 14.)
          <lb/>Au-dessous : Cum Gratia &amp;amp; Priuilegio Caesareo!! ad Annos
          <lb/>octo. I1 M. D. LXXXVII. (Verso blanc.)
          <lb/>A la fin : Argentorati Excudebat Josias Rihelius,
          <lb/>M. D. LXXXVII.
          <lb/>In-8°, car, rom. et ital., 63 pp. ch., sign. E-H, réclames, init. ornée H.
          <lb/>p. 3-4 : Ioannes Stur-! mius Ioanni Ludovico !! Grempio, Ludouici
          <lb/>Grempii Iu- I1 reconsulti filio... — duodecimo Cal. Au- 11 gusti 1565.
          <lb/>R. 102.423 (2). Prov. : Bibl. Ch. Schmidt.
          <lb/>2e ex. R. 102.424 (2). Prov. : Trübner (Catal. XXII, N° 741). Strasbourg,
          <lb/>4/x, 1879.
          <lb/>2238
          <lb/>R. 89
        </p>
      </div>
    </body>
  </text>
</TEI>
