<?xml version='1.0' encoding='UTF-8'?>
<?xml-model href="https://raw.githubusercontent.com/OpenITI/tei_openiti/master/tei_openiti.rng" type="application/xml" schematypens="http://relaxng.org/ns/structure/1.0"?>
<?xml-model href="https://raw.githubusercontent.com/OpenITI/tei_openiti/master/tei_openiti.rng" type="application/xml" schematypens="http://purl.oclc.org/dsdl/schematron"?>
<TEI xmlns="http://www.tei-c.org/ns/1.0">
  <teiHeader>
    <fileDesc>
      <titleStmt>
        <title/>
      </titleStmt>
      <publicationStmt>
        <p/>
      </publicationStmt>
      <sourceDesc>
        <p/>
      </sourceDesc>
    </fileDesc>
    <profileDesc>
      <calendarDesc>
        <calendar xml:id="ah">
          <p>Anno Hegirae</p>
        </calendar>
      </calendarDesc>
    </profileDesc>
    <xenoData xml:space="preserve">
CREATED: 2024-04-11T12:19:57.678489+00:00
CREATED BY: eScriptorium vpassthistobuildcmd
IMAGE FILENAME: A121078-5236.tif
IMAGE WIDTH: 2388
IMAGE HEIGHT: 3860
</xenoData>
  </teiHeader>
  <text>
    <body>
      <div>
        <p>
          <lb/>1546
          <lb/>Joannis Adelphi et Jacobi Ruth-eri Argen. precibus Gallinarius in
          <lb/>versus redegit. (2 dist. latins).
          <lb/>Au-dessous : Rithmus octosyllabicus (4 vers allemands).
          <lb/>R. 100.496. Prov. : Bibl. Böcking. Notes mss.
          <lb/>2e ex. R. 101.460. Prov. : Bibl. Böcking. Notes mss.
          <lb/>Grand Séminaire Strasbourg, Inc. C20; Proctor II, Sectio I, No 10049:
          <lb/>Londres, British Museum; Schmidt VII, N° 12 : exemplaire personnel et
          <lb/>jadis Bibl. de Strasbourg, Incun. N° 4914; Walter: Sélestat No 2423.
          <lb/>Knepper, Wimpfeling, p. 182-196.
          <lb/>2474
          <lb/>WIMPHELING Jacobus : Epithoma rerum Germanicarum usque
          <lb/>ad nostra tempora. Voir : NEPOS Cornelius, Vita M. Catonis...
          <lb/>— (Argentine, J. Prüss, 1505). R. 101.733; n° 1624.
          <lb/>WIMPHELING Jacobus
          <lb/>(Strasbourg, J. Knobloch, 1505)
          <lb/>Soliloquium wim!! phelingij Pro pace christi anorum
          <lb/>et pro Heluetijs recipiscant.
          <lb/>Ad honorem Regis Ro manorum et principum.Ad
          <lb/>cautelam etiam Ciuita tum Sa. Ro. Imperiji! ne apostate
          <lb/>fiant. (Verso blanc.)
          <lb/>In-40, car. goth., 16 ff. non ch., sign. a-c.
          <lb/>fol. A 2a :...domino Jacobo diuina disposi! tione Archiepiscopo
          <lb/>Moguntino ac prin-! cipi electori Domino Clementissimo Ja ]] cobus
          <lb/>wimph. Sese commendat... (Préface de 2 ff.).
          <lb/>fol. A 4a, table.
          <lb/>Au verso de l’avant-dernier f. : Theodoricus Gresemundus in I] laudem
          <lb/>lucubrationum Jngenij II Jacobi Wimfilingij Il praeceptoris !] sui. (6 dist.)
          <lb/>Suit : Epigramma panegyricon Ja I1 cobi Mersteter Ehingensis... (11 dist.).
          <lb/>R. 102.227. Prov. : Bibl. Ch. Schmidt avec son ex-libris; au-dessous,
          <lb/>de sa main : don de M. J. Chauffour. Notes mss, au verso du dernier f.
          <lb/>Schmidt VII, No 14; Ritter, BM Strasbourg n° 2222,
          <lb/>Knepper, Wimpfeling, p. 209-212.
          <lb/>2475
          <lb/>WIMPHELING Jacobus
          <lb/>(Strasbourg, J. Prüss] 1506
          <lb/>Contra quendam qui se! Franciscum Schatzer appellat:
          <lb/>com-plicesque suos : Expurgatio. Ja. wim phelingi.
          <lb/>Epistola Ja. Wimphe! lingi ad Julium secundum! Summum
          <lb/>pontificem.
          <lb/>Epistola ad Albertum! episcopum Argentinensem. (Verso
          <lb/>blanc.)
          <lb/>A la fin : Ad honorem dei et vite christiane defen-] sionem
          <lb/>Impressum Anno, 1506.
          <lb/>In-4°, car. goth., 4 ff. non ch., init. d’attente S, V.
          <lb/>fol. 2a : Contra epistolam Francisci!] Schatzer de Rotwila doctoris
          <lb/>Expurga- ¡] tio Jacobi wympfelingi Ad Julium secundum!] summum
          <lb/>vniuersalis Ecclesie Pontificem atque !! Pastorem... — Ex Argentina:
          <lb/>de sede apostolica optime merita: tueque sanctitati deditissima deuo¬
          <lb/>tissimaque (2 pp.).
        </p>
      </div>
    </body>
  </text>
</TEI>
