<?xml version='1.0' encoding='UTF-8'?>
<?xml-model href="https://raw.githubusercontent.com/OpenITI/tei_openiti/master/tei_openiti.rng" type="application/xml" schematypens="http://relaxng.org/ns/structure/1.0"?>
<?xml-model href="https://raw.githubusercontent.com/OpenITI/tei_openiti/master/tei_openiti.rng" type="application/xml" schematypens="http://purl.oclc.org/dsdl/schematron"?>
<TEI xmlns="http://www.tei-c.org/ns/1.0">
  <teiHeader>
    <fileDesc>
      <titleStmt>
        <title/>
      </titleStmt>
      <publicationStmt>
        <p/>
      </publicationStmt>
      <sourceDesc>
        <p/>
      </sourceDesc>
    </fileDesc>
    <profileDesc>
      <calendarDesc>
        <calendar xml:id="ah">
          <p>Anno Hegirae</p>
        </calendar>
      </calendarDesc>
    </profileDesc>
    <xenoData xml:space="preserve">
CREATED: 2024-04-11T12:19:51.107331+00:00
CREATED BY: eScriptorium vpassthistobuildcmd
IMAGE FILENAME: A121078-5063.tif
IMAGE WIDTH: 2384
IMAGE HEIGHT: 3862
</xenoData>
  </teiHeader>
  <text>
    <body>
      <div>
        <p>
          <lb/>1371
          <lb/>Argentorati Excudebat Antonius Bertramus.CD(DXCIIII.
          <lb/>(Verso blanc.)
          <lb/>In-4°, car. rom. et ital., 44 ff. non ch. dont le dernier blanc, sign. A.-L.,
          <lb/>réclames, notes marg., init. ornées V, O, titre encadré (ornements simples),
          <lb/>vignette à la fin.
          <lb/>fol. A 2a : (Bande d’ornement)... Domino Ioanni Georgio!! Postulato
          <lb/>Administratori Episcopatus Argenti- nensis, Landgrauio Alsatiae...
          <lb/>Israel Spachius... — Argento- I rati : Anno... C1D! DXCIV. Cal. Martii.
          <lb/>(Dédicace de 5 pp. en car. ital.). Verso blanc.
          <lb/>R. 101.564( 14). Prov. : Hiersemann, Leipzig, 15/1, 1935; 4 M.
          <lb/>2162
          <lb/>SPACH Israel
          <lb/>Strasbourg, A. Bertram, 1595
          <lb/>Theses Medicae De motu, sive,  exercitiis; et quiete.
          <lb/>QuasD. N. A. Propositas ab! Israele Spachio D. et
          <lb/>Profess. Med. in inclyta Argentinensi!! Academia.! Ioannes
          <lb/>Rodolphus Saltzmannus Argentinensis. Publicè tueri
          <lb/>conabitur. Mense Februario. (I (Vignette.)
          <lb/>Argentorati, excudebat Antonius Bertramus.CXCV.
          <lb/>In-4°, car. rom. et ital., 22 ff. non ch., sign. A-F, réclames.
          <lb/>Au verso du titre : ... Dn. Iacobo Knibsio!! Consulari, et triumviro!!
          <lb/>Academiae Argentinensis !] dignissimo : I!... Theses hasce!!... Offert
          <lb/>Author.
          <lb/>R. 101.564 (15). Prov. : Hiersemann, Leipzig, 25/1, 1935; 4 M.
          <lb/>2163
          <lb/>SPACH Israel
          <lb/>Strasbourg, L. Zetzner, 1597
          <lb/>Gynaeciorum !] sive! De Mulierum!! communibus, tum
          <lb/>gravi- darum, parientium, et puer-perarum affectibus &amp;amp;
          <lb/>morbis, Libri Graecorum, Arabum, Latinorum !! veterum
          <lb/>et recentium quotquot extant, par-tim nunc primùm editi,
          <lb/>partim verò denuò recogniti, emendati, (] necessarijs Imagini¬
          <lb/>bus exornati, &amp;amp; optimorum Scriptorum autoritatibus
          <lb/>illustrati, Opera &amp;amp; studio Israelis Spachii Med. D.&amp;amp;
          <lb/>Profess. Argentinensis.
          <lb/>Autorum Catalogum post prae-fationem inuenire licet.
          <lb/>Additi sunt etiam Indices Capitum, Rerum ac Verborum in
          <lb/>his me-morabilium locupletissimi &amp;amp; fidelissimi.
          <lb/>Marque typ. de L. Zetzner (manque chez H. &amp;amp; B, semblable
          <lb/>à XLIX, n° 15.)
          <lb/>Cum Priuilegio S. Caesareae Maiestatis.
          <lb/>Argentinae,! Sumptibus Lazari Zetzneri. A gauche de la
          <lb/>marque typ. M. D., à droite XCVII. (Verso blanc.)
          <lb/>In-fol., car. rom. et grecs, 18 ff. non ch., 1080 pp. ch., 11 ff. non ch. à
          <lb/>3 col. (Index), 3 ff. blancs, titre courant, réclames, notes marg., init.
          <lb/>ornées, bandes d’ornement, titre rouge et noir; gravures, instruments de
          <lb/>médecine.
        </p>
      </div>
    </body>
  </text>
</TEI>
