<?xml version='1.0' encoding='UTF-8'?>
<?xml-model href="https://raw.githubusercontent.com/OpenITI/tei_openiti/master/tei_openiti.rng" type="application/xml" schematypens="http://relaxng.org/ns/structure/1.0"?>
<?xml-model href="https://raw.githubusercontent.com/OpenITI/tei_openiti/master/tei_openiti.rng" type="application/xml" schematypens="http://purl.oclc.org/dsdl/schematron"?>
<TEI xmlns="http://www.tei-c.org/ns/1.0">
  <teiHeader>
    <fileDesc>
      <titleStmt>
        <title/>
      </titleStmt>
      <publicationStmt>
        <p/>
      </publicationStmt>
      <sourceDesc>
        <p/>
      </sourceDesc>
    </fileDesc>
    <profileDesc>
      <calendarDesc>
        <calendar xml:id="ah">
          <p>Anno Hegirae</p>
        </calendar>
      </calendarDesc>
    </profileDesc>
    <xenoData xml:space="preserve">
CREATED: 2024-04-11T12:19:55.144136+00:00
CREATED BY: eScriptorium vpassthistobuildcmd
IMAGE FILENAME: A121078-5165.tif
IMAGE WIDTH: 2334
IMAGE HEIGHT: 3854
</xenoData>
  </teiHeader>
  <text>
    <body>
      <div>
        <p>
          <lb/>1473
          <lb/>Chaque ligne a un vers latin, auquel correspond chaque fois un vers
          <lb/>allemand.
          <lb/>R. 101.060. Prov. : v. Maltzahn, Weimar, 11/1, 1877; 8 M. Panzer,
          <lb/>Zusätze, No 46 c.
          <lb/>2352
          <lb/>TRACTATUS astronomicalis
          <lb/>Haguenau, V. Kobian, 1533
          <lb/>Tractatus astronomicalis. (Titre manque dans mon exem¬
          <lb/>plaire qui commence fol. A : Primus Tractatus astronomicalis;
          <lb/>en tout 4 traités.)
          <lb/>A la fin : Excusum Haganoae per Valentinum Kobian
          <lb/>Anno Millesimo QuingentesimoTricesimotertio. Mense
          <lb/>Martio. (Feuille de lierre.)
          <lb/>In-4°, car. rom., 96 ff. ch., 1 f. non ch. (Epistola ad lectorem) et 1 f.
          <lb/>blanc, titre courant, réclames, init, ornée P et quelques figures astrono¬
          <lb/>miques.
          <lb/>fol. Bbiij : Epistola ad lectorem... « Propterea si non elegantibus,
          <lb/>tamen planis me uerbis scripsisse arbitror. Qua in re mihi facile ueniam
          <lb/>dabis benigne lector, elaboratiorem stilum a Juuenibus hujus temporis,
          <lb/>non a me aut mei similibus requisiturus... Ex Heydelberga. Anno!
          <lb/>Virginei partus !! M. D. XXXII.
          <lb/>R. 102.213. Prov. : Don de Fidelis Butsch, antiquaire, Augsbourg,
          <lb/>1871.
          <lb/>2353
          <lb/>TRACTATUS juris patronatus. Voir: CITADINIS Paulus de.
          <lb/>TRACTATUS sacerdo!] talis de sacramentis. Voir: NICOLAUS DE
          <lb/>BLONY.
          <lb/>TRACTAETLIN
          <lb/>Strasbourg, J. Knobloch, 1517
          <lb/>Ein gar schon trac-tetlin von der erkantnüs der sün-den,
          <lb/>und etlicher tugent, dem menschen vast! nutzlich zu seiner
          <lb/>Selen heil. Gemacht!! durch einen vast wolgelerten mann!! zu
          <lb/>Ingolstatt, zu lob vnnd!! eren derselben hohenschul.
          <lb/>Der beycht spiegel. (Suivent 4 dist. allemands.)
          <lb/>A la fin : Getruckt und volendet zu Straszburg, durch!
          <lb/>Johannem Knobloch. Als man zalt von der geburt Christi
          <lb/>vnsers herren, Tausend, fünff !! hundert vnnd Sybenzehenn
          <lb/>Jar.
          <lb/>In-4°, car. goth., 24 ff. non ch., sign. A-D, notes marg., init. ornées
          <lb/>N, S, 2, o.
          <lb/>Au verso du titre, grav. sur bois : « Moïse reçoit de Dieu les tables de
          <lb/>la loi et les montre au peuple». Au-dessus : Der beycht spiegel. (Voir
          <lb/>grav. p. suivante).
          <lb/>R. 101.443. Prov. : L. Rosenthal, Munich, 18/VI, 1881; 20 M.
          <lb/>Schmidt VII, N° 142 : jadis Bibl. de Strasbourg, Incun. No 802 et
          <lb/>Bibl. St. Guillaume, Strasbourg; Ritter, Catal. BM (Strasbourg, N° 2109;
          <lb/>Walter, Sélestat 337.
          <lb/>2354
          <lb/>R. 93
        </p>
      </div>
    </body>
  </text>
</TEI>
