<?xml version='1.0' encoding='UTF-8'?>
<?xml-model href="https://raw.githubusercontent.com/OpenITI/tei_openiti/master/tei_openiti.rng" type="application/xml" schematypens="http://relaxng.org/ns/structure/1.0"?>
<?xml-model href="https://raw.githubusercontent.com/OpenITI/tei_openiti/master/tei_openiti.rng" type="application/xml" schematypens="http://purl.oclc.org/dsdl/schematron"?>
<TEI xmlns="http://www.tei-c.org/ns/1.0">
  <teiHeader>
    <fileDesc>
      <titleStmt>
        <title/>
      </titleStmt>
      <publicationStmt>
        <p/>
      </publicationStmt>
      <sourceDesc>
        <p/>
      </sourceDesc>
    </fileDesc>
    <profileDesc>
      <calendarDesc>
        <calendar xml:id="ah">
          <p>Anno Hegirae</p>
        </calendar>
      </calendarDesc>
    </profileDesc>
    <xenoData xml:space="preserve">
CREATED: 2024-04-11T12:19:52.036157+00:00
CREATED BY: eScriptorium vpassthistobuildcmd
IMAGE FILENAME: A121078-5078.tif
IMAGE WIDTH: 2370
IMAGE HEIGHT: 3864
</xenoData>
  </teiHeader>
  <text>
    <body>
      <div>
        <p>
          <lb/>1386
          <lb/>Petro!! Ribadeneira,Nunc in honorem totius Societatis
          <lb/>breuissimis&amp;amp; vtilissimis Scholiis illustrataChristiano
          <lb/>Simone Litho!! Miseno.
          <lb/>Marque typ. de Iosias Rihel, employée aussi au commen¬
          <lb/>cement du XVIIe siècle par Conrad Scher (H. &amp;amp; B. Planche LII,
          <lb/>No 2).
          <lb/>Anno CIO ID IIC. (Verso blanc.)
          <lb/>In-8°, car. rom. et ital., 4 ff. non ch., 199 pp. ch., titre courant, réclames,
          <lb/>init. ornées.
          <lb/>fol. 22 non ch. : (Bande d’ornement)... Hippolyto a 11 Collibvs Electo¬
          <lb/>ralis iudicij !! praesidij, amico suo honorando... Dat. Calend. Septembr.
          <lb/>Anno!! CI9] 19 IIC. (Préface de 4 pp.)
          <lb/>fol. 4a non ch. : Epigrammata. Au verso : Errata.
          <lb/>R. 102.041. Prov. : Don de la Bibl. Univ. de Goettingen, 1872.
          <lb/>Annotation mss. au recto du titre.
          <lb/>Bibliographie Sten (Stein). Voir : Schottenloher II, Nos 20569-20570.
          <lb/>2190
          <lb/>STENGEL Joh. Voir: SPACH Israel, Disputatio medica.
          <lb/>Strasbourg, A. Bertram, 1590. RI01.564 (1).
          <lb/>STEPHANUS Carolus. Voir: SEBITZ Melchior, XV. Bücher von
          <lb/>dem Feldbau, 1598.
          <lb/>STEPHANUS Henricus. Voir: ESTIENNE Henri.
          <lb/>STIEFEL Michael
          <lb/>Strasbourg, J. Schott, 1522
          <lb/>Euangelium! von den zehen!! pfunden Matthei. am
          <lb/>XXV. mitt schöner christlicher vsz- legung! Michael
          <lb/>Sty! fels von!! Esszlingen.
          <lb/>S. I. n. d. D’après l’encadrement du titre : J. Schott, Stras¬
          <lb/>bourg, la préface est de 1522.
          <lb/>In-4°, car. goth., 32 ff. non ch., sign. a-8, encadrement du titre, voir
          <lb/>Nos 6 et 9.
          <lb/>Au verso du titre: Dem edlen und eerenuesten Harmût (!) von!! Cron¬
          <lb/>berck, meinem günstigen iunck- 1l herren vnd brûder in Christo... —
          <lb/>Gegeben!! am tag der geburt der hochgelobten iunckfrawen Marie !! der
          <lb/>mûter gottes, im iar. M. D. XXII !] Michael Stiffel Esszlinger.
          <lb/>Au verso du f. 31, grav. sur bois tirée de la « Postill» de Geiler:
          <lb/>Jésus-Christ (avec auréole). Au-dessus : Ich binn das Iyecht der welt.
          <lb/>Johannis VIII.
          <lb/>R. 102.203. Prov. : H. Kerler, Ulm, 17/x, 1878; 4 M. 50.
          <lb/>Schmidt II, No 73; Ritter, BM Strasbourg, n° 1980. Schmidt dit 32 ff.
          <lb/>non ch., mon exemplaire n’a que 31 avec le f. du titre.
          <lb/>Bibliographie Stiefel. Voir: Schottenloher II, Nos 20638-20649.
          <lb/>2191
        </p>
      </div>
    </body>
  </text>
</TEI>
