<?xml version='1.0' encoding='UTF-8'?>
<?xml-model href="https://raw.githubusercontent.com/OpenITI/tei_openiti/master/tei_openiti.rng" type="application/xml" schematypens="http://relaxng.org/ns/structure/1.0"?>
<?xml-model href="https://raw.githubusercontent.com/OpenITI/tei_openiti/master/tei_openiti.rng" type="application/xml" schematypens="http://purl.oclc.org/dsdl/schematron"?>
<TEI xmlns="http://www.tei-c.org/ns/1.0">
  <teiHeader>
    <fileDesc>
      <titleStmt>
        <title/>
      </titleStmt>
      <publicationStmt>
        <p/>
      </publicationStmt>
      <sourceDesc>
        <p/>
      </sourceDesc>
    </fileDesc>
    <profileDesc>
      <calendarDesc>
        <calendar xml:id="ah">
          <p>Anno Hegirae</p>
        </calendar>
      </calendarDesc>
    </profileDesc>
    <xenoData xml:space="preserve">
CREATED: 2024-04-11T12:20:01.700619+00:00
CREATED BY: eScriptorium vpassthistobuildcmd
IMAGE FILENAME: A121078-5317.tif
IMAGE WIDTH: 2412
IMAGE HEIGHT: 3848
</xenoData>
  </teiHeader>
  <text>
    <body>
      <div>
        <p>
          <lb/>1627
          <lb/>Saint-Guillaume. Voir : Strasbourg,
          <lb/>Rudolstadt (Fürstliche Bibl.), 329.
          <lb/>Ruellus, Joh. Bapt., 2073.
          <lb/>Bibl. Saint-Guillaume.
          <lb/>Ruffer, Matthias, 2460.
          <lb/>Saint-Pétersbourg BU, 705, 749.
          <lb/>Rufinus, 1093.
          <lb/>Salatinus Salancenus (Archiepisco¬
          <lb/>Rufinus, presbyter, 824.
          <lb/>pus Coloniensis), 815, 817.
          <lb/>Salcon, Nicolas de, 1090.
          <lb/>Rufus, Sextus, 703.
          <lb/>Ruland, Joh. (Aquisgranensis), 450.
          <lb/>Salicetus, Joh., 168, 175.
          <lb/>Rullin, Joh. David, 2129.
          <lb/>Salicetus, Nicolaus de (abbas monas¬
          <lb/>Rumpf, 1754.
          <lb/>terii B. Mariae de Pomeris, Boum¬
          <lb/>Rupa, Joh. (anc. poss. 1558), 2440.
          <lb/>gart, Ord. Cisterciensis), 2058, 9.
          <lb/>Rupertus, 1462.
          <lb/>Salis Samadensis, Federicus à (anc.
          <lb/>Ruprecht (Pfalzgraf bei Rhein), 1097,
          <lb/>poss.), 1189, 1190.
          <lb/>1098.
          <lb/>Salis, Hercules à (anc. poss.), 613.
          <lb/>Ruser, Joh. (Novientanus), 1890.
          <lb/>Salluste, 1623, 2015, 2060-65.
          <lb/>Ruseus, Joh. (Questeur royal), 58.
          <lb/>Salomon (libr. Strasbourg, anc. poss.).
          <lb/>Rustieus, Udalricus, 251, 3, 5.
          <lb/>2526.
          <lb/>Rutherus, Jac. (Argentinensis), 2474.
          <lb/>Salomon, Blasius (Bibliopola Leipzen¬
          <lb/>Rutilius, Bernhardinus, 2029.
          <lb/>cis), 176, 1344.
          <lb/>Rutz, Joh., 1029.
          <lb/>Salomon (Médecin, Rüremundt), 447,
          <lb/>Ryff, Gualtherus. Voir: Riff, Walther.
          <lb/>448.
          <lb/>Rynk, Joh., 1058.
          <lb/>Salonius (Sanctus, Episcopus Viennae
          <lb/>Rynmann, Joh. 23-26, 38-40, 42-44,
          <lb/>Galliarum, 1532), 2067.
          <lb/>62-64, 108, 154, 7, 343-48, 568,
          <lb/>Salver, Jo. (Herbipolensis), 1274.
          <lb/>824, 5, 1010, 1, 1130, 1, 6, 1157-59,
          <lb/>Salzbourg. Voir : Monastères.
          <lb/>1167, 1182, 1213, 4, 1257, 8, 1382,
          <lb/>Salzmann, Joh. Adolphus, 805.
          <lb/>3, 1568, 9, 1571, 2, 1632, 4, 5, 1787-
          <lb/>Salzmann, Rodolphus (Argentinensis,
          <lb/>92, 1809-24, 1827-45, 1847, 1852, 3,
          <lb/>1595), 2163.
          <lb/>1861, 1917, 1924, 2070, 2179-81,
          <lb/>Salzmann, Wolfgang, 805.
          <lb/>2256, 2334, 8, 9, 2341, 6, 2431, 3,
          <lb/>Sambucellus (Austrasius), 1605, 2486.
          <lb/>6, 8, 2445-50.
          <lb/>Sambuccus, Joh., 587, 799, 918, 1197,
          <lb/>Rytz, W. (Weiditz), 287.
          <lb/>1238, 1400.
          <lb/>Sampson, Thomas, 2068.
          <lb/>Samuel (Marocanus, Rabbi), 2069.
          <lb/>Sandrog (Berlin, anc. poss. 1877), 222,
          <lb/>Saalmüller, W., 2303.
          <lb/>435, 698, 1092, 1247.
          <lb/>Sabellicus, Marcus Antonius Coccius,
          <lb/>Sankt Gallen Bibl. Vadiana, 93, 263,
          <lb/>1911, 2047-2050, 2394, 7, 8.
          <lb/>271, 327, 695, 1232, 1905, 2501.
          <lb/>Sabin (List of editions of the Marga¬
          <lb/>Santius de Porta, 2070.
          <lb/>rita Philosophica), 1985.
          <lb/>Sapidus, Joh., 215, 218, 287, 302, 4,
          <lb/>Sabinus (Strasbourg), 1659.
          <lb/>354, 617, 618, 741, 750, 756, 761,
          <lb/>Sabinus, Georgius, 2051-53.
          <lb/>779, 787, 791, 801, 1252, 4, 1274,
          <lb/>Sabunde, Raimundus de, 2053.
          <lb/>1479, 1899, 1910, 2071-73, 2140, 2,
          <lb/>Sacellanus (anc. poss. 1646), 1019.
          <lb/>2183-85, 2202, 4, 2270, 2369, 2490.
          <lb/>Sachs, Franciscus Jacobus (anc. poss.
          <lb/>Sarius, Joh. (Zamoseius), 1467.
          <lb/>1741), 2164.
          <lb/>Sartorius, Mathias (anc. poss.), 1325.
          <lb/>Sachs, Hans, 2054.
          <lb/>Saufer. Voir : Sopher.
          <lb/>Säckl, Joh. Martin, 1406.
          <lb/>Saverne. Voir : Monastères.
          <lb/>Sacratus, Franciscus (Ferrariensis),
          <lb/>Savonarola, Hieronymus, 2074.
          <lb/>1794.
          <lb/>Savonarola, Michael (Medicus), 2075.
          <lb/>Sacrobustus, Joh. de, 2408.
          <lb/>Savorganus, Hieronymus (Patricius
          <lb/>Sadianus (anc. poss. d’un exemplaire
          <lb/>Venetus, 1511), 2508.
          <lb/>de Zwingli, offert et dédicacé par
          <lb/>Saxo, 1316.
          <lb/>celui-ci), 2532.
          <lb/>Scaliger, Jos., 915.
          <lb/>Sadoletus, Jac., 508, 511, 516, 521,
          <lb/>Scaliger, Jul. Cés., 1342.
          <lb/>529, 1887, 2055-57, 2203, 2215.
          <lb/>Scanderbeg, 152.
          <lb/>Sagitarius (De Sleidano, Introd. in
          <lb/>Schad, G. (Dr., Munich, anc. poss.
          <lb/>Hist. Eccles. I, p. 105 ss.), 2142.
          <lb/>1883), 847.
          <lb/>Sahlbecher, Johann (Zentgraf des
          <lb/>Schad, Ulrich, 924.
          <lb/>Stifts Fulda anc. poss. 1634), 1998.
          <lb/>Schadaeus, Daniel (Senftebergensis),
          <lb/>Sailer (Freising, don 1875), 2392.
          <lb/>1028, 1755, 2076.
          <lb/>Sainctes C. de, 3.
        </p>
      </div>
    </body>
  </text>
</TEI>
