<?xml version='1.0' encoding='UTF-8'?>
<?xml-model href="https://raw.githubusercontent.com/OpenITI/tei_openiti/master/tei_openiti.rng" type="application/xml" schematypens="http://relaxng.org/ns/structure/1.0"?>
<?xml-model href="https://raw.githubusercontent.com/OpenITI/tei_openiti/master/tei_openiti.rng" type="application/xml" schematypens="http://purl.oclc.org/dsdl/schematron"?>
<TEI xmlns="http://www.tei-c.org/ns/1.0">
  <teiHeader>
    <fileDesc>
      <titleStmt>
        <title/>
      </titleStmt>
      <publicationStmt>
        <p/>
      </publicationStmt>
      <sourceDesc>
        <p/>
      </sourceDesc>
    </fileDesc>
    <profileDesc>
      <calendarDesc>
        <calendar xml:id="ah">
          <p>Anno Hegirae</p>
        </calendar>
      </calendarDesc>
    </profileDesc>
    <xenoData xml:space="preserve">
CREATED: 2024-04-11T12:20:01.531523+00:00
CREATED BY: eScriptorium vpassthistobuildcmd
IMAGE FILENAME: A121078-5312.tif
IMAGE WIDTH: 2414
IMAGE HEIGHT: 3852
</xenoData>
  </teiHeader>
  <text>
    <body>
      <div>
        <p>
          <lb/>1622
          <lb/>Philippus, rex Hispaniarum, 1244,
          <lb/>Planck, Christophorus (anc. poss.),
          <lb/>1870.
          <lb/>2373.
          <lb/>Philippus à Burgundia, filius boni
          <lb/>Planck, Stephan (Passau 1500), 416.
          <lb/>Philippi Burgundionum ducis, 990.
          <lb/>Planer, Andreas, 806.
          <lb/>Philippus, rex Castelle, filius Maximi¬
          <lb/>Planingen, Dietrich von, 1891.
          <lb/>liani regis 1507), 1134.
          <lb/>Plantin (Anvers 1603), 587.
          <lb/>Philippus, Marchio Badensis, 1053,
          <lb/>Platina, Baptista, 1880, 1.
          <lb/>1433.
          <lb/>Plato, 1296, 1879, 2123.
          <lb/>Philippus Ludovicus (Comes Pala¬
          <lb/>Platter (Archiatrus Basiliensis 1597),
          <lb/>tinus, Dux Bavariae), 331, 1028.
          <lb/>2164.
          <lb/>Philippus (Dominus in Duno et
          <lb/>Plaute, 1882-85, 2015, 2367.
          <lb/>Lapide superiori, Argentinensis
          <lb/>Playnbacher (Zartlin), 1227.
          <lb/>Ecclesiae praepositus, 1507), 2021.
          <lb/>Plempius, Vopiscus Fortunatus (Prof.
          <lb/>Philippus (Comes in Hanau-Lichten¬
          <lb/>de médecine au XVIIe siècle), 659,
          <lb/>berg), 1162, 1310, 1452, 1721,
          <lb/>1415, 2164.
          <lb/>1970, 2027, 2135, 2480.
          <lb/>Pletner, Tilmann, 1513, 4.
          <lb/>Philippus (Landgravius Hessiae), 213,
          <lb/>Plieninger, Lambertus Floridus, 1886.
          <lb/>373, 562, 589, 1111, 2, 1537, 2145,
          <lb/>Plinius, Secundus, 90, 93, 94, 95, 97,
          <lb/>2196.
          <lb/>98, 629, 719, 782, 1404, 1493,
          <lb/>Philippus (Graf zu Leyningen), 459,
          <lb/>1670, 1848, 1887-90, 2525.
          <lb/>461, 463, 1721.
          <lb/>Plutarque, 104, 470, 1, 1395, 1505,
          <lb/>Philippus (Comes Lippianus, 1575),
          <lb/>1625, 1893-98.
          <lb/>2225.
          <lb/>Pocci (Graf, Strasbourg, anc. poss.
          <lb/>Philippus Maria, Dux Mediolanensis
          <lb/>1891), 1012, 1204, 1274.
          <lb/>1513), 1902.
          <lb/>Podestein. Voir : Bodenstein.
          <lb/>Philippus (Princeps Norvegiae 1585)
          <lb/>Pogius (Florentinus), 1900-1902, 2385,
          <lb/>2001.
          <lb/>Philomusus. Voir : Locher.
          <lb/>Pogner, Emmanuel Johannes (Vica¬
          <lb/>Philomusus (d’après Schreiber — Mel¬
          <lb/>rius Mamkirchen, anno 1720), 1626.
          <lb/>chior Schönfeldt), 1806.
          <lb/>Pogner, Stephanus (anc. poss.), 1626.
          <lb/>Philomusus, Jodocus Ghisius, 633.
          <lb/>Pohlmann, Fridericus David (anc.
          <lb/>Philostrate, 1625, 1864.
          <lb/>poss. 1778), 586.
          <lb/>Philoxenus, Marcellus, 1848.
          <lb/>Poinsignon, M. (Chanoine, Directeur
          <lb/>Phocylides, 1474, 1960.
          <lb/>de la classe normale, Strasbourg),
          <lb/>Phries Laurentius. Voir : Fries L.
          <lb/>2152.
          <lb/>Pic de la Mirandola, 155, 172, 1065,
          <lb/>Pole, Reginaldus (Cardinal), 1903, 4.
          <lb/>1225, 1419.
          <lb/>Politianus, Angelus, 90, 93, 94, 95,
          <lb/>Pickhart, Jesuwalt, 855, 6, 9, 861.
          <lb/>97, 98, 106, 231, 1153, 4, 1859-63,
          <lb/>Pictorius, Georgius (— Maler), Phy¬
          <lb/>1905.
          <lb/>sicus der kgl. Regierung in Ensis¬
          <lb/>Pollard, A. W., 2068.
          <lb/>heim), 1865-1867.
          <lb/>Pollicarius, Joh., 1907.
          <lb/>Pictorius Ludovieus (— Bigus Ludo¬
          <lb/>Pollio, Symphorian, 353, 368, 1908,
          <lb/>vicus), 972, 1868.
          <lb/>9, 2021.
          <lb/>Pie II (pape), 237, 1877-78, 1944,
          <lb/>Polling. Voir : Monastères.
          <lb/>2471, 2484.
          <lb/>Polybius, 1023, 1910.
          <lb/>Pie IV (Pape), 112, 1033.
          <lb/>Polycarpus (martyre), 1242.
          <lb/>Pie V (pape), 1244.
          <lb/>Polychorius, 2065, 2251, 2408.
          <lb/>Pierius Valerianus, Joh. Voir : Vale¬
          <lb/>Pomerius, Julianus (Toletanus epis¬
          <lb/>rianus.
          <lb/>copus, anno 1186), 2294.
          <lb/>Pighius, 1337.
          <lb/>Pompée, 799, 1623.
          <lb/>Pilgrim (Wächtelin), 986.
          <lb/>Pomponius, 536, 1625, 1659, 1911, 2.
          <lb/>Pinicianus, Joh., 773.
          <lb/>Pontanus, Christianus (Wittenber¬
          <lb/>Pirckheimer, Billibaldus, 159, 1248,
          <lb/>gensis), 1541, 6.
          <lb/>1390, 2, 3, 6, 1416, 1876, 1959.
          <lb/>Pontanus, Joh. Jovianus, 233, 1913.
          <lb/>Piso, 1899.
          <lb/>Pontanus, Melchisedek (Austrius),
          <lb/>Pistorius (anc. poss. 1827), 882.
          <lb/>456, 1648, 1914, 2129.
          <lb/>Ponte, Petrus de, 136.
          <lb/>Pistorius, Joh. (Triburiensis), 1023.
          <lb/>Pius, Albertus, 1868.
          <lb/>Pontius, 174.
          <lb/>Pius, Joh. Baptista (Bononiensis),
          <lb/>Pontus et Sidonia, 1915, 6.
          <lb/>1884.
          <lb/>Poppius, Georgius, 184, 393.
          <lb/>Porphyrius Tyrius, 1917, 8.
        </p>
      </div>
    </body>
  </text>
</TEI>
