<?xml version='1.0' encoding='UTF-8'?>
<?xml-model href="https://raw.githubusercontent.com/OpenITI/tei_openiti/master/tei_openiti.rng" type="application/xml" schematypens="http://relaxng.org/ns/structure/1.0"?>
<?xml-model href="https://raw.githubusercontent.com/OpenITI/tei_openiti/master/tei_openiti.rng" type="application/xml" schematypens="http://purl.oclc.org/dsdl/schematron"?>
<TEI xmlns="http://www.tei-c.org/ns/1.0">
  <teiHeader>
    <fileDesc>
      <titleStmt>
        <title/>
      </titleStmt>
      <publicationStmt>
        <p/>
      </publicationStmt>
      <sourceDesc>
        <p/>
      </sourceDesc>
    </fileDesc>
    <profileDesc>
      <calendarDesc>
        <calendar xml:id="ah">
          <p>Anno Hegirae</p>
        </calendar>
      </calendarDesc>
    </profileDesc>
    <xenoData xml:space="preserve">
CREATED: 2024-04-11T12:19:50.036402+00:00
CREATED BY: eScriptorium vpassthistobuildcmd
IMAGE FILENAME: A121078-5036.tif
IMAGE WIDTH: 2406
IMAGE HEIGHT: 3864
</xenoData>
  </teiHeader>
  <text>
    <body>
      <div>
        <p>
          <lb/>1344
          <lb/>bandes d’ornement.
          <lb/>In-8°, car. rom., ital. et hébr., 8 ff. non ch., sign. A, réclames, vign.,
          <lb/>fol. A 2a : Iacobo Monavio patricio Vratislavio S. D. Tobias Scultetus...
          <lb/>— Argentinae, Mense Decembri. Anno!) Christi ClIDD. XCIV. (Vign.)
          <lb/>R. 102.445. Prov. : J. Baer &amp;amp; Co., Francfort-s.-M., 30/XII, 1879, 1 M.
          <lb/>A l’intérieur du 1er plat, ex-libris de la Bibliothèque Cortiniana.
          <lb/>2707
          <lb/>SEBASTIANUS Rubeacensis
          <lb/>Strasbourg, J. Schott, 1538
          <lb/>De Secunda Valetu! dine Tuenda In Pauli Æginatae
          <lb/>Medici clarissimi librum Explanatio,  universam sane
          <lb/>super hac re materiam amplectens.! Per Sebastianum Rubea¬
          <lb/>quensem Artium &amp;amp;Medicinae Doctorem, Commentari
          <lb/>orum uice aedita.P. Ægineta per Interpretem.(2 dist.)
          <lb/>Nihil frustra, nihil negligendum.
          <lb/>Argentorati apud Ioannem Schottum! cum Caes. M. Priui¬
          <lb/>legio!! M. D. XXXVIII.
          <lb/>In-4°, car. rom., 4 ff. non ch., 321 pp. ch., 13 pp. non ch. à 3 col. (Index),
          <lb/>titre courant, réclames, notes marg., de nombreuses init. ornées et à fig.
          <lb/>fol. a 2a non ch. : Comiti Georgio ab Erdtbach... Sebastianus Austrius,
          <lb/>Artium &amp;amp;c. Medicinae!! Doctor... — Ex Argentuaria Imperiali ciuitate
          <lb/>prima die Nouem !! bris, Anno Millesimo, Quingentesimo, tricesimo
          <lb/>septimo.
          <lb/>R. 101.501. Prov. : L. Rosenthal, Munich, 14/1, 1893; 27 M.
          <lb/>2108
          <lb/>SEBITZIUS Melchior
          <lb/>Strasbourg, A. Bertram, 1593
          <lb/>Theses medicae De dyssenteriapropositae in inclyta!
          <lb/>Academia ArgentinensiumAMelchiore Sebizio Silesio
          <lb/>Medicinae! Doctore, &amp;amp; in Academia Professore! ac Poliatro.
          <lb/>Eas disputando tuebitur, Ornatissimus Iuuenis Nicolaus
          <lb/>Agerius Argentinensis,Philosophiae Magister, &amp;amp; Medi¬
          <lb/>cinae Candidatus. 1. Septembris.(Vign.) Argentorati,
          <lb/>Excudebat Antonius Bertramus. ( M. D. XCIII.
          <lb/>In-4°, car. ital., 12 ff. non ch. dont le dernier blanc, réclames, notes
          <lb/>marg., petite init. ornée C, titre et verso du titre encadré (ornements
          <lb/>simples).
          <lb/>R. 101.564 (10). Prov. : Hiersemann, Leipzig, 25/1, 1935; 4 M.
          <lb/>Oxford, Bibl. Bodleiana.
          <lb/>2109
          <lb/>SEBITZIUS Melchior, Von dem Feldbau. Voir : LIBALTUS
          <lb/>Johannes.
          <lb/>SEBITZIUS Melchior. Voir : BOCK Hieronymus, Kräuterbuch.
          <lb/>Strasbourg, Josias Rihel, 1587, nos 219 et 1595, n° 220.
          <lb/>SEELENWURTZGARTEN
          <lb/>Strasbourg, M. Hupfuff, 1515
          <lb/>Das Buch derSelen wurtzgarten genant : das! ist gar
        </p>
      </div>
    </body>
  </text>
</TEI>
