<?xml version='1.0' encoding='UTF-8'?>
<?xml-model href="https://raw.githubusercontent.com/OpenITI/tei_openiti/master/tei_openiti.rng" type="application/xml" schematypens="http://relaxng.org/ns/structure/1.0"?>
<?xml-model href="https://raw.githubusercontent.com/OpenITI/tei_openiti/master/tei_openiti.rng" type="application/xml" schematypens="http://purl.oclc.org/dsdl/schematron"?>
<TEI xmlns="http://www.tei-c.org/ns/1.0">
  <teiHeader>
    <fileDesc>
      <titleStmt>
        <title/>
      </titleStmt>
      <publicationStmt>
        <p/>
      </publicationStmt>
      <sourceDesc>
        <p/>
      </sourceDesc>
    </fileDesc>
    <profileDesc>
      <calendarDesc>
        <calendar xml:id="ah">
          <p>Anno Hegirae</p>
        </calendar>
      </calendarDesc>
    </profileDesc>
    <xenoData xml:space="preserve">
CREATED: 2024-04-11T12:19:55.165406+00:00
CREATED BY: eScriptorium vpassthistobuildcmd
IMAGE FILENAME: A121078-5166.tif
IMAGE WIDTH: 2334
IMAGE HEIGHT: 3854
</xenoData>
  </teiHeader>
  <text>
    <body>
      <div>
        <p>
          <lb/>1474
          <lb/>Der HEDEII Initnel
          <lb/>ar
          <lb/>6-
          <lb/>oto¬
          <lb/>~
          <lb/>11
          <lb/>4
          <lb/>42
          <lb/>TRAGUS Hieronymus. Voir : BOCK Hieronymus.
          <lb/>TRAPEZONTIUS Georgius. Voir: GEORGIUS Trapezontius.
          <lb/>TRAUM-BÚCHLEIN
          <lb/>Strasbourg, J. Cammerlander, s. d.
          <lb/>Ein newes Traum Büchlein Von allerhandt Treumen
          <lb/>ausz heid nischen vnd Götlichen geschrifften,warhaff
          <lb/>tige, lustige vnd fabulische historien sampt Dani els des
          <lb/>Propheten auszlegung vber die Treum! Nebucad Nezars des
          <lb/>kunigs zu Babi! lonien. Dan. ij. iiij. vij, viij.Eyn Summa¬
          <lb/>rium des traums Scipionis ausz dem vj.Buch Ciceronis vom
          <lb/>Gemeinen Nutz. (Grande grav. sur bois, à droite troupeau dans
          <lb/>un pâturage, à gauche berger en sommeil).
          <lb/>(Voir n° 2354).
        </p>
      </div>
    </body>
  </text>
</TEI>
