<?xml version='1.0' encoding='UTF-8'?>
<?xml-model href="https://raw.githubusercontent.com/OpenITI/tei_openiti/master/tei_openiti.rng" type="application/xml" schematypens="http://relaxng.org/ns/structure/1.0"?>
<?xml-model href="https://raw.githubusercontent.com/OpenITI/tei_openiti/master/tei_openiti.rng" type="application/xml" schematypens="http://purl.oclc.org/dsdl/schematron"?>
<TEI xmlns="http://www.tei-c.org/ns/1.0">
  <teiHeader>
    <fileDesc>
      <titleStmt>
        <title/>
      </titleStmt>
      <publicationStmt>
        <p/>
      </publicationStmt>
      <sourceDesc>
        <p/>
      </sourceDesc>
    </fileDesc>
    <profileDesc>
      <calendarDesc>
        <calendar xml:id="ah">
          <p>Anno Hegirae</p>
        </calendar>
      </calendarDesc>
    </profileDesc>
    <xenoData xml:space="preserve">
CREATED: 2024-04-11T12:19:49.633454+00:00
CREATED BY: eScriptorium vpassthistobuildcmd
IMAGE FILENAME: A121078-5029.tif
IMAGE WIDTH: 2376
IMAGE HEIGHT: 3882
</xenoData>
  </teiHeader>
  <text>
    <body>
      <div>
        <p>
          <lb/>1337
          <lb/>Marque typ. de W. Rihel. (H. &amp;amp; B. Planche XXIX, n° 3.)
          <lb/>Argentorati in AedibusVuendelini Rihelij, Anno
          <lb/>M. D. XLIX. (Verso blanc.)
          <lb/>In-8°, car. rom., ital., goth. et grecs, 22 ff. non ch., 71 ff. ch. pour le
          <lb/>premier livre et 68 ff. ch. pour le second, 8 ff. non ch. à 2 col. (Index),
          <lb/>titre courant, réclames, init. ornées C, E et init. d’attente.
          <lb/>fol. *2a : Antonius Scho- Il rus, Doctoribus, Magistris, 1l Studiosis
          <lb/>linguae Latinae... Decimoquinto Ca lend. Septemb. An- I] no,
          <lb/>M. D. XLIX.
          <lb/>R. 101.234. Prov. : H. Lesser, Breslau, 28/1x, 1889; 2 M.
          <lb/>Bibliographie. Voir: Schottenloher II, Nos 19389-19390.
          <lb/>2091
          <lb/>SCHORUS Antonius
          <lb/>Strasbourg, Rihel, 1557
          <lb/>Thesaurus!) Verborum Linguae! Latinae, Ciceronianus.
          <lb/>Cum praefatione Ioannis Sturmij.
          <lb/>Marque typ. des Rihel. (H. &amp;amp; B. Planche XXX, n° 6.)
          <lb/>(Verso blanc.)
          <lb/>Au-dessous, Argentorati. Il M. D. LVII.
          <lb/>Au verso du dernier f. blanc, marque typ. des Rihel (H. &amp;amp;
          <lb/>B. Planche XXIX, n° 1.) Nemesis Rihelii, au-dessous 2 vers
          <lb/>grecs.
          <lb/>In-4°, car. rom. et ital., 417 ff. à 2 colonnes non ch., sign. a, A-Z, Aa-Zz,
          <lb/>Aaa-Fff, titre courant, réclames, init. ornées.
          <lb/>fol. a 2a : Ad... Henricum Vuitzlebium, Ioannis Sturmii Praefatio (2 ff.).
          <lb/>fol. a 4a : Typographus Lectoribus.
          <lb/>R. 101.697. Prov. : Lippert, Halle, 9/xI, 1886; 1 M. 20. 2092
          <lb/>SCHORUS Antonius
          <lb/>Strasbourg, Josias Rihel, 1580
          <lb/>Thesaurus Ciceronianus Linguae Latinae in usum &amp;amp; gratiam
          <lb/>studiosae iuuentutis collectus, per Antonivm Schorvm...
          <lb/>Cum Praefatione Joann. Sturmii. (Marque typ. de J. Rihel.
          <lb/>H. &amp;amp; B. Planche XXXII, n° 14.) Caesareo Priuilegio excudebat
          <lb/>Josias Rihelius M. D. LXXX.
          <lb/>In-8°, car. rom., 2 col., 488 ff. non ch., sign. a, A-Z, Aa-Zz, AA-OO.
          <lb/>R. 101.915. Prov. : Prof. Cohen, Marbourg, 11/III, 1876; 3 M.
          <lb/>A l&amp;#x27;intérieur du 1er plat, ex-libris.
          <lb/>Ritter, Catal. BM Strasbourg n° 1890; Oxford Bibl. Bodleiana.
          <lb/>SCHORUS Antonius
          <lb/>2093
          <lb/>Strasbourg, J. Rihel, 1586
          <lb/>Thesaurus Ciceronianus!! Linguae La- tinae...
          <lb/>Marque typ. de Iosias Rihel (H. &amp;amp; B., Planche XXXII,
          <lb/>n° 16.)
          <lb/>Au-dessous: Caesareo Privilegio Excudebat Iosias Rihelius.
          <lb/>M. D. LXXXVI.
          <lb/>A la fin : Argentorati) Excudebat Iosias Rihelius.!! Anno
          <lb/>M. D. LXXXVI.
        </p>
      </div>
    </body>
  </text>
</TEI>
