<?xml version='1.0' encoding='UTF-8'?>
<?xml-model href="https://raw.githubusercontent.com/OpenITI/tei_openiti/master/tei_openiti.rng" type="application/xml" schematypens="http://relaxng.org/ns/structure/1.0"?>
<?xml-model href="https://raw.githubusercontent.com/OpenITI/tei_openiti/master/tei_openiti.rng" type="application/xml" schematypens="http://purl.oclc.org/dsdl/schematron"?>
<TEI xmlns="http://www.tei-c.org/ns/1.0">
  <teiHeader>
    <fileDesc>
      <titleStmt>
        <title/>
      </titleStmt>
      <publicationStmt>
        <p/>
      </publicationStmt>
      <sourceDesc>
        <p/>
      </sourceDesc>
    </fileDesc>
    <profileDesc>
      <calendarDesc>
        <calendar xml:id="ah">
          <p>Anno Hegirae</p>
        </calendar>
      </calendarDesc>
    </profileDesc>
    <xenoData xml:space="preserve">
CREATED: 2024-04-11T12:19:56.007209+00:00
CREATED BY: eScriptorium vpassthistobuildcmd
IMAGE FILENAME: A121078-5184.tif
IMAGE WIDTH: 2354
IMAGE HEIGHT: 3860
</xenoData>
  </teiHeader>
  <text>
    <body>
      <div>
        <p>
          <lb/>1494
          <lb/>Basiliensi S. P. D... — Lutetiae, 17. Calendas Martias. Anno ab orbe
          <lb/>redempto 1520.
          <lb/>fol. 11 non chiffré : Laurentius Vallensis Ioanni Tortellio Aretino
          <lb/>Cubiculario apostolico Theologorum facundissimo. S.
          <lb/>fol. 12 non ch. : Iodoci Badii Ascensii Proœmii Laurentiani epitome
          <lb/>atque explanatio.
          <lb/>R. 10.019. Prov. : Vente Rettig, Strasbourg, 2/xI, 1894; sans indic.
          <lb/>de prix, incomplet, fol. 1-6 manquent; annotations mss. Relié avec
          <lb/>Prisciani Grammatici Caesariensis Libri omnes, Bâle, Eucharius Cervi¬
          <lb/>cornus 1528. Reliure de l’époque.
          <lb/>2388
          <lb/>VALLENSIS Iohannes. Voir: IOHANNES Gallensis.
          <lb/>VAN BREDERODE Pieter Cornelis. Voir: BREDERODIUS
          <lb/>Petrus Cornelius.
          <lb/>VAN DEN BERGH Petrus. Voir : MONTANUS Petrus.
          <lb/>VECERIUS Conradus
          <lb/>Haquenau, J. Secer, 1531
          <lb/>Conradi Vecerii Regii Secretarii, de Seditionibus Si¬
          <lb/>ciliae Historia.
          <lb/>Item. Eiusdem, de rebus gestis ImperatorisHenrici
          <lb/>VII. Libellus.
          <lb/>Item.! P. Callimachi Experi-entis Attila.
          <lb/>Haganoae per Ioan. Secerium! Anno M. D. XXXI.
          <lb/>A la fin : Haganoae ex officina Ioannis Secerii,Anno
          <lb/>Salutis M. D. XXXI. Mense Februario.
          <lb/>Marque typ. de J. Secer. (H. &amp;amp; B. Planche LXXI, N° 9;
          <lb/>Silvestre, N° 567.) (Verso blanc.)
          <lb/>In-8°, car. rom., 46 ff. non ch., sign. A-L, titre courant, réclames, notes
          <lb/>marg., grandes init. à fig. M, A, G.
          <lb/>Au verso du titre : Epistola (Nuncupatoria)... Domino Anthonio, Duci
          <lb/>Lothringiae... Henricus ab ! Eppendorf.
          <lb/>R. 101.558. Prov. : K. Th. Völcker, Francfort-s.-M., 11/I, 1888; 2 M. 55.
          <lb/>BN Paris deux ex. : K. 2602 et M. 3212.
          <lb/>2389
          <lb/>VEGIUS Mapheus
          <lb/>Strasbourg, Imprimerie Knobloch, 1555
          <lb/>Ein schön gespräche,von einem waldtmann, Philatethes
          <lb/>geheissen, welchem die Junckfraw Veritas (dieWarheit)
          <lb/>gantz übel verwundet, geschlagen, vnd noch vol bluts
          <lb/>hangend, begegnet, vnnd über diejenigen,durch welche
          <lb/>sie so jämmerlichen zugericht, vnd gewundetworden, ein
          <lb/>grosse klag gefürt, auch was sie beide weit! ter miteinander
          <lb/>geredt, nit weniger nutzlich, danneben lustig vnd kurtzweilig
          <lb/>zu lesen, darinn sich auch ein jeder mensch, zugleich in
        </p>
      </div>
    </body>
  </text>
</TEI>
