<?xml version='1.0' encoding='UTF-8'?>
<?xml-model href="https://raw.githubusercontent.com/OpenITI/tei_openiti/master/tei_openiti.rng" type="application/xml" schematypens="http://relaxng.org/ns/structure/1.0"?>
<?xml-model href="https://raw.githubusercontent.com/OpenITI/tei_openiti/master/tei_openiti.rng" type="application/xml" schematypens="http://purl.oclc.org/dsdl/schematron"?>
<TEI xmlns="http://www.tei-c.org/ns/1.0">
  <teiHeader>
    <fileDesc>
      <titleStmt>
        <title/>
      </titleStmt>
      <publicationStmt>
        <p/>
      </publicationStmt>
      <sourceDesc>
        <p/>
      </sourceDesc>
    </fileDesc>
    <profileDesc>
      <calendarDesc>
        <calendar xml:id="ah">
          <p>Anno Hegirae</p>
        </calendar>
      </calendarDesc>
    </profileDesc>
    <xenoData xml:space="preserve">
CREATED: 2024-04-11T12:19:52.278398+00:00
CREATED BY: eScriptorium vpassthistobuildcmd
IMAGE FILENAME: A121078-5090.tif
IMAGE WIDTH: 2356
IMAGE HEIGHT: 3850
</xenoData>
  </teiHeader>
  <text>
    <body>
      <div>
        <p>
          <lb/>1398
          <lb/>Marque typ. de Josias Rihel (H. X B. Planche XXXI, No8;
          <lb/>Silvestre, No 821.)
          <lb/>Cum Gratia &amp;amp; Priuilegio Caesareo.!
          <lb/>Argentorati excudebat ] Iosias Rihelius. M. D. LXV.
          <lb/>(Verso blanc.)
          <lb/>A la fin : Argentorati 11. Calend. Iulij. 11 M. D. LXV.
          <lb/>In-8°, car. rom., 10 ff. non ch., 69 ff. ch., titre courant, réclames, notes
          <lb/>marg., de nombreuses petites init. ornées, au commencement 2 grandes:
          <lb/>A et I.
          <lb/>fol. A 2a :... Alberto Marchioni Brandenburgensi... Ioannes Sturmius...
          <lb/>— Argentorati III. Calend. Aprilis. Anno !! M. D. LXV. (9 pp.)
          <lb/>fol. 1-3 : Ioannes Stur-I! mius Abrahamo Feisio Prae-] fecto decimae
          <lb/>curiae... — Argen-torati quarto Calendas Martias.
          <lb/>R. 102.430. Prov. : Bibliothèque Heitz, Strasbourg.
          <lb/>2e ex. R. 102.307. Prov. : Don de la Bibl. Roy. de Stuttgart, 1871.
          <lb/>2213
          <lb/>STURM Johannes
          <lb/>Strasbourg, J. Rihel, 1566
          <lb/>Ioannis Sturmii!! Partitionum Dialecticarum!! Libri IIII.
          <lb/>Emendati &amp;amp; aucti.
          <lb/>Marque typ. de Josias Rihel (H. &amp;amp; B. Planche XXXI, No 8;
          <lb/>Silvestre, No 821).
          <lb/>Cum Gratia et Privi!! legio Caesareo ad annos octo.
          <lb/>Anno. M. D. LXVI. (Verso blanc.)
          <lb/>A la fin : Argentorati Il per Iosiam Rihelium.
          <lb/>In-8°, car. rom., 8 ff. non ch., 292 ff. ch., titre courant, réclames, notes
          <lb/>marg., init. ornées D, B, M.
          <lb/>Réimpression de l’édition 1560.
          <lb/>R. 102.068. Prov. : Cromer, curé de Saverne, 29/VII, 1879.
          <lb/>Au milieu du titre : « Parochia Tabernensis, en bas : P. Wellerius ».
          <lb/>Ritter, BM Strasbourg, n° 2000.
          <lb/>2214
          <lb/>STURM Johannes
          <lb/>Strasbourg, S. Emmel, 1567
          <lb/>Epistolae!! Duae duorum a-micorum, Bartholomaei
          <lb/>La- Il tomi, &amp;amp; Ioannis Sturmij, de dissidio peri culoque
          <lb/>Germaniae, &amp;amp; per quos stet, quo minus concordiae ratio
          <lb/>inter partes !] ineatur.
          <lb/>Item Alia Qvaedam Stvr-! mij, de emendatione Ecclesiae,
          <lb/>&amp;amp; Religionis controuersiis.
          <lb/>Marque typ. de Sam. Emmel. (H. &amp;amp; B. Planche XXXV,
          <lb/>No 1 ; Silvestre, No 822).
          <lb/>Argentorati M. D. LXVII. ( Samuel Emmel exprimebat.
          <lb/>(Verso blanc.)
          <lb/>In-8°, car. rom., 80 ffl. ch., titre courant, réclames, init. ornées.
          <lb/>fol. 22-10b : Bartholomeus!! Latomus Ioanni !! Sturmio... — Bononiae,
          <lb/>II. die Feb. Anno 1I M. D. XL.
        </p>
      </div>
    </body>
  </text>
</TEI>
