<?xml version='1.0' encoding='UTF-8'?>
<?xml-model href="https://raw.githubusercontent.com/OpenITI/tei_openiti/master/tei_openiti.rng" type="application/xml" schematypens="http://relaxng.org/ns/structure/1.0"?>
<?xml-model href="https://raw.githubusercontent.com/OpenITI/tei_openiti/master/tei_openiti.rng" type="application/xml" schematypens="http://purl.oclc.org/dsdl/schematron"?>
<TEI xmlns="http://www.tei-c.org/ns/1.0">
  <teiHeader>
    <fileDesc>
      <titleStmt>
        <title/>
      </titleStmt>
      <publicationStmt>
        <p/>
      </publicationStmt>
      <sourceDesc>
        <p/>
      </sourceDesc>
    </fileDesc>
    <profileDesc>
      <calendarDesc>
        <calendar xml:id="ah">
          <p>Anno Hegirae</p>
        </calendar>
      </calendarDesc>
    </profileDesc>
    <xenoData xml:space="preserve">
CREATED: 2024-04-11T12:20:01.068290+00:00
CREATED BY: eScriptorium vpassthistobuildcmd
IMAGE FILENAME: A121078-5306.tif
IMAGE WIDTH: 2402
IMAGE HEIGHT: 3846
</xenoData>
  </teiHeader>
  <text>
    <body>
      <div>
        <p>
          <lb/>1616
          <lb/>Moller, Ignatius (anc. poss. 1639),
          <lb/>— Eremitae S. Augustini Friburgi
          <lb/>2194.
          <lb/>Helvet., 1650), 758.
          <lb/>Molsheim. Voir : Monastères.
          <lb/>Conventus Sancti Magni in Füssen
          <lb/>Molshemius, Conradus, 2073.
          <lb/>(anc. poss.), 981.
          <lb/>Molther, Menrad (Augustanus), 34,
          <lb/>Ordo Praedicatorum Sancto Gemi¬
          <lb/>665, 1090, 2010, 2126, 2294.
          <lb/>niano Joh. de, 1182.
          <lb/>Monachus, Joh., 184.
          <lb/>Conventus Capucinorum in Haguenau
          <lb/>Monastères et Couvents (anc. poss.):
          <lb/>(anc. poss.), 2084.
          <lb/>Albergen, Ord. minorum regularium
          <lb/>Conventus Hammonensis (anc. poss.),
          <lb/>(anc. poss.), 1182.
          <lb/>1817.
          <lb/>— Bibliotheca Fratrum Alderspacen¬
          <lb/>Soc. Jesu in Heidelberg, 805.
          <lb/>tium (anc. poss.), 1494.
          <lb/>Collegium S. Antonii de Padua ff.
          <lb/>— S. Nicolai Monasterium Andex,
          <lb/>Minorum Hibernorum Lovanii (anc.
          <lb/>Ordinis S. Benedicti (anc. poss.),
          <lb/>1003, 2280.
          <lb/>poss. anno 1758), 1959.
          <lb/>— FF. Aspacensium (anc. poss.),
          <lb/>Bibliotheca in usum fratrum Metten¬
          <lb/>1837, 1975.
          <lb/>sium, 1574.
          <lb/>— Altominster (anc. poss.), 1869,
          <lb/>Soc. Jesu Michelstadii, 1306.
          <lb/>2256, 2325.
          <lb/>Soc. Jesu (Carthusiani) in Molsheim,
          <lb/>Monasterium. Baumberg (anc. poss.),
          <lb/>1894.
          <lb/>969.
          <lb/>Societas. Jesu Molshemii anc. poss.
          <lb/>Monasterium. Benediktbeuern, 1626,
          <lb/>1629), 808, 1197, 1781, 2485.
          <lb/>1787, 2070.
          <lb/>Conventus Monacensis Ord. Erem.
          <lb/>— FF Capucini in Benzheim, 1159.
          <lb/>Mon. S. Augustini, 1543, 1810,
          <lb/>Monasterium. Sancti Johannis Bap¬
          <lb/>1812, 2183.
          <lb/>tistae in Beghartung (anno 1513),
          <lb/>Societas Jesu Monacensis, 480, 1295,
          <lb/>1593.
          <lb/>1353, 1422, 1542, 2177.
          <lb/>Monasterium. Buxheim (Chartreuse,
          <lb/>Monasterium Franciscanorum Neo¬
          <lb/>anc. poss.), 23-25, 43, 61, 108, 568,
          <lb/>burgi, 1492.
          <lb/>Canonicorum Regularium Ordo (Mo¬
          <lb/>661, 664, 721, 987, 8, 1354, 1475,
          <lb/>nasterii Nemoris B. M. Virginis
          <lb/>1814, 1818, 9, 1821, 1832, 1833,
          <lb/>1840, 1852, 1854, 1938, 2181, 2261,
          <lb/>prope Northorn. anc. poss.), 347.
          <lb/>2360, 2450, 2526.
          <lb/>Monasterium SS. Salvatoris et S. Cru¬
          <lb/>— Conventus Caesarimontonus (F. F.
          <lb/>cis in Polling (anc. poss.), 39, 40,
          <lb/>Minorum Strictae Observantiae.
          <lb/>1822.
          <lb/>anc. poss.), 1942.
          <lb/>Monasterium in Ranshowen (anc.
          <lb/>Monasterium Caenobii Chiemensis,
          <lb/>poss.), 203, 348, 1136, 1569, 1572,
          <lb/>1635.
          <lb/>1822, 1942, 2426.
          <lb/>Monasterium B. V. in Diessen (anc.
          <lb/>Coenobium S. Jacobi Scotorum Ratis¬
          <lb/>poss.), 1860.
          <lb/>bonae (anc. poss.), 1540.
          <lb/>— Bibliotheca Canoniae Regularis in
          <lb/>Monasterium in Roggenburg, 1747.
          <lb/>Diessen (anc. poss.), 636, 637, 1447.
          <lb/>Societas Jesu in Roufach (anc. poss.),
          <lb/>Bibliotheca monasterii, Elehinensis
          <lb/>62.
          <lb/>Monasterium Rupiae Minoris (anc.
          <lb/>(anc. poss.), 2465a
          <lb/>— Fratres dom. s. Gregorii in Em¬
          <lb/>poss.), 1775.
          <lb/>brica, anc. poss. 1531), 1621.
          <lb/>Salisburgenses Fratres Minores stric¬
          <lb/>tioris Observantiae (anc. poss.),
          <lb/>Monasterium S. Ernonis, Ordinis
          <lb/>1856, 2175.
          <lb/>S. Benedicti, 1871.
          <lb/>Monasterium in Schlierbach (anc.
          <lb/>— Bibliotheca P. Minorum Capuci¬
          <lb/>poss.), 473.
          <lb/>norum Frankendalensium (anc.
          <lb/>Conventus Schongaviensis Carmelit.
          <lb/>poss.), 1019.
          <lb/>Discale (anc. poss.), 2053.
          <lb/>Canonici regulares ordinis S. P. Augus¬
          <lb/>Monasterium Schürense (anc. poss.),
          <lb/>tini in Frenswegen (anc. poss.), 63,
          <lb/>2385.
          <lb/>823, 824, 1010, 1182, 1790, 2362.
          <lb/>Ordo S. Benedicti Schütterani (anc.
          <lb/>— Conventus Ord. Praedicatorum,
          <lb/>poss.), 954.
          <lb/>Fribourg., 1495.,
          <lb/>Ord. Eremitarum S. Augustini in
          <lb/>Eremit. S. P. Augustini Friburgi
          <lb/>Seemannshausen (anc. poss.), 1786.
          <lb/>Brisgo (anc. poss.), 1884.
          <lb/>Monasterium Sancti Michaelis Arch¬
          <lb/>— Cartäuser « uf Sant Johannisberg
          <lb/>angeli Sichersbergensis, anno 1572),
          <lb/>bei Friburg im Bryssgaw», 982.
          <lb/>1788.
        </p>
      </div>
    </body>
  </text>
</TEI>
