<?xml version='1.0' encoding='UTF-8'?>
<?xml-model href="https://raw.githubusercontent.com/OpenITI/tei_openiti/master/tei_openiti.rng" type="application/xml" schematypens="http://relaxng.org/ns/structure/1.0"?>
<?xml-model href="https://raw.githubusercontent.com/OpenITI/tei_openiti/master/tei_openiti.rng" type="application/xml" schematypens="http://purl.oclc.org/dsdl/schematron"?>
<TEI xmlns="http://www.tei-c.org/ns/1.0">
  <teiHeader>
    <fileDesc>
      <titleStmt>
        <title/>
      </titleStmt>
      <publicationStmt>
        <p/>
      </publicationStmt>
      <sourceDesc>
        <p/>
      </sourceDesc>
    </fileDesc>
    <profileDesc>
      <calendarDesc>
        <calendar xml:id="ah">
          <p>Anno Hegirae</p>
        </calendar>
      </calendarDesc>
    </profileDesc>
    <xenoData xml:space="preserve">
CREATED: 2024-04-11T12:19:51.524118+00:00
CREATED BY: eScriptorium vpassthistobuildcmd
IMAGE FILENAME: A121078-5069.tif
IMAGE WIDTH: 2366
IMAGE HEIGHT: 3850
</xenoData>
  </teiHeader>
  <text>
    <body>
      <div>
        <p>
          <lb/>1377
          <lb/>Getruckt zu Straszburg, beySamuel Emmel, Anno!
          <lb/>M. D. LX. (Verso blanc.)
          <lb/>In-4°, car. goth., 8 ff. non ch., CCXCIII ff. ch., 12 ff. non ch. (table),
          <lb/>dont le dernier blanc, titre courant, réclames, titre rouge et noir.
          <lb/>fol. 22 non ch. :... Herren Hansen Ungna- 11 den Freyherren zû
          <lb/>Sonnegk,... — Datum Strasz (I burg, VIII. Februarij, Anno M. D. LX.]
          <lb/>M. Melchior Specker.
          <lb/>R. 102.050. Prov. : Baer, Francfort-s.-M., 28/V, 1886; 12 M.
          <lb/>Annotation mss., au haut du titre : « Pro Conuentu Salisburg : Fratrum
          <lb/>Minorum Strictae Observantiae».
          <lb/>2175
          <lb/>SPECKLIN Daniel
          <lb/>Strasbourg, B. Jobin, 1589
          <lb/>Architectura Von Vestungen.Wie die zu vnsern zei¬
          <lb/>ten mögen erbawen werden, an! Stätten Schlössern, vnd
          <lb/>Clussen, zu Wasser,Land, Berg vnd Thal, mit jren Bollwer¬
          <lb/>cken, Caualiren, Streichen, Gräben vnd Leuffen, sampt
          <lb/>deren gantzen anhang vnd nutzbarkeit, auch wie die
          <lb/>Gegenwehr zu gebrauchen, was für Geschütz dahin gehörig,
          <lb/>vnnd wie es ge-] geordnet, vnd gebraucht werden soll,] alles
          <lb/>auss grund vnd deren Fundamenten.
          <lb/>Sampt den Grund Rissen, Visierungen, vnd Auffzügen
          <lb/>für Augen gestellt.Durch Daniel Speckle, der Statt
          <lb/>Strassburg!! Bestellten Bawmeister.
          <lb/>Mit Röm. Key. May. Freyheit, auff! zehen Jar.
          <lb/>Gedruckt zu Strassburg, bei Bern- hart Jobin.Jm Jar
          <lb/>M. D. LXXXIX.
          <lb/>A la fin : Wer Gott vertrawt! Hat wol gebawt.! 1589.
          <lb/>(Verso blanc.).
          <lb/>In-fol., car. goth., 8 ff. non ch.—112 ff. ch., 1 f. non ch. (Errata) qui
          <lb/>manque dans l’exemplaire R 14, titre encadré, des 2 côtés 2 grandes
          <lb/>figures de femmes avec des instruments de géométrie, en bas ville de
          <lb/>Strasbourg avec la cathédrale, signé Greuter, titre rouge et noir, de
          <lb/>nombreuses gravures, figures géométriques et des plans de fortifications,
          <lb/>des forteresses, entre autres le plan de la forteresse Valetta sur Malte.
          <lb/>A la fin des livres I et 2, pièces d’encadrement, représentant un empereur
          <lb/>assis sur un trône, devant lequel se tiennent trois musiciens nus jouant
          <lb/>sur des instruments; titre courant, réclames, init., notes marg. La gravure
          <lb/>n° 4 entre fol. 86 et 87 est signée : Mattheus Greuter, de même la gravure
          <lb/>du titre.
          <lb/>fol. 2a non ch. : Préface de l’auteur à Jules duc de Brunschwig et
          <lb/>Lunebourg avec les armoiries de celui-ci... Geben in Strassburgden 1.
          <lb/>Februarij Anno 1589, signé: Daniel Specklin der Statt- Il Strassburg
          <lb/>Baumeister.
          <lb/>fol. 3a: Préface au lecteur, puis 2 épigrammes latins, le premier de
          <lb/>Nicolas Reusner 9 dist. latins (Argentorati M. D. XIIC); l’autre de
          <lb/>Paulus Crusius Molendinus, Guilhelmitanae apud Argentinenses Ecclesiae
          <lb/>Minister.
          <lb/>Entre f. 12 et 13 2 ff. manuscrites qui remplacent la fin du chap. 7 et
          <lb/>le commencement du chap. 8 qui manquent.
          <lb/>R. 87
        </p>
      </div>
    </body>
  </text>
</TEI>
