<?xml version='1.0' encoding='UTF-8'?>
<?xml-model href="https://raw.githubusercontent.com/OpenITI/tei_openiti/master/tei_openiti.rng" type="application/xml" schematypens="http://relaxng.org/ns/structure/1.0"?>
<?xml-model href="https://raw.githubusercontent.com/OpenITI/tei_openiti/master/tei_openiti.rng" type="application/xml" schematypens="http://purl.oclc.org/dsdl/schematron"?>
<TEI xmlns="http://www.tei-c.org/ns/1.0">
  <teiHeader>
    <fileDesc>
      <titleStmt>
        <title/>
      </titleStmt>
      <publicationStmt>
        <p/>
      </publicationStmt>
      <sourceDesc>
        <p/>
      </sourceDesc>
    </fileDesc>
    <profileDesc>
      <calendarDesc>
        <calendar xml:id="ah">
          <p>Anno Hegirae</p>
        </calendar>
      </calendarDesc>
    </profileDesc>
    <xenoData xml:space="preserve">
CREATED: 2024-04-11T12:19:50.216744+00:00
CREATED BY: eScriptorium vpassthistobuildcmd
IMAGE FILENAME: A121078-5044.tif
IMAGE WIDTH: 2408
IMAGE HEIGHT: 3864
</xenoData>
  </teiHeader>
  <text>
    <body>
      <div>
        <p>
          <lb/>1352
          <lb/>au-dessous, Dupl. Biblioth. Vend.
          <lb/>Au verso du titre, timbre: Ex Bibliotheca Acad. Georgiae Augustae;
          <lb/>2124
          <lb/>SIGONIUS Carolus
          <lb/>Strasbourg, B. Jobin, 1584
          <lb/>Von Ge-] schichtenn des Kö-] nigreichs Italie, Fünffze¬
          <lb/>hen Bücher.In sich begreiffend dieHerrliche Historien
          <lb/>vom Jar Chri-I1 sti 570 an, bisz ins Tausentest!! zweyhunderst
          <lb/>Jar.
          <lb/>Dabey zugethan worden, sondere nöti-ge neben glosen,]
          <lb/>ausz andern bewerten Histori-schreiben, vnd dienstliche
          <lb/>erinnerungen, wann vnd wo er neben der warheit hingangen,
          <lb/>den Mönchischen Fabeln gefolget, vnd seinen Walen vnd
          <lb/>Bäpsten zu gefallen, geschriben, der meinung, des Teutschen
          <lb/>Reichs Herrligkeit, vnd die ware Reli- gion zu verdunckeln.
          <lb/>Den Liebhabern TeutschesReichs hochachtung, vnd der
          <lb/>warheit zu] gut, auffs trewlichst vnd eygent-lichs
          <lb/>verteutschet von! Georgio Nigrino.
          <lb/>Gedruckt zu Straszburg, durch Bernhart!! Jobin. 1584.
          <lb/>(Verso blanc.)
          <lb/>A la fin : Getruckt zu Straszburg, durch!! Bernhardt Jobin.
          <lb/>Marque typ. de B. Jobin. (H. &amp;amp; B. Planche XXXVII, No 7.)
          <lb/>Au-dessous : M. D. LXXXIIII.
          <lb/>In-fol., car. goth., 12 ff. non ch. (Préface), 527 pp. ch., titre courant,
          <lb/>réclames, notes marg., init. goth., titre rouge et noir, encadré. (H. &amp;amp; B.
          <lb/>Planche XL, No 14.)
          <lb/>fol. 2a et fol. 5a non ch., comme au n° précédent.
          <lb/>R.10.535 (1). Prov. : Bibl. Wolfgang Menzel, Stuttgart, 1874, avec
          <lb/>l’autographe de W. Menzel; au haut du titre... hohenfelder, 1585.
          <lb/>Ritter, Catal. BM Strasbourg no 1917.
          <lb/>Baer, Francfort-s.-M., Catalogue 500 (1907), n° 1280; 30 M.
          <lb/>2125
          <lb/>SILVESTER DE PRIERIO. Voir: PRIERIAS Silvester.
          <lb/>SILVIUS AENEAS. Voir: PIUS II.
          <lb/>SIMON Christian. Voir: STEN Simon.
          <lb/>SINAPIUS Johannes
          <lb/>Haguenau, J. Secer, 1530
          <lb/>(Feuille de lierre) Adver-sus Ignaviam, et Sordes!! Eorum,
          <lb/>qui literas hu-1 maniores negligunt, aut contemnunt, eo quod
          <lb/>non sintDe Pane Lucrando, Declamatio in Academia
          <lb/>Heydelbergensi sub promotionem XIIII. Magistrorum
          <lb/>pu-1] blice pronunciata XV. Cal. Martij. ] Anno M. D. XXX.]
          <lb/>Authore Ioanne!! Sinapio.
          <lb/>A la fin : Haganoae in officina Ioan. Secerii. An no.
          <lb/>M. D. XXX. 1) Mense Martio.
        </p>
      </div>
    </body>
  </text>
</TEI>
