<?xml version='1.0' encoding='UTF-8'?>
<?xml-model href="https://raw.githubusercontent.com/OpenITI/tei_openiti/master/tei_openiti.rng" type="application/xml" schematypens="http://relaxng.org/ns/structure/1.0"?>
<?xml-model href="https://raw.githubusercontent.com/OpenITI/tei_openiti/master/tei_openiti.rng" type="application/xml" schematypens="http://purl.oclc.org/dsdl/schematron"?>
<TEI xmlns="http://www.tei-c.org/ns/1.0">
  <teiHeader>
    <fileDesc>
      <titleStmt>
        <title/>
      </titleStmt>
      <publicationStmt>
        <p/>
      </publicationStmt>
      <sourceDesc>
        <p/>
      </sourceDesc>
    </fileDesc>
    <profileDesc>
      <calendarDesc>
        <calendar xml:id="ah">
          <p>Anno Hegirae</p>
        </calendar>
      </calendarDesc>
    </profileDesc>
    <xenoData xml:space="preserve">
CREATED: 2024-04-11T12:20:01.924267+00:00
CREATED BY: eScriptorium vpassthistobuildcmd
IMAGE FILENAME: A121078-5319.tif
IMAGE WIDTH: 2410
IMAGE HEIGHT: 3846
</xenoData>
  </teiHeader>
  <text>
    <body>
      <div>
        <p>
          <lb/>1629
          <lb/>1322, 3, 1325-27, 1334, 1359,
          <lb/>2354, 6, 9, 2360, 2, 3, 5, 7, 2369,
          <lb/>1361, 1363-66, 1388, 9, 1430, 6, 1490,
          <lb/>2371-73, 2376, 2385-87, 2394-2401.
          <lb/>1588, 1596, 8, 1603, 4, 7, 8, 1612,
          <lb/>2406, 7, 2411-2421, 2430, 2, 4, 7,
          <lb/>2439-40, 2454, 2462, 2471-75, 2478-
          <lb/>3, 7, 1621, 1636, 1735, 1817, 9.
          <lb/>1844, 1858, 1872, 1881, 1896, 1905,
          <lb/>81, 2485-2495, 2501, 8, 2524, 2527,
          <lb/>8, 1920, 1931, 1972, 1976, 2073,
          <lb/>8
          <lb/>2097, 2120, 1, 2130, 2192, 2204, 5,
          <lb/>Schmidt, Erich, 934.
          <lb/>8. 2210, 3, 7, 2224, 5, 8, 2230, 2, 3,
          <lb/>Schmidt, Hugo (impr. Munich 1930),
          <lb/>2235-40, 2268, 2320, 2348, 9, 2370,
          <lb/>1807.
          <lb/>2391, 2403, 4, 2411, 2428, 2445,
          <lb/>Schmidt, Jacobus, 1477.
          <lb/>2450, 2458, 2471, 5, 2481, 5, 9,
          <lb/>Schmidt, Otto, 221.
          <lb/>2493, 4, 7, 2521, 3.
          <lb/>Schmidt, Wieland (sur Otton de
          <lb/>Schmidt, Charles (Répertoire), 1,
          <lb/>Passau), 1738.
          <lb/>Schneider, Felix (Bâle, anc. poss.
          <lb/>4-9, 12, 14, 16, 21, 27-29, 37, 41.
          <lb/>45, 50, 52-61, 65, 69, 70, 83, 85,
          <lb/>1891), 516.
          <lb/>93, 95-100, 104, 6, 7, 111, 6, 9, 121,
          <lb/>Schneider, J. (Bâle, anc. poss. 1888),
          <lb/>4. 7 8. 130-142, 144, 145-150,
          <lb/>733, 9.
          <lb/>155b, 163-166, 168-174, 176, 186,
          <lb/>Schneidewin, Joh. (Prof. Wittenberg),
          <lb/>7, 189, 190-192, 5, 9, 200, 4, 7, 225,
          <lb/>2084-87.
          <lb/>Schnepff, Erhardus, 2088, 2456.
          <lb/>7, 231, 234, 236-239, 240-243, 250-
          <lb/>254, 256-259, 270-286, 288-292,
          <lb/>Schnepp, Eusebius (anc. poss. 1563),
          <lb/>295-297. 301. 2. 305, 309-313,
          <lb/>514.
          <lb/>321-3, 326, 7, 9, 336, 7, 340, 1,
          <lb/>Schnerschheim (am Kochersberg),
          <lb/>350, 2, 403, 424, 6, 7, 433, 8, 445,
          <lb/>179.
          <lb/>Schneulnus (?) Jacobus (anc. poss.
          <lb/>464, 9, 470-472, 476, 7, 488-498,
          <lb/>540, 543-553, 560, 9, 573, 596, 7,
          <lb/>1561), 2249.
          <lb/>605, 633, 8, 643-650, 652, 656-58,
          <lb/>Schnewyl, Joh. (Burger von Strass-
          <lb/>664, 672-679, 695, 703-734, 736,
          <lb/>burg), 2089.
          <lb/>Schoder, G. (Stuttgart, anc. poss.
          <lb/>738-743, 747-750, 752-759, 761-69,
          <lb/>771-777, 779-781, 3, 822, 7, 8, 830,
          <lb/>1917), 1500.
          <lb/>2, 838-839, 841, 2, 866, 870, 1, 8,
          <lb/>Schöffer, Arsacius (Munich), 1047.
          <lb/>Schöffer, Pierre (impr. Strasbourg),
          <lb/>883, 8, 890-92, 895, 9, 936, 7, 940¬
          <lb/>944, 947-987, 989, 992, 3, 995-997,
          <lb/>22, 35, 595, 2106, 2525.
          <lb/>999, 1002-1007, 1014, 1024, 1035-
          <lb/>Schöffer, Stephan, 1736.
          <lb/>38, 1043, 7, 1050, 1, 1057, 8, 1065,
          <lb/>Schöfferlin, Bernard, 1372.
          <lb/>1102, 1120, 3, 1126-28, 1130-35,
          <lb/>Scholl. Jacobus (Argentinus), 2090.
          <lb/>1138, 1145, 1153, 1155, 6, 1166, 8,
          <lb/>Schöll, Joh. Sebastian (Achenheim
          <lb/>1171, 6, 1187, 8, 1201-2, 1104,
          <lb/>anno 1724), 1379.
          <lb/>1107-9, 1219-21, 1226, 1228-32,
          <lb/>Scholte, Joh. (Curatus ecclesiae divi
          <lb/>Maximi in Embrica, anc. poss.
          <lb/>1234, 1240, 2, 1250, 3, 5, 1262-67,
          <lb/>1314, 1331, 5, 8, 1343-1350, 9, 1372,
          <lb/>anno 1521), 1621.
          <lb/>1387, 8, 1391, 2, 1402, 3, 1407-
          <lb/>Scholz, Wilh. (Braunchweig, anc.
          <lb/>1412, 1414, 1423, 5, 6, 1430, 3, 4,
          <lb/>poss.), 487, 1440.
          <lb/>1458, 1460-62, 1468, 1470, 2, 1488-
          <lb/>Scholz, Zacharias (anc. poss.), 2249.
          <lb/>Schon, Remigius (Surburgensis, anc.
          <lb/>90, 1492, 1495, 6, 1498, 1563, 5,
          <lb/>1570, 4, 1584, 5, 8, 1593, 1596-98.
          <lb/>poss.), 503.
          <lb/>1600, 1603-1609, 1612, 1614-17,
          <lb/>Schönau, Hans von (Fribourg), 956,
          <lb/>1621, 1624-28, 1631, 3, 1662, 1671,
          <lb/>1872.
          <lb/>3, 1738-41, 1743, 6, 7, 8, 1750,
          <lb/>Schönburg, Georgius (Baron, dominus
          <lb/>1767, 1800, 1826, 1848-50, 1858, 9,
          <lb/>in Glaucha et Waldenburg, 1574),
          <lb/>1860, 3, 4, 1869-71, 1873, 4, 7, 8,
          <lb/>2364.
          <lb/>1880, 1882-5, 1888-1895, 1900, 1,
          <lb/>Schönburg, Hugo (Baron, Georgii
          <lb/>1902, 5, 1911-13, 1915, 1925, 1931,
          <lb/>frater), 2364.
          <lb/>1941-44, 1958, 9, 1966, 1972-76,
          <lb/>Schönburg, Vitus (Baron, Georgii
          <lb/>1979-1987, 1990, 1, 5, 1966, 1972-
          <lb/>frater), 2364.
          <lb/>Schöne, Antoine (impr. Wittenberg),
          <lb/>76, 1979-87, 1990, 1, 5, 2023, 5,
          <lb/>2047-49, 2053, 2061-63, 2103, 2110,
          <lb/>306, 1554.
          <lb/>4, 8, 2154, 2182-85, 2191, 2244-47,
          <lb/>Schoenfeld. Voir : Pegius, Mart.
          <lb/>2250, 8, 9, 2260, 3, 4, 2273-75,
          <lb/>Schönfeldt, Melchior (Philomusus ?),
          <lb/>2283-89, 2295, 2301, 2, 2306-2320,
          <lb/>1807.
          <lb/>4, 2330, 4, 6, 2340, 2, 4, 7, 2351, 1 Schongau. Voir : Monastères.
        </p>
      </div>
    </body>
  </text>
</TEI>
