<?xml version='1.0' encoding='UTF-8'?>
<?xml-model href="https://raw.githubusercontent.com/OpenITI/tei_openiti/master/tei_openiti.rng" type="application/xml" schematypens="http://relaxng.org/ns/structure/1.0"?>
<?xml-model href="https://raw.githubusercontent.com/OpenITI/tei_openiti/master/tei_openiti.rng" type="application/xml" schematypens="http://purl.oclc.org/dsdl/schematron"?>
<TEI xmlns="http://www.tei-c.org/ns/1.0">
  <teiHeader>
    <fileDesc>
      <titleStmt>
        <title/>
      </titleStmt>
      <publicationStmt>
        <p/>
      </publicationStmt>
      <sourceDesc>
        <p/>
      </sourceDesc>
    </fileDesc>
    <profileDesc>
      <calendarDesc>
        <calendar xml:id="ah">
          <p>Anno Hegirae</p>
        </calendar>
      </calendarDesc>
    </profileDesc>
    <xenoData xml:space="preserve">
CREATED: 2024-04-11T12:19:53.319372+00:00
CREATED BY: eScriptorium vpassthistobuildcmd
IMAGE FILENAME: A121078-5119.tif
IMAGE WIDTH: 2342
IMAGE HEIGHT: 3844
</xenoData>
  </teiHeader>
  <text>
    <body>
      <div>
        <p>
          <lb/>1427
          <lb/>TAPPIUS Eberhardus
          <lb/>Strasbourg, W. Rihel, 1545
          <lb/>German corum Adagio- rum cum Latinis ac Grae-cis
          <lb/>collatorum, Centu- riae septem. Iam denuo recognitae et
          <lb/>locupletatae per ipsum au-thorem, Eberhardum Tappium
          <lb/>Lunensem.] Cum Indice. (2 vers grecs.)
          <lb/>Cum gratia et priuilegio Imperiali ad Septennium.
          <lb/>Argentorati per Wen-delinum Rihelium. Anno.
          <lb/>M. D. XLV.
          <lb/>In-8°, car. rom., ital., grecs et goth., 244 ff. ch., 20 ff. non ch., dont le
          <lb/>dernier blanc, avec marque typ. de W. Rihel au verso. (H. &amp;amp; B., planche
          <lb/>XXIX, N° 3, Silvestre No 740), titre courant, réclames, init. ornées L. V.
          <lb/>Au verso du titre : Wendeli ]] nus Rihelius Ty-I] pographus, Lectori!
          <lb/>Salutem... — Argentinae. Idibus!! Martij Anno! 1539.
          <lb/>R 101.553. Prov. : Cromer, curé à Saverne, 29/VII, 1879; sans indic.
          <lb/>de prix.
          <lb/>Borchling-Claussen, Niederdeutsche Bibliographie 1931/7, N° 1433;
          <lb/>Schulte-Kemminghausen dans Niederdeutsche Studien. Festschrift für
          <lb/>C. Borchling 1932, p. 91 et suiv.
          <lb/>Exemplaires: Berlin Staatsbibl., Göttingen UB; Munster UB, Rostock
          <lb/>UB.
          <lb/>2269
          <lb/>TARGUM Onkelos
          <lb/>Strasbourg, G. Messerschmidt, 1546
          <lb/>Thargum. Hoc est, ParaphrasisOnkeli Chaldaica in
          <lb/>Sa-cra Biblia, ex Chaldaeo in Latinum Fidelissime Ver¬
          <lb/>sa, additis in singula ferè Ca-pita succinctis Annota¬
          <lb/>tionibus. Autore Paulo Fagio.Pentateuchus. siue
          <lb/>Quinque libri Moysi.Tomus primus.
          <lb/>Consilium et utilitatem aeditionis huius Chaldaicae, ex
          <lb/>praefatione ad Lectorem intelliges.
          <lb/>Cum Gratia et Priuilegio!! Caesareo ad annos decem.
          <lb/>Argentorati Anno 11 M. D. XLVI.
          <lb/>A la fin: Argentorati, per Georgium Machaeropoeum,
          <lb/>Men-] se Martio, Anno!! M. D. XLVI.
          <lb/>In-fol., car, rom., ital., 2 col., 251 fi. non ch. sign. a-z, A-S., titre courant,
          <lb/>réclames, init. à fig. et init. ornées; fol. la gravure sur bois d’une demie
          <lb/>page: création de l’homme au paradis
          <lb/>fol. A 2a : Illustrissimo... Principi... Friderico, Palati-11 no Rheni....
          <lb/>Argento- I] rati, Anno ab orbe redempto M. D. !! xlvi. mense Martio...
          <lb/>Paulus Fagius (Dédicace de 6 pp.).
          <lb/>fol. 5a : Praefatio ad Lectorem... Argentina. Anno salutis M. D.
          <lb/>XLVI, mense Martio (Préface de 3 pp.).
          <lb/>fol. 6b : 1o. Sapidus Chri- 11 stiano Lectori S. (13 dist.).
          <lb/>R. 10.263. Prov. : Bibl. Edouard Reuss, 1891. Annotations mss., au
          <lb/>recto du f. de garde: autographe de Dahler, au-dessous autographe de
          <lb/>Reuss : « Ex-libris J. G. Dahleri m. Julio 1833 emit. const. 6 fr.; au verso:
          <lb/>Liber perarus. V. Freytag, Analecta libr. rar., p. 333 »
          <lb/>2e ex. R. 10.264. Prov. : Weigel, Leipzig, 12/1I, 1879; 16 M. 50. Paris,
          <lb/>Bibl. Nat. A. 670; Oxford, Bibl. Bodleiana.
          <lb/>2270
        </p>
      </div>
    </body>
  </text>
</TEI>
