<?xml version='1.0' encoding='UTF-8'?>
<?xml-model href="https://raw.githubusercontent.com/OpenITI/tei_openiti/master/tei_openiti.rng" type="application/xml" schematypens="http://relaxng.org/ns/structure/1.0"?>
<?xml-model href="https://raw.githubusercontent.com/OpenITI/tei_openiti/master/tei_openiti.rng" type="application/xml" schematypens="http://purl.oclc.org/dsdl/schematron"?>
<TEI xmlns="http://www.tei-c.org/ns/1.0">
  <teiHeader>
    <fileDesc>
      <titleStmt>
        <title/>
      </titleStmt>
      <publicationStmt>
        <p/>
      </publicationStmt>
      <sourceDesc>
        <p/>
      </sourceDesc>
    </fileDesc>
    <profileDesc>
      <calendarDesc>
        <calendar xml:id="ah">
          <p>Anno Hegirae</p>
        </calendar>
      </calendarDesc>
    </profileDesc>
    <xenoData xml:space="preserve">
CREATED: 2024-04-11T12:19:59.646185+00:00
CREATED BY: eScriptorium vpassthistobuildcmd
IMAGE FILENAME: A121078-5282.tif
IMAGE WIDTH: 2438
IMAGE HEIGHT: 3860
</xenoData>
  </teiHeader>
  <text>
    <body>
      <div>
        <p>
          <lb/>1592
          <lb/>241, 246, 309, 375, 433,.472, 493,
          <lb/>Cornianus, Joh. Pompeius (Brixianus),
          <lb/>543, 573, 6, 596, 656, 705, 749, 806,
          <lb/>1848.
          <lb/>838, 894, 903, 920, 941-946, 959, 969,
          <lb/>Corniger, Franciscus, 137.
          <lb/>992, 1043, 1057, 1075, 7, 1097,
          <lb/>Coronaeus, C. (Vernolinus), 663.
          <lb/>1162, 1309, 1335, 1473, 1492, 1567,
          <lb/>Corradus, Sebastianus, 518.
          <lb/>1603, 1631, 1738, 1762, 1826, 1848,
          <lb/>Corsius, Joh., 1913.
          <lb/>1858, 1869, 1871, 1906, 1925, 1957,
          <lb/>Corvinus, Antonius, 589-594.
          <lb/>8, 2013, 2021, 2048, 2053, 2063,
          <lb/>Cosmas, 999, 1168.
          <lb/>2177, 2183, 2218, 2263, 4, 2301,
          <lb/>Courtois, 906, 914, 1489, 2005, 2072.
          <lb/>2359, 2362, 2411, 2461, 2, 2479,
          <lb/>Coville, A., 1629.
          <lb/>2514, 2527.
          <lb/>Covus, Caspar (Archipraesbyter),
          <lb/>Colmar, Bibl. du Consistoire, 1037,
          <lb/>1815.
          <lb/>1135, 1391, 1434, 1905, 1979, 2011,
          <lb/>Cracovie BU, 325, 749.
          <lb/>2110, 2372, 2397.
          <lb/>Craftheim, Joh. Crato à, 1259.
          <lb/>Cologne BM, 707.
          <lb/>Crailsheim, Wolfgangus Ludovicus à,
          <lb/>Colomier, V. (Mélanges hist., p. 22),
          <lb/>183.
          <lb/>2129.
          <lb/>Cramer, Michael. (anc. poss.), 1563,
          <lb/>Colonna, Egidio. Voir: Aegidius
          <lb/>Crampel (anc. poss.), 357.
          <lb/>Romanus.
          <lb/>Cranach, 2522.
          <lb/>Colotius, Angelus, 1470.
          <lb/>Cranmer, Thomas (Archiepiscopus
          <lb/>Columella, Lucius, 561, 843.
          <lb/>Cantuariensis), 36, 371.
          <lb/>Columna Aegidius. Voir: Aegidius
          <lb/>Cratandre, 2015.
          <lb/>Romanus.
          <lb/>Crato à Craftheim, Joh. (Archiatrus
          <lb/>Comer, M. G. (anc. poss.), 407.
          <lb/>Caesareus, 1575), 587, 661, 662,
          <lb/>Comestor, Petrus. Voir; Petrus
          <lb/>1259, 2261, 2.
          <lb/>Comestor.
          <lb/>Cratoaldus, Valentinus, 595.
          <lb/>Comines, Philippe de, 562-567.
          <lb/>Crauss, Andreas (anc. poss.), 1329.
          <lb/>Commelius, Hier., 1473.
          <lb/>Cravelius, Adelarius (Leubingensis),
          <lb/>Commodus, L. Anton, 1154.
          <lb/>1081.
          <lb/>Cono, F. Joh. (Norimontanus), 1037.
          <lb/>Creispach, 37, 38.
          <lb/>Conrad (Kõnig, Herzog zu Schwaben,
          <lb/>Crescentiis, Petrus de, 596-597.
          <lb/>1673.
          <lb/>Crescius, Jodocus Christophorus (anc.
          <lb/>Conrad (Augustiner Orden), 433, 434,
          <lb/>poss.), 2236.
          <lb/>435.
          <lb/>Crespin, 1069.
          <lb/>Conradus de Alemania. Voir Conradus
          <lb/>Creuziger. Voir : Cruciger.
          <lb/>de Halberstadt.
          <lb/>Cricetus, Muro, 1160.
          <lb/>Conradus de Halberstadt, 576-78.
          <lb/>Crinitus, Petrus (Florentinus), 90,
          <lb/>Conradus (Archiepiscopus Mogunti¬
          <lb/>93-98, 1201, 1885, 2064, 2286,
          <lb/>nensis), 2189.
          <lb/>2288, 2289.
          <lb/>Conradus (Comes in Solms), 697.
          <lb/>Cromer (curé, Saverne, anc. poss.
          <lb/>Constant, (empereur), 846.
          <lb/>1879), 21, 52; 60, 478, 9, 775,
          <lb/>Constant, Karl (à Kranking, anc.
          <lb/>7, 830, 1037, 1492, 1795, 1905,
          <lb/>poss. 1820), 1443.
          <lb/>2214, 2269, 2304, 2340, 2434.
          <lb/>Constantin (empereur), 872.
          <lb/>Cruciger, Caspar, 588, 598-601.
          <lb/>Constantin IV, 160-162.
          <lb/>Crusius, Joachim (Silesius), 455.
          <lb/>Cook, Antonius (Eques Anglus),
          <lb/>Crusius, Joh., 1170.
          <lb/>391.
          <lb/>Crusius, Martinus (Prof. Tübingensis),
          <lb/>Copenhague Bibl. Roy., 326, 7, 9,
          <lb/>602, 837, 900, 909, 910, 915, 916,
          <lb/>707, 718, 726, 741, 750.
          <lb/>919, 2140.
          <lb/>Cophon (medicus), 586, 1269.
          <lb/>Crusius, Paulus (Molendinus), 184,
          <lb/>Copus, Guilielmus (Basiliensis), 1800.
          <lb/>450, 452, 453, 455-457, 2176.
          <lb/>Cordus, D., 897.
          <lb/>Ctésiphon, 1480.
          <lb/>Cordus, Euricius, 587, 588, 1419.
          <lb/>Cuba, Joh., 1205.
          <lb/>Cordus, Valerius (Simesusius), 587-
          <lb/>Cuder, Laurentius, 1455.
          <lb/>88.
          <lb/>Culmann, F. W., 2102.
          <lb/>Cornarius, Janus (Zwickaviensis),
          <lb/>Culmann, Leonardus, 694.
          <lb/>1170.
          <lb/>Culmann, Ludwig, 683.
          <lb/>Cornarius, Joh. H. Voir : Hippocrates.
          <lb/>Cunitz (Donation, Strasbourg 1886),
          <lb/>Cornelius Nepos. Voir : Nepos.
          <lb/>221, 250, 279, 280, 327, 404,
          <lb/>Corner, Rodolphus (Tigurinus, anc.
          <lb/>442a, 649, 651, 882, 3, 1014,
          <lb/>poss.), 2211.
          <lb/>1096, 1122, 1179, 1473, 1482, 1485,
        </p>
      </div>
    </body>
  </text>
</TEI>
