<?xml version='1.0' encoding='UTF-8'?>
<?xml-model href="https://raw.githubusercontent.com/OpenITI/tei_openiti/master/tei_openiti.rng" type="application/xml" schematypens="http://relaxng.org/ns/structure/1.0"?>
<?xml-model href="https://raw.githubusercontent.com/OpenITI/tei_openiti/master/tei_openiti.rng" type="application/xml" schematypens="http://purl.oclc.org/dsdl/schematron"?>
<TEI xmlns="http://www.tei-c.org/ns/1.0">
  <teiHeader>
    <fileDesc>
      <titleStmt>
        <title/>
      </titleStmt>
      <publicationStmt>
        <p/>
      </publicationStmt>
      <sourceDesc>
        <p/>
      </sourceDesc>
    </fileDesc>
    <profileDesc>
      <calendarDesc>
        <calendar xml:id="ah">
          <p>Anno Hegirae</p>
        </calendar>
      </calendarDesc>
    </profileDesc>
    <xenoData xml:space="preserve">
CREATED: 2024-04-11T12:19:53.074067+00:00
CREATED BY: eScriptorium vpassthistobuildcmd
IMAGE FILENAME: A121078-5106.tif
IMAGE WIDTH: 2348
IMAGE HEIGHT: 3858
</xenoData>
  </teiHeader>
  <text>
    <body>
      <div>
        <p>
          <lb/>1414
          <lb/>Au haut du titre : Johannes Hefler est possessor hujus libri.
          <lb/>Au verso Armoiries avec l’inscription Monasterii Petridomi; les armoi¬
          <lb/>ries se trouvent aussi sur la couverture, mais sans l’inscription.
          <lb/>Schmidt VIII, No 153 : Bibl. St. Guillaume de Strasbourg.
          <lb/>2247
          <lb/>SUETONIUS
          <lb/>Strasbourg, M. Schürer, 1517
          <lb/>Suetonii Tranquilli!! Liber illustrium virorum.
          <lb/>Accipite studiosi... (15 lignes.) Ad lectorem (2 dist.) !
          <lb/>Tempus observa.
          <lb/>A la fin : Argentorati. Ex Aedibus Matthiae Schu-rerij,
          <lb/>Mense Martio. Anno! M. D. XVII.
          <lb/>Regnante Imperatore Maxi- Il miliano. P. F. Aug.
          <lb/>Au recto du f. suivant : Marque typ. de Schürer. (H. &amp;amp; B.
          <lb/>Planche XIII, No 5; Silvestre, No 692.)
          <lb/>In-4°, car. rom., 4 ff. non ch., XLV ff. ch., 1 f. non ch., titre courant,
          <lb/>notes marg., init. ornées.
          <lb/>Au verso du titre : Amadeo!! Romagnagno Episcopo Montiro Galensi...
          <lb/>— Do- I1 minicus Machaneus publicus (1 Taurini Orator... (Préface de
          <lb/>9.
          <lb/>R. 101.808. Prov. : Don de Ferd. von Biedenfeld.
          <lb/>Notes mss. Schmidt. VIII, n° 212.
          <lb/>GK VIII, 7166 (à Aurelius Victor Sextus) : BN Berlin, Munich, BU
          <lb/>Breslau, Greifswald, Kiel.
          <lb/>2248
          <lb/>SUETONIUS
          <lb/>Sélestat, Laz. Schürer, 1520
          <lb/>C. Suetonii Tran!! quilli de uita duodecim Cae!! sarum
          <lb/>libri duodecim. !! Selestadij apud Lazarum!! Schurerium.
          <lb/>A la fin : Selestadij, ex Aedibus Lazari Schurerij. ¡] Mense
          <lb/>Februario. M. D. XX.
          <lb/>In-4°, car, rom., 2 ff. non ch., CXLIIII ff. ch., verso du dernier f.
          <lb/>blanc, titre courant, encadrement du titre : dans la bordure supérieure:
          <lb/>Virgile, Horace, Tullius, Ovide, dans les bordures latérales à gauche
          <lb/>Valerius Maximus et Quintillien, à droite Salluste et Cicéron; dans la
          <lb/>bordure inférieure écusson vide tenu par deux génies, dans chaque coin
          <lb/>un génie, l’un couché, l’autre assis.
          <lb/>Au verso du titre : Tranquilli Vita per !! Tuccium Marianum Floren¬
          <lb/>tinum.
          <lb/>R. 100.078. Prov. : BN Munich, 5/IV, 1933; 0,50 M.
          <lb/>De nombreuses annotations mss. dans le texte; à l’intérieur de la
          <lb/>couverture: « Duplum Bibl, reg. Monacensis»; au titre : Ex libris Zachariae
          <lb/>Scholz. Le 2/xI, 1936, l’antiquaire E. Schwarzschild (Amsterdam) a
          <lb/>offert à la BN de Strasbourg un exemplaire provenant de la Bibliothèque
          <lb/>du comte Godefroy de Montgrand (sur le titre Iacobus Schneulni, 1561)
          <lb/>au prix de 55 florins.
          <lb/>2249
          <lb/>SUETONIUS
          <lb/>Strasbourg, J. Prüss fils, 1520
          <lb/>C. Sueto-]] nii Tranquil-] li de vita duodecim !! Caesarum,
          <lb/>Li-II bri XII...
        </p>
      </div>
    </body>
  </text>
</TEI>
