<?xml version='1.0' encoding='UTF-8'?>
<?xml-model href="https://raw.githubusercontent.com/OpenITI/tei_openiti/master/tei_openiti.rng" type="application/xml" schematypens="http://relaxng.org/ns/structure/1.0"?>
<?xml-model href="https://raw.githubusercontent.com/OpenITI/tei_openiti/master/tei_openiti.rng" type="application/xml" schematypens="http://purl.oclc.org/dsdl/schematron"?>
<TEI xmlns="http://www.tei-c.org/ns/1.0">
  <teiHeader>
    <fileDesc>
      <titleStmt>
        <title/>
      </titleStmt>
      <publicationStmt>
        <p/>
      </publicationStmt>
      <sourceDesc>
        <p/>
      </sourceDesc>
    </fileDesc>
    <profileDesc>
      <calendarDesc>
        <calendar xml:id="ah">
          <p>Anno Hegirae</p>
        </calendar>
      </calendarDesc>
    </profileDesc>
    <xenoData xml:space="preserve">
CREATED: 2024-04-11T12:20:00.516772+00:00
CREATED BY: eScriptorium vpassthistobuildcmd
IMAGE FILENAME: A121078-5297.tif
IMAGE WIDTH: 2470
IMAGE HEIGHT: 3866
</xenoData>
  </teiHeader>
  <text>
    <body>
      <div>
        <p>
          <lb/>1607
          <lb/>Isenbeccius, Benedictus (Ratisbonen¬
          <lb/>Johann Rudolf (Abt vom Stift Mur¬
          <lb/>sis), 338.
          <lb/>bach), 1770.
          <lb/>Isidorus Hispalensis, 1219.
          <lb/>Johannes de Acie — Eck.
          <lb/>Isocrate, 469, 470, 1250, 1.
          <lb/>Johann, Freiherr zu Bollweiler, 1775.
          <lb/>Italus, Alexander, 2073.
          <lb/>Johann von Burgund (Erbherzog),
          <lb/>Ivry, Jean de, 2037.
          <lb/>1919.
          <lb/>Izinger, Jodocus (Austrius), 456.
          <lb/>Johannes (Archiepiscopus Treviren¬
          <lb/>sis), 1063.
          <lb/>Johannes (Episcopus Argentinensis),
          <lb/>1215, 1785, 2044, 2097.
          <lb/>Johannes (Episcopus Tusculanus),
          <lb/>Jäckler, Jörg, 1455.
          <lb/>2189.
          <lb/>Jacksen, W., 1327, 1515.
          <lb/>Johannes Egenolfus (Episcopus Au¬
          <lb/>Jacobaeus, Nicolaus, 1252.
          <lb/>gustanus), 1779.
          <lb/>Jacobi, Petrus (Arlunensis), 166, 172.
          <lb/>Johannes Philippus (Ep. Princ. Her¬
          <lb/>Jacobus (Archiepiscopus Moguntinus,
          <lb/>bipolensis 1274).
          <lb/>1505), 2475.
          <lb/>Johannes (Abbas in Heibronn), 1443.
          <lb/>Jacobus (Marchio Badensis, 1582),
          <lb/>Johannes Georgius (Sacri Rom. Impe¬
          <lb/>1020, 1878.
          <lb/>rii Archicamerarius), 1920.
          <lb/>Jacobus, Freiherr von Liechtenberg,
          <lb/>Johannes (Dux Bavariae, 1508), 2501.
          <lb/>1164.
          <lb/>Johannes (Palatinus Rheni, Dux
          <lb/>Jacobus, Comes Purliliarum, 1253, 4.
          <lb/>Bavariae), 1228.
          <lb/>Jacobus de Theramo, 1255.
          <lb/>Johannes, (Comes Palatinus Rheni),
          <lb/>Jacobus de Voragine, 238, 1256-58.
          <lb/>120, 791.
          <lb/>Jaeger, Melchior (à Gerteringen, Ludo¬
          <lb/>Johannes (Dux Daniae, anno 1574),
          <lb/>vici ducis Wirtenbergici Consilia¬
          <lb/>1968, 9.
          <lb/>rius), 1650.
          <lb/>Johannes Sigismundus (Marchio
          <lb/>Jagenreuter, Wolfgang Enricus, 456.
          <lb/>Brandenburgensis), 1921.
          <lb/>Jakob, Graf zu Zweibrücken, Herr zu
          <lb/>Johannes Casimir (Comes in Erbach),
          <lb/>Bitsch, Lichtenberg und Ochsen¬
          <lb/>922.
          <lb/>stein), 1721.
          <lb/>Johannes Ernestus (Dux Saxoniae),
          <lb/>Janssen, 1613.
          <lb/>1369, 1371, 1417.
          <lb/>Jean de Capoue, 313.
          <lb/>Johannes Fridericus (Dux Saxoniae),
          <lb/>Jehan, Comte de Salme, 1059.
          <lb/>17, 562, 1369, 1371, 1523, 2145.
          <lb/>Jena BU, 265, 352, 374, 382, 707, 718,
          <lb/>Johannes Fridericus (filius Joh. Fri¬
          <lb/>750, 1804.
          <lb/>derici, imperii electoris, Dux
          <lb/>Jenischius, Paulus (anc. poss.), 2079.
          <lb/>Saxoniae), 1904, 1960.
          <lb/>Jérôme, St., 1480, 1603.
          <lb/>Johannes Fridericus III (Dux Saxo¬
          <lb/>Joachim (Markgraf zu Brandenburg),
          <lb/>niae), 2088.
          <lb/>378.
          <lb/>Johannes Guilhelmus (Dux Saxoniae),
          <lb/>Joachim Fridericus (Magdeburgensis
          <lb/>2088.
          <lb/>Archiepiscopus), 1295, 1920.
          <lb/>Johannes Guilhelmus (filius ducis
          <lb/>Jobin, Bernard (impr. Strasbourg),
          <lb/>Saxoniae), 1960.
          <lb/>120, 182, 196, 7, 221-23, 235, 414-17,
          <lb/>Johannes Philippus (Comes Rheni et
          <lb/>473, 483, 541, 625, 653, 663, 847-65,
          <lb/>Salmoniarum), 1252.
          <lb/>879, 900-902, 904-906, 908-924, 930,
          <lb/>Johannes (Graf zu Nassau), 1452.
          <lb/>1052-54, 1162, 1181, 1215, 1286, 7,
          <lb/>Johannes (Comes ab Ostrorog, 1581),
          <lb/>1355-58, 1376, 1454, 1467, 1486,
          <lb/>2235.
          <lb/>1754, 7, 1765, 7, 1776, 1778a, 1779-
          <lb/>Johannes (Freiherr zu Winnenberg),
          <lb/>80, 1785, 1921, 1999, 2000, 4, 5, 7,
          <lb/>1246.
          <lb/>8, 2014, 2027, 8, 2083, 2098, 2100,
          <lb/>Johannes (Brisgoicus, Prof. à Fribourg
          <lb/>2124-29, 2173, 2227, 2230, 2272,
          <lb/>en Br. 1512), 965.
          <lb/>2350, 2364, 2409.
          <lb/>Johannes Elemosynarius, 1818, 1843.
          <lb/>Jöcher, 1807.
          <lb/>Johannes Gallensis, 1262.
          <lb/>Jociscus, Andreas, 1259.
          <lb/>Johannes Glogoviensis (Johann von
          <lb/>Johann Friedrich, (Postulierter Admi¬
          <lb/>Glogau, 1263.
          <lb/>nistrator des Erzstiffts Magdeburg),
          <lb/>Johannes de Hengnevilla (Ordinis
          <lb/>1286.
          <lb/>Praemonstratensis in dive Odilie
          <lb/>Johann Georg (Postulierter Admini¬
          <lb/>monte), 1134.
          <lb/>strator des Stifts Strassburg), 1260,
          <lb/>Johannes de Indagine (Parochus in
          <lb/>1261, 1763, 2079, 2162.
          <lb/>Steinheim). Voir: Indagine.
        </p>
      </div>
    </body>
  </text>
</TEI>
