<?xml version='1.0' encoding='UTF-8'?>
<?xml-model href="https://raw.githubusercontent.com/OpenITI/tei_openiti/master/tei_openiti.rng" type="application/xml" schematypens="http://relaxng.org/ns/structure/1.0"?>
<?xml-model href="https://raw.githubusercontent.com/OpenITI/tei_openiti/master/tei_openiti.rng" type="application/xml" schematypens="http://purl.oclc.org/dsdl/schematron"?>
<TEI xmlns="http://www.tei-c.org/ns/1.0">
  <teiHeader>
    <fileDesc>
      <titleStmt>
        <title/>
      </titleStmt>
      <publicationStmt>
        <p/>
      </publicationStmt>
      <sourceDesc>
        <p/>
      </sourceDesc>
    </fileDesc>
    <profileDesc>
      <calendarDesc>
        <calendar xml:id="ah">
          <p>Anno Hegirae</p>
        </calendar>
      </calendarDesc>
    </profileDesc>
    <xenoData xml:space="preserve">
CREATED: 2024-04-11T12:20:01.895857+00:00
CREATED BY: eScriptorium vpassthistobuildcmd
IMAGE FILENAME: A121078-5318.tif
IMAGE WIDTH: 2412
IMAGE HEIGHT: 3848
</xenoData>
  </teiHeader>
  <text>
    <body>
      <div>
        <p>
          <lb/>1628
          <lb/>Schadaeus, Elias (von Liebenwerd,
          <lb/>Schirlentz, Nicolaus (Wittemberg),
          <lb/>Prof. Argent, 1591), 184, 2077.
          <lb/>1449.
          <lb/>Schadaeus, Joh. Jacobus, 1028.
          <lb/>Schitterlin, Wolfgang, 1643.
          <lb/>Schadaeus, Jodocus, 1028.
          <lb/>Schager, Joachim (anc. poss. 1565),
          <lb/>Schadaeus, Petrus (Mosellanus), 1102.
          <lb/>2426.
          <lb/>Schäffer (Madame, anc. poss. 1888),
          <lb/>Schlaher, Hans Lienhart (Strasbourg),
          <lb/>2144.
          <lb/>863.
          <lb/>Schaffhouse Bibl. Minist. 325, 1232,
          <lb/>Schlaick, Matthias (anc, poss.), 2436.
          <lb/>2461b.
          <lb/>Schleich, Clemens (impr. Wittem¬
          <lb/>Schaffner (impr. Strasbourg), 1593.
          <lb/>berg), 306, 1554.
          <lb/>Schall, Caspar, 1028.
          <lb/>Schleiermacher (Potsdam, anc. poss.
          <lb/>Schaller, Thomas, 184.
          <lb/>1886), 75.
          <lb/>Schaller, Udalricus (anc. poss.), 954.
          <lb/>Schletter, E. Franck (Breslau, anc.
          <lb/>Schapler, Hug, 976, 9.
          <lb/>poss.), 2180.
          <lb/>Schatz, Joh. Heinrich (anc. poss.),
          <lb/>Schleusingen, Bibl. du Gymnase,
          <lb/>1063.
          <lb/>325, 6.
          <lb/>Schatzer, Franciscus (de Rottweil),
          <lb/>Schlik, Andreae, Joachim, comiti à
          <lb/>2476.
          <lb/>Passan, Weissenkirchen &amp;amp; C., 1296.
          <lb/>Schauenbourg, Mademoiselle de (Geu¬
          <lb/>Schlierbach. Voir : Monastères.
          <lb/>Schlitzohr, 960.
          <lb/>dertheim, anc. poss. 1880), 1098.
          <lb/>Schlosser, Martin (Babenhausen, anc.
          <lb/>Schäufelin, 826, 928, 970, 7, 1376,
          <lb/>poss. 1561), 656.
          <lb/>1797, 2153.
          <lb/>Schlossberger, Conrad (Esslingen),
          <lb/>Schauinsland (aus Würtemberg), Ur¬
          <lb/>653.
          <lb/>ban, 2080.
          <lb/>Schluckh, Joh. Hubert (anc. poss.
          <lb/>Scheel, Willy, 1668.
          <lb/>Scheffer, Joh., 1994.
          <lb/>anno 1634), 1998.
          <lb/>Schlumberger, Camille (Ribeauvillers),
          <lb/>Schefold, J. F. (anc. pos;.), 20, 1314.
          <lb/>841.
          <lb/>Schegk. Voir : Degen, Jacobus.
          <lb/>Schlupf. Joh. (curé à Ueberlingen
          <lb/>Scheibel, Joh. Ephraim (Vratisla¬
          <lb/>1523), 651, 652.
          <lb/>viensis, anc. poss. 1781), 595, 1328.
          <lb/>Schlüsselburger, Conrad (anc. poss.),
          <lb/>Scheible, J. (Stuttgart, anc. poss.),
          <lb/>867.
          <lb/>18, 124, 1073, 2123.
          <lb/>Schmaltz, Henricus (anc. poss.), 1998.
          <lb/>Schelhase, Stephanus (Cruceburgen¬
          <lb/>Schmelcius, M. Joh., 837.
          <lb/>sis), 2081.
          <lb/>Schmelzing, Ludovicus, 456.
          <lb/>Schelhorn, Joh. Georg, 882.
          <lb/>Schmid, Pierre (impr. Mulhouse), 13,
          <lb/>Schenck, Jacobus (Imperialis camerae
          <lb/>412, 884, 1211, 2, 1241, 1661, 1768,
          <lb/>advocatus, 1534), 2370.
          <lb/>9, 1865-67, 2052, 2463, 2509.
          <lb/>Schenkbecher, Joh., 1646.
          <lb/>Schmidhauser, Jac. (presbyter), 104.
          <lb/>Schenkbecher, Laurentius (Saint-Tho¬
          <lb/>Schmidius (De Sleidano, Suppl. 11,
          <lb/>mas, Strasbourg, anc. poss. 16e siè¬
          <lb/>p. 114/5), 2142.
          <lb/>ele), 294, 440.
          <lb/>Schmidlappius, Joh., 587.
          <lb/>Scher, Peter, 561.
          <lb/>Schmidlin, Joh. Michael (anc. poss.),
          <lb/>Scherer, E. C., 1455.
          <lb/>1987.
          <lb/>Schertweg, Balthasarus (ex. Lucerna,
          <lb/>Schmidt (librairie Strasbourg, anc.
          <lb/>anc. poss. 1571), 2422.
          <lb/>poss. 1905), 1645.
          <lb/>Scheuchler, Christian Gebhard (Gold¬
          <lb/>Schmidt, Bernhard (Organist, Strass¬
          <lb/>schmied zu Doelitzsch. anc. poss.
          <lb/>burg, 1540), 2083.
          <lb/>anno 1718), 1943.
          <lb/>Schmidt, Charles (Histoire litt.),
          <lb/>Scheurl, Christophorus (Nürnberg),
          <lb/>1601, 2, 2469.
          <lb/>429, 606, 2082.
          <lb/>Schmidt, Charles (anc. pos..), 3, 11,
          <lb/>Scheurl, Joh., 2081, 2.
          <lb/>**
          <lb/>104, 119, 127, 128, 132; 165, 168,
          <lb/>Scheurlin, Laurentius (Ulm, emptus
          <lb/>204, 222, 241, 275, 283, 349, 350, 3,
          <lb/>Argentinae 1576), 81.
          <lb/>366, 8, 375-77, 383, 4, 389, 390,
          <lb/>Schieffer, 1419.
          <lb/>407, 424, 431, 9, 449-55, 457, 8,
          <lb/>Schieler, Karl, 1636.
          <lb/>476, 7, 518, 543-45, 572, 609, 617,
          <lb/>Schiller, Joachim, 301.
          <lb/>697, 9, 702, 736, 745, 798, 821, 4,
          <lb/>Schilling, Joh., 184.
          <lb/>7, 832, 841, 914, 920, 933, 944, 8,
          <lb/>Schilling, Joh. Christophorus, 456.
          <lb/>956-965, 971, 2, 4, 6, 7, 979, 981,
          <lb/>Schirenbrand (Mulhouse). Voir
          <lb/>:
          <lb/>2, 985, 6, 1042, 1069, 1076, 7, 1208,
          <lb/>Schmid, Pierre et Schirenbrand.
          <lb/>9, 1213, 9, 1231, 1292, 3, 1300,
        </p>
      </div>
    </body>
  </text>
</TEI>
