<?xml version='1.0' encoding='UTF-8'?>
<?xml-model href="https://raw.githubusercontent.com/OpenITI/tei_openiti/master/tei_openiti.rng" type="application/xml" schematypens="http://relaxng.org/ns/structure/1.0"?>
<?xml-model href="https://raw.githubusercontent.com/OpenITI/tei_openiti/master/tei_openiti.rng" type="application/xml" schematypens="http://purl.oclc.org/dsdl/schematron"?>
<TEI xmlns="http://www.tei-c.org/ns/1.0">
  <teiHeader>
    <fileDesc>
      <titleStmt>
        <title/>
      </titleStmt>
      <publicationStmt>
        <p/>
      </publicationStmt>
      <sourceDesc>
        <p/>
      </sourceDesc>
    </fileDesc>
    <profileDesc>
      <calendarDesc>
        <calendar xml:id="ah">
          <p>Anno Hegirae</p>
        </calendar>
      </calendarDesc>
    </profileDesc>
    <xenoData xml:space="preserve">
CREATED: 2024-04-11T12:19:55.099305+00:00
CREATED BY: eScriptorium vpassthistobuildcmd
IMAGE FILENAME: A121078-5163.tif
IMAGE WIDTH: 2334
IMAGE HEIGHT: 3856
</xenoData>
  </teiHeader>
  <text>
    <body>
      <div>
        <p>
          <lb/>1471
          <lb/>TOXITES Michael
          <lb/>Strasbourg, 1554
          <lb/>Epicedion!! Michaeli Toxitae Rhaeti lau-reati poetae,
          <lb/>in fune-re Clariss, ac nobi-liss, viri domini Ia- cobi
          <lb/>Sturmii.
          <lb/>Ad Clariss, viros D. fri-derichum et petrum! Sturmios
          <lb/>fratres.
          <lb/>Eiusdem toxitae de ve-ra mundi reformatione, ad
          <lb/>Ioannem Stur- mium Vaticinium.
          <lb/>Argentorati. 1554. (Verso blanc.)
          <lb/>In-80, car. ital. et rom., 7 ff. non ch., réclames, init. ornées F, N. D, M.
          <lb/>R. 102.321. Prov. : Bibliothèque Charles Schmidt, 1895. 2349
          <lb/>TOXITES Michael
          <lb/>Strasbourg, B. Jobin, 1574
          <lb/>Onomastica !l.
          <lb/>I. Philosophicum,Medicum, Synonymum ex variis
          <lb/>vulgaribusque linguis.
          <lb/>II. Theophrasti Paracelsii!! hoc est, earum vocum, quarum
          <lb/>in scrip-! tis eius solet usus esse, explicatio.
          <lb/>Nunc primum in commodum omnium Philosophiae, ac
          <lb/>Medicinae Theophra- sticae studiosorum, cuiuscunque
          <lb/>nationis! sint : fideliter publicata.
          <lb/>Gründliche Erklärung in allerlei Sprachen, der Philoso¬
          <lb/>phischen, Medicinischen vnd Chimicischen Namen, welcher
          <lb/>sich die Arzet, Apoteker, auch The- ophrastus zugebrauchen
          <lb/>pflegen.Nun erstmals ider männiglichen zu mehrerem nuz,
          <lb/>richtigerem verstand !I vnd förderlicher lesung der Theophras¬
          <lb/>tischen vnd sonst bücher,! ordentlich vnd fleisig inn truck
          <lb/>gefärtiget.
          <lb/>Marque typ. de B. Jobin. (H. &amp;amp; B. Planche XXXVII, n° 2.)
          <lb/>Cum Priuilegio Caesareo. M. D. LXXIIII. (Verso blanc.)
          <lb/>A la fin : Argentorati.Per Bernhardum Io-binum.
          <lb/>Anno Salutis Humanae.M. D. LXXIIII. (Verso blanc.)
          <lb/>In-8°, car, rom., ital. et goth., 8 ff. non ch., 490 pp. ch. et 1 f. blanc avec
          <lb/>l’explicit au recto, titre courant, réclames.
          <lb/>La 1re partie (382 pp.) à 2 col. se termine par le même explicit que
          <lb/>l’ouvrage entier.
          <lb/>fol. A 2a non ch. :... Maximiliano, Equiti Or- dinis Teutonici: &amp;amp;
          <lb/>D. Victori Au-!! gusto: praeposito Ratisponensi, Canonicoque!] Passa¬
          <lb/>uiensi, Fuggeris : Dominis in Kirchberg !! &amp;amp; Vueissenhorn; fratribus
          <lb/>Germanis:... — Haganoae. Idibus Martij, ! Anno Salutis humanae
          <lb/>1574. 11 Micaelus Toxites!! Medicus (Préface de 9 pp.).
          <lb/>fol. A 6b non ch. : Aequis Lectoribus!! ac Medicinae studiosis. S. !
          <lb/>Ioh. Fischartus d. M. (4 pp.).
          <lb/>R. 101.442. Prov. : Bibliotheca Hermaniana.
          <lb/>A l’intérieur du Ier plat, note ms. de J. Fr. Hermann : « Il est hors de
          <lb/>doute que Fischart de Strasbourg, étoit médecin. La publication des
        </p>
      </div>
    </body>
  </text>
</TEI>
