<?xml version='1.0' encoding='UTF-8'?>
<?xml-model href="https://raw.githubusercontent.com/OpenITI/tei_openiti/master/tei_openiti.rng" type="application/xml" schematypens="http://relaxng.org/ns/structure/1.0"?>
<?xml-model href="https://raw.githubusercontent.com/OpenITI/tei_openiti/master/tei_openiti.rng" type="application/xml" schematypens="http://purl.oclc.org/dsdl/schematron"?>
<TEI xmlns="http://www.tei-c.org/ns/1.0">
  <teiHeader>
    <fileDesc>
      <titleStmt>
        <title/>
      </titleStmt>
      <publicationStmt>
        <p/>
      </publicationStmt>
      <sourceDesc>
        <p/>
      </sourceDesc>
    </fileDesc>
    <profileDesc>
      <calendarDesc>
        <calendar xml:id="ah">
          <p>Anno Hegirae</p>
        </calendar>
      </calendarDesc>
    </profileDesc>
    <xenoData xml:space="preserve">
CREATED: 2024-04-11T12:19:51.650268+00:00
CREATED BY: eScriptorium vpassthistobuildcmd
IMAGE FILENAME: A121078-5073.tif
IMAGE WIDTH: 2372
IMAGE HEIGHT: 3862
</xenoData>
  </teiHeader>
  <text>
    <body>
      <div>
        <p>
          <lb/>1381
          <lb/>In-fol., car. goth., 2 col., 286 ff. ch., dont le dernier blanc, signé aa-dd,
          <lb/>a-z, A-O, titre courant, init. ornées I, V; titre rouge, encadré (H. &amp;amp; B.
          <lb/>Planche LXIII, N° 1). Tabula Exemplorum fol. aa-dd.
          <lb/>fol. ala : Prefatio.
          <lb/>R. 10.372 (1). Prov. : F. Butsch fils, Augsbourg, 12/x, 1883; 9 M.
          <lb/>Note mss. Cartusiae in Buxheim « qui l’avait reçu en don du doc¬
          <lb/>teur Johannes Weschpach à Ulm. Reliure ancienne.
          <lb/>Oxford, Bibl. Bodleiana.
          <lb/>2181
          <lb/>SPECULUM VITAE HUMANAE. Voir: RODERICUS Zamorensis.
          <lb/>SPIEGEL
          <lb/>Strasbourg, M. Flach, vers 1520
          <lb/>Der frawen Spigel in wel- lichem spiegel sich das  weyblich
          <lb/>byld, jung oder alt be- ]] schauwen oder lernen, zu ge!
          <lb/>brauchen, die woltat gegen irem eelich -] en gemahel.
          <lb/>Grav. sur bois : une noce, 5 personnes, la grav. est encadrée
          <lb/>avec 2 têtes de monstres marins des 2 côtés, l’autre en bas, un
          <lb/>roi couronné porté en triomphe, précédé et suivi de 3 hommes.
          <lb/>(Verso blanc.)
          <lb/>A la fin : marque typ. de Martin Flach (H. &amp;amp; B. Planche VI,
          <lb/>No 3), des 2 côtés, 2 bandes d’ornement. (Verso blanc.).
          <lb/>In-4°, 10 ff. non ch., sign. a-b (En vers).
          <lb/>R. 100.252. Prov. : A. Cohn, Berlin, 28/1I, 1880 (Catalogue 131, N° 154),
          <lb/>45 M.
          <lb/>Schmidt VI, p. 34*, N° 60, ne connaissait pas d’exemplaire, il cite
          <lb/>d’après Weller, 1386; il admet 1520 comme date d’impression.
          <lb/>Goedeke, Grundriss II2, p. 282, N° 4l.
          <lb/>2182
          <lb/>SPIEGEL der waren retoric. Voir: RIEDRER Fred.
          <lb/>SPIEGEL Iacobus, Scholia. Voir : GUNTHER a Pairis, Opus de
          <lb/>rebus gestis Imp. Caesaris Friderici I.
          <lb/>Strasbourg, J. Schott, 1531
          <lb/>SPIEGEL Jacobus
          <lb/>Strasbourg, J. Schott, 1538
          <lb/>Iuris Civilis!! Lexicon! Ex varijs probatorum Autorum
          <lb/>Commentarijs congestum! Per Cl. V. D. Iac. Spiegel !! Seles¬
          <lb/>tadien.
          <lb/>Argentorati, Io. 11 Schottus excudebat. !! M. D. XXXVIII.
          <lb/>1Sub Priuilegio Imp.  Caroli. v. ! Avg.
          <lb/>In-fol., car. rom., 2 col., 226 ff. non ch., sign. A-Z, Aa-Ff, a-f, aa-dd,
          <lb/>titre courant, réclames, notes marg. vers la fin, init. de la danse macabre
          <lb/>avec toutes les lettres de l’alphabet. Au recto du dernier f., dont le verso
          <lb/>est blanc, armoiries de Jac. Spiegel, au-dessous (5 dist.).
          <lb/>Au verso du titre: Autores qui hoc in Opere exacta cura C. V. Iac. Il
        </p>
      </div>
    </body>
  </text>
</TEI>
