<?xml version='1.0' encoding='UTF-8'?>
<?xml-model href="https://raw.githubusercontent.com/OpenITI/tei_openiti/master/tei_openiti.rng" type="application/xml" schematypens="http://relaxng.org/ns/structure/1.0"?>
<?xml-model href="https://raw.githubusercontent.com/OpenITI/tei_openiti/master/tei_openiti.rng" type="application/xml" schematypens="http://purl.oclc.org/dsdl/schematron"?>
<TEI xmlns="http://www.tei-c.org/ns/1.0">
  <teiHeader>
    <fileDesc>
      <titleStmt>
        <title/>
      </titleStmt>
      <publicationStmt>
        <p/>
      </publicationStmt>
      <sourceDesc>
        <p/>
      </sourceDesc>
    </fileDesc>
    <profileDesc>
      <calendarDesc>
        <calendar xml:id="ah">
          <p>Anno Hegirae</p>
        </calendar>
      </calendarDesc>
    </profileDesc>
    <xenoData xml:space="preserve">
CREATED: 2024-04-11T12:19:52.257003+00:00
CREATED BY: eScriptorium vpassthistobuildcmd
IMAGE FILENAME: A121078-5089.tif
IMAGE WIDTH: 2356
IMAGE HEIGHT: 3850
</xenoData>
  </teiHeader>
  <text>
    <body>
      <div>
        <p>
          <lb/>1397
          <lb/>STURM Johannes, voir : CICERO, Orationum volumina tria.
          <lb/>Strasbourg, J. Rihel, 1563
          <lb/>STURM Johannes. Voir: CICERO, De officiis.
          <lb/>Strasbourg, J. Rihel, 1564
          <lb/>STURM Johannes
          <lb/>Strasbourg, J. Rihel, 1565
          <lb/>IIl Poeticum! Primum volu-men!! Cum lemmatibus
          <lb/>Ioannis Sturmii :! Sextae curiae scholarum!! Argentinensium.
          <lb/>Marque typ. de Jos. Rihel. (H. &amp;amp; B. Planche XXXI, No8;
          <lb/>Silvestre, No 821.)
          <lb/>Cum Gratia &amp;amp; Priuilegio Caesareo!! ad Annos octo.
          <lb/>Anno M. D. LXV. (Verso blanc.)
          <lb/>A la fin : ArgentoratiExcudebat Iosias Rihelius
          <lb/>Anno M. D. LXV.
          <lb/>In-8°, car. ital., 64 pp. ch., réclames, init. ornée V.
          <lb/>p. 3-5 : Ioannes Stur- Il mius Friderico Et Alber- Il to Ganzijs... —
          <lb/>Argentorati tertio Idus Iulij!! M. D. LXV.
          <lb/>(III Secundum vo-[] lumen!! Cum lemmatibus Ioannis Sturmij:!
          <lb/>Quintae Curiae Scholarum !! Argentinensium. Le reste comme au
          <lb/>1er volume, de même l’explicit; 63 pp. ch., init. ornée H.
          <lb/>p. 3-5 : Ioannes Stur- 1) mius Ioanni Ludovico Grem- I1 pio, Ludouici
          <lb/>Grempij Iureconsulti!! filio... — Calend. Augusti. M. D. LXV.
          <lb/>(I11) Tertium volu- ! Men!! Cum lemmatibus Ioannis Sturmij:
          <lb/>1! Quartae curiae Scholarum!] Argentinensium. Le reste comme au
          <lb/>Ier volume, de même l’explicit; 77 pp. ch., init. ornée T.
          <lb/>p. 3-4 : Ioannes Stur-!! mius Iacobo Worm-!] sero... — Argentorati 7.
          <lb/>11 Calend. Augusti. 11 M. D. LXV.
          <lb/>IIV.) Quartum volu- !! Men !! Cum lemmatibus Ioannis Sturmii:
          <lb/>! Tertiae Curiae Scholarum !! Argentinensium. Le reste comme au
          <lb/>1er volume, de même l’explicit; 79 pp. ch., init. ornée Q.
          <lb/>p. 3-4 : Ioannes Stur-! mius Fabiano Thonino, !! Baroni...
          <lb/>(V.] Quintum volu-  Men!! Cum lemmatibus Ioannis Sturmij:
          <lb/>Secundae Curiae Scholarum!! Argentinensium. Le reste comme au
          <lb/>1er volume, de même l’explicit; 97 pp. ch., init. ornée T.
          <lb/>p. 3-4 : Ioanni Wilhel- II mo : et Ioanni Bernardo (] Botzemiis :
          <lb/>Bernardi Iureconsulti filijs (1 Ioan. Sturmius...
          <lb/>(VI.] Sextum volu- [] Men Cum lemmatibus Joannis Sturmij: !
          <lb/>Primae Curiae Scholarum !! Argentinensium. Le reste comme au ler vol.,
          <lb/>de même l’explicit. 61 pp. ch., init. ornée A.
          <lb/>p. 3-4 : Ioannes Stur-!! mius Carolo Limero... — Argentorati 15.
          <lb/>Calend. Septemb.!! M. D. LXV. Les signatures continuent à travers les
          <lb/>6 volumes.
          <lb/>R. 102.422. Prov. : BN Munich, 5/IV, 1881; 0,70 M.
          <lb/>Au bas du titre du Ier volume : Sum Ioh. Georgij à Werdenstein Cano¬
          <lb/>nici Augustani ». Rel. anc.
          <lb/>2212
          <lb/>STURM Johannes
          <lb/>Strasbourg, J. Rihel, 1565
          <lb/>Ioan. Sturmii Classicarum epistolarum Lib. III.
          <lb/>Siue! scholae argentinenses (! restitutae.
        </p>
      </div>
    </body>
  </text>
</TEI>
