<?xml version='1.0' encoding='UTF-8'?>
<?xml-model href="https://raw.githubusercontent.com/OpenITI/tei_openiti/master/tei_openiti.rng" type="application/xml" schematypens="http://relaxng.org/ns/structure/1.0"?>
<?xml-model href="https://raw.githubusercontent.com/OpenITI/tei_openiti/master/tei_openiti.rng" type="application/xml" schematypens="http://purl.oclc.org/dsdl/schematron"?>
<TEI xmlns="http://www.tei-c.org/ns/1.0">
  <teiHeader>
    <fileDesc>
      <titleStmt>
        <title/>
      </titleStmt>
      <publicationStmt>
        <p/>
      </publicationStmt>
      <sourceDesc>
        <p/>
      </sourceDesc>
    </fileDesc>
    <profileDesc>
      <calendarDesc>
        <calendar xml:id="ah">
          <p>Anno Hegirae</p>
        </calendar>
      </calendarDesc>
    </profileDesc>
    <xenoData xml:space="preserve">
CREATED: 2024-04-11T12:19:51.130435+00:00
CREATED BY: eScriptorium vpassthistobuildcmd
IMAGE FILENAME: A121078-5064.tif
IMAGE WIDTH: 2384
IMAGE HEIGHT: 3862
</xenoData>
  </teiHeader>
  <text>
    <body>
      <div>
        <p>
          <lb/>1372
          <lb/>fol. 2a non ch. Lectori Benevolo!!... Israel Spachius Medicus... Anno
          <lb/>M. D. XCVII. (Cul-de-lampe.) (3 pages.)
          <lb/>fol. 3b : Index Autorum.
          <lb/>fol. 4a : Elenchus !! Capitum... (3 ff. à 2 col.).
          <lb/>fol. 7a : Effigies Plateri!] Archiatri Basil. De Mulierum partibus
          <lb/>genera- tioni dedicati. (2 ff. avec gravures.)
          <lb/>fol. 479 gravure : Extractio Lithopaedij Senonensis ex matris utero.
          <lb/>R. 10.404. Prov. : Bibliothèque de l’ancienne Faculté de Médecine de
          <lb/>Strasbourg.
          <lb/>Notes mss. au recto du f. de garde, en haut « Franc. Jacob Sachs 1741.
          <lb/>Ex Magnificentia Domini Dr et Prof. Grauel, rarior hodie liber...».
          <lb/>A l’intérieur de la couverture ex-libris, au-dessous Gielmann, Prof.
          <lb/>Ritter, Catal. BM Strasbourg, n° 1953.
          <lb/>Brunet Va, 470 : Ce livre est rare et il a été longtemps recherché;
          <lb/>35 fr. Baron; 29 fr. By, et beaucoup moins depuis. Fricot-Royer, La
          <lb/>Bibliothèque de Vopiscus Fortunatus Plempius, Professeur de Médecine
          <lb/>au XVIIe siècle, Bruxelles 1925 le cite au n° 81.
          <lb/>2164
          <lb/>SPACH Israel
          <lb/>Strasbourg, A. Bertram, 1598
          <lb/>Nomenclator Scriptorum! Philosophicorum!! atque
          <lb/>Philologicorum Hoc est: Succincta recensio! eorum qui
          <lb/>philosophiam omnesque eius partes quo-us tempore
          <lb/>idiomateve usque; ad annum 1597 descripserunt, illustra¬
          <lb/>runt, &amp;amp; exornarunt, methodo artificiosa secundum locos
          <lb/>com-munes ipsius Philosophiae, cum dupliciIndice,
          <lb/>Rerum uno, Autorum!! altero.
          <lb/>Collecta &amp;amp; digesta ab!! Israele Spachio!! Med. D. &amp;amp; Pro¬
          <lb/>fessore Ordinario Argentinensi.Quid in hoc opere praes¬
          <lb/>titum sit : Praefatio ad! Lectorem indicat.
          <lb/>Argentinae! Apud Antonium Bertramum!] M. D. XCVIII.
          <lb/>(Verso blanc.).
          <lb/>In-8°, car. ital., 10 ff. non ch., 727 pp. ch., et 51 ff. non ch. à 2 col.
          <lb/>(Index), titre courant, réclames, notes marg. au commencement.
          <lb/>fol. 2 non ch. : Epistola dedicatoria... Principi ac Domino Friderico,
          <lb/>Duci Wirtembergensi... Israel Spachius.
          <lb/>fol. 9 non ch. : Lectori candido... Israel Spachius.
          <lb/>R. 100.832. Prov. : List &amp;amp; Francke, Leipzig, 7/II, 1878; 3 M.
          <lb/>Annotation mss. au recto du f. de garde : « Spachii Nomenclator
          <lb/>scriptorum medicorum .Francforti ex officina Mart. Lechleri. 1591.
          <lb/>8°. Spachii bibliothecam emit Bernegger, v. Epp. Richter, p. 775.
          <lb/>V. Wolfii consp. Suppellect. epist. &amp;amp; litter., p. 297, vol. XIX.»
          <lb/>2165
          <lb/>SPAGNOLI ou SPAGNUOLI. Voir: BAPTISTA Mantuanus.
          <lb/>SPANGEL, Oratio ad Caesarem Maximilianum. Voir: HOEST
          <lb/>Stephanus, Modus praedicandi.
          <lb/>Strasbourg, J. Prüss, 1513
        </p>
      </div>
    </body>
  </text>
</TEI>
