<?xml version='1.0' encoding='UTF-8'?>
<?xml-model href="https://raw.githubusercontent.com/OpenITI/tei_openiti/master/tei_openiti.rng" type="application/xml" schematypens="http://relaxng.org/ns/structure/1.0"?>
<?xml-model href="https://raw.githubusercontent.com/OpenITI/tei_openiti/master/tei_openiti.rng" type="application/xml" schematypens="http://purl.oclc.org/dsdl/schematron"?>
<TEI xmlns="http://www.tei-c.org/ns/1.0">
  <teiHeader>
    <fileDesc>
      <titleStmt>
        <title/>
      </titleStmt>
      <publicationStmt>
        <p/>
      </publicationStmt>
      <sourceDesc>
        <p/>
      </sourceDesc>
    </fileDesc>
    <profileDesc>
      <calendarDesc>
        <calendar xml:id="ah">
          <p>Anno Hegirae</p>
        </calendar>
      </calendarDesc>
    </profileDesc>
    <xenoData xml:space="preserve">
CREATED: 2024-04-11T12:19:58.145206+00:00
CREATED BY: eScriptorium vpassthistobuildcmd
IMAGE FILENAME: A121078-5246.tif
IMAGE WIDTH: 2396
IMAGE HEIGHT: 3858
</xenoData>
  </teiHeader>
  <text>
    <body>
      <div>
        <p>
          <lb/>1556
          <lb/>fol. A 2a : Theodoricus Gresmundus Junior! Jacobo Wimpfe.
          <lb/>Schletsta I tensi...
          <lb/>R. 101.594. Prov. : BN Munich, 10/IV, 1882; 0,70 M.
          <lb/>Proctor II, Sectio I, N° 10.083 : Londres, British Museum.
          <lb/>Schmidt, VII, N° 85.
          <lb/>2490
          <lb/>WIMPHELING Jacobus. Voir: BEROALDUS Ph., Ein hüfsche
          <lb/>subtyliche Declamation. (Traduit par Wimpheling). Stras bourg,
          <lb/>R. Beck, 1513. R. 100.086; No 192.
          <lb/>WIMPHELING Jacobus
          <lb/>Strasbourg, M. Hupfuff, 1514
          <lb/>Adolescentia Jacobi Wim phelingij cum nouis quibusdam
          <lb/>additionibus per Gallinarium denuo reuisa ac elimata...
          <lb/>(Comme à l’édition de 1511.)
          <lb/>A la fin : Impressum Argentine per Mathiam Hupfuff.!
          <lb/>Anno domini, 1514. (Verso blanc.)
          <lb/>In-4°, car. goth., 4 ff. non ch., LXXII ff. ch. (Schmidt V, N° 114 dit
          <lb/>68 ff. ch.), notes marg., init. ornée E, titre encadré : Bordure supérieure
          <lb/>et bordures latérales comme chez Gran, Haguenau (H. &amp;amp; B. Planche LXIV,
          <lb/>No 2), avec la différence que les bordures latérales sont interverties;
          <lb/>bordure inférieure, deux enfants s’exerçant à la Strebekatz (Dist. et
          <lb/>dédicace voir n° 2487).
          <lb/>&amp;quot;R. 102.222 (3). Prov. : J. Baer &amp;amp; Cie, Francfort-s.-M., 30/III, 1883;
          <lb/>1 M. Annotations mss.
          <lb/>Schmidt V, No 114; Walter : Sélestat 2419.
          <lb/>2491
          <lb/>WIMPHELING Jacobus
          <lb/>Strasbourg, M. Schürer, 1514
          <lb/>Sermo ad ivvenes, qui!! ordinibus iniciari, &amp;amp; examini se
          <lb/>submittere petunt, cum epistolioL Vu. ad Hiero. Gebui¬
          <lb/>lerum,&amp;amp; responso eiusdem.
          <lb/>Legant haec sedulo, qui sacris ordinibus iniciari ] cupiunt.
          <lb/>Legant &amp;amp; examinatores seu iudices, &amp;amp; ita iudicent, vt ab
          <lb/>alio iudicandi.
          <lb/>A la fin : Argentorati. Ex Aedibus Schurerianis Mense
          <lb/>Septembri. Anno M. D. XIIII.
          <lb/>In-4°, car. rom., 16 ff. non ch., sign. A-C, notes marg., init. d’attente
          <lb/>D et init. ornées A, L.
          <lb/>Au verso du titre: M. Hieronymo Gebuilero Gymnasij sum-(] mae
          <lb/>aedis Argen, moderatori vigilantissimo!! Jaco. Vuimphelingius Seletsta¬
          <lb/>nus... (3 pp.).
          <lb/>*R. 102.031. Prov. : E. Hirsch, Munich, 5/VIII, 1915, 25 M.
          <lb/>Au recto du f. de garde : Dr. phil. Eugen Labes, Rostock.
          <lb/>Schmidt VIII, No &amp;quot;140, n’ayant pas connu d’exemplaire, cite d’après
          <lb/>Panzer 6, 67, 337.
          <lb/>2492
          <lb/>WIMPHELING Jacobus
          <lb/>Strasbourg, M. Hupfuff, 1515
          <lb/>Adolescentia Jacobi! wimphelingij cum nouis quibusdam
          <lb/>additionibus per Gallinarium denuo reuisa ac elimata...
        </p>
      </div>
    </body>
  </text>
</TEI>
