<?xml version='1.0' encoding='UTF-8'?>
<?xml-model href="https://raw.githubusercontent.com/OpenITI/tei_openiti/master/tei_openiti.rng" type="application/xml" schematypens="http://relaxng.org/ns/structure/1.0"?>
<?xml-model href="https://raw.githubusercontent.com/OpenITI/tei_openiti/master/tei_openiti.rng" type="application/xml" schematypens="http://purl.oclc.org/dsdl/schematron"?>
<TEI xmlns="http://www.tei-c.org/ns/1.0">
  <teiHeader>
    <fileDesc>
      <titleStmt>
        <title/>
      </titleStmt>
      <publicationStmt>
        <p/>
      </publicationStmt>
      <sourceDesc>
        <p/>
      </sourceDesc>
    </fileDesc>
    <profileDesc>
      <calendarDesc>
        <calendar xml:id="ah">
          <p>Anno Hegirae</p>
        </calendar>
      </calendarDesc>
    </profileDesc>
    <xenoData xml:space="preserve">
CREATED: 2024-04-11T12:19:51.066068+00:00
CREATED BY: eScriptorium vpassthistobuildcmd
IMAGE FILENAME: A121078-5061.tif
IMAGE WIDTH: 2388
IMAGE HEIGHT: 3864
</xenoData>
  </teiHeader>
  <text>
    <body>
      <div>
        <p>
          <lb/>1369
          <lb/>SPACH Israel
          <lb/>Strasbourg, A. Bertram, 1590
          <lb/>Disputatio medica.De elementis.Ad quam Israelis
          <lb/>Spachii D.med.  praesidio Ioannes Stengel Welsensis
          <lb/>Austriacus respondebit exercitii gratia, !! ad diem 29. Augusti.
          <lb/>Marque typ. d’A. Bertram. (H. &amp;amp; B. Planche XLIV, No 2;
          <lb/>Silvestre, No 1022.)
          <lb/>Argentorati, excudebat Antonius Bertramus.Anno
          <lb/>M. D. XC.
          <lb/>In-4°, car, rom. et ital., 4 ff. non ch., sign. A, réclames.
          <lb/>R. 101.564 (1). Prov. : Hiersemann, Leipzig, 25/1, 1935; 4 M.
          <lb/>Au bas du titre, timbre : « J. Viederbacher, Antiquariatenhandlung.
          <lb/>Kemp b. Schwaz».
          <lb/>2156
          <lb/>SPACH Israel
          <lb/>Strasbourg, A. Bertram, 1590
          <lb/>Progymnasma ad agonismata me-  dica celebranda in
          <lb/>Argen-tinensi medicorum gymnasio.Cuius Praeses
          <lb/>EritIsrael Spachius doctor medicus.Exercitator
          <lb/>Ioannes Mylius Hornbacensis Westriacus. Ad diem 30. Maij.
          <lb/>Marque typ. d’A. Bertram. (H. &amp;amp; B. Planche XLIV, No 2;
          <lb/>Silvestre, N° 1022.)
          <lb/>Argentorati!! Per Antonium Bertramum. Anno 1590.
          <lb/>In-4°, car. ital. et rom., 4 ff. non ch., init, ornée Q.
          <lb/>R. 101.564 (2). Prov. : Hiersemann, Leipzig, 25 janvier 1935; 4 M.
          <lb/>2187
          <lb/>SPACH Israel
          <lb/>Strasbourg, C. Kieffer, 1590
          <lb/>Theses medicae. De partium humani corporis natura:
          <lb/>ex libro Galeni de Constitutione artis Medicae, capi- te
          <lb/>4, 5, 6, 7, 8, 9 &amp;amp; 10. desum-ptae.Quas in inclyta Argen¬
          <lb/>toratensium Academia exercitij!] causa, propositas! ab
          <lb/>Israele Spachio doctore medicinae, defendet M. Ioannes
          <lb/>Sebaldvs Kobenhavpt Argentoratensis.Ad 10. diem
          <lb/>Ianuarij.(Vignette.)
          <lb/>Argentorati, Typis Caroli Kiefferi.Anno Domini 1590.
          <lb/>In-4°, car. ital., 2 ff. non ch., sign. A.
          <lb/>R. 101.564 (3). Prov. : Hiersemann, Leipzig, 25/1, 1935; 4 M.
          <lb/>2158
          <lb/>SPACH Israel
          <lb/>Strasbourg, A. Bertram, 1591
          <lb/>D. N. A.  Disputatio MedicaDe Humoribus: !l in inclyta
          <lb/>Argentinen-] sium Academia publici exercitii! gratia propo¬
          <lb/>sita ab(]Israele Spachio D. medico!! Respondendo defen¬
          <lb/>detur à M. Ioanne Sebaldo KobenhauptArgentinensi,
          <lb/>Medicinae Cand. ad Mensis Februarii!! diem 27. hora locoque
          <lb/>consuetis.
        </p>
      </div>
    </body>
  </text>
</TEI>
