<?xml version='1.0' encoding='UTF-8'?>
<?xml-model href="https://raw.githubusercontent.com/OpenITI/tei_openiti/master/tei_openiti.rng" type="application/xml" schematypens="http://relaxng.org/ns/structure/1.0"?>
<?xml-model href="https://raw.githubusercontent.com/OpenITI/tei_openiti/master/tei_openiti.rng" type="application/xml" schematypens="http://purl.oclc.org/dsdl/schematron"?>
<TEI xmlns="http://www.tei-c.org/ns/1.0">
  <teiHeader>
    <fileDesc>
      <titleStmt>
        <title/>
      </titleStmt>
      <publicationStmt>
        <p/>
      </publicationStmt>
      <sourceDesc>
        <p/>
      </sourceDesc>
    </fileDesc>
    <profileDesc>
      <calendarDesc>
        <calendar xml:id="ah">
          <p>Anno Hegirae</p>
        </calendar>
      </calendarDesc>
    </profileDesc>
    <xenoData xml:space="preserve">
CREATED: 2024-04-11T12:20:00.347951+00:00
CREATED BY: eScriptorium vpassthistobuildcmd
IMAGE FILENAME: A121078-5291.tif
IMAGE WIDTH: 2442
IMAGE HEIGHT: 3860
</xenoData>
  </teiHeader>
  <text>
    <body>
      <div>
        <p>
          <lb/>1601
          <lb/>Goetze A. (Die hochd. Drucker), 1323.
          <lb/>867, 882, 3, 904, 912, 4, 6, 920, 1, 3,
          <lb/>Goetze, Alfred (anc. poss.), 434, 1225,
          <lb/>4, 8, 953, 991, 2, 1003, 1011, 1034,
          <lb/>2502, 2522.
          <lb/>1041, 8, 1063, 1072, 1232, 2248.
          <lb/>Goudanus, Gulielmus, 90, 93, 94, 95,
          <lb/>Gremp, Johannes Lud., 2212, 2238.
          <lb/>97, 98.
          <lb/>Gremp à Freudenstein, Ludovicus,
          <lb/>Gradonicus, Bartholomaeus, 2325.
          <lb/>1215, 2198, 2205, 2212, 2238.
          <lb/>Gradonicus, Marcus (filius Bartholo¬
          <lb/>Gresmundus, Theodoricus (Mogunti¬
          <lb/>maei, 1511), 2325.
          <lb/>nus), 1042-44, 2475, 6, 2490.
          <lb/>Graf (Erfurd), 920.
          <lb/>Greulich, Martin, 1045.
          <lb/>Graf. Urs, 490, 493, 605, 947, 948,
          <lb/>Greuter, Matthaeus (Strasbourg avec
          <lb/>970, 992, 1037, 1210, 1348, 1606,
          <lb/>la cathédrale, signé Greuter), 2176.
          <lb/>Greventhal, 1046.
          <lb/>1621, 1639, 1856, 1902.
          <lb/>Graf, Wilhelm, 2082.
          <lb/>Griespeckius, Florianus, 2216.
          <lb/>Gramann, Sebastianus, 1087.
          <lb/>Grimanus (Cardinal Venetus), 770.
          <lb/>Gran, Henri (impr. Haguenau), 10,
          <lb/>Grindelhart, Andreas, 1214.
          <lb/>Grinerus, Henr., 184.
          <lb/>23-26, 38-40, 42-44, 62, 63, 67, 83,
          <lb/>108, 153, 4, 7, 201, 4, 5, 339, 343-48,
          <lb/>Grolier, 959.
          <lb/>401, 2, 485, 568, 635-37, 668, 9,
          <lb/>Gronovius, 1160.
          <lb/>824, 877, 1010, 1011, 1056, 1123,
          <lb/>Gropperus, Joh. (Cardinal), 1735.
          <lb/>1128, 1136, 1157-59, 1167, 1175,
          <lb/>Gross. Joh. (anc. poss.), 763.
          <lb/>1182, 1213, 4, 1257, 8, 1261, 1382,
          <lb/>Grossmann, Conrad, 426.
          <lb/>1383, 1430, 1494, 1568, 9, 1571-73,
          <lb/>Grumbach, 1047.
          <lb/>1586, 1632, 4, 5, 1787-9, 1792,
          <lb/>Grünenstein, Wolfgang à (Abbas
          <lb/>1809-25, 1827, 8, 1830-45, 1847,
          <lb/>Campidunensis), 505, 509, 515,
          <lb/>1852, 3, 1861, 1917, 1924, 2070,
          <lb/>526, 533.
          <lb/>2082, 3, 2179-81, 2189, 2255, 6,
          <lb/>Grünewald (Isenheim), 1754.
          <lb/>2325, 2335, 8, 9, 2341, 2344-46,
          <lb/>Grünfeld, Henricus, 1654.
          <lb/>2426, 2431, 3, 6, 8, 2445-50, 2484,
          <lb/>Grüninger, Barthélemy (impr. Col¬
          <lb/>2491.
          <lb/>mar), 11, 314, 1210, 1306, 1466,
          <lb/>Graner, Jonas, 2530.
          <lb/>1733, 1896.
          <lb/>Grantrye, Petrus de (dominus in
          <lb/>Grüninger, Jean (impr. Strasbourg),
          <lb/>Besne), 1778.
          <lb/>71, 107, 121, 164, 5, 186, 207, 225,
          <lb/>Grapheus, C. Cornelius, 2290.
          <lb/>7, 309-14, 321-3, 464, 477, 540,
          <lb/>Graseccius, Paul, 1025-8.
          <lb/>543-53, 572, 645-52, 664, 827, 834,
          <lb/>Graser, J. (Feuchtwangen, anc. poss.
          <lb/>7, 9, 840, 2, 866, 9, 888-93, 897,
          <lb/>1871), 2046.
          <lb/>936, 7, 942, 3, 960, 2, 3, 966-71,
          <lb/>Grass, Joh. Beat, 1052.
          <lb/>974-77, 979-85, 1004, 1042, 1064,
          <lb/>Graesse, Trésor, 288, 298.
          <lb/>1119, 1127, 1130, 1205, 8, 9, 1226,
          <lb/>Grassis, Johannes de, 1979.
          <lb/>1234, 1345, 7, 1372, 1488, 9, 1490,
          <lb/>Gratarolo, 1029-31.
          <lb/>1585, 1602, 4, 8, 1610, 2, 1614-17.
          <lb/>Graeter, 1032, 3.
          <lb/>1633, 1673, 5, 1767, 1798, 9, 1873, 7,
          <lb/>Gratia Dei, Christophorus (Basiliensis
          <lb/>1884, 1925, 1985, 2016, 2023, 2030,
          <lb/>episcopus 1514), 1007.
          <lb/>2058, 2059, 2154, 2195, 2264, 2273,
          <lb/>Gratius, Ortwinus, 141, 142, 496.
          <lb/>2284. 2309, 2310, 2356, 2407,
          <lb/>Grauel (Prof., anc. poss.), 2164.
          <lb/>2411, 9, 2485, 2501, 2511.
          <lb/>Graz, BU, 326.
          <lb/>Grunnius, Sophista, 1412.
          <lb/>Grégoire (de Naziance), 104, 159, 1036.
          <lb/>Gruppenhagen, Joh. (Burger der
          <lb/>Grégoire XIII (pape), 1120, 1244,
          <lb/>Stadt Güstrow, anc. poss. 1541),
          <lb/>1886.
          <lb/>2033.
          <lb/>Gregorius, Tiphernas, 1038.
          <lb/>Gruyter, Walter de &amp;amp; Cie, 847.
          <lb/>Greiff, Nicolaus (Canonicus in Haugis,
          <lb/>Grynaeus, Simon, 405, 1048, 1251,
          <lb/>anc. poss. 1716), 2048.
          <lb/>1501, 1530, 4, 1665, 1998, 2204.
          <lb/>Greifswald, BU, 2, 23, 39, 42, 3, 7,
          <lb/>Gsell, Henricus Otto (Landaviensis,
          <lb/>67, 127, 135, 153, 162, 174, 175,
          <lb/>anc. poss. anno 1795), 1398.
          <lb/>201, 204, 238, 241, 6, 286, 302,
          <lb/>Guarini, Baptista (Veronensis), 101,
          <lb/>310, 342, 3, 371, 2, 389, 406, 9,
          <lb/>1050, 1990, 1.
          <lb/>414, 6, 428, 474, 481, 506, 532, 4,
          <lb/>Guérin, François, 937.
          <lb/>7, 540, 562, 4, 5, 577, 598, 600, 7,
          <lb/>Guedon, Remigius (impr. Strasbourg),
          <lb/>619, 684, 703, 705, 8, 719, 720,
          <lb/>36.
          <lb/>2, 750, 3, 764, 9, 790, 825, 856, Guevara, Anthoni, 863, 1052-54.
          <lb/>R. 101
        </p>
      </div>
    </body>
  </text>
</TEI>
