<?xml version='1.0' encoding='UTF-8'?>
<?xml-model href="https://raw.githubusercontent.com/OpenITI/tei_openiti/master/tei_openiti.rng" type="application/xml" schematypens="http://relaxng.org/ns/structure/1.0"?>
<?xml-model href="https://raw.githubusercontent.com/OpenITI/tei_openiti/master/tei_openiti.rng" type="application/xml" schematypens="http://purl.oclc.org/dsdl/schematron"?>
<TEI xmlns="http://www.tei-c.org/ns/1.0">
  <teiHeader>
    <fileDesc>
      <titleStmt>
        <title/>
      </titleStmt>
      <publicationStmt>
        <p/>
      </publicationStmt>
      <sourceDesc>
        <p/>
      </sourceDesc>
    </fileDesc>
    <profileDesc>
      <calendarDesc>
        <calendar xml:id="ah">
          <p>Anno Hegirae</p>
        </calendar>
      </calendarDesc>
    </profileDesc>
    <xenoData xml:space="preserve">
CREATED: 2024-04-11T12:20:00.091436+00:00
CREATED BY: eScriptorium vpassthistobuildcmd
IMAGE FILENAME: A121078-5288.tif
IMAGE WIDTH: 2438
IMAGE HEIGHT: 3860
</xenoData>
  </teiHeader>
  <text>
    <body>
      <div>
        <p>
          <lb/>1598
          <lb/>Fridericus (Episcopus Augustensis
          <lb/>Fuchs, Joh., 895.
          <lb/>1485), 980, 5.
          <lb/>Fuchs, Joh. Petrus (anc. poss. anno
          <lb/>Fridericus (Abbas apud S. Egidium
          <lb/>1673), 1752.
          <lb/>Norinbergae), 1638.
          <lb/>Fuchs, Leonhard, 301, 926, 7, 1171.
          <lb/>Fridericus Albertus (filius Alberti,
          <lb/>Fugger, Anna, 793.
          <lb/>Brandenburgici Marchionis 1568),
          <lb/>Fugger, Maximilianus (Eques Ord.
          <lb/>2009.
          <lb/>Teutonici, 1574), 2350.
          <lb/>Friedrich II (empereur), 331, 2.
          <lb/>Friedrich III (empereur), 1227, 1489,
          <lb/>Fugger, Victor Augustus (Praepositus
          <lb/>1490, 1878, 2185.
          <lb/>Ratisponensis, Canonicus Passa¬
          <lb/>viensis, 1574), 2350.
          <lb/>Friedrich I (König von Dänemark und
          <lb/>Fulgentius, 928.
          <lb/>Schweden 1587), 911, 912, 1179.
          <lb/>Füll von Geispolsheim, Heinrich
          <lb/>Friedrich II (König von Dänemark),
          <lb/>912, 1124, 1968, 9, 2005-2008.
          <lb/>(Stettmeister zu Strassburg), 1723.
          <lb/>Fuller Russel, John (anc. poss.), 950.
          <lb/>Friedrich, Herr zu Barr, 1721.
          <lb/>Fullanius, Jacobus (Berne), 55.
          <lb/>Friedrich (Graf zu Fürstenberg,
          <lb/>Funecius, Joh. Remboldus (Patritius
          <lb/>Landvogt im Unter-Elsass, anno
          <lb/>Lindaviensis), 1647, 1653.
          <lb/>1597), 2028.
          <lb/>Funck, D. Joh., 837, 929..
          <lb/>Friedrich von Hattstadt (Königl.
          <lb/>Funck, Engelhard, 2486.
          <lb/>Mäjestat Rat, 1550), 2458.
          <lb/>Furfelder, Christophorus (Hanovien¬
          <lb/>Friedrich (Pfalzgraf bei Rhein, Herzog
          <lb/>in Bayern), 13, 2177, 2270.
          <lb/>sis), 454.
          <lb/>Friedrich, Herzog zu Sachsen, 1407,
          <lb/>Furgung, Christophorus (Olnicensis),
          <lb/>449, 451, 452, 453, 455.
          <lb/>1420, 1464, 1522, 2266.
          <lb/>Furius, Fridericus, 2178.
          <lb/>Friedrich, Graf zu Würtemberg,
          <lb/>Fürstenberg, Philippus (Ringauensis,
          <lb/>Mömpe, gard und Horburg 879,
          <lb/>1505), 2099, 2471, 2487, 2493.
          <lb/>904, 905, 1279, 1282, 2165.
          <lb/>Friedrich, Joh., 2292.
          <lb/>Furtenbach, Hans, 970, 976.
          <lb/>Fuscarius, Ludovicus, 127.
          <lb/>Fries, Augustin (impr. Strasbourg),
          <lb/>Fuess (impr. Leipzig), 1661.
          <lb/>873, 1285, 1898.
          <lb/>Füssen. Voir : Monastères.
          <lb/>Fries F. (Wessobrunnensis, anc. poss.),
          <lb/>726.
          <lb/>Fries, Lor., 888-899.
          <lb/>Frischlin, Jacobus, 900, 906.
          <lb/>Gabelmann, Nicolaus (ex Megalo¬
          <lb/>Frischlin, Nicodemus, 602, 611, 885,
          <lb/>901-24.
          <lb/>pyrgo), 454.
          <lb/>Frischlin, Philippus Balthasarus (Can¬
          <lb/>Gaber, August (Köppernich bei
          <lb/>tharopolitanus, anc. poss. 1654),
          <lb/>Neissen), 826.
          <lb/>2132.
          <lb/>Gäbir Ibn Hajjân, 936.
          <lb/>Frisius, Joh., 1353, 4, 2036.
          <lb/>Gabler (Medicus Tubingensis), 666.
          <lb/>Frisius, Laurentius, 1597, 8, 1958.
          <lb/>Gabriel, Frater Ord. Eremit. S. Au¬
          <lb/>Fritz, Th. (Prof. Strasbourg, anc.
          <lb/>gusti (Seemannshausen), 1786.
          <lb/>Gadolf. Christophorus (anc. poss.
          <lb/>poss.), 1007.
          <lb/>Frizler, Georgius, 696.
          <lb/>1593), 2345.
          <lb/>Frizonius, Caspar, 299.
          <lb/>Gaguinus, Robertus, 2283.
          <lb/>Froben (impr. Bâle 1518), 741, 742,
          <lb/>Gaehelin, 165.
          <lb/>Gaiewsky, Albertus (à Blociszewo,
          <lb/>758, 785, 2299.
          <lb/>Frölich, Jacques (impr. Strasbourg),
          <lb/>Polonus), 1086.
          <lb/>Gaignat, 884.
          <lb/>51, 315, 792, 876, 934, 1045, 1274,
          <lb/>Gail, Andr., 930.
          <lb/>2013, 2022, 2441, 2457, 8, 9.
          <lb/>Frontinus, Sextus Julius, 2424.
          <lb/>Galeatius, 931.
          <lb/>Galenus, 191, 659, 932, 1088, 2158,
          <lb/>Froereisen, M. I. L. 1766.
          <lb/>2272, 2381.
          <lb/>Frosch, Christophe (impr. Zürich),
          <lb/>Galeoto, 208, 209, 210, 831.
          <lb/>2373, 4.
          <lb/>Galicus, Frédéric (Rhoetus, proy.
          <lb/>Frosch, Franciscus, 2073, 2205.
          <lb/>Frosch, Joh., 925.
          <lb/>1577), 103.
          <lb/>Galicus, Nicolas, 103.
          <lb/>Froschauer, Christophorus (impr.
          <lb/>Gallasius, Nicolaus, 411, 412, 414.
          <lb/>Zurich), 702.
          <lb/>Gallicianus, Martin (Johanniter Strass¬
          <lb/>Frunsberger, Joh., 4, 39.
          <lb/>Fuchs, Ch. Th. (anc. poss. 1847), 971,
          <lb/>burg), 572.
          <lb/>Gallinarius, Eucharius, 1064.
          <lb/>975.
          <lb/>Galllnarius, Joh. (Heidelberg), 16,
          <lb/>8
        </p>
      </div>
    </body>
  </text>
</TEI>
