<?xml version='1.0' encoding='UTF-8'?>
<?xml-model href="https://raw.githubusercontent.com/OpenITI/tei_openiti/master/tei_openiti.rng" type="application/xml" schematypens="http://relaxng.org/ns/structure/1.0"?>
<?xml-model href="https://raw.githubusercontent.com/OpenITI/tei_openiti/master/tei_openiti.rng" type="application/xml" schematypens="http://purl.oclc.org/dsdl/schematron"?>
<TEI xmlns="http://www.tei-c.org/ns/1.0">
  <teiHeader>
    <fileDesc>
      <titleStmt>
        <title/>
      </titleStmt>
      <publicationStmt>
        <p/>
      </publicationStmt>
      <sourceDesc>
        <p/>
      </sourceDesc>
    </fileDesc>
    <profileDesc>
      <calendarDesc>
        <calendar xml:id="ah">
          <p>Anno Hegirae</p>
        </calendar>
      </calendarDesc>
    </profileDesc>
    <xenoData xml:space="preserve">
CREATED: 2024-04-11T12:19:51.671133+00:00
CREATED BY: eScriptorium vpassthistobuildcmd
IMAGE FILENAME: A121078-5074.tif
IMAGE WIDTH: 2372
IMAGE HEIGHT: 3862
</xenoData>
  </teiHeader>
  <text>
    <body>
      <div>
        <p>
          <lb/>1382
          <lb/>Spiegelii Selestadien, congesto, !] continentur, per Ioan. Schottum
          <lb/>quum illud recognosceret, hunc!! in modum digesti.
          <lb/>fol. 22 : Ornatiss. viro D. Adamo (I Carolo, Sacr. Latin. Scrin. 11 In
          <lb/>Aula Sereniss. Reg. 11 Caes. Q. Ferdinandi (] Praefecto (I Iac. Spiegel S...
          <lb/>— Datum Argentorati, Cal. Septemb. 1 Anno M. D. XXXVIII. (Préface
          <lb/>de 2 ff. encadré de 4 pièces d’ornement, à la jointure des pièces du haut
          <lb/>les majuscules D à gauche, V à droite, au bas, à gauche M, à droite V.
          <lb/>fol. A 4 : Texte du privilège impérial, signé Carolus!! V. Held, puis
          <lb/>en caractère plus petit : Ad mandatum Caes... Obernburger.
          <lb/>Au verso de l’avant-dernier f., une ode de Sapidus (7 strophes à 4 vers).
          <lb/>fol. a-es : ... Christophori Hegendorpini Exegeses...
          <lb/>R. 10.249. Prov. : BN Munich, 16/XII, 1879; 1 M. 50.
          <lb/>Au haut du titre : Monasterij S. Aug. Monacensis », en bas : « Pro
          <lb/>Macro (?) Christophoro Capher Amicus Fano. Constat I K». A l’intérieur
          <lb/>de la couverture, ex-libris avec l’inscription : «Ad Bibliothecam Con¬
          <lb/>ventus Monacensis Ord. Erem. S. P. Aug.».
          <lb/>Schmidt II, Ne 138; Walter : Sélestat 2254; Bibl. de Colmar.
          <lb/>Voir : 1) Knod, Gustav : Jacob Spiegel aus Schlettstadt, ein Beitrag
          <lb/>zur Geschichte des deutschen Humanismus. Programm-Beilage des
          <lb/>Gymnasiums zu Schlettstadt. Strassburg, 1884, in-4°, 57 p. ; 2) Semler,
          <lb/>Alfons : Die Bibliothek des Humanisten Jakob Spiegel. Dans : Zeitschrift
          <lb/>f. die Geschichte des Oberrheins. 71 (1917), p. 85-97.
          <lb/>2183
          <lb/>SPIEGEL Jacobus
          <lb/>Strasbourg, J. Schott, 1539
          <lb/>Lexicon! Iuris civilis! Ex uarijs probatorum Autorum!
          <lb/>Commentarijs congestum. Il Per C. V. Iac. Spiegel, Selestadien.
          <lb/>!Denuo ab ipso recognitum, &amp;amp; ple-! risquè in locis de integro
          <lb/>con!] scriptum : adeo, ut aliud,] ob tantae accessionis lucrum,
          <lb/>I] uideri possit.
          <lb/>Diplomate Imp. Aug. Caroli. V. Omnibus! interdictum,
          <lb/>huius Lexici Impressione,!! Venditionéue, intra fines Rom.
          <lb/>Imp.
          <lb/>Argentorati, Ioann.!! Schottius excudebat.!! M. D. XXXIX.
          <lb/>A la fin, après l’Index, au verso : ... Svb Annum Christi!
          <lb/>Servatoris Nostri O. M. Il M. D. XXXIX. ( Io. Schottus
          <lb/>Argent. I1 Autori Gratus Il posuit.
          <lb/>In-fol., car, rom., 2 col., 382 ff. non ch., sign. a-z, aa-zz, aaa-zzz, AA-CC,
          <lb/>x-P, Aa-Tt, titre courant, réclames, init. à fig. avec enseigne à l’intérieur.
          <lb/>Au verso du titre : Eiusdem Reliqua!! Quae Lexico accessere. (14 titres
          <lb/>différents.)
          <lb/>fol. 22 : Ornatiss. viro, D.  Adamo Carolo... Praefatio... Datum
          <lb/>Argent... M. D. XXXVIII.
          <lb/>fol. 4a : Privilège de l’empereur.
          <lb/>Au recto du dernier f., ode de Sapidus au lecteur; suivent 3 ff. blancs.
          <lb/>&amp;quot;R. 10.251. Prov. : BN Munich, 16/xII, 1879; 2 M. Notes mss.
          <lb/>Manque dans le Répertoire de Schmidt vol. II ainsi que dans le supplé¬
          <lb/>ment de Schott.
          <lb/>Walter: Sélestat 2255.
          <lb/>2184
        </p>
      </div>
    </body>
  </text>
</TEI>
