<?xml version='1.0' encoding='UTF-8'?>
<?xml-model href="https://raw.githubusercontent.com/OpenITI/tei_openiti/master/tei_openiti.rng" type="application/xml" schematypens="http://relaxng.org/ns/structure/1.0"?>
<?xml-model href="https://raw.githubusercontent.com/OpenITI/tei_openiti/master/tei_openiti.rng" type="application/xml" schematypens="http://purl.oclc.org/dsdl/schematron"?>
<TEI xmlns="http://www.tei-c.org/ns/1.0">
  <teiHeader>
    <fileDesc>
      <titleStmt>
        <title/>
      </titleStmt>
      <publicationStmt>
        <p/>
      </publicationStmt>
      <sourceDesc>
        <p/>
      </sourceDesc>
    </fileDesc>
    <profileDesc>
      <calendarDesc>
        <calendar xml:id="ah">
          <p>Anno Hegirae</p>
        </calendar>
      </calendarDesc>
    </profileDesc>
    <xenoData xml:space="preserve">
CREATED: 2024-04-11T12:20:01.122248+00:00
CREATED BY: eScriptorium vpassthistobuildcmd
IMAGE FILENAME: A121078-5308.tif
IMAGE WIDTH: 2400
IMAGE HEIGHT: 3848
</xenoData>
  </teiHeader>
  <text>
    <body>
      <div>
        <p>
          <lb/>1618
          <lb/>1391, 1404, 1413, 4, 8, 1422, 1431.
          <lb/>1949-52, 1954, 2029, 2051, 2071, 2,
          <lb/>1468, 1472, 4, 6, 1494, 5, 8, 1502,
          <lb/>2128, 2153, 2201, 2203, 2266,
          <lb/>1518, 9, 1521, 9, 1538, 1543, 6,
          <lb/>2453, 2465a, 2466-68.
          <lb/>1559, 1560, 1570, 1, 2, 3, 4, 9,
          <lb/>1580. 1593, 1600, 1613, 1626, 8,
          <lb/>Mylius, Christian (impr. Strasbourg),
          <lb/>103, 112, 3, 188, 194, 451, 459-461,
          <lb/>1633, 5, 1645, 7, 1648, 1669, 1671,
          <lb/>475, 481, 2, 518, 604, 670, 1, 4,
          <lb/>3, 1738, 1749, 1786, 7, 1788, 1810,
          <lb/>799-804, 808, 9, 811-818, 829, 1062,
          <lb/>1, 2, 6, 7, 9, 1825, 1834, 5, 6, 7,
          <lb/>8, 1243, 1252, 1310, 1416, 1452, 5,
          <lb/>1838, 9, 1841, 5, 1856, 1860, 1870,
          <lb/>7, 1480-82, 1587, 1793, 5, 1782-84,
          <lb/>1, 1890, 2, 1905, 1911, 7, 1924,
          <lb/>1806, 1922, 1938, 2252, 3, 2402
          <lb/>1925, 1961, 6, 1975, 1985, 2015, 6,
          <lb/>2047, 2053, 2060, 5, 2070, 7, 2082,
          <lb/>Mylius, Christian héritiers (impr.
          <lb/>2103, 2126, 8, 2140, 2151, 2177,
          <lb/>Strasbourg), 451, 1568, 2112, 2253,
          <lb/>2184, 2212, 2243, 4, 5, 6, 8, 9,
          <lb/>2250, 6, 8, 9, 2260, 8, 2272, 5.
          <lb/>Mylius (caractères de l’imprimerie,
          <lb/>2285, 2286, 8, 9, 2294, 2325, 2339,
          <lb/>1586), 2001.
          <lb/>2341, 2356, 2360, 3, 2385, 2401,
          <lb/>Mylius (Memorabil, biblioth. Jenen¬
          <lb/>2446, 2461b, 2472, 2490, 9.
          <lb/>sis), 2299.
          <lb/>Munich, BU, 833.
          <lb/>Mylius, Joh. (Hornbacensis, Westria¬
          <lb/>Münster, Sebastianus, 1955.
          <lb/>cus, 1590), 2157.
          <lb/>Münster BU, 6, 9, 24, 33, 5, 67,
          <lb/>79, 127, 129, 131, 143, 144, 153,
          <lb/>156, 159, 165, 191, 199, 201,
          <lb/>211, 223, 5, 232, 7, 243, 265,
          <lb/>Nachtgall, Othmarus (Luscinius).
          <lb/>275, 287, 291, 3, 308, 326, 9, 332,
          <lb/>1250, 1388, 1492, 1878.
          <lb/>345, 354, 6, 372, 9, 384, 413, 6, 9,
          <lb/>Nagel, Anne (anc. poss. 1903), 2257.
          <lb/>435, 442a, 482, 490, 2, 510, 3, 5,
          <lb/>Nagel, Philippe (Winshemius), 457.
          <lb/>538, 542, 560, 577, 593, 606, 674,
          <lb/>Nagler, 678, 1420, 1925, 1996, 2049,
          <lb/>5, 6, 692, 702, 715, 9, 725, 7, 750,
          <lb/>2065.
          <lb/>824, 5, 838, 850, 9, 862, 882, 4,
          <lb/>Nannus Mirabellius Dominicus (Al¬
          <lb/>928, 949, 959, 961, 5, 971, 2, 4,
          <lb/>bensis), 1621.
          <lb/>980, 3, 5, 992, 3, 1000, 2, 3, 7, 1011,
          <lb/>Naogeorgus, Thomas, 696.
          <lb/>4, 1024, 1034, 5, 9, 1044, 8, 2269.
          <lb/>Nasserus, Bartholomaeus, 184.
          <lb/>Münstereifel BM, 758.
          <lb/>Nauck, G. (Berlin, anc. poss. 1887),
          <lb/>Munter, Joh., 293, 9.
          <lb/>2340.
          <lb/>Muntz (Wetzlar, anc. poss.), 2130.
          <lb/>Naugerius, Andreas (Venetus), 503,
          <lb/>Müntz, Eugen, 1162.
          <lb/>504, 506, 507, 510, 511, 513, 514,
          <lb/>Murer, Christophe, 1996, 2005.
          <lb/>516, 521, 522, 523, 525, 527, 528,
          <lb/>Murnarus, 1073, 1597, 8.
          <lb/>529, 530, 1, 2, 4, 5.
          <lb/>Murner, Beatus, 1607.
          <lb/>Naumann (Archiv), 1623.
          <lb/>Murner, Johannes, 1351, 1599, 1600.
          <lb/>Naumburg (BM), 112.
          <lb/>Murner, Sixte (impr. Strasbourg),
          <lb/>Nebelius, Daniel Wilhelm (Medicinae
          <lb/>1605.
          <lb/>Doctor, Prof. Heidelberg, anc. poss.
          <lb/>Murner, Thomas, 1014, 1042, 1064,
          <lb/>1668), 2136.
          <lb/>1073, 1304, 1351, 1597-99, 1600-
          <lb/>Nebucad-Nezar, 2355.
          <lb/>1619, 2258, 2419, 2469.
          <lb/>Negelin, Matthaeus, 1622.
          <lb/>Murrho, Séb., 127, 128, 145, 146, 147,
          <lb/>Neocamus, Vulturius, 698.
          <lb/>1899.
          <lb/>Nepos, Cornelius, 536, 1623-25, 2244.
          <lb/>Murrho Séb. jun., 1, 89, 488, 495, 711,
          <lb/>Neratius, 1659.
          <lb/>713, 714, 721, 730, 736, 737, 751,
          <lb/>Nerger, M. H. (anc, poss. 1758), 1739.
          <lb/>1905.
          <lb/>Nerva (empereur romain), 1891.
          <lb/>Musaeus Raphael, 1597, 8.
          <lb/>Nessus, 587.
          <lb/>Mussinus, Petrus (O. P. 1645), 1967.
          <lb/>Nestle, Eberhard (Nigri, Böhm et
          <lb/>Muth, Jos. (anc. poss. 1763), 888.
          <lb/>Pellican, Tübingen 1893), 1985.
          <lb/>Muther, 984, 1985.
          <lb/>Nestor Novariensis, 656.
          <lb/>Mutius, Macarius, 1458.
          <lb/>Neubner, Paul (Cologne anc. poss.
          <lb/>Mylius, Crato (impr. Strasbourg), 47-
          <lb/>1893), 2150.
          <lb/>49, 115, 152, 331, 2, 381, 5, 419-
          <lb/>Neubourg BM, 1738.
          <lb/>421, 9, 502, 562, 598-600, 6, 7,
          <lb/>Neubourg. Voir aussi : Monastères.
          <lb/>797, 1095-97, 1121, 1192, 1247,
          <lb/>Neuhaus, Marie-Madeleine (anc. poss.
          <lb/>1336, 1447, 8, 1536-48, 1903,
          <lb/>1769), 2332.
        </p>
      </div>
    </body>
  </text>
</TEI>
