<?xml version='1.0' encoding='UTF-8'?>
<?xml-model href="https://raw.githubusercontent.com/OpenITI/tei_openiti/master/tei_openiti.rng" type="application/xml" schematypens="http://relaxng.org/ns/structure/1.0"?>
<?xml-model href="https://raw.githubusercontent.com/OpenITI/tei_openiti/master/tei_openiti.rng" type="application/xml" schematypens="http://purl.oclc.org/dsdl/schematron"?>
<TEI xmlns="http://www.tei-c.org/ns/1.0">
  <teiHeader>
    <fileDesc>
      <titleStmt>
        <title/>
      </titleStmt>
      <publicationStmt>
        <p/>
      </publicationStmt>
      <sourceDesc>
        <p/>
      </sourceDesc>
    </fileDesc>
    <profileDesc>
      <calendarDesc>
        <calendar xml:id="ah">
          <p>Anno Hegirae</p>
        </calendar>
      </calendarDesc>
    </profileDesc>
    <xenoData xml:space="preserve">
CREATED: 2024-04-11T12:19:59.153603+00:00
CREATED BY: eScriptorium vpassthistobuildcmd
IMAGE FILENAME: A121078-5271.tif
IMAGE WIDTH: 2418
IMAGE HEIGHT: 3862
</xenoData>
  </teiHeader>
  <text>
    <body>
      <div>
        <p>
          <lb/>TABLE ALPHABÉTIQUE
          <lb/>DES NOMS DE PERSONNES ET DE BIBLIOTHÈQUES
          <lb/>A
          <lb/>Aeneas Silvius — Pie II (pape).
          <lb/>Aeschines, 86-88, 1522,
          <lb/>Aarau Bibl. Cantonale, 59, 95, 401,
          <lb/>Aesopus, 90-103.
          <lb/>576, 721, 9, 1132, 1574, 1596, 1738,
          <lb/>Aff, Samuel (Francofurtensis Marchi¬
          <lb/>1750, 1990, 1, 2439, 2493.
          <lb/>cus), 1653.
          <lb/>Abbas Urspergensis (Burchardus),
          <lb/>Affenstain, Wolfgangus ab, 2266.
          <lb/>331, 2.
          <lb/>Afinius, Henricus (Cyranus), 731.
          <lb/>Abel, O. (Diaconus in Lemberg,
          <lb/>Agapetus, Diaconus, 13.
          <lb/>don 1871), 2310.
          <lb/>Ager, Nicolaus (Argentoratensis), 1082.
          <lb/>Abstemius, Laurentius, 97, 98.
          <lb/>Agerius, Nicolaus (Argentinensis),
          <lb/>Abu Ali Jahiah, 330.
          <lb/>2109, 2161.
          <lb/>Abul Hassan al Muktar, 678.
          <lb/>Agesilaus (rex Lacedaemoniorum),
          <lb/>Achatius (Landau, imperialis curiae
          <lb/>2503, 4.
          <lb/>Vienensis Consiliarius), 1645.
          <lb/>Aggeus, Augustinus (Hajus), 336.
          <lb/>Achatius, Jacobus Bruno, 2406.
          <lb/>Agnès (Abbatissa divi Stephani argen¬
          <lb/>Acker (Gesangbuch 1568), 1938.
          <lb/>tinensis), 1636.
          <lb/>Acker, Charles, 1455.
          <lb/>Agricola, Georgius (anc. poss. anno
          <lb/>Ackermann, Th. (libr. Munich), 123,
          <lb/>1574), 1885.
          <lb/>157, 663, 998, 1236, 1308, 1374,
          <lb/>Agricola, Johannes 17-20, 1020.
          <lb/>1396, 1459, 1779, 1930, 1969, 2195,
          <lb/>Agricola, Rodolphus, 21, 469-472,
          <lb/>2246, 2356, 2400.
          <lb/>1397, 1501, 1530, 1544, 1890.
          <lb/>Ackerwijck, M., 144.
          <lb/>Agrippa, Henricus Cornelius, 22.
          <lb/>Acontius, Melchior (Ursellanus), 1551.
          <lb/>Ahlfeld (Vente, Strasbourg 1878), 966,
          <lb/>Adam, Mathias (anc. poss.), 478.
          <lb/>1582.
          <lb/>Adel, Joh., 2099.
          <lb/>Aichmann, Martin (in aula Witem¬
          <lb/>Adelphus, Sanctus (Novillarensis Col¬
          <lb/>bergensi Cancellarius), 924.
          <lb/>legii patronus), 2480.
          <lb/>Alantsee, Leonardus &amp;amp; Lucas (impr.
          <lb/>Adelphus (Müling), 4-11, 427, 464,
          <lb/>Vienne), 29, 155, 1621, 1789,
          <lb/>839, 968, 972, 1127, 1604, 2025.
          <lb/>1887, 1890.
          <lb/>Adolf (Graf zu Solms), 939.
          <lb/>Alantsee Lucas. Voir: Alantsee, L.
          <lb/>Adolphus (dux Daniae, anno 1574),
          <lb/>Alanus, 1359.
          <lb/>1968, 9.
          <lb/>Albengnefit, 678.
          <lb/>Adolphus, princeps Veriensis, 719.
          <lb/>Alberg. Voir : Monastères.
          <lb/>Adrianus (S. Chrysogoni, Cardinal),
          <lb/>12, 1993.
          <lb/>Albertus Magnus, 23-31, 655, 1160,
          <lb/>Adrien IV (pape), 1629.
          <lb/>1402, 1405, 1929, 1930, 2255, 2366.
          <lb/>Adrien VI (pape), 83, 872, 1287.
          <lb/>Albertus (évêque de Strasbourg), 14,
          <lb/>Aegidermus, Vitus, 1475.
          <lb/>963, 968, 999, 2476.
          <lb/>Aegidius Romanus, 16.
          <lb/>Albertus (Archiepiscopus Magdenbur¬
          <lb/>Aegidius, Petrus (Anvers), 716, 723,
          <lb/>gensis), 1639.
          <lb/>Albertus (Cardinal, Archiepiscopus
          <lb/>4, 732, 9, 745, 754, 769.
          <lb/>Aegidius, Vitus. Voir Geissel.
          <lb/>Moguntinus), 678, 786, 875, 1264,
          <lb/>Aegineta, Paulus, 2108, 2379.
          <lb/>1878, 2465 a.
          <lb/>Aelius, Hadrianus Augustus, 991.
          <lb/>Albertus a Steten, 69.
          <lb/>Aemilianus Quintus, 50.
          <lb/>Albertus, (Praepositus familiae Thum¬
          <lb/>Aemylius, Georgius (Mansfildensis,
          <lb/>mensis, 1518), 980, 5.
          <lb/>anc. poss.), 403.
          <lb/>Albertus Otto (Comes Salmensis),
          <lb/>Aemylius, Jacobus (Basiliensis), 1846.
          <lb/>1760. — Christophorus (Comes Sai¬
        </p>
      </div>
    </body>
  </text>
</TEI>
