<?xml version='1.0' encoding='UTF-8'?>
<?xml-model href="https://raw.githubusercontent.com/OpenITI/tei_openiti/master/tei_openiti.rng" type="application/xml" schematypens="http://relaxng.org/ns/structure/1.0"?>
<?xml-model href="https://raw.githubusercontent.com/OpenITI/tei_openiti/master/tei_openiti.rng" type="application/xml" schematypens="http://purl.oclc.org/dsdl/schematron"?>
<TEI xmlns="http://www.tei-c.org/ns/1.0">
  <teiHeader>
    <fileDesc>
      <titleStmt>
        <title/>
      </titleStmt>
      <publicationStmt>
        <p/>
      </publicationStmt>
      <sourceDesc>
        <p/>
      </sourceDesc>
    </fileDesc>
    <profileDesc>
      <calendarDesc>
        <calendar xml:id="ah">
          <p>Anno Hegirae</p>
        </calendar>
      </calendarDesc>
    </profileDesc>
    <xenoData xml:space="preserve">
CREATED: 2024-04-11T12:19:56.146189+00:00
CREATED BY: eScriptorium vpassthistobuildcmd
IMAGE FILENAME: A121078-5191.tif
IMAGE WIDTH: 2356
IMAGE HEIGHT: 3860
</xenoData>
  </teiHeader>
  <text>
    <body>
      <div>
        <p>
          <lb/>1501
          <lb/>VERSEHUNG
          <lb/>Strasbourg, J. Knobloch, 1518
          <lb/>Versehung bey- Il der Seel vnd Leibs des Men-schen
          <lb/>Durch geistlich vnd leibliche Artzney-ung. Schön, nutzlich,
          <lb/>vnd gar frucht-bar mit kurtzem bericht zu lesen.
          <lb/>Au-dessous, 12 vers:
          <lb/>« Wer kranckheit sich entschütten will,
          <lb/>Gotzs gnad ersuch er vor in still,
          <lb/>Beicht, reüw, seine sünden busz entpfah.
          <lb/>Darnach leiblich artzney erfrag,
          <lb/>Die ym seins besten hilff entdeck..., etc.
          <lb/>A la fin : Gedruckt vnd säligklich vollendet in der key!
          <lb/>serlichen freyen stat Straszburg durch Jo!! hannem knoblouch.
          <lb/>Als man zalt nach!! Christi geburt tausent, fünffhundert!! vnd
          <lb/>in dem achtzehenden jare. (Verso blanc.)
          <lb/>In-4°, car. goth., CXX ff. ch., 6 ff. non ch. (Index), init. blanche sur
          <lb/>fond noir V et init. à fig. D.
          <lb/>R. 102.205. Prov. : Jos. Baer &amp;amp; Co., Francfort-s.-M., 13/III, 1876;
          <lb/>6M.
          <lb/>Notes mss. A l’intérieur du ler plat : « Sehr selten.»; au bas du titre:
          <lb/>« Ludov. Choulant. 1836». A la fin : « Eine frühere Ausgabe dieses Buches,
          <lb/>Nürnberg 1509. In diesem puch ist geschrieben ein notturffti- 1] ge nutz¬
          <lb/>liche trostliche und der masz vor unerhor- Il te unterweyssung zuuerse¬
          <lb/>hung eynes menschen !! leyb seel eer vnd gut. Am Ende : Gedrückt vnnd
          <lb/>vollend in der Kayserlichen! stat Nürnberg, Durch Wolffgang Huber
          <lb/>Als man zalt nach Christi unsers lieben! herren gepurt. Tausentfünff-
          <lb/>hundert vnd Neün Jar., Got hab lob. Folio. Dieses ist Uberschrift des
          <lb/>ersten Blattes, da dem Exemplare der Titel fehlte, es gehörte der Bam¬
          <lb/>berger Bibliothek L. I. 32. Blattzahlen bis LXIII, auf dieses Blattes
          <lb/>Rückseite obige Schlussschrift, dann 1 Bl. weiss und 4 Bll. Inhalt u.
          <lb/>Register. Sign. aij-hiij. (Haller im Serapeum 1845, S. 315)».
          <lb/>Schmidt VII, N° 169: BN Munich; Ritter, BM Strasbourg, N° 2160.
          <lb/>2401
          <lb/>VERT Wilhelm. Voir: ZENDERS DE WERDT Guilhelmus.
          <lb/>VERZEICHNIS
          <lb/>Strasbourg, Chr. Müller, 1562
          <lb/>Verzeychnus aller Po-Il tentaten, Chur vnd Fürsten, Geyst-
          <lb/>lich vnd Weltlich, auch derselben Ge! sandten : Item, Graffen,
          <lb/>Freyen, vnd deren von der Ritterschafft, &amp;amp;c. !] so auff der
          <lb/>Röm. Kön. May. Waal !! vnd Krönung zu Franckfurt !! am
          <lb/>Mayn persönlich ge-Il wesen vnd erschi-I/ nen seind. (Vignette.)
          <lb/>Getruckt zu Straszburg am Kornmarckt bey Christian
          <lb/>Müller. 1562.
          <lb/>In-4°, car. goth., 10 ff. non ch., sign. A-C, réclames.
          <lb/>Au recto du dernier f. figure le nom de Jean Sturm de Strasbourg.
        </p>
      </div>
    </body>
  </text>
</TEI>
