<?xml version='1.0' encoding='UTF-8'?>
<?xml-model href="https://raw.githubusercontent.com/OpenITI/tei_openiti/master/tei_openiti.rng" type="application/xml" schematypens="http://relaxng.org/ns/structure/1.0"?>
<?xml-model href="https://raw.githubusercontent.com/OpenITI/tei_openiti/master/tei_openiti.rng" type="application/xml" schematypens="http://purl.oclc.org/dsdl/schematron"?>
<TEI xmlns="http://www.tei-c.org/ns/1.0">
  <teiHeader>
    <fileDesc>
      <titleStmt>
        <title/>
      </titleStmt>
      <publicationStmt>
        <p/>
      </publicationStmt>
      <sourceDesc>
        <p/>
      </sourceDesc>
    </fileDesc>
    <profileDesc>
      <calendarDesc>
        <calendar xml:id="ah">
          <p>Anno Hegirae</p>
        </calendar>
      </calendarDesc>
    </profileDesc>
    <xenoData xml:space="preserve">
CREATED: 2024-04-11T12:19:56.126540+00:00
CREATED BY: eScriptorium vpassthistobuildcmd
IMAGE FILENAME: A121078-5190.tif
IMAGE WIDTH: 2356
IMAGE HEIGHT: 3858
</xenoData>
  </teiHeader>
  <text>
    <body>
      <div>
        <p>
          <lb/>1500
          <lb/>ornées, notes marg.; titre encadré.
          <lb/>In-4°, car, rom., 6 ff. non ch., LXII ff. ch., titre courant, petites init.
          <lb/>l’édition de 1509, de même l’index.
          <lb/>Les préfaces d’Hieronymus Gebwiller et de Pol. Vergilius comme dans
          <lb/>&amp;quot;R. 102.057. Prov. : Don du baron de Dörnberg, 1871.
          <lb/>Schmidt, VII, No 175 le date de 1515.
          <lb/>2398
          <lb/>VERGILIUS Polydorus
          <lb/>Strasbourg, M. Schürer, 1516
          <lb/>Polydori Vergilii Urbinatis Praesbyteri Prouerbiorum
          <lb/>li-] ber, quo paroemiae insigniores om- nium fere scriptorum
          <lb/>luculentis-] sima ennaratione expli cantur.
          <lb/>Lector, Eme, Lege.Et Probabis.
          <lb/>A la fin :... Matthias! Schurerius Selestensis Argentorati!
          <lb/>uenustissimis formis emenda-tissime denuo excudit. Men¬
          <lb/>se Augusto An. huma nae salutis. M. D. XVI.
          <lb/>Imp. Caes. Maximiliano P. F. Aug.perium Romanum
          <lb/>Mo-] derante. (Verso blanc.)
          <lb/>In-4°, car. rom., 6 ff. non ch., XLVII ff. ch., 1 f. non ch., titre courant,
          <lb/>titre encadré (H. &amp;amp; B., Planche XIII, N° 6). Au verso du titre : Polydori
          <lb/>Vergilij ad librum suum Epigramma (11 dist.).
          <lb/>fol. A 2P non ch. : Polydori Vergilii... ad Principem Guidum Ubaldum !
          <lb/>Urbini Ducem Praefatio... (2 pp.). Suivent 8 pp. d’index à 2 col.
          <lb/>R. 102.022. Prov. : Butsch, Augsbourg, 12/x, 1883, 4 M. 50.
          <lb/>Schmidt VIII, No 205 n’a pas connu d’exemplaire, il cite d’après
          <lb/>Panzer 6, 82.465.
          <lb/>2399
          <lb/>VERGRIFF, Kurzer... des gemeynen Almusens. Voir : ORDON¬
          <lb/>NANCE (Aumônes), Strasbourg, 1523. R. 22 (52) ; n. 1682.
          <lb/>VERGRIFF Summarischer
          <lb/>(Strasbourg, W. Koepfel), 1548
          <lb/>Ein Summarischer ver- griff der Christlichen lere vnd
          <lb/>Reli-gion, die man zu Straszburg hat nun in die xxviij.
          <lb/>jar gelehret.
          <lb/>Mit einer antwort der Prediger daselbet auff ein Lester¬
          <lb/>schrifft, in deren sie des Münsterischen geistes und lere on einigen
          <lb/>schein der warheit beschuldiget werden. Vnd Wem Reforma¬
          <lb/>tion des eüsseren Ceremonischen Gotesdienste zustande...
          <lb/>M. D. xlviiï.
          <lb/>A la fin: Die Prediger und Pfarrer der Kirchen zu Strasz¬
          <lb/>burgii. Iulii, 1548.
          <lb/>In-4°, car, goth., 18 ff. non ch., sign. A-F., réclames, notes marg.,
          <lb/>init. W, E.
          <lb/>R. 102.336. Prov. : Th. Ackermann, Munich, 20, VIII, 1889; 10 M.
          <lb/>Ritter, BM Strasbourg, Ne 2156.
          <lb/>2400
        </p>
      </div>
    </body>
  </text>
</TEI>
