<?xml version='1.0' encoding='UTF-8'?>
<?xml-model href="https://raw.githubusercontent.com/OpenITI/tei_openiti/master/tei_openiti.rng" type="application/xml" schematypens="http://relaxng.org/ns/structure/1.0"?>
<?xml-model href="https://raw.githubusercontent.com/OpenITI/tei_openiti/master/tei_openiti.rng" type="application/xml" schematypens="http://purl.oclc.org/dsdl/schematron"?>
<TEI xmlns="http://www.tei-c.org/ns/1.0">
  <teiHeader>
    <fileDesc>
      <titleStmt>
        <title/>
      </titleStmt>
      <publicationStmt>
        <p/>
      </publicationStmt>
      <sourceDesc>
        <p/>
      </sourceDesc>
    </fileDesc>
    <profileDesc>
      <calendarDesc>
        <calendar xml:id="ah">
          <p>Anno Hegirae</p>
        </calendar>
      </calendarDesc>
    </profileDesc>
    <xenoData xml:space="preserve">
CREATED: 2024-04-11T12:19:56.572002+00:00
CREATED BY: eScriptorium vpassthistobuildcmd
IMAGE FILENAME: A121078-5201.tif
IMAGE WIDTH: 2366
IMAGE HEIGHT: 3860
</xenoData>
  </teiHeader>
  <text>
    <body>
      <div>
        <p>
          <lb/>1511
          <lb/>VIRGILIUS MARO Publius
          <lb/>Strasbourg, J. Knobloch, 1515
          <lb/>P. Vergilii Maronis( Aeneis politioribus! exactioribusque
          <lb/>for- mulis iam excusa.
          <lb/>Vitus Werlerus in Vergilij Aeneida. (7 dist.)
          <lb/>Othmarus Nachtgall Argentinus (2 dist.):
          <lb/>Argentoraci praestans hunc arte Ioannes
          <lb/>Knoblouch eximijs edidit aere notis.
          <lb/>Eruit &amp;amp; mendas Rhomano prorsus Homero.
          <lb/>Ut niteat ; quo non tersior alter erit.
          <lb/>A la fin : Ioannes knoblouch ciuis Argentinensis !! impressit.
          <lb/>xiiïj. die mensis Iunii!! Anno domini M. D. XV. (Verso blanc.)
          <lb/>In-4°, car. rom., 220 ff. non ch., dont le dernier blanc, sign. A-Z, Aa¬
          <lb/>Pp, titre courant, notes marg., init. ornées, titre en rouge.
          <lb/>R. 101.810 (1). Prov. : Don de Fidelis Butsch fils, antiquaire à
          <lb/>Augsbourg, 1871. Notes mss.
          <lb/>Schmidt VII, No 92.
          <lb/>2418
          <lb/>VIRGILIUS Maro Publius
          <lb/>Strasbourg, J. Grüninger, 1515
          <lb/>Vergilij ma ronis dryzehen Aeneadische Bücher! von
          <lb/>Troianischer zer-störung, vnd vffgang des Römischen!!
          <lb/>Reiches. Durch doctor Murner uertütst. (!).
          <lb/>Maximiliano Dem durchleichtigen... weisen Fürsten dise
          <lb/>gelerte gab, A. E. I. O. V. [Austriae est imperator orbi uni¬
          <lb/>verso).
          <lb/>A la fin : Und ist getrucket und seligklich vollendet in der...
          <lb/>stat Straszburg von Ioannes Grüningern, uff Montag, nach
          <lb/>sant Bartholomeus tag... 1515.
          <lb/>In-4°, car. goth., CLXXXVI ff. ch. à 2 col. (en réalité 184 ff.), notes
          <lb/>marg., init. ornées, titre rouge et noir, encadré (moulin à vent) : 114 grav.
          <lb/>dont 109 de l’Enéide de 1502.
          <lb/>R. 10.023. Prov. : L. Rosenthal, Munich, 7/V, 1915, 68 M.
          <lb/>Schmidt I, N° 144 : Berlin; Ritter, BM Strasbourg, N° 2174. 2419
          <lb/>VIRGILIUS MARO Publius
          <lb/>Strasbourg, J. Knobloch, 1516
          <lb/>Bucolica... (Comme aux nos 2414 et 2415).
          <lb/>A la fin : Impressum Argen! tine per Ioannem knob ( louch.
          <lb/>Anno domini M. D. XVI. In vigiliaPetri &amp;amp; Pauli aposto¬
          <lb/>lorum.
          <lb/>In-4°, car. rom., XLII ff. non ch. —3 ff. non ch. à 3 col. (Tabula), titre
          <lb/>courant, notes marg., init. ornées V, T, O, S, G, P, T, 9; titre encadré.
          <lb/>fol. IIa : Proemium!! In. P. Virgilij Maronis Bucolica!! Hermanni
          <lb/>Torrentini II commentarij. (2 pp.).
          <lb/>R. 101.813. Prov. : Butsch (Catal. III, No 469), Augsbourg, 11/x,
          <lb/>1882, 2 M. Notes mss.
          <lb/>Schmidt VII, N° 117.
          <lb/>2420
        </p>
      </div>
    </body>
  </text>
</TEI>
