<?xml version='1.0' encoding='UTF-8'?>
<?xml-model href="https://raw.githubusercontent.com/OpenITI/tei_openiti/master/tei_openiti.rng" type="application/xml" schematypens="http://relaxng.org/ns/structure/1.0"?>
<?xml-model href="https://raw.githubusercontent.com/OpenITI/tei_openiti/master/tei_openiti.rng" type="application/xml" schematypens="http://purl.oclc.org/dsdl/schematron"?>
<TEI xmlns="http://www.tei-c.org/ns/1.0">
  <teiHeader>
    <fileDesc>
      <titleStmt>
        <title/>
      </titleStmt>
      <publicationStmt>
        <p/>
      </publicationStmt>
      <sourceDesc>
        <p/>
      </sourceDesc>
    </fileDesc>
    <profileDesc>
      <calendarDesc>
        <calendar xml:id="ah">
          <p>Anno Hegirae</p>
        </calendar>
      </calendarDesc>
    </profileDesc>
    <xenoData xml:space="preserve">
CREATED: 2024-04-11T12:19:49.169694+00:00
CREATED BY: eScriptorium vpassthistobuildcmd
IMAGE FILENAME: A121078-5014.tif
IMAGE WIDTH: 2422
IMAGE HEIGHT: 3900
</xenoData>
  </teiHeader>
  <text>
    <body>
      <div>
        <p>
          <lb/>1322
          <lb/>Getruckt zu Straszburgk durch Jacob Cammerlandern in
          <lb/>der!] Frieburger gassen. Anno M. D. XXXiiij. (Verso blanc.)
          <lb/>Au verso du dernier f., marque typ. de J. Cammerlander.
          <lb/>(H. &amp;amp; B. Planche XXIV, No 1, Silvestre, No 816.)
          <lb/>In-fol., car. goth., 4 ff. non ch. dont le dernier blanc, XXXIV ff. ch.
          <lb/>(le dernier est chiffré par erreur XXX), titre courant, réclames, notes
          <lb/>marg., init. à fig. D, et init. goth., 10 gravures, la plupart à 2 et 3 bois,
          <lb/>quelques-unes sont répétées.
          <lb/>f. 2a : Vorred.! Dem ersamen vnd weisen Ca-] sparo Sturm K. M. vnd
          <lb/>desz Reichs Erenheld, seinem lieben herren vnd guten freundt!
          <lb/>wünscht Iacobus Polychorius seinen... dienst... — Datum Straszburgk
          <lb/>kal. Septembris.
          <lb/>R. 10.507. Prov. : BN Munich, 26/xI, 1878; 1 M.
          <lb/>2e ex. R. 10.529 (2), Prov. : Bibl. Ed. Cunitz, Strasbourg 1886. Note
          <lb/>mss au bas du titre : « neu aufgelegt zu Frankfurt 1565 ».
          <lb/>Voir : Heitz, Formschneider-Arbeiten des 16 u. 17 Jahrhunderts n° 88;
          <lb/>Röttinger, Weiditz 106, 87; Nagler, Mon. 1 920, 2165.
          <lb/>Baer, Francfort-s.-M., Catalogue 500 (1907), n° 1396; 30 M. : Enthält 5,
          <lb/>häufig sich wiederholende Holzschnitte und ein Signet, die von Hans
          <lb/>Weiditz entworfen sind. Der ausführende Formschneider war der Verleger
          <lb/>J. Cammerlander, der auch den Holzschmidt auf Bl. 5a mit einem c
          <lb/>bezeichnet hat.
          <lb/>2065
          <lb/>SALOMO
          <lb/>Ha guenau, J. Secer, 1525
          <lb/>Paroi (I miai, sive prover bia Salomonis! filii Davidis,
          <lb/>Cum Adnotationibus! Philippi Melan-] chthonis.
          <lb/>Haganoae, per Iohan- nem Secerium.Cum Indic.
          <lb/>(Verso blanc.)
          <lb/>A la fin : Haganoaeapud io-hannem! Setzerium. !)
          <lb/>M. D. XXV.
          <lb/>In-8°, car. ital. et rom., 155 ff. ch., 9 ff. non ch. (Index) et 1 f. blanc,
          <lb/>titre courant, réclames, notes marg., init. ornées et init. à fig., titre
          <lb/>encadré.
          <lb/>R. 102.192 (2). Prov. : F. A. Brockhaus, Leipzig, 22/11, 1890; 3 M. 50.
          <lb/>Au verso du titre, timbre : Hamb. Publ. Bibliotheca.
          <lb/>2066
          <lb/>SALONIUS (Sanctus)
          <lb/>Haguenau, J. Secer, 1532
          <lb/>D. Salonii viennae galliarum episcopi doctiss. ad vera!
          <lb/>nium Fratrem, Dialogi duo, in quorum pri ore Parabolas
          <lb/>Salomonis, in altero au tem Ecclesiasten interpretatur.
          <lb/>Bessarionis! patriarchae constantino politani, de ea parte
          <lb/>Euangelij, Si eum uolo manere &amp;amp;c. Erudita. &amp;amp; ualde
          <lb/>utilis disceptatio.D. Iohannes AlexanderBraszicanus,
          <lb/>Iureconsultus, pietatis ergô, in !! lucem edidit.
          <lb/>Haganoae, ex officina Iohan. Sec.Anno M.D. XXXII.
          <lb/>Mense Februario. (Verso blanc.)
        </p>
      </div>
    </body>
  </text>
</TEI>
