<?xml version='1.0' encoding='UTF-8'?>
<?xml-model href="https://raw.githubusercontent.com/OpenITI/tei_openiti/master/tei_openiti.rng" type="application/xml" schematypens="http://relaxng.org/ns/structure/1.0"?>
<?xml-model href="https://raw.githubusercontent.com/OpenITI/tei_openiti/master/tei_openiti.rng" type="application/xml" schematypens="http://purl.oclc.org/dsdl/schematron"?>
<TEI xmlns="http://www.tei-c.org/ns/1.0">
  <teiHeader>
    <fileDesc>
      <titleStmt>
        <title/>
      </titleStmt>
      <publicationStmt>
        <p/>
      </publicationStmt>
      <sourceDesc>
        <p/>
      </sourceDesc>
    </fileDesc>
    <profileDesc>
      <calendarDesc>
        <calendar xml:id="ah">
          <p>Anno Hegirae</p>
        </calendar>
      </calendarDesc>
    </profileDesc>
    <xenoData xml:space="preserve">
CREATED: 2024-04-11T12:19:57.425890+00:00
CREATED BY: eScriptorium vpassthistobuildcmd
IMAGE FILENAME: A121078-5224.tif
IMAGE WIDTH: 2372
IMAGE HEIGHT: 3860
</xenoData>
  </teiHeader>
  <text>
    <body>
      <div>
        <p>
          <lb/>1534
          <lb/>A la fin : (Feuille de lierre) Getruckt zu Strasz-Il burg, bey Jacob
          <lb/>Frölich. Au-dessus et au-dessous 2 pièces d’ornement.
          <lb/>In-4°, car. goth., 56 ff. non ch. (dernier blanc), sign. A-O, réclames,
          <lb/>init. goth., titre rouge et noir, 30 gravures de différente grandeur, dont
          <lb/>une répétée trois fois; quelques-unes se trouvent aussi dans Ritter Galmy,
          <lb/>Goldfaden et Gabriotto.
          <lb/>fol. A 2a : Dem Fürsichtigen und weisen Herren!] Antoni Kuntzen,
          <lb/>diser zeit Schulteisz zû Rufach... — Datum Col- Il mar den xXVj. Hornungs
          <lb/>Anno 1554 (Pièce d’ornement), au-dessous : 4 vers.
          <lb/>Rosenthal, Munich, Catalogue-135 (1914), N° 2531 : 350 M.
          <lb/>R. 100.398. Prov. : Spirgatis, Leipzig, 7/x, 1893; 165 M.
          <lb/>2459
          <lb/>WICKRAM Georg
          <lb/>Strasbourg, Paul et Phil. Köpfel, 1555
          <lb/>Ein schoner vnd nütz-licher Dialogus, in welchem angezo¬
          <lb/>gen wirt, das mechtig hauptlaster der truncken-heit,
          <lb/>durch vil vnd mancherley Biblische (ausz!) alt vnd newem
          <lb/>Testament). Historien anzeigt,! auch viler alten heidnischen
          <lb/>exempeln, probiert was grossen unraths vom anfang der
          <lb/>welther, vnd noch herzu fliessen thut, new gedicht, vnd
          <lb/>in volgende rei-men gestelt, Durch! Jörg Wickram, Tichter
          <lb/>vnd( bürger zu Colmar.
          <lb/>Getruckt zu Strassburg, durchPaulum vnd Philippum
          <lb/>Köpff-lein, gebrüder. (l M. D. LV. (Verso blanc.).
          <lb/>In-4°, car. goth., 17 ff. non ch., sign. A-D, réclames, notes marg.,
          <lb/>titre rouge et noir.
          <lb/>fol. A 2b-A 3a : Dem ersamen vnd für Il nemen Matthis Ruffer, Burger
          <lb/>zu!] Keysersperg... Uber- [] schicke dir hiemit disz mein büchlin vnd
          <lb/>ringe ar- ] beit zu einem glückseligen newen Jar, wölches !! vollendet,
          <lb/>auff den achten tag des ein und fünff! tzigsten Jars, und geben zu
          <lb/>Colmar noch unsers!! Herren und Seligmachers geburt 1551, den 13.
          <lb/>Januarij. 11 Dein allzeit gutwilliger Jörg (] Wickram...
          <lb/>fol. A 3b : Vorred in disz Büchlin. (en vers). Il y est dit entre autres:
          <lb/>Ich sagt euch gern von landen fern
          <lb/>So kame ich nie vber meer.
          <lb/>Dann mein gröszt reisz so ich je gthan
          <lb/>Von Colmar ich gen Horb thet ghan.
          <lb/>Die stadt liegt drausz im Schwaben landt
          <lb/>An eim wasser der Necker gnant.
          <lb/>Disz war mein aller weitste reisz
          <lb/>Von keinem andern land ich weisz...
          <lb/>R. 100.397. Prov. : A. Cohn, Berlin, 26/1x 1882; 15 M. 2460
          <lb/>WICKRAM Georg
          <lb/>Strasbourg, imprimerie Knobloch, 1566
          <lb/>Der Irr Reit-tend Bilger.EIn kurtzweiligs Büchlin
          <lb/>von!! einem grossen Herren, der sich in grossem! widermut
          <lb/>zu dem fernen sanct Jacob verheissen, ! was er für abentheur
        </p>
      </div>
    </body>
  </text>
</TEI>
