<?xml version='1.0' encoding='UTF-8'?>
<?xml-model href="https://raw.githubusercontent.com/OpenITI/tei_openiti/master/tei_openiti.rng" type="application/xml" schematypens="http://relaxng.org/ns/structure/1.0"?>
<?xml-model href="https://raw.githubusercontent.com/OpenITI/tei_openiti/master/tei_openiti.rng" type="application/xml" schematypens="http://purl.oclc.org/dsdl/schematron"?>
<TEI xmlns="http://www.tei-c.org/ns/1.0">
  <teiHeader>
    <fileDesc>
      <titleStmt>
        <title/>
      </titleStmt>
      <publicationStmt>
        <p/>
      </publicationStmt>
      <sourceDesc>
        <p/>
      </sourceDesc>
    </fileDesc>
    <profileDesc>
      <calendarDesc>
        <calendar xml:id="ah">
          <p>Anno Hegirae</p>
        </calendar>
      </calendarDesc>
    </profileDesc>
    <xenoData xml:space="preserve">
CREATED: 2024-04-11T12:19:58.032739+00:00
CREATED BY: eScriptorium vpassthistobuildcmd
IMAGE FILENAME: A121078-5240.tif
IMAGE WIDTH: 2386
IMAGE HEIGHT: 3858
</xenoData>
  </teiHeader>
  <text>
    <body>
      <div>
        <p>
          <lb/>1550
          <lb/>WIMPHELING Jacobus
          <lb/>Strasbourg, J. Prüss père, (vers 1507)
          <lb/>Ad Julium.Pontificem max.Querulosa excusatio
          <lb/>Iacobi wimphelingij] ad instantiam Fratrum Augustinen¬
          <lb/>sium! ad curiam Romanam citati : ut pro Il pria in persona
          <lb/>ibidem compa reat: propterea quod scripsit! diuum Augus¬
          <lb/>tinum non fuisse mona-chum vel fra! trem mendicantem.
          <lb/>S. l. n. d. (Impression de Prüss vers 1507 certainement
          <lb/>avant 1508.)
          <lb/>In-4°, car. rom., 4 ff. non ch., sign. A, notes marg., init. ornée N.
          <lb/>fol. A 2a : Generoso Clarissimoque domino Philippo de Duno !! et
          <lb/>lapide superiori : nobilissimae Argentinen. Il ecclesiae Preposito dignis¬
          <lb/>simo: domino suo ] obseruandissimo. Jaco. wymphe... (2 pp.).
          <lb/>Au-dessous : Julio secundo Pontifici maximo. J. W. Il Scripsi Beatis-
          <lb/>sime pater. F. Augustinenses regulam et no men ab Episcopo saeculari
          <lb/>accepisse : nec id putabam!! eis stomachum mouere... (10 lignes).
          <lb/>fol. A 3a : Ad Julium secundum pon!! tificem maximum contra
          <lb/>indignam Fratrum!! Augustinensium accusationem. !! Elegia hecato¬
          <lb/>sticha Jacobi wimphelingij. (50 dist.).
          <lb/>&amp;quot;R. 102.223 (1). Prov. : B. Liebisch, Leipzig, 23/xI, 1888; 70 M. Notes
          <lb/>mss.
          <lb/>2e ex. R. 102.224. Prov. : Bibl. Ch. Schmidt avec son ex-libris à l’inté¬
          <lb/>rieur de la couverture. Notes mss. au titre.
          <lb/>3e ex. &amp;quot;R. 102.225. Prov. : Bibl. Böcking.
          <lb/>4e ex. &amp;quot;R. 102.226. Prov. : Bibl. Heitz. Notes mss. Au recto du f. de
          <lb/>garde : « (1507-1508), Vide Amoenitates Friburgenses, t. II, p. 289 ».
          <lb/>Schmidt, III, No 63 : Bibl. St.-Guillaume, Strasbourg et son exemplaire;
          <lb/>Ritter: BM Strasbourg, n° 2229. Knepper, Wimpfeling, p. 194-196.
          <lb/>2481
          <lb/>WIMPHELING Jacobus
          <lb/>(Strasbourg, 1507]
          <lb/>Jacobus Wimphelingus Jacobo Sturmio christianarum litte¬
          <lb/>rarum auditori et Cosmo Wolphio Haselacensi canonico.
          <lb/>Voir: BERNARDUS CLARAVALLENSIS, In Symbolum
          <lb/>apostolorum.
          <lb/>R. 101.330; n° 187.
          <lb/>2482
          <lb/>beO: (WIMPHELING Jacobus), 9u; Anolous ton Togofr Strasbourg, 1507
          <lb/>est
          <lb/>impt; Huffafe Calbiess
          <lb/>Auisamentum de con- cubinariis non absoluendis....
          <lb/>A la fin: Ex Argentina. Anno. M. CCCCC. vij. (Verso blanc.)
          <lb/>In-4°, car. goth., 8 ff. non ch., sign. A-B.
          <lb/>R. 101.458. Prov. : Baer, Francfort-s.-M., 22/xI, 1878; sans indic. de
          <lb/>prix. Walter: Sélestatt, N° 715. (Voir titre p. 1551).
          <lb/>Lonocs At Deobngré bol
          <lb/>2483
          <lb/>WIMPHELING Jacobus
          <lb/>Haguenau, H. Gran, 1508
          <lb/>Adolescentia Iacobi! wimphelingij cum nouis quibusdam
          <lb/>additio nibus per Gallinarium denuo reuisa ac elimata.
        </p>
      </div>
    </body>
  </text>
</TEI>
