<?xml version='1.0' encoding='UTF-8'?>
<?xml-model href="https://raw.githubusercontent.com/OpenITI/tei_openiti/master/tei_openiti.rng" type="application/xml" schematypens="http://relaxng.org/ns/structure/1.0"?>
<?xml-model href="https://raw.githubusercontent.com/OpenITI/tei_openiti/master/tei_openiti.rng" type="application/xml" schematypens="http://purl.oclc.org/dsdl/schematron"?>
<TEI xmlns="http://www.tei-c.org/ns/1.0">
  <teiHeader>
    <fileDesc>
      <titleStmt>
        <title/>
      </titleStmt>
      <publicationStmt>
        <p/>
      </publicationStmt>
      <sourceDesc>
        <p/>
      </sourceDesc>
    </fileDesc>
    <profileDesc>
      <calendarDesc>
        <calendar xml:id="ah">
          <p>Anno Hegirae</p>
        </calendar>
      </calendarDesc>
    </profileDesc>
    <xenoData xml:space="preserve">
CREATED: 2024-04-11T12:20:00.725493+00:00
CREATED BY: eScriptorium vpassthistobuildcmd
IMAGE FILENAME: A121078-5299.tif
IMAGE WIDTH: 2466
IMAGE HEIGHT: 3860
</xenoData>
  </teiHeader>
  <text>
    <body>
      <div>
        <p>
          <lb/>1609
          <lb/>Kiel BU, 14, 18, 34, 8, 59, 67, 152,
          <lb/>Knobloch, Jean père (impr. Stras¬
          <lb/>198, 248, 303, 331, 342, 4, 352,
          <lb/>bourg), 6, 8, 9, 21, 53, 65, 7, 72, 83,
          <lb/>7, 377. 395, 413, 465, 474, 513,
          <lb/>96, 98-100, 106, 140-142, 145-148,
          <lb/>562, 587, 598, 605, 6, 7, 610, 725,
          <lb/>179, 187, 208, 209, 238-241, 3, 257-
          <lb/>732, 8, 780, 2, 796, 8, 806, 816,
          <lb/>259, 326, 7, 8, 336, 340, 402, 3, 426,
          <lb/>841, 850, 867, 877, 882, 916, 920,
          <lb/>472, 6, 498, 554, 6, 570, 6, 596,
          <lb/>1, 3, 5, 8, 931, 965, 1012, 1081,
          <lb/>638, 9, 643, 4, 741, 750, 752-56,
          <lb/>2248.
          <lb/>758. 9, 761-72, 774-76, 778-80, 826,
          <lb/>Kierherus, Joh., 996, 7, 1331.
          <lb/>838, 844, 5, 871, 2, 8, 886, 895,
          <lb/>Kilian, Wolfg. (sculpsit 1654), 1462.
          <lb/>947, 8, 950, 2, 7, 964, 973, 986, 9,
          <lb/>Kirbiller (Antiquaire, anc. poss. 1833),
          <lb/>992. 3. 1007, 1035, 6, 1058, 1070,
          <lb/>1942.
          <lb/>1101, 1123, 8, 1134, 5, 1172, 1220,
          <lb/>Kirchen, David (Lindaviensis), 518.
          <lb/>3, 1239, 1240, 2, 1250, 4, 1262, 3,
          <lb/>Kirchen, Marcus, 518.
          <lb/>1301, 1323, 1335, 8, 1348, 1359,
          <lb/>Kirchhoff &amp;amp; Wigand (Leipzig, anc.
          <lb/>1389, 1409, 1411, 2, 8, 1426, 7.
          <lb/>poss. 1890), 1194, 1416, 1964,
          <lb/>1430, 3, 4, 6, 1461-3, 1492, 8, 1517,
          <lb/>2032.
          <lb/>9, 1563, 4, 1570, 4, 1618, 9, 1627, 8,
          <lb/>Kirchner (famille, anc. poss.), 968.
          <lb/>1636, 1671, 1738, 1746-8, 1751, 2,
          <lb/>Kirchner, Christophorus, 457.
          <lb/>1786, 1790, 1805, 1826, 9, 1849,
          <lb/>Kistler, Barthélemy (impr. Stras¬
          <lb/>1855, 9, 1862, 1870, 1, 1880, 1900¬
          <lb/>bourg), 241, 822, 1123, 1349, 1350,
          <lb/>1902, 2011, 8, 2114, 6, 2192, 3,
          <lb/>1402, 2110.
          <lb/>2244, 2260, 2276, 7, 2285, 2286, 7,
          <lb/>Klaus, Franciscus (anc. poss. 1616),
          <lb/>9, 2295, 6, 2301, 2, 7, 8, 2317,
          <lb/>182.
          <lb/>2320, 5, 2332, 3, 2345, 7, 2354,
          <lb/>Klee, Caspar (anc. poss.), 2168.
          <lb/>2360, 2, 2371, 2376, 2389a, 2401,
          <lb/>Klee, Georg (von Mansfeld), 1286, 7.
          <lb/>2412-18, 2420, 2, 2457, 2461,
          <lb/>Kleiderfeller (?) (anc. poss. 1720),
          <lb/>2461a, 2461b, 2461c, 2461d, 2462,
          <lb/>1284.
          <lb/>2470-72, 2474, 5, 9, 2484, 7, 2490,
          <lb/>Klein, Carolus (montis S. Andechs,
          <lb/>4, 6, 2500.
          <lb/>anc. poss.), 1546.
          <lb/>Knobloch, Jean fils (impr. Stras-
          <lb/>Klein, Joh. (pasteur à Waldkirchen,
          <lb/>bourg), 597, 1288, 1846. 2778, 9,
          <lb/>anc, poss.), 1374.
          <lb/>2332.
          <lb/>Klein, Joh. Georg (anc. poss. anno
          <lb/>Knod, Gustav, 2183.
          <lb/>1764), 1421.
          <lb/>Knoder, Joh., 158.
          <lb/>Klein, L. (Strasbourg, anc. poss.
          <lb/>Knogler, Quirinus, 230.
          <lb/>1894), 901.
          <lb/>Knoll, Henricus (Nobilis Anglus,
          <lb/>Kleinschrod Dr. (Jouy, anc. poss.
          <lb/>1563), 2509, 2510.
          <lb/>1897), 1275.
          <lb/>Kobenhaupt, Sebaldus, 2158, 9.
          <lb/>Kleinwächter, H. Joseph, 826.
          <lb/>Koberger, Antonius, 1633.
          <lb/>Klemm, Gustav (anc. poss.), 1919.
          <lb/>Koberger, Joh. (impr. Nuremberg),
          <lb/>Klet, Gallus (Probst des Stift Luten¬
          <lb/>928, 1248, 1887, 1959.
          <lb/>bach), 1866.
          <lb/>Kobian (impr. Haguenau), 151, 267,
          <lb/>Klincksieck (Paris, vente Mehl 1873),
          <lb/>8, 586, 790, 1. 931, 998, 1352,
          <lb/>1163.
          <lb/>1534, 2075, 2352, 3.
          <lb/>Klinger, Hieronymus, 867.
          <lb/>Köbner, Wilh. (antiquaire Breslau)
          <lb/>Kloss, Georgius (Francfort-s.-M. anc.
          <lb/>(anc. poss. 1885), 397, 587, 923,
          <lb/>poss.), 2283, 2469.
          <lb/>1115, 1141, 1282, 2148.
          <lb/>Klüber, Friedrich, 181.
          <lb/>Kobolt, Joh. B., 246.
          <lb/>Knabe frères (anc. poss.), 960.
          <lb/>Köchlin (Coccinius), Michael), 543.
          <lb/>Knapp, Albert, 1939.
          <lb/>Koednit, Wolfgang, 518.
          <lb/>Knaust, Heinrich, 1313.
          <lb/>Koehler, K. F., 1968.
          <lb/>Kneer, Sébastien, 921.
          <lb/>Königsberg BU, 11, 30, 3, 4, 5, 48,
          <lb/>Knepper (Wimpheling, 1902), 2469,
          <lb/>54, 8, 77, 9, 87, 112, 127, 130, 135,
          <lb/>2471, 2, 3, 4, 5, 6, 7, 8, 2481, 5, 6, 9.
          <lb/>137, 142, 152, 9, 160, 171, 188, 190,
          <lb/>Kniebs, Jac., 2163, 2202, 2210.
          <lb/>196, 197, 201, 207, 213, 214, 221,
          <lb/>Kniebs, Nic. (Scholarchus Arg.),
          <lb/>8, 233, 246, 8, 255, 264, 5, 6, ,78.
          <lb/>283, 1329, 2071, 2428.
          <lb/>273, 284, 291, 3, 4, 297, 308, 9,
          <lb/>Kniewiss, Claus (Altammeister, Strass¬
          <lb/>312, 324, 331, 2, 343, 355, 364, 5,
          <lb/>burg), 2102.
          <lb/>6, 371, 2, 4, 7, 380, 1, 2, 3, 5, 8,
          <lb/>Knipsius, Nicolaus, 797, 1270, 1.
          <lb/>405, 6, 7, 8, 416, 418, 9, 420, 1, 2,
          <lb/>Knoblich. Augustin (anc. poss.), 826.
          <lb/>9, 441, 442a, 446, 7, 460, 4, 465,
        </p>
      </div>
    </body>
  </text>
</TEI>
