<?xml version='1.0' encoding='UTF-8'?>
<?xml-model href="https://raw.githubusercontent.com/OpenITI/tei_openiti/master/tei_openiti.rng" type="application/xml" schematypens="http://relaxng.org/ns/structure/1.0"?>
<?xml-model href="https://raw.githubusercontent.com/OpenITI/tei_openiti/master/tei_openiti.rng" type="application/xml" schematypens="http://purl.oclc.org/dsdl/schematron"?>
<TEI xmlns="http://www.tei-c.org/ns/1.0">
  <teiHeader>
    <fileDesc>
      <titleStmt>
        <title/>
      </titleStmt>
      <publicationStmt>
        <p/>
      </publicationStmt>
      <sourceDesc>
        <p/>
      </sourceDesc>
    </fileDesc>
    <profileDesc>
      <calendarDesc>
        <calendar xml:id="ah">
          <p>Anno Hegirae</p>
        </calendar>
      </calendarDesc>
    </profileDesc>
    <xenoData xml:space="preserve">
CREATED: 2024-04-11T12:19:55.520949+00:00
CREATED BY: eScriptorium vpassthistobuildcmd
IMAGE FILENAME: A121078-5171.tif
IMAGE WIDTH: 2350
IMAGE HEIGHT: 3854
</xenoData>
  </teiHeader>
  <text>
    <body>
      <div>
        <p>
          <lb/>1479
          <lb/>Oxford, Bibl. Bodleiana; Ritter, Catal. BM Strasbourg, N° 1121;
          <lb/>Walter: Sélestat, N° 2340.
          <lb/>Rosenthal, Munich, Catalogue 135 (1914), N° 2351 : 120 M. Harrisse,
          <lb/>p. 247, N° 213 : « Un passage se référant à l’Amérique se trouve à la
          <lb/>page 296 ».
          <lb/>2361
          <lb/>TROVAMOLA Baptista
          <lb/>Strasbourg, J. Knobloch, 1516
          <lb/>Summa Roselle De casibus conscientie: cum! nouellis
          <lb/>quibusdam doctorum recentiorum decisionibus : ab innume¬
          <lb/>riserratis summo studio repurgata : quod facile deprehendat
          <lb/>quisquis hunclibrum, cum mendosis exemplis prius Venetijs
          <lb/>impressis contulerit.
          <lb/>Ottomarus. N. [achtgall] Argentinus ad lectorem Ende¬
          <lb/>casyllabon. (15 vers.)
          <lb/>Cum gratia &amp;amp; priuilegio in primapagina formulis
          <lb/>excuso.
          <lb/>A la fin : Rosella casuum finit Impressa Argentine per
          <lb/>Joan-em Knoblouch chalcographum Anno Domini.
          <lb/>M.(CCCCC. XVj. die XXVj, mensis februarij.
          <lb/>In-fol., car. goth., 2 col., 19 ff. non ch. (verso du dernier blanc), CCLXV
          <lb/>ff. ch., titre courant, init. ornées R, A; titre rouge et noir encadré: au
          <lb/>haut et des deux côtés des ornements, au bas une galerie à colonnes, au
          <lb/>milieu de laquelle l’empereur Maximilien sur son trône, à ses pieds, un
          <lb/>écu avec l’aigle impériale; dans le coin de gauche, le monogramme de
          <lb/>Baldung Grien.
          <lb/>L’auteur du livre est le franciscain Baptiste Trovamola; Otmar
          <lb/>Nachtgall (Luscinius) dit dans sa dédicace au prévôt et à l’écolâtre de
          <lb/>St.-Thomas, qu’il a corrigé les nombreuses fautes de l’édition de Venise
          <lb/>qu’il a fait réimprimer.
          <lb/>fol. A a 2b : Tabula (8 ff.).
          <lb/>R. 10.224. Prov. : Don de la Fürstlich Bentheim’sche Bibl. du couvent
          <lb/>de Frenswegen, 1874.
          <lb/>Exemplaire incomplet, titre et préfaces manquent.
          <lb/>2e ex. &amp;quot;R. 10.376. Prov. : Don de la Bibliothèque de Stuttgart, 1871.
          <lb/>Au bas du titre, timbre : « Biblioth. Publ. Reg. Stuttg. » et un second
          <lb/>timbre, Veräusserte Doublette.
          <lb/>Oxford, Bibl. Bodleiana; Proctor II, Sectio I, No 10.095 : Londres,
          <lb/>British Museum; Schmidt, VII, N° 109 : jadis Bibl. de Strasbourg, Incun.
          <lb/>N° 4674, BM Colmar; Ritter, Catal. BM Strasbourg, N° 2118. 2362
          <lb/>TUDESCHIS Nicolaus de
          <lb/>Strasbourg, J. Schott, 1510
          <lb/>Lectura aurea domini Abbatis antiqui super quinque!
          <lb/>libris Decre-talium.
          <lb/>Ad Lectorem distychon.Puluere quem texit priscorum
          <lb/>in gloria torpens, Abbas sum : Schotti pressus aratro leui.
          <lb/>fol. 225, avant l’Index : Usui litterario iuri vacantium,
          <lb/>impensis J. V. Docoris (!) Georgij Maxilli : I] curie episcopalis
          <lb/>Argentin.Signatoris : JoannesSchottus! pressit. !
        </p>
      </div>
    </body>
  </text>
</TEI>
