<?xml version='1.0' encoding='UTF-8'?>
<?xml-model href="https://raw.githubusercontent.com/OpenITI/tei_openiti/master/tei_openiti.rng" type="application/xml" schematypens="http://relaxng.org/ns/structure/1.0"?>
<?xml-model href="https://raw.githubusercontent.com/OpenITI/tei_openiti/master/tei_openiti.rng" type="application/xml" schematypens="http://purl.oclc.org/dsdl/schematron"?>
<TEI xmlns="http://www.tei-c.org/ns/1.0">
  <teiHeader>
    <fileDesc>
      <titleStmt>
        <title/>
      </titleStmt>
      <publicationStmt>
        <p/>
      </publicationStmt>
      <sourceDesc>
        <p/>
      </sourceDesc>
    </fileDesc>
    <profileDesc>
      <calendarDesc>
        <calendar xml:id="ah">
          <p>Anno Hegirae</p>
        </calendar>
      </calendarDesc>
    </profileDesc>
    <xenoData xml:space="preserve">
CREATED: 2024-04-11T12:19:59.560121+00:00
CREATED BY: eScriptorium vpassthistobuildcmd
IMAGE FILENAME: A121078-5279.tif
IMAGE WIDTH: 2436
IMAGE HEIGHT: 3858
</xenoData>
  </teiHeader>
  <text>
    <body>
      <div>
        <p>
          <lb/>Bruno, Jacobus (anc, poss. 1589), 478.
          <lb/>Burlaeus, 339-340.
          <lb/>Brunschwig, Hieronymus (Strasbourg,
          <lb/>Burleigh, Walter. Voir : Burlaeus.
          <lb/>médecin), 309-313, 842, 987, 1205,
          <lb/>Burmann (Rektor der Stadibibl.
          <lb/>2016, 2030.
          <lb/>Frankfurt a. M.), 2299.
          <lb/>Brutus, Marcus, 2264.
          <lb/>Buerne, J. van, 1236.
          <lb/>Bruwyler, Joh. (de oppido S. Galli,
          <lb/>Burnzelius, Frid., 228.
          <lb/>Constansiensis dioc.), 2258.
          <lb/>Busch, Herm. (anc. poss.), 129, 132,
          <lb/>Bruxelles Bibl. Roy., 325, 756.
          <lb/>134, 138, 139, 140, 143, 149, 702,
          <lb/>Bryllisoverus, Jac. (Medicus Abbatis-
          <lb/>cellensis, 1542), 2037, 9.
          <lb/>1735.
          <lb/>Bub, Veltin (anc. poss. 1636), 1111.
          <lb/>Bustis, Bernardinus de, 341-348.
          <lb/>Buccoldianus, Gerardus, 324.
          <lb/>Butsch, A. F. (Rätselbuch), 1972.
          <lb/>Butsch (Büchevornamentik), 888,
          <lb/>Bucer, Elisabeth, 2073.
          <lb/>1065, 1227, 1240.
          <lb/>Bucer, Martin, 350-392, 435-437.
          <lb/>Butsch (Antiquaire Augsbourg poss.
          <lb/>440, 670, 1091, 1173, 4, 1337,
          <lb/>1871), 6, 13, 23, 24, 40, 43, 46, 50, 61,
          <lb/>1422, 8, 1438, 1938, 2073.
          <lb/>Bucer, Sarah, 2073.
          <lb/>83, 127, 128, 132, 148, 153, 158,
          <lb/>173, 187, 190, 203, 216, 251, 8, 9,
          <lb/>Buchanan, Georgius (Scotus), 316,
          <lb/>337, 342, 6, 8, 424, 7, 473, 488, 492,
          <lb/>820, 1.
          <lb/>544, 7, 9, 568, 575, 608, 626, 645,
          <lb/>Buchhammer, Philippus, 2465a.
          <lb/>647, 664, 674, 5, 705, 721, 732, 749,
          <lb/>Buchrucker, 2011.
          <lb/>767, 772, 845, 866, 871, 5, 940, 3,
          <lb/>Buchstab, Joh. (Von Wintertur,
          <lb/>961, 4, 987, 8, 995, 1028, 1031, 8,
          <lb/>Schulmeister in Zofingen.), 321-323.
          <lb/>1043, 1090, 1103, 1125, 9, 1133, 5, 6,
          <lb/>Buck (Flurnamenbuch), 1554, 7.
          <lb/>1154, 1167, 1190, 1209, 2113, 1240,
          <lb/>Bucoldinus, Gerardus, 324.
          <lb/>1276, 1283, 4, 1295, 1300, 1315, 6,
          <lb/>Budaeus, Guilielmus, 32, 89, 733, 1893.
          <lb/>1335, 1340, 4, 1354, 1412, 1462, 3,
          <lb/>Buddeberg Dr (Nassau anc. poss.),
          <lb/>1475, 1569, 1572, 1586, 1609, 1635,
          <lb/>215.
          <lb/>7, 1733, 9, 1743, 1753, 1789, 1792,
          <lb/>Bude, K., 1938.
          <lb/>4, 1803, 1818, 8, 9, 1822, 1832, 1855,
          <lb/>Budorinus. Voir : Gallinarius.
          <lb/>1885, 1897, 1907, 1912, 1942, 5,
          <lb/>Büfler, Jost (Isnc. im. Algau), 1836.
          <lb/>Büfler, Peter (Isna im Algäu 1536,
          <lb/>1974, 9, 1982, 1991, 4, 2020, 2050,
          <lb/>3, 2103, 2115, 8, 2135, 2181, 2230,
          <lb/>frère du précédent), 2153.
          <lb/>2243, 2274, 2299, 2324, 2334, 6, 7,
          <lb/>Bugenhagen, Joh. (Pomeranus), 325¬
          <lb/>2353, 2360, 2372, 9, 2399, 2408,
          <lb/>329, 1438, 1450.
          <lb/>2418, 2420, 4, 6, 7, 2438, 2443,
          <lb/>Buhahylyha, Bynyezla, 330.
          <lb/>2450, 2498, 2510, 2526.
          <lb/>Bühler, Joh. Friedr. (anc. poss. 1701),
          <lb/>Butsch (Angsbourg. Vente Bibl.
          <lb/>517.
          <lb/>Buxheim 1883), 1818, 9, 1821,
          <lb/>Buhl (Strasbourg, anc. poss., 1, 968,
          <lb/>1832, 3, 1840, 1852, 1854.
          <lb/>1874), 1409, 2152.
          <lb/>Buttbrot, Joh. (zu Schwarzach), 790.
          <lb/>Bund, Sigismond (impr. Haguenau),
          <lb/>Buxtorfius, Joh. (anc. poss.), 2078.
          <lb/>1916, 2186.
          <lb/>Buxheim. Voir : Monastères.
          <lb/>Bunderlius, Sébastien, 29.
          <lb/>Bünemann, 1874.
          <lb/>Bunhosius, Ant., 576.
          <lb/>Burchardus Anvilensis, 1899.
          <lb/>Burchardus (Urspergensis), 331, 332.
          <lb/>Caas, Nicolaus (Cancellarius Fride¬
          <lb/>rici II, Danorum Regis), 2194.
          <lb/>Burede, 959.
          <lb/>Caecilius Cyprianus (Episcopus Car¬
          <lb/>Burenius, Arnoldus, 1549, 1551.
          <lb/>thaginiensis), 1869.
          <lb/>Burgauer, Dominicus (médecin), 333-
          <lb/>Caesarius, Joh. (Cologne), 654, 1670.
          <lb/>334.
          <lb/>Cajetanus, Daniel, 1848.
          <lb/>Burgaüer, Joh. (Scaphusanus), 1088,
          <lb/>Cajetanus, Thomas, 153, 154, 1796.
          <lb/>Calaminus (Roerich), Georg (Silber¬
          <lb/>Burgauer, Benedict (Doctor), 611, 612.
          <lb/>Burger, Paul (Summissarius Episcopi
          <lb/>bergensis, Silesius), 393-399, 1473,
          <lb/>2228.
          <lb/>Argent., 1507), 2021.
          <lb/>Calb, Jacobus, 837.
          <lb/>Burgkmair, Hans, 596, 957, 1799.
          <lb/>Calentius, Elysius (Amphratensis,
          <lb/>Burgo, Joh. de (Cantabrigiensis Uni¬
          <lb/>versitatis Cancellarius), 3363-37.
          <lb/>Croacus), 400.
          <lb/>Calepinus, Ambrosius (Bergomas),
          <lb/>Burgower, Joh. (Prof. Strasbourg,
          <lb/>401-402.
          <lb/>médecin), 338.
          <lb/>Callimachus, P., 2389.
          <lb/>1589
        </p>
      </div>
    </body>
  </text>
</TEI>
