<?xml version='1.0' encoding='UTF-8'?>
<?xml-model href="https://raw.githubusercontent.com/OpenITI/tei_openiti/master/tei_openiti.rng" type="application/xml" schematypens="http://relaxng.org/ns/structure/1.0"?>
<?xml-model href="https://raw.githubusercontent.com/OpenITI/tei_openiti/master/tei_openiti.rng" type="application/xml" schematypens="http://purl.oclc.org/dsdl/schematron"?>
<TEI xmlns="http://www.tei-c.org/ns/1.0">
  <teiHeader>
    <fileDesc>
      <titleStmt>
        <title/>
      </titleStmt>
      <publicationStmt>
        <p/>
      </publicationStmt>
      <sourceDesc>
        <p/>
      </sourceDesc>
    </fileDesc>
    <profileDesc>
      <calendarDesc>
        <calendar xml:id="ah">
          <p>Anno Hegirae</p>
        </calendar>
      </calendarDesc>
    </profileDesc>
    <xenoData xml:space="preserve">
CREATED: 2024-04-11T12:19:51.154515+00:00
CREATED BY: eScriptorium vpassthistobuildcmd
IMAGE FILENAME: A121078-5065.tif
IMAGE WIDTH: 2382
IMAGE HEIGHT: 3862
</xenoData>
  </teiHeader>
  <text>
    <body>
      <div>
        <p>
          <lb/>1373
          <lb/>SPANGENBERG Conradus
          <lb/>Strasbourg, S. Emmel, 1560
          <lb/>Der Heylige Psalter des Königklichen Propheten
          <lb/>Davids in gewisse und ordent-liche Hauptartickel verfas¬
          <lb/>set, durch!M. Conradum Span-genberg.
          <lb/>Marque typ. de Samuel Emmel. (H. &amp;amp; B. Planche XXXV,
          <lb/>n° 1; Silvestre, No 822.)
          <lb/>Straszburg, Anno M. D. LX. (Verso blanc.)
          <lb/>A la fin : Gedruckt zu Straszburg bey(Samuel Emmel.!
          <lb/>Anno. M. D. LX. (Verso blanc.)
          <lb/>In-8°, car. goth., 6 ff. non ch., CCLV ff. ch., 6 ff. non ch. (table), titre
          <lb/>courant, réclames, notes marg., titre rouge et noir.
          <lb/>fol. A 2a non ch. : Den... Fürstinnen und Frâwen, Frauwen! Anna,
          <lb/>Geborne Hertzogin zu Stettin, Pom- Il mern, &amp;amp;c. Und auch Freüwlin
          <lb/>Maria, beyden! Fürstinnen Anhalt... Wün-] sche ich Conradus Span¬
          <lb/>genberg M... — Datum im Thal !! Manszfeldt j. Octob. M. D. LIX. !I
          <lb/>M. Conradus Spangenberg. (Préface de 8 pp.).
          <lb/>fol. A 6a non ch. : An den Christlichen Le- I ser, M. Cyriacus Span¬
          <lb/>genberg. (2 pages.)
          <lb/>R. 102.040. Prov. : Baer, Francfort-s.-M., 16/VI, 1894; sans indic. de
          <lb/>prix.
          <lb/>Au bas du titre, timbre : Bibl. Bernhard Vratisl.
          <lb/>Bibliographie Spangenberg. Voir : Schottenloher II, Nos 20298-20322.
          <lb/>2166
          <lb/>SPANGENBERG Cyriacus
          <lb/>Strasbourg, S. Emmel, 1560
          <lb/>Der Weyse vnd Gerechte Knecht Gottes! das ist,
          <lb/>Das LIII. Capitel E- I) saie, von des Herren Jesu Chri- sti
          <lb/>Gehorsam, Verdienst, Ley-den, Sterben, Uberwindung,
          <lb/>Lohn, Leben, Preysz vnd Herrlich-keyt.Auszgelegt
          <lb/>vnd Ge- predigt, durch M. Cyriacum Span-genberg.
          <lb/>Getruckt zu Straszburg, beySamuel Emmel, M. D. LX.
          <lb/>(Verso blanc.)
          <lb/>A la fin : Gedruckt zu Straszburg,  bey Samuel Emmel,
          <lb/>im Jar,M. D. LX.
          <lb/>In-8°, car. goth., CLXIII ff. ch., 6 ff. non ch. (Table), titre courant,
          <lb/>réclames, notes marg., titre rouge et noir.
          <lb/>fol. 2a : Dem Ehrwürdigen Her- ren Gregorio Tüppenhak, Pfarr
          <lb/>herrn der gemeyne Christi zû Ha-tzekerode... — Geben im Thal
          <lb/>Mansz !! feld. M. D. LVIII. 11 M. Cyriacus Spangenberg. (7 pp.).
          <lb/>R. 101.992. Prov. : L. Rosenthal, Munich, 11/1x, 1889; 6 M.
          <lb/>2167
          <lb/>SPANGENBERG Cyriacus
          <lb/>Strasbourg, S. Emmel, 1562
          <lb/>Die Epistel des Heyligen! Apostels S. ! Pauli an! Titum.
          <lb/>Auszgelegt durch M. Cyriacum Span-] genberg.
          <lb/>Getruckt zu Strasz-burg, bey Samuel!! Emmel.
          <lb/>M. D. LXII. (Verso blanc.)
        </p>
      </div>
    </body>
  </text>
</TEI>
