<?xml version='1.0' encoding='UTF-8'?>
<?xml-model href="https://raw.githubusercontent.com/OpenITI/tei_openiti/master/tei_openiti.rng" type="application/xml" schematypens="http://relaxng.org/ns/structure/1.0"?>
<?xml-model href="https://raw.githubusercontent.com/OpenITI/tei_openiti/master/tei_openiti.rng" type="application/xml" schematypens="http://purl.oclc.org/dsdl/schematron"?>
<TEI xmlns="http://www.tei-c.org/ns/1.0">
  <teiHeader>
    <fileDesc>
      <titleStmt>
        <title/>
      </titleStmt>
      <publicationStmt>
        <p/>
      </publicationStmt>
      <sourceDesc>
        <p/>
      </sourceDesc>
    </fileDesc>
    <profileDesc>
      <calendarDesc>
        <calendar xml:id="ah">
          <p>Anno Hegirae</p>
        </calendar>
      </calendarDesc>
    </profileDesc>
    <xenoData xml:space="preserve">
CREATED: 2024-04-11T12:19:59.284680+00:00
CREATED BY: eScriptorium vpassthistobuildcmd
IMAGE FILENAME: A121078-5275.tif
IMAGE WIDTH: 2422
IMAGE HEIGHT: 3864
</xenoData>
  </teiHeader>
  <text>
    <body>
      <div>
        <p>
          <lb/>1585
          <lb/>Bebel, Henri, 37, 38, 40, 41, 42, 43,
          <lb/>Benno, Franciscus (Rottenpuoche,
          <lb/>44, 164-175, 1125-1131, 2256, 2284,
          <lb/>anc. poss. 1676), 888.
          <lb/>2478.
          <lb/>Benrath, Karl, 1661.
          <lb/>Bebenburg, Lupoldus, 1407.
          <lb/>Bensheimer, J. (antiquaire Strasbourg,
          <lb/>Bechoffen, Joh., 176.
          <lb/>anc. poss.), 233, 415, 659, 855, 859,
          <lb/>Becht, Michel, 1455.
          <lb/>861, 865, 1235, 1294, 1349, 1614,
          <lb/>1738, 2365.
          <lb/>Bechtholt vom Rhein (Altbürger¬
          <lb/>meister, Frankfurt), 1094.
          <lb/>Bentheimsche Bibliothek (Frenswe¬
          <lb/>Bechtold, Conrad, 1888.
          <lb/>gen, anc. poss.), 63, 347, 823,
          <lb/>Bechtoldus, Stephanus, 183.
          <lb/>1010, 1182, 1790, 1830, 4, 2362.
          <lb/>Beck, Balthasar (impr. Strasbourg),
          <lb/>Bentz, Joh., 181-182.
          <lb/>110, 160, 478, 9, 690, 793, 882,
          <lb/>Bentzius, Joh. (Bruxellensis), 539,
          <lb/>894, 6, 994, 1111, 2, 1160, 1178, 9,
          <lb/>2242.
          <lb/>1205, 1270-73, 1369, 1370, 1405,
          <lb/>Bentzius, Joh. Melchior, 2096.
          <lb/>1753, 2026, 2031-35, 2038-39, 2041,
          <lb/>Benzheim. Voir : Monastères.
          <lb/>2, 2115, 6, 2428, 9, 2434, 2437, 2516.
          <lb/>Benzing 207, 249, 352, 389, 541.
          <lb/>Beck, Carl (Leipzig, anc. poss.), 839,
          <lb/>Beraldus, Nic. 135, 759, 778, 787, 1391,
          <lb/>840.
          <lb/>2388.
          <lb/>Beck H. C. (antiquaire Nördlingen
          <lb/>Berchtold, Stephanus, 183, 1643.
          <lb/>anc. poss.), 19, 170, 241, 417, 607,
          <lb/>Berger, Thiébaud (impr. Strasbourg),
          <lb/>1406, 1429, 1439, 1441, 1443, 1740,
          <lb/>391, 466, 7, 1008, 1734, 2314, 2393,
          <lb/>1809, 1813, 2122.
          <lb/>2519, 2533.
          <lb/>Beck, René (impr. Strasbourg), 14,
          <lb/>Berger-Levrault (anc. poss.), 842,
          <lb/>15, 64, 192, 254, 544, 5, 832, 1043,
          <lb/>1632, 2155.
          <lb/>4, 1120, 1138, 1139, 1140, 1205,
          <lb/>Beringer, Joh., 2309.
          <lb/>1304, 1596, 1878, 1944, 2340, 3,
          <lb/>Berken, Joh., 186.
          <lb/>2357, 8, 2434, 5, 7.
          <lb/>Berlage Dr. (Strasbourg, anc. poss.
          <lb/>Beckham (Prof. Marbourg), 1326.
          <lb/>1884), 1333.
          <lb/>Beckmann, Otto (Canonicus Wittem¬
          <lb/>Berlin B. N., 1, 2, 6-8, 10, 11, 14, 17-
          <lb/>bergensis), 1505.
          <lb/>21, 29, 32, 3, 36, 37, 40-43, 47-50,
          <lb/>Beda, 331, 823, 824.
          <lb/>54-60, 7, 9, 74, 77, 8, 9, 118, 119,
          <lb/>Beda. Voir aussi : Eusebius : Historia
          <lb/>121, 122, 123, 124, 125, 128, 129, 130,
          <lb/>ecclesiastica.
          <lb/>135, 136, 139, 144, 149, 151, 152,
          <lb/>Bedrotus, Jacobus, 74, 76, 360, 616-
          <lb/>153, 154, 155, 156, 158, 160, 161,
          <lb/>618, 620, 1121, 1193, 1417, 2073,
          <lb/>162, 165, 166, 170, 171, 172, 173,
          <lb/>2204.
          <lb/>174, 178, 179, 180, 182, 184, 187,
          <lb/>Beguin, J. (Vente Huber, Strasbourg
          <lb/>188, 190, 191, 193, 195, 196, 197,
          <lb/>1885), 973, 5, 6, 1531.
          <lb/>198, 199, 200, 201, 202, 203, 207,
          <lb/>Beheim, Laurentius (Canonicus Divi
          <lb/>209, 210, 211, 213, 214, 215, 217,
          <lb/>Stephani Babenbergae), 1390.
          <lb/>8, 9, 220, 1, 3, 5, 7, 8, 230, 2, 3,
          <lb/>Behein, Hans, 957.
          <lb/>234, 7, 240, 1, 2, 3, 5, 6, 7, 8, 9,
          <lb/>Beher, Hugold, 1657.
          <lb/>250, 1, 3, 5, 6, 257, 260, 1, 2, 4,
          <lb/>Behr, B. (Berlin), 1313.
          <lb/>5, 6, 7, 271, 2, 3, 4, 5, 6, 7, 8, 280,
          <lb/>Beijers, J. L. (Utrecht), 74, 75.
          <lb/>3, 4, 5, 6, ,7 8, 9, 291, 5, 9, 300,
          <lb/>Belial, 1255.
          <lb/>1, 2, 3, 307, 8, 9, 310, 2, 3, 4, 5,
          <lb/>Bellarmin, Robert (Politianus, Soc.
          <lb/>7, 9, 321, 2, 4, 5, 326, 8, 9, 331,
          <lb/>Jesu), 1766.
          <lb/>6, 7, 9, 340, 2, 3, 4, 6, 7, 8, 351,
          <lb/>Bellarminus Robertus. Voir : Pappus,
          <lb/>4, 5, 6, 357, 8, 361, 2, 3, 4, 5, 6.
          <lb/>Joh. Contradictiones anno 1597.
          <lb/>7, 9, 371, 2, 4, 5, 7, 9, 380, 1, 2, 3,
          <lb/>Beltrandus, Franciscus (Comes), 1340,
          <lb/>4, 5, 6, 7, 388, 390, 2, 5, 7, 8, 9,
          <lb/>2263.
          <lb/>402, 3, 4, 6, 7, 8, 410, 3, 4, 5, 6,
          <lb/>Bembo, Petrus, 521, 534 2,051.
          <lb/>7, 8, 9, 420, 1, 2, 3, 6, 7, 8, 9, 430,
          <lb/>Bembus, Bernardus, 142, 147.
          <lb/>1, 2, 3, 5, 6, 7, 9, 440, 1, 2, 442a,
          <lb/>Benedictbeuren. Voir : Monastères.
          <lb/>446, 8, 460, 4, 5, 9, 470, 1, 2, 4, 7,
          <lb/>Benedictus XII (pape), 1407.
          <lb/>478, 480, 1, 3, 4, 9, 492, 4, 6, 501,
          <lb/>Benedictus (Brixilianus), 153, 154.
          <lb/>4, 505, 6, 510, 3, 4, 5, 6, 7, 8, 521,
          <lb/>Benedictus, Alexander, 180.
          <lb/>531, 532, 3, 4, 5, 7, 8, 9, 541, 4,
          <lb/>Benevenutus, 1624.
          <lb/>8, 9, 550, 2, 5, 9, 560, 1, 2, 5, 9,
          <lb/>Bengel, Joh. Albertus (anc. poss.
          <lb/>570, 1, 3, 4, 5, 6, 579, 581, 2, 3, 6,
          <lb/>1720), 816.
          <lb/>7, 9, 593, 5, 6, 7, 8, 9, 600, 4, 5,
          <lb/>Benignus, Georgius, 1390.
          <lb/>6, 7, 8, 610, 1, 2, 6, 7, 672, 3,5,
          <lb/>R. 100
        </p>
      </div>
    </body>
  </text>
</TEI>
