<?xml version='1.0' encoding='UTF-8'?>
<?xml-model href="https://raw.githubusercontent.com/OpenITI/tei_openiti/master/tei_openiti.rng" type="application/xml" schematypens="http://relaxng.org/ns/structure/1.0"?>
<?xml-model href="https://raw.githubusercontent.com/OpenITI/tei_openiti/master/tei_openiti.rng" type="application/xml" schematypens="http://purl.oclc.org/dsdl/schematron"?>
<TEI xmlns="http://www.tei-c.org/ns/1.0">
  <teiHeader>
    <fileDesc>
      <titleStmt>
        <title/>
      </titleStmt>
      <publicationStmt>
        <p/>
      </publicationStmt>
      <sourceDesc>
        <p/>
      </sourceDesc>
    </fileDesc>
    <profileDesc>
      <calendarDesc>
        <calendar xml:id="ah">
          <p>Anno Hegirae</p>
        </calendar>
      </calendarDesc>
    </profileDesc>
    <xenoData xml:space="preserve">
CREATED: 2024-04-11T12:19:50.122633+00:00
CREATED BY: eScriptorium vpassthistobuildcmd
IMAGE FILENAME: A121078-5040.tif
IMAGE WIDTH: 2404
IMAGE HEIGHT: 3862
</xenoData>
  </teiHeader>
  <text>
    <body>
      <div>
        <p>
          <lb/>1348
          <lb/>A la fin: Impressum Argentinae per Iohan-em
          <lb/>Knoblouch. Anno do!! mini. M. D. XVI. ( XVII. die! Iulij.
          <lb/>In-4°, car. rom., 4 ff. non ch., XXV ff. ch., titre courant, init. ornées,
          <lb/>titre encadré par J. Baldung Grien : dans la bande supérieure deux
          <lb/>monstres marins, dans celle de gauche, un arbre; en bas, à gauche, St. Jean
          <lb/>assis, écrivant, à côté de lui, l’aigle; vis-à-vis, à droite, la Vierge avec
          <lb/>l’enfant, debout sur le croissant; dans la bande inférieure, un paysage,
          <lb/>dans le coin de droite, le monogramme de Baldung.
          <lb/>R. 100.475. Prov. : Butsch, Augsbourg, 12/x, 1883; 2 M.
          <lb/>Schmidt VII, N° 118.
          <lb/>2118
          <lb/>SERAPION Iohannes
          <lb/>Strasbourg, G. Ulricher, 1531
          <lb/>Entre 2 feuilles de lierre : In Hoc Volumi-ne Continentur.
          <lb/>Insignium Medicorum,Ioan. Serapionis Arabis De
          <lb/>Simplicibus Medicinis opus praecla-rum &amp;amp; ingens.
          <lb/>Averrois Arabis, De eisdem Liber eximius.
          <lb/>Rasis Filii Zachariae,De eisdem Opusculum perutile.
          <lb/>Incerti Item Autoris De Cen taureo Libellus hactenus.
          <lb/>Galeno. [] inscriptus. Dictionum Arabicarum iuxta (I atque
          <lb/>Latinarum Index ualde necessarius.
          <lb/>Marque typ. de G. Ulricher. (H. &amp;amp; B. Planche XXII, n° 3;
          <lb/>Silvestre, n° 735.)
          <lb/>In Quorum Emendata Excusione, ne quid desyderaretur,
          <lb/>Othonis Brunfelsij!! singulari fide &amp;amp; diligentia! cautum est :
          <lb/>(Feuille de lierre.) (Verso blanc.)
          <lb/>A la fin : Argentorati Excudebat Georgius! Ulricher
          <lb/>Andlanus, Anno!! M. D. XXXI. Mense!! Septembri.
          <lb/>Au verso, marque typ. de G. Ulricher. (H. &amp;amp; B., Planche XXII,
          <lb/>n°
          <lb/>7.
          <lb/>In-fol., car. rom., 10 ff. non ch., 397 pp. ch., titre courant, réclames,
          <lb/>init. à fig. et init. ornées.
          <lb/>fol. 2a non ch. : Generosissimo II Domino D. Bernardo Co- Il miti à
          <lb/>Solms, &amp;amp; Domino in Mintzenberg... OthoBrunfelsius. S. D... — Ar-1l
          <lb/>gentorati. Quarto Calend. Septembris, Anno. Millesimo II
          <lb/>quingentesimo, tri!] gesimo primo. (4 feuilles de lierre en forme de croix.)
          <lb/>fol. 3a non ch. : Lectori Otho!! Brunfelsius.
          <lb/>Suivent 14 pp. à 2 col. (Index.)
          <lb/>fol. 8b non ch. : Avtorum Catalo!! gus, qui a Serapione!! Citantur.
          <lb/>R. 10.280. Prov. : Bibl. Hermann, Strasbourg.
          <lb/>Annotations mss, au verso du f. de garde : « Bibliothecae Hermanianae».
          <lb/>R. 10.281 (1). Don de la Bibl. Univ. de Göttingen 1872. Annotations mss.
          <lb/>Choulant p. 372. BN Paris Te 139, 5.
          <lb/>Baer, Francfort-s.-M., Catalogue 500 (1907), N° 1403 (3). 2119
          <lb/>SERENUS SAMONICUS Q., Praecepta medica. Voir: CELSUS,
          <lb/>De re medica.
          <lb/>Haguenau, J. Secer, 1528
          <lb/>SERMONES discipuli. Voir: HEROLT Johannes.
        </p>
      </div>
    </body>
  </text>
</TEI>
