<?xml version='1.0' encoding='UTF-8'?>
<?xml-model href="https://raw.githubusercontent.com/OpenITI/tei_openiti/master/tei_openiti.rng" type="application/xml" schematypens="http://relaxng.org/ns/structure/1.0"?>
<?xml-model href="https://raw.githubusercontent.com/OpenITI/tei_openiti/master/tei_openiti.rng" type="application/xml" schematypens="http://purl.oclc.org/dsdl/schematron"?>
<TEI xmlns="http://www.tei-c.org/ns/1.0">
  <teiHeader>
    <fileDesc>
      <titleStmt>
        <title/>
      </titleStmt>
      <publicationStmt>
        <p/>
      </publicationStmt>
      <sourceDesc>
        <p/>
      </sourceDesc>
    </fileDesc>
    <profileDesc>
      <calendarDesc>
        <calendar xml:id="ah">
          <p>Anno Hegirae</p>
        </calendar>
      </calendarDesc>
    </profileDesc>
    <xenoData xml:space="preserve">
CREATED: 2024-04-11T12:19:53.297409+00:00
CREATED BY: eScriptorium vpassthistobuildcmd
IMAGE FILENAME: A121078-5118.tif
IMAGE WIDTH: 2336
IMAGE HEIGHT: 3856
</xenoData>
  </teiHeader>
  <text>
    <body>
      <div>
        <p>
          <lb/>1426
          <lb/>brium. I] Anno.., millesimo, quin- Il gentesimo, quadragesimo!! quarto.
          <lb/>(Dédicace de 13 pp.).
          <lb/>R 101.379. Prov. : Bibl. publ. de Dresde-Neustadt, 7/VII. 1896; 3 M.
          <lb/>A l’intérieur de la couverture : ex-libris avec l’inscription : Friedr.
          <lb/>August II. 2. B. O.
          <lb/>2266
          <lb/>TANSTETTER Georgius Collimitius, Strasbourg, G. Ulricher, 1531
          <lb/>Artifici!! um de Applicatione!! Astrologiae ad Medicinam,
          <lb/>deque!! conuenientia earundem, Ge! orgij Collimitij Tans¬
          <lb/>teteri.!! Canones aliquot, &amp;amp; quae dam alia, quorum Ca
          <lb/>talogum reperies in! proxima pagella.
          <lb/>Argentorati, Anno Il M. D. XXXI. (! Mense Martio.
          <lb/>A la fin : Argentorati apud! Georgium Ulricherum, Mense!
          <lb/>Aprili, An. M. D. XXXI.
          <lb/>In-8°, car, rom., 61 ff. ch., 3 ff. non ch., dont le dernier blanc, titre
          <lb/>courant, annotations mss. marg., réclames, init. à fig. A, H; titre encadré,
          <lb/>ornements d’architecture, colonnes; bordure inférieure, guerriers.
          <lb/>fol. A 2a : D. Mikaeli!! Hero, Medico Argentinen-si peritissimo,
          <lb/>Otho Brunrelsius... Argentorati Kalendis Martij. Anno M. D. XXXI.
          <lb/>(en car. ital.). Au verso du f. 61 : Proportione Horaria faci- liter inue¬
          <lb/>nienda Tabula. Au verso de l’avant-dernier et au recto du dernier f. :
          <lb/>Numerus dierum anni pro invenien- !] da mora infantis in utero.
          <lb/>Au verso du dernier f. : Ad Lectorem Otho B. (1 p.).
          <lb/>R 101.138. Provenance inconnue.
          <lb/>Bibliographie Tannstetter. Voir : Schottenloher II, N° 21063-21063a.
          <lb/>2287
          <lb/>TAPPIUS Eberhardus
          <lb/>Strasbourg, W. Rihel, 1539
          <lb/>Germani!! corum Adagiorum!! Cum Latinis ac Grae-II cis
          <lb/>collatorum, Centu!! riae septem. !! Per Eberhardum Tappium
          <lb/>Lunensem. (2 vers grecs.)
          <lb/>Cum gratia &amp;amp; priuilegio Imperialiad Septennium.
          <lb/>Ex Libera Argentina, in aedibusVuendelini Rihelij,
          <lb/>Anno II M. D. XXXIX.
          <lb/>In-8°, car. rom., ital., grecs et goth., 244 ff. ch., 19 ff. non ch. (Index),
          <lb/>titre courant, réclames, init. blanches sur fond noir L, V.
          <lb/>Au verso du titre : Wendeli!] nus Rihelius, Ty!! pographus, Lectori!!
          <lb/>Salutem... — Argentinae. Idibus Martii !! Anno 1539. Contient 100 pro¬
          <lb/>verbes en bas-allemand.
          <lb/>R. 101.554. Prov. : Bibl. Heitz, Strasbourg.
          <lb/>Annotation au crayon: « Das letzte Blatt mit Druckerzeichen fehlt.»
          <lb/>D’après Borching-Claussen, Niederdeutsche Bibliographie 1931/37,
          <lb/>n° 1313, l’index est suivi de 2 ff. blancs dont le dernier contient la marque
          <lb/>typ. de Rihel.
          <lb/>Exemplaires : BN Berlin, Munich, BU Bonn, Breslau, Dortmund,
          <lb/>Dresden, Goettingen, Halle, Koenigsberg; Landesbibliothek Stuttgart
          <lb/>et Wolfenbüttel.
          <lb/>Bibliographie Tappius. Voir : Schottenloher II, Nos 21064-21071.
          <lb/>2268
        </p>
      </div>
    </body>
  </text>
</TEI>
