<?xml version='1.0' encoding='UTF-8'?>
<?xml-model href="https://raw.githubusercontent.com/OpenITI/tei_openiti/master/tei_openiti.rng" type="application/xml" schematypens="http://relaxng.org/ns/structure/1.0"?>
<?xml-model href="https://raw.githubusercontent.com/OpenITI/tei_openiti/master/tei_openiti.rng" type="application/xml" schematypens="http://purl.oclc.org/dsdl/schematron"?>
<TEI xmlns="http://www.tei-c.org/ns/1.0">
  <teiHeader>
    <fileDesc>
      <titleStmt>
        <title/>
      </titleStmt>
      <publicationStmt>
        <p/>
      </publicationStmt>
      <sourceDesc>
        <p/>
      </sourceDesc>
    </fileDesc>
    <profileDesc>
      <calendarDesc>
        <calendar xml:id="ah">
          <p>Anno Hegirae</p>
        </calendar>
      </calendarDesc>
    </profileDesc>
    <xenoData xml:space="preserve">
CREATED: 2024-04-11T12:19:58.084546+00:00
CREATED BY: eScriptorium vpassthistobuildcmd
IMAGE FILENAME: A121078-5243.tif
IMAGE WIDTH: 2384
IMAGE HEIGHT: 3862
</xenoData>
  </teiHeader>
  <text>
    <body>
      <div>
        <p>
          <lb/>1553
          <lb/>WIMPHELING Jacobus
          <lb/>(Strasbourg, 15101
          <lb/>Contra turpem libellum Philomusi...
          <lb/>Cũtra turnem lihellũ Philomusi
          <lb/>Defensio theologiç scholasticę &amp;amp; neotericorum,
          <lb/>Continent in hoc opusculo sa lacobo Vuim, licen.
          <lb/>extemporali &amp;amp; tumultuaria syntaxi concinnato:
          <lb/>Virtuosa sterilis musç ad nobilt &amp;amp; subtilem philosophiam
          <lb/>comparatio.
          <lb/>Subtilis dialecticg theologiç scholastice qut per quęstiones
          <lb/>procedit defensio.
          <lb/>Theologorum de duobus vitñs quȩ mulopoua ipsis assœi¬
          <lb/>psit ecusatio.
          <lb/>Asino poetę insidet pica loquar,
          <lb/>Asino prophetę (Zacharir, ix.)insidet saluatos
          <lb/>noster verax,
          <lb/>In-4°, car. rom., 18 ff. non ch., sign. A-d, titre courant; au verso du
          <lb/>dernier f., grav. sur bois, encadrée de 4 lignes.
          <lb/>S. 1. n. d.
          <lb/>Au verso du titre: Mulo poeta in prima charta turpissimi libelli sui hac!
          <lb/>facie secunda depingi foecit nouem musas, sertis ornatas; &amp;amp; in manibus
          <lb/>varia musicae instrumenta tenen!! tes, veluti psallerent ad choream.
          <lb/>R. 98
        </p>
      </div>
    </body>
  </text>
</TEI>
