<?xml version='1.0' encoding='UTF-8'?>
<?xml-model href="https://raw.githubusercontent.com/OpenITI/tei_openiti/master/tei_openiti.rng" type="application/xml" schematypens="http://relaxng.org/ns/structure/1.0"?>
<?xml-model href="https://raw.githubusercontent.com/OpenITI/tei_openiti/master/tei_openiti.rng" type="application/xml" schematypens="http://purl.oclc.org/dsdl/schematron"?>
<TEI xmlns="http://www.tei-c.org/ns/1.0">
  <teiHeader>
    <fileDesc>
      <titleStmt>
        <title/>
      </titleStmt>
      <publicationStmt>
        <p/>
      </publicationStmt>
      <sourceDesc>
        <p/>
      </sourceDesc>
    </fileDesc>
    <profileDesc>
      <calendarDesc>
        <calendar xml:id="ah">
          <p>Anno Hegirae</p>
        </calendar>
      </calendarDesc>
    </profileDesc>
    <xenoData xml:space="preserve">
CREATED: 2024-04-11T12:19:48.964688+00:00
CREATED BY: eScriptorium vpassthistobuildcmd
IMAGE FILENAME: A121078-5012.tif
IMAGE WIDTH: 2426
IMAGE HEIGHT: 3900
</xenoData>
  </teiHeader>
  <text>
    <body>
      <div>
        <p>
          <lb/>1320
          <lb/>SALLUSTIUS, Von der Zusammen-Rottung Catilinae. Voir:
          <lb/>NEPOS, Vom Ursprung des römischen Reichs.
          <lb/>Strasbourg, J. Cammerlander, s. d.
          <lb/>SALLUSTIUS Crispus
          <lb/>Strasbourg, M. Schürer, 1512
          <lb/>C. Crispi Salvstii Bellum Catilinarium.
          <lb/>Item.Bellum Iugurthinum.eiusdem.]Item.
          <lb/>Variae rationes ex libris eiusdem! historiarum exceptae.
          <lb/>Item.C. Crispi Salustij Vita.Lector Eme, Lege, Et
          <lb/>Probabis.
          <lb/>P
          <lb/>A la fin : Argentorat. Ex aedibus Schurerianis. Men- Il se
          <lb/>Augusto. Anno. M. D. XII.Tempus obserua.
          <lb/>Regnante Magnanimo Imp. Caes. Maximi-liano. P. F. Aug.
          <lb/>P. Q. P. (Verso blanc.)
          <lb/>In-4°, car, rom., XCIV ff. ch., titre courant, notes marg., init. d’attente.
          <lb/>Au verso du titre : Baltasar Fidelis Iv. U. Do. Et Modoe !] ciensis
          <lb/>Ecclesiae Archi !! praesbiter ad Le- Il ctorem...
          <lb/>R. 101.759. Proy. : BN Munich, 18/xI, 1878; 0,50 M.
          <lb/>Schmidt VIII, n° 82; Ritter, Catal. BM Strasbourg, 1869. 2060
          <lb/>SALLUSTIUS Crispus
          <lb/>Strasbourg, M. Schürer, 1513
          <lb/>C. Crispi Sallvstii de coniuratione Catilinae. Eiusdem.
          <lb/>De bello Iugurthino. Item.CCrispi Sallustij vita.
          <lb/>Marque typ. de M. Schürer (H. &amp;amp; B., Planche XII, No 2.)
          <lb/>Lector Eme, Lege, EtProbabis.T. O. (— Tempus Observal.
          <lb/>A la fin : Argentorati, Ex Aedibus Schu-rerij, Mense
          <lb/>Decembri.Anno M. D. XIII. Regnante Imperatore
          <lb/>Caes. Maximiliano.P. F. Aug. P. P.
          <lb/>In-4°, car. rom., LXI ff. ch., 2 non ch., titre courant, init. ornées.
          <lb/>Au verso du titre : Baltasar Fidelis Iv. U. Do. Et Mo II doeciensis
          <lb/>Ecclesiae Archi!! praesbiter ad Le- [] ctorem.
          <lb/>R. 101.758. Prov. : Albert Unflad, Zurich, 7/x, 1890; 2 M. Annot. mss.
          <lb/>Schmidt VIII, n° 114.
          <lb/>2081
          <lb/>SALLUSTIUS Crispus
          <lb/>Strasbourg, M. Schürer, 1517
          <lb/>C. Crispi Sal! lustii bellum cati-linarium.&amp;quot;,item.
          <lb/>bellum iugurthinvm.Eiusdem. Index praeterea eorum,
          <lb/>quae ex hoc ope-re ueniunt notatu memora- tuque digna.
          <lb/>A la fin : Argentorati ex aedibus Schurerianis. Men- se
          <lb/>Octobri. Anno. M. D. XVII. (Verso blanc.).
          <lb/>In-4°, car, rom., 4 ff. non ch., LVIII ff. ch., titre courant, notes marg.,
          <lb/>titre encadré. Voir p. 55 pour les bandes supérieure et inférieure, les
          <lb/>ornements des bandes latérales sont un peu différents (colonnes avec des
          <lb/>génies nus).
          <lb/>Au verso du titre: Nicolavs Gerbellivs dd. do-I ctor studioso Lectori. S. D.
        </p>
      </div>
    </body>
  </text>
</TEI>
