<?xml version='1.0' encoding='UTF-8'?>
<?xml-model href="https://raw.githubusercontent.com/OpenITI/tei_openiti/master/tei_openiti.rng" type="application/xml" schematypens="http://relaxng.org/ns/structure/1.0"?>
<?xml-model href="https://raw.githubusercontent.com/OpenITI/tei_openiti/master/tei_openiti.rng" type="application/xml" schematypens="http://purl.oclc.org/dsdl/schematron"?>
<TEI xmlns="http://www.tei-c.org/ns/1.0">
  <teiHeader>
    <fileDesc>
      <titleStmt>
        <title/>
      </titleStmt>
      <publicationStmt>
        <p/>
      </publicationStmt>
      <sourceDesc>
        <p/>
      </sourceDesc>
    </fileDesc>
    <profileDesc>
      <calendarDesc>
        <calendar xml:id="ah">
          <p>Anno Hegirae</p>
        </calendar>
      </calendarDesc>
    </profileDesc>
    <xenoData xml:space="preserve">
CREATED: 2024-04-11T12:19:52.600063+00:00
CREATED BY: eScriptorium vpassthistobuildcmd
IMAGE FILENAME: A121078-5093.tif
IMAGE WIDTH: 2356
IMAGE HEIGHT: 3848
</xenoData>
  </teiHeader>
  <text>
    <body>
      <div>
        <p>
          <lb/>1401
          <lb/>Marque typ. de Josias Rihel. (H. &amp;amp; B. Planche XXXII,
          <lb/>No 14.)
          <lb/>Cum gratia &amp;amp; Priuilegio Caesarisad annos octo.
          <lb/>M. D. LXX. (Verso blanc.).
          <lb/>In-80, car, ital, et grees, 176 ff. ch., titre courant, réclames, init. H.
          <lb/>R. 101.397 (2), Prov. : Nolte (Catal. 1, N° 1088), Berlin, 20/xII, 1881;
          <lb/>1M.
          <lb/>Ritter, BM Strasbourg, n° 2004.
          <lb/>2220
          <lb/>STURM Johannes
          <lb/>Strasbourg, Josias Rihel, 1571
          <lb/>Joannis Sturmij!! Partitionum Dialecticarum!! Libri IIII.
          <lb/>Emendati &amp;amp; aucti.
          <lb/>Marque typ. de Josias Rihel. (H. &amp;amp; B. Planche XXXI,
          <lb/>No 9; Silvestre, No 599.) Verso blanc.
          <lb/>A la fin : Argentorati!] per Josiam Rihelium.(M. D. LXXI.
          <lb/>In-8°, car. rom., 8 ff. non ch., 246 ff. ch., titre courant, réclames, notes
          <lb/>marginales, initiales ornées D, B.
          <lb/>fol. A 2a non ch. ; Michaeli et Bartholomaeo Petreis, Ioanes Sturmius
          <lb/>S. P. D... — Argentorati pridie Idus Martij. Anno 1539.
          <lb/>R. 100.021. Prov. : W. Hausknecht, St. Gallen (Catal. 53, N° 228),
          <lb/>17/x, 1882; 4 M.
          <lb/>A l&amp;#x27;intérieur de la couverture : « Jos. Weder jur. &amp;amp; phil. ».
          <lb/>A la couverture. «B P S», en bas «1574 ».
          <lb/>Oxford, Bibl. Bodleiana.
          <lb/>2221
          <lb/>STURM Johannes
          <lb/>Strasbourg, Josias Rihel, 1571
          <lb/>Ioannis Sturmii!! Scholae in Libros Duos!! Hermogenis de
          <lb/>Formis!! Orationum seu Di- cendi Generibus.
          <lb/>Marque typ. de J. Rihel. (H. &amp;amp; B. Planche XXXII, No 14.)
          <lb/>Cum Gratia &amp;amp; priuilegio Caesareo! ad annos octo.
          <lb/>M. D. LXXI. (Verso blanc.)
          <lb/>In-8°, car. ital., 424 pp. ch., titre courant, réclames, init. ornée A et
          <lb/>init. d’attente.
          <lb/>R. 101.398 (2). Prov. : E. Nolte, Bonn, 20/xII, 1881.
          <lb/>Ritter, BM Strasbourg, n° 2005.
          <lb/>2222
          <lb/>STURM Johannes
          <lb/>Strasbourg, Josias Rihel, 1571
          <lb/>Ioannis Sturmii! Scholae in Librum Hermo- genis de
          <lb/>Ratione Tra-] ctandae Gravita-] tis Occultae.
          <lb/>Marque typ. de J. Rihel, (H. &amp;amp; B. Planche XXXI, No 9;
          <lb/>Silvestre, N° 599.)
          <lb/>Cum Gratia &amp;amp; priuilegio Caesareo, ad annos octo.
          <lb/>M. D. LXXI. (Verso blanc.)
          <lb/>A la fin : Argentorati Excu-[ debat Iosias Rihelius Mense
          <lb/>Iulio. M. D. LXXI. (Verso blanc.)
        </p>
      </div>
    </body>
  </text>
</TEI>
