<?xml version='1.0' encoding='UTF-8'?>
<?xml-model href="https://raw.githubusercontent.com/OpenITI/tei_openiti/master/tei_openiti.rng" type="application/xml" schematypens="http://relaxng.org/ns/structure/1.0"?>
<?xml-model href="https://raw.githubusercontent.com/OpenITI/tei_openiti/master/tei_openiti.rng" type="application/xml" schematypens="http://purl.oclc.org/dsdl/schematron"?>
<TEI xmlns="http://www.tei-c.org/ns/1.0">
  <teiHeader>
    <fileDesc>
      <titleStmt>
        <title/>
      </titleStmt>
      <publicationStmt>
        <p/>
      </publicationStmt>
      <sourceDesc>
        <p/>
      </sourceDesc>
    </fileDesc>
    <profileDesc>
      <calendarDesc>
        <calendar xml:id="ah">
          <p>Anno Hegirae</p>
        </calendar>
      </calendarDesc>
    </profileDesc>
    <xenoData xml:space="preserve">
CREATED: 2024-04-11T12:20:01.599760+00:00
CREATED BY: eScriptorium vpassthistobuildcmd
IMAGE FILENAME: A121078-5314.tif
IMAGE WIDTH: 2416
IMAGE HEIGHT: 3850
</xenoData>
  </teiHeader>
  <text>
    <body>
      <div>
        <p>
          <lb/>1624
          <lb/>Radziwil, Nic. Christophorus, 578,
          <lb/>Reichlin-Meldegg, 113.
          <lb/>812, 3, 1034.
          <lb/>Raibell, Joh. Bern., (anc. poss.), 293.
          <lb/>Reichmann, Henricus (Trevirensis,
          <lb/>anc. poss.), 1762.
          <lb/>Raimundus, 447.
          <lb/>Ralla, Joh., 587.
          <lb/>Reiff — Ryff, Walter.
          <lb/>Reiffenstein, Albertus, 1540, 5.
          <lb/>Ramingen, Jacob von (Lüblachsperg),
          <lb/>Reiffenstein, Guilielmus (ex Wittem¬
          <lb/>1905.
          <lb/>berga), 1502, 1536, 1540, 1544.
          <lb/>Rampflenen, Franz von (anc. poss.),
          <lb/>Reiffenstein, Joh., 1540, 5.
          <lb/>207.
          <lb/>Rampigollis, Antonius de, 1966, 7.
          <lb/>Reihingius, Sigismundus (anc. poss.
          <lb/>Ramsaw, Henrich, 611, 612.
          <lb/>1573), 725.
          <lb/>Ramus, P., 2097.
          <lb/>Reimann, 856, 2299.
          <lb/>Randow, D. Joachim à, 538.
          <lb/>Reims BU, 750.
          <lb/>Ranshofen. Voir : Monastères.
          <lb/>Reindell, Wilhelm, 1368.
          <lb/>Rantzow, Cajus, 1761.
          <lb/>Reinecken, Christophorus von
          <lb/>Rantzow, Detleff, 1761.
          <lb/>(Thurmcustor der h. Stifft Trier
          <lb/>Rantzow, Henricus, 1342, 1698, 9,
          <lb/>1513), 968.
          <lb/>2006.
          <lb/>Reinerus (Canonicus majoris ecclesiae
          <lb/>Rasarius, Joh. Baptista, 1970.
          <lb/>Coloniensis), 1670.
          <lb/>Rasser, Joh. (Pfarrherr zu Ensiheim,
          <lb/>Reinhart (König zu Hierusalem und
          <lb/>1574), 1971.
          <lb/>Sicilien, Herzog zu Lothringen,
          <lb/>Raesteriscus, P., 2497.
          <lb/>1509), 2407.
          <lb/>Rath, Wilhelm (Esslingen, anc. poss.
          <lb/>Reinlein, Michael (1576), 2228.
          <lb/>1887), 750, 1189, 1190, 1578, 2114,
          <lb/>Reisch, Georgius, 961, 978, 1262.
          <lb/>2345, 2503.
          <lb/>Reisch, Gregorius, 1983-87, 2478.
          <lb/>Ratisbonne. Voir : Monastères.
          <lb/>Reisenbusch, Wolfgang, 327.
          <lb/>Ratsamhausen, Albertus de, 143, 149,
          <lb/>Reislein. Voir : Reuschel, Caspar.
          <lb/>1042.
          <lb/>Remlin, Eustachius, 229.
          <lb/>Ratsamhausen, Samson à, 537.
          <lb/>Rembold, Joh. (Hattensis), 1524.
          <lb/>Raumer von (anc. poss.), 1554, 7.
          <lb/>Renata (filia LudovicixII et Annae),
          <lb/>Rauthe, Oscar (Berlin, anc. poss.
          <lb/>2525.
          <lb/>1913), 606, 780, 1112, 1362, 1401,
          <lb/>Renatus, Joh. (Sacerdos ex Wijla,
          <lb/>1508, 1536, 2293, 2411, 2519.
          <lb/>1511), 2488.
          <lb/>Ravensberg, Joh. de (Coloniensis),
          <lb/>Rendsberg, Wolfgang (anc. poss.), 644.
          <lb/>1826, 9.
          <lb/>Renftius, Joh., 184,
          <lb/>Raymond (Cardinal), 1209.
          <lb/>Rensberger, Nicolaus, 2080.
          <lb/>Raymundus de Pennat Forti, 174,5.
          <lb/>Renz (anc. poss.), 898.
          <lb/>Rechburger, Arbogastus (Praetor),
          <lb/>Reppusius, Caspar (Eckhardhusianus,
          <lb/>219, 806.
          <lb/>1581), 1988.
          <lb/>Rechburger, Beatus Ludovicus (1578),
          <lb/>Rest (Fribourg), 390, 434, 705, 6,
          <lb/>1020.
          <lb/>708-712, 714-723, 725, 6, 728, 9,
          <lb/>Rechburger, Joh., 2154.
          <lb/>733, 737, 8, 741, 744-746, 750-754,
          <lb/>Redlin, Martin, 228.
          <lb/>757-761, 763, 4, 9, 770, 771, 775.
          <lb/>Redgrave, G. R., 2068.
          <lb/>Rettig, G. (anc. poss. Strasbourg), 162,
          <lb/>Redwicz, Federicus, 1318.
          <lb/>1013, 1421, 1445, 1734, 1756, 1980,
          <lb/>Reffeck, Sebastianus, 37.
          <lb/>2063, 2147, 2229, 2330, 2388, 2451.
          <lb/>Refrigerius, Joh. Bapt., 127.
          <lb/>Reuchlin, Joh., 2, 86, 105, 106, 702,
          <lb/>Regensburg BM, 268, 327, 9.
          <lb/>758. 1225, 1390, 1990-94, 2149,
          <lb/>Regius, Ernestus, 2327.
          <lb/>2503.
          <lb/>Rehfelius, Georg Adolphus (Winninga,
          <lb/>Reuschel, Caspar (von Hagenau,
          <lb/>Mosellanus, anc. poss. 1715), 1272.
          <lb/>Stallmeister des h. Reichs Freistadt
          <lb/>Rehling, Freiherr von (Hainhofen),
          <lb/>Strassburg), 1995, 6.
          <lb/>1356.
          <lb/>Reusner, Bartholomaeus (Vratisla¬
          <lb/>Rehlinger, Ulrich (Augsbourg), 368.
          <lb/>viensis, Silesius 1599), 818, 1997.
          <lb/>Rehlinger, Wolfgang (Augsbourg), 368.
          <lb/>Reusner, Christophorus (Syndicus der
          <lb/>Reiber, E. (Strasbourg, anc. poss.
          <lb/>1896), 891, 2007, 2034, 2452
          <lb/>Reichardus (Archiepiscopus, Trier,
          <lb/>1998.
          <lb/>Reusner, Elias (Leorinus), 818, 930,
          <lb/>1523), 2196.
          <lb/>Reichardus, Paul (anc. poss. 1640),
          <lb/>2004.
          <lb/>Reusner, Jeremias (Leorinus 1586),
          <lb/>683.
          <lb/>2003.
        </p>
      </div>
    </body>
  </text>
</TEI>
