<?xml version='1.0' encoding='UTF-8'?>
<?xml-model href="https://raw.githubusercontent.com/OpenITI/tei_openiti/master/tei_openiti.rng" type="application/xml" schematypens="http://relaxng.org/ns/structure/1.0"?>
<?xml-model href="https://raw.githubusercontent.com/OpenITI/tei_openiti/master/tei_openiti.rng" type="application/xml" schematypens="http://purl.oclc.org/dsdl/schematron"?>
<TEI xmlns="http://www.tei-c.org/ns/1.0">
  <teiHeader>
    <fileDesc>
      <titleStmt>
        <title/>
      </titleStmt>
      <publicationStmt>
        <p/>
      </publicationStmt>
      <sourceDesc>
        <p/>
      </sourceDesc>
    </fileDesc>
    <profileDesc>
      <calendarDesc>
        <calendar xml:id="ah">
          <p>Anno Hegirae</p>
        </calendar>
      </calendarDesc>
    </profileDesc>
    <xenoData xml:space="preserve">
CREATED: 2024-04-11T12:20:00.813607+00:00
CREATED BY: eScriptorium vpassthistobuildcmd
IMAGE FILENAME: A121078-5302.tif
IMAGE WIDTH: 2464
IMAGE HEIGHT: 3862
</xenoData>
  </teiHeader>
  <text>
    <body>
      <div>
        <p>
          <lb/>1612
          <lb/>Levovitius, Cyprianus (Duhemus),
          <lb/>Locer, Joh. (Medicinarum doctor),
          <lb/>1212.
          <lb/>Levy, (antiquaire, Strasbourg), 236.
          <lb/>665, 2126.
          <lb/>Lexer, Dr. M. (anc. poss.), 886.
          <lb/>Locher. Jac. (Philomusus), 959, 1603,
          <lb/>1985, 2274, 2275, 8, 2280, 2474,
          <lb/>Leyrer (Pasteur à Plochingen, don
          <lb/>2486.
          <lb/>1880), 2244.
          <lb/>Locher, Joh. Carolus, 806.
          <lb/>Leysser Christophorus (Idoltzberg,
          <lb/>Lochmeyer, Michael (Canonicus eccle¬
          <lb/>Austrius), 183, 456.
          <lb/>siae Pataviensis), 1382, 3.
          <lb/>L’Héritier (anc. poss.), 1031.
          <lb/>Libaltus, Joh., 1355-58.
          <lb/>Lodtmann, C. H. L. (anc. poss.), 2205.
          <lb/>Liber, Antonius (Susatensis), 2430, 1.
          <lb/>Londres, British Museum. Voir;
          <lb/>Proctor.
          <lb/>Lichtenberger (Vente 1832), 2142.
          <lb/>Lonicer, Jean, 198, 1189, 1190, 5, 8,
          <lb/>Liebenau, Th. de (Berne, anc. poss.),
          <lb/>1384, 5, 1433, 2303, 2422.
          <lb/>1014, 1042, 1346, 1599, 1600, 1602,
          <lb/>1613, 1673, 1902, 2469.
          <lb/>Lontzen, Joh. (Aquisgranensis), 1386.
          <lb/>Liebisch, B. (Leipzig, anc. poss. 1888),
          <lb/>Lopim, Jacobus, 757.
          <lb/>752, 2476, 2481, 4.
          <lb/>Lorcher, Joh. C., 219.
          <lb/>Lorck, J. (Pastor Hafniensis, anc.
          <lb/>Liepmannsohn (Berlin, anc. poss.
          <lb/>1918), 1414.
          <lb/>poss.), 363.
          <lb/>Lilly (Lilius), Guilhelmus, 760, 6.
          <lb/>Lorenz, Alfred (Leipzig, anc. poss.
          <lb/>1894), 1990.
          <lb/>Limerus, Carolus (1565),2212, 2233.
          <lb/>Lotharius Franciscus (Elector Mogun¬
          <lb/>Linacrus, Thomas (Britarinus 1539),
          <lb/>tinus, episcopus Bambergensis),
          <lb/>1932.
          <lb/>1769.
          <lb/>Linck, Melchior, 1457.
          <lb/>Lotter (impr. Leipzig), 1349.
          <lb/>Linck, Petrus (Schmalkadensis), 452.
          <lb/>Louis XI, roi de France, 562, 4, 6.
          <lb/>Linck, Wenceslaus, 1368-71.
          <lb/>Louis XII (roi de France), 56, 58, 136.
          <lb/>Lindner, E. (Libr. Strasbourg, anc.
          <lb/>Louvain. Voir : Monastères.
          <lb/>poss.), 247, 819, 885, 1074, 1107,
          <lb/>Lübeck, BM, 196, 326, 1039.
          <lb/>1109, 1285, 1550, 3, 4, 6, 1622,
          <lb/>Lucanus, Marcus Annaeus (Cordu¬
          <lb/>1757, 1998, 2186, 2215, 2298, 2359,
          <lb/>bensis), 1387, 2408.
          <lb/>2516.
          <lb/>Lucas, Joh. Frid. (anc. pos;, 1780),
          <lb/>Linsmaier, Joh. (Viennensis), 2531.
          <lb/>1111.
          <lb/>Lippert (libraire, Halle), 71, 121, 642,
          <lb/>Lucé, Joh. Friedr. (Colmar, anc. poss.
          <lb/>800, 876, 909, 910, 915, 916, 919,
          <lb/>1780), 2309.
          <lb/>1015, 1017, 1018, 1022, 1102, 1877,
          <lb/>Lucerne BM, 1119.
          <lb/>2092, 2225.
          <lb/>Lucianus Samosatensis, 501, 1104,
          <lb/>Lippianus, Hermannus Simon, 2225.
          <lb/>Lippianus, Philippus, 2225.
          <lb/>2192, 3.
          <lb/>Lippius, Joh., 184.
          <lb/>Lucidarius, 1402-1404.
          <lb/>Lipsius (anc. poss. 1528), 750.
          <lb/>Lucius, Ludovicus (Heidelbergensis,
          <lb/>Lipsius, Justus, 915.
          <lb/>impr. Francfort-s.-M. 1562), 867.
          <lb/>Liptitz, Joh. (Pfarrherr zum Jung
          <lb/>Lucius, Ludovicus (Stuttgardianus
          <lb/>St. Peter. Strassburg, 1577), 184,
          <lb/>2231.
          <lb/>1592), 1023.
          <lb/>Lud (impr. St Dié), 1014, 1565.
          <lb/>Lissa, G. (Berlin, anc. poss.), 440,
          <lb/>787, 837, 1904, 1949, 2382.
          <lb/>Ludolphe de St-Goar (libr. Franc¬
          <lb/>List, Wilhelm (anc. Bibliothécaire,
          <lb/>fort-s.-M., 1871), 2318, 9.
          <lb/>Ludovicus (Dux Wirtenbergensis,
          <lb/>Strasbourg), 175, 212, 256, 315,
          <lb/>comes Montis Belligardi), 182, 559,
          <lb/>1072, 1131, 1560.
          <lb/>602, 916, 919, 1272, 1560, 1923.
          <lb/>List &amp;amp; Francke (Leipzig, anc. poss.
          <lb/>1876), 1192, 2506, 7.
          <lb/>Ludovicus de Flandria, 377, 9.
          <lb/>Lithaeus, 1200.
          <lb/>Ludovicus (Landgravius Hassiae,
          <lb/>Lithus. Voir : Sten, Simon.
          <lb/>1592), 1023.
          <lb/>Ludovicus (Comes in Loewenstein,
          <lb/>Livius, Titus (Patavinus), 873, 1372-
          <lb/>filius Wolfgangi), 2471.
          <lb/>81, 2390.
          <lb/>Ludovicus, Comes Oetingensis, 1185,
          <lb/>Lobartus, Joh. (Borussus), 2226, 8,
          <lb/>2235.
          <lb/>6, 1199.
          <lb/>Ludwig IV (imperator), 1407.
          <lb/>Löben, Johannes à, 196.
          <lb/>Löbertus, Joh. Simon (anc. poss.
          <lb/>Ludwig von Beyneburg junior, 1241.
          <lb/>1665), 521.
          <lb/>Ludwig von Fleckenstein (Freiherr
          <lb/>zu Dachstuhl), 1587, 1721.
        </p>
      </div>
    </body>
  </text>
</TEI>
