<?xml version='1.0' encoding='UTF-8'?>
<?xml-model href="https://raw.githubusercontent.com/OpenITI/tei_openiti/master/tei_openiti.rng" type="application/xml" schematypens="http://relaxng.org/ns/structure/1.0"?>
<?xml-model href="https://raw.githubusercontent.com/OpenITI/tei_openiti/master/tei_openiti.rng" type="application/xml" schematypens="http://purl.oclc.org/dsdl/schematron"?>
<TEI xmlns="http://www.tei-c.org/ns/1.0">
  <teiHeader>
    <fileDesc>
      <titleStmt>
        <title/>
      </titleStmt>
      <publicationStmt>
        <p/>
      </publicationStmt>
      <sourceDesc>
        <p/>
      </sourceDesc>
    </fileDesc>
    <profileDesc>
      <calendarDesc>
        <calendar xml:id="ah">
          <p>Anno Hegirae</p>
        </calendar>
      </calendarDesc>
    </profileDesc>
    <xenoData xml:space="preserve">
CREATED: 2024-04-11T12:19:58.834339+00:00
CREATED BY: eScriptorium vpassthistobuildcmd
IMAGE FILENAME: A121078-5269.tif
IMAGE WIDTH: 2422
IMAGE HEIGHT: 3858
</xenoData>
  </teiHeader>
  <text>
    <body>
      <div>
        <p>
          <lb/>1579
          <lb/>Beschriben durch Jo-han Zschornen Eylen-] bergensem.
          <lb/>(Verso blanc.).
          <lb/>A la fin : An den günstigen Leser... Au-dessous : Gedruckt
          <lb/>zu Straszburg (! bey Paulo Messerschmidt. (Verso blanc.).
          <lb/>In-8°, car. goth., 8 ff. non ch., CIII ff. ch., 1 f. non ch., titre courant,
          <lb/>réclames, notes marg., titre rouge et noir, 112 portraits d’empereurs.
          <lb/>fol. A 2: Vorred. ! Dem Ernhafften Für! nemen Jonas Graner, bur!
          <lb/>ger zu Strassburg, meinem in I sonders lieben freundt vnnd ]] gûnner...—
          <lb/>Da !! tum Westhofen im Jenner, M. D. lix. I1 E. W. I1 Johann Zschorn))
          <lb/>Eylenberger. Suivent 6 ff. d’index.
          <lb/>R. 100.410. Don de J. Baer, Francfort-s.-M., 15/III, 1879.
          <lb/>Voir : Teichmann, Wilhelm : Johannes Zschorn von Westhofen. Ein
          <lb/>Beitrag zur elsäss. Lit. des 16. Jahrt. Dans : Jahrbuch f. Geschichte,
          <lb/>Sprache u. Lit. Els.-Lothr. Vol. 21 (1905); p. 161-238. (Thèse de Strasbourg]
          <lb/>Strasbourg, J. H. Ed. Heitz, 1905, in-8°, 113 pp.
          <lb/>2530
          <lb/>ZUM TREUBEL. Voir: TREUBEL.
          <lb/>ZWINGER Theodosius
          <lb/>Strasbourg, L. Zetzner, 1594
          <lb/>Methodus! Apodemica (] in horum gratiam, qui !] cum
          <lb/>fructu in quocunque tandem vitae genere peregrinari cu-
          <lb/>piunt, Theod. Zvingero Basiliense.Typis delineata, &amp;amp;
          <lb/>cùm alijs, tum quatuor prae-sertim Athenarum viuis!
          <lb/>exemplis illustrata,Cum Indice.
          <lb/>Marque typ. de Zetzner (H. &amp;amp; B. Planche XLIX, n° 22.)
          <lb/>Argentinae Per Lazarum Zetznerum, Anno! M. D. XCIIII.
          <lb/>A la fin : Basileae ex officina Hervagiana, per Eusebium
          <lb/>Episcopium, (1 M. D. LXXVII.
          <lb/>In-4°, car. rom. et ital., 12 ff. non ch., 400 pp. ch. et 12 ff. non ch.
          <lb/>à 3 col. (Index), titre courant, réclames, init. à figure C, J, O, H.
          <lb/>Au verso du titre : Cl. I. C. Joan. Linsmaiero !! Viennensi II Caroli
          <lb/>Austriae! Exarchi I1... Theod. Zvingerus 11 Basil...
          <lb/>fol. x2-Y2: Praefatio Zvingeri ad Ioan. Linsmaierum... — Basilea, Cal.
          <lb/>Augusti. 11 M. D. LXXVII.
          <lb/>R. 100.912. Prov. : Don de Philippe Michel, Munich, 1871.
          <lb/>L’explicit au recto du dernier f. a été pris probablement de la première
          <lb/>édition de Bâle 1577. Zetzner a fait imprimer à Bâle à ses frais à plusieurs
          <lb/>reprises.
          <lb/>Bibliographie de Zwinger. Schottenloher II, Nos 23034-23035.
          <lb/>2531
          <lb/>ZWINGLI Ulric
          <lb/>[Strasbourg?1 1526
          <lb/>(Feuille de lierre) Huldry !] chi Zvinglii Epistola ad Pe-!
          <lb/>trum Gynorœum, nunc Augustae agentem, in qua non¬
          <lb/>nulle de Eccio, Fabro, Balthazare catabaptista! comperies.
          <lb/>Missa fuit in Augusto.M. D. XXVI. ¡l Anno.
        </p>
      </div>
    </body>
  </text>
</TEI>
