<?xml version='1.0' encoding='UTF-8'?>
<?xml-model href="https://raw.githubusercontent.com/OpenITI/tei_openiti/master/tei_openiti.rng" type="application/xml" schematypens="http://relaxng.org/ns/structure/1.0"?>
<?xml-model href="https://raw.githubusercontent.com/OpenITI/tei_openiti/master/tei_openiti.rng" type="application/xml" schematypens="http://purl.oclc.org/dsdl/schematron"?>
<TEI xmlns="http://www.tei-c.org/ns/1.0">
  <teiHeader>
    <fileDesc>
      <titleStmt>
        <title/>
      </titleStmt>
      <publicationStmt>
        <p/>
      </publicationStmt>
      <sourceDesc>
        <p/>
      </sourceDesc>
    </fileDesc>
    <profileDesc>
      <calendarDesc>
        <calendar xml:id="ah">
          <p>Anno Hegirae</p>
        </calendar>
      </calendarDesc>
    </profileDesc>
    <xenoData xml:space="preserve">
CREATED: 2024-04-11T12:19:52.240126+00:00
CREATED BY: eScriptorium vpassthistobuildcmd
IMAGE FILENAME: A121078-5088.tif
IMAGE WIDTH: 2354
IMAGE HEIGHT: 3848
</xenoData>
  </teiHeader>
  <text>
    <body>
      <div>
        <p>
          <lb/>1396
          <lb/>STURM Johannes. Voir: CICERO, Rhetoricorum ad C. Heren¬
          <lb/>nium...
          <lb/>Strasbourg, Rihel frères, 1557
          <lb/>STURM Johannes
          <lb/>Strasbourg, Rihel frères, 1557
          <lb/>De lite! rarum ludis! recte aperien- dis Liber.Ioannis
          <lb/>Sturmij. Il emendatus et auctus !] ab ipso Autore.
          <lb/>Marque typ. des Rihel. (H. &amp;amp; B. Planche XXIX, n° 5;
          <lb/>Silvestre, No 757.)
          <lb/>Au-dessous : Argentorati! Anno M. D. LVII. (Verso blanc.).
          <lb/>A la fin: Argentorati! Apud Rihelios Fr/atres). Anno
          <lb/>1557. (Verso blanc.)
          <lb/>In-8°, car. ital., 46 ff. ch., 1 f. non ch., titre courant, réclames, notes
          <lb/>marg. (en car, rom.), init. ornée A.
          <lb/>fol. A 2a: Ioannis!! Sturmii ad!!... Iacobum Sturmium, Nicolaum!
          <lb/>Cnipsium, Iacobum Meierum, de!! literarum ludis recte aperie !! endis,
          <lb/>liber.
          <lb/>R. 102.305. Prov. : Bibl. Heitz, Strasbourg.
          <lb/>Ritter, BM Strasbourg, n° 1996.
          <lb/>2240
          <lb/>STURM Johannes. Voir : CICERO, Orationum volumina tria.
          <lb/>Strasbourg, J. Rihel, 1558
          <lb/>STURM Johannes. Voir: CICERO, Epistolarum libri tres.
          <lb/>Strasbourg, Chr. Mulius, 1560
          <lb/>STURM Johannes
          <lb/>Strasbourg, J. Rihel, 1560
          <lb/>Ioannis Sturmij! Partitionum Dialecticarum! Libri IIII.
          <lb/>! Emendati &amp;amp; aucti.
          <lb/>Marque typ. de Josias Rihel (H. &amp;amp; B. Planche XXIX, N°5;
          <lb/>Silvestre, No 757).
          <lb/>Cum gratia et priui-gio Caesareo ad annos octo. II
          <lb/>M. D. LX. (Verso blanc.)
          <lb/>A la fin: Argentorati per Iosiam Rihelium.
          <lb/>In-8°, car. rom., 8 ff. non ch., 292 ff. ch., titre courant, réclames, notes
          <lb/>marg., init. ornées D, B, M.
          <lb/>fol. Aij a : Michaeli et Bar [] tholomaeo Petreis !! Ioannes Sturmius...
          <lb/>— Argentorati pridie Idus Martij. Il Anno M. D. XXXIX.
          <lb/>R. 102.067.Prov. : E. Freiesleben, Strasbourg, 28/IV, 1879;8 M.
          <lb/>A l’intérieur de la couverture : « Turckheim 10 fr. ».
          <lb/>Au titre: « Sum Rodolphi Corneri Tigurini».
          <lb/>2211
          <lb/>STURM Joh.
          <lb/>Ioannis Sturmii Ve- tus, Renovatus Do-] lor de hoc
          <lb/>dissidio Eu- charistico. 1561. Voir : Butzer Martin, Nova
          <lb/>Vetera quatuor eucharistica scripta... Argentorati, Th. Berger.
          <lb/>1561.
        </p>
      </div>
    </body>
  </text>
</TEI>
