<?xml version='1.0' encoding='UTF-8'?>
<?xml-model href="https://raw.githubusercontent.com/OpenITI/tei_openiti/master/tei_openiti.rng" type="application/xml" schematypens="http://relaxng.org/ns/structure/1.0"?>
<?xml-model href="https://raw.githubusercontent.com/OpenITI/tei_openiti/master/tei_openiti.rng" type="application/xml" schematypens="http://purl.oclc.org/dsdl/schematron"?>
<TEI xmlns="http://www.tei-c.org/ns/1.0">
  <teiHeader>
    <fileDesc>
      <titleStmt>
        <title/>
      </titleStmt>
      <publicationStmt>
        <p/>
      </publicationStmt>
      <sourceDesc>
        <p/>
      </sourceDesc>
    </fileDesc>
    <profileDesc>
      <calendarDesc>
        <calendar xml:id="ah">
          <p>Anno Hegirae</p>
        </calendar>
      </calendarDesc>
    </profileDesc>
    <xenoData xml:space="preserve">
CREATED: 2024-04-11T12:19:50.173089+00:00
CREATED BY: eScriptorium vpassthistobuildcmd
IMAGE FILENAME: A121078-5042.tif
IMAGE WIDTH: 2404
IMAGE HEIGHT: 3864
</xenoData>
  </teiHeader>
  <text>
    <body>
      <div>
        <p>
          <lb/>1350
          <lb/>elle est plus moderne que la présente. Ebert, II, 771, ne croit pas à deux
          <lb/>réimpressions différentes. Trad. en hollandais par Regnier Tellier, 1620,
          <lb/>in-4° (v. Bibl. antitrinit. p. 12, et Mosheim, p. 310). V. Catal. Busch,
          <lb/>n° 1407. Une trad. franç. faite en Hollande vers le milieu du xvIIIe s.,
          <lb/>resta manuscrite. (Mosheim, p. 315) ».
          <lb/>2120a
          <lb/>SERVETUS Michael
          <lb/>(Haguenau, J. Secer), 1532
          <lb/>Dialogo-rum de Trinitate Libri Duo.
          <lb/>De Iusticia Regni Chri-sti, Capitula Quatuor.Per
          <lb/>Michaelem Serveto, aliâs Reues, ab AragoniaHispanum.
          <lb/>Anno M. D. XXXII.
          <lb/>In-8°, car. ital., 48 ff. non ch., 3 ff. blancs, sign. A-F, titre courant,
          <lb/>réclames, notes marg., init. ornées N, P.
          <lb/>Au verso du titre : Lectori.
          <lb/>R. 101.935 (2). Prov. : Bibl. Ch. Schmidt.
          <lb/>Notes mss.
          <lb/>2121
          <lb/>SERVETUS Michael
          <lb/>(Haguenau, J. Secer), 1532
          <lb/>Dialogo- rum de Trinitate!! Libri duo.
          <lb/>De Iusticia regni Chri-sti, Capitula Quatuor.Per
          <lb/>Michaelem Serveto,aliâs Reues, ab Aragonia Hispanum.
          <lb/>Anno M. D. XXXII.
          <lb/>Haguenau, J. Secer.
          <lb/>In-8°, car. ital., 48 ff. non ch., sign. A-F, titre courant, réclames,
          <lb/>notes marg., init. ornées N, P.
          <lb/>Au verso du titre : Lectori...
          <lb/>R. 101.936. Prov. : C. H. Beck (catalogue 153, No 884.) Nördlingen,
          <lb/>15/xII, 1881; 20 M.
          <lb/>2122
          <lb/>SERVIUS Honoratus. Voir: HENRICHMANN Jacobus, Gram¬
          <lb/>maticae Institutiones, 1517.
          <lb/>SESELLIUS Claudius
          <lb/>Strasbourg, W. Rihel, 1548
          <lb/>Claudii Sesellii Viri Patricii De Republica Gal-liae
          <lb/>&amp;amp; regum officijs,! Libri duo. ] Ioanne Sleidano, Interprete.!
          <lb/>Adiecta est summa doctrinae Plato-nis, de Repub. X
          <lb/>Legibus.
          <lb/>Argentorati, in aedibus Vuendelini Rihelij.Anno
          <lb/>M. D. XLVIII. (Verso blanc.)
          <lb/>In-8°, car. rom., 8 ff. non ch., 110 ff. ch., titre courant, réclames, init.
          <lb/>ornées I, O, G, 9, L.
          <lb/>fol. a 2a : Serenissimo!! Principi, Eduardo, eius nominis se- [I xto,
          <lb/>Angliae, Franciae &amp;amp; Hi-] berniae Regi, Ioannes! Sleidanus... — Argen¬
          <lb/>torati, mense Iu-nio, Anno Do-[ mini, M. D. [ XLVIII. (Préface.)
          <lb/>R. 101.255. Prov. : J. Scheible, Stuttgart, 15/III, 1899; 4 M.
          <lb/>Annotations mss; au bas du titre : « Nicolaus Joannis Smal».
          <lb/>Oxford, Bibl. Bodleiana.
          <lb/>2123
        </p>
      </div>
    </body>
  </text>
</TEI>
