<?xml version='1.0' encoding='UTF-8'?>
<?xml-model href="https://raw.githubusercontent.com/OpenITI/tei_openiti/master/tei_openiti.rng" type="application/xml" schematypens="http://relaxng.org/ns/structure/1.0"?>
<?xml-model href="https://raw.githubusercontent.com/OpenITI/tei_openiti/master/tei_openiti.rng" type="application/xml" schematypens="http://purl.oclc.org/dsdl/schematron"?>
<TEI xmlns="http://www.tei-c.org/ns/1.0">
  <teiHeader>
    <fileDesc>
      <titleStmt>
        <title/>
      </titleStmt>
      <publicationStmt>
        <p/>
      </publicationStmt>
      <sourceDesc>
        <p/>
      </sourceDesc>
    </fileDesc>
    <profileDesc>
      <calendarDesc>
        <calendar xml:id="ah">
          <p>Anno Hegirae</p>
        </calendar>
      </calendarDesc>
    </profileDesc>
    <xenoData xml:space="preserve">
CREATED: 2024-04-11T12:19:53.053651+00:00
CREATED BY: eScriptorium vpassthistobuildcmd
IMAGE FILENAME: A121078-5105.tif
IMAGE WIDTH: 2348
IMAGE HEIGHT: 3858
</xenoData>
  </teiHeader>
  <text>
    <body>
      <div>
        <p>
          <lb/>1413
          <lb/>Les préfaces comme dans l’édition de Schürer de 1508.
          <lb/>Au verso du dernier f. : Io. Tomas Sertorius Cremonensis Generoso
          <lb/>Michaeli !! Pall. Apostolico Prothonotario Mœcenati suo... Taurini. kal.
          <lb/>Octo. M. D. VIII.
          <lb/>R. 101.805. Prov. : Rosenthal, Munich, 1/V, 1885; 10 M.
          <lb/>Notes mss.
          <lb/>Schmidt VIII, No 93; Ritter, BM Strasbourg, n° 2033.
          <lb/>GK VIII, 7181 (à Aurelius Victor Sextus): BN Berlin, Munich, Vienne;
          <lb/>BU Breslau, Goettingen, Koenigsberg.
          <lb/>2245
          <lb/>SUETONIUS
          <lb/>Strasbourg, M. Schürer, 1513
          <lb/>Suetonii Tranquilli Liber illustrium virorum.
          <lb/>Ccipite (!) (pour Accipite) studiosi... (15 lignes.) Ad
          <lb/>Lectorem. (2 dist.) Tempus observa.
          <lb/>A la fin : Argentorati. Ex Aedibus Matthiae Schu rerij,
          <lb/>Mense Octobri. Anno M. D. XIII.
          <lb/>Regnante Imperatore Maxi-miliano. P. F. Aug.
          <lb/>In-4°, car, rom., 4 ff. non ch., XLV ff. ch., titre courant, notes marg.,
          <lb/>init. ornées et init. d’attente.
          <lb/>Au verso du titre:.. Amadeo! Romagnano Episcopo Montiro
          <lb/>Galensi!!... Do (I minicus Machaneus publicus 11 Taurini Orator... (Pré¬
          <lb/>face de 2 pp.)
          <lb/>fol. A 2b non ch. : De Cancellario secretarijs &amp;amp; scribis eorumque vo¬
          <lb/>cabulis ad venerandum Cuneatem antistitem!! dominum Georgium
          <lb/>Torniellium (une page et demie.)
          <lb/>R. 101.807. Prov. : Theod. Ackermann, Munich (Catalogue 93, N° 1564),
          <lb/>27/IV, 1883; 1 M. 40.
          <lb/>2e ex. &amp;quot;R. 102.222 (2). Prov. : I. Baer &amp;amp; Cie, Francfort-s.-M., 30/111,
          <lb/>1883, 1 M.
          <lb/>Schmidt VIII, N° 111. GK VIII, 7162 (à Aurelius Victor Sextus):
          <lb/>BN Berlin, Munich, BU Breslau.
          <lb/>2246
          <lb/>SUETONIUS, De grammaticis. Voir : PLINIUS Secundus, Liber
          <lb/>illustrium virorum.
          <lb/>Strasbourg, M. Schürer, 1510 et 1513
          <lb/>SUETONIUS
          <lb/>Strasbourg, M. Schürer, 1515
          <lb/>C. Suetonti Tran quilli de uita duodecim Cae!! sarum,
          <lb/>Libri XII (Suivent 5 vers.) Cum Privilegio.
          <lb/>A la fin : Argentorati. Ex Aedibus Matthiae Schurerij.
          <lb/>mense Martio. M. D. XV.Regnante Imperatore Caes.
          <lb/>Maximiliano P. F. Aug.
          <lb/>In-4°, car, rom., 2 ff. non ch., CXLIIII ff. ch., verso du dernier f.
          <lb/>blanc, titre courant, grandes init. ornées A, P, E, V, T, Q; titre encadré
          <lb/>comme Cicero, Tusculanarum Quaestionum Libri, juin 1516 (R. 100.068)
          <lb/>avec le monogramme d’Urs Graf.
          <lb/>Au verso du titre : Tranquilli Vita Per!! Tuccium Marianum Floren¬
          <lb/>tinum.
          <lb/>&amp;quot;R. 100.077. Prov. : Trübner, Strasbourg, 20/V, 1879; 4 M.
        </p>
      </div>
    </body>
  </text>
</TEI>
