<?xml version='1.0' encoding='UTF-8'?>
<?xml-model href="https://raw.githubusercontent.com/OpenITI/tei_openiti/master/tei_openiti.rng" type="application/xml" schematypens="http://relaxng.org/ns/structure/1.0"?>
<?xml-model href="https://raw.githubusercontent.com/OpenITI/tei_openiti/master/tei_openiti.rng" type="application/xml" schematypens="http://purl.oclc.org/dsdl/schematron"?>
<TEI xmlns="http://www.tei-c.org/ns/1.0">
  <teiHeader>
    <fileDesc>
      <titleStmt>
        <title/>
      </titleStmt>
      <publicationStmt>
        <p/>
      </publicationStmt>
      <sourceDesc>
        <p/>
      </sourceDesc>
    </fileDesc>
    <profileDesc>
      <calendarDesc>
        <calendar xml:id="ah">
          <p>Anno Hegirae</p>
        </calendar>
      </calendarDesc>
    </profileDesc>
    <xenoData xml:space="preserve">
CREATED: 2024-04-11T12:19:51.199052+00:00
CREATED BY: eScriptorium vpassthistobuildcmd
IMAGE FILENAME: A121078-5067.tif
IMAGE WIDTH: 2368
IMAGE HEIGHT: 3860
</xenoData>
  </teiHeader>
  <text>
    <body>
      <div>
        <p>
          <lb/>1375
          <lb/>Meiner gnädigsten!! Frawen... — Geben im Thal Manszfeldt, im Jar,!
          <lb/>M. D. LXI. den ersten Maij. 11 M. Cyriacus Spangenberg.
          <lb/>A la fin de la 1re épître: Getruckt zù Straszburg durch Samuel!
          <lb/>Emmel, vnd Theobald Diete- richen. [ M. D. LXIX.
          <lb/>Nouveau titre pour la 2e épître: Die ander! Epistel Paulj an die
          <lb/>Corinthier] Auszgelegt durch ]] Ciriacum Span —] genberg.
          <lb/>Getruckt zù Straszburg! durch Samuel Emmel.! Jm Jar!
          <lb/>M. D. LXIII. (La date entre 2 feuilles de lierre, titre rouge et noir.)
          <lb/>fol. 2a : Den- I Herrn Burgermeistern und Raht, ] darzû der gantzen
          <lb/>Statt und Christlichen Gemey- ne zù Lüneburg, meinen groszgünstigen
          <lb/>11 besondern Herrn... — Geben im Thal Manszfeldt. Il Anno 1563. 1)
          <lb/>M. Cyriacus Spangenberg.
          <lb/>IIle partie : Chronicon!! Corinthiacum. 1! Historien- (] und Geschicht,
          <lb/>von an- kunfft, zûnemmen, Regierung, und Abgang der Statt Co–I]
          <lb/>rinth. Durch!! M. Cyriacum Spangenberg zû-  sammen bracht.
          <lb/>(Feuille de lierre.)
          <lb/>Au-dessous: Marque typ. de S. Emmel. (H. &amp;amp; B. Planche XXXV, No 3.)
          <lb/>M. D. LXIX. (Verso blanc, titre rouge et noir.)
          <lb/>fol. AA 2a :... Herrn Nicolao Francisco Stratio, der !! Medicin Doctor,
          <lb/>&amp;amp;c. Meinem... Herrn uund !! Freünd... M. Cyriacus 11 Spangenberg.
          <lb/>(Préface de 2pp.)
          <lb/>R. 10.423. Prov. : Trübner, Strasbourg, 25/x, 1895; 12 M.
          <lb/>Annotation mss. au recto du f. de garde : « LM 1619 In Colonia».
          <lb/>2170
          <lb/>SPANGENBERG Cyriacus
          <lb/>Strasbourg, Th. Rihel, 1570
          <lb/>Ehespiegel,Das ist,Alles was von dem heyligen
          <lb/>Ehestande, nutzliches, nötiges, vnnd tröstliches mag gesagt
          <lb/>werden, Jn LXX.Brautpredigten, zusammen verfasset.
          <lb/>Durch M. Cyriacum Spangenberg, im ThalManszfeldt.
          <lb/>Jetzvnd auffs new vom Authore selbst fleissig vber-] lesen
          <lb/>vnd an vilen orten treffenlich gemehret vnnd gebessert.
          <lb/>Getruckt zu Straszburg, durch Theodosium Rihel.
          <lb/>Im Jar, M. D. LXX. (Verso blanc.)
          <lb/>In-8°, car. goth., 16 ff. non ch. dont le dernier blanc, CCCLXXIX ff.
          <lb/>ch., 25 ff. non ch., dont le dernier blanc (table), titre courant, réclames,
          <lb/>notes marg., titre rouge et noir.
          <lb/>fol. 2a non ch. :... Burgermeystern! und Rath, darzu der gantzen
          <lb/>Statt... zu Northausen... — Geben im Thal Manszfeldt. Anno 1561.
          <lb/>M. Cyriacus Spangenberg. (Préface de 4 pp. et demie.)
          <lb/>R. 101.993. Prov. : A. Bielefeld, Carlsruhe, 12/VII, 1881; 21M.
          <lb/>Au bas du titre : « Ioh. Hedlerus Dia- Il conus».
          <lb/>2171
          <lb/>SPANGENBERG Cyriacus
          <lb/>Strasbourg, Th. Rihel, 1578
          <lb/>Ehespiegel, Das ist.Alles was von dem heyligen
          <lb/>Ehestande, nutzliches, nötiges, vnnd tröstliches mag gesagt
          <lb/>werden, Jn! LXX. Brautpredigten, zusam-Il men verfasset.
          <lb/>1! Durch M. Cyriacum Spangenberg, im Thal ]] Manszfeldt.
          <lb/>Jetzund auffs new vom Authore selbst fleissig vber-Il lesen
          <lb/>vnd an vilen orten trefflichen gemehretvnnd gebessert.
        </p>
      </div>
    </body>
  </text>
</TEI>
