<?xml version='1.0' encoding='UTF-8'?>
<?xml-model href="https://raw.githubusercontent.com/OpenITI/tei_openiti/master/tei_openiti.rng" type="application/xml" schematypens="http://relaxng.org/ns/structure/1.0"?>
<?xml-model href="https://raw.githubusercontent.com/OpenITI/tei_openiti/master/tei_openiti.rng" type="application/xml" schematypens="http://purl.oclc.org/dsdl/schematron"?>
<TEI xmlns="http://www.tei-c.org/ns/1.0">
  <teiHeader>
    <fileDesc>
      <titleStmt>
        <title/>
      </titleStmt>
      <publicationStmt>
        <p/>
      </publicationStmt>
      <sourceDesc>
        <p/>
      </sourceDesc>
    </fileDesc>
    <profileDesc>
      <calendarDesc>
        <calendar xml:id="ah">
          <p>Anno Hegirae</p>
        </calendar>
      </calendarDesc>
    </profileDesc>
    <xenoData xml:space="preserve">
CREATED: 2024-04-11T12:19:54.576286+00:00
CREATED BY: eScriptorium vpassthistobuildcmd
IMAGE FILENAME: A121078-5146.tif
IMAGE WIDTH: 2340
IMAGE HEIGHT: 3852
</xenoData>
  </teiHeader>
  <text>
    <body>
      <div>
        <p>
          <lb/>1454
          <lb/>R. 100.991. Prov. : G. Hess, Munich, 12/111, 1888; 20 M.
          <lb/>Note ms. à l’intérieur du 1er plat : « Benedictus Kempter Wangensis
          <lb/>algojus Sacerdos.»
          <lb/>2312
          <lb/>TESTAMENTUM NOVUM (en allemand)
          <lb/>Strasbourg, W. Rihel, 1549
          <lb/>Das Ne we Testament.Mit schönen Figuren.
          <lb/>Zu Straszburg bei Wendel Rihel.M. D. XLIX. (Verso
          <lb/>blanc.)
          <lb/>A la fin : Getruckt zu Straszburg beiWendel Rihel.
          <lb/>M. D. XLIX.
          <lb/>In-8°, car. goth., 459 ff. non ch., sign. A-Z, Aa-Zz, Aaa-Mmm; titre
          <lb/>courant, réclames, notes marg., init. ornées, titre encadré, en haut, le
          <lb/>Christ ressuscité, du côté gauche, St. Paul, à droite, St. Pierre, en bas,
          <lb/>le Christ à la croix entre les deux larrons; de nombreuses grav., se rappor¬
          <lb/>tant au texte.
          <lb/>fol. A 2a : « Vorrede auffs! newe Testament (6 pp.).
          <lb/>A la fin, avant l’explicit : « Was in der Epistel an die Römer, ! und
          <lb/>in der j. an die Corinther, und in der ij. I] bis auff iiii. Cap. in diesem
          <lb/>Druck geen-! dert und gebessert ist, das kanstu dich erkun-!! den
          <lb/>Christlicher Leser, aus dem kurtzen!! unterricht, zu ende der Bibel!
          <lb/>gesetzt, so im xIvj. jar ist ]l ausgangen.
          <lb/>R. 102.111. Prov. : Kauffmann, curé à Durnau, 1871; le dernier f. est
          <lb/>endommagé.
          <lb/>2313
          <lb/>TESTAMENTUM NOVUM (en allemand)
          <lb/>Strasbourg, Th. Berger, 1576
          <lb/>Das Ne-we Testa-ment D. Mar. Luth.
          <lb/>Getruckt zu Strasz- burg bey ThieboltBerger.
          <lb/>M. D. LXXVI.
          <lb/>Au verso de l’avant-dernier f. : Getruckt zu Strasburg
          <lb/>bey Thiebolt Berger.1
          <lb/>In-8o, car. goth., 426 ff. non ch., sign. A-Z, a-z, Aa-Gg, titre courant,
          <lb/>réclames, notes marg., de nombreuses init. à fig. avec des scènes du Nouy.
          <lb/>Testament. et des init. ornées.
          <lb/>Titre encadré : dans la bordure supérieure, adoration de Marie et
          <lb/>Joseph dans l’étable de Bethléem, dans les bordures latérales St. Pierre
          <lb/>et St. Paul, en bas ornements, dans les 2 coins un homme et un au milieu.
          <lb/>Au verso du titre portrait de M. Luther; dans le texte des grav. se
          <lb/>rapportant à des scènes du Nouveau Testament.
          <lb/>R. 100.982. Prov. : Jos. Baer &amp;amp; Co., Francfort-s.-M., 4/V 1910, 40 M.
          <lb/>Note ms. au recto du f. de garde : « Johannes Lambert ist dis buch
          <lb/>wer es find der soll es ihm widerumb geben, dann gibt ihm gott das ewig
          <lb/>Leben 1605. Au-dessous : Testamentum nouum, sed hereticum; de
          <lb/>nombreuses annotations mss. dans le texte.
          <lb/>2314
          <lb/>TESTAMENTUM NOVUM (en allemand)
          <lb/>Strasbourg, Th. Rihel, 1588
          <lb/>Das NeweTestamentD. Mart. Luth.Jtzund
        </p>
      </div>
    </body>
  </text>
</TEI>
