<?xml version='1.0' encoding='UTF-8'?>
<?xml-model href="https://raw.githubusercontent.com/OpenITI/tei_openiti/master/tei_openiti.rng" type="application/xml" schematypens="http://relaxng.org/ns/structure/1.0"?>
<?xml-model href="https://raw.githubusercontent.com/OpenITI/tei_openiti/master/tei_openiti.rng" type="application/xml" schematypens="http://purl.oclc.org/dsdl/schematron"?>
<TEI xmlns="http://www.tei-c.org/ns/1.0">
  <teiHeader>
    <fileDesc>
      <titleStmt>
        <title/>
      </titleStmt>
      <publicationStmt>
        <p/>
      </publicationStmt>
      <sourceDesc>
        <p/>
      </sourceDesc>
    </fileDesc>
    <profileDesc>
      <calendarDesc>
        <calendar xml:id="ah">
          <p>Anno Hegirae</p>
        </calendar>
      </calendarDesc>
    </profileDesc>
    <xenoData xml:space="preserve">
CREATED: 2024-04-11T12:19:54.750962+00:00
CREATED BY: eScriptorium vpassthistobuildcmd
IMAGE FILENAME: A121078-5155.tif
IMAGE WIDTH: 2340
IMAGE HEIGHT: 3842
</xenoData>
  </teiHeader>
  <text>
    <body>
      <div>
        <p>
          <lb/>1463
          <lb/>Au verso du titre, grav. sur bois (8 personnes à table, au-dessus, verset
          <lb/>de st. Luc 11) répétée au verso de l’avant-dernier f.
          <lb/>fol. A 22 : Vorred (Préface de 4 pp.).
          <lb/>R. 100.593. Prov. : Rosenthal, Munich, 20/11, 1918; 100 M.
          <lb/>Annotations mss. au recto du dernier f. blanc.
          <lb/>2329
          <lb/>TITUS LIVIUS. Voir: LIVIUS Titus.
          <lb/>TOLLAT Iohannes
          <lb/>Strasbourg, M. Flach, 1512
          <lb/>Margarita medicinae, ein! meisterlichs vsserlesens biechlin
          <lb/>der artz-ny für mancherley kranckheit vnd siech tagen
          <lb/>der menschen. gemacht durch JohannemTollat von
          <lb/>Vochenberg in der weitberüm!] pten Uniuersitet zu Wien bey
          <lb/>dem!] aller erfarnisten man der Artzney!! doctor Schrick.
          <lb/>Marque typ. de Mart. Flach (H. &amp;amp; B. Planche VI, n 1;
          <lb/>Silvestre, n° 1212). (Verso blanc.)
          <lb/>A la fin : Hie endet sich das register disz büchlins das da!
          <lb/>getruckt ist zu Straszburg durch Martinum flach. Als man
          <lb/>zalt. M. ccccc. vnd. xij. jar. (Verso blanc.)
          <lb/>In-8°, car. goth., XXXIX ff. ch., 5 ff. non ch. (Index), init. M.
          <lb/>fol. XXXIXa: marque typ. de M. Flach, H. &amp;amp; B., planche VI, No 3.
          <lb/>R. 101.048 (1). Prov. : Vente Rettig, Strasbourg, 2/x1, 1894;9 M.
          <lb/>Annotations mss. Au verso du dernier f. « Michael Koeth : Von
          <lb/>Schlüsselueldt Anno 15.84 Jars.»
          <lb/>Ritter, Catal. BM Strasbourg, N° 2099; Proctor II, Sectio I, No 10145:
          <lb/>Londres, British Museum
          <lb/>Schmidt VI, p. 26, N° 29, ne mentionne pas d’exemplaire, il cite d’après
          <lb/>Panzer, Annales I, 344.
          <lb/>2330
          <lb/>TOLLAT Iohannes
          <lb/>Strasbourg, 1518
          <lb/>Margarita medicinae... (Voir le titre page suivante).
          <lb/>A la fin : Hie endet sich das register dis büchlins das da
          <lb/>getruckt ist zu straszburg. Als man zalt. M. CCCCC. I vnd.
          <lb/>xviij. Jar.
          <lb/>In-4°, car. goth., XXXVIII ff. ch., 4 ff. non ch. (Index), init. ornée M.
          <lb/>R. 101.049. Provenance inconnue. Quelques notes mss.
          <lb/>Manque chez Schmidt.
          <lb/>2331
          <lb/>Doll Lastaleh «° 134
        </p>
      </div>
    </body>
  </text>
</TEI>
