<?xml version='1.0' encoding='UTF-8'?>
<?xml-model href="https://raw.githubusercontent.com/OpenITI/tei_openiti/master/tei_openiti.rng" type="application/xml" schematypens="http://relaxng.org/ns/structure/1.0"?>
<?xml-model href="https://raw.githubusercontent.com/OpenITI/tei_openiti/master/tei_openiti.rng" type="application/xml" schematypens="http://purl.oclc.org/dsdl/schematron"?>
<TEI xmlns="http://www.tei-c.org/ns/1.0">
  <teiHeader>
    <fileDesc>
      <titleStmt>
        <title/>
      </titleStmt>
      <publicationStmt>
        <p/>
      </publicationStmt>
      <sourceDesc>
        <p/>
      </sourceDesc>
    </fileDesc>
    <profileDesc>
      <calendarDesc>
        <calendar xml:id="ah">
          <p>Anno Hegirae</p>
        </calendar>
      </calendarDesc>
    </profileDesc>
    <xenoData xml:space="preserve">
CREATED: 2024-04-11T12:20:00.378383+00:00
CREATED BY: eScriptorium vpassthistobuildcmd
IMAGE FILENAME: A121078-5292.tif
IMAGE WIDTH: 2442
IMAGE HEIGHT: 3860
</xenoData>
  </teiHeader>
  <text>
    <body>
      <div>
        <p>
          <lb/>1602
          <lb/>Guicciardinus, Franciscus (Bononien¬
          <lb/>poss. 1878), 570, 1246, 1265, 1772,
          <lb/>2252.
          <lb/>sis), 324, 2178.
          <lb/>Guida, Joh., 111.
          <lb/>Hagen, Joh. Ludovicus de, 1335.
          <lb/>Guido, Rupefortis (chancellier, Fran¬
          <lb/>Hagenbach, C. R., 404.
          <lb/>ce), 54, 60, 1056.
          <lb/>Haguenau. Voir : Monastères.
          <lb/>Hahn (Munich, vente Foeringer, anc.
          <lb/>Guilingius, D. Jo. Frid., 2303.
          <lb/>Guidoni Ubaldo, 1868.
          <lb/>poss. 1880), 502, 1336.
          <lb/>Guilhelmus III (évêque de Stras¬
          <lb/>Hahn, Hermann, 1162.
          <lb/>Hain, 2359, 2469.
          <lb/>bourg), 430, 1, 1120, 1631.
          <lb/>Guilhelmus (Episcopus Lodoviensis,
          <lb/>Hainaut, Jean, 1069.
          <lb/>Hainzelius, Joh. Henricus, 1259.
          <lb/>1508), 2501.
          <lb/>Haitinger, C., 1493.
          <lb/>Guilhelmus (Episcopus Minatensis),
          <lb/>667, 668, 669.
          <lb/>Halberstadt, BM, 18.
          <lb/>Halle, J. (Munich, anc. poss.), 27, 426,
          <lb/>Guilhelmus (Pater coenobii ad s. cru¬
          <lb/>893, 911, 1255, 1274, 2385, 2416,
          <lb/>cem in Austria, 1532), 2067.
          <lb/>2517.
          <lb/>Guilhelmus de Gouda, 1057.
          <lb/>Halle BU, 23-6, 38, 47, 9, 55, 7,
          <lb/>Guilhelmus (Landgravius Alsatiae
          <lb/>118, 124, 132, 150, 171, 173, 196,
          <lb/>1507), 71.
          <lb/>197, 213, 224, 232, 7, 245, 255,
          <lb/>Guilhelmus, (Comes Palatinus Rheni,
          <lb/>265, 294, 314, 6, 325, 331, 356,
          <lb/>dux Bavariae), 1171.
          <lb/>382, 399, 415, 9, 420, 3, 504, 516,
          <lb/>Guilhelmus (Dux Juliacensis, Cliven¬
          <lb/>521, 531, 5, 550, 9, 664, 5, 575, 9,
          <lb/>sis, etc.), 443, 1141, 2178, 2234.
          <lb/>587, 602, 5, 6, 7, 617, 693, 703, 728,
          <lb/>Guilhelmus (Dux Geldrorum), 503,
          <lb/>745, 754, 819, 830, 850, 6, 862, 3,
          <lb/>511, 516, 521, 529, 531, 4.
          <lb/>867, 882, 890, 908, 920, 928, 945,
          <lb/>Guilhelmus (Landgravius Hessorum),
          <lb/>953, 7, 964, 5, 6, 970, 1, 5, 976, 9,
          <lb/>1029.
          <lb/>980, 991, 3, 1014, 1034, 6, 1060, 2,
          <lb/>Gumbrecht, Man. (Carniolanus, Luba¬
          <lb/>3, 1071, 5, 1081, 2268.
          <lb/>censis, anc. poss. 1614), 2325.
          <lb/>Haller (Bibliotheca botanica), 216,
          <lb/>Günther, Ant. (Comes Altenbur¬
          <lb/>305, 1160, 1205, 1321, 1806, 2035,
          <lb/>gensis), 1766.
          <lb/>2401.
          <lb/>Günther (Comes in Schwarzburg,
          <lb/>Hallmann, Vincent, 1455.
          <lb/>1571), 564, 565, 2084.
          <lb/>Halm Dr. (Bibliothécaire Munich,
          <lb/>Günther, Carolus, 1295.
          <lb/>anc. poss. 1875), 1332, 1493.
          <lb/>Günther, Joh. (d’Andernach), 36, 395,
          <lb/>Hambourg, BM, 59, 261, 6, 8, 268, 326,
          <lb/>1058-63, 1198.
          <lb/>9, 1124, 1663, 1754, 2055, 2066, 7.
          <lb/>Gürtler, Hieronymus (Aurimontanus),
          <lb/>Hammeriana Bibl. (anc. poss.), 156,
          <lb/>1066-1067.
          <lb/>309, 596, 597, 810, 879, 1355, 1360,
          <lb/>Gutekunst (Stuttgart, vente Gerschel,
          <lb/>1996, 2323.
          <lb/>1886), 2045, 2409.
          <lb/>Hammon. Voir : Monastères.
          <lb/>Guttelerus, Sigismundus, 2227.
          <lb/>Hamuel, 1360.
          <lb/>Gwalther, Rudolf, 1068.
          <lb/>Han, Michael (Hanau), 621.
          <lb/>Gyer, Joh., 188.
          <lb/>Haenckel, J. S. (Rector Gymn. Merse-
          <lb/>Gymnicus, Joh. (impr. Cologne), 283,
          <lb/>burgensis, anc. poss. 1731), 2303.
          <lb/>587.
          <lb/>Haindl, Mich. (Austrius), 456.
          <lb/>Gynoroeus, Petrus, 2532.
          <lb/>Hanik, Jacobus, 1140.
          <lb/>Hannart, Joh., 942.
          <lb/>H
          <lb/>Hannover BM, 327, 735, 933.
          <lb/>Hans Heinrich, Graf zu Leiningen
          <lb/>Habenicht (Strasbourg, anc. poss.),
          <lb/>und Dagsburg, 1721.
          <lb/>115.
          <lb/>Hanschel, Caspar (Goldschmied zu
          <lb/>Haeberle, J. M. (Cologne, anc. poss.
          <lb/>Colmar, 1556), 2461b.
          <lb/>1891), 2415, 2417.
          <lb/>Hanschild (Schleisac, anc. poss. anno
          <lb/>Habrecht, Abraham, 901.
          <lb/>1785), 1477.
          <lb/>Habrecht, Isaac, 851, 901.
          <lb/>Hanselin, Joh. (frater, anc. poss.
          <lb/>Haffner, F. Zacharias (Ord. s. spiritus
          <lb/>1549), 1861.
          <lb/>Hansmann, Matthaeus (anc. poss.),
          <lb/>in Memmingen, anno 1585), 1275.
          <lb/>Hafner, Salomon (anc. poss. 1770),
          <lb/>2085.
          <lb/>763.
          <lb/>Happmacher, Hieronymus, 1602.
          <lb/>Hag, Martin, 353.
          <lb/>Häringer, Sebastianus (anc. poss.
          <lb/>Hagemann &amp;amp; Co. (Strasbourg, anc.
          <lb/>1559), 668.
        </p>
      </div>
    </body>
  </text>
</TEI>
