<?xml version='1.0' encoding='UTF-8'?>
<?xml-model href="https://raw.githubusercontent.com/OpenITI/tei_openiti/master/tei_openiti.rng" type="application/xml" schematypens="http://relaxng.org/ns/structure/1.0"?>
<?xml-model href="https://raw.githubusercontent.com/OpenITI/tei_openiti/master/tei_openiti.rng" type="application/xml" schematypens="http://purl.oclc.org/dsdl/schematron"?>
<TEI xmlns="http://www.tei-c.org/ns/1.0">
  <teiHeader>
    <fileDesc>
      <titleStmt>
        <title/>
      </titleStmt>
      <publicationStmt>
        <p/>
      </publicationStmt>
      <sourceDesc>
        <p/>
      </sourceDesc>
    </fileDesc>
    <profileDesc>
      <calendarDesc>
        <calendar xml:id="ah">
          <p>Anno Hegirae</p>
        </calendar>
      </calendarDesc>
    </profileDesc>
    <xenoData xml:space="preserve">
CREATED: 2024-04-11T12:19:54.701527+00:00
CREATED BY: eScriptorium vpassthistobuildcmd
IMAGE FILENAME: A121078-5153.tif
IMAGE WIDTH: 2342
IMAGE HEIGHT: 3850
</xenoData>
  </teiHeader>
  <text>
    <body>
      <div>
        <p>
          <lb/>1461
          <lb/>Notes mss., au haut du titre «Corneli Hirsch hornensis», au bas,
          <lb/>« Manu. Gumbrechto Carniolano Lubacensi 1614».
          <lb/>A l’intérieur du 1er plat : « Comparavi Anno 1518 mense Martio. M.
          <lb/>Joannes eysenmannus ».
          <lb/>Proctor II, Sectio I, Nos 11650, 11651, 11652 : Londres, British Museum,
          <lb/>Ritter, Catal. BM Strasbourg, No 2084 et Catalogue du Grand Sémi¬
          <lb/>naire de Strasbourg Inc. A 138, A 139, A 140.
          <lb/>2325
          <lb/>THOMAS A KEMPIS
          <lb/>Strasbourg, W. Köpfel, 1552
          <lb/>Nachuolgung!! Christi, vnd verschmähung! aller eitelkeyt
          <lb/>diser welt, so von einem hochgeler!] ten liebhaber Gottes,
          <lb/>vor vil jaren beschriben, Jst! jetz abermals allen ernsthafften
          <lb/>nachuolgern der warheit zu lieb vnnd trost von! newem
          <lb/>auszgangen.
          <lb/>Gravure sur bois : Jésus porte la croix.
          <lb/>Au-dessous verset de Math. XVI. (4 lignes.)
          <lb/>A la fin : Getruck (!) zu Straszburg bey Wolff-]] gang Köphel,
          <lb/>Jm M. D. (! LII Jar.
          <lb/>Au verso marque typ. de W. Köpfel (H. &amp;amp; B. Planche XVIII,
          <lb/>n° 8, avec les lettres Vu. Ce. [— Wolfgang Cephaleus.]
          <lb/>In-8°, car. goth., 112 ff. ch., réclames.
          <lb/>fol. 2a : Der Buchtrucker, Win-!] schet dem Christlichen leser war-
          <lb/>haffte nachuolgung Christi Jesu.
          <lb/>R. 100.495. Prov. : Rosenthal, Munich, 20/11, 1918; 80 M. 2326
          <lb/>THUCYDIDES
          <lb/>Strasbourg, J. Rihel, 1561
          <lb/>Bellum Siculum!! Thucydidis. Pro Schola Argentoratensi!
          <lb/>Cum praefatione Ernesti Regii.
          <lb/>Marque typ. de Josias Rihel (H. &amp;amp; B. Planche XXIX, n°5;
          <lb/>Silvestre, n° 757.)
          <lb/>Apud Iosiam Rihelium, Anno !! M. D. LXI. (Verso blanc.)
          <lb/>A la fin : Argentorati! Excudebat Iosias Rihelius, Anno!
          <lb/>M. D. LXI. (Verso blanc.).
          <lb/>In-8°, car, grecs, 118 ff. non ch. sign. A-O, titre courant, réclames,
          <lb/>init. ornées, P, T, O (blanches sur fond noir).
          <lb/>fol. A 22-A 8b : Lectori S... — Argentinae !! Anno M. D. LXI !! Ernestus
          <lb/>Regius (7 ff. de préface en car. ital.).
          <lb/>R. 102.426. Prov. : Max Harrwitz, Berlin, 26/xI, 1900; 2 M. 70.
          <lb/>Ritter, Catal. BM Strasbourg, No 2093.
          <lb/>2327
          <lb/>THYM Georg
          <lb/>Strasbourg, P. Messerschmidt, 1558
          <lb/>Des Edlen vnd!! Streitbaren heldes The!! del Vnuorferden (!)
          <lb/>von Walmoden,manlicher vnd Ritterlicher thaten, vil
          <lb/>hübsch !! er, wunderbarlicher geschicht vor etlichen jaren im
          <lb/>land zu Braunschweig, im Stifft Halberstatt! zum Heyligen
          <lb/>grabe, vnd in Lifflandt war-hafftig ergangen, kurtzweilig
        </p>
      </div>
    </body>
  </text>
</TEI>
