<?xml version='1.0' encoding='UTF-8'?>
<?xml-model href="https://raw.githubusercontent.com/OpenITI/tei_openiti/master/tei_openiti.rng" type="application/xml" schematypens="http://relaxng.org/ns/structure/1.0"?>
<?xml-model href="https://raw.githubusercontent.com/OpenITI/tei_openiti/master/tei_openiti.rng" type="application/xml" schematypens="http://purl.oclc.org/dsdl/schematron"?>
<TEI xmlns="http://www.tei-c.org/ns/1.0">
  <teiHeader>
    <fileDesc>
      <titleStmt>
        <title/>
      </titleStmt>
      <publicationStmt>
        <p/>
      </publicationStmt>
      <sourceDesc>
        <p/>
      </sourceDesc>
    </fileDesc>
    <profileDesc>
      <calendarDesc>
        <calendar xml:id="ah">
          <p>Anno Hegirae</p>
        </calendar>
      </calendarDesc>
    </profileDesc>
    <xenoData xml:space="preserve">
CREATED: 2024-04-11T12:19:49.608773+00:00
CREATED BY: eScriptorium vpassthistobuildcmd
IMAGE FILENAME: A121078-5028.tif
IMAGE WIDTH: 2376
IMAGE HEIGHT: 3882
</xenoData>
  </teiHeader>
  <text>
    <body>
      <div>
        <p>
          <lb/>1336
          <lb/>Von Johann Schnewyl M. G. H. vonStraszburg armer
          <lb/>undertheniger Burger.
          <lb/>M. D. XXVI.
          <lb/>In-4°, car. gôth., 30 ff. non ch., sign. A-H.
          <lb/>Au verso du titre : Allen denen : die begeren !! miltigklich zu leben in
          <lb/>Christo Jhesu, fryd !I vnnd hayl, allain in jm, 11 vnd durch jn... (3 pp.).
          <lb/>R. 101.991. Prov. : L. Rosenthal, Munich, 24/1, 1887; 8 M.
          <lb/>Oxford, Bibl. Bodleiana; Bibl. St. Guillaume, Strasbourg.
          <lb/>D’après Schottenloher, le livre a été imprimé par Ulhart à Augsbourg.
          <lb/>Baer, Francfort-s.-M., Catalogue 500 (1907), No 1213; 54 M.; Heftige
          <lb/>Schrift gegen die Antizwinglianer.
          <lb/>2089
          <lb/>SCHOLASTICUS. Voir HISTORIAE Ecclesiasticae Tripartitae,
          <lb/>Haguenau, Gran, ca. 1506.
          <lb/>SCHOLL Jacobus
          <lb/>Strasbourg, J. Cammerlander, 1537
          <lb/>Astrologiae ad Medicinam Adplicatio (!) Brevis, ! deque
          <lb/>conuenientia earundem Canones aliquot, ex probatissimis
          <lb/>quibusque &amp;amp; Astrologiae &amp;amp; Medicinae, authoribus, ! uigilan¬
          <lb/>tissime collecti, restaurati, &amp;amp; nuncprimum in lucem aediti.
          <lb/>Post hos fasciculus totius! Medicinae, sequitur, Theses
          <lb/>aliquot rei Medicae, &amp;amp; maxime sim-pitioris, breuissime
          <lb/>complectens, opera &amp;amp; diligentia M.Iacobi Scholl Argentini,
          <lb/>nuper integritati Astronomicae restitutus.
          <lb/>Argentorati excudebat Iacobus Cammerlander Mogun¬
          <lb/>tinus.Anno M. D. XXXVII. (Verso blanc.).
          <lb/>In-4°, car. rom., 4 ff. non ch. dont le dernier blanc, 95 ff. ch., dont
          <lb/>le dernier blanc, avec la marque typ. de Cammerlander au verso (H. &amp;amp; B.
          <lb/>Planche XXIV, No 1 ; Silvestre, No 816), titre courant, réclames, notes
          <lb/>marg., init. à fig. C, L; gravures sur bois, se rapportant à l’astrologie et
          <lb/>à la médecine.
          <lb/>fol. 2a non ch. :... Antonio Iuniori Mo-Il guntino, Artium &amp;amp; Medicinae
          <lb/>Doctori experto, domino suo semper colendo, Iacobus Cam-]] merlander
          <lb/>Moguntinus... — Datum Argentorati : 5. Nonas Martias. Anno 1. 5. 37.
          <lb/>Suivent 3 pp. de table.
          <lb/>fol. 3a non ch., à la suite de la table : Ad Lectorem... Argentorati V
          <lb/>Non. Martias. (10 lignes.)
          <lb/>R. 100.996 (2). Prov. inconnue.
          <lb/>Ritter, Catal. BM Strasbourg 1889; Oxford, Bibl. Bodleiana. 2090
          <lb/>SCHOENFELDT Melchior, Horn des Heils. Voir : PEGIUS
          <lb/>Martinus.
          <lb/>SCHORUS Antonius
          <lb/>Strasbourg, W. Rihel, 1549
          <lb/>De!! Ratione Discen-dae Docendaeque Linguae! Latinae
          <lb/>&amp;amp; Graecae, Libri duo. ! Antonio Schoro Au-] tore. Il Cum
          <lb/>Indice.
        </p>
      </div>
    </body>
  </text>
</TEI>
