<?xml version='1.0' encoding='UTF-8'?>
<?xml-model href="https://raw.githubusercontent.com/OpenITI/tei_openiti/master/tei_openiti.rng" type="application/xml" schematypens="http://relaxng.org/ns/structure/1.0"?>
<?xml-model href="https://raw.githubusercontent.com/OpenITI/tei_openiti/master/tei_openiti.rng" type="application/xml" schematypens="http://purl.oclc.org/dsdl/schematron"?>
<TEI xmlns="http://www.tei-c.org/ns/1.0">
  <teiHeader>
    <fileDesc>
      <titleStmt>
        <title/>
      </titleStmt>
      <publicationStmt>
        <p/>
      </publicationStmt>
      <sourceDesc>
        <p/>
      </sourceDesc>
    </fileDesc>
    <profileDesc>
      <calendarDesc>
        <calendar xml:id="ah">
          <p>Anno Hegirae</p>
        </calendar>
      </calendarDesc>
    </profileDesc>
    <xenoData xml:space="preserve">
CREATED: 2024-04-11T12:19:55.074889+00:00
CREATED BY: eScriptorium vpassthistobuildcmd
IMAGE FILENAME: A121078-5162.tif
IMAGE WIDTH: 2340
IMAGE HEIGHT: 3856
</xenoData>
  </teiHeader>
  <text>
    <body>
      <div>
        <p>
          <lb/>1470
          <lb/>In-4°, car. goth., 2 col., 57 ff. non ch., sign. aa-Il, titre courant, init.
          <lb/>ornée A, titre encadré de H. Gran à Haguenau, H &amp;amp; B Planche LXIV, N° 2).
          <lb/>R. 101.611. Prov. : W. Rath, Esslingen, 20/x, 1887; 4 M.
          <lb/>Annotation ms. au bas du titre : « Ex libris Christophori Gadolf 1593, ».
          <lb/>Manque chez Schmidt.
          <lb/>2345
          <lb/>TORRENTINUS Hermannus Haguenau, H. Gran, décembre 1518
          <lb/>Elucidarius vel vo! cabularius poeticus... etc.
          <lb/>A la fin : vocabularius... Impressus in Hagenaw, per indus¬
          <lb/>trium Henricum Gran: impensis!! circumspecti viri Joannis de
          <lb/>Oringaw, finit feliciter! Anno salutis nostre. M. D. XVIII.
          <lb/>penultima die Decembris.
          <lb/>In-4°, car. goth., 2 col., 58 ff. non ch., dont le dernier blanc, titre
          <lb/>courant, init. ornée A; titre encadré (H. &amp;amp; B., Planche LXIV, No 2).
          <lb/>Au verso du titre : Hermannus Torrentinus Lectori.
          <lb/>R. 101.612. Prov. : K. Th. Völcker, Francfort-s.-M. (catal. 68, No 968),
          <lb/>11/VI, 1879; 3 M.
          <lb/>Proctor II, Sectio I, No 11676; Londres, British Museum. 2346
          <lb/>TORRENTINUS Hermann
          <lb/>Strasbourg, J. Knobloch, 1520
          <lb/>Elucidarius vel vocabularius poeticus... etc.
          <lb/>A la fin : Argentinae in Aedi bus Knoblouchianis. Mense!
          <lb/>Nouembri. Anno. M. D. XX.
          <lb/>In-4°, car. goth., 2 col., 58 ff. non ch., sign. aa-Il, dont le dernier f.
          <lb/>blanc, titre courant, init. ornée A et init. d’attente, titre encadré comme
          <lb/>le : « Dictionnarium Gemma gemmarum 1520 (R. 100.055a)».
          <lb/>Au verso du titre : Hermannus Torrentinus Lectori...
          <lb/>Au verso du dernier f. : Iuristarum termini metrice (31 vers latins).
          <lb/>R. 100.055. Prov. : BN Munich, 22/1, 1880; 1 M.
          <lb/>Schmidt VII, N° 201 : Bibliothèque Bâle et jadis Bibl. de Strasbourg,
          <lb/>Incun. N° 4578, 4580.
          <lb/>2347
          <lb/>TOXITES Michael
          <lb/>Strasbourg, 1540
          <lb/>Querela anseris! vel de ingratitudine ho minum elegia,
          <lb/>autore Michaelo Toxite!! rhoetico. (Feuille de lierre.)
          <lb/>Argentorati I1 M. D. XL. (Verso blanc.)
          <lb/>In-8°, car. ital., 14 ff. non ch. (18 ff. blancs), réclames, init. ornée C.
          <lb/>Fol. A 2a :... Praesuli, Ulderico Fabro, Praeposito in Dencken-!
          <lb/>dorff,...Michaèl Toxites Rhoeticus!! S. P. D... — Urachij ex ludo
          <lb/>nostro literario. 1! Postridie nonarum Aprilis, Anno !] salutis nostrae
          <lb/>sesquimillesi-] mo quadrage- simo (Préface de 5 ff.).
          <lb/>R. 101.923. Prov. : Bibl. Ch. Schmidt. Au verso du ler f. de garde,
          <lb/>note mss. au crayon : « très rare».
          <lb/>Ritter, Catal. BM Strasbourg, N° 2106.
          <lb/>Bibliographie Toxites. Voir: Schottenloher II, N° 21.350-21.353a.
          <lb/>2348
        </p>
      </div>
    </body>
  </text>
</TEI>
