<?xml version='1.0' encoding='UTF-8'?>
<?xml-model href="https://raw.githubusercontent.com/OpenITI/tei_openiti/master/tei_openiti.rng" type="application/xml" schematypens="http://relaxng.org/ns/structure/1.0"?>
<?xml-model href="https://raw.githubusercontent.com/OpenITI/tei_openiti/master/tei_openiti.rng" type="application/xml" schematypens="http://purl.oclc.org/dsdl/schematron"?>
<TEI xmlns="http://www.tei-c.org/ns/1.0">
  <teiHeader>
    <fileDesc>
      <titleStmt>
        <title/>
      </titleStmt>
      <publicationStmt>
        <p/>
      </publicationStmt>
      <sourceDesc>
        <p/>
      </sourceDesc>
    </fileDesc>
    <profileDesc>
      <calendarDesc>
        <calendar xml:id="ah">
          <p>Anno Hegirae</p>
        </calendar>
      </calendarDesc>
    </profileDesc>
    <xenoData xml:space="preserve">
CREATED: 2024-04-11T12:20:01.040264+00:00
CREATED BY: eScriptorium vpassthistobuildcmd
IMAGE FILENAME: A121078-5305.tif
IMAGE WIDTH: 2402
IMAGE HEIGHT: 3846
</xenoData>
  </teiHeader>
  <text>
    <body>
      <div>
        <p>
          <lb/>Meifisch, Joh. Jeremias (Vormacien¬
          <lb/>Meurer, D. Noe, 837.
          <lb/>sis), 1084.
          <lb/>Meurer, Woligang, 588.
          <lb/>Meiner (Lebensbeschreibung berühm¬
          <lb/>Meusebach (Vente 1855, Berlin), 190.
          <lb/>ter Männer), 1227.
          <lb/>Mey, Wolfgang (Berne), 74, 76.
          <lb/>Meiningen, BM, 273.
          <lb/>Meydenbach, Jacobus, 1205.
          <lb/>Melanchthon, 32, 89, 158, 327, 331,
          <lb/>486, 499, 500, 513, 518, 9, 522,
          <lb/>Meyer (Frau, von Schiltigheim, anc.
          <lb/>590, 2, 3, 607, 628, 9, 670, 702, 802,
          <lb/>poss. 1910), 283, 809.
          <lb/>875, 1029, 1097, 8, 1189, 1190,
          <lb/>Meyer, Jacob, 797.
          <lb/>1194, 5, 8, 1229, 1419, 1451, 1501¬
          <lb/>Meyer, Johann Conrad, 611, 612.
          <lb/>Meyer, Michael (impr. Strasbourg),
          <lb/>62, 1638, 1881, 1904, 1949, 2042,
          <lb/>2064, 6, 2100, 2291.
          <lb/>1270.
          <lb/>Melander, 373.
          <lb/>Meyer, Peter (Coblence), 648.
          <lb/>Melber à Gerolzhofen, Joh., 1563.
          <lb/>Meyer, Sebastian, 1566, 7.
          <lb/>Melissus, Paulus (Schedius), 612,
          <lb/>Meyer, Simon (impr. Strasbourg),
          <lb/>1332, 2000.
          <lb/>2079.
          <lb/>Melusine, 1564.
          <lb/>Michael (Bischof von Merseburg),
          <lb/>Memhardus, Joh., 396.
          <lb/>1313.
          <lb/>Memmius, Enricus, 536.
          <lb/>Michael de Ungaria, 1568-1574.
          <lb/>Menckel, 1754.
          <lb/>Michalski, Franz, 1924.
          <lb/>Mendler, D. Michael, 837.
          <lb/>Michel, Hermann, 1313.
          <lb/>Mengin, Nicolas, 1565.
          <lb/>Michel, Philippe (Munich, anc. poss.),
          <lb/>Menke (Bremen anc. poss. 1873), 96,
          <lb/>317, 2033, 2531.
          <lb/>101, 474, 628-631, 1015, 1065,
          <lb/>Michelstadt (Kirchenbibliothek), 328.
          <lb/>1171. 1179, 1186, 1373, 1387,
          <lb/>Michelstadt. Voir aussi : Monastères.
          <lb/>1873, 2251, 2468, 2504.
          <lb/>Michiels (Capitaine, anc. poss.), 990.
          <lb/>Menlishofer, Joh. (medicus Constan¬
          <lb/>Micyllus, Jacobus, 115, 1523, 1899.
          <lb/>tiensis), 1437.
          <lb/>Mieg, Carolus, 1497.
          <lb/>Ment, Joh. (Augustanus), 1079.
          <lb/>Mijrica (?) Nic. Theodoricus Argen¬
          <lb/>Ment, Ulricus, 1079.
          <lb/>tinensis (anc. poss. 1574), 820.
          <lb/>Mentelin, 305, 1888, 2185.
          <lb/>Millichius Jac., 1538, 1542, 8, 1556,
          <lb/>Mentz, Ferd., 349-392, 435.
          <lb/>1575.
          <lb/>Menzel, Maurice (curé à Weissenstadt,
          <lb/>Minckell, Israel (Bergherr, zu Strass-
          <lb/>anc. poss. 1883), 1910.
          <lb/>burg anno 1554), 1962.
          <lb/>Menzel, Wolfg. (Stuttgart, anc. poss.
          <lb/>Minckwitz, Joh. Fridericus à (Dres¬
          <lb/>1874), 125, 223, 332, 562, 7, 906,
          <lb/>den, anc. poss. 1630), 2284.
          <lb/>918, 1099, 1314, 1739, 1775, 1784,
          <lb/>Mindanus, Petrus Frid., 197.
          <lb/>2125, 2141, 2371.
          <lb/>Minsinger, J. (Frondorf), 1576.
          <lb/>Menzingen, Bernhardus à, 484. —
          <lb/>Minutianus, Alexander, 2244.
          <lb/>Menzingen, Petrus à, 484.
          <lb/>Mirandula, Octavianus, 1576-1581.
          <lb/>Mercure, 1304.
          <lb/>Miricianus, Joachim 1104
          <lb/>Merker, Paul, 1014.
          <lb/>Mitau (anc. poss.), 2502.
          <lb/>Merlus, Dominicus (Lucensis, anc.
          <lb/>Mittelberger, 1938.
          <lb/>poss.), 893.
          <lb/>Mitternacht, Joh. Seb., anc. poss.),
          <lb/>Merstetter, Jac. (Ehingensis), 6, 9, 10,
          <lb/>2005.
          <lb/>2475.
          <lb/>Moeck, Frid. Lud. (Alumnus Beben¬
          <lb/>Merula, Gaudentius, 429.
          <lb/>husanus, anc. poss.), 533.
          <lb/>Merula, Georgius, 1038.
          <lb/>Mockel, Joh. Phil. (Protonotarius,
          <lb/>Merz, A., 1184.
          <lb/>anc. poss. 1658), 215.
          <lb/>Messerschmidt, Georges (impr. Stras¬
          <lb/>Modestus, Joh. Ant., 1584, 5.
          <lb/>bourg), 212, 248, 380, 4, 6, 558,
          <lb/>Mohamed, 872.
          <lb/>844, 5, 872, 1937, 1955, 2036, 7,
          <lb/>Mohr, J. C. B. (Leipzig, 1895), 1866.
          <lb/>2040, 2127, 2270, 2282, 2333,
          <lb/>Moibanus, Joh. (Medicus Augusta¬
          <lb/>2424, 5.
          <lb/>nus), 659.
          <lb/>Messerschmidt, Paul (impr. Stras¬
          <lb/>Molensteiner, Georg, 79.
          <lb/>bourg), 210, 307, 846, 867, 887,
          <lb/>Molineus, Franciscus, 833, 1169.
          <lb/>1173, 4, 1313, 1497, 1549, 1590, 1,
          <lb/>Molinus, Marcus, 486, 513, 522.
          <lb/>1770, 2328, 2530.
          <lb/>Molitor, Henricus (canonicus Aschaf¬
          <lb/>Methodius, 1919.
          <lb/>fenburgensis anc. poss.), 667,
          <lb/>Metz. Voir : Monastères.
          <lb/>Molitor, Oswaldus (Lucernus), 44.
          <lb/>Metzler, Joh., 1395.
          <lb/>Moll, Christophe (Augsbourg), 1587.
          <lb/>1615
        </p>
      </div>
    </body>
  </text>
</TEI>
