<?xml version='1.0' encoding='UTF-8'?>
<?xml-model href="https://raw.githubusercontent.com/OpenITI/tei_openiti/master/tei_openiti.rng" type="application/xml" schematypens="http://relaxng.org/ns/structure/1.0"?>
<?xml-model href="https://raw.githubusercontent.com/OpenITI/tei_openiti/master/tei_openiti.rng" type="application/xml" schematypens="http://purl.oclc.org/dsdl/schematron"?>
<TEI xmlns="http://www.tei-c.org/ns/1.0">
  <teiHeader>
    <fileDesc>
      <titleStmt>
        <title/>
      </titleStmt>
      <publicationStmt>
        <p/>
      </publicationStmt>
      <sourceDesc>
        <p/>
      </sourceDesc>
    </fileDesc>
    <profileDesc>
      <calendarDesc>
        <calendar xml:id="ah">
          <p>Anno Hegirae</p>
        </calendar>
      </calendarDesc>
    </profileDesc>
    <xenoData xml:space="preserve">
CREATED: 2024-04-11T12:19:56.068252+00:00
CREATED BY: eScriptorium vpassthistobuildcmd
IMAGE FILENAME: A121078-5187.tif
IMAGE WIDTH: 2358
IMAGE HEIGHT: 3864
</xenoData>
  </teiHeader>
  <text>
    <body>
      <div>
        <p>
          <lb/>1497
          <lb/>offentlichen Truck publicierten Calumnien vnd Schmäschrifft,
          <lb/>Anno M. D. XC. (Verso blanc.)
          <lb/>In-4°, car. goth., 36 pp. ch. pour la Ire partie, 93 pp. ch. pour la 2e,
          <lb/>qui contient en outre de p. 79 à la fin : Warhaffter Bericht!! verlauffener
          <lb/>Sachen, mit an-] gehengtem begeren,) Viti Zigleri zu S. Leonhardt
          <lb/>Dechant vnd Vicarii Hoher Stifft 1! zu Straszburgk.
          <lb/>p. 1 : Vidimirte Copia. !] Graff Herman Adolff (I von Solms vermeinten
          <lb/>nichtigen!! Mandats vnd Citation wider den Herrn!! Thumbprobsten,
          <lb/>Hoher Stifft !] Straszburg... — 21. Decembris Anno 88.
          <lb/>R. 102.267 (1). Don de Sailer, Freising, 26/VI, 1875. Au bas du titre:
          <lb/>« Sambt der M. Viti Ziegleri Supplicat. und Testat.»
          <lb/>De nombreuses annotations mss. à la marge des pp.
          <lb/>Au verso du fol. blanc après la première partie: Ain anderer Titl
          <lb/>endtgenender verantwortung : Eines Hoch vnd Ehrwirdigen Thumcapituls
          <lb/>hoher Stifft Straszburg gruntlich verantwortung vnd widerlegung. deren
          <lb/>von Graff Christofl Latislaen von Thengen ausszgegossnen vnd In offnen
          <lb/>truck publicierten Calumnien vnd schmach schrifft. Deren datum stat
          <lb/>Strasburg den 23 Januarij Stilo Nouo Anno 1589. Darunder vnder andern
          <lb/>klarlich ausgefuert vnnd erwisen wirdt. Das das hohe Stifft Strasburg
          <lb/>dem Stuell zu Rom oder Babst mit nichten under worffen sey... Datum
          <lb/>Strasburg den 9. Januarij Anno 1590.
          <lb/>R. 102.267. Prov. inconnue.
          <lb/>Ritter, BM Strasbourg, N° 2154.
          <lb/>2392
          <lb/>VERGERIUS
          <lb/>Strasbourg, Th. Berger, 1561
          <lb/>Widerruff Vergerij An statt seiner Christlichen Bekant-
          <lb/>nus getruckt, in wölcher der mehrertheil] Misbreüch der
          <lb/>Bäpstli-chen Bischofen fleissig beschriben wer-den, Sampt
          <lb/>anderen, noch weiter für- nemen Abgöttereyen, die im
          <lb/>Bapst-l umb, vnd sonderlich zu Rom! im Schwanck seind
          <lb/>vnd gehn.  ANNO M. D. LXI. (Verso blanc.)
          <lb/>A la fin : Gedruckt zu Strasburg beyThiebolt Berger am)
          <lb/>Barfüsser Platz.
          <lb/>In-8°, car. goth., 48 ff. non ch., sign. A-F, titre courant, réclames,
          <lb/>manchettes.
          <lb/>fol. A 2a-A 3a:... Herrn Johann Un-II gnaden, Freyherrn zu Sonneck,
          <lb/>&amp;amp;c... wünscht !! Ludwig Vergerius gnad vnd frid... — Datum Tübingen
          <lb/>den xv. !l Januarij, Anno!! 1561 (Préface).
          <lb/>fol. A 3b-D 7a : Petrus Paulus Verge-[¡ rius wünschet der Burgerschafft
          <lb/>in ! der Stat Capodistria seinem geliebten Vatterland !] Gnad und Frid
          <lb/>von Gott...
          <lb/>fol. D 7b-F 8b : Abgöttereyen zu Rom.
          <lb/>Introuvable depuis la guerre.
          <lb/>2393
          <lb/>VERGILIUS Polydorus
          <lb/>Strasbourg, M. Schürer, 1509
          <lb/>Polydori Vergilii!! vrbinatis. De Inventoribus! Rerum
          <lb/>Libri Tres.
          <lb/>M. Antonii Sabellici De Ar  tium Inventoribus. (] ad
          <lb/>Bassum carmen ] elegantissimum.
        </p>
      </div>
    </body>
  </text>
</TEI>
