<?xml version='1.0' encoding='UTF-8'?>
<?xml-model href="https://raw.githubusercontent.com/OpenITI/tei_openiti/master/tei_openiti.rng" type="application/xml" schematypens="http://relaxng.org/ns/structure/1.0"?>
<?xml-model href="https://raw.githubusercontent.com/OpenITI/tei_openiti/master/tei_openiti.rng" type="application/xml" schematypens="http://purl.oclc.org/dsdl/schematron"?>
<TEI xmlns="http://www.tei-c.org/ns/1.0">
  <teiHeader>
    <fileDesc>
      <titleStmt>
        <title/>
      </titleStmt>
      <publicationStmt>
        <p/>
      </publicationStmt>
      <sourceDesc>
        <p/>
      </sourceDesc>
    </fileDesc>
    <profileDesc>
      <calendarDesc>
        <calendar xml:id="ah">
          <p>Anno Hegirae</p>
        </calendar>
      </calendarDesc>
    </profileDesc>
    <xenoData xml:space="preserve">
CREATED: 2024-04-11T12:19:57.629501+00:00
CREATED BY: eScriptorium vpassthistobuildcmd
IMAGE FILENAME: A121078-5234.tif
IMAGE WIDTH: 2390
IMAGE HEIGHT: 3860
</xenoData>
  </teiHeader>
  <text>
    <body>
      <div>
        <p>
          <lb/>1544
          <lb/>Additiones he sunt. Epistola Enee siluij de litterarum
          <lb/>studijs... (8 lignes.)
          <lb/>Ad ludimagistros, pedagogos et gym-nosophistas Galli¬
          <lb/>narij Exastichon. (3 dist. latins.)
          <lb/>A la fin: Impressum Argentine felici Auspicio im-pensis
          <lb/>et opera Joannis Knoblauch. An-no Salutis. MCCCCCV. XX
          <lb/>die Februarij.
          <lb/>Au-dessous : marque typ. de J. Knobloch. (H. &amp;amp; B. Planche
          <lb/>IX, No 4; Silvestre, No 1012.)
          <lb/>In-4°, car. goth., 4 ff. non ch., LXXXIV ff. ch., dont le verso du dernier
          <lb/>blanc, notes marg., init. d’attente. 3 grav. sur bois : la mort fauchant dans
          <lb/>un cimetière, au fond un amas de crânes entassés dans un enclos; un
          <lb/>jeune noble se promenant dans la rue avec un chien; puis un mourant
          <lb/>dans son lit, auprès de lui deux moines, un homme et une femme.
          <lb/>Au verso du titre : Philippus Furstenbergius Rinchauiensis Il ad
          <lb/>pueros et ephebos in adolescentiam Vim !I phelingij sequentem. (9 dist.).
          <lb/>Cratonis Udenhemij preceptoris iuuentu-]l tis slettstattine in Adolescen¬
          <lb/>tiam. V. (imphelingii] (2 dist.).
          <lb/>Tetrastichon Matthie ringmanni philesij. (2 dist.).
          <lb/>fol. Ia :... Ludouici Comitis in Lewenstein : Baronisque in !! Schar¬
          <lb/>pfeneck filio primogenito wolfgango: domino cle!] menti et magnopere
          <lb/>colendo : Jacobus wimpfetingius!! Sletstatinus sese commendat... —
          <lb/>Ex Heidelbergenij gymnasio. iiij. kalendas decembris. Anno !I christi
          <lb/>Millesimo quadringentesimo nonagesimo nono.
          <lb/>&amp;quot;R. 101.425. Prov. : Don de la ville de Heilbronn.
          <lb/>2 ex. &amp;quot; R. 100.174. Prov, : Bibl. Heitz, Strasbourg. Au verso du f. de
          <lb/>garde Heitz a noté : « Argent. Io. Knoblauch 1505 avec 3 grav. sur bois
          <lb/>(Vide Amoenitates literariae Friburgenses, p. 200 ». A la fin on a collé
          <lb/>4 facsimilés de f. LXXXIa et LXXXID, LXXXIIa et b.
          <lb/>Schmidt, VII, N° 10 : Bibliothèque Mazarine de Paris, jadis Bibl. de
          <lb/>Strasbourg. Incun. No 4901 et son exemplaire.
          <lb/>Proctor II, Sectio I, No 10.048 : Londres, British Museum; Knepper,
          <lb/>Wimpfeling, p. 119-131.
          <lb/>2471
          <lb/>WIMPHELING Jacobus
          <lb/>(Strasbourg, J. Knobloch, 1 1505
          <lb/>Appologetica declaratio wymphelingij in libellum suum!
          <lb/>de integritate : de eo. An sanc- tus Augustinus fuerit mona
          <lb/>chus. Cum epistolio Thome Volphij iunioris. Keyserspergij
          <lb/>epistola elegan] tissima de modo predicandi!! passionem
          <lb/>domini. Oratio wymphelingij metrica.
          <lb/>S. I. n. d. (Types de Knobloch.)
          <lb/>In-4°, car. rom., 12 ff. non ch., sign. A-C, notes marg., init. ornées C,
          <lb/>P, N.
          <lb/>Au verso du titre : Thomas Volphius Junior Decretorum!! Doctor
          <lb/>Jacobo wymphelingo Theologo. S. D... — Argentinae cursim !! ex edibus
          <lb/>nostris Pridie kalendas Augusti Anno : M. D. V.
          <lb/>Sont rattachés au traité 4 ff. non ch., sign. A, dont fol. A la: Ad Julium.
          <lb/>II. Pontificem max. !! Querulosa excusatio Jacobi wimphelingij Il ad
          <lb/>instantiam Fratrum Augustinensium] ad curiam Romanam citati: ut
        </p>
      </div>
    </body>
  </text>
</TEI>
