<?xml version='1.0' encoding='UTF-8'?>
<?xml-model href="https://raw.githubusercontent.com/OpenITI/tei_openiti/master/tei_openiti.rng" type="application/xml" schematypens="http://relaxng.org/ns/structure/1.0"?>
<?xml-model href="https://raw.githubusercontent.com/OpenITI/tei_openiti/master/tei_openiti.rng" type="application/xml" schematypens="http://purl.oclc.org/dsdl/schematron"?>
<TEI xmlns="http://www.tei-c.org/ns/1.0">
  <teiHeader>
    <fileDesc>
      <titleStmt>
        <title/>
      </titleStmt>
      <publicationStmt>
        <p/>
      </publicationStmt>
      <sourceDesc>
        <p/>
      </sourceDesc>
    </fileDesc>
    <profileDesc>
      <calendarDesc>
        <calendar xml:id="ah">
          <p>Anno Hegirae</p>
        </calendar>
      </calendarDesc>
    </profileDesc>
    <xenoData xml:space="preserve">
CREATED: 2024-04-11T12:19:53.690618+00:00
CREATED BY: eScriptorium vpassthistobuildcmd
IMAGE FILENAME: A121078-5130.tif
IMAGE WIDTH: 2344
IMAGE HEIGHT: 3858
</xenoData>
  </teiHeader>
  <text>
    <body>
      <div>
        <p>
          <lb/>1438
          <lb/>Regnante Imperatore Caes.Maximiliano Pio Foe- lici
          <lb/>Aug. P. P.
          <lb/>dernier blanc, titre courant, de nombreuses init. ornées de différente
          <lb/>In-4°, car, rom., 4 ff. non ch., CXXXVI ff. ch., 6 ff. non ch., dont le
          <lb/>grandeur; titre encadré, composé de 4 pièces juxtaposées; en haut, au
          <lb/>milieu, tête d’un génie, entourée de banderolles, piliers ornés dans les
          <lb/>bandes latérales; au milieu de la bande inférieure un écusson vide tenu
          <lb/>par deux génies dont l’un est couché, l’autre assis, autour de l’écusson,
          <lb/>banderolle avec le mot: Herman.
          <lb/>Au verso du titre : Nicolaus Gerbelius.... Lectori... — Ex aedibus
          <lb/>Rudolphin !! gij studiosorum Mœcenatis. Anno M. D. XVI.
          <lb/>fol. A 2a : Pub. Terentii Vita, Ex Libro Pri-I/ mo Petri Criniti, de
          <lb/>Poetis latinis.
          <lb/>R. 100.080. Prov. : BN Munich, 10/IV, 1882; 1 M. 20.
          <lb/>En haut du titre : «S. H. 1525 » en bas : 10 batzen; de nombreuses
          <lb/>annotations mss. dans le texte.
          <lb/>Schmidt VIII, No 177 ; Walter: Sélestat 2302.
          <lb/>2288
          <lb/>TERENTIUS Afer Publius
          <lb/>Strasbourg, J. Knobloch, 1519
          <lb/>P. Terentius Poeta Comicus in! Sua Metra Re!! stitutus.
          <lb/>Cum elucubratiunculis Petri Marsi &amp;amp; adnotationibus margi¬
          <lb/>narijs Pau li Malleoli adamussim exornatus.
          <lb/>Ad Authorem Libri! Ioan. Nib. Argen! toracensis. (4 dist.).
          <lb/>Anno domini. M. D. XIX.
          <lb/>Fol. CXLVID : ... per Ioannem Knoblouchiumrei publicae
          <lb/>literatoriae haud quaque poeniten-dum calcographum,
          <lb/>urbe Argentipolifoelicem fortiuntur exitum, sexto!
          <lb/>Kalendas Septembres, virgi! nei partus Anno. M. !D. XIX..
          <lb/>In-4°, car. rom., 8 ff. non ch., CXLVI ff. ch., 2 ff. non ch. dont le dernier
          <lb/>blanc (Vita Terentii), titre courant, notes marg., init. ornées C, S, T, N,
          <lb/>D, le reste init. d’attente, titre rouge et noir, encadré de 4 pièces juxta¬
          <lb/>posées: pièce supérieure, au milieu un enfant poursuivi par deux oiseaux,
          <lb/>à gauche un triton, à droite une sirène; pièces latérales, ornements,
          <lb/>à gauche en haut 3 bustes de femmes, en bas une femme nue fuyant devant
          <lb/>un homme; à droite, en haut, un pélican; pièce inférieure, au milieu une
          <lb/>tête de cheval, des 2 côtés un monstre.
          <lb/>Au verso du titre: Benedicti Philologi Florentini praefatio super
          <lb/>P. Terentij comœdijs, ! ad Petrum Crinitum.
          <lb/>fol. A 2a-A 5a : Traité sur la Comédie.
          <lb/>&amp;quot;R. 100.082. Prov. : BN Munich, 10/IV, 1882; 1 M.
          <lb/>De nombreuses annotations mss. dans le texte.
          <lb/>Schmidt VII, N° 177 : Bibl. St. Guillaume, Strasbourg.
          <lb/>2289
          <lb/>TERENTIUS Afer Publius
          <lb/>Strasbourg, Ch. Egenolff, 1530
          <lb/>EX P. Teren-tii Comoediis, Latinissi-mae Collo¬
          <lb/>quiorum Formu lae, ordinae selectae : Una cum eius-( dem
          <lb/>Poetae insignioribus!! Sententiis.
          <lb/>Grav. sur bois : paysage, une femme assise tenant un petit
        </p>
      </div>
    </body>
  </text>
</TEI>
