<?xml version='1.0' encoding='UTF-8'?>
<?xml-model href="https://raw.githubusercontent.com/OpenITI/tei_openiti/master/tei_openiti.rng" type="application/xml" schematypens="http://relaxng.org/ns/structure/1.0"?>
<?xml-model href="https://raw.githubusercontent.com/OpenITI/tei_openiti/master/tei_openiti.rng" type="application/xml" schematypens="http://purl.oclc.org/dsdl/schematron"?>
<TEI xmlns="http://www.tei-c.org/ns/1.0">
  <teiHeader>
    <fileDesc>
      <titleStmt>
        <title/>
      </titleStmt>
      <publicationStmt>
        <p/>
      </publicationStmt>
      <sourceDesc>
        <p/>
      </sourceDesc>
    </fileDesc>
    <profileDesc>
      <calendarDesc>
        <calendar xml:id="ah">
          <p>Anno Hegirae</p>
        </calendar>
      </calendarDesc>
    </profileDesc>
    <xenoData xml:space="preserve">
CREATED: 2024-04-11T12:19:58.629026+00:00
CREATED BY: eScriptorium vpassthistobuildcmd
IMAGE FILENAME: A121078-5257.tif
IMAGE WIDTH: 2402
IMAGE HEIGHT: 3858
</xenoData>
  </teiHeader>
  <text>
    <body>
      <div>
        <p>
          <lb/>1567
          <lb/>fol. A 2a : Iacobus Vuimphelingus : suo Udalrico I1 Zasio... (1 p.)
          <lb/>&amp;quot;R. 101.941. Prov. : A. Cohn, Berlin, 4/V, 1885; 9 M.
          <lb/>Schmidt (I, No 98) : Bâle. Proctor II, Sectio I, N° 9910 : Londres,
          <lb/>British Museum.
          <lb/>Bibliographie de Zasius : Schottenloher II, Nos 22890-23903.
          <lb/>2511
          <lb/>ZELL Catharina
          <lb/>(Strasbourg, ] 1667
          <lb/>Ein Brieff an die gan! tze Burgerschafft der Statt Strasz¬
          <lb/>burg, von Katherina Zellin, dessen jetz säligen!! Matthei Zel¬
          <lb/>len, des alten vnd ersten Predigers des Euangelij diser Statt,
          <lb/>nachgelassne Ehe fraw, Betreffend Herr Ludwigen Ra-[! bus
          <lb/>jetz ein Prediger der Statt Ulm, sampt zweyen brieffen ir
          <lb/>vnd sein, die mag mengklich lesen vnd vr-]theilen on
          <lb/>gunst vnd hassz! sonder allein der war! heit warnemen.
          <lb/>Dabey auch ein sanffte antwort, auff jeden Artickel,
          <lb/>seines brieffs. Anno M. D. LVII.
          <lb/>A la fin : Getruckt vnd vollendet den 30. Decembr. !! Anno
          <lb/>1557.
          <lb/>In-4°, car. goth., 53 ff. non ch., sign. A-N, titre courant, réclames.
          <lb/>Au verso du titre : LJeber Leser, ich bitt dich, nit verdries- Il sen der
          <lb/>folgenden Vorrede...
          <lb/>fol. A 2a: Vorred. ] ICh Katharina Zellin.., wünscht dir du liebe Kirch
          <lb/>vnd Bur- II gerschafft zu Straszburg, in deren ich geboren erzogen vnd
          <lb/>noch I] lebe, frid... — A la fin : Jetz volget der freundtlich brieff, dessen
          <lb/>Herr  Ludwigen Rabus welchen vil leut, meinen Son ] genannt haben,
          <lb/>den er mir geschriben hat, für ein!! antwort auff mein schreiben, das ich
          <lb/>im gen Ulm !] gethan habe, das lautet von wort zu wort also...
          <lb/>Dein Heidnisch, unchristlich, erstuncken, und II erlogen schreiben,
          <lb/>ist mir zukummen, den 16. Aprilis, welches der Carfreytag gewesen...
          <lb/>Dunckt dich diser brieff zu hart, so gedenck man müsse dem Il narren
          <lb/>antworten wie es sich gebürt. ] Den 19. Aprilis. Anno 1557. 1! Under¬
          <lb/>schrifft.!Ludwig Rabus, Doctor der heiligen schrifft... Uberschrifft
          <lb/>dises brieffs. !An Katherina Zellin zu Straszburg, wonnhafft I] bey
          <lb/>dem Maurhoff.
          <lb/>R. 102.376. Prov. : Trübner, Strasbourg, 27/VI, 1882; 32M.
          <lb/>Ritter, BM Strasbourg, N° 2266.
          <lb/>Bibliographie de Catherine Zell : Schottenloher II, Nos 22924a-22927.
          <lb/>2512
          <lb/>Strasbourg, W. Köpfel, 1523
          <lb/>ZELL Matthaeus
        </p>
      </div>
    </body>
  </text>
</TEI>
