<?xml version='1.0' encoding='UTF-8'?>
<?xml-model href="https://raw.githubusercontent.com/OpenITI/tei_openiti/master/tei_openiti.rng" type="application/xml" schematypens="http://relaxng.org/ns/structure/1.0"?>
<?xml-model href="https://raw.githubusercontent.com/OpenITI/tei_openiti/master/tei_openiti.rng" type="application/xml" schematypens="http://purl.oclc.org/dsdl/schematron"?>
<TEI xmlns="http://www.tei-c.org/ns/1.0">
  <teiHeader>
    <fileDesc>
      <titleStmt>
        <title/>
      </titleStmt>
      <publicationStmt>
        <p/>
      </publicationStmt>
      <sourceDesc>
        <p/>
      </sourceDesc>
    </fileDesc>
    <profileDesc>
      <calendarDesc>
        <calendar xml:id="ah">
          <p>Anno Hegirae</p>
        </calendar>
      </calendarDesc>
    </profileDesc>
    <xenoData xml:space="preserve">
CREATED: 2024-04-11T12:20:01.153080+00:00
CREATED BY: eScriptorium vpassthistobuildcmd
IMAGE FILENAME: A121078-5309.tif
IMAGE WIDTH: 2408
IMAGE HEIGHT: 3844
</xenoData>
  </teiHeader>
  <text>
    <body>
      <div>
        <p>
          <lb/>Neuhaus, Vincentius (anc. poss. 1732),
          <lb/>Northorn. Voir : Monastères.
          <lb/>2332.
          <lb/>Nostus (2), G., 144.
          <lb/>Neuner, Jeremias, 585.
          <lb/>Noviomagus, Gerhardus, 283, 2442.
          <lb/>Neury (libr. Paris, anc. poss. 1935),
          <lb/>Nuenar, Hermannus, Comes de, 1392.
          <lb/>1992.
          <lb/>Nunez, Petrus Johannes, 1641.
          <lb/>Neustetter, Erasmus, genannt Stür¬
          <lb/>Nuremberg, Germ. Museum, 27, 278,
          <lb/>mer, Dechant), 1780.
          <lb/>289, 303, 325, 8, 534, 705, 741, 2,
          <lb/>Nevius, Joh. (Hondiscotanus), 469,
          <lb/>1071, 1617, 2407.
          <lb/>471, 472.
          <lb/>Nurnberger, Laurentius (Somerda¬
          <lb/>New-York (St. Francis Monastery),
          <lb/>nus), 453.
          <lb/>1738.
          <lb/>Nussbach, Leonardus, 1489, 1490.
          <lb/>Nibling, Joh. (Tribotinus), 431, 2416.
          <lb/>Nütze, Joh. Joachim (anc. poss.
          <lb/>Nicander, 587.
          <lb/>1679), 535.
          <lb/>Nicéron, 2131.
          <lb/>Nyphus, Augustinus, 1637.
          <lb/>Nicolaus, episcopus Spirensis, 1120.
          <lb/>Nyse, Nicolaus de. Voir : Nicolaus de
          <lb/>Nicolaus de Blony, 1626-1628.
          <lb/>Nyse.
          <lb/>Nioclaus de Clamangiis, 1629, 1630.
          <lb/>Nicolaus Cusanus (Cardinal), 2424.
          <lb/>Nicolaus de Dinckelspühl, 1631.
          <lb/>Nicolaus de Nyse, 1632-35.
          <lb/>Oberkampf, Adolphus (anc. poss.),
          <lb/>Nicolaus Rodolphus (Cardinal 1536),
          <lb/>2304.
          <lb/>2029.
          <lb/>Oberkirch, Wolfgang von (—1585),
          <lb/>Nicolaus, Freiherr zu Bollweiler, 1721,
          <lb/>2076.
          <lb/>— Johann, Freiherr zu Bollweiler,
          <lb/>Oberlin, 827, 1110, 1205, 1676.
          <lb/>1721.
          <lb/>Obernburger, 2094.
          <lb/>Nicolaus (Comes ab Ostrorog 1581),
          <lb/>Oberstainer, 1792.
          <lb/>2235.
          <lb/>Obrecht, Georges, 226, 1046, 1203,
          <lb/>Nicolaus V (Comes Salmae et Neo¬
          <lb/>1386, 1594, 1642-59, 1997, 2081,
          <lb/>burgi 1586), 2002.
          <lb/>2111, 2164.
          <lb/>Nicolaus (Meister, Bildhauer zu
          <lb/>Obsopoeus, Michael (frater Vincentii),
          <lb/>Zabern 1517), 999.
          <lb/>1429.
          <lb/>Niddanus, 373.
          <lb/>Obsopoeus, Vincentius, 159, 926,
          <lb/>Nider, Joh., 1636.
          <lb/>1171, 1395, 1429, 1432, 1438, 1440,
          <lb/>Niedenstein, Christianus, 868.
          <lb/>1443, 1487, 1500, 1660, 1910, 2518.
          <lb/>Niemeyer, Max (impr. Halle a. S.),
          <lb/>Occo, Alphonsus (medicus), 330.
          <lb/>1668.
          <lb/>Ochino, Berhardinus, 1661.
          <lb/>Niger, Theobaldus, 353.
          <lb/>Oecolampadius, Joh.,355, 1073, 1528,
          <lb/>Nigri, Georgius (Prof. à Heidelberg
          <lb/>1662-65, 2073.
          <lb/>1514), 664, 1985.
          <lb/>Octavius, Ludovicus (Patavinus),
          <lb/>Nigrinus, 1241, 1389, 2124-26.
          <lb/>2394, 2397.
          <lb/>Nimis, Joh. (anc. poss.), 954.
          <lb/>Ocyorus, Tarquinius, 2045.
          <lb/>Ninus (rex Assyriorum), 331.
          <lb/>Odaxius, Ludovicus, 1848.
          <lb/>Ninivita. Joh., 94, 96.
          <lb/>Odofredus, 1979.
          <lb/>Niphus, Aug., 1637.
          <lb/>Oefely, Andreas Felix (Monacensis),
          <lb/>Nobbe, Heinrich F. A. (Hier. Weller,
          <lb/>1498.
          <lb/>Leipzig 1870), 2453.
          <lb/>Ofner, Lazarus (Cantor, Hürben,
          <lb/>Noé, 944, 2519.
          <lb/>anc. poss. 1878), 2328.
          <lb/>Nogarolus, Hieronymus (Comes),
          <lb/>Oelenschläger (Posen, anc. poss.
          <lb/>2369.
          <lb/>1871), 1199.
          <lb/>Noiriel (Vente Strasbourg), 1, 126,
          <lb/>Oeler, Ludwig, 1666, 7.
          <lb/>150, 612, 790, 927, 968, 1177,
          <lb/>Oelinger, Albertus (Argent., Notarius
          <lb/>1410, 1486, 1736, 1977, 1981, 2018,
          <lb/>publicus), 1668.
          <lb/>2152, 2189, 2218, 2279, 2351, 2429.
          <lb/>Oelinger, Paul, 1669.
          <lb/>Nolte, E. (Bonn, anc. poss. ),81, 86,
          <lb/>Olivier, Fr. J. (Bruxelles, anc. poss.
          <lb/>418, 654, 1147, 9, 1150, 1185, 1188,
          <lb/>1884), 990, 1959.
          <lb/>2155, 2220, 2222, 3.
          <lb/>Ollendorpius, Henning, 818.
          <lb/>Nonnus, Panopolitanus, 1638, 9.
          <lb/>Olmütz, Bibl., 325, 326.
          <lb/>Nonnus, Theophanes, 1640.
          <lb/>Olschki (Florence, anc. poss.), 330, 427,
          <lb/>Nordenskiöld, 1985.
          <lb/>493, 665, 959, 962, 8, 1007, 1120,
          <lb/>Nördlingen BM, 1621, 1900, 2023,
          <lb/>1195, 1237, 1381, 1406, 1408, 1739,
          <lb/>2275.
          <lb/>1902, 1959, 2382, 2425, 2525-27.
          <lb/>1619
        </p>
      </div>
    </body>
  </text>
</TEI>
