<?xml version='1.0' encoding='UTF-8'?>
<?xml-model href="https://raw.githubusercontent.com/OpenITI/tei_openiti/master/tei_openiti.rng" type="application/xml" schematypens="http://relaxng.org/ns/structure/1.0"?>
<?xml-model href="https://raw.githubusercontent.com/OpenITI/tei_openiti/master/tei_openiti.rng" type="application/xml" schematypens="http://purl.oclc.org/dsdl/schematron"?>
<TEI xmlns="http://www.tei-c.org/ns/1.0">
  <teiHeader>
    <fileDesc>
      <titleStmt>
        <title/>
      </titleStmt>
      <publicationStmt>
        <p/>
      </publicationStmt>
      <sourceDesc>
        <p/>
      </sourceDesc>
    </fileDesc>
    <profileDesc>
      <calendarDesc>
        <calendar xml:id="ah">
          <p>Anno Hegirae</p>
        </calendar>
      </calendarDesc>
    </profileDesc>
    <xenoData xml:space="preserve">
CREATED: 2024-04-11T12:19:50.078020+00:00
CREATED BY: eScriptorium vpassthistobuildcmd
IMAGE FILENAME: A121078-5038.tif
IMAGE WIDTH: 2404
IMAGE HEIGHT: 3866
</xenoData>
  </teiHeader>
  <text>
    <body>
      <div>
        <p>
          <lb/>1346
          <lb/>SENARII GRAECANI. Voir : STOBAEUS.
          <lb/>SENDTBRIEF
          <lb/>Strasbourg, A. Bertram, 1585
          <lb/>Sendbrieff desz Printzen! von Parma an Bürgermeister,
          <lb/>Scheffen,vnd Obrigkeit, auch den Hohen Rath, welcher der!
          <lb/>Breite Raht genannt wird, vnd Zünfften der Statt Antorff.
          <lb/>Auch Antwort der Herren Bürgermeister,Scheffen,
          <lb/>Rentmeister vnd Raht der StattAntorff auff voriges
          <lb/>Schreiben des Printzen, !! von Parma. (Vignette.)
          <lb/>Gedruckt zu Straszburg, durch!! Antonium Bertram, 1585.
          <lb/>(Verso blanc.)
          <lb/>In-4°, car. goth., 6 ff. non ch., sign. A, réclames, init. ornée L.
          <lb/>R. 101.610. Prov. : Bibl. Baum, 20/11, 1879.
          <lb/>2118
          <lb/>SENECA Lucius Annaeus
          <lb/>Strasbourg, J. Knobloch, 1521
          <lb/>Hercu (! les Furens Tra! goedia Senecae festi-uissima.
          <lb/>Ioan. Stratodi-phrus. (4 vers.) Verso blanc.
          <lb/>A la fin : Argentinae apud Io-! annem Knoblouchum
          <lb/>Anno M. D. XXI. Men- se octo-bri. (Verso blanc.).
          <lb/>In-8°, car. ital., 22 ff. ch., titre courant, réclames, init. d’attente, titre
          <lb/>encadré (H. &amp;amp; B. Planche X, No 5.)
          <lb/>fol. 2a : Dimensiones Tragoediarum! Senecae Corduben. Per! Hier.
          <lb/>Avantium (2 pp.).
          <lb/>R. 101.763. Prov. : W. Rath in Esslingen, 20/x, 1887; 2 M. 40.
          <lb/>Schmidt VII, N° 218.
          <lb/>2114
          <lb/>SENECA Lucius Annaeus
          <lb/>Strasbourg. Balth. Beck, 1536
          <lb/>Sittliche!!Zuchtbücher, des Hoch-] berümpten Philosophi
          <lb/>vnd lerers Lucij Annei Senece.! In welchen, leer vnd vnder¬
          <lb/>weisung funden wirt, wie sich ein mensch, der tu-gent
          <lb/>gemäsz, halten soll, in allem so yhm von Gott (es sey in zeytli-
          <lb/>chem gut, in glück oder vnglück) zu stadt, damit der tugent
          <lb/>nichts, das mit der selben nit ewig vnd bestendig! ist, für
          <lb/>gesetzt werd.Durch Michael Herr, der freyen künst vnd
          <lb/>artzney liebhaber, neülich verteütscht.Innhalt vnd anzeyg
          <lb/>der sunderen vnd abgetheylten bü- cher, findestu am end
          <lb/>diss ersten dritterns.
          <lb/>Strasburg M. D. XXXVi. (Verso blanc.)
          <lb/>A la fin avant le registre : Getruckt zu Straszburg bey
          <lb/>Balthazar Beck, vnd vollendet am ersten tag des Herbst¬
          <lb/>monats.Anno M. D. XXXVI. (Verso blanc.)
          <lb/>In-fol., car. goth., 6 ff. non ch. CCXLIIII ff. ch., 7 ff. non ch. (Registre)
          <lb/>et 1 f. blanc; titre courant, réclames, init. F goth.
          <lb/>fol. a 2a non ch. :... Herrn Ferdinando, Rhömischem, auch zû Hungern
          <lb/>und Böhem Künig... Geben zù Straszburg am XXX. tag Augusti
          <lb/>M. D. XXXVI... Michel Herr (Préface, 6 pp.).
        </p>
      </div>
    </body>
  </text>
</TEI>
