<?xml version='1.0' encoding='UTF-8'?>
<?xml-model href="https://raw.githubusercontent.com/OpenITI/tei_openiti/master/tei_openiti.rng" type="application/xml" schematypens="http://relaxng.org/ns/structure/1.0"?>
<?xml-model href="https://raw.githubusercontent.com/OpenITI/tei_openiti/master/tei_openiti.rng" type="application/xml" schematypens="http://purl.oclc.org/dsdl/schematron"?>
<TEI xmlns="http://www.tei-c.org/ns/1.0">
  <teiHeader>
    <fileDesc>
      <titleStmt>
        <title/>
      </titleStmt>
      <publicationStmt>
        <p/>
      </publicationStmt>
      <sourceDesc>
        <p/>
      </sourceDesc>
    </fileDesc>
    <profileDesc>
      <calendarDesc>
        <calendar xml:id="ah">
          <p>Anno Hegirae</p>
        </calendar>
      </calendarDesc>
    </profileDesc>
    <xenoData xml:space="preserve">
CREATED: 2024-04-11T12:19:56.027099+00:00
CREATED BY: eScriptorium vpassthistobuildcmd
IMAGE FILENAME: A121078-5185.tif
IMAGE WIDTH: 2358
IMAGE HEIGHT: 3862
</xenoData>
  </teiHeader>
  <text>
    <body>
      <div>
        <p>
          <lb/>1495
          <lb/>einem spiegel, volsehen mag. Newlich durch Jacoben
          <lb/>Freien, der zeit Statschreibern zuMaurszmünster, aus
          <lb/>dem!! Latein, in Deutsche sprach gebracht.Anno 1555.
          <lb/>Gedruckt zu Straszburg in Knob- lochs druckerei. (Verso
          <lb/>blanc.)
          <lb/>In-4°, car. goth., 24 ff. non ch. dont le dernier blanc, sign. A-F, réclames,
          <lb/>notes marg.
          <lb/>fol. A 2a : Dem Edlen, Ehrnuesten Wolff- Il gangen von Seebach, etc...
          <lb/>Jacob Frey... — Geben zu Maursmünster auff Mon-] tag den iiij Hornung
          <lb/>im Jar 1555.
          <lb/>fol. A 3a : Vorrede Maphei Vegij Lau-] densis, zu seinem lieben
          <lb/>bruder vnd!! freund Eustachio.
          <lb/>R. 100.172. Prov. : Trübner, Strasbourg, 6/VI, 1883; 10 M.
          <lb/>2389a
          <lb/>VELCURIO Iohannes
          <lb/>Strasbourg, W. Rihel, 1545
          <lb/>Ioannis Velcuri onis explicationes in T. Li-uij Patauini
          <lb/>historiarum ab urbe condita libros, primum &amp;amp; secundum,
          <lb/>nunquam!] antea excusae.Cum rerum et verborum in
          <lb/>hoc opere memorabilium locuple-tissimo indice. (Verso
          <lb/>blanc.)
          <lb/>Marque typ. de W. Rihel. (H. &amp;amp; B. Planche XXIX, No 3;
          <lb/>Silvestre, No 740). Au-dessous : Cum gratia &amp;amp; priuilegio
          <lb/>Caesario ad septennium.
          <lb/>À la fin: Argentorati per Vuendeli-num Rihelium Mense!
          <lb/>Martio-Anno 1545.
          <lb/>In-8°, car. ital., 12 ff. non ch., 162 ff. ch., 30 ff. non ch. (Index), avec
          <lb/>la marque typ. de Rihel au verso du dernier f. (H. &amp;amp; B., Planche XXIX,
          <lb/>No 2, Silvestre, No 742) —3 ff. blancs, titre courant, réclames, notes marg.,
          <lb/>init. ornée I et init. d’attente.
          <lb/>fol. A 2a non ch. :... Eras! mo, Episcopo Argentoratensi, Lant-!]
          <lb/>grauio Alsatiae... Sebaldus Hauuenreu! terus Noricus, Argentora¬
          <lb/>tensium Medicus Publicus. (Epistola nuncupatoria)... — Argentorati,
          <lb/>Idibus Mar I tijs, Anno... M. D. XLV. (21 pp.).
          <lb/>R. 101.728. Prov. : Échange avec la Bibliothèque du gymnase de
          <lb/>Heilbronn, 2/1I, 1878. Au verso du titre : « Pars Biblioth. Civit. Heibro¬
          <lb/>nensis».
          <lb/>2390
          <lb/>VELEIUS Ursinus. Voir : AUSONIUS, Icones, 1544, n° 115.
          <lb/>VENEDIGER CHRONICA. Voir : MENGIN Nicolaus.
          <lb/>VERANTWORTUNG
          <lb/>(Strasbourg) 1590
          <lb/>Eines Hoch vnd Ehr-würdigen Thumbcapittels hoher
          <lb/>StifftStraszburg, grundtliche verantwortung vnd wi¬
          <lb/>derlegung, deren von Graff Christoff Ladiszlaen von Then-
        </p>
      </div>
    </body>
  </text>
</TEI>
