<?xml version='1.0' encoding='UTF-8'?>
<?xml-model href="https://raw.githubusercontent.com/OpenITI/tei_openiti/master/tei_openiti.rng" type="application/xml" schematypens="http://relaxng.org/ns/structure/1.0"?>
<?xml-model href="https://raw.githubusercontent.com/OpenITI/tei_openiti/master/tei_openiti.rng" type="application/xml" schematypens="http://purl.oclc.org/dsdl/schematron"?>
<TEI xmlns="http://www.tei-c.org/ns/1.0">
  <teiHeader>
    <fileDesc>
      <titleStmt>
        <title/>
      </titleStmt>
      <publicationStmt>
        <p/>
      </publicationStmt>
      <sourceDesc>
        <p/>
      </sourceDesc>
    </fileDesc>
    <profileDesc>
      <calendarDesc>
        <calendar xml:id="ah">
          <p>Anno Hegirae</p>
        </calendar>
      </calendarDesc>
    </profileDesc>
    <xenoData xml:space="preserve">
CREATED: 2024-04-11T12:19:57.466859+00:00
CREATED BY: eScriptorium vpassthistobuildcmd
IMAGE FILENAME: A121078-5226.tif
IMAGE WIDTH: 2372
IMAGE HEIGHT: 3858
</xenoData>
  </teiHeader>
  <text>
    <body>
      <div>
        <p>
          <lb/>1536
          <lb/>fol. A 2a-A 5a (Préface de l’auteur) :... Herren Georgen Tüffe, Meinem
          <lb/>früntlichen lieben !! Vettern &amp;amp;c. Jetz wonhaft zu Ensishaim... —
          <lb/>Datum!] Burckhaim auff mitwoch nach Petri vnd Pauli, Im !] jar.
          <lb/>M. D. LV. Ire édition.
          <lb/>R. 100.394. Prov. : Trübner, Strasbourg, 9/VI, 1881; 40 M.
          <lb/>BM Colmar.
          <lb/>2461
          <lb/>WICKRAM Georg
          <lb/>Strasbourg, imprimerie Knobloch, 1556
          <lb/>Die Siben Haupt-] laster, sampt jren schönen früch!ten
          <lb/>vnd eygenschafften.
          <lb/>Ein schönes vnd kurtzweiliges Büchlin, Jnn welchem
          <lb/>begriffen werden die Siben Hauptlaster, sampt jhrem vr¬
          <lb/>sprung, was grosser geferlichkeit aus einemyeden ents¬
          <lb/>prungen, vnd noch erwachsen mü-gen. Durch schöne Alte
          <lb/>exempel vnd Historien ange Auch durchaus mit
          <lb/>schönen Figuren geziert. Ei-nem yeden Jungen vnd Alten,
          <lb/>Mannen vnd Fraw-en, Knaben vnd Töchtern, kurtzweilig
          <lb/>vnd nützlich zu lesen, sunder allen anstos oder ergernis,
          <lb/>vnd in son derheit die angende Jugendt darinn anzufüren.
          <lb/>Neulich mit fleiss zusammen getragen vnd an tag geben,
          <lb/>Durch Georg Wickram!! von Colmar, diser zeit Statschrei !I
          <lb/>ber zu Burckhaim. (3 feuilles de treffle.)
          <lb/>Gedruckt zu Straszburg, Jn Knoblochs Druckerei. (Verso
          <lb/>blanc.)
          <lb/>A la fin : Gedruckt zu Straszburg, in Knoblochs druckerey,
          <lb/>Jm jar,  M. D. LVI. (Verso blanc.).
          <lb/>In-4°, car. goth., 9 ff. non ch., CVII ff. ch., titre courant, réclames,
          <lb/>notes marginales, titre rouge et noir, 34 grav. sur bois de différente
          <lb/>grandeur, en grande partie de l’Ancien Testament, quelques-unes sont
          <lb/>empruntées au Ritter von Turn, Knobloch 1519.
          <lb/>fol. A 2a-A 3b : (Préface de l’auteur) Dem Ersamen... 1l herren
          <lb/>Ruprechten Kriegelstein, Stätmei- Il ster zu Colmar... — Datum Burck¬
          <lb/>haim am!! Rein gelegen, den xiiij. Januarij, im jar nach der ge-] burt
          <lb/>Christi vnsers Säligmachers, 1556... Georg Wickram...
          <lb/>fol. B 1a-B 3b : Vorrede.
          <lb/>R. 100.392. Prov. : Baer, Francfort-s.-M., 19/1, 1883; 60 M.
          <lb/>Le feuillet x est relié derrière le feuillet y, de sorte que ff. 78-81 viennent
          <lb/>avant 74-77. (Voir grav. du fol G, p. 1537).
          <lb/>2461a
        </p>
      </div>
    </body>
  </text>
</TEI>
