<?xml version='1.0' encoding='UTF-8'?>
<?xml-model href="https://raw.githubusercontent.com/OpenITI/tei_openiti/master/tei_openiti.rng" type="application/xml" schematypens="http://relaxng.org/ns/structure/1.0"?>
<?xml-model href="https://raw.githubusercontent.com/OpenITI/tei_openiti/master/tei_openiti.rng" type="application/xml" schematypens="http://purl.oclc.org/dsdl/schematron"?>
<TEI xmlns="http://www.tei-c.org/ns/1.0">
  <teiHeader>
    <fileDesc>
      <titleStmt>
        <title/>
      </titleStmt>
      <publicationStmt>
        <p/>
      </publicationStmt>
      <sourceDesc>
        <p/>
      </sourceDesc>
    </fileDesc>
    <profileDesc>
      <calendarDesc>
        <calendar xml:id="ah">
          <p>Anno Hegirae</p>
        </calendar>
      </calendarDesc>
    </profileDesc>
    <xenoData xml:space="preserve">
CREATED: 2024-04-11T12:19:51.085535+00:00
CREATED BY: eScriptorium vpassthistobuildcmd
IMAGE FILENAME: A121078-5062.tif
IMAGE WIDTH: 2388
IMAGE HEIGHT: 3864
</xenoData>
  </teiHeader>
  <text>
    <body>
      <div>
        <p>
          <lb/>1370
          <lb/>Marque typ. de A. Bertram. (H. &amp;amp; B. Planche XLIV, No 2;
          <lb/>Silvestre, No 1022.)
          <lb/>Argentorati excudebat Antonius Bertramus, 11 M. D. XCI.
          <lb/>In-4°, car. rom. et ital., 15 ff. non ch., réclames, init. ornée P., au verso
          <lb/>du titre, 2 bandes d’ornement.
          <lb/>R. 101.564 (4). Prov. : Hiersemann, Leipzig, 25 janvier 1935; 4 M.
          <lb/>2159
          <lb/>SPACH Israel
          <lb/>Strasbourg, A. Bertram, 1591
          <lb/>... 11 Themata Medica. De animae fa- cultatibus, earun¬
          <lb/>demque!! Functionibus. AbProfessore Medicinae!! In!
          <lb/>inclyta Argentoratensi! Academia Publici Exercitij Gratia
          <lb/>proposita.Respondendo tueri conabitur.M. Iohannes
          <lb/>Sigismundus Pappus Lindauiensis. Mense Decemb.
          <lb/>(Vignette.)
          <lb/>Argentorati, Excudebat Antonius Bertramus.M.D.
          <lb/>XCI. (Verso blanc.)
          <lb/>In-4°, car. rom., 14 ff. non ch., sign. A-C, réclames, petites init. ornées
          <lb/>C, 9, P, N, fol. A 3a : vignette.
          <lb/>fol. A 2a :... DN. Iohanni ! Pappo SS. Theologiae D. et Pro- II fessori.
          <lb/>Celeberr. Academiae Argentorat. pro I] tempore Decano... I1 Israel
          <lb/>Spachius D. et Pro Il fessor Medicus... — (Vignette) (3 pp.).
          <lb/>R.101.564 (7). Prov. : Hiersemann, Leipzig, 25/I, 1935; 4 M.
          <lb/>2160
          <lb/>SPACH Israel
          <lb/>Strasbourg, A. Bertram, 1593.
          <lb/>Theses medicae physicae, ! de homine sano. ] hoc est; I
          <lb/>de partibus humanum (! corpus constituentibus, ea-( rumque
          <lb/>actionibus &amp;amp; usu. Quas sub praesidio!! clariss, et experi¬
          <lb/>mentissi- mi viri D. Israelis Spachii Do-( ctoris... !! publicè
          <lb/>exa-minandas ibidem proponit, M. Nicolavs Agerius
          <lb/>Argentinensis. (! (Vignette.)
          <lb/>Argentorati, Excudebat Antonius Bertramus. 11 M. D. XCIII.
          <lb/>(Verso blanc.)
          <lb/>In-4°, car. ital., 38 ff. non ch., sign. A-J, notes marg., petites init.
          <lb/>ornées S, M, titre encadré (ornements).
          <lb/>fol. A 22 : (Bande d’ornement) Viris... D. Vesico Chelio... !! D. Georgio
          <lb/>Obrechto... (1 D. Philippo Chelio... — Argentinae!! VI. Kal. Iulij, Anno!
          <lb/>1593... Nicolaus Agerius. (Dédicace de 4 pp.).
          <lb/>R. 101.564 (9). Prov. : Hiersemann, Leipzig, 25/1, 1935; 4 M.
          <lb/>Oxford, Bibl. Bodleiana.
          <lb/>2161
          <lb/>SPACH Israel
          <lb/>Strasbourg, A. Bertram, 1594
          <lb/>Theses medicae] de cibo ac potv!! De quibus Israele
          <lb/>Spachio D. et Prof. Med. Argentinensi Authore:
          <lb/>M. Petrus Uffenbachius
          <lb/>Francofortanus respondebit
          <lb/>Publicè Octauo die Martij. (1 (Vignette.)
        </p>
      </div>
    </body>
  </text>
</TEI>
