<?xml version='1.0' encoding='UTF-8'?>
<?xml-model href="https://raw.githubusercontent.com/OpenITI/tei_openiti/master/tei_openiti.rng" type="application/xml" schematypens="http://relaxng.org/ns/structure/1.0"?>
<?xml-model href="https://raw.githubusercontent.com/OpenITI/tei_openiti/master/tei_openiti.rng" type="application/xml" schematypens="http://purl.oclc.org/dsdl/schematron"?>
<TEI xmlns="http://www.tei-c.org/ns/1.0">
  <teiHeader>
    <fileDesc>
      <titleStmt>
        <title/>
      </titleStmt>
      <publicationStmt>
        <p/>
      </publicationStmt>
      <sourceDesc>
        <p/>
      </sourceDesc>
    </fileDesc>
    <profileDesc>
      <calendarDesc>
        <calendar xml:id="ah">
          <p>Anno Hegirae</p>
        </calendar>
      </calendarDesc>
    </profileDesc>
    <xenoData xml:space="preserve">
CREATED: 2024-04-11T12:19:58.582276+00:00
CREATED BY: eScriptorium vpassthistobuildcmd
IMAGE FILENAME: A121078-5254.tif
IMAGE WIDTH: 2406
IMAGE HEIGHT: 3860
</xenoData>
  </teiHeader>
  <text>
    <body>
      <div>
        <p>
          <lb/>1564
          <lb/>XENOPHON
          <lb/>Strasbourg, W. Rihel, 1554
          <lb/>(Xevopövros]] Pyzopos!] Otxovouixos] Aóyoc A.
          <lb/>Marque typ. de W. Rihel. (H. &amp;amp; B. Planche XXIX, No 3;
          <lb/>Silvestre, No 740.)
          <lb/>Argentorati Excudebat Vuendelinus Rihelius Anno
          <lb/>M. D. LIIII. (Verso blanc.)
          <lb/>In-8°, car. grecs, 55 pp. ch., titre courant, réclames, init. ornée H.
          <lb/>R. 101.562 (2). Prov. : Prof. F. A. Menke à Brême, 1873. 2505
          <lb/>XENOPHON
          <lb/>Strasbourg, J. Rihel, 1561
          <lb/>Titre grec, puis;
          <lb/>Xenophontis!! De Cyri Minoris Expe- ditione, libri VII,
          <lb/>in usum scho- larum seorsim excusi.
          <lb/>Marque typ. de Josias Rihel. (H. &amp;amp; B. Planche XXIX,
          <lb/>No 5; Silvestre, No 757.)
          <lb/>Argentorati!! Excudebat Iosias Rihelius, Anno !! M. D. LXI.
          <lb/>(Verso blanc.)
          <lb/>In-8°, car. grecs, 176 ff. ch., titre courant, réclames, init. ornées D, O, E
          <lb/>(blanches sur fond noir).
          <lb/>R. 101.561 (2). Prov. : List &amp;amp; Franke, Leipzig (Vente Dinsdorf), 2/IV,
          <lb/>1879, 1 M. 10.
          <lb/>2506
          <lb/>XENOPHON
          <lb/>Strasbourg, Th. Rihel, 1565
          <lb/>Titre grec, puis : Xenophontis Cyri Paediae Libri Qua¬
          <lb/>tuor priores. In usum scholarum(! seorsim excusi.
          <lb/>Marque typ. de Theod. Rihel. (H. &amp;amp; B. Planche XXXII,
          <lb/>No 13.)
          <lb/>Argentorati Excudebat Theodosius Rihelius Anno.
          <lb/>M. D. LXV. (Verso blanc.)
          <lb/>In-8°, car, grecs, 212 pp. ch., titre courant, réclames, init. ornées
          <lb/>E, T, O, M (blanches sur fond noir).
          <lb/>R. 101.561 (1). Prov. : List &amp;amp; Franke, Leipzig (Vente Dindorf), 2/IV,
          <lb/>1879; 1 M. 10.
          <lb/>Notes mss. Au dos du 1er plat en haut : Ph. B. E., en bas : 1566.
          <lb/>2507
          <lb/>XYLANDER Guillelmus. Voir : FRISCHLIN, Carmen de astro¬
          <lb/>nomico horologio Argentoratensi. Strasbourg, N. Wyriot, 1575.
          <lb/>R 102.290; n° 903.
          <lb/>YAKOUB ibn ISHAKAL KINDI. Voir: TACUINUS SANITATIS.
        </p>
      </div>
    </body>
  </text>
</TEI>
