<?xml version='1.0' encoding='UTF-8'?>
<?xml-model href="https://raw.githubusercontent.com/OpenITI/tei_openiti/master/tei_openiti.rng" type="application/xml" schematypens="http://relaxng.org/ns/structure/1.0"?>
<?xml-model href="https://raw.githubusercontent.com/OpenITI/tei_openiti/master/tei_openiti.rng" type="application/xml" schematypens="http://purl.oclc.org/dsdl/schematron"?>
<TEI xmlns="http://www.tei-c.org/ns/1.0">
  <teiHeader>
    <fileDesc>
      <titleStmt>
        <title/>
      </titleStmt>
      <publicationStmt>
        <p/>
      </publicationStmt>
      <sourceDesc>
        <p/>
      </sourceDesc>
    </fileDesc>
    <profileDesc>
      <calendarDesc>
        <calendar xml:id="ah">
          <p>Anno Hegirae</p>
        </calendar>
      </calendarDesc>
    </profileDesc>
    <xenoData xml:space="preserve">
CREATED: 2024-04-11T12:19:54.769050+00:00
CREATED BY: eScriptorium vpassthistobuildcmd
IMAGE FILENAME: A121078-5156.tif
IMAGE WIDTH: 2340
IMAGE HEIGHT: 3842
</xenoData>
  </teiHeader>
  <text>
    <body>
      <div>
        <p>
          <lb/>1464
          <lb/>Argarit a medicine, ein
          <lb/>meisterlicho psserlesẽs
          <lb/>Diecblin oct Arteny füt mancherley Franct¬
          <lb/>beit vñ siechtagen der menschen. gemacbt
          <lb/>ourch Jobannem Tollat vo Dochẽ
          <lb/>berg in der meit berumptẽ Dni
          <lb/>uersitetzũ Mien bey dem
          <lb/>aller erfarnisten man
          <lb/>6 Arneny docto:
          <lb/>Ocbtice.
          <lb/>TOLTZ Johannes
          <lb/>Strasbourg, J. Knobloch, 1527
          <lb/>Der Heyligen ge schrifft Ardt, Weise vnd ge brauch.
          <lb/>Tropi bibliaci.Jan Toltz.
          <lb/>Straszburg.1527. (Verso blanc.)
          <lb/>A la fin : Getruckt zu Strasz-burg, durch Hans Kno¬
          <lb/>blouch, nach!Christi ge- burt. (M. D. XXVII.
          <lb/>In-8°, car. goth., LXVIII ff. ch., 12 ff. non ch. dont le dernier blanc
          <lb/>(tables), titre courant, réclames, notes marg., titre encadré (H. &amp;amp; B.,
          <lb/>planche X, No 6).
          <lb/>&amp;quot;R. 102.436 (2). Prov. : Donation Cunitz, 8/VII, 1886. Notes mss.
          <lb/>A l’intérieur du 1er plat, en haut : « Johannes... (illisible) 1542» au milieu:
          <lb/>« Johannes Maserus senior 1597», en bas : « Marie Madeleine Neuhaus
          <lb/>1769». A l’intérieur du 2e plat : « Vincens Neuhaus 1732 ». Rel. anc.
          <lb/>Manque chez Schmidt.
          <lb/>Bibliographie de Toltz. Voir : Schottenloher II, N° 21319-21320.
          <lb/>2332
          <lb/>4
        </p>
      </div>
    </body>
  </text>
</TEI>
