<?xml version='1.0' encoding='UTF-8'?>
<?xml-model href="https://raw.githubusercontent.com/OpenITI/tei_openiti/master/tei_openiti.rng" type="application/xml" schematypens="http://relaxng.org/ns/structure/1.0"?>
<?xml-model href="https://raw.githubusercontent.com/OpenITI/tei_openiti/master/tei_openiti.rng" type="application/xml" schematypens="http://purl.oclc.org/dsdl/schematron"?>
<TEI xmlns="http://www.tei-c.org/ns/1.0">
  <teiHeader>
    <fileDesc>
      <titleStmt>
        <title/>
      </titleStmt>
      <publicationStmt>
        <p/>
      </publicationStmt>
      <sourceDesc>
        <p/>
      </sourceDesc>
    </fileDesc>
    <profileDesc>
      <calendarDesc>
        <calendar xml:id="ah">
          <p>Anno Hegirae</p>
        </calendar>
      </calendarDesc>
    </profileDesc>
    <xenoData xml:space="preserve">
CREATED: 2024-04-11T12:19:54.595844+00:00
CREATED BY: eScriptorium vpassthistobuildcmd
IMAGE FILENAME: A121078-5147.tif
IMAGE WIDTH: 2330
IMAGE HEIGHT: 3856
</xenoData>
  </teiHeader>
  <text>
    <body>
      <div>
        <p>
          <lb/>1455
          <lb/>ordenlich in ge- wisse versicul abgetheylt, vnd mit darauff
          <lb/>gerichten Summarien!! jedes Capitels, vnd schönen Figu-I] ren,
          <lb/>sampt eynem Register vber alleSontags Euangelia vnd
          <lb/>Epi-steln, gezieret vnd zugericht.
          <lb/>Getruckt zu Straszburg. I1 M. D. LXXXVIII. (Verso blanc.)
          <lb/>A la fin : Getruckt zu Straszburg, durch!! Theodosius Rihel.
          <lb/>In-8°, car. goth., 428 ff. non ch., sign. A-Z, Aa-Zz, Aaa-Hhh, titre
          <lb/>courant, réclames, notes marg., titre rouge et noir, encadré, ornements
          <lb/>d’architecture, dans la bande supérieure au milieu, Dieu le père, dans la
          <lb/>bande inférieure : baptême de Jésus dans le Jordan, dans les bandes
          <lb/>latérales à droite, Eve tenant une pomme, à gauche, Adam, tous deux nus;
          <lb/>dans les 4 coins les symboles des évangélistes.
          <lb/>De nombreuses grav. (scènes du Nouveau Testament.)
          <lb/>R. 100.993. Prov. : Mlle Fanny Herb, Munich, 14/1, 1898; 15 M.
          <lb/>TESTAMENTUM NOVUM (en hébreu).
          <lb/>Strasbourg, 1592
          <lb/>Titre en hébreu (9 lignes).
          <lb/>Au-dessous : Fünff! Bücher des Newen Testa-ments,
          <lb/>welcher Tittel vnd Namen auff der andern seitten des
          <lb/>Blatts zu finden: !! Mit Ebreïschen Bustaben (sic) gedruckt, Ausz
          <lb/>ursa!! chen, so zum teil in der Vorrede, zum teil!! in einem
          <lb/>sondern Deutschen Tractaterzelet werden, angeordnet:
          <lb/>Durch!! M. Eliam Schadeum, vnd mit seinen!! Schrifften
          <lb/>gedruckt, zu Straszburg.M. D. XCII.
          <lb/>In-8°, car. hébreux, 224 ff. non ch., sign. A-Z, a-b, titre courant.
          <lb/>R. 102.038 (2). Prov. : Bibliothèque Edouard Reuss, Strasbourg,
          <lb/>1891.
          <lb/>2316
          <lb/>TEXT
          <lb/>(Strasbourg, J. Knobloch, 1521)
          <lb/>Die verteütschten Text aus denBebstlichen Rechten:
          <lb/>vnd vil! andren glaubwirdigen ge-hrifften: daraus sich
          <lb/>meni-klich allerley mag er-kun-den wie erbarlich bis!
          <lb/>her mitt gemeiner! Christenheyt ist gehandletworden.!
          <lb/>(Feuille de lierre). Verso blanc.
          <lb/>In-4°, car. goth., 26 ff. non ch., sign. A-F, titre courant; manchettes.
          <lb/>R. 102.454. Prov. : Bibl. Prof. Baum, 1879.
          <lb/>Ritter, Catal. BM Strasbourg, n° 2071. Weller, Repertorium 1952;
          <lb/>manque chez Schmidt.
          <lb/>2317
          <lb/>TEXTOR Benedictus. Voir: BOCK Hieronymus, De stirpium
          <lb/>nomenclaturis.
          <lb/>Strasbourg, W. Rihel, 1552, n° 216.
          <lb/>THEMATA DE IMAGINE DEL. Voir: MARBACH Iohannes.
          <lb/>THEMATA DE NATURA HOMINIS. Voir: MARBACH Johannes.
        </p>
      </div>
    </body>
  </text>
</TEI>
