<?xml version='1.0' encoding='UTF-8'?>
<?xml-model href="https://raw.githubusercontent.com/OpenITI/tei_openiti/master/tei_openiti.rng" type="application/xml" schematypens="http://relaxng.org/ns/structure/1.0"?>
<?xml-model href="https://raw.githubusercontent.com/OpenITI/tei_openiti/master/tei_openiti.rng" type="application/xml" schematypens="http://purl.oclc.org/dsdl/schematron"?>
<TEI xmlns="http://www.tei-c.org/ns/1.0">
  <teiHeader>
    <fileDesc>
      <titleStmt>
        <title/>
      </titleStmt>
      <publicationStmt>
        <p/>
      </publicationStmt>
      <sourceDesc>
        <p/>
      </sourceDesc>
    </fileDesc>
    <profileDesc>
      <calendarDesc>
        <calendar xml:id="ah">
          <p>Anno Hegirae</p>
        </calendar>
      </calendarDesc>
    </profileDesc>
    <xenoData xml:space="preserve">
CREATED: 2024-04-11T12:19:56.047177+00:00
CREATED BY: eScriptorium vpassthistobuildcmd
IMAGE FILENAME: A121078-5186.tif
IMAGE WIDTH: 2358
IMAGE HEIGHT: 3862
</xenoData>
  </teiHeader>
  <text>
    <body>
      <div>
        <p>
          <lb/>1496
          <lb/>auszgegossenen vnnd in offnen Truck Publicirten! Calumnien
          <lb/>vnd Schmäschrifft. Deren Datum (] stehet Straszburg den 23.
          <lb/>Januarij stylo nuovo Anno &amp;amp;c. 89.
          <lb/>Darinnen vnter Andern klärlich ausz- gefürt vnd erwiesen
          <lb/>wirdtDasz das hohe StifftStraszburg, dem Stull oder
          <lb/>Bapst zu Rom mit nichten vnter-worffen sey, Das auch die
          <lb/>Euangelische Fürsten, Graffen vnd Herren, ¡I welche innerhalb
          <lb/>Fünfftzig vnd mehr Jaren darauff gelebt, sich weder ]I mit
          <lb/>annemung der Geistlichen Weyhe oder ordinum noch son¬
          <lb/>sten in einige andere wege, demselben verpflicht gemacht!
          <lb/>vnnd jhn vor jhre höchste Obrigkeit in derGeistligkeit
          <lb/>angenommen vnd erkandt haben...
          <lb/>Jetzo auffs new nachgetruckt.M. D. XC. (Verso blanc.)
          <lb/>In-4°, car. goth., 122 pp. ch., titre courant, réclames, init. goth. E,
          <lb/>W. La première partie va jusqu’à page 80; elle est datée : « Straszburg
          <lb/>Freytag den 9. Januarij Anno &amp;amp;c. !1 1590 ».
          <lb/>Au-dessous : An den Läser. ! Die weil inn dieser Erklärung vnd
          <lb/>Defension, desz!! Chors Vicarii M. Viti Ziegleri supplication gdacht
          <lb/>wirdt, ist dieselbe hiernach gesetzt. (page 81-97) wie in gleichem !! auch,
          <lb/>zu desto mehrer vnnd II besserer nachrichtung] eines Ehrwürdigen
          <lb/>Thumcapituls Mandat (pp. 99-102) vnd! desz von Thengen darauff
          <lb/>erfolgte schandtcharten; I! vnnd schreiben an ein Ersamen Raht der
          <lb/>Statt (] Straszburg &amp;amp;c. zu befinden ist (pp. 103-122).
          <lb/>R. 102.266. Prov. : Bibl. Heitz, Strasbourg.
          <lb/>2391
          <lb/>VERANTWORTUNG
          <lb/>Strasbourg, 1590
          <lb/>Warhaffte verantwortung vnd gründt- (] licher bericht.
          <lb/>Desz Ehrnwürdigen Wolgebornen Herrn, Christoff La¬
          <lb/>diszlai, Grauen von Nellenburg, Herrn zu  Thengen, Hoher
          <lb/>Stifft Straszburg Thumb- (! probsten, Affterdechants vnd
          <lb/>Thesaurij zu cöln.AuffGraue Herman Adolff von Solms,
          <lb/>selbs ange-mast, vnd vermeinten Stadthalters desz Deca¬
          <lb/>nats, bemelter Stifft Straszburg, wider wolermelten Herrn
          <lb/>Thumbprobsten zu Straszburg, den 4. Januarij, jetzigen
          <lb/>jars89. Stylo nouo offentlich am Bruderhoff daselbst
          <lb/>angeschlagnenichtige Mandat vnd Citation, vnd darinn
          <lb/>verleibte er- dichte Calumnias vnd schmähung. Daruon am
          <lb/>nech-  sten blatt Vidimirte Copey zu finden.
          <lb/>Sampt einem verschlossenem Schreiben, so Wolgedachter
          <lb/>Herr Thumbprobst an ein Ehrsamen Raht der Stadt
          <lb/>Straszburg, deszhalben auszgehen lassen : Dem jtzo in
          <lb/>diesem newem Druckmit angehengt worden.
          <lb/>Eines Hoch vnd Ehrnwürdigen Thumbkapituls Hoher
          <lb/>Stifft Straszburg, &amp;amp;c. Gründtliche, warhafftige Verant¬
          <lb/>wortung vnd widerle-gung, deren von Graff Christoff
          <lb/>Ladiszlauen von Thengen ausz-gegossenen vnd also in
        </p>
      </div>
    </body>
  </text>
</TEI>
