<?xml version='1.0' encoding='UTF-8'?>
<?xml-model href="https://raw.githubusercontent.com/OpenITI/tei_openiti/master/tei_openiti.rng" type="application/xml" schematypens="http://relaxng.org/ns/structure/1.0"?>
<?xml-model href="https://raw.githubusercontent.com/OpenITI/tei_openiti/master/tei_openiti.rng" type="application/xml" schematypens="http://purl.oclc.org/dsdl/schematron"?>
<TEI xmlns="http://www.tei-c.org/ns/1.0">
  <teiHeader>
    <fileDesc>
      <titleStmt>
        <title/>
      </titleStmt>
      <publicationStmt>
        <p/>
      </publicationStmt>
      <sourceDesc>
        <p/>
      </sourceDesc>
    </fileDesc>
    <profileDesc>
      <calendarDesc>
        <calendar xml:id="ah">
          <p>Anno Hegirae</p>
        </calendar>
      </calendarDesc>
    </profileDesc>
    <xenoData xml:space="preserve">
CREATED: 2024-04-11T12:19:57.453108+00:00
CREATED BY: eScriptorium vpassthistobuildcmd
IMAGE FILENAME: A121078-5225.tif
IMAGE WIDTH: 2372
IMAGE HEIGHT: 3858
</xenoData>
  </teiHeader>
  <text>
    <body>
      <div>
        <p>
          <lb/>auff semlicher Bilgerfart er faren hab, Fast kurtzweilig,
          <lb/>darbey auch Alten vnd Jungen sehr dienstlich zu lesen vnd
          <lb/>zu hören, mit schönen Figuren geziert, vnnd newlich an
          <lb/>tag geben, Durch Georg Wickramvon Colmar diser zeit,
          <lb/>Statschrei ber zu Burckhaim. (3 feuilles de treffle.)
          <lb/>Alles was Du thust, so bedenck das Il end, so würstu nimmer
          <lb/>vnrecht thun,Jesus Syrach am vij.
          <lb/>Gedruckt zu Straszburg, JnKnoblochs Druckerey. (Verso
          <lb/>blanc.)
          <lb/>A la fin: Gedruckt zu Strassburg, inn Knoblochs druckerey.
          <lb/>(Vero blanc.)
          <lb/>Ein flasspiuch eines
          <lb/>Meichett berrett /uber die stunõ
          <lb/>vnd den tootsoie jnen seiner liebsten
          <lb/>bausfraren beraube banò.
          <lb/>1535
          <lb/>E
          <lb/>HT»
          <lb/>Sas erst gesprac,
          <lb/>Coot vnò bilger.
          <lb/>In-4°, car. goth., 6 ff. non ch., XCI ff. ch., titre courant, réclames,
          <lb/>notes marg., titre rouge et noir, 17 grav. sur bois, dont trois répétées, la
          <lb/>14e grav. a le monogramme HH. Voir : Heitz, Originalabdruck von Form¬
          <lb/>schneiderarbeiten des 16. u. 17. Jhd. n° 87.
        </p>
      </div>
    </body>
  </text>
</TEI>
