<?xml version='1.0' encoding='UTF-8'?>
<?xml-model href="https://raw.githubusercontent.com/OpenITI/tei_openiti/master/tei_openiti.rng" type="application/xml" schematypens="http://relaxng.org/ns/structure/1.0"?>
<?xml-model href="https://raw.githubusercontent.com/OpenITI/tei_openiti/master/tei_openiti.rng" type="application/xml" schematypens="http://purl.oclc.org/dsdl/schematron"?>
<TEI xmlns="http://www.tei-c.org/ns/1.0">
  <teiHeader>
    <fileDesc>
      <titleStmt>
        <title/>
      </titleStmt>
      <publicationStmt>
        <p/>
      </publicationStmt>
      <sourceDesc>
        <p/>
      </sourceDesc>
    </fileDesc>
    <profileDesc>
      <calendarDesc>
        <calendar xml:id="ah">
          <p>Anno Hegirae</p>
        </calendar>
      </calendarDesc>
    </profileDesc>
    <xenoData xml:space="preserve">
CREATED: 2024-04-11T12:19:55.120813+00:00
CREATED BY: eScriptorium vpassthistobuildcmd
IMAGE FILENAME: A121078-5164.tif
IMAGE WIDTH: 2334
IMAGE HEIGHT: 3856
</xenoData>
  </teiHeader>
  <text>
    <body>
      <div>
        <p>
          <lb/>1472
          <lb/>deux Onomast ica le prouve assez. Cependant le d. M. que Fischart a mis
          <lb/>après son nom à la tête de la préface, ne signifie pas docteur en médecine,
          <lb/>mais dictus Mentzer comme s’appelait aussi J. Fischart de Francfort qui
          <lb/>était docteur en droit.
          <lb/>V. mes Notices sur la ville de Strasbourg. T. II : où je fais voir que
          <lb/>Fischart de Strasbourg médecin est l’auteur satyrique, mais que celui de
          <lb/>Francfort est celui de l’Ehezucht Büchlein, de la traduction de la Démo¬
          <lb/>nologie de Bodin et du Malleus Maleficiarum. I. Frid. hermann, frater
          <lb/>Johannis.»
          <lb/>Voyez: Fischart Ehezucht Büchlein. R. 100.720. Daemonologia, 1581.
          <lb/>R. 100.721. Tous deux : J. F. gennant Mentzer.
          <lb/>Le f. de garde est rempli de notes mss. latines de Jean Hermann,
          <lb/>qui fait également la distinction entre 2 Fischart.
          <lb/>Entre p. 462 et 463 il y a un f. blanc avec la note ms. au verso:
          <lb/>« Joh. Fischartus editor praesentis Onomastici dicit in versione germanica
          <lb/>Gargantuae Rabelaisii titulo Abentheuerlich Naugengeheurliche
          <lb/>Geschichtklitterung edita pag. 105b. Theophrastum in Onomastico hanc
          <lb/>Melusinae historiam verissimam esse asserere, &amp;amp; exemplo Stauffenbergii
          <lb/>confirmare. Cujus rei neque hic neque alibi quidquam reperio. An forte
          <lb/>in alia editione?»
          <lb/>Oxford, Bibl. Bodleiana.
          <lb/>2350
          <lb/>TOXITES Michael, Apologia. Voir: PARACELSUS, De Peste.
          <lb/>Strasbourg, N. Wyriot, 1576. Voir n° 1781.
          <lb/>TRACTATULUS Medicinalis
          <lb/>Strasbourg, M. Hupfaff, 1519
          <lb/>Iste est Tractatulus Medicina! lis quem Doctores Parisienses
          <lb/>miserunt Regi Anglie.
          <lb/>Grav. sur bois : le roi Salomon et la reine Salomé dans une
          <lb/>salle, comme au verso du titre dans Morolf, Strasbourg,
          <lb/>Hupfuff, 1499.
          <lb/>A la fin: Impressum Argentine per me Matthiam hipfuff
          <lb/>[M. ceccexix].
          <lb/>In-4°, car. goth., 10 ff. non ch. Règles de l’École de Salerne en vers
          <lb/>latins et allemands.
          <lb/>R. 101.782. Prov. : Noiriel, Strasbourg, 8/x, 1882; 15 M. Notes mss.
          <lb/>Au haut du titre : Johannes Protzer...
          <lb/>Schmidt V, N° 138.
          <lb/>2351
          <lb/>TRACTATUS
          <lb/>Haguenau, s. d.
          <lb/>Tractatus De ruinae ecclesiae planctu.
          <lb/>Tractatus admirabilis vom stand der Cristenheit
          <lb/>Qui diu clam delituit, wem mag es nit sein leid
          <lb/>Sed adhuc viuit dominus, Der hett vns das anzeigt
          <lb/>Reuixit ipsa veritas, Die hat sich zu vns gneigt.
          <lb/>A la fin : Impressum Hagnoe.
          <lb/>In-4°, car. goth., 8 ff. non ch., sign. A-B.
        </p>
      </div>
    </body>
  </text>
</TEI>
