<?xml version='1.0' encoding='UTF-8'?>
<?xml-model href="https://raw.githubusercontent.com/OpenITI/tei_openiti/master/tei_openiti.rng" type="application/xml" schematypens="http://relaxng.org/ns/structure/1.0"?>
<?xml-model href="https://raw.githubusercontent.com/OpenITI/tei_openiti/master/tei_openiti.rng" type="application/xml" schematypens="http://purl.oclc.org/dsdl/schematron"?>
<TEI xmlns="http://www.tei-c.org/ns/1.0">
  <teiHeader>
    <fileDesc>
      <titleStmt>
        <title/>
      </titleStmt>
      <publicationStmt>
        <p/>
      </publicationStmt>
      <sourceDesc>
        <p/>
      </sourceDesc>
    </fileDesc>
    <profileDesc>
      <calendarDesc>
        <calendar xml:id="ah">
          <p>Anno Hegirae</p>
        </calendar>
      </calendarDesc>
    </profileDesc>
    <xenoData xml:space="preserve">
CREATED: 2024-04-11T12:19:56.936569+00:00
CREATED BY: eScriptorium vpassthistobuildcmd
IMAGE FILENAME: A121078-5213.tif
IMAGE WIDTH: 2370
IMAGE HEIGHT: 3858
</xenoData>
  </teiHeader>
  <text>
    <body>
      <div>
        <p>
          <lb/>1523
          <lb/>si Gymnasio professori ordinario... Io. Vœgelin Haylpronen... — Viennae,
          <lb/>ex ciuium Collegio, pridie !! Calendas Martias. An. 1528.
          <lb/>R. 101.106. Prov. : Maack, Kiel, 30/VIII, 1880; 2 M. 70.
          <lb/>De nombreuses annotations mss.
          <lb/>Ritter; BM Strasbourg, N° 2190.
          <lb/>2442
          <lb/>VOGTHERR Heinrich
          <lb/>Strasbourg, H. Vogtherr, 1539
          <lb/>Eyn schöne vnd Got selige kurtzweil eines Christlichen
          <lb/>Lossbuchs, nach ordnung eines Alphabets oder A. B. C.
          <lb/>Jnreimen gestelt. Darinnen mann, der wunderbaren
          <lb/>krefften, Gottes, sampt gantzen Christlichen leben, jedes
          <lb/>Buch-stabens art vnnd innhaltes, nach berichtet wurt,
          <lb/>vornie gesehen, vnd vmb Christlicher besserung willen,!
          <lb/>zu miessiger kurtzweil an den Tag gegeben.
          <lb/>Au-dessous : petite grav. : l’enfant Jésus tenant en main le
          <lb/>globe surmonté d’une croix, aux pieds une brebis qui broute
          <lb/>de l’herbe, la grav, est rattachée avec le verso du f. par une
          <lb/>autre petite grav, représentant un ange, autour de l’enfant,
          <lb/>entre 2 cercles, les paroles : Treib vmb das Kind mit allem
          <lb/>Fleis, Schavw was hinden der Engel weis.
          <lb/>Au-dessous de la grav. : Gedicht vnd Getruckt zu Strassburg
          <lb/>von HeynrichenVogtherren. Anno M. D. xxxiX. Au verso
          <lb/>du titre, un ange : Ecce Agnus Dei, et entre 2 cercles en
          <lb/>majuscules les lettres de l’alphabet.
          <lb/>A la fin: Volendet inn der Keyserlichen freystattStrassburg
          <lb/>durch Heynrichen vogtherrenden vj Augusti Anno.
          <lb/>M. D. xxxix.
          <lb/>Au-dessus : marque typ. de H. Vogtherr. (H. &amp;amp; B.
          <lb/>Planche XXXIV, N° 2.
          <lb/>In-fol., car. goth., 46 ff. non ch., sign. A-Iij, à partir de Iij, 12 ff. sans
          <lb/>sign., titre encadré d’ornements, ainsi que toutes les ff. de fol. Cij jusqu’à
          <lb/>la fin; grandes init. gothiques, illustration de Vogtherr lui-même qui
          <lb/>était en même temps graveur.
          <lb/>fol. Aija : Die Gnad vnd Barmhertz- I] igkeyt Gottes, wünscht Heinrich
          <lb/>vogtherr !] Burger zu Strassburg allen liebhabern!! Göttlicher warheyt.
          <lb/>Il dit entre autre dans cette préface :... Hierumb ich zu Christlicher
          <lb/>kurtzweil... ein hochnützlichs Alphabet oder. A. B. C. mengklichem
          <lb/>fürgestelt, in welchem jeder buch ]! stab, sein nutzliche bedeutnus, wie
          <lb/>zuuor alle figuren gethon mit yhm bringt.!! Wellend ausswendig die
          <lb/>figur oder scheiben des kindlins vmbwenden, wurt!! der Engel inwendig
          <lb/>den buchstaben anzeygen, vnd das erste A. B. C. vff daz ander für weisen,
          <lb/>welches anzeygen würt ein gantz !! Christlichs leben...
          <lb/>R. 10.071. Prov. : Butsch, Augsbourg, 14/xII, 1880; 60 M.
          <lb/>Bibliographie de Vogtherr: Schottenloher II, N° 21945-21955a.
          <lb/>2443
          <lb/>VORAGINE Jacobus de. Voir: JACOBUS DE VORAGINE.
          <lb/>VRIMARIA Henricus de. Voir : HENRICUS DE VRIMARIA.
        </p>
      </div>
    </body>
  </text>
</TEI>
