<?xml version='1.0' encoding='UTF-8'?>
<?xml-model href="https://raw.githubusercontent.com/OpenITI/tei_openiti/master/tei_openiti.rng" type="application/xml" schematypens="http://relaxng.org/ns/structure/1.0"?>
<?xml-model href="https://raw.githubusercontent.com/OpenITI/tei_openiti/master/tei_openiti.rng" type="application/xml" schematypens="http://purl.oclc.org/dsdl/schematron"?>
<TEI xmlns="http://www.tei-c.org/ns/1.0">
  <teiHeader>
    <fileDesc>
      <titleStmt>
        <title/>
      </titleStmt>
      <publicationStmt>
        <p/>
      </publicationStmt>
      <sourceDesc>
        <p/>
      </sourceDesc>
    </fileDesc>
    <profileDesc>
      <calendarDesc>
        <calendar xml:id="ah">
          <p>Anno Hegirae</p>
        </calendar>
      </calendarDesc>
    </profileDesc>
    <xenoData xml:space="preserve">
CREATED: 2024-04-11T12:20:01.566007+00:00
CREATED BY: eScriptorium vpassthistobuildcmd
IMAGE FILENAME: A121078-5313.tif
IMAGE WIDTH: 2416
IMAGE HEIGHT: 3850
</xenoData>
  </teiHeader>
  <text>
    <body>
      <div>
        <p>
          <lb/>1623
          <lb/>Porsena, Christophorus, 106.
          <lb/>1890, 1, 3, 1902, 5, 1942, 1966,
          <lb/>Portius, Petrus, 184.
          <lb/>1974, 1984-86, 1992, 4, 2017, 2025,
          <lb/>Portus, Vergilius (Mutinensis, 1538),
          <lb/>2047, 2053, 2070, 2154, 2195,
          <lb/>2367.
          <lb/>2250, 9, 2260, 2276, 2283, 4, 2320,
          <lb/>Posthius, Joh. (ancien poss.), 2004.
          <lb/>5, 2330, 5, 8, 2346, 2360, 2362, 3, 9,
          <lb/>Poulain (impr. Strasbourg), 933.
          <lb/>2373, 2386, 2395, 2406, 7, 2411, 4,
          <lb/>Praedborius, Stanislaus (de Conies-
          <lb/>2427, 2430, 9, 2445, 8, 2471, 4, 7,
          <lb/>pole, Succamerarius Siradiensis,
          <lb/>8, 9, 2484, 7, 2490, 3, 4, 2496-99,
          <lb/>1576), 2230.
          <lb/>2503, 8, 2511, 2527, 8.
          <lb/>Praetearus, Leopoldus (anc. poss.
          <lb/>Protzer, Joh. (anc. poss. 1505), 1869,
          <lb/>Vienne 1529), 1792.
          <lb/>2351, 2395.
          <lb/>Praetorius, Bernardus, 1920.
          <lb/>Prugner, Nic., 287.
          <lb/>Praetorius, Martinus (Silesius), 1921.
          <lb/>Prüss, Jean père (impr. Strasbourg),
          <lb/>Prager, R. L., 243.
          <lb/>37, 124, 129-134, 190, 250, 1, 270,
          <lb/>Prague BU, 325, 705, 7, 734, 5, 749.
          <lb/>656, 830, 987, 1024, 1126, 1137,,
          <lb/>Pratus, Antonius (Cardinal), 369,
          <lb/>1255, 1300, 1301, 1387, 1402,
          <lb/>377, 9.
          <lb/>1449, 1460, 1624, 1848, 1850, 8,
          <lb/>Prederus, Joh., 196.
          <lb/>1869, 1882, 1941, 2016, 7, 2021,
          <lb/>Préfaces d’imprimeurs, 512, 521, 5, 7,
          <lb/>2258, 2283, 2334, 7, 4, 2344, 2365,
          <lb/>8, 536, 622, 625, 802, 1065, 1168,
          <lb/>2430, 2, 9, 2452, 2476-78, 2480, 1,
          <lb/>1237, 1352, 3, 7, 1415, 1464, 1562,
          <lb/>2486, 7.
          <lb/>1623, 1653, 8, 1664, 1754, 1797,
          <lb/>Prüss fils (impr. Strasbourg), 41, 60,
          <lb/>1858, 1868, 1935, 7, 1947, 2075,
          <lb/>85, 116, 138, 139, 149, 177, 253, 6,
          <lb/>2092, 2100, 2178, 2185, 9, 2199,
          <lb/>270, 546, 7, 742, 3, 7, 8, 883, 899,
          <lb/>2226, 9, 2268, 2298, 2303, 2311,
          <lb/>941, 959, 994, 1071, 1161, 1207,
          <lb/>2321, 2, 6, 2364, 2412, 2424, 5, 2499.
          <lb/>1303, 1343, 1423, 1425, 1449, 1525,
          <lb/>Pregler, Hans, 1307.
          <lb/>1606, 1609, 1666, 7, 1937, 1943,
          <lb/>Premerus, Joh. (Senator Durlacensis
          <lb/>2250, 2452.
          <lb/>1575), 1923.
          <lb/>Psellus, Michael, 79.
          <lb/>Preslawski, Conrad, 1668.
          <lb/>Ptolemaeus, Claudius (Alexandrinus),
          <lb/>Pressburger (Strasbourg, anc. poss.
          <lb/>1879, 1957-59, 1983, 2408, 2525.
          <lb/>1886), 2449.
          <lb/>Puaux, Frank (anc. poss.), 2010.
          <lb/>Pretorius, Bernhardus, 1295.
          <lb/>Pulsormus, Joh., 135.
          <lb/>Prierias, Silvestre, 1924, 5.
          <lb/>Pusch, Moïse (von Valenz), 1052.
          <lb/>Priscianus (Grammaticus Caesarien¬
          <lb/>Pythagoras, 1166, 1474, 1475, 1505,
          <lb/>sis), 2388.
          <lb/>1625, 1960.
          <lb/>Priscus, Cornelius, 1493.
          <lb/>Probst, Christophorus Fridericus (anc.
          <lb/>poss. anno 1771), 1949.
          <lb/>Probus, Aemilius, 1625, 2421.
          <lb/>Qualle, Matthias (Carniolanus), 1792.
          <lb/>Proclus, Diadochus, 1932.
          <lb/>Quaritsch (Londres, anc. poss. 1898),
          <lb/>Procopius, 331, 482.
          <lb/>1193, 1638, 1918, 2042.
          <lb/>Proctor, (British Museum, Londres),
          <lb/>Quatremère, 1208.
          <lb/>2, 3, 7, 8, 55, 63, 64, 94, 97,
          <lb/>Questenberg, 2.
          <lb/>124, 7. 9, 135, 143-148, 155,
          <lb/>Quintilianus, 709, 712, 717, 725,
          <lb/>156, 173, 186, 189, 190, 227,
          <lb/>740, 8.
          <lb/>238, 241, 252, 3, 7, 711, 4, 5,
          <lb/>Quirin, 375.
          <lb/>721, 2, 734, 822, 4, 830, 2, 3, 8,
          <lb/>Owandtschneider, Hans Joachim
          <lb/>841, 891, 941, 8, 9, 950-966, 970,
          <lb/>(anc. poss.), 2297.
          <lb/>2, 4, 6, 8, 979, 981, 2, 9, 995, 6, 9,
          <lb/>1003, 4, 7, 1024, 1035, 6, 8, 1042,
          <lb/>1051, 6, 8, 1064, 1120, 1134-38,
          <lb/>R
          <lb/>1155, 9, 1167, 1176, 1182, 1204, 7, 8,
          <lb/>Rab, Georg (impr. Francfort), 1378.
          <lb/>1209, 1213, 4, 1224, 1248, 1250,
          <lb/>Rabelais, François, 857, 862, 5, 2350.
          <lb/>3, 5, 6, 1262, 1300, 1, 4, 1346,
          <lb/>Rabenhaupt, Nicolaus, 1254.
          <lb/>1347, 9, 1350, 1387, 8, 1392, 3,
          <lb/>Rabus, Jacobus (Concionator ducis
          <lb/>1407, 8, 1410, 7, 1471, 1491, 2, 5, 8,
          <lb/>Bavariae), 837, 1961.
          <lb/>1565, 8, 1609-1612, 1624-27, 1630-
          <lb/>Rabus, Ludovicus, 161, 162, 837,
          <lb/>32, 1635-36, 1738, 1750, 2, 1800,
          <lb/>2512.
          <lb/>1817, 9, 1824, 7, 1838, 1848-53,
          <lb/>Radevicus Phrisingensis (Canonicus),
          <lb/>1864, 1871, 3, 4, 1875-78, 1880, 7,
          <lb/>1739.
        </p>
      </div>
    </body>
  </text>
</TEI>
