<?xml version='1.0' encoding='UTF-8'?>
<?xml-model href="https://raw.githubusercontent.com/OpenITI/tei_openiti/master/tei_openiti.rng" type="application/xml" schematypens="http://relaxng.org/ns/structure/1.0"?>
<?xml-model href="https://raw.githubusercontent.com/OpenITI/tei_openiti/master/tei_openiti.rng" type="application/xml" schematypens="http://purl.oclc.org/dsdl/schematron"?>
<TEI xmlns="http://www.tei-c.org/ns/1.0">
  <teiHeader>
    <fileDesc>
      <titleStmt>
        <title/>
      </titleStmt>
      <publicationStmt>
        <p/>
      </publicationStmt>
      <sourceDesc>
        <p/>
      </sourceDesc>
    </fileDesc>
    <profileDesc>
      <calendarDesc>
        <calendar xml:id="ah">
          <p>Anno Hegirae</p>
        </calendar>
      </calendarDesc>
    </profileDesc>
    <xenoData xml:space="preserve">
CREATED: 2024-04-11T12:19:50.237747+00:00
CREATED BY: eScriptorium vpassthistobuildcmd
IMAGE FILENAME: A121078-5045.tif
IMAGE WIDTH: 2406
IMAGE HEIGHT: 3868
</xenoData>
  </teiHeader>
  <text>
    <body>
      <div>
        <p>
          <lb/>1353
          <lb/>Au recto du dernier f. blanc : marque typ. de J. Secer (H. &amp;amp;
          <lb/>B. Planche LXXI, No 9; Silvestre, No 5670).
          <lb/>In-8°, car. ital., 20 ff. non ch., sign. A-L, réclames, init. à fig. E, N.
          <lb/>Au verso du titre : Menradvs Molthe!! rus ad Lectorem (4 dist.)
          <lb/>fol. A 2a : ... Iohanni!! Locero, Medicinarum Do- ]] ctori... Ioannes
          <lb/>Sinapius, Graecarum !! literarum Heidelbergae Professor... — Edelbergae
          <lb/>ex Con!! tubernio Nouo!] XIII. !! Cal. Mart. Anni!! M. D. XXX.&amp;quot;.
          <lb/>(au-dessous : feuille de lierre).
          <lb/>R. 101.058. Prov. : BN Munich, 11/VII, 1879; 0,30 M,
          <lb/>Au verso du titre, timbre : Bibliotheca !! Regia!! Monacensis.
          <lb/>Voir : Holstein, Hugo : Johannes Sinapius, ein deutscher Humanist
          <lb/>(1505-1561). Dans : Jahres-Bericht, über das K. Gymnasium zu Wilhelms¬
          <lb/>haven 19 (1901), p. 3-19.
          <lb/>2126
          <lb/>SKUMYN Johannes, De militari disciplina. Voir: OBRECHT
          <lb/>Georgius, Disputationes II. juridicae.
          <lb/>Strasbourg, A. Bertram, 1590
          <lb/>SLEIDANUS Johannes
          <lb/>Strasbourg, G. Messerschmidt 1544
          <lb/>Oration an Keiserliche Maiestat.Von dem,! Das der
          <lb/>ietzige Reli-gions handel, kein menschlich, sonder Gottes
          <lb/>werck vnd!! wunderthat sei. Item,Das der Eide, damit
          <lb/>jre Maiestat dem Bapst ver-wandt, tyrannisch, vnd gar
          <lb/>nit zu hal-ten sei.Durch Baptistam Lasdenum. (— Slei¬
          <lb/>danus.
          <lb/>Mit einem vleissigen Register, beide auff dises,  vnd sein
          <lb/>vorausgangen Büchlin,(Vom Römischen nebenhaupt, &amp;amp;c.
          <lb/>intituliert, gestellet. 1544. (Verso blanc.)
          <lb/>A la fin : Zu Strasburg in Knoblochs druckerey, durch
          <lb/>Georgen Messerschmid. 1544. (Verso blanc.)
          <lb/>In-4°, car. goth., LXVI pp. ch., 5 ff. non ch., réclames.
          <lb/>Au recto du dernier f. : Zum Leser.
          <lb/>R. 101.824. Prov. : J. Astmann, Strasbourg, 10/xI, 1883; 4 M.
          <lb/>Édition originale, avec les mots « sei » et « nebenhaupt» au titre tandis
          <lb/>que l’autre édition a « seie» et «Nebenhaupt».
          <lb/>2e ex. R. 102.146 avec « seie » et « Nebenhaupt » au titre.
          <lb/>Bibliographie Sleidan. Voir : Schottenloher II, N° 20133-20178.
          <lb/>2127
          <lb/>SLEIDANUS Iohannes
          <lb/>Strasbourg, Cr. Mylius, 1544
          <lb/>Ioannis Slei-] dani Oratio-nes duae. Una ad Carolum
          <lb/>Quintum Caesarem.Altera ad Germaniae Princi pes
          <lb/>omnes, ac ordines!! Imperij.
          <lb/>Nunc primum excusae, Cum Praefatione, quae paucis
          <lb/>argumentum explicat.
          <lb/>Argentinae. ] M. D. XLIIII. (Verso blanc.)
          <lb/>A la fin: Argentinae apud Cratonem My- lium, Calend.
          <lb/>Augusti,  Anno)! M. D. XLIIII.
        </p>
      </div>
    </body>
  </text>
</TEI>
