<?xml version='1.0' encoding='UTF-8'?>
<?xml-model href="https://raw.githubusercontent.com/OpenITI/tei_openiti/master/tei_openiti.rng" type="application/xml" schematypens="http://relaxng.org/ns/structure/1.0"?>
<?xml-model href="https://raw.githubusercontent.com/OpenITI/tei_openiti/master/tei_openiti.rng" type="application/xml" schematypens="http://purl.oclc.org/dsdl/schematron"?>
<TEI xmlns="http://www.tei-c.org/ns/1.0">
  <teiHeader>
    <fileDesc>
      <titleStmt>
        <title/>
      </titleStmt>
      <publicationStmt>
        <p/>
      </publicationStmt>
      <sourceDesc>
        <p/>
      </sourceDesc>
    </fileDesc>
    <profileDesc>
      <calendarDesc>
        <calendar xml:id="ah">
          <p>Anno Hegirae</p>
        </calendar>
      </calendarDesc>
    </profileDesc>
    <xenoData xml:space="preserve">
CREATED: 2024-04-11T12:20:02.016621+00:00
CREATED BY: eScriptorium vpassthistobuildcmd
IMAGE FILENAME: A121078-5322.tif
IMAGE WIDTH: 2404
IMAGE HEIGHT: 3844
</xenoData>
  </teiHeader>
  <text>
    <body>
      <div>
        <p>
          <lb/>1632
          <lb/>95, 97, 101, 102, 105, 107, 109,
          <lb/>Soleinne, 906, 914, 934.
          <lb/>115, 120, 127, 152, 161, 183, 200,
          <lb/>Solger (Bibl.), 2299.
          <lb/>225, 234, 243, 4, 255, 9, 260, 293,
          <lb/>Solimann, 704, 872.
          <lb/>4, 8, 9, 315, 324, 331, 2, 353, 362,
          <lb/>Solinus, 1160, 1404.
          <lb/>3, 370, 393, 4, 7, 400, 404-412, 418,
          <lb/>Solis, Virgile, 1420.
          <lb/>421, 3. 7, 444, 6, 7, 456, 8, 474,
          <lb/>Sondheim, 1605.
          <lb/>479, 486, 496, 9, 500, 503-511, 513,
          <lb/>Sonnenberg, Joh. Rudolphus (Lucer¬
          <lb/>516, 521, 525-529, 532-36, 563, 6,
          <lb/>nensis, anc. poss. 1600), 1346.
          <lb/>7, 571, 576, 7, 589, 590, 2, 3, 8.
          <lb/>Sonnio, Francesco (Bischof zu Herzo¬
          <lb/>606, 607, 692, 6, 702, 726, 737, 745,
          <lb/>genbusch), 855, 6, 861.
          <lb/>765-68, 771, 792, 8, 806, 826, 827,
          <lb/>Sopher, Gervasius (Brisgoicus), 107,
          <lb/>868, 875, 884, 898, 906-908, 918,
          <lb/>2073, 2154, 2485.
          <lb/>951. 971, 1004, 1012, 1015-1020,
          <lb/>Sopher Sebastianus, 2073.
          <lb/>1031, 9, 1040, 1, 8, 1075, 6, 8, 1081,
          <lb/>Sophie, née duchesse de Brunswig,
          <lb/>6, 1090, 4, 7, 1105, 7, 8, 1121, 6, 9,
          <lb/>1141, 6, 9, 1150, 1163, 5, 1170, 1185,
          <lb/>1599), 2173.
          <lb/>Sophocle, 418, 2155.
          <lb/>1191, 3, 1197-99, 1206, 1233, 1236-
          <lb/>Soranus (Batayus), 991.
          <lb/>38. 1241, 1247-49, 1269, 1339,
          <lb/>Soyer-Willemet (pharmacien, Nancy,
          <lb/>1341, 1354, 1360, 1392-94, 1404,
          <lb/>1412, 7, 1420, 9, 1433, 4, 7, 8,
          <lb/>anc. poss.), 476.
          <lb/>1459, 1475-78, 1487, 1495, 6, 1504,
          <lb/>Sozomenos, 1093, 1099, 1175.
          <lb/>1519, 1524, 7, 1530, 7, 1540-1556,
          <lb/>Spach, Israel (Medicus Argentinensis),
          <lb/>1558-60, 1578, 9, 1582, 1594, 5,
          <lb/>2156-2165.
          <lb/>1623, 1638, 1643, 1648, 1651, 1668,
          <lb/>Spaladinus, Georgius, 109, 1325, 8,
          <lb/>1670, 1758, 1801, 7, 1857, 1876, 8,
          <lb/>1949.
          <lb/>1887, 1914, 8, 9, 1929, 1932, 7.
          <lb/>Spangel, Pallas, 1207, 1214.
          <lb/>1948, 1951, 2, 1960, 1983, 5, 1994,
          <lb/>Spangenberg, Conradus, 2166.
          <lb/>2004, 6, 9, 2015, 9, 2030, 2047, 9,
          <lb/>Spangenberg, Cyriacus, 700, 1122,
          <lb/>2051, 4. 5, 7, 2065, 2071-73, 2076,
          <lb/>2166-73.
          <lb/>2081, 2090, 2104, 2126, 2155-57,
          <lb/>Spanier, M., 1607.
          <lb/>2166. 2193, 8, 2202, 2204-2218,
          <lb/>Spatzinger, Conrad, 431.
          <lb/>2221, 3, 2248, 2251, 2265, 9, 2286,
          <lb/>Speccerus, Tobias (Argentinensis),
          <lb/>2291, 2, 2301, 3, 2311, 2, 2318, 9,
          <lb/>184, 457, 1758, 9.
          <lb/>2327, 2330, 2342, 2355, 2366, 2373,
          <lb/>Specht, Georg (Lahr, anc. poss. 1572),
          <lb/>7, 8, 2389, 2390, 2411, 3. 2440.
          <lb/>2144.
          <lb/>2465a, 2466, 7, 2471, 2495, 9, 2506,
          <lb/>Specker, Melchior (Prof. Strasbourg,
          <lb/>Silvius Aeneas. Voir : Pius II.
          <lb/>Pfarrherr zu St. Thoman, 1560),
          <lb/>Simler, Josias, 363.
          <lb/>2174, 5.
          <lb/>Simon, Christian. Voir : Stein, Simon.
          <lb/>Specklin, Daniel, 2176, 7.
          <lb/>Simon, Joh. Jacob (Presbyter Trevi¬
          <lb/>Spendt, Antonius (Dominicain, xVIe
          <lb/>rensis, anc. poss.), 1185.
          <lb/>siècle), 647, 649.
          <lb/>Simson, Bernhard von, 331.
          <lb/>Speth, Joh. (Organist, Nürnberg),
          <lb/>Sinapius, Joh. (Graecarum lit. Heidel¬
          <lb/>1414.
          <lb/>bergae Professor), -2126.
          <lb/>Spiegel, Jacobus, 560, 1037, 1065,
          <lb/>Singleton, H. (Londres), 2068.
          <lb/>1254, 1500a, 1795, 1878, 1887,
          <lb/>Sitzmann, 2380.
          <lb/>1994, 2183-85, 2361, 2497.
          <lb/>Sixte IV (pape), 1881.
          <lb/>Spielmann, Jakob Reinbold (anc.
          <lb/>Skumyn, Joh. (Capitaneus Breslau¬
          <lb/>poss.), 156, 938, 1063, 2383.
          <lb/>viensis), 1649, 1651.
          <lb/>Spiesshaymer. Voir: Cuspinianus.
          <lb/>Steidanus, Johannes, 564, 6, 2123,
          <lb/>Spieth, M. Joh. (Frib. Brisg. anc.
          <lb/>2127-2152.
          <lb/>poss.), 376.
          <lb/>Smal, Nic. Joh. (anc. poss.), 2123.
          <lb/>Spire, 18, 34.
          <lb/>Smaragdus (Abbas, Saxe, vers 1470),
          <lb/>Spirgatis, M. (Leipzig, anc. poss.
          <lb/>2153.
          <lb/>1891), 9, 65, 864, 1042, 1317, 1339,
          <lb/>Smith, John (anc. poss. 1588), 512,
          <lb/>1503, 1781, 1970, 2071, 2153, 2459,
          <lb/>1985
          <lb/>2508.
          <lb/>Socerus, Joh., 1397.
          <lb/>Sprecher, J. A. (Chur, anc. poss.
          <lb/>Socrate, 1928, 2503.
          <lb/>1879), 12, 192, 441.
          <lb/>Sodeling, Wolfgang (anc. poss. 1539),
          <lb/>Spreter, Joh. (von Rotweil), 2186.
          <lb/>571.
          <lb/>Springer, 1754.
          <lb/>Solar, 1489.
          <lb/>Springinsklee, Hans, 1887.
          <lb/>2
        </p>
      </div>
    </body>
  </text>
</TEI>
