<?xml version='1.0' encoding='UTF-8'?>
<?xml-model href="https://raw.githubusercontent.com/OpenITI/tei_openiti/master/tei_openiti.rng" type="application/xml" schematypens="http://relaxng.org/ns/structure/1.0"?>
<?xml-model href="https://raw.githubusercontent.com/OpenITI/tei_openiti/master/tei_openiti.rng" type="application/xml" schematypens="http://purl.oclc.org/dsdl/schematron"?>
<TEI xmlns="http://www.tei-c.org/ns/1.0">
  <teiHeader>
    <fileDesc>
      <titleStmt>
        <title/>
      </titleStmt>
      <publicationStmt>
        <p/>
      </publicationStmt>
      <sourceDesc>
        <p/>
      </sourceDesc>
    </fileDesc>
    <profileDesc>
      <calendarDesc>
        <calendar xml:id="ah">
          <p>Anno Hegirae</p>
        </calendar>
      </calendarDesc>
    </profileDesc>
    <xenoData xml:space="preserve">
CREATED: 2024-04-11T12:19:54.662660+00:00
CREATED BY: eScriptorium vpassthistobuildcmd
IMAGE FILENAME: A121078-5151.tif
IMAGE WIDTH: 2338
IMAGE HEIGHT: 3850
</xenoData>
  </teiHeader>
  <text>
    <body>
      <div>
        <p>
          <lb/>THESES de Evangelio. Voir: MARBACH Erasmus.
          <lb/>THOMAS Hubertus
          <lb/>Strasbourg, W. Rihel, 1541
          <lb/>De Tun- gris et Eburoni bus Aliisque inferioris! Ger¬
          <lb/>maniae populis, Huberti Thomae Leodij com-]] mentarius,
          <lb/>utilis omnibus, qui Caesaris de bello !! Gallico historiam recte
          <lb/>intelligere cupiunt.
          <lb/>Marque typ. de W. Rihel. (H. &amp;amp; B. Planche XXIX, n° 4;
          <lb/>Silvestre, n° 741).
          <lb/>Cum gratia &amp;amp; priuilegio Caesario ad Septennium.
          <lb/>M. D. XLI. (Verso blanc.)
          <lb/>A la fin : Argentorati apud Vendelinum Rihelium, Anno)
          <lb/>M. D. XLI. Mense!! Martio.
          <lb/>In-8°, car. ital., 8 ff. non ch. dont les 2 derniers blancs, 101 pp. ch.,
          <lb/>titre courant, réclames, notes marg., init. à fig. N, G, D.
          <lb/>fol. A 2a : ... Principi, D., Corne- I] lio à Seuenberg... — Hubertus
          <lb/>Thomas Leodius... — Ex Heidelberga calen. !! Decemb. Anno à nato
          <lb/>Christo M. D. II XC (!) ffaute pour XLI.
          <lb/>R. 101.775. Prov. inconnue. Au haut du titre : Felix Bougon, avocat,
          <lb/>Charleville.
          <lb/>Walter : Sélestat 1695.
          <lb/>2323
          <lb/>THOMAS DE AQUINO
          <lb/>Strasbourg, M. Flach, 1507
          <lb/>Questiones disputate sancti Tho! me de aquino ordinis
          <lb/>predicatorum De Potentia dei.De Unione uerbi!! De
          <lb/>Spiritualibus creaturis!! De Anima!! De Virtutibus!! De Malo.
          <lb/>(Verso blanc.)
          <lb/>A la fin; fol. 331a: Impresse Argentine opera atque impen!
          <lb/>sis prouidi viri Martini flach ciuis eiusdem!! Anno salutis.
          <lb/>Mccccc.vij. kalendas marcij feli-citer consummate. Deo
          <lb/>optimo honor et gra-] tiarum actio per infinita seculorum
          <lb/>secula Amen.
          <lb/>In-fol. 2 col., car. goth., 26 ff. non ch., CCCLXXXI ff. ch., 5 ff. non ch.
          <lb/>(table), dont les 4 derniers blancs, titre courant, notes marg., init. d’attente.
          <lb/>fol. 2a non ch. : Eruditissimo magistro Johanni Geiler de keysersberg...
          <lb/>frater Johannes Winckel!! de Hallis ordinis praedicatorum... — Ex
          <lb/>Argentina Anno quingentesimo super millesimum Nonis Marcij, que erat
          <lb/>celebritas divi doctoris... (29 lignes).
          <lb/>Au-dessous : Ad Lectorem candidum frater Johannes winckel qui
          <lb/>supra. S. P. D.,, Suit une table de 24 ff. A la fin : 6 dist.
          <lb/>&amp;quot;R. 10.574. Prov. : Don de Fid. Butsch fils, Augsbourg, 1871. A l’inté¬
          <lb/>rieur de la couverture : Leonardi hayden. Reliure ancienne.
          <lb/>Schmidt VI, p. 29, N° 12 : Bâle.
          <lb/>2324
          <lb/>THOMAS DE AQUINO
          <lb/>Haguenau, H. Gran, 1512
          <lb/>I. Prima pars summe sacre theologie (! angelici Doctoris
          <lb/>sancti!! Thome de Aquino.
          <lb/>1459
        </p>
      </div>
    </body>
  </text>
</TEI>
