<?xml version='1.0' encoding='UTF-8'?>
<?xml-model href="https://raw.githubusercontent.com/OpenITI/tei_openiti/master/tei_openiti.rng" type="application/xml" schematypens="http://relaxng.org/ns/structure/1.0"?>
<?xml-model href="https://raw.githubusercontent.com/OpenITI/tei_openiti/master/tei_openiti.rng" type="application/xml" schematypens="http://purl.oclc.org/dsdl/schematron"?>
<TEI xmlns="http://www.tei-c.org/ns/1.0">
  <teiHeader>
    <fileDesc>
      <titleStmt>
        <title/>
      </titleStmt>
      <publicationStmt>
        <p/>
      </publicationStmt>
      <sourceDesc>
        <p/>
      </sourceDesc>
    </fileDesc>
    <profileDesc>
      <calendarDesc>
        <calendar xml:id="ah">
          <p>Anno Hegirae</p>
        </calendar>
      </calendarDesc>
    </profileDesc>
    <xenoData xml:space="preserve">
CREATED: 2024-04-11T12:19:50.739118+00:00
CREATED BY: eScriptorium vpassthistobuildcmd
IMAGE FILENAME: A121078-5054.tif
IMAGE WIDTH: 2382
IMAGE HEIGHT: 3860
</xenoData>
  </teiHeader>
  <text>
    <body>
      <div>
        <p>
          <lb/>1362
          <lb/>tissimo. Marque typ. de Th. Rihel. (H. &amp;amp; B. Planche XXXI,
          <lb/>No 11.) Cum Gratia &amp;amp; Priuilegio Caesareae Maiestatis.
          <lb/>Argentorati!! Excudebat Theodosius Rihelius. (Verso blanc.)
          <lb/>A la fin: Argentorati,  Excudebat Theodosius Rihelius
          <lb/>M. D. LXVI.
          <lb/>In-8°, car. ital., 8 ff. non ch., 512 ff. ch., 16 ff. non ch. dont les deux
          <lb/>derniers blancs, à 2 col. (Index.), titre courant, réclames, notes marg.,
          <lb/>init. ornées.
          <lb/>fol. a 2a non ch. :... Principi. Avgvsto, Electo- I] ri. Saxoniae Duci...
          <lb/>Ioannes Sleida- Il nus... — Dat. X. Cal. April. M. D. LV. (Préface
          <lb/>de 8 pp. et demie.)
          <lb/>fol. a 6a non ch. : Ioan. Sleidani!! Apologia. (4 pp. et demie).
          <lb/>R. 101.848. Prov. : Madame Schäffer, 2/XI, 1888; sans indic. de prix.
          <lb/>Notes mss., au bas du titre, « Ioan. Cachelofij sum Argentoratensis »,
          <lb/>à l’intérieur de la couverture : «Anno 1572. den 28. Ianuarij hab ich
          <lb/>nachgenanter Iohann Kacheloffen disen Schleidanium zum Newen Jar
          <lb/>geschenckt, vff das er hinfurth fleissig studiert wurd meiner zurbesten
          <lb/>dabey gedencke. Geörg Specht von Lahr etc. ».
          <lb/>2144
          <lb/>SLEIDANUS Johannes
          <lb/>Strasbourg, Th. Rihel, 1568
          <lb/>Ioannis Sleidani!! Commenta-riorum de statu! Religionis
          <lb/>et Reipub-] licae, Carolo Quinto Caesare,! Libri XXVI.
          <lb/>Michaelis Beutheri Carolopolitae Commentariorurn
          <lb/>De Rebus in Europa et aliis quibusdam Orbis terrarum
          <lb/>illustrioribus regnis, eodom Carolo V. Imperatore gestis!
          <lb/>Libri VIII : ex varijs diuersarum gentium, partim Latinè,
          <lb/>partim Germanicè, Ita-icè, Gallicè &amp;amp; Hispanicè scriptis &amp;amp;
          <lb/>editis Annalibus decerpti : &amp;amp; qui complura à Sleidano
          <lb/>praetermissa supplent, multa breuiter tantùm ab eodem
          <lb/>annotata copio-! siùs exponunt, quaedam etiam paulo aliter
          <lb/>atque ille commemo- rant : iamque e lingua Germanica in
          <lb/>Latinam!] conuersi prodeunt.! Matthaeo Delio Hamburgense
          <lb/>interprete.
          <lb/>Accessit rerum Memora- bilium, Ferdinando patre, &amp;amp;
          <lb/>Maximiliano filio, Imperatoribus, ad hanc usque nostram
          <lb/>aetatem gestarum Appendix.Cum Gratia &amp;amp; Priuilegio
          <lb/>Caesareae Maiestatis.
          <lb/>Argentinae!! Excudebat Theodosius Rihelius. (Verso blanc.)
          <lb/>A la fin : ArgentoratiExcudebat Theodosius Rihelius
          <lb/>Anno M. D. LXVIII.
          <lb/>In-fol., car, rom., 6 ff. non ch. dont le dernier blanc, 342 ff. ch., 5 ff.
          <lb/>non ch. à 3 col. (table en car. ital.), titre courant, réclames; notes marg.,
          <lb/>init. ornées.
          <lb/>fol. a 2a non ch. : Illustrissimo Principi, Augusto, Electo- I] ri, Saxoniae
          <lb/>Dvci... Ioannes Sleidanus S. P. D... — Dat. decimo Cal. April. M. D. LV.
          <lb/>(4 pp? en car. ital.)
          <lb/>fol. a 4a non ch. : Ioannis Sleidani Apologia. (2 pp. et demie).
        </p>
      </div>
    </body>
  </text>
</TEI>
