<?xml version='1.0' encoding='UTF-8'?>
<?xml-model href="https://raw.githubusercontent.com/OpenITI/tei_openiti/master/tei_openiti.rng" type="application/xml" schematypens="http://relaxng.org/ns/structure/1.0"?>
<?xml-model href="https://raw.githubusercontent.com/OpenITI/tei_openiti/master/tei_openiti.rng" type="application/xml" schematypens="http://purl.oclc.org/dsdl/schematron"?>
<TEI xmlns="http://www.tei-c.org/ns/1.0">
  <teiHeader>
    <fileDesc>
      <titleStmt>
        <title/>
      </titleStmt>
      <publicationStmt>
        <p/>
      </publicationStmt>
      <sourceDesc>
        <p/>
      </sourceDesc>
    </fileDesc>
    <profileDesc>
      <calendarDesc>
        <calendar xml:id="ah">
          <p>Anno Hegirae</p>
        </calendar>
      </calendarDesc>
    </profileDesc>
    <xenoData xml:space="preserve">
CREATED: 2024-04-11T12:19:54.728093+00:00
CREATED BY: eScriptorium vpassthistobuildcmd
IMAGE FILENAME: A121078-5154.tif
IMAGE WIDTH: 2342
IMAGE HEIGHT: 3850
</xenoData>
  </teiHeader>
  <text>
    <body>
      <div>
        <p>
          <lb/>1462
          <lb/>zu lesen, vnd auffs fleissigst in Reymen gebracht, Durch
          <lb/>Georgium Thym yetzvnd Schul-meister zu Wer
          <lb/>nigerode &amp;amp;c.
          <lb/>Mit einer vorrede vnnd!! Summarien yeder Histo-rien
          <lb/>wie hernach folgt.
          <lb/>Gedruckt zu Strassburg, durch! Paulum Messerschmidt.
          <lb/>(Verso blanc.)
          <lb/>In-8°, car. goth., 8 ff. non ch., LXXVIII ff. ch., 2 ff. non ch. (verso du
          <lb/>dernier f. blanc), titre rouge et noir, titre courant, réclames.
          <lb/>fol. Aija-Avja : Vorred. I1 Dem Edlen... Juncker Theodulo von
          <lb/>Walmoden des... Herrn Lu-l dolphs vonn Walmoden Sun, ! meinem...
          <lb/>Freunde... — Geben zü Werni- gerode in der heyligen weynacht
          <lb/>feyrtagen im jar! nach unsers Herrn Christ. geburr (!) Tausend Fünff!
          <lb/>hundert fünfftzig vnd acht. !] Dein williger vnd ehe gewesner!! Preceptor
          <lb/>in Goslar jetzund am !! Hartz Schûlmeister zù Werni- gerode.
          <lb/>Suivent 2 ff. de table.
          <lb/>fol. I : Ein vorred, vnd !! kurtzer eingang diss bûch!! lins... (Feuille
          <lb/>de lierre et vignette).
          <lb/>fol. II : Vorred des Georgij !! Thymen an den frünt-lichen [Leserl:
          <lb/>als man gezalt hat offenbar
          <lb/>Tausent, ein hundert, vnd vier jar,
          <lb/>Nach vnsers Herrn Christi gebûrt
          <lb/>Sind die gschicht in warheit gehort... etc.
          <lb/>Au recto de l’avant-dernier f. : Volget zûm beschlusz ein Epi¬
          <lb/>taphium, das ist ein grabschrifft! des Thedel Unuorferde von Wal!
          <lb/>moden... Au verso l’épitaphe (34 vers).
          <lb/>R. 100.206. Prov. : Cantor Lazarus Ofner, Hürben, 7/V, 1878; 1 M.
          <lb/>Bibliographie de Thym. Voir : Schottenloher II, Nos 21263-21269.
          <lb/>2328
          <lb/>TIPHERNUS Gregorius. Voir: GREGORIUS Tiphernus.
          <lb/>TISCHGEBETE
          <lb/>Strasbourg, S. Emmel, 1557
          <lb/>Für die Kinder Uber vnd!! Ab disch.
          <lb/>Heylsame vnnd Tröstliche Sprüch, ausz Gött-cher
          <lb/>Heyliger Geschrifft hin vnd wider ausz-! zeichnet, Welche
          <lb/>neben dem Vatter vnser oder!! sunst gemeinen disch Gebetten
          <lb/>vnd Dancksa- gungen täglich zugebrauchen, Nit allein!! der
          <lb/>lieben Jugendt, sonder auch den!! Alten vnd gemeinen
          <lb/>Dischge-]nossen erbawlich vnd Für-derlich zu Gottes vnd
          <lb/>seines Reichs er-! kantnusz.
          <lb/>1. Thimoth. 4. (5 lignes.)
          <lb/>Getruckt zu Straszburg bey Samuel Emmel, Jm Jar
          <lb/>M. D. LVII.
          <lb/>A la fin : Getruckt zu Straszburg, bey Samuel Emmel,
          <lb/>Jm Jar, 11 M. D. LVII.
          <lb/>In-8°, car. goth., 40 ff. non ch. dont le dernier blanc, sign. A-B, titre
          <lb/>courant, réclames.
        </p>
      </div>
    </body>
  </text>
</TEI>
