<?xml version='1.0' encoding='UTF-8'?>
<?xml-model href="https://raw.githubusercontent.com/OpenITI/tei_openiti/master/tei_openiti.rng" type="application/xml" schematypens="http://relaxng.org/ns/structure/1.0"?>
<?xml-model href="https://raw.githubusercontent.com/OpenITI/tei_openiti/master/tei_openiti.rng" type="application/xml" schematypens="http://purl.oclc.org/dsdl/schematron"?>
<TEI xmlns="http://www.tei-c.org/ns/1.0">
  <teiHeader>
    <fileDesc>
      <titleStmt>
        <title/>
      </titleStmt>
      <publicationStmt>
        <p/>
      </publicationStmt>
      <sourceDesc>
        <p/>
      </sourceDesc>
    </fileDesc>
    <profileDesc>
      <calendarDesc>
        <calendar xml:id="ah">
          <p>Anno Hegirae</p>
        </calendar>
      </calendarDesc>
    </profileDesc>
    <xenoData xml:space="preserve">
CREATED: 2024-04-11T12:19:54.642585+00:00
CREATED BY: eScriptorium vpassthistobuildcmd
IMAGE FILENAME: A121078-5150.tif
IMAGE WIDTH: 2330
IMAGE HEIGHT: 3856
</xenoData>
  </teiHeader>
  <text>
    <body>
      <div>
        <p>
          <lb/>1458
          <lb/>ornées M, O, S; titre encadré.
          <lb/>In-4°, car. goth., 40 ff. non ch., dont le dernier blanc, sign. A-J, init.
          <lb/>Au verso du titre : Préface de M. Luther.
          <lb/>R. 101.439. Prov. : Bibl. Heitz, Strasbourg.
          <lb/>Au haut du titre : « Meinem lieben Freunde Rudolf Magg, München
          <lb/>8/12 (18) 41. Franz Pfeiffer ». Au recto du f. blanc collé avant le titre:
          <lb/>« Diese Schrift ist von Carlstadt, dessen wahrer Namen Andreas Bodenstein
          <lb/>war, gebürlig von Carlstadt bei Würzburg. Siehe Weil, Histoire de la
          <lb/>grande guerre des Paysans, Paris 1860. 3e édition, p. 169. Luther sagt
          <lb/>in der Vorrede dieser Schrift : « Nächst der Bibel und St. Augustin ist mir
          <lb/>nicht fürkommen ein Druck, daraus ich mehr erlernt hab und viel was
          <lb/>Gott, Christus, Mensch und alle Ding sagen.»
          <lb/>2e ex. R. 101.440. Prov. : Bibliothèque Böcking 981.
          <lb/>Ritter, Catal. BM Strasbourg, n° 2076 ; Proctor II, Sectio I, n° 10130 :
          <lb/>Londres, British Museum; Schmidt VII, n° 178.
          <lb/>2320
          <lb/>THEOLOGIA NATURALIS. Voir : SABUNDE Raymundus de.
          <lb/>THEOPHRASTUS
          <lb/>Strasbourg, H. Sybold, s. d.
          <lb/>Theophra! sti de Suffructicibus, ! Herbisque, ac Frugi¬
          <lb/>bus Libri Quat- ( tuor, Theodoro!! Gaza inter- ( prete.
          <lb/>(Feuille de lierre. Verso blanc.).
          <lb/>A la fin : Argentorati per Henricum Sybold, Mense
          <lb/>Augustum (!) (Verso blanc.).
          <lb/>In-8°, car. rom., 96 ff. non ch., sign. A-M, réclames, notes marg.,
          <lb/>belles et grandes init. à fig. D, C.
          <lb/>fol. A 2a : Henricus !! Sybold Artis Medicae !! Professor, Medici-Il nae
          <lb/>candidatis... (2 pp.).
          <lb/>R. 101.887. Prov. : Rosenthal, Munich, 17/1x, 1886;8M.
          <lb/>Oxford, Bibl. Bodleiana.
          <lb/>2321
          <lb/>THEOPHRASTUS
          <lb/>Strasbourg, H. Sybold, 1529
          <lb/>Theophra! sti De Suffructicibus,  Herbisque, ac Frugi¬
          <lb/>bus Libri Quat-tuor, Theodoro Gaza inter- prete.
          <lb/>(Feuille de lierre.) Verso blanc.
          <lb/>A la fin : Argentinae, per Henricum SyboldAnno.
          <lb/>M. D. XXIX. Mense Augusto.
          <lb/>In-8°, car. rom., 104 ff. non ch., sign. A-N, réclames, notes marg.,
          <lb/>grandes et belles init. à fig. D, A.
          <lb/>fol. A 2b : Henricus !! Sybold Artis Medicae !! Professor, Medici-Il
          <lb/>nae candidatis... (2 pp.).
          <lb/>Sign. A-L correspondant entièrement à l’édition précédente, non datée,
          <lb/>avec la signature M commence un autre texte qui ne correspond pas à
          <lb/>l’édition précédente.
          <lb/>R. 101.888. Prov, inconnue.
          <lb/>2322
          <lb/>THERAMO. Voir: JACOBUS DE THERAMO.
        </p>
      </div>
    </body>
  </text>
</TEI>
