<?xml version='1.0' encoding='UTF-8'?>
<?xml-model href="https://raw.githubusercontent.com/OpenITI/tei_openiti/master/tei_openiti.rng" type="application/xml" schematypens="http://relaxng.org/ns/structure/1.0"?>
<?xml-model href="https://raw.githubusercontent.com/OpenITI/tei_openiti/master/tei_openiti.rng" type="application/xml" schematypens="http://purl.oclc.org/dsdl/schematron"?>
<TEI xmlns="http://www.tei-c.org/ns/1.0">
  <teiHeader>
    <fileDesc>
      <titleStmt>
        <title/>
      </titleStmt>
      <publicationStmt>
        <p/>
      </publicationStmt>
      <sourceDesc>
        <p/>
      </sourceDesc>
    </fileDesc>
    <profileDesc>
      <calendarDesc>
        <calendar xml:id="ah">
          <p>Anno Hegirae</p>
        </calendar>
      </calendarDesc>
    </profileDesc>
    <xenoData xml:space="preserve">
CREATED: 2024-04-11T12:19:54.086697+00:00
CREATED BY: eScriptorium vpassthistobuildcmd
IMAGE FILENAME: A121078-5135.tif
IMAGE WIDTH: 2342
IMAGE HEIGHT: 3854
</xenoData>
  </teiHeader>
  <text>
    <body>
      <div>
        <p>
          <lb/>1443
          <lb/>Marque typ. de Theodosius Rihel. (H. &amp;amp; B., Planche XXXI,
          <lb/>n° 11). Argentorati Excudebat Theodosius Rihelius. (Verso
          <lb/>blanc.)
          <lb/>In-8°, car, rom. et ital., 328 ff. non ch., sign. a-z, A-R, titre courant,
          <lb/>réclames, notes marg. de nombreuses petites grav., se rapportant au
          <lb/>texte, dont celles des chap. 3 et 4 et 28 de l’Évangile St. Mathieu ont le
          <lb/>monogramme CV entrelacés (Cornelius Vischer).
          <lb/>fol. 4a : Des. Erasmus Ro-Il terodamus Pio I- Il ectori... (Préface de
          <lb/>5 ff.).
          <lb/>R. 102.024. Prov. : K. Th. Völcker, Francfort s. M. (Catal. 68, No 963),
          <lb/>11/VI, 1879; 6 M.
          <lb/>Annotations mss. A l’intérieur du 1er plat : « Kapitel 3 u. 28 ist das
          <lb/>Monogramm von Cornel. Vischer». Au verso du titre: « Hanns Ioachim
          <lb/>Owandtschneider.» A la fin une fiche blanche collée à la couverture:
          <lb/>« für die vorkommenden Holzschneiderzeichen weiss ich keine Erklärung,
          <lb/>fand auch keine, als ich... früher mit diesem N. T. gemachter bekannt¬
          <lb/>schaft in den Monogrammlexica nachschlug. Auf Cornel. Vischer, deren
          <lb/>cy zwey Portr. Maler und den Berühmten Kupferstecher gab, kann
          <lb/>(CV] nicht gedeutet werden, keiner von ihnen schnitt in Holz. Dass aber
          <lb/>der Formschneider, nicht der Zeichner unter dem Monogramm versteckt
          <lb/>sey, beweist der beygefügte Schneidermeister. (für den Zeichner halte ich
          <lb/>Ioh. Stimmer.) Ein C. v. Sichem hat z. zeit, in welche das Erscheinen des
          <lb/>N. T. fallt, für Buchhändler, und namentlich für den T. Rihel Holzschnitte
          <lb/>geliefert, ja selbst Bücher verlegt; denn man findet ein Buch: die dreyzehen
          <lb/>Rat der löblichen Eydgenossenschaft des alten Bundes, mit seinen
          <lb/>Holzschnitten und seiner Adresse : Gedruckt zu Basel bey Christofel von
          <lb/>Sichem Formschneider 1573. Sein Monogramm besteht am einem C, V,
          <lb/>S und ein S findet sich in dem zu erklärenden nicht. Man könnte frei¬
          <lb/>lich den zweyten Schenkel des V, der eben mit einem Hacken versehen
          <lb/>ist, so erklären, dass er zugleich ein S enthalten solle; dieses scheint mir
          <lb/>aber doch zu gesucht, und v. Sichem wusste recht wohl, dass zur Andeu¬
          <lb/>tung seines Geschlechtsnamen nicht eine Minuskel, sondern Majusket
          <lb/>anzuwenden sey. Auch über dem I. (mit u. ohne das in der Mitte des
          <lb/>buchstabens nach der Quer liegende Schneideinstrument vorkommend),
          <lb/>das ich schon früher anderwärts wahrgenommen habe, konnte ich nicht
          <lb/>ins Klare kommen. Auf Bl. viij recto, dem Holzschnitt kommt ein blosses
          <lb/>C vor. »
          <lb/>Prix annoté au crayon 6 M.
          <lb/>2297
          <lb/>TESTAMENTUM NOVUM
          <lb/>Strasbourg, Th. Rihel, s. d.
          <lb/>Novum!! Testamentum Graecè &amp;amp; Latinè.De. Erasmo
          <lb/>Roterodamo interprete.Cum summariis con-cordantijs
          <lb/>&amp;amp; explicationibus difficili-orum vocabulorum, &amp;amp; alijs in
          <lb/>hac editione praestitis, uti ex sequenti epistola &amp;amp; ipsius!
          <lb/>operis impressione apparet.
          <lb/>Argentorati. Excud. Theodosius Rihelius. (Verso blanc.)
          <lb/>In-8°, 2 col., car, rom. et grecs, 368 ff. non ch., sign. A-Z, Aa-Zz, titre
          <lb/>courant, réclames, notes marg., init. ornées; titre encadré, bordure
          <lb/>supérieure: crèche de Bethléem, bordures latérales: 2 colonnes avec
        </p>
      </div>
    </body>
  </text>
</TEI>
