<?xml version='1.0' encoding='UTF-8'?>
<?xml-model href="https://raw.githubusercontent.com/OpenITI/tei_openiti/master/tei_openiti.rng" type="application/xml" schematypens="http://relaxng.org/ns/structure/1.0"?>
<?xml-model href="https://raw.githubusercontent.com/OpenITI/tei_openiti/master/tei_openiti.rng" type="application/xml" schematypens="http://purl.oclc.org/dsdl/schematron"?>
<TEI xmlns="http://www.tei-c.org/ns/1.0">
  <teiHeader>
    <fileDesc>
      <titleStmt>
        <title/>
      </titleStmt>
      <publicationStmt>
        <p/>
      </publicationStmt>
      <sourceDesc>
        <p/>
      </sourceDesc>
    </fileDesc>
    <profileDesc>
      <calendarDesc>
        <calendar xml:id="ah">
          <p>Anno Hegirae</p>
        </calendar>
      </calendarDesc>
    </profileDesc>
    <xenoData xml:space="preserve">
CREATED: 2024-04-11T12:19:56.669865+00:00
CREATED BY: eScriptorium vpassthistobuildcmd
IMAGE FILENAME: A121078-5206.tif
IMAGE WIDTH: 2364
IMAGE HEIGHT: 3860
</xenoData>
  </teiHeader>
  <text>
    <body>
      <div>
        <p>
          <lb/>1516
          <lb/>~
          <lb/>U.
          <lb/>3
          <lb/>9
          <lb/>20
          <lb/>IOAN
          <lb/>NES LODOVICVS
          <lb/>E
          <lb/>Viues, Valentinus, aduersus
          <lb/>pteudodialecticos.
          <lb/>L20
          <lb/>EIVSDEM POM
          <lb/>o
          <lb/>peius fugiens.
          <lb/>Selestadi apud Lazarum
          <lb/>Schurerium.
          <lb/>5
          <lb/>M. D. XX.
          <lb/>DAS
          <lb/>(Voir n° 2427).
        </p>
      </div>
    </body>
  </text>
</TEI>
