<?xml version='1.0' encoding='UTF-8'?>
<?xml-model href="https://raw.githubusercontent.com/OpenITI/tei_openiti/master/tei_openiti.rng" type="application/xml" schematypens="http://relaxng.org/ns/structure/1.0"?>
<?xml-model href="https://raw.githubusercontent.com/OpenITI/tei_openiti/master/tei_openiti.rng" type="application/xml" schematypens="http://purl.oclc.org/dsdl/schematron"?>
<TEI xmlns="http://www.tei-c.org/ns/1.0">
  <teiHeader>
    <fileDesc>
      <titleStmt>
        <title/>
      </titleStmt>
      <publicationStmt>
        <p/>
      </publicationStmt>
      <sourceDesc>
        <p/>
      </sourceDesc>
    </fileDesc>
    <profileDesc>
      <calendarDesc>
        <calendar xml:id="ah">
          <p>Anno Hegirae</p>
        </calendar>
      </calendarDesc>
    </profileDesc>
    <xenoData xml:space="preserve">
CREATED: 2024-04-11T12:20:00.121214+00:00
CREATED BY: eScriptorium vpassthistobuildcmd
IMAGE FILENAME: A121078-5289.tif
IMAGE WIDTH: 2438
IMAGE HEIGHT: 3850
</xenoData>
  </teiHeader>
  <text>
    <body>
      <div>
        <p>
          <lb/>1599
          <lb/>127, 130, 131, 134, 138, 139, 143,
          <lb/>Georgius, Trapezontinus, 996, 7.
          <lb/>149, 190, 1004, 1943, 2471, 4, 9,
          <lb/>Georgius, Gustavus, (Dux Bavariae),
          <lb/>2484, 9, 2491, 9.
          <lb/>1757.
          <lb/>Gallus, Cornelius, 1038.
          <lb/>Georgius (Landgravius Hassiae 1592),
          <lb/>Gallus, Jodocus (Rubeaquensis), 163,
          <lb/>1023.
          <lb/>Georgius, Dux Saxoniae, 1235, 1639,
          <lb/>951, 954, 964.
          <lb/>1895.
          <lb/>Ganay, John de, 54, 57, 59, 60.
          <lb/>Georgius (Comes in Wirtemberg 1532),
          <lb/>Ganay, Germanus de, 1800, 1893.
          <lb/>Gand BM, 705, 718, 720, 6, 7, 9, 756.
          <lb/>925, 1896.
          <lb/>Ganzius, Albertus, 2212, 2236.
          <lb/>Georgius Fridericus, (Comes in Har¬
          <lb/>Ganzius, Fridericus (anc. poss. anno
          <lb/>deg), 1292, 4.
          <lb/>1565), 2212, 2236.
          <lb/>Gera, Georges (Ostgothus, Olni), 481.
          <lb/>Garnier, Jean, 933.
          <lb/>Gérard, 1602.
          <lb/>Gart, Th., 934.
          <lb/>Gerardus (Cremonensis), 678.
          <lb/>Gerardus (Noviomagus), 469.
          <lb/>Gas, Andreas, 1787.
          <lb/>Gassserus, Achilles Pirvinius (Medicus
          <lb/>Gerbel, Nic. (Phorcensis), 29, 97, 98,
          <lb/>Augustanus, 1555), 659, 1640, 2022.
          <lb/>115, 152, 233, 258, 272, 606, 691,
          <lb/>Gast, Hiob, 935, 1793.
          <lb/>719, 722, 8, 926, 939, 1145, 1224,
          <lb/>Gastmeister, Joh. junior, 2021.
          <lb/>1321, 1323, 1507, 1515, 8, 1521,
          <lb/>Gattinarius, Marcus, 301.
          <lb/>1533, 1542, 3, 8, 1553, 6, 7, 1750,
          <lb/>Gaza, Theodorus 2321, 2.
          <lb/>1864, 1878, 1912, 2029, 2062, 3,
          <lb/>Geber, 936-8.
          <lb/>2102. 2288, 2299
          <lb/>Gebler, Joh., 305.
          <lb/>Gerbel, Nic. junior, 2073.
          <lb/>Gebwiller, Hieronymus, 54, 57, 59,
          <lb/>Gerbel, Theodosius, 1660.
          <lb/>60, 71, 107, 544-47, 572, 711, 3,
          <lb/>Gerhardus (Archiepiscopus Mogunti¬
          <lb/>791, 831, 2, 940-5, 1044, 1304, 1352,
          <lb/>nensis), 2189.
          <lb/>1449, 1631, 1885, 1899, 2394, 8,
          <lb/>Gerhardus, Balthasar (domus s. Jo¬
          <lb/>2492.
          <lb/>hannis Viridis insule argentinensis),
          <lb/>Gebwiller, Petrus, 1304.
          <lb/>572, 664, 1925.
          <lb/>Geiger — Ghelius.
          <lb/>Gering, Matthaeus (1576), 2228.
          <lb/>Geiler, Henricus (anc. poss.), 2374.
          <lb/>Gerlacher, Théobald, 998.
          <lb/>Geiler, Joh. 16, 163, 187, 657, 827, 838,
          <lb/>Germanius, Georgius, 1887.
          <lb/>947-986, 1004, 1007, 1207, 1489,
          <lb/>Germanus, Joh., 719, 736.
          <lb/>1490, 1608, 1931, 2099, 2154, 2191,
          <lb/>Germanus, Melchior, 925.
          <lb/>2324, 2472, 2486, 2524.
          <lb/>Gernandus, Friedr. (Hessus), 449,
          <lb/>Geisberg (Die Buchillustration), 1743.
          <lb/>450, 453, 697.
          <lb/>Geisenhof, Georg, 324-329.
          <lb/>Gernandus, Joh. (Wetteranus), 681, 2.
          <lb/>Geissel, Vitus, 2070.
          <lb/>Gerok, Th. A., 965.
          <lb/>Geissler, H., 987-9.
          <lb/>Gerold (Pasteur Strasbourg, anc. poss.
          <lb/>Geldenhauser, 990, 1.
          <lb/>1919), 838, 2098.
          <lb/>Gellius, Aulus, 90, 93, 94, 95, 97, 98.
          <lb/>Gerschel, Oscar, 2045, 2409.
          <lb/>Geminiano S. Joh. de. Voir : Monas¬
          <lb/>Gersdorf, 1266.
          <lb/>tères.
          <lb/>Gerson, 1003-7.
          <lb/>Gemmingen, Georg. von, 127, 995.
          <lb/>Gertnerus, Georgius (anc. poss. 1556),
          <lb/>Gemmingen, Wolfgang von, 607.
          <lb/>576.
          <lb/>Georg von Anhalt, 1575.
          <lb/>Gerster, Hans (Greffier à Bâle), 11.
          <lb/>Georg, Graf von Erbach, 1894,
          <lb/>Gesner, Conrad (Tigurinus), 216, 587,
          <lb/>2108.
          <lb/>659, 1009, 1321.
          <lb/>Georg von Sein, (Statthalter des
          <lb/>Gesner, Jos. Matt., 2048.
          <lb/>Hohen Stifts Strassburg), 118, 1246.
          <lb/>Gessler, 987.
          <lb/>Georg Johann von Mundolsheim
          <lb/>Gett, Leonardus (Piginemius, anc.
          <lb/>(Stettmeister zu Strassburg), 1727.
          <lb/>poss.), 1586.
          <lb/>Georgius, episcopus Babenbergensis,
          <lb/>Ghelius, Philippus (Argentinensis,
          <lb/>1318.
          <lb/>Geiger, à Lahr, anc. poss.), 2142.
          <lb/>Georgius à Polentis, 1427, 1431.
          <lb/>Ghiselius, Georgius (Dominus in Kal¬
          <lb/>Georgius (Marchio Brandenburgen¬
          <lb/>tenbrunn, anc. poss. 1585), 885.
          <lb/>sis...), 926, 1487, 1910.
          <lb/>Ghisius, Jodocus Philomusus, 633.
          <lb/>Georgius (Comes in Castell, Guberna¬
          <lb/>Gibertus, Matthaeus (Episcopus Vero¬
          <lb/>tor Nariscorum, 1574), 2224, 2229.
          <lb/>nae 1526), 2055.
          <lb/>Georgius, Comes in Castell, 2224.
          <lb/>Gieffteil, Joachim, 1013.
        </p>
      </div>
    </body>
  </text>
</TEI>
