<?xml version='1.0' encoding='UTF-8'?>
<?xml-model href="https://raw.githubusercontent.com/OpenITI/tei_openiti/master/tei_openiti.rng" type="application/xml" schematypens="http://relaxng.org/ns/structure/1.0"?>
<?xml-model href="https://raw.githubusercontent.com/OpenITI/tei_openiti/master/tei_openiti.rng" type="application/xml" schematypens="http://purl.oclc.org/dsdl/schematron"?>
<TEI xmlns="http://www.tei-c.org/ns/1.0">
  <teiHeader>
    <fileDesc>
      <titleStmt>
        <title/>
      </titleStmt>
      <publicationStmt>
        <p/>
      </publicationStmt>
      <sourceDesc>
        <p/>
      </sourceDesc>
    </fileDesc>
    <profileDesc>
      <calendarDesc>
        <calendar xml:id="ah">
          <p>Anno Hegirae</p>
        </calendar>
      </calendarDesc>
    </profileDesc>
    <xenoData xml:space="preserve">
CREATED: 2024-04-11T12:19:56.867942+00:00
CREATED BY: eScriptorium vpassthistobuildcmd
IMAGE FILENAME: A121078-5209.tif
IMAGE WIDTH: 2358
IMAGE HEIGHT: 3860
</xenoData>
  </teiHeader>
  <text>
    <body>
      <div>
        <p>
          <lb/>1519
          <lb/>A la fin :... diligenter reuisus et castiga- tus. perque
          <lb/>Renatum beckin Argentinorum urbe :ac edibus zum!
          <lb/>thiergarten impressus. ! Anno! ccccc!! xj.
          <lb/>In-4°, car. goth., 2 col., 152 ff., non ch., sign. a-z, A-E, init. ornée A,
          <lb/>titre encadré (H. &amp;amp; B. Planche X, No 2).
          <lb/>R. 101.566 (2). Prov. : Cromer, curé à Saverne, 1879; sans indic. de
          <lb/>prix. Schmidt IV, p. 15, N° 1.
          <lb/>2434
          <lb/>VOCABULARIUS Gemma gemmarum Strasbourg, R. Beck, 1513
          <lb/>Vocabulariusgemma gemmarum nouiter impressus.
          <lb/>multarum dictio! num additione!! exornatus.
          <lb/>A la fin : Excussum Argentine In edibus! zum thiergarten.
          <lb/>Per Renatum! Beck ciuem argentinensem. An! no Millesimo
          <lb/>quingentesi mo tredecimo.
          <lb/>In-4°, car. goth., 2 col., 156 ff. non ch., sign. a-z, A-E, titre courant,
          <lb/>init. ornée A, titre rouge et noir, encadré (H. &amp;amp; B., Planche XV, No 2).
          <lb/>Au verso du titre : Prologue et 4 dist. au lecteur.
          <lb/>R. 101.909. Prov. inconnue.
          <lb/>Prix noté au crayon 10 M.
          <lb/>2435
          <lb/>VOCABULARIUS Gemma gemmarum Haguenau, H. Gran, 1512
          <lb/>Vocabularius Gemma gemmarum. Quia per insertionem
          <lb/>multorum vocabu lorum emendatus est, ideo merito
          <lb/>Gemma gemma-rum appellatur.
          <lb/>A la fin avant les additions : Vocabularius Gemma¬
          <lb/>gemmarum diligenter reuisus et ca- stigatus impressusque
          <lb/>in imperiali oppidoHagenaw per industrium Henricum
          <lb/>Gran inibi incolam. impensis ac sumptibus cir-(] cumspecti
          <lb/>viri archibibliopole JoannisRynman de Oringaw finit
          <lb/>feliciter.Anno virginei partus. M. D. xij. in die beati
          <lb/>Gregorij pape et confessoris. (Verso blanc.)
          <lb/>In-4°, car. goth., 2 col. 156 ff. non ch., titre courant, init. d’attente.
          <lb/>Au verso du titre : Prologue et 4 dist. au lecteur. Réédition exacte de
          <lb/>l’édition de 1510, en plus après la fin « 4 ff. Additiones».
          <lb/>R. 101.621. Prov. : Brockhaus, Leipzig, 27/11, 1875; 6 M.
          <lb/>Annotations mss., au haut du titre : « Casparus Arnobius est possessor
          <lb/>huius libelli 1564»; au milieu : « Johannes Herz von Understorp hat
          <lb/>mir dises Buch geben...», en bas : « hic liber est meus et pertinet ad
          <lb/>Bartholomeum Steg 1559 »; au verso du dernier f. : « Ad usum Matthiae
          <lb/>Schlaick».
          <lb/>Bibl. St.-Guillaume, Strasbourg.
          <lb/>2436
          <lb/>VOCABULARIUS Gemma gemmarum Strasbourg, R. Beck, 1514
          <lb/>Vocabulariusgemma gemmarum! nouiter impressus
          <lb/>multarum dictio !! num additione exornatus.
          <lb/>Anno M. D. XV.
        </p>
      </div>
    </body>
  </text>
</TEI>
