<?xml version='1.0' encoding='UTF-8'?>
<?xml-model href="https://raw.githubusercontent.com/OpenITI/tei_openiti/master/tei_openiti.rng" type="application/xml" schematypens="http://relaxng.org/ns/structure/1.0"?>
<?xml-model href="https://raw.githubusercontent.com/OpenITI/tei_openiti/master/tei_openiti.rng" type="application/xml" schematypens="http://purl.oclc.org/dsdl/schematron"?>
<TEI xmlns="http://www.tei-c.org/ns/1.0">
  <teiHeader>
    <fileDesc>
      <titleStmt>
        <title/>
      </titleStmt>
      <publicationStmt>
        <p/>
      </publicationStmt>
      <sourceDesc>
        <p/>
      </sourceDesc>
    </fileDesc>
    <profileDesc>
      <calendarDesc>
        <calendar xml:id="ah">
          <p>Anno Hegirae</p>
        </calendar>
      </calendarDesc>
    </profileDesc>
    <xenoData xml:space="preserve">
CREATED: 2024-04-11T12:19:51.045073+00:00
CREATED BY: eScriptorium vpassthistobuildcmd
IMAGE FILENAME: A121078-5060.tif
IMAGE WIDTH: 2388
IMAGE HEIGHT: 3864
</xenoData>
  </teiHeader>
  <text>
    <body>
      <div>
        <p>
          <lb/>1368
          <lb/>Gervasii Sopheri Bris! goici. Carmen. Li ber de se.
          <lb/>Suivent 5 dist. (Verso blanc.)
          <lb/>A la fin : Nouis excussum typis id operis in lucem primus
          <lb/>prodire fecit propriis impensis : Honestus vir Ioannes
          <lb/>Grüninger! ciuis Argentinus Anno salutis. M. D. VIII. (Verso
          <lb/>blanc.)
          <lb/>In-4°, car, rom., 16 ff. non ch., sign. A-C, titre courant, notes marg.,
          <lb/>8. 402 006
          <lb/>init. ornées.
          <lb/>fol. A 2a : Gervasius Sopherus Brisgoi!] cus Excellentissimo utriusque
          <lb/>iuris interpre-] ti... Ioanni Rechburgio pontificij tri- I] bunalis Argen¬
          <lb/>tinensis Iudici... — Ex officina litteratoria. XVI. Kalen. Iunias Anno !!
          <lb/>M. D. VIII. (3 pp.).
          <lb/>fol. C5b : Beat. Rhenanus. D. Iacobo Wim Il phelingo Theologo... —
          <lb/>Bene ac diu vale &amp;amp; salue cum!! tuo Keisersbergio vir eruditissime. Ex
          <lb/>Selestat. viij. !! Martij cursim. M. D. VIII.
          <lb/>Proctor II, Sectio I, n° 9909 : Brit. Mus. Londres, Schmidt I, N° 99;
          <lb/>Ritter, Catal. BM Strasbourg, n° 1947.
          <lb/>Bibliographie Sopher. Voir: Schottenloher II, Nos 18908-18909a.
          <lb/>2154
          <lb/>SOPHOCLES
          <lb/>Haguenau, J. Secer, 1534
          <lb/>(Feuille de lierre). Titre grec, puis en latin:
          <lb/>Sophoclis Tragoediae septem cvm con mentarijs inter¬
          <lb/>pretationum argumenti Thebai-dos Tabularum Sophoclis,
          <lb/>authore Ioachi!! mo Camerario Qu. iam recens! natis atque
          <lb/>aeditis.
          <lb/>Au-dessous feuille de treffle.
          <lb/>Haganoae, ex Officina Seceriana. Anno M. D. XXXIIII.
          <lb/>III. Idus Martii.
          <lb/>A la fin : Haganoae, ex Officina Seceriana.An
          <lb/>M. D. XXXIIII. II III. Idus Martii.
          <lb/>Marque typ. de Secer. (H. &amp;amp; B. Planche LXX, No 7; Sil¬
          <lb/>vestre, No 683.)
          <lb/>In-8°, car, grecs, 228 ff. non ch., titre courant, réclames.
          <lb/>R. 101.534 (1). Prov. : Ed. Nolte, Bonn (Catalogue I, No 2439), 3 M.
          <lb/>Au bas du titre : « 4 B me sibi comparavit Joh. Lavaterus. Anno domini
          <lb/>1642.
          <lb/>A l’intérieur de la couverture, en haut : « 6 fr. chez Levrault à Strasbourg
          <lb/>1800», au milieu ex-libris : 3 enfants nus cueillant des fruits dans une
          <lb/>corbeille, avec une banderolle: « Inter Folia Fructus».
          <lb/>Ritter, Catal. BM Strasbourg, n° 1948. Oxford, Bibl. Bodleiana.
          <lb/>2155
          <lb/>SOUPHER. Voir: SOPHER.
          <lb/>SOZOMENOS, Historia Ecclesiastica. Voir : HEDIO Caspar,
          <lb/>Chronica der alten christlichen Kirchen.
          <lb/>Strasbourg, W’. Köpfel, 1530, 1545 et 1558
        </p>
      </div>
    </body>
  </text>
</TEI>
