<?xml version='1.0' encoding='UTF-8'?>
<?xml-model href="https://raw.githubusercontent.com/OpenITI/tei_openiti/master/tei_openiti.rng" type="application/xml" schematypens="http://relaxng.org/ns/structure/1.0"?>
<?xml-model href="https://raw.githubusercontent.com/OpenITI/tei_openiti/master/tei_openiti.rng" type="application/xml" schematypens="http://purl.oclc.org/dsdl/schematron"?>
<TEI xmlns="http://www.tei-c.org/ns/1.0">
  <teiHeader>
    <fileDesc>
      <titleStmt>
        <title/>
      </titleStmt>
      <publicationStmt>
        <p/>
      </publicationStmt>
      <sourceDesc>
        <p/>
      </sourceDesc>
    </fileDesc>
    <profileDesc>
      <calendarDesc>
        <calendar xml:id="ah">
          <p>Anno Hegirae</p>
        </calendar>
      </calendarDesc>
    </profileDesc>
    <xenoData xml:space="preserve">
CREATED: 2024-04-11T12:19:53.581398+00:00
CREATED BY: eScriptorium vpassthistobuildcmd
IMAGE FILENAME: A121078-5124.tif
IMAGE WIDTH: 2348
IMAGE HEIGHT: 3858
</xenoData>
  </teiHeader>
  <text>
    <body>
      <div>
        <p>
          <lb/>1432
          <lb/>Au-dessous : Zu Straszburg durch Hans Knoblouch den
          <lb/>Jungen. (Verso blanc.)
          <lb/>A la fin : Gedruckt zu Straszburg durch Hans !! Knobloch
          <lb/>den Jungen, am Montag nach dem Jars tag. Als man zalt
          <lb/>nach der! gebnst (!) Christi vnsers Herren M. D. XXX.
          <lb/>(Verso blanc.)
          <lb/>In-fol., car. goth., 8 ff. non ch., CLI ff. ch., 1 f. blanc, 4 ff. non ch.
          <lb/>à 2 col. (Index) (Verso du dernier f. blanc), titre courant; réclames,
          <lb/>notes marg., init. ornées. Les gravures sont empruntées aux éditions
          <lb/>antérieures du Layenspiegel.
          <lb/>Les préfaces et les dist. sont les mêmes que dans l’édition de 1527,
          <lb/>excepté que les 3 dist. de Philomusus ne se trouvent pas au verso du titre,
          <lb/>qui est blanc, mais au bas du fol. 7° non ch.
          <lb/>R. 10.247. Provenance inconnue. Annotation ms. : « Sum Nicolaj
          <lb/>Zwirzermüllerj. Anno 71 Zwirzler Anno 1591».
          <lb/>Manque chez Schmidt.
          <lb/>2278
          <lb/>TENGLER Udalricus
          <lb/>Strasbourg, J. Knobloch fils, 1532
          <lb/>Layenspiegel.
          <lb/>Comme dans l’édition de 1530. La gravure du titre est aussi
          <lb/>la même ainsi que le texte au-dessous de la gravure (Verso
          <lb/>blanc).
          <lb/>A la fin : Gedruckt zu Straszburg durch Hans! Knobloch
          <lb/>den Jungen, am xxiiij, tag desHornungs, Jm jar als man
          <lb/>zalt nach der geburt Christi vnsers Herren M. D. XXXII.
          <lb/>(Verso blanc.)
          <lb/>In-fol. car, goth., 8 ff. non ch. (préfaces et dist. de l’édition de 1530),
          <lb/>CLI ff. ch., 4 ff. non ch. à 2 col. (Index.) (Verso du dernier f. blanc), titre
          <lb/>courant, réclames, notes marg., init. ornées; mêmes gravures que dans
          <lb/>l’édition de 1530, dont le livre est une réimpression.
          <lb/>R. 10.246. Prov. : Noiriel, Strasbourg: 6/xI 1882; 15 M.
          <lb/>Fol. 2 manque; annotations mss. Manque chez Schmiot.
          <lb/>Ritter, Catal. BM Strasbourg n° 2051.
          <lb/>2279
          <lb/>TENGLER Udalricus
          <lb/>Strasbourg, J. Albrecht, 1536.
          <lb/>LAyenspiegel.Von rechtmässigen ordnungen inn Burger¬
          <lb/>lichenn vnd Peinlichen Regimenten. Mit Additionen
          <lb/>ursprüngklicher! rechtsprüchen. Auch der Guldin Bulla,
          <lb/>Künigklicher!! Reformation, Landtfriden, &amp;amp;c. Sampt bewä¬
          <lb/>rungen gemeyner rechten, vnd anderm anzeygen. Newlich
          <lb/>getruckt.! Anno M. D. XXXVI.
          <lb/>Gravure sur bois comme au titre du Clagspiegel de Brant,
          <lb/>édition 1536. Verso blanc.
          <lb/>A la fin : Getruckt zu Straszburg, durch Johan- nem
          <lb/>Albrecht, am iij. tag des Hornungs, Im jar als man zalt
          <lb/>nach der geburt Christi vn-sers Herren M. D. XXXVI.
        </p>
      </div>
    </body>
  </text>
</TEI>
