<?xml version='1.0' encoding='UTF-8'?>
<?xml-model href="https://raw.githubusercontent.com/OpenITI/tei_openiti/master/tei_openiti.rng" type="application/xml" schematypens="http://relaxng.org/ns/structure/1.0"?>
<?xml-model href="https://raw.githubusercontent.com/OpenITI/tei_openiti/master/tei_openiti.rng" type="application/xml" schematypens="http://purl.oclc.org/dsdl/schematron"?>
<TEI xmlns="http://www.tei-c.org/ns/1.0">
  <teiHeader>
    <fileDesc>
      <titleStmt>
        <title/>
      </titleStmt>
      <publicationStmt>
        <p/>
      </publicationStmt>
      <sourceDesc>
        <p/>
      </sourceDesc>
    </fileDesc>
    <profileDesc>
      <calendarDesc>
        <calendar xml:id="ah">
          <p>Anno Hegirae</p>
        </calendar>
      </calendarDesc>
    </profileDesc>
    <xenoData xml:space="preserve">
CREATED: 2024-04-11T12:20:02.287564+00:00
CREATED BY: eScriptorium vpassthistobuildcmd
IMAGE FILENAME: A121078-5326.tif
IMAGE WIDTH: 2406
IMAGE HEIGHT: 3846
</xenoData>
  </teiHeader>
  <text>
    <body>
      <div>
        <p>
          <lb/>1636
          <lb/>Tiemann (Dr, Hofrat, Bielefeld, anc.
          <lb/>Trewer, Petrus, 1454.
          <lb/>poss. 1876), 586, 926, 1467.
          <lb/>Tricot-Royer, 1415.
          <lb/>Tierfelder, Joh. Gottlieb (anc. poss.),
          <lb/>Tridelius, Sebastianus (anc. poss.
          <lb/>1183.
          <lb/>anno 1575), 1923.
          <lb/>Tigurinus, Joh. (anc. poss. anno
          <lb/>Trient (Concilium), 112.
          <lb/>1536), 1398.
          <lb/>Trithemius, Joh. (Abbas Spanhei¬
          <lb/>Tijttenens (2) Ludovig (anc. poss.
          <lb/>mensis, postea Herbipolensis), 401,
          <lb/>anno 1612), 1377.
          <lb/>1629, 2153, 2359-2361.
          <lb/>Tilemann, Fridericus (Prof. in Acade¬
          <lb/>Trittenheim, Joh., 71, 664.
          <lb/>mia Witebergensi), 1657.
          <lb/>Trivultius, Jacobus, 137.
          <lb/>Tilker, Johann Anton (Seckelmeister
          <lb/>Trolle, Hermolaus, 1124.
          <lb/>in Bern, 1587), 1998.
          <lb/>Timann, Albert, 2124.
          <lb/>Trolmann, Veit — Amerbach, Vitus.
          <lb/>Tiphernas, Angelus, 1889.
          <lb/>Trovamola, Baptista, 2362.
          <lb/>Tite-Live. Voir : Livius.
          <lb/>Trübner (Strasbourg, anc. poss.), 10,
          <lb/>Tollat, Joh. (von Wochenberg, Dr.
          <lb/>39, 90, 92, 95, 179, 186, 202, 229,
          <lb/>med., Univ. Wien, 1512), 2330, 1.
          <lb/>238, 268, 270, 288, 314, 6, 323, 403,
          <lb/>Toltz, Joh., 2332.
          <lb/>434, 464, 477,612, 613, 653, 762, 822,
          <lb/>Toninus, Fabianus (Baron 1587), 2239.
          <lb/>825, 848, 853, 863, 869, 872, 899.
          <lb/>Tonstallus, Guthbertus, 2333.
          <lb/>934, 942, 950, 966, 983, 1052, 3, 8.
          <lb/>Tṏppen, Max, 2051.
          <lb/>1075, 7, 1120, 1180, 1191, 1238,
          <lb/>Tornemine, J., 663.
          <lb/>1304, 1352, 1434, 1447, 1466, 1496,
          <lb/>Tormellus, Georgius (Antistites, Cu¬
          <lb/>1582, 1591, 5, 1611, 9, 1660, 1667,
          <lb/>neas), 2246.
          <lb/>1741, 1823-26, 1829, 1850, 1874,
          <lb/>Tormellus, Hieronymus, 61-65, 343.
          <lb/>1889, 1892, 1916, 9, 1929, 1958,
          <lb/>Torrentinus, Hermannus (frère de la
          <lb/>1965, 1972, 3, 7, 2008, 2018, 2050,
          <lb/>vie commune, prof. Groningue,
          <lb/>3, 2072, 2080, 3, 7, 2170, 2218,
          <lb/>—1520), 41, 2334-47, 2412, 4, 5, 6,7,
          <lb/>2233, 4, 8, 9, 2241, 7, 2253, 9,
          <lb/>2420.
          <lb/>2283, 2344, 2377, 2389a, 2395,
          <lb/>Tortellius, Joh. (Aretinus, Cubicula¬
          <lb/>2429, 2439, 2461, 2480, 2493, 7,
          <lb/>rius apostolicus), 1187, 2385, 6,
          <lb/>2512.
          <lb/>2388.
          <lb/>Trübner (Strasbourg, vente Boersch
          <lb/>Tours BM, 756.
          <lb/>1875), 1245.
          <lb/>Toxites, Michael, 81, 459, 587, 797,
          <lb/>Trübner (Strasbourg, vente Freiesle¬
          <lb/>801, 836, 1416, 1771-76, 1779, 1781,
          <lb/>ben 1880), 1272, 1286.
          <lb/>1783-87, 2204, 2348-50.
          <lb/>Trübner (Strasbourg, vente Zimber¬
          <lb/>Trabolt, Christophorus (anc. poss.
          <lb/>lin, 1886), 1350.
          <lb/>1563), 2339.
          <lb/>Truchses, Christophorus (Baronus ex
          <lb/>Tragus. Voir : Bock, Hieronymus.
          <lb/>Walpurg), 72, 259.
          <lb/>Trajanus (empereur romain), 1891,
          <lb/>Truchsess Thomas (Canonicus eccle¬
          <lb/>1902.
          <lb/>siae Spirensis), 1750.
          <lb/>Trallianus, 69.
          <lb/>Trziebygkow, Jacobus à, 578.
          <lb/>Trapezuntius, Georgius, 825.
          <lb/>Tübingen, Bibl. Roy., 37-41, 72, 86,
          <lb/>Trapper (Chancelier de l’Univ. de
          <lb/>258, 325, 811, 2, 917, 959, 2255.
          <lb/>Louvain), 2129.
          <lb/>Tuccius, Marianus (Florentinus), 2247,
          <lb/>Tregaskis (Londres, anc. poss.), 345,
          <lb/>9, 2250.
          <lb/>1187, 1318, 2501.
          <lb/>Tudeschis, Nicolaus de (Abbas), 1510,
          <lb/>Treger, Conrad (Helvecius, Augusti¬
          <lb/>2363.
          <lb/>niani familiae Provincialis), 352,
          <lb/>Tüffe, Georg (Ensisheim, cousin de
          <lb/>2356.
          <lb/>Wickram, 1555), 2461.
          <lb/>Treger, Jacobus (Waldecensis, anc.
          <lb/>Tüppenhack, Gregorius (Pfarrer zu
          <lb/>poss., don), 1579.
          <lb/>Hatzeckerode, 1558), 2167.
          <lb/>Treveris, Pierre, 1138.
          <lb/>Tuppius, Laurentius (Pomeranus),
          <lb/>Trêves Bibl. du Grand Sém., 4, 7,
          <lb/>455, 1034, 2231.
          <lb/>200, 758, 2135.
          <lb/>Türckheim (Baron de), 2211.
          <lb/>Treubel, Eckhart zum, 2357, 8.
          <lb/>Turlerus, Hieronymus, 2364.
          <lb/>Treutel-Würtz (Strasbourg, anc. poss.
          <lb/>Turnovius, Joh., 1649.
          <lb/>1891), 62, 1271, 1398, 1623.
          <lb/>Turocenus, Joh. (Pannonius), 450,
          <lb/>Treutlerus, Hieronymus (Silesius,
          <lb/>451.
          <lb/>1587), 455, 456, 458, 2005.
          <lb/>Turrianus, Jodocus Josephus, 701;
          <lb/>Trew, Christophorus Jacobus, 1061.
          <lb/>Turrianus, Joh. Ludovicus, 701.
        </p>
      </div>
    </body>
  </text>
</TEI>
