<?xml version='1.0' encoding='UTF-8'?>
<?xml-model href="https://raw.githubusercontent.com/OpenITI/tei_openiti/master/tei_openiti.rng" type="application/xml" schematypens="http://relaxng.org/ns/structure/1.0"?>
<?xml-model href="https://raw.githubusercontent.com/OpenITI/tei_openiti/master/tei_openiti.rng" type="application/xml" schematypens="http://purl.oclc.org/dsdl/schematron"?>
<TEI xmlns="http://www.tei-c.org/ns/1.0">
  <teiHeader>
    <fileDesc>
      <titleStmt>
        <title/>
      </titleStmt>
      <publicationStmt>
        <p/>
      </publicationStmt>
      <sourceDesc>
        <p/>
      </sourceDesc>
    </fileDesc>
    <profileDesc>
      <calendarDesc>
        <calendar xml:id="ah">
          <p>Anno Hegirae</p>
        </calendar>
      </calendarDesc>
    </profileDesc>
    <xenoData xml:space="preserve">
CREATED: 2024-04-11T12:19:52.103972+00:00
CREATED BY: eScriptorium vpassthistobuildcmd
IMAGE FILENAME: A121078-5081.tif
IMAGE WIDTH: 2366
IMAGE HEIGHT: 3856
</xenoData>
  </teiHeader>
  <text>
    <body>
      <div>
        <p>
          <lb/>fol. A 2a : Underthenigster gehorsamer die-! ner Caspar Sturm
          <lb/>Erenholt genant deütschlandt...
          <lb/>R. 101.852. Prov. : Bibl. Böcking.
          <lb/>Note mss. : « 2 andere Drucke dieses Berichts kennt Panzer, Deutsche
          <lb/>Marlither herittt mir nñ uen drey¬
          <lb/>en Cbãrfursten vnò Fursten L tãmlicb Tryer! Pfalis!
          <lb/>vnno Dessen/xeylanot.Frantz von Oictingen
          <lb/>uiber zogen/Aucb was sich im selbigen mit er
          <lb/>oberung seiner vnd anderer Gcblõsser,
          <lb/>vnò sunst võ tag zũ taq begeben,
          <lb/>ourchden lTrenbaltẽ verzeicbet.
          <lb/>123.
          <lb/>1389
          <lb/>*
          <lb/>Annalen II, 227, Nos 2068-2069. Den vorliegenden, der wohl der erste ist,
          <lb/>kennt er nicht».
          <lb/>Bibliographie de Caspar Sturm. Voir : Schottenloher II, Nos 20953¬
          <lb/>20956.
          <lb/>2196
          <lb/>STURM Caspar
          <lb/>Strasbourg 1523
          <lb/>Wie die drey kriegszfürsten, Nemlich Trier, Pfaltz, vnd
          <lb/>Hessen, Frantzen von Sickingen vberzogen, Jnend
        </p>
      </div>
    </body>
  </text>
</TEI>
