<?xml version='1.0' encoding='UTF-8'?>
<?xml-model href="https://raw.githubusercontent.com/OpenITI/tei_openiti/master/tei_openiti.rng" type="application/xml" schematypens="http://relaxng.org/ns/structure/1.0"?>
<?xml-model href="https://raw.githubusercontent.com/OpenITI/tei_openiti/master/tei_openiti.rng" type="application/xml" schematypens="http://purl.oclc.org/dsdl/schematron"?>
<TEI xmlns="http://www.tei-c.org/ns/1.0">
  <teiHeader>
    <fileDesc>
      <titleStmt>
        <title/>
      </titleStmt>
      <publicationStmt>
        <p/>
      </publicationStmt>
      <sourceDesc>
        <p/>
      </sourceDesc>
    </fileDesc>
    <profileDesc>
      <calendarDesc>
        <calendar xml:id="ah">
          <p>Anno Hegirae</p>
        </calendar>
      </calendarDesc>
    </profileDesc>
    <xenoData xml:space="preserve">
CREATED: 2024-04-11T12:19:53.103757+00:00
CREATED BY: eScriptorium vpassthistobuildcmd
IMAGE FILENAME: A121078-5108.tif
IMAGE WIDTH: 2350
IMAGE HEIGHT: 3856
</xenoData>
  </teiHeader>
  <text>
    <body>
      <div>
        <p>
          <lb/>1416
          <lb/>au milieu deux empereurs, bordures latérales grandes colonnes, bordure
          <lb/>inférieure au milieu écu vide, écu de la ville de Strasbourg, entre deux
          <lb/>lions, dont celui de droite est couché; toutes les pages du livre sont
          <lb/>encadrées d’arabesques. La bordure inférieure a la date 1520.
          <lb/>Au verso du titre: Tranquilli Vita Per 1! Tuccium Marianum Floren¬
          <lb/>tinum.
          <lb/>fol. 2a : Nomina Caesarum. (12 vers.), au-dessous, Longitudo Regni
          <lb/>Caesarum. (de même 12 vers.)
          <lb/>Au verso : Finis et Mors Caesarum (12 vers.). Au-dessous : Index.
          <lb/>R. 101.929. Prov. : BN Munich, 5. IV, 1881; 2 M.
          <lb/>Proctor 10332 : British Museum Londres; Schmidt III, p. 36, Ne 22:
          <lb/>Jadis Bibl. de Strasbourg, Incun. N° 4336; Baer, Francfort-s.-M., Cata¬
          <lb/>logue 500 (1907), N° 1287; 25 M.
          <lb/>2250
          <lb/>SUETONIUS, De claris grammaticis et rhetoribus. Voir: PLINIUS,
          <lb/>De viris illustribus.
          <lb/>Strasbourg, H. Morhard, 1521
          <lb/>SUETONIUS
          <lb/>Strasbourg, J. Cammerlander, 1536
          <lb/>C. Suetoni! us Tranquillusvon Geburt, Leben, Thaten
          <lb/>vnd Todt, Iulij, Augusti, Tyberij, Caligule, Claudij, 1 Neronis,
          <lb/>Galbe, Othonis, Vitelij, Vespasiani, Titj, vnd Domi-tianj,
          <lb/>der XII. ersten Römischen keyser, Auffs allerfreiest, !l nie¬
          <lb/>mandts ettwas entzogen, noch hinzu gethan, on alle!
          <lb/>schmeychlerei beschrieben. Darunter wirt auch, ! wie sich
          <lb/>von ersten die schweren Burgerkrieg angefangen, vnd
          <lb/>jamerlichen, zu ver-derbung desz gantzen Römischen
          <lb/>Reichs, eyn endt genummen, ] kürtzlich gemeldet. Jetzundt
          <lb/>New auszgangen.
          <lb/>Gedruckt zu Straszburg bey M. Jacob!Cammerlander
          <lb/>von Mentz.Anno M. D. XXXVI. (Verso blanc.).
          <lb/>Au verso du dernier f. blanc, marque typ. de J. Cammer¬
          <lb/>lander. (H. &amp;amp; B. Planche XXIV, No 1 ; Silvestre, No 816.)
          <lb/>In-fol., car. goth., 4 ff. non ch., LXXXIX ff. ch. et 1 f. non ch., titre
          <lb/>courant, réclames, notes marg., init. goth., bandes d’ornements, de
          <lb/>nombreux portraits d’empereurs en médaillon.
          <lb/>fol. 2a non ch. :... Conrado Weidman... Ordinario inn der loblichen
          <lb/>Uniuersitet zù !] Mentz... Auch Henrico von Adamo Helsingern,
          <lb/>... Vicarien zu Mentz uff S. Stephans!! berg... Jacobus Polychorius... —
          <lb/>Datum Straszburg viij. kal. Martias!! Anno M. D. XXXVI. (Préface
          <lb/>de 2 pp.)
          <lb/>fol. 3a non ch. : Verstandt und auszlegung et- Il licher âmpter Namen
          <lb/>so vileicht in disem 1! Bûch gebraucht seindt worden. (2 pp.).
          <lb/>fol. 4a non ch. : Register dises Buchs. Au verso: Das leben C. Suetonij.
          <lb/>R. 10.512. Prov. : Bibliothèque Prof. Menke, 1873.
          <lb/>Annotations mss., au haut du titre autographe: « Rudolfus Vosz»,
          <lb/>au-dessous: « Zuglarigus»,
          <lb/>2251
          <lb/>SUMMA Angelica de casibus conscientiae. Voir: ANGELUS DE
          <lb/>CLAVASIO.
        </p>
      </div>
    </body>
  </text>
</TEI>
