<?xml version='1.0' encoding='UTF-8'?>
<?xml-model href="https://raw.githubusercontent.com/OpenITI/tei_openiti/master/tei_openiti.rng" type="application/xml" schematypens="http://relaxng.org/ns/structure/1.0"?>
<?xml-model href="https://raw.githubusercontent.com/OpenITI/tei_openiti/master/tei_openiti.rng" type="application/xml" schematypens="http://purl.oclc.org/dsdl/schematron"?>
<TEI xmlns="http://www.tei-c.org/ns/1.0">
  <teiHeader>
    <fileDesc>
      <titleStmt>
        <title/>
      </titleStmt>
      <publicationStmt>
        <p/>
      </publicationStmt>
      <sourceDesc>
        <p/>
      </sourceDesc>
    </fileDesc>
    <profileDesc>
      <calendarDesc>
        <calendar xml:id="ah">
          <p>Anno Hegirae</p>
        </calendar>
      </calendarDesc>
    </profileDesc>
    <xenoData xml:space="preserve">
CREATED: 2024-04-11T12:19:59.180521+00:00
CREATED BY: eScriptorium vpassthistobuildcmd
IMAGE FILENAME: A121078-5272.tif
IMAGE WIDTH: 2418
IMAGE HEIGHT: 3862
</xenoData>
  </teiHeader>
  <text>
    <body>
      <div>
        <p>
          <lb/>1582
          <lb/>miensis), 1760. — Fridericus (Comes
          <lb/>Amadis, 46.
          <lb/>Salmensis), 1760. — Philippus Geor¬
          <lb/>Ambroise, Saint, 1793.
          <lb/>gius (Comes Salmiensis), 1760.
          <lb/>Ambrosius (monachus Camadulensis),
          <lb/>Albrecht (Markgraf zu Brandenburg),
          <lb/>106, 655.
          <lb/>478, 1098, 1370, 2213, 2455, 2467.
          <lb/>Amely, geborene Markgräfin von
          <lb/>Albrecht, der Jüngere (Markgraf von
          <lb/>Baden, 1580), 1013.
          <lb/>Brandenburg), 1440.
          <lb/>Amerbach, Vitus, 47-49, 1960.
          <lb/>Albrecht III, von Bayern 822.
          <lb/>Amman, Jost, 1996.
          <lb/>Albrecht, Graf zu Mansfeld, 1420,
          <lb/>Anastasius (Bibliothecarius aposto¬
          <lb/>1442, 1450.
          <lb/>licae sedis, 1502), 655.
          <lb/>Albrecht (Herzog zu Mecklenburg,
          <lb/>Andersen, Wilhelmus (anc. poss.
          <lb/>1541), 2032.
          <lb/>anno 1516), 2433.
          <lb/>Albrecht (Herzog von Sachsen), 1464.
          <lb/>Andex. Voir : Monastères.
          <lb/>Albrecht (évêque de Strasbourg), 14.
          <lb/>Andreae, 1153, 4, 1562.
          <lb/>Albrecht, Jean (impr. Haguenau¬
          <lb/>Andreae, Jacobus (Academiae Tubin¬
          <lb/>Strasbourg), 89, 245-247, 324, 554-
          <lb/>gensis Cancellarius 1586), 908.
          <lb/>557, 787, 788, 926, 1094, 1446,
          <lb/>Andreae, Joh. (Dittenbergensis, 1544.
          <lb/>1535, 1758, 1846, 2056, 2280, 1,
          <lb/>Andreas, Hispanus (évêque), 51-53.
          <lb/>2291, 2370, 2455.
          <lb/>Andrelinus, Publius Faustus, 55-60,
          <lb/>Alberus, Erasmus, 151.
          <lb/>136, 1882.
          <lb/>Alberus, Paulus (Haynensis, Mis¬
          <lb/>Andres, Cosman, 1599; — Hans, 1599.
          <lb/>nieus), 1478.
          <lb/>Andresen, 1052, 1356, 2005.
          <lb/>Albinus, 33-35.
          <lb/>Angelbert de Marnes, 124.
          <lb/>Albucasi, 1002.
          <lb/>Angelinus, Joh. (Paedagogus Stutt¬
          <lb/>Alciatus, Andr., 32, 233.
          <lb/>gardianus, anc. poss. 1654), 2132.
          <lb/>Alcuin. Voir : Calvin.
          <lb/>Angelinus, Siméon (Wimpinus), 1470
          <lb/>Alcuinus, 33-35.
          <lb/>Angelus, Gregorius (Helvetius), 2486.
          <lb/>Alde (impr. Venise), 514, 519, 524,
          <lb/>Angelus, Jacobus, 1959.
          <lb/>528, 535, 915, 1163, 1190, 1301.
          <lb/>Angelus de Clavasio, 61-65.
          <lb/>Aldenav, Benignus ab, 595.
          <lb/>Angst, Wolfgang, 487, 1166, 1625,
          <lb/>Aldersbach. Voir : Monastères.
          <lb/>2070.
          <lb/>Aleander, Hieronymus (Mottensis),
          <lb/>Anna (Regina Francorum), 271.
          <lb/>674, 5, 6.
          <lb/>Anna (Pfalzgräfin bey Rhein, Herzo¬
          <lb/>Alexander Magnus, 152, 605, 822,
          <lb/>gin in Bayern 1580), 1965.
          <lb/>936, 937.
          <lb/>Anna (Markgräfin zu Brandenburg
          <lb/>Alexandre VI (pape), 345, 416, 2074.
          <lb/>1540), 2031, 2043.
          <lb/>Alexandre (Dux Bavariae, 1514), 2464.
          <lb/>Anna (Herzogin von Meklenburg),
          <lb/>553.
          <lb/>Alexandre (Dux Slucensis et Copu¬
          <lb/>Anna (geborene Herzogin zu Stettin,
          <lb/>lensis), 2178, 2234.
          <lb/>Alexandre (Trallianus), 36.
          <lb/>Fürstin zu Anhalt, 1560), 2166.
          <lb/>Al Kindi, Jac., 678.
          <lb/>Anna von Braunschweig, 822.
          <lb/>Alofresant (Meister), 1919.
          <lb/>Anna von Endingen (femme de
          <lb/>Louis Sturm), 963.
          <lb/>Alphagranus, 2408.
          <lb/>Anne Ste., 1350.
          <lb/>Alphonsinus, 1337.
          <lb/>Alphonsus (Aragonum rex), 1489,
          <lb/>Anshelm, Thomas (impr. Haguenau),
          <lb/>1490, 1797.
          <lb/>2, 84, 6, 105, 109, 143, 158, 255,
          <lb/>Alpinus, Marcus Tatius, 2271.
          <lb/>7, 608, 703, 735, 7, 745, 9, 760,
          <lb/>Altenheimer, Georgius, 547.
          <lb/>825, 833, 928, 1125, 9, 1163, 1225,
          <lb/>8, 1248, 1392, 3, 1417, 9, 1474-76,
          <lb/>Altgelt (Düsseldorf, anc. poss. 1871),
          <lb/>1504, 5, 1575, 1582, 1876, 1887,
          <lb/>1562.
          <lb/>1945, 2297, 2299, 2365, 2503.
          <lb/>Althamer, Andreas, 45.
          <lb/>Antoine (Saint), 999.
          <lb/>Althan, Victor ab (Baron), 82.
          <lb/>Antoine (Duc de Calabre, de Lorraine
          <lb/>Altenstaig, Joh., 37-44, 173, 251.
          <lb/>et de Bar), 1352.
          <lb/>Altmünster. Voir: Monastères.
          <lb/>Antoninus (Archiepiscopus), 67, 2525.
          <lb/>Alulphus (monachus), 1035.
          <lb/>Antoninus, Marcus Aurelius, 69.
          <lb/>Alusinus, Valentinus (Parisiensis Ca¬
          <lb/>Antonius (imperator rom.), 69, 1670.
          <lb/>nonicus ad Morandum Avitum),
          <lb/>Antonius (Dux Lotharingiae), 1327,
          <lb/>1630.
          <lb/>2389.
          <lb/>Amadeus (Romagnanus Episcopus,
          <lb/>Antonius (Monasterii s. Crucis Augus¬
          <lb/>Montiro), 2246, 8.
          <lb/>tae Vindelicorum Praepositus), 1961.
          <lb/>1
        </p>
      </div>
    </body>
  </text>
</TEI>
