<?xml version='1.0' encoding='UTF-8'?>
<?xml-model href="https://raw.githubusercontent.com/OpenITI/tei_openiti/master/tei_openiti.rng" type="application/xml" schematypens="http://relaxng.org/ns/structure/1.0"?>
<?xml-model href="https://raw.githubusercontent.com/OpenITI/tei_openiti/master/tei_openiti.rng" type="application/xml" schematypens="http://purl.oclc.org/dsdl/schematron"?>
<TEI xmlns="http://www.tei-c.org/ns/1.0">
  <teiHeader>
    <fileDesc>
      <titleStmt>
        <title/>
      </titleStmt>
      <publicationStmt>
        <p/>
      </publicationStmt>
      <sourceDesc>
        <p/>
      </sourceDesc>
    </fileDesc>
    <profileDesc>
      <calendarDesc>
        <calendar xml:id="ah">
          <p>Anno Hegirae</p>
        </calendar>
      </calendarDesc>
    </profileDesc>
    <xenoData xml:space="preserve">
CREATED: 2024-04-11T12:19:49.569008+00:00
CREATED BY: eScriptorium vpassthistobuildcmd
IMAGE FILENAME: A121078-5026.tif
IMAGE WIDTH: 2374
IMAGE HEIGHT: 3882
</xenoData>
  </teiHeader>
  <text>
    <body>
      <div>
        <p>
          <lb/>1334
          <lb/>fol. 2a non ch. :... Domi- Il num Augustum, Ducem Saxoniae, Sacri
          <lb/>Romani Imperij!! Archimarescalum, atque Electorem, Langrauium
          <lb/>(sic) Thuringiae, Marchionem Misniae, Burggra-! uium Magdeburgi
          <lb/>&amp;amp;c... — Calend. Septemb. 1l Anno Christi, 1571. 1! Ioannes Schneideuuin
          <lb/>I. U. Doct. ( haeredes filij. (2 p. en car. ital.)
          <lb/>fol. 3a non ch. : Ad... I1 Gunterum unum ex quatuor im- I1 perij Comi¬
          <lb/>tibus, Comitem in Schuuarzburg... — Cal. ! Septemb. Anno Christi 1571.!
          <lb/>Ioannis Schneideuuin!] I. V. D. (2 p. car. rom.)
          <lb/>fol. 4a non ch. : ... domino augusto saxoniae du-ci... — Datae
          <lb/>Witeberg sub initium anni 1573. 1!... Matthaeus Wesenbecius. (3 p. en
          <lb/>car. ital.)
          <lb/>R. 10.545. Prov. inconnue. Notes mss : au haut du titre : « Loci ff.
          <lb/>Capuc. Haganoae». Au milieu: « Ex libris Bartholomaei Bildtstein Scab.
          <lb/>Consularis Hagenoensis. Nunc Loci Capucinorum Hagenoae». Rel. anc.
          <lb/>2084
          <lb/>SCHNEIDEWIN Johannes
          <lb/>Strasbourg, Th. Rihel, 1583
          <lb/>Ioan. Schnei-dewini i. u. d. clarissimi, quatuor
          <lb/>institutionum Impe- rialium D. Iustiniani libros, commen¬
          <lb/>tarii,... titre comme dans l’édition de 1580 avec la même
          <lb/>marque typ. Même explicit à la fin, avec la date 1583.
          <lb/>In-fol., car, rom., ital. et goth., 6 ff. non ch., 1143 pp. ch., 34 ff. non ch.,
          <lb/>(index à 2 col. en car. ital.) 1 f. blanc, titre courant, réclames, notes marg.,
          <lb/>grandes init. ornées.
          <lb/>Les préfaces comme dans l’édition de 1580 dont le livre est une
          <lb/>réimpression.
          <lb/>R. 10.546. Prov, inconnue. Note mss. au milieu du titre : Autographe
          <lb/>illisible, au-dessous : « modo spectat ad Matthaeum Hansmann».
          <lb/>2085
          <lb/>SCHNEIDEWIN Iohannes
          <lb/>Strasbourg, Th. Rihel, 1586
          <lb/>Ioan. Schnei-dewini I. U. D. Clarissimi, . in quatuor
          <lb/>Institutionum Impe-rialium D. Iustiniani libros, Commen¬
          <lb/>tarii.
          <lb/>Marque typ. de Theod. Rihel (H. &amp;amp; B. Planche XXXII,
          <lb/>n° 17.
          <lb/>Argentorati Excudebat Theodosius Rihelius, Anno
          <lb/>M. D. LXXXVI. (Verso blanc.)
          <lb/>A la fin : ArgentoratiExcudebat Theodosius Rihelius,
          <lb/>Anno 11 M. D. LXXXVI. (Verso blanc).
          <lb/>Grand in-fol., car. rom. et ital., 6 ff. non ch., 1143 pp. ch., 34 ff. non ch.
          <lb/>à 2 col. (Index), titre courant, réclames, notes marg., grandes init. Nouv.
          <lb/>éd. des deux précédentes.
          <lb/>R. 51. Prov. : Don de la Bibl. Univ. de Königsberg, 1871.
          <lb/>Au milieu du titre, timbre : Dupl. E. Bibl. Reg. Regiom.; plus bas
          <lb/>Nicolai schudi (?) zu Rossheim.
          <lb/>2086
          <lb/>SCHNEIDEWIN Johannes
          <lb/>Strasbourg, Th. Rihel, 1599
          <lb/>Schnei dewini I. V. D. Clarissimi, in Institutionum
          <lb/>Impe- [I rialium D. Iustiniani libros, Commentarii...
        </p>
      </div>
    </body>
  </text>
</TEI>
