<?xml version='1.0' encoding='UTF-8'?>
<?xml-model href="https://raw.githubusercontent.com/OpenITI/tei_openiti/master/tei_openiti.rng" type="application/xml" schematypens="http://relaxng.org/ns/structure/1.0"?>
<?xml-model href="https://raw.githubusercontent.com/OpenITI/tei_openiti/master/tei_openiti.rng" type="application/xml" schematypens="http://purl.oclc.org/dsdl/schematron"?>
<TEI xmlns="http://www.tei-c.org/ns/1.0">
  <teiHeader>
    <fileDesc>
      <titleStmt>
        <title/>
      </titleStmt>
      <publicationStmt>
        <p/>
      </publicationStmt>
      <sourceDesc>
        <p/>
      </sourceDesc>
    </fileDesc>
    <profileDesc>
      <calendarDesc>
        <calendar xml:id="ah">
          <p>Anno Hegirae</p>
        </calendar>
      </calendarDesc>
    </profileDesc>
    <xenoData xml:space="preserve">
CREATED: 2024-04-11T12:19:57.588922+00:00
CREATED BY: eScriptorium vpassthistobuildcmd
IMAGE FILENAME: A121078-5232.tif
IMAGE WIDTH: 2386
IMAGE HEIGHT: 3860
</xenoData>
  </teiHeader>
  <text>
    <body>
      <div>
        <p>
          <lb/>1542
          <lb/>Marchio! num ferijs natalis Chri ! sti nostri, Anno!! 1539 (en car.
          <lb/>rom.)
          <lb/>R. 101.110. Prov. : L. Rosenthal, Munich, 26/VI, 1891; 18 M.
          <lb/>2466
          <lb/>WILLICHIUS Jodocus, In epistolam Pauli ad Titum expositio.
          <lb/>Voir: CRUCIGERUS, In epistolam Pauli ad Timotheum
          <lb/>priorem Commentarius. Strasbourg, Cr. Mylius, 1542. R.
          <lb/>101.186; No 599.
          <lb/>WILLICHIUS Iodocus
          <lb/>Strasbourg, Cr. Mylius, 1544
          <lb/>Commen tarius anatomi!! cus, in quo est omnium partium
          <lb/>corporis humani dili-(gens enumera-tio.
          <lb/>Item! De Locustis Dia logus, Philosophis, Me-dicis,
          <lb/>&amp;amp; Theologis non pa- Il rum utilis.
          <lb/>Authore D. Iodoco!Willichio Reselliano.! Cum gratia,
          <lb/>&amp;amp; Priuilegio Imp. Il M. D. XLIIII. (Verso blanc.)
          <lb/>A la fin : Argentorati apud Cratonem Mylium,  An.
          <lb/>M. D. XLIIII. Men- II se Martio.
          <lb/>In-8°, car. rom., 357 pp. ch., dont 297 pp. pour le 1er traité et 60 pour
          <lb/>le second, la pagination continue; titre courant, réclames, notes marg.,
          <lb/>init. ornées S, E, J et trois à figure, L. N. A, dont le L est beaucoup plus
          <lb/>grand que les deux autres.
          <lb/>Au verso du dernier f. marque typ. de Cr. Mylius (H. &amp;amp; B., Planche
          <lb/>XXVIII, N° II; Silvestre 1266).
          <lb/>fol. 3a-12b : Epistola nuncupatoria : ... Godtfrido à! Kanitz Iodocus
          <lb/>Willichius S. D... — Francofordij cis uiadrum. X. Ca!! lendas Augusti
          <lb/>Anno Do-[] mini : M. D. XLIII.
          <lb/>Le 2e traité : De Locustis Dialogus a aussi une dédicace de l’auteur
          <lb/>(p. 300-309) dédiée à Albert Marchion de Brandebourg, datée de Cracovie
          <lb/>1543.
          <lb/>R. 101.035 (2). Prov. : Bibliothèque du Gymnase de Heilbronn, 2/IV,
          <lb/>1878.
          <lb/>2 ex. R. 101.122. Prov. inconnue.
          <lb/>Walter: Sélestat 2411.
          <lb/>2467
          <lb/>WILLICHIUS Jodocus
          <lb/>Strasbourg, Cr. Mulius, 1545
          <lb/>Commentaria in artem( poeticam Horatii,Authore
          <lb/>Iodoco Vuillichio Reselliano.
          <lb/>Marque typ. de Cr. Mylius. (H. &amp;amp; B. Planche XXVII, N° 5.)
          <lb/>Au-dessous : M. D. XLV. Cum Gratia &amp;amp; Priuilegio Imp.
          <lb/>Au recto du dernier f. : Argentorati apud Cratonem
          <lb/>Mylivm, An. M. D. XLV. Men- se martio.
          <lb/>Au verso : marque typ. de Cr. Mylius. (H. &amp;amp; B. Planche
          <lb/>XXVIII, N° I1.)
          <lb/>In-8°, car. ital. et grecs, 197 pp. ch., 10 ff. non ch. (Index &amp;amp; explicit),
        </p>
      </div>
    </body>
  </text>
</TEI>
