<?xml version='1.0' encoding='UTF-8'?>
<?xml-model href="https://raw.githubusercontent.com/OpenITI/tei_openiti/master/tei_openiti.rng" type="application/xml" schematypens="http://relaxng.org/ns/structure/1.0"?>
<?xml-model href="https://raw.githubusercontent.com/OpenITI/tei_openiti/master/tei_openiti.rng" type="application/xml" schematypens="http://purl.oclc.org/dsdl/schematron"?>
<TEI xmlns="http://www.tei-c.org/ns/1.0">
  <teiHeader>
    <fileDesc>
      <titleStmt>
        <title/>
      </titleStmt>
      <publicationStmt>
        <p/>
      </publicationStmt>
      <sourceDesc>
        <p/>
      </sourceDesc>
    </fileDesc>
    <profileDesc>
      <calendarDesc>
        <calendar xml:id="ah">
          <p>Anno Hegirae</p>
        </calendar>
      </calendarDesc>
    </profileDesc>
    <xenoData xml:space="preserve">
CREATED: 2024-04-11T12:19:56.089623+00:00
CREATED BY: eScriptorium vpassthistobuildcmd
IMAGE FILENAME: A121078-5188.tif
IMAGE WIDTH: 2358
IMAGE HEIGHT: 3864
</xenoData>
  </teiHeader>
  <text>
    <body>
      <div>
        <p>
          <lb/>1498
          <lb/>Ad Lectorem. (6 lignes.)
          <lb/>A la fin: Argentoraci, in officina Matthiae Schurerij Helue
          <lb/>tensis Art. Doct. Mense Decembri.Anno M. D. VIIII.
          <lb/>Regnante Caes.MaximilianoP. F. Aug.(Verso
          <lb/>blanc.)
          <lb/>In-4°, car. rom., 6 ff. non ch., LXVI ff. ch., titre courant, init. d’attente,
          <lb/>notes marg.
          <lb/>Au verso du titre : Hieronymus Gebuiler nobillissimae Argen.
          <lb/>ecclesiae! literariae ludi praefectus, Matthiae Schürerio... — Ex
          <lb/>aedibus nostris.. Ulti. Nouembris. Anno a natali Christiano millesimo
          <lb/>quingentesimo nono.
          <lb/>fol. 2a non ch. : Praefatio] Polidori Vergilii Urbinatis !] ad Lodovicum
          <lb/>Octavium! Pativinum Prae!! fatio. (4 pp.). Suivent 5 pp. d’index.
          <lb/>fol. 6b non ch. : Matthias Schurerius Stu ]] dioso Lectori... — Argen¬
          <lb/>toraci. XXViij Nouembris. An. M. D. Ix.
          <lb/>R.102.059. Prov. : Don du baron de Dörnberg (Cassel 1890).
          <lb/>Schmidt VIII, No 27 : Bibl. Bâle et Bibl. St.-Guillaume, Strasbourg;
          <lb/>Ritter, BM Strasbourg, Nos 2177 et 2178; Walter: Sélestat 2374.
          <lb/>2394
          <lb/>VERGILIUS Polydorus
          <lb/>Strasbourg, M. Schürer, 1510
          <lb/>Polydori Vergilii Urbina! tis Praesbyteri Prouerbiorum
          <lb/>liber, quo paroemiae insigniores omnium fere !! scriptorum
          <lb/>luculentissimaenarratione ex- plicantur.
          <lb/>Lector Eme, Lege. Et Probabis.
          <lb/>A la fin : Haec Polydori Vergilii] prouerbia, remotioris
          <lb/>doctrinae refertis-sima Matthias Schürerius Helueten-! sis
          <lb/>Argentorati venustissimis for- mis emendatissime denuo
          <lb/>excudit. Mense Februario An. hu- manae salutis.
          <lb/>M. D. X.
          <lb/>Imp. Caes. Maximiliano P. F. Avg. Imperium Romanum
          <lb/>Mo !] derante.
          <lb/>Au-dessous marque de Schürer (H. &amp;amp; B., Planche XII, N° I;
          <lb/>Silvestre, No 1237.)
          <lb/>In-4°, car. rom., 8 ff. non ch., dont le dernier blanc, L ff. ch. et 1 non ch.,
          <lb/>titre courant, de nombreuses init. d’attente.
          <lb/>Au verso du titre : Polydori Vergilij... ad... Principem Guidum!! Ubal¬
          <lb/>dum Urbini Ducem praefatio.
          <lb/>fol. 2b non ch. : Polydori Vergilij ad librum!! suum Epigramma
          <lb/>(11 dist.). Suivent 5 ff. à 2 col. Index Adagiorum.
          <lb/>Au verso de l’avant-dernier f. : Pollio Gerus Vadius Praesby- Il ter
          <lb/>Domico (!) Palladio ] Sorano...
          <lb/>Au recto du dernier f. : 6 dist. de Beatus Arnoaldus ad lectorem.
          <lb/>R. 100.153. Prov. : Trübner, Strasbourg, 13/x, 1883; 6 M.
          <lb/>Au-dessous du titre: « Johannes Protzek, IU. Doctor. M. ve. xiii
          <lb/>conparavit.»
          <lb/>Proctor II, Sectio I, N° 10.174 : Londres, British Museum; Schmidt
          <lb/>VIII, No 30 : Jadis Bibl. de Strasbourg, Incun, N° 4740 et Bâle; Ritter,
          <lb/>BM Strasbourg, N° 2179.
          <lb/>2395
        </p>
      </div>
    </body>
  </text>
</TEI>
