<?xml version='1.0' encoding='UTF-8'?>
<?xml-model href="https://raw.githubusercontent.com/OpenITI/tei_openiti/master/tei_openiti.rng" type="application/xml" schematypens="http://relaxng.org/ns/structure/1.0"?>
<?xml-model href="https://raw.githubusercontent.com/OpenITI/tei_openiti/master/tei_openiti.rng" type="application/xml" schematypens="http://purl.oclc.org/dsdl/schematron"?>
<TEI xmlns="http://www.tei-c.org/ns/1.0">
  <teiHeader>
    <fileDesc>
      <titleStmt>
        <title/>
      </titleStmt>
      <publicationStmt>
        <p/>
      </publicationStmt>
      <sourceDesc>
        <p/>
      </sourceDesc>
    </fileDesc>
    <profileDesc>
      <calendarDesc>
        <calendar xml:id="ah">
          <p>Anno Hegirae</p>
        </calendar>
      </calendarDesc>
    </profileDesc>
    <xenoData xml:space="preserve">
CREATED: 2024-04-11T12:20:02.367993+00:00
CREATED BY: eScriptorium vpassthistobuildcmd
IMAGE FILENAME: A121078-5329.tif
IMAGE WIDTH: 2400
IMAGE HEIGHT: 3840
</xenoData>
  </teiHeader>
  <text>
    <body>
      <div>
        <p>
          <lb/>1639
          <lb/>Weissenburg. Voir : Monastères.
          <lb/>970, 985, 1037, 8, 1058, 1068, 1090,
          <lb/>Weller, 435, 648, 855, 1071, 1091,
          <lb/>7, 1120, 1134, 1153, 1170, 1187,
          <lb/>1138, 1304, 1409, 1418, 1425, 1565,
          <lb/>1199, 1204, 1207-1209, 1229, 1233,
          <lb/>1600, 7, 2182, 2317, 2453, 2522, 3, 4.
          <lb/>1247, 1253, 1337, 1350, 1407, 1417,
          <lb/>Weller, Hieronymus, 2453.
          <lb/>1462, 3, 1487, 1492, 5, 1582, 1593,
          <lb/>Wellerius, P. (anc. poss.), 2214.
          <lb/>1636, 1739, 1749, 1800, 1826, 1859,
          <lb/>Welser, Carl (Freiherr zu Zimburg),
          <lb/>1864, 1878, 1884, 1899, 1911, 1966,
          <lb/>1776.
          <lb/>1971, 2047, 2069, 2071, 2, 2082,
          <lb/>Welsinger, Christophorus, 1455, 2029.
          <lb/>2129, 2148, 2177, 2183, 4, 9, 2201,
          <lb/>Welter (vente, Paris 1895), 103, 310,
          <lb/>2256, 9, 2288, 2301, 2323, 2337,
          <lb/>446, 555, 839, 844, 994, 1307, 2007,
          <lb/>2354. 2361, 2377, 2386, 7, 2394,
          <lb/>2254.
          <lb/>2426, 7, 2430, 2467, 2474, 9, 2483¬
          <lb/>Wenkius, Michael (Strasbourg, anc.
          <lb/>85, 2489, 2491, 3, 8, 2501, 2527.
          <lb/>poss.), 395.
          <lb/>Walter, Nicolaus, 1147.
          <lb/>Wenzel, Bernhard, 300, 501, 1012,
          <lb/>Walther, Andreas (Gothanus), 806.
          <lb/>2408.
          <lb/>Wanmeister, Christophorus (Presby¬
          <lb/>Werdenstein, Joh. Georgius à, 2212.
          <lb/>ter Rucellensis, anc. poss. 1554),
          <lb/>Werler, Vitus, 2418.
          <lb/>2449.
          <lb/>Werner, Théodore Gustave, 1314.
          <lb/>Wann, Paulus (ecclesiae Pataviensis
          <lb/>Werner de Ursirupe (Berenfels), 1636.
          <lb/>Concionator), 1382, 2445-2450.
          <lb/>Wernherr, Adam (Temarensis), 1985.
          <lb/>Waremund (— Bucer).
          <lb/>Wernherus (Archiepiscopus Mogunti¬
          <lb/>Warmundt, Joh. (anc. poss.), 790.
          <lb/>nensis), 2189.
          <lb/>Warnsdorff, Abraham à (Silesius),
          <lb/>Wernigerode, Bibliothèque Stolberg,
          <lb/>1657.
          <lb/>263, 4, ,7 280, 294, 7, 325, 349.
          <lb/>Waschpach Joh. (Ulm, anc. poss.),
          <lb/>Werter (frères), 2206.
          <lb/>1852.
          <lb/>Werterlin (?),Michael (ex. Emen¬
          <lb/>Waser, Georg (anc. poss. 1550),
          <lb/>dorf? frater; anc. poss. anno
          <lb/>2260.
          <lb/>1538), 1568.
          <lb/>Watz, Joh. (Vidua, anc. prop. 1580),
          <lb/>Wertheim, Ludwig K. (anc. poss.
          <lb/>1111.
          <lb/>1829), 970.
          <lb/>Weber (Pharmacien à Landau, don
          <lb/>Weschbach Joh. (Ulm, anc. poss.),
          <lb/>1907), 1866, 7.
          <lb/>2181.
          <lb/>Weber, Cyriacus, 837.
          <lb/>Weselin, Gregorius, 37, 38.
          <lb/>Weber, Joh. (von Weissenhorn, der
          <lb/>Wesenbeck, Matthaeus, 2084.
          <lb/>Arznei Doctor 1530), 43, 401, 2452.
          <lb/>Wesenmeyer, G. (Winteren, anc. poss.
          <lb/>Weber, Joh. Adam Julius Ferd.
          <lb/>1780), 2423.
          <lb/>(Schullehrer in Tubenbach. anc.
          <lb/>Wessobrunn. Voir : Monastères.
          <lb/>poss.), 486.
          <lb/>Westerburgius, Casparus, 1892.
          <lb/>Weber, Joh. Baptist, 837.
          <lb/>Westerrieder, Fr. Kilian (anc. poss.),
          <lb/>Weber, Joh. Georg (Schullehrer in
          <lb/>1890.
          <lb/>Merkendorf, anc. poss.), 486.
          <lb/>Westheimer, Bartholomaeus, 2455.
          <lb/>Weber, Rudolphus (Schneidarzt in
          <lb/>Westphal, Christianus Theodorus
          <lb/>Bern, 1543), 2040.
          <lb/>(anc. poss., emi Coloniae Agrip.
          <lb/>Wechel, Jean (impr. Frankfort-s.-M.),
          <lb/>1720), 2143.
          <lb/>1554.
          <lb/>Westphal, Joachim, 2088, 2456.
          <lb/>Wechtelin, Jean, 6, 64, 273, 330, 679,
          <lb/>Wibling. Voir : Monastères.
          <lb/>948, 977, 986, 999, 1227, 1348,
          <lb/>Wickner, Abdias (anc. poss.), 1154,
          <lb/>1408, 1621, 1739, 1743, 1856, 1925,
          <lb/>2230.
          <lb/>1967, 2025, 2243, 2259, 2288, 2439.
          <lb/>Wickram, Georg, 1618, 9, 2457-
          <lb/>Weckel, André, 562.
          <lb/>2461d.
          <lb/>Weckerlin, Michael, 1256.
          <lb/>Wickram, Petrus, 980, 5.
          <lb/>Weckerlin, Rosina (1566), 1251.
          <lb/>Widenman, Daniel (anc. poss.), 206.
          <lb/>Weder, Jos. (anc. poss.), 2221.
          <lb/>Widenmann, Ge. Christophorus, 2179.
          <lb/>Wehrmann M. C. (Lubeck, anc. poss.
          <lb/>Widergrün von Stanfenberg, Hans
          <lb/>1871), 462, 463.
          <lb/>Jakob, 1719.
          <lb/>Weiditz, 287, 9, 295, 302.
          <lb/>Widmann, Joh. (Medicus, genannt
          <lb/>Weimar Grossherzogl. Bibl., 264, 729.
          <lb/>Mouchinger), 2462.
          <lb/>Weingarten. Voir : Monastères.
          <lb/>Wieger, F. (Strasbourg), 920.
          <lb/>Weisbrvdt, Séb., 238.
          <lb/>Wien BN, 2, 6, 7, 16, 11, 13, 19,
          <lb/>Weislandius, Leo (Ulmensis), 475.
          <lb/>21, 6, 8, 9, 33-36, 40, 45-50, 54,
          <lb/>Weissenau. Voir : Monastères,
        </p>
      </div>
    </body>
  </text>
</TEI>
