<?xml version='1.0' encoding='UTF-8'?>
<?xml-model href="https://raw.githubusercontent.com/OpenITI/tei_openiti/master/tei_openiti.rng" type="application/xml" schematypens="http://relaxng.org/ns/structure/1.0"?>
<?xml-model href="https://raw.githubusercontent.com/OpenITI/tei_openiti/master/tei_openiti.rng" type="application/xml" schematypens="http://purl.oclc.org/dsdl/schematron"?>
<TEI xmlns="http://www.tei-c.org/ns/1.0">
  <teiHeader>
    <fileDesc>
      <titleStmt>
        <title/>
      </titleStmt>
      <publicationStmt>
        <p/>
      </publicationStmt>
      <sourceDesc>
        <p/>
      </sourceDesc>
    </fileDesc>
    <profileDesc>
      <calendarDesc>
        <calendar xml:id="ah">
          <p>Anno Hegirae</p>
        </calendar>
      </calendarDesc>
    </profileDesc>
    <xenoData xml:space="preserve">
CREATED: 2024-04-11T12:19:52.140975+00:00
CREATED BY: eScriptorium vpassthistobuildcmd
IMAGE FILENAME: A121078-5083.tif
IMAGE WIDTH: 2352
IMAGE HEIGHT: 3852
</xenoData>
  </teiHeader>
  <text>
    <body>
      <div>
        <p>
          <lb/>1391
          <lb/>STURM Johannes, Epistola ad Cardinales... Voir: POLE Reginald,
          <lb/>Consilium delectorum Cardinalium.
          <lb/>Strasbourg, Crato Mylius, 1538
          <lb/>Bibliographie de Jean Sturm. Voir : Schottenloher II, Nos 20.926-20952.
          <lb/>Schmidt Charles, Jacques Sturm, Strasbourg, 1855, Bibliographie,
          <lb/>p. 314-331.
          <lb/>STURM Johannes
          <lb/>Strasbourg, W. Rihel, 1538
          <lb/>Ioannis] Sturmii de Amissa dicendi ratione, ad Fran¬
          <lb/>ciscum!! Frossium Iurisconsultum!! Libri duo.
          <lb/>Explicata est hisce duobus libris, &amp;amp; inte-gra interposita
          <lb/>Ciceronis oratio,! quam pro P. Quintio habuit.
          <lb/>Argentine apud Vuendelinum Rihelium Anno M. D.
          <lb/>XXXVIII. (Verso blanc.)
          <lb/>A la fin : Argentorati, in aedibus Vuendelini Rihe-lij.
          <lb/>Anno M. D. XXXVIII.
          <lb/>Cum gratia &amp;amp; priuilegio Imperiali ad Sexennium.
          <lb/>Marque typ. de W. Rihel (H. &amp;amp; B. Planche XXIX, No I).
          <lb/>(Verso blanc).
          <lb/>In-4°, car. rom., 4 ff. non ch., 110 pp. ch., 1 f. blanc avec l’explicit et
          <lb/>la marque typ. au recto, titre courant, réclames, initiales ornées E, 9, D.
          <lb/>R. 101.219. Prov. : Bibliothèque Ch. Schmidt avec son ex-libris.
          <lb/>2199
          <lb/>STURM Johannes
          <lb/>De litera !] rum! ludis recte ape-] riendis.liber.
          <lb/>Strasbourg, W. Rihel, 1538
          <lb/>Ioannis Sturmij.
          <lb/>Argentorati apud Vuendelinum RiheliumAno
          <lb/>M. D. XXXVIII. (Verso blanc.)
          <lb/>Au verso du dernier f. blanc, marque typ. de W. Rihel.
          <lb/>(H. &amp;amp; B. Planche XXIX, No 1.)
          <lb/>In-4°, car. rom., 34 ff. ch. et 2 ff. non ch., dont le dernier blanc, titre
          <lb/>courant, réclames, init. A (blanc sur fond noir).
          <lb/>fol. A 2a. Ioannis Stur-Il mii ad I!... Iacobum Sturmium, Nicolaum
          <lb/>Cnipsium, Iaco- II bum Meierum, de literarum ludis recte ape-Il riendis
          <lb/>liber.
          <lb/>Au verso du dernier f. 3 dist. au lecteur de Nicolaus Gerbelius et 4 de
          <lb/>Joannes Sapidus.
          <lb/>R. 102.304. Prov. : Bibl. Ch. Schmidt, avec son ex-libris.
          <lb/>Walter: Sélestat, N° 2275.
          <lb/>2200
          <lb/>STURM Johannes
          <lb/>Strasbourg, Gr. Mylius, 1539
          <lb/>Ioannis Sturmii!] in partitiones orato-] rias Ciceronis,
          <lb/>Dialogi! duo.
          <lb/>Marque typ. de Crato Mylius. (H. x B. Planche XXVII,
          <lb/>No 8.)
        </p>
      </div>
    </body>
  </text>
</TEI>
