<?xml version='1.0' encoding='UTF-8'?>
<?xml-model href="https://raw.githubusercontent.com/OpenITI/tei_openiti/master/tei_openiti.rng" type="application/xml" schematypens="http://relaxng.org/ns/structure/1.0"?>
<?xml-model href="https://raw.githubusercontent.com/OpenITI/tei_openiti/master/tei_openiti.rng" type="application/xml" schematypens="http://purl.oclc.org/dsdl/schematron"?>
<TEI xmlns="http://www.tei-c.org/ns/1.0">
  <teiHeader>
    <fileDesc>
      <titleStmt>
        <title/>
      </titleStmt>
      <publicationStmt>
        <p/>
      </publicationStmt>
      <sourceDesc>
        <p/>
      </sourceDesc>
    </fileDesc>
    <profileDesc>
      <calendarDesc>
        <calendar xml:id="ah">
          <p>Anno Hegirae</p>
        </calendar>
      </calendarDesc>
    </profileDesc>
    <xenoData xml:space="preserve">
CREATED: 2024-04-11T12:19:51.176331+00:00
CREATED BY: eScriptorium vpassthistobuildcmd
IMAGE FILENAME: A121078-5066.tif
IMAGE WIDTH: 2382
IMAGE HEIGHT: 3862
</xenoData>
  </teiHeader>
  <text>
    <body>
      <div>
        <p>
          <lb/>1374
          <lb/>In-8°, car. goth., CCCVI fr. ch., 10 ff. non ch. (Registre), titre courant,
          <lb/>réclames, notes marg., init. goth., titre rouge et noir.
          <lb/>fol. 2a-15a : (Préface)... Den... Herrn, Pfarrherren, und al - I len
          <lb/>Dienern des Göttlichen worts, II in der... Graffe- schafft Manzsfeldt...
          <lb/>Geben im Thal Manszfeldt, Anno (1 1562... M. Cyriacus Spangenberg.
          <lb/>R. 101.253. Prov. : Rosenthal, München, 4/IV, 1893. 9 M.
          <lb/>Au bas du titre : « Caspar Klee».
          <lb/>2168
          <lb/>SPANGENBERG Cyriacus
          <lb/>Strasbourg, S. Emmel, 1567
          <lb/>Ehespiegel. Das ist, Alles was vom heyligen! Ehestande,
          <lb/>nützliches, nötiges, vndrostliches mag gesagt wer-den.
          <lb/>In Sybentzig Braut Predigten, zusammen (! verfasset.
          <lb/>Durch M. Cyriacum Spangenberg, im Thal! Manszfeldt.
          <lb/>Und jetzundt auffs neüw vom Authore selbst fleis- (] sig
          <lb/>vberlesen, vnd an vilen orten trefflich gemehret
          <lb/>gebessert.
          <lb/>Marque typ. de S. Emmel (H. X B. Planche XXXV, No 3.)
          <lb/>M. D. LXVII. (Verso blanc.)
          <lb/>A la fin : Getruckt zu Straszburg, durch Samuel Emmel,
          <lb/>im Jar! M. D. LXVII.
          <lb/>In-fol., car. goth., 10 ff. non ch., CCLXXX ff. ch., 10 ff. non ch. dont
          <lb/>le dernier blanc (table à 2 col.), titre courant, réclames, notes marg.,
          <lb/>init. ornée, titre rouge et noir.
          <lb/>fol. 2a non ch. : Den... Herrn Burgermeystern !! und Raht, darzû der
          <lb/>gantzen Statt und Christ —lichen Gemeyn zù Northausen... — Geben
          <lb/>im Thal Manszfeldt, Anno 1561.1! M. Cyriacus Spangenberg. (Préface
          <lb/>de 6 pp.)
          <lb/>R. 10.407 (3). Prov. : Prof. Fr. Hommel, Munich, 9/I, 1901; sans
          <lb/>indication de prix.
          <lb/>2169
          <lb/>SPANGENBERG Cyriacus
          <lb/>Strasbourg, S. Emmel, 1569
          <lb/>Die erste! Epistel Pauly an die Corin-thier.  Gepredigt
          <lb/>vnd Auszgelegt, durch M. Cyriacum Spangenberg.
          <lb/>Sampt der Corinthischen Chronica, vnd einem fleissigen
          <lb/>Register.
          <lb/>Marque typ. de S. Emmel. (H. &amp;amp; B. Planche XXXV, No 3.)
          <lb/>Getruckt zu Straszburg, bey Samuel Emmel, Jm Jar,
          <lb/>M. D. LXIX. (Verso blanc.)
          <lb/>A la fin : Getruckt zu Straszburg, bey Samuel! Emmel.
          <lb/>Jm Jar.  M. D. LXIX. (Verso blanc.)
          <lb/>In-fol., car. goth., 2 col., 10 ff. non ch. dont le dernier blanc, 1re épître
          <lb/>avec sermons: CCXXXVIII ff. ch., 22 ff. non ch. (Registre); la 2e épître :
          <lb/>8 ff. non ch., CCXX ff. ch., 16 ff. non ch. (Registre); Chronicon Corin¬
          <lb/>thiacvm : LVII ff. ch., 2 ff. non ch., dont le dernier blanc; titre courant,
          <lb/>réclames, notes marg., init. goth., titre rouge et noir.
          <lb/>fol. 22 : Der. — Fürstin... Dorothea, Königin zà Dennmarck, Norwe¬
          <lb/>gen... Geborne zù Sachsen, Engern und Westphalen... Wittfrauwen,
        </p>
      </div>
    </body>
  </text>
</TEI>
