<?xml version='1.0' encoding='UTF-8'?>
<?xml-model href="https://raw.githubusercontent.com/OpenITI/tei_openiti/master/tei_openiti.rng" type="application/xml" schematypens="http://relaxng.org/ns/structure/1.0"?>
<?xml-model href="https://raw.githubusercontent.com/OpenITI/tei_openiti/master/tei_openiti.rng" type="application/xml" schematypens="http://purl.oclc.org/dsdl/schematron"?>
<TEI xmlns="http://www.tei-c.org/ns/1.0">
  <teiHeader>
    <fileDesc>
      <titleStmt>
        <title/>
      </titleStmt>
      <publicationStmt>
        <p/>
      </publicationStmt>
      <sourceDesc>
        <p/>
      </sourceDesc>
    </fileDesc>
    <profileDesc>
      <calendarDesc>
        <calendar xml:id="ah">
          <p>Anno Hegirae</p>
        </calendar>
      </calendarDesc>
    </profileDesc>
    <xenoData xml:space="preserve">
CREATED: 2024-04-11T12:19:50.669389+00:00
CREATED BY: eScriptorium vpassthistobuildcmd
IMAGE FILENAME: A121078-5051.tif
IMAGE WIDTH: 2384
IMAGE HEIGHT: 3858
</xenoData>
  </teiHeader>
  <text>
    <body>
      <div>
        <p>
          <lb/>1359
          <lb/>&amp;amp; de Tecke, Comte de Mont- Il beliard, Jean Sleidan...
          <lb/>p. 3-6 : A Tres Illustre! Prince Eberard, Duc de!! Vuirtemberg,
          <lb/>R. 101.825 (2). Prov. : Bibl. Baum, 1879.
          <lb/>Brunet Va, 409.
          <lb/>2138
          <lb/>SLEIDANUS Iohannes
          <lb/>Strasbourg, Josias Rihel, 1558
          <lb/>Ioan. Sleidani, de sta- tu Religionis et Reipublicae,
          <lb/>Carolo Quinto, Caesare, Commentariorum libri xxvi.
          <lb/>Quibus praeter accuratiorem Toti-us operis recognitionem,
          <lb/>etiam nunc primum uigesimus sextus  liber accessit, quem
          <lb/>author ipse post primam aeditionen con- 11 scribere coepit, et
          <lb/>usque ad profectionem Caesaris in Hispa-am perduxit.
          <lb/>Una cum!! Apologia ab ipso authore conscripta, &amp;amp; Indice
          <lb/>locupletissimo.
          <lb/>Marque typ. des Rihel. (H. &amp;amp; B. Planche XXIX, N° 5.)
          <lb/>Argentorati Anno!! M. D. LVIII.
          <lb/>Au verso du dernier f. blanc, marque typ. des Rihel. (H. &amp;amp; B.
          <lb/>Planche XXX, No 7.)
          <lb/>In-8°, car. ital., 8 ff. non ch. (Préface de 1555 et apologie comme dans
          <lb/>les autres éditions), 513 ff. ch., 14 ff. non ch., dont le dernier blanc (Index
          <lb/>à 2 col.), titre courant, réclames, notes marg., init. ornées M et O et init.
          <lb/>d’attente.
          <lb/>Au verso du titre : Author Lectori.
          <lb/>R. 101.826. Prov. : Don du pasteur Heyche, Ernsdorf près Reichen¬
          <lb/>bach, Silésie, 1871.
          <lb/>Notes mss., au milieu du titre : « Sum ex libris Iohannis Ortlabii».
          <lb/>Au verso du titre : « M. Beniamin Hohmann Vratis. Cl9!9 CCXXIII
          <lb/>(1723) ».
          <lb/>2139
          <lb/>SLEIDANUS Johannes
          <lb/>Strasbourg, Josias Rihel, 1558
          <lb/>Tabulae in libros hi- storiarum De!! Religione &amp;amp; Republica
          <lb/>Ioan. Slei- dani.
          <lb/>Ex Postrema Authoris Reco!! gnitione, cui praeter librorum,
          <lb/>in grati-am legentium, additi sunt etiam foliorum!! indices
          <lb/>numeri, ad posteriorem nostram 1557 Commentariorum
          <lb/>aeditionem!! accomodati.
          <lb/>Argentorati Excvde- bat Iosias Rihelius.
          <lb/>In-8°, car. ital., 136 ff. non ch., sign. A-O, réclames, init. ornée C.
          <lb/>Chaque page a 4 colonnes rapportant année par année ce qui s’est
          <lb/>passé en Allemagne et dans les autres pays, tant dans le domaine de la
          <lb/>Religion que de l’État.
          <lb/>fol. a 2a : Lectori... — Argentorati !! Cal. Martiis. I1 M. D. LVII.
          <lb/>(Préface de 6 pages, suivie d’un f. blanc.)
          <lb/>fol. a 6b : Epicedium Ioannis Sleidani Per Ioannem Sapidum.
          <lb/>(11 dist.).
          <lb/>Suit un epigramme de Martin Crusius sur Sleidan (2 dist. en grec et en
          <lb/>traduction latine).
        </p>
      </div>
    </body>
  </text>
</TEI>
