<?xml version='1.0' encoding='UTF-8'?>
<?xml-model href="https://raw.githubusercontent.com/OpenITI/tei_openiti/master/tei_openiti.rng" type="application/xml" schematypens="http://relaxng.org/ns/structure/1.0"?>
<?xml-model href="https://raw.githubusercontent.com/OpenITI/tei_openiti/master/tei_openiti.rng" type="application/xml" schematypens="http://purl.oclc.org/dsdl/schematron"?>
<TEI xmlns="http://www.tei-c.org/ns/1.0">
  <teiHeader>
    <fileDesc>
      <titleStmt>
        <title/>
      </titleStmt>
      <publicationStmt>
        <p/>
      </publicationStmt>
      <sourceDesc>
        <p/>
      </sourceDesc>
    </fileDesc>
    <profileDesc>
      <calendarDesc>
        <calendar xml:id="ah">
          <p>Anno Hegirae</p>
        </calendar>
      </calendarDesc>
    </profileDesc>
    <xenoData xml:space="preserve">
CREATED: 2024-04-11T12:19:58.796094+00:00
CREATED BY: eScriptorium vpassthistobuildcmd
IMAGE FILENAME: A121078-5267.tif
IMAGE WIDTH: 2420
IMAGE HEIGHT: 3860
</xenoData>
  </teiHeader>
  <text>
    <body>
      <div>
        <p>
          <lb/>SYNTAGMA
          <lb/>Melpomene quar
          <lb/>9
          <lb/>7
          <lb/>QH.
          <lb/>ta est, quam uo ros
          <lb/>uéλέoοαι, hoc est a ca
          <lb/>nendo dictam arbi¬
          <lb/>tramur, qmhãc audí
          <lb/>entes demulcent. vel
          <lb/>quasi μEAETRV TTOR¬
          <lb/>R&amp;#x27;M.i, meditatõnem
          <lb/>faciẽs permanere,ys
          <lb/>primĩ velle, secũdũ
          <lb/>desyderare ꝗd&amp;#x27;velis,
          <lb/>tertiũ delectari, quar
          <lb/>tũ instare medítando
          <lb/>ad id q̃d desideras,
          <lb/>ait Placiades, Phamutus tn dno Ti6 ROATVS, &amp;amp; a
          <lb/>dulcedie vocis dictã existimat. Huic tragędias qdã
          <lb/>adscribunt, nonnulli vero cantilenas.
          <lb/>Au verso du titre : Philesius Vogesina ad Lectorem (9 dist. latins).
          <lb/>fol. A 2a :... Andreae Reginio Romarici montis Sonrario... Philesius
          <lb/>Vogesina S. D. P... — Argentorati. Anno. M. D. XI. Kal. Aug. Au verso:
          <lb/>Lilius Graegorius Ziraldus, Lucio Ripae praeceptori, Salutem dicit. —
          <lb/>Mediolani, Non. Maij. M. D. VII.
          <lb/>R. 102.056. Prov. : Bibl. du Gymnase de Heilbronn, 2/IV, 1878.
          <lb/>Schmidt VIII, No 54 : BM Colmar et jadis Bibl. Strasbourg Incun.
          <lb/>N° 4939; Proctor 10.188 : British Museum Londres; Ritter, BM Strasbourg
          <lb/>N° 2272. Walter: Sélestat, N° 2491 ; Olschki, Florence, Catalogue LXXXI
          <lb/>(1912), No 252 : « Première édition de ce volume rare et recherché, Fac¬
          <lb/>similé p. 285, 150 francs »; Baer, Francfort-s.-M., catalogue 500 (1907),
          <lb/>N° 840 : 75 M.
          <lb/>2527
          <lb/>ZIRALDUS Lilius Gregorius
          <lb/>Strasbourg, M. Schürer, 1512
          <lb/>Lilii Graegorii ZiraldiFerrariensis Synta gma de Musis.
          <lb/>Même gravure que dans l’édition de 1511.
          <lb/>A la fin : Finis libelli de Musis compositi a Lilio Graegorio
          <lb/>Ziraldo Ferrariensi, quem Matthias Schürerius sum ma
          <lb/>cum diligentia impressit, non omissis accenti! bus in eis quae
          <lb/>Graeça sunt. Argentorat. 11 Ann. sal. M. D. XII. Mense Iuli.
          <lb/>Regnante Imp. Caes. Maxi miliano Pio Foelici Aug.
          <lb/>(Verso blanc.)
          <lb/>In-4°, car. rom. et grecs, 16 ff. non ch., sign. A-C, titre courant, notes
          <lb/>marg., init. d’attente. Dédicaces et grav. de l’éd. 1511.
          <lb/>1577
        </p>
      </div>
    </body>
  </text>
</TEI>
