<?xml version='1.0' encoding='UTF-8'?>
<?xml-model href="https://raw.githubusercontent.com/OpenITI/tei_openiti/master/tei_openiti.rng" type="application/xml" schematypens="http://relaxng.org/ns/structure/1.0"?>
<?xml-model href="https://raw.githubusercontent.com/OpenITI/tei_openiti/master/tei_openiti.rng" type="application/xml" schematypens="http://purl.oclc.org/dsdl/schematron"?>
<TEI xmlns="http://www.tei-c.org/ns/1.0">
  <teiHeader>
    <fileDesc>
      <titleStmt>
        <title/>
      </titleStmt>
      <publicationStmt>
        <p/>
      </publicationStmt>
      <sourceDesc>
        <p/>
      </sourceDesc>
    </fileDesc>
    <profileDesc>
      <calendarDesc>
        <calendar xml:id="ah">
          <p>Anno Hegirae</p>
        </calendar>
      </calendarDesc>
    </profileDesc>
    <xenoData xml:space="preserve">
CREATED: 2024-04-11T12:19:56.477029+00:00
CREATED BY: eScriptorium vpassthistobuildcmd
IMAGE FILENAME: A121078-5195.tif
IMAGE WIDTH: 2350
IMAGE HEIGHT: 3858
</xenoData>
  </teiHeader>
  <text>
    <body>
      <div>
        <p>
          <lb/>Dis bũcblin saget mie die zuẽ
          <lb/>durlãcbtigstẽ berrẽ ber Bernanons. Rañ d’astilien
          <lb/>ond herr LEmanuel. R. aũ Dortugal Baben das weyte
          <lb/>mõz ersũcbet vnnò funden vil Insulen onnò ein Yllime
          <lb/>melt von xilden naclenden Leũten vormals onbelant.
          <lb/>(ereinonte
          <lb/>4
          <lb/>4
          <lb/>Elfo
          <lb/>sa
          <lb/>NUE HUU
          <lb/>8
          <lb/>TUU
          <lb/>&amp;quot;̃
          <lb/>4
          <lb/>11
          <lb/>1505
          <lb/>21
          <lb/>*
          <lb/>10
          <lb/>lt
          <lb/>&amp;quot;
          <lb/>R. 95
        </p>
      </div>
    </body>
  </text>
</TEI>
