<?xml version='1.0' encoding='UTF-8'?>
<?xml-model href="https://raw.githubusercontent.com/OpenITI/tei_openiti/master/tei_openiti.rng" type="application/xml" schematypens="http://relaxng.org/ns/structure/1.0"?>
<?xml-model href="https://raw.githubusercontent.com/OpenITI/tei_openiti/master/tei_openiti.rng" type="application/xml" schematypens="http://purl.oclc.org/dsdl/schematron"?>
<TEI xmlns="http://www.tei-c.org/ns/1.0">
  <teiHeader>
    <fileDesc>
      <titleStmt>
        <title/>
      </titleStmt>
      <publicationStmt>
        <p/>
      </publicationStmt>
      <sourceDesc>
        <p/>
      </sourceDesc>
    </fileDesc>
    <profileDesc>
      <calendarDesc>
        <calendar xml:id="ah">
          <p>Anno Hegirae</p>
        </calendar>
      </calendarDesc>
    </profileDesc>
    <xenoData xml:space="preserve">
CREATED: 2024-04-11T12:19:53.159135+00:00
CREATED BY: eScriptorium vpassthistobuildcmd
IMAGE FILENAME: A121078-5111.tif
IMAGE WIDTH: 2346
IMAGE HEIGHT: 3854
</xenoData>
  </teiHeader>
  <text>
    <body>
      <div>
        <p>
          <lb/>1419
          <lb/>Getruckt zu Straszburg am Korn-marckt bey Christian
          <lb/>Müllers Erben, 11 Jm Jahr 1582. (Verso blanc.)
          <lb/>In-4°, car. goth., 32 ff. non ch., sign. A-H, une double f. pliée à la fin,
          <lb/>réclames, init. goth., titre rouge et noir, de nombreuses figures géomé¬
          <lb/>triques et astronomiques.
          <lb/>R. 101.244. Prov. : Vente Welter, Paris, 5/VI, 1895; 14 fr. Au haut
          <lb/>du titre: « Societatis Jesu Vanhouae 1615 ».
          <lb/>2254
          <lb/>SUMMENHART Conradus
          <lb/>Haguenau, H. Gran, 1507
          <lb/>Conradi Summenhart Commentaria in Summam physice
          <lb/>Alberti magni.! Jn Conradum Summenhardum Theologum
          <lb/>secu-larem Alberti magni interpretem Exastycon Ja-cobi
          <lb/>Vuymphelingi. (3 dist.)
          <lb/>Au-dessous : Epigramma solutum in eundem. (12 lignes.)
          <lb/>A la fin: avant la table Vuolfgan. fa. hage. ad lectorem.!
          <lb/>Habes nunc... Conradi Summenhard... commentationes in
          <lb/>Albertum re!! cognitas utque plenissime ex corrupto exem¬
          <lb/>plari recognosci potuere. Que... sunt excuse a so- ] lerti
          <lb/>Henrico gran Calcographo in Hagenaw... Ex Hage. Cur-sim
          <lb/>Anno 1507 septimo kal. maias.
          <lb/>In-fol., car. goth., 2 col., 166 ff. non ch., sign. a-z, titre courant, notes
          <lb/>marg., init. d’attente.
          <lb/>Au verso du titre : Thomas Vuolphius Ju! nior Lectori... — Argen¬
          <lb/>toraci raptim septimo kalend. Martij. Anno domini 1507.
          <lb/>Derrière l’explicit, 2 ff. de table.
          <lb/>R. 10.421. Prov. : Don de la Bibl. Universitaire de Tübingen, 1871.
          <lb/>Notes mss, au haut du titre: « S. Martini Monasterij Wibling».
          <lb/>Ritter, BM Strasbourg n° 2037.
          <lb/>2255
          <lb/>SUMMENHART Conradus
          <lb/>Haguenau, H. Gran, 1515
          <lb/>Septipertitum opus de con! tractibus pro foro conscientiae,
          <lb/>atque theologico per Conradum Summenhart de Calw
          <lb/>artium ac sacre theologie professorem, in alma uniuersitate
          <lb/>Tubingen!] ordinarie legentem compilatum : et per cen-!! tum
          <lb/>questiones digestum, ac per eun- dem quo ad pregnantium
          <lb/>que! stionum, atque difficulta- tem habentium vberio!! res
          <lb/>articulos ibi- dem dispu- tatum.
          <lb/>Hexastichon Henrici Bebelii Justingensis.Ad lectores.
          <lb/>(3 dist.).
          <lb/>A la fin :... Im-pressumque in imperiali oppido Hagenaw:
          <lb/>per Il industrium Henricum Gran: impensis et sumpti bus
          <lb/>prouidi Joannis Rynman: Anno salutis nostre. M. D. XV.
          <lb/>xvij. Kal. Septembris.
          <lb/>In-fol., car. goth., 2 col., 372 ff. non ch., sign. A-Z, Aa-Zz, AA-GG,
          <lb/>dernier f. blanc, titre courant, init. ornées, titre rouge et noir, encadré.
          <lb/>(H. &amp;amp; B. Planche LXIII, N° 1.)
        </p>
      </div>
    </body>
  </text>
</TEI>
