<?xml version='1.0' encoding='UTF-8'?>
<?xml-model href="https://raw.githubusercontent.com/OpenITI/tei_openiti/master/tei_openiti.rng" type="application/xml" schematypens="http://relaxng.org/ns/structure/1.0"?>
<?xml-model href="https://raw.githubusercontent.com/OpenITI/tei_openiti/master/tei_openiti.rng" type="application/xml" schematypens="http://purl.oclc.org/dsdl/schematron"?>
<TEI xmlns="http://www.tei-c.org/ns/1.0">
  <teiHeader>
    <fileDesc>
      <titleStmt>
        <title/>
      </titleStmt>
      <publicationStmt>
        <p/>
      </publicationStmt>
      <sourceDesc>
        <p/>
      </sourceDesc>
    </fileDesc>
    <profileDesc>
      <calendarDesc>
        <calendar xml:id="ah">
          <p>Anno Hegirae</p>
        </calendar>
      </calendarDesc>
    </profileDesc>
    <xenoData xml:space="preserve">
CREATED: 2024-04-11T12:19:52.662178+00:00
CREATED BY: eScriptorium vpassthistobuildcmd
IMAGE FILENAME: A121078-5096.tif
IMAGE WIDTH: 2352
IMAGE HEIGHT: 3848
</xenoData>
  </teiHeader>
  <text>
    <body>
      <div>
        <p>
          <lb/>1404
          <lb/>Nunc primum in lucem! edita.Gratia Privilegioque!
          <lb/>Caesareo.
          <lb/>Bernhardus Iobinus TypographusArgentoratensis im¬
          <lb/>primebat. M. D. LXXV. (Verso blanc.)
          <lb/>In-8°, car. rom., ital et grecs, 112 ff. non ch. et 2 ff. blancs, titre courant,
          <lb/>réclames, notes marg., init. ornées C, D, titre encadré de 4 pièces juxta¬
          <lb/>posées (H. &amp;amp; B. Planche XXXIX, N° 11.)
          <lb/>fol. 2a :... D. Sigismun-]] do Guttetero &amp;amp;c. D. Petro!! Vogelwedrio.
          <lb/>Senatori- II bus Cracoviensibus, amicis II suis veteribus... — Cracoviae IX.
          <lb/>Calend. Iunij. 11 Anno M. D. LXXV (Dédicace de 6 ff.).
          <lb/>Au verso du 8e f. : portrait de J. Sturm, au-dessus : Effigies. 1! Johannis
          <lb/>Sturmii : 1! Argentoratensis I] Academiae Rectoris.
          <lb/>R. 101.388. Prov. : Don de la Bibl. Univ. de Goettingen, 1872.
          <lb/>Au verso du f. de garde: annotations mss.
          <lb/>Oxford, Bibl. Bodleiana.
          <lb/>2227
          <lb/>STURM Johannes
          <lb/>Strasbourg, N. Wyriot, 1576
          <lb/>Commentarii! In artem poë-] ticam Horatij, con- fecti
          <lb/>ex Scholis !! Io. Sturmii. [! Nunc primum editi, opera et studio
          <lb/>Ioannis Lobarti Borussi.
          <lb/>Marque typ. de Nicolas Wyriot. (H. &amp;amp; B. Planche XLIII,
          <lb/>No 1.
          <lb/>Au-dessous : Argentorati Excudebat Nicolaus Wyriot.
          <lb/>Anno II M. D. LXXVI. (Verso blanc.).
          <lb/>In-8°, car. ital., 76 ff. non ch., sign. A-J, titre courant, réclames, init.
          <lb/>N. L.
          <lb/>fol. 2a : ... Domino Matthaeo Gering... Domino Michaëli Reinlein...
          <lb/>S. P. D... — Argent. 28 Martij Anni 76. Il Ioannes Lobartus Borussus.
          <lb/>fol. 8b : Epigramma M. Georgij Calamini Silesij (4 dist.).
          <lb/>R. 101.725. Prov. : Bibliothèque Ch. Schmidt avec son ex-libris, il
          <lb/>l’avait reçu en don du Prof. J. G. Schweighäuser; quelques annotations
          <lb/>mss. à la marge des ff.
          <lb/>Ritter, BM Strasbourg, n° 2010.
          <lb/>2228
          <lb/>STURM Johannes
          <lb/>Strasbourg, B. Jobin, 1576
          <lb/>Ioannis Sturmii. De Imitatione Ora- toria Libri Tres.
          <lb/>Cum Scho- lis eiusdem authoris, antea nun-quam in lucem
          <lb/>editi.
          <lb/>His accesserunt de imitatione quaedam per- utilissima,
          <lb/>quae quondam idem author No-Il bilitati Literatae inseruit.
          <lb/>Marque typ. de Bern. Jobin (H. &amp;amp; B. Planche XXXVII,
          <lb/>No 3).
          <lb/>Gratia Caesarea.
          <lb/>Argentorati imprimebat Bernhardus!! Iobinus. Anno 1576.
          <lb/>In-8°, car. ital et rom., 272 ff. non ch., sign. A-Z, Aa-Ll, titre courant,
          <lb/>réclames, notes marg., init. ornées M, S, I, titre encadré (H. &amp;amp; B.
          <lb/>Planche XXXVII, N° 9.).
        </p>
      </div>
    </body>
  </text>
</TEI>
