<?xml version='1.0' encoding='UTF-8'?>
<?xml-model href="https://raw.githubusercontent.com/OpenITI/tei_openiti/master/tei_openiti.rng" type="application/xml" schematypens="http://relaxng.org/ns/structure/1.0"?>
<?xml-model href="https://raw.githubusercontent.com/OpenITI/tei_openiti/master/tei_openiti.rng" type="application/xml" schematypens="http://purl.oclc.org/dsdl/schematron"?>
<TEI xmlns="http://www.tei-c.org/ns/1.0">
  <teiHeader>
    <fileDesc>
      <titleStmt>
        <title/>
      </titleStmt>
      <publicationStmt>
        <p/>
      </publicationStmt>
      <sourceDesc>
        <p/>
      </sourceDesc>
    </fileDesc>
    <profileDesc>
      <calendarDesc>
        <calendar xml:id="ah">
          <p>Anno Hegirae</p>
        </calendar>
      </calendarDesc>
    </profileDesc>
    <xenoData xml:space="preserve">
CREATED: 2024-04-11T12:20:00.840240+00:00
CREATED BY: eScriptorium vpassthistobuildcmd
IMAGE FILENAME: A121078-5303.tif
IMAGE WIDTH: 2464
IMAGE HEIGHT: 3864
</xenoData>
  </teiHeader>
  <text>
    <body>
      <div>
        <p>
          <lb/>1613
          <lb/>Ludwig (Pfalzgraf bei Rhein, Herzog
          <lb/>Magiure, Dionysius (Guardianus, anc.
          <lb/>in Bayern), 188, 607, 1241, 1355,
          <lb/>poss. anno 1758), 1959.
          <lb/>2196, 7.
          <lb/>Magius, Melchior (Rom., anc. poss.
          <lb/>Luft, Joh. (impr. Wittenberg 1561),
          <lb/>1725), 1090.
          <lb/>2052.
          <lb/>Magnesius, Ignatius (anc. poss.), 2232.
          <lb/>Luisinus, Aloysius, 1176.
          <lb/>Magninus, Mediolanensis, 1460.
          <lb/>Lullus, Antonius (Rhetor industrius,
          <lb/>Maehn (Vente, Strasbourg 1883), 447,
          <lb/>cujus extant Progymnasmata, Rhe¬
          <lb/>967.
          <lb/>torica, Basileae 1551), 1406.
          <lb/>Maillardus, Olivier, 1461, 2, 3.
          <lb/>Lullus, Raimundus (Chemicus, anc.
          <lb/>Mainardus, Joh., 301.
          <lb/>poss. haereseos accusatus anno
          <lb/>Mainus, Hippolyte, 429.
          <lb/>1697), 1405, 1406, 2014.
          <lb/>Maior, Georgius, 1464-65.
          <lb/>Lupoldus de Bebenburg, 1407.
          <lb/>Luppus, Joh., 1408.
          <lb/>Maisonneux (Paris, anc. poss. 1914),
          <lb/>Lurcker, Erhart (d’Oberkirch, Forêt¬
          <lb/>826.
          <lb/>Noire), 1409.
          <lb/>Malatestis Baptista de, 72.
          <lb/>Luscinius, Ottomarus (Nachtgall),
          <lb/>Malbie (Londres), 933.
          <lb/>476, 980, 985, 993, 1263, 1388, 1391,
          <lb/>Maler, Jörg. Voir : Pictorius, Georgius.
          <lb/>1410-14, 1492, 1530, 1880, 1925,
          <lb/>Maler, Georgius, 1466.
          <lb/>2360, 2, 2418.
          <lb/>Maler, Mathias (impr. Erfurt), 1224.
          <lb/>Lusitanus, Amatus, 1415.
          <lb/>Maller, Wolfgang, 268.
          <lb/>Lustries, Michael (anc. poss. 1579).
          <lb/>Malleolus, Paulus (Audelacensis),
          <lb/>Luther, Martin, 200, 326, 355, 7, 8.
          <lb/>2283, 5, 6, 7, 9, 2291.
          <lb/>373, 436, 468, 552, 3, 572, 646,
          <lb/>Mallinius, Caspar, 1467.
          <lb/>670, 691, 866, 892, 994, 1014, 1070,
          <lb/>Maltachel, Vincentius, 1586.
          <lb/>1. 1200, 1219-22, 1304, 8, 1323,
          <lb/>Maltzahn von (Weimar, anc. poss.
          <lb/>1369, 1371, 1417-1454, 1456, 1505¬
          <lb/>1877), 2352.
          <lb/>1510, 1520, 1584, 5, 1597, 8, 1610,
          <lb/>Mameranus, Nicolaus (Luxembourg),
          <lb/>5, 7, 1620, 1804, 1881, 1904, 1939,
          <lb/>2052.
          <lb/>1949, 1964, 2074, 2296, 9, 2306, 7,
          <lb/>Manardus, 1468.
          <lb/>2309, 2312, 4, 5, 2320, 2453.
          <lb/>Mancinellus, Antonius, 1469-1472,
          <lb/>Lutz, E. (anc. poss. anno 1786), 1664.
          <lb/>1578, 2385, 8.
          <lb/>Lutz, G. (médecin à Löwenstein,
          <lb/>Mang, Jacob (Augsbourg), 368.
          <lb/>anc. poss. 1905), 1773, 5.
          <lb/>Mangold, Joh. (Hallensis, anc. poss.),
          <lb/>Lutz, Reinhart, 1455.
          <lb/>877.
          <lb/>Lutzenburger, Hans, 703.
          <lb/>Mannheim, Schlossbibliothek, 227.
          <lb/>Lutzingius, Joh. (anc. poss. 1650),
          <lb/>Mansuetus, Chilianus, 1395.
          <lb/>2145.
          <lb/>Mantel, Joh. (Parochus Hissicensis),
          <lb/>1433.
          <lb/>M
          <lb/>Mantuanus, Baptista, 127-150, 1239,
          <lb/>1875, 2344.
          <lb/>Maack (Kiel, anc. poss. 1880), 2442.
          <lb/>Mantz, Marcus, 108.
          <lb/>Macarius, Mutius, 1458.
          <lb/>Manuel, Rudolf, 2005.
          <lb/>Maecardus, Joh., 1457.
          <lb/>Manutius, (Aldes), 121, 1474-77.
          <lb/>Mac Callogh (?), Janus (anc. poss.),
          <lb/>Manutius, Paulus, 505, 509, 515, 517,
          <lb/>1638.
          <lb/>519, 524, 526, 533.
          <lb/>Mac-Carty, 884.
          <lb/>Manzonius, Jacobus (anc. poss.), 1533.
          <lb/>Machaneus, Dominicus (publicus Tau¬
          <lb/>Marbach, Erasmus, 475, 1478.
          <lb/>rini orator), 2246, 8.
          <lb/>Marbach, Johannes, 229, 475, 1479-85,
          <lb/>Machtolft, Joh. (Esslingen), 1384, 5.
          <lb/>2096.
          <lb/>Madelung, Jac. Christ. (anc. poss.
          <lb/>Marbach, Philippe, 475, 1485, 2096.
          <lb/>anno 1717), 1951.
          <lb/>Marbach, Ulricus, 475.
          <lb/>Magdalena (épouse de Math. Flaccius),
          <lb/>1122.
          <lb/>Marbourg BU, 22, 37, 8, 45, 116, 118,
          <lb/>Magdalena, née von Regenstein (Grã¬
          <lb/>144, 166, 171, 190, 201, 210, 220, 237.
          <lb/>242, 7, 283, 6, 297, 321, 331, 345, 6,
          <lb/>fin von Hohnstein anc. poss. 1582),
          <lb/>356, 364, 5, 6, 7, 374, 7, 9, 389,
          <lb/>1454.
          <lb/>Magdalena, Maria, 833.
          <lb/>441, 2, 497, 511, 524, 6, 528, 537,
          <lb/>548, 9, 550, 589, 601, 6, 616, 8,
          <lb/>Magenpuchius, Joh. (medicinae doc¬
          <lb/>699, 703, 5, 710, 735, 745, 780, 6,
          <lb/>tor, 1535), 2518.
          <lb/>805, 816, 7, 824, 5, 856, 861,7, 911,
          <lb/>Magg. Rudolf, 2320.
          <lb/>2, 6, 920, 921, 4, 931, 9, 942, 9,
        </p>
      </div>
    </body>
  </text>
</TEI>
