<?xml version='1.0' encoding='UTF-8'?>
<?xml-model href="https://raw.githubusercontent.com/OpenITI/tei_openiti/master/tei_openiti.rng" type="application/xml" schematypens="http://relaxng.org/ns/structure/1.0"?>
<?xml-model href="https://raw.githubusercontent.com/OpenITI/tei_openiti/master/tei_openiti.rng" type="application/xml" schematypens="http://purl.oclc.org/dsdl/schematron"?>
<TEI xmlns="http://www.tei-c.org/ns/1.0">
  <teiHeader>
    <fileDesc>
      <titleStmt>
        <title/>
      </titleStmt>
      <publicationStmt>
        <p/>
      </publicationStmt>
      <sourceDesc>
        <p/>
      </sourceDesc>
    </fileDesc>
    <profileDesc>
      <calendarDesc>
        <calendar xml:id="ah">
          <p>Anno Hegirae</p>
        </calendar>
      </calendarDesc>
    </profileDesc>
    <xenoData xml:space="preserve">
CREATED: 2024-04-11T12:20:02.077965+00:00
CREATED BY: eScriptorium vpassthistobuildcmd
IMAGE FILENAME: A121078-5324.tif
IMAGE WIDTH: 2398
IMAGE HEIGHT: 3842
</xenoData>
  </teiHeader>
  <text>
    <body>
      <div>
        <p>
          <lb/>1634
          <lb/>383, 4, 5, 6, 391, 3, 407, 422, 9.
          <lb/>2464, 5, 9, 2482, 3, 2486, 2488, 2510,
          <lb/>432, 6, 9, 440, 442a, 478, 528, 538,
          <lb/>2, 2529, 2532.
          <lb/>548, 562, 3, 572, 575, 6, 605, 674,
          <lb/>Stratius, Nicolaus Franciscus, 2170.
          <lb/>684, 702, 6, 9, 718, 9, 724, 738,
          <lb/>Straub (Strasbourg, anc. poss. 1892),
          <lb/>741, 7, 793, 801, 2, 816, 830, 1,
          <lb/>949, 955, 963, 970, 1, 973, 4, 5, 6,
          <lb/>236, 1678.
          <lb/>Straubing. Voir : Monastères.
          <lb/>980, 1, 2, 1047, 1058, 1091, 3, 1102,
          <lb/>Streckheimer, 1014.
          <lb/>1134, 1145, 8, 1149, 1187, 9, 1190,
          <lb/>Streif, Philippe, 409.
          <lb/>9, 1222, 1241, 2, 1295, 6, 1331,
          <lb/>1385, 7, 1411, 7, 1423, 5, 1434,
          <lb/>Streinius, Richardus (Baron Schwart¬
          <lb/>1441, 9, 1451, 1457, 1460, 1472,
          <lb/>zenau), 1648.
          <lb/>Streler, Joh. (Ulmensis), 165.
          <lb/>1481, 2, 9, 1495, 1510, 1539, 1598,
          <lb/>1624, 1663, 5, 1734, 1760, 1766,
          <lb/>Striedbeck (sculpsit), 156, 297, 938,
          <lb/>1851, 1869, 1870, 1881, 1907, 8, 9,
          <lb/>1063, 1880, 2383.
          <lb/>1960, 6, 1977, 2013, 2022, 2047,
          <lb/>Strigelius, Victorinus, 2194.
          <lb/>2089, 2105, 6, 2132, 2143, 2230,
          <lb/>Strobel, A. W., 2027.
          <lb/>2247, 2289,2292, 9, 2303, 2340,
          <lb/>Strobel, Georg Theodor, 679, 1178,
          <lb/>2354, 6, 7, 2360, 5, 2387, 2394, 6,
          <lb/>1556, 1600, 1896.
          <lb/>2429, 2436, 2463, 2481, 2513, 4,
          <lb/>Ströbelin, Joh. (Sacerdos anc. poss.),
          <lb/>2523, 4, 8.
          <lb/>162.
          <lb/>Strohsack, Joh. (Husner ?).
          <lb/>Strasbourg, Jadis Bibliothèque, 6, 52,
          <lb/>Stromberger, Th., 30.
          <lb/>4, 7, 60, 4, 5, 95, 104, 106, 127, 8, 130,
          <lb/>Stromer, Henricus (Aurbachii medi¬
          <lb/>2,5, 145, 146, 166, 187, 190, 231, 251,
          <lb/>cinae doctor, 1518), 598, 2195.
          <lb/>4, 323, 336, 469, 471, 543, 560,
          <lb/>Stromer, Udalricus, 1208.
          <lb/>639, 644, 664, 674, 5, 705, 9, 718,
          <lb/>721, 4, 7, 734, 830, 1, 8, 948, 956,
          <lb/>Stubenrauch, Herberth (Berlin 1924),
          <lb/>962, 5, 9, 973, 4, 6, 7, 980, 2, 4,
          <lb/>1798.
          <lb/>995, 1002, 4, 5, 1024, 1035, 7, 1051,
          <lb/>Stubenvoll, Eug. (Strasbourg-Meinau,
          <lb/>1058, 1126, 1132, 4, 5, 1155, 6,
          <lb/>anc. poss.), 2360.
          <lb/>1166, 1206, 8, 1262, 1331, 1349,
          <lb/>Stuber, A., 284, 5, 400, 552, 760,
          <lb/>1387, 9, 1407, 1458, 1495, 1574,
          <lb/>1522, 1524.
          <lb/>Sturm, Caspar (genannt Erenhalt),
          <lb/>1593, 1608, 1627, 1631, 3, 6, 1739,
          <lb/>1743, 6, 1795, 1800, 1826, 1848,
          <lb/>2065, 2196 7.
          <lb/>Sturm, Fridericus, 1274, 2349.
          <lb/>1850, 6, 1871, 8, 1890, 3, 1911,
          <lb/>Sturm, Guillaume, 1536, 1544.
          <lb/>1925, 1957, 9, 1966, 1975, 1985,,
          <lb/>2021, 2047, 2053, 2062, 2192, 2244,
          <lb/>Sturm, Hugo, 584.
          <lb/>2250, 8, 9, 2260, 3, 2283, 5, 2337,
          <lb/>Sturm, Jacobus, 187, 190, 283, 361,
          <lb/>2344, 7, 2354, 2360, 2, 2369, 2373,
          <lb/>441, 518, 797, 991, 1270, 1, 4,
          <lb/>2395, 6, 2406, 2415, 7, 2430, 2, 9,
          <lb/>1687, 2071, 2202, 9, 2210, 2349,
          <lb/>2471, 2485, 2501, 2527.
          <lb/>2482.
          <lb/>Sturm, Jean, 75, 77, 78, 80,81, 88, 182,
          <lb/>Strasbourg, Bibl. du Grand Séminaire,
          <lb/>229, 391, 407, 409, 422, 486, 503-
          <lb/>111, 124, 130, 270, 296, 336, 668, 928,
          <lb/>506, 509-518, 521-535, 539, 661, 2,
          <lb/>949, 953, 7, 8, 961, 4, 5, 9, 970, 2,
          <lb/>699, 797, 801, 803, 806, 820, 885,
          <lb/>976-979, 982, 4, 6, 1035, 1136,
          <lb/>1020, 1034, 1075, 6, 1141, 2, 1146-
          <lb/>1209, 1489, 1500a, 1582, 1821,
          <lb/>50, 1169, 1193, 1353, 4, 1473, 9,
          <lb/>1856, 1876, 2259, 2325, 2334, 2474,
          <lb/>1497, 1536, 1544, 1562, 1668, 1735,
          <lb/>8, 2480, 9, 2497.
          <lb/>1903, 1970, 2092-97, 2142, 2178,
          <lb/>Strasbourg, Faculté de médecine, 51,
          <lb/>2198-2242, 2292, 2333, 2402.
          <lb/>114, 289, 294, 7, 301, 330, 569,
          <lb/>Sturm, Martinus, 2476, 2480.
          <lb/>678, 9, 931, 1000, 1168, 1170,
          <lb/>1497, 1640, 1778, 1781, 1806, 1880,
          <lb/>Sturm, Peter (Stettmeister zu Strass¬
          <lb/>2026, 2039, 2164.
          <lb/>burg), 1274, 1703, 4, 2349.
          <lb/>Sturm, Stephan (Strasbourg), 117.
          <lb/>Strasbourg. Voir aussi : Monastères.
          <lb/>Sturm, Véronique, 1756.
          <lb/>Strasbourg (sans nom d’impr.), 66, 92,
          <lb/>Sturz, Joh., 423.
          <lb/>117-119, 125, 6, 206, 359, 360, 374,
          <lb/>Stuttgart, Bibliothèque Roy., 167,
          <lb/>5. 7, 387, 8, 390, 395, 449, 579,
          <lb/>261, 2, 3, 310, 326, 7, 9, 705, 720,
          <lb/>580-584, 603, 623, 655, 667, 2068,
          <lb/>741, 2, 9, 750, 8, 948, 1139, 1265,
          <lb/>2089, 2137, 8, 2174, 2196, 7, 2232,
          <lb/>1738, 1793, 2213, 2268, 2283, 2362.
          <lb/>2257, 2275, 2316, 2331, 2348, 9,
          <lb/>Stynna, Joh. de, 2243.
          <lb/>2391, 2, 2404, 2405, 2410, 2451, 1 Sudhoff, 1779.
        </p>
      </div>
    </body>
  </text>
</TEI>
