<?xml version='1.0' encoding='UTF-8'?>
<?xml-model href="https://raw.githubusercontent.com/OpenITI/tei_openiti/master/tei_openiti.rng" type="application/xml" schematypens="http://relaxng.org/ns/structure/1.0"?>
<?xml-model href="https://raw.githubusercontent.com/OpenITI/tei_openiti/master/tei_openiti.rng" type="application/xml" schematypens="http://purl.oclc.org/dsdl/schematron"?>
<TEI xmlns="http://www.tei-c.org/ns/1.0">
  <teiHeader>
    <fileDesc>
      <titleStmt>
        <title/>
      </titleStmt>
      <publicationStmt>
        <p/>
      </publicationStmt>
      <sourceDesc>
        <p/>
      </sourceDesc>
    </fileDesc>
    <profileDesc>
      <calendarDesc>
        <calendar xml:id="ah">
          <p>Anno Hegirae</p>
        </calendar>
      </calendarDesc>
    </profileDesc>
    <xenoData xml:space="preserve">
CREATED: 2024-04-11T12:20:02.782421+00:00
CREATED BY: eScriptorium vpassthistobuildcmd
IMAGE FILENAME: A121078-5334.tif
IMAGE WIDTH: 2404
IMAGE HEIGHT: 3846
</xenoData>
  </teiHeader>
  <text>
    <body>
      <div>
        <p>
          <lb/>1644
          <lb/>GPB (GK) — Gesamtkatalog der Preussischen Bibliotheken. Vol. I-VIII.
          <lb/>(A partir de vol. IX :) GK = Deutscher Gesamtkatalog ; Vol. Ix-XIV. —
          <lb/>Berlin 1931-1939.
          <lb/>Graesse — Graesse, J. G. T. ; Trésor des livres rares et précieux. — Dresde 1858/
          <lb/>67. 7 vol.
          <lb/>H et B — Heitz, Paul et K. A. Barack : Elsässische Büchermarken... —
          <lb/>Strassburg 1892.
          <lb/>Hain — Hain, Ludovicus : Repertorium bibliographicum... — Stuttgart-Paris
          <lb/>1828/38.
          <lb/>Hanauer — Hanauer, Auguste : Les imprimeurs de Haguenau. — Strasbourg
          <lb/>1904.
          <lb/>Hartmann — Hartmann, Alfred : Die Amerbachkorrespondenz. Bd. I-IV. —
          <lb/>Basel 1942-53.
          <lb/>Kristeller — Kristeller, Paul : Die Strassburger Bücher-Illustration im XV,
          <lb/>und im Anfang des XVI. Jahrhunderts. Diss. Leipzig-Leipzig 1888.
          <lb/>Kuczinski — Kuczynski, Arnold : ... Verzeichnis einer Sammlung von nahe-zu
          <lb/>3000 Flugschriften Luthers und seiner Zeitgenossen... — Leipzig 1870.
          <lb/>Mentz — Mentz, Ferdinand: Bibliographische Zusammenstellung der gedruck¬
          <lb/>ton Schriften Butzers. — Strassburg 1891.
          <lb/>Nagler — Nagler, Georg : Die Monogrammisten... — München 1858-79 5 vol.—
          <lb/>Index général.
          <lb/>Panzer — Panzer, G. W. Fr. : Annalen der alteren deutschen Literatur... —
          <lb/>Nürnberg 1788-1802.
          <lb/>Proctor — Proctor, Robert: An Index to the early books in the British Museum
          <lb/>from the invention of printing to the year 1500. Sectio I : Germany; 1500¬
          <lb/>1520. London 1903.
          <lb/>Ritter BM — Ritter, François : Catalogue des livres du xve et du xVIe siècle de
          <lb/>la Bibliothèque Municipale de Strasbourg. — Strasbourg 1948.
          <lb/>Ritter Rép. — Ritter, François : Répertoire bibliographique des livres imprimés
          <lb/>en Alsace au xVIe siècle de la Bibliothèque Nationale de Strasbourg. —
          <lb/>Strasbourg 1932-1956, 4 vol.— table alphabétique de 60 pp.
          <lb/>Schmidt Rép. — Schmidt, Charles: Répertoire bibliographique Strasbourgeois
          <lb/>jusque vers 1530. — Strasbourg 1891-96; 8 vol.
          <lb/>Schottenloher — Schottenloher, Karl : Bibliographie zur deutschen Geschichte
          <lb/>im Zeitalter der Glaubenspaltung. 1517-1585. — Leipzig 1933-1940; 6 vol.
          <lb/>Silvestre = Silvestre, M. L. C. : Marques tvpographiques de la France. —
          <lb/>Paris 1867; 2 vol.
          <lb/>Sitzmann — Sitzmann, Fr. Ed. : Dictionnaire de biographie des hommes
          <lb/>célèbres de l’Alsace. — Rixheim 1909; 2 vol.
          <lb/>Stehlin — Stehlin, Karl : Regesten zur Geschichte des Buchdrucks... (Archiv
          <lb/>für Geschichte des deutschen Buchhandels. Bd. I (1888) S. 5-182 und 1889
          <lb/>.6-70; 1501-1520: Bd. 14 (1891), s. 19-98. — Leipzig 1889-1891.
          <lb/>Vogeleis = Vogeleis, Martin : Quellen und Bausteine zu einer Geschichte der
          <lb/>Musik und des Theaters im Elsass; 500-1800. — Strassburg 1911.
          <lb/>Wackernagel — Wackernagel, Philipp: Das deutsche Kirchenlied von der
          <lb/>ältesten Zeit bis zu Anfang des 17. Jahrhunderts. — Leipzig 1864-77; 5 vol.
          <lb/>Walter — Walter, Joseph : Catalogue général de la Bibliothèque Municipale
          <lb/>de la ville de Sélestat. P. 111 : Incunables et xVIe siècle. — Colmar 1929.
          <lb/>onale
          <lb/>Surasbeurd
        </p>
      </div>
    </body>
  </text>
</TEI>
