<?xml version='1.0' encoding='UTF-8'?>
<?xml-model href="https://raw.githubusercontent.com/OpenITI/tei_openiti/master/tei_openiti.rng" type="application/xml" schematypens="http://relaxng.org/ns/structure/1.0"?>
<?xml-model href="https://raw.githubusercontent.com/OpenITI/tei_openiti/master/tei_openiti.rng" type="application/xml" schematypens="http://purl.oclc.org/dsdl/schematron"?>
<TEI xmlns="http://www.tei-c.org/ns/1.0">
  <teiHeader>
    <fileDesc>
      <titleStmt>
        <title/>
      </titleStmt>
      <publicationStmt>
        <p/>
      </publicationStmt>
      <sourceDesc>
        <p/>
      </sourceDesc>
    </fileDesc>
    <profileDesc>
      <calendarDesc>
        <calendar xml:id="ah">
          <p>Anno Hegirae</p>
        </calendar>
      </calendarDesc>
    </profileDesc>
    <xenoData xml:space="preserve">
CREATED: 2024-04-11T12:19:53.639726+00:00
CREATED BY: eScriptorium vpassthistobuildcmd
IMAGE FILENAME: A121078-5127.tif
IMAGE WIDTH: 2346
IMAGE HEIGHT: 3854
</xenoData>
  </teiHeader>
  <text>
    <body>
      <div>
        <p>
          <lb/>Hubria
          <lb/>lmnop?
          <lb/>orgpbilceua
          <lb/>E
          <lb/>ralli
          <lb/>8
          <lb/>M
          <lb/>caiuis
          <lb/>Noromo
          <lb/>EU
          <lb/>Care
          <lb/>6
          <lb/>5
          <lb/>6
          <lb/>ruo
          <lb/>12
          <lb/>8
          <lb/>Ne bitria so
          <lb/>1435
          <lb/>uuis
          <lb/>ObITeTTI
        </p>
      </div>
    </body>
  </text>
</TEI>
