<?xml version='1.0' encoding='UTF-8'?>
<?xml-model href="https://raw.githubusercontent.com/OpenITI/tei_openiti/master/tei_openiti.rng" type="application/xml" schematypens="http://relaxng.org/ns/structure/1.0"?>
<?xml-model href="https://raw.githubusercontent.com/OpenITI/tei_openiti/master/tei_openiti.rng" type="application/xml" schematypens="http://purl.oclc.org/dsdl/schematron"?>
<TEI xmlns="http://www.tei-c.org/ns/1.0">
  <teiHeader>
    <fileDesc>
      <titleStmt>
        <title/>
      </titleStmt>
      <publicationStmt>
        <p/>
      </publicationStmt>
      <sourceDesc>
        <p/>
      </sourceDesc>
    </fileDesc>
    <profileDesc>
      <calendarDesc>
        <calendar xml:id="ah">
          <p>Anno Hegirae</p>
        </calendar>
      </calendarDesc>
    </profileDesc>
    <xenoData xml:space="preserve">
CREATED: 2024-04-11T12:20:01.632017+00:00
CREATED BY: eScriptorium vpassthistobuildcmd
IMAGE FILENAME: A121078-5315.tif
IMAGE WIDTH: 2416
IMAGE HEIGHT: 3850
</xenoData>
  </teiHeader>
  <text>
    <body>
      <div>
        <p>
          <lb/>1625
          <lb/>Reusner, Nicolaus (Leorinus, Sile¬
          <lb/>Rieger, Joh. Conrad (anc. poss.), 924.
          <lb/>sius, 1584), 930, 1052, 1342, 1999-
          <lb/>Rieger, Urbanus (Philiranus), 961,
          <lb/>965, 978.
          <lb/>2008, 2176.
          <lb/>Reuss Edouard (anc. poss.), 43, 198,
          <lb/>Rietsch, Andreas (impr. Strasbourg),
          <lb/>262, 3, 354, 356, 363, 404, 405, 407-
          <lb/>821.
          <lb/>414, 763, 924, 1288, 1322, 4, 1327-
          <lb/>Riff (Ryff), Walter (Apollinarius Quin¬
          <lb/>29, 1453, 1507, 8, 1665, 1804, 1933,
          <lb/>tus), 30, 1, 587, 1405, 2030-2046.
          <lb/>1942, 7, 1953, 2057, 2079, 2120,
          <lb/>Rigelius, JJoh. (Meiningensis), 452.
          <lb/>2270, 2298, 9, 2300, 1, 3, 6, 8, 9,
          <lb/>Rihel, Josias (impr. Strasbourg), 75,
          <lb/>79-80, 218-220, 316, 399, 422, 480, 4,
          <lb/>2316, 2407, 2525, 6.
          <lb/>515-36, 538, 9, 566, 7, 587, 8, 602,
          <lb/>Reuss, F. A., 1168.
          <lb/>Reuss, Joh. (anno 1566), 2340.
          <lb/>610, 659, 661, 2, 6, 805, 819-21,
          <lb/>Reuss, Sempronius, 1659.
          <lb/>1018-22, 1059-61, 1075-77, 1142,
          <lb/>Reuter, Gottfried (anc. poss. 1626),
          <lb/>1146-49, 1150, 1183, 4, 1200, 1333,
          <lb/>865.
          <lb/>1373, 4, 1401, 1464, 5, 1473, 1484,
          <lb/>Reynhart (Graf zu Hanau, Canonieus,
          <lb/>1580, 1, 1640, 1879, 1886, 2044-46,
          <lb/>Argent.), 1048.
          <lb/>2093-97, 2136, 9, 2140-43, 2190,
          <lb/>Rhegius, Ernestus, 2009.
          <lb/>2211-14, 2216-23, 2233, 2236-42,
          <lb/>Rhegius, Urbanus, 1014, 2010-13.
          <lb/>2261, 2, 2327, 2506.
          <lb/>Rhemnius Fannius, (Palaemonis),
          <lb/>Rihel, Théodose (impr. Strasbourg),
          <lb/>474.
          <lb/>81, 161, 197, 260, 392, 585, 615, 6,
          <lb/>Rhenanus, Beatus, 54, 55, 57, 59, 60,
          <lb/>622, 7, 680-83, 1031, 1040, 1, 1063,
          <lb/>136, 163, 560, 605, 705, 733, 955,
          <lb/>1113-18, 1124, 1185, 6, 1199, 1259,
          <lb/>959, 964, 980, 996, 997, 1037, 1050,
          <lb/>1279-84, 1353, 4, 1375-81, 1558-60,
          <lb/>1562, 1641, 1772, 1774, 1939, 1940,
          <lb/>1496, 1584, 1603, 1739, 1868,
          <lb/>1874, 1890, 1892, 2047, 2154, 2369.
          <lb/>1558-60, 1562, 1641, 1672, 4,
          <lb/>Rhododendrius, Tho. (Pictor), 2486
          <lb/>1938-40, 2084-87, 2129, 2132-35,
          <lb/>Rhomannus, Gallus (Teccensis, Tran¬
          <lb/>2144-52. 2171, 2, 2198, 2297, 8.
          <lb/>2304, 5, 2315, 2507.
          <lb/>sylvanus), 1083.
          <lb/>Rhosellus, Lucius, 401.
          <lb/>Rihel, Wendelin (impr. Strasbourg),
          <lb/>Ribadeneira, Petrus, 2190.
          <lb/>74-77, 87, 8, 91, 101, 2, 211,
          <lb/>Ricardus, Anglicus (medicus, 1581),
          <lb/>213-217, 247-249, 303, 371, 2, 6, 8,
          <lb/>9, 382, 3, 9, 404-411, 413, 444, 8,
          <lb/>2014.
          <lb/>486, 503-513, 561, 3, 4, 5, 617-621,
          <lb/>Ricardus (Norwicensis Episcopus An¬
          <lb/>631, 696, 836, 868, 1015-17, 1030,
          <lb/>glicus), 1750.
          <lb/>1141, 1193, 1222, 1291, 1321, 1337,
          <lb/>Riccius, Bartholomaeus (Lugiensis.
          <lb/>1399, 1415, 1451, 1477, 1577-79,
          <lb/>1535), 2015.
          <lb/>1804, 1904, 6, 1918, 1932, 2057,
          <lb/>Riccius, Vitus (Noricus, anc. poss.
          <lb/>2073, 2091, 2123, 2129-39, 2209,
          <lb/>1563), 1219.
          <lb/>2271, 2282, 2292, 2312, 3, 2323,
          <lb/>Richardus, Joh. (Argentoratensis,
          <lb/>2390, 2499, 2504, 5, 2526.
          <lb/>alias Winkel), 1558-1560.
          <lb/>Rihel, Wendelin (Diaconus ecclesiae
          <lb/>Richart, Paulus (Hagenoensis, 1525),
          <lb/>2371.
          <lb/>Argentinae), 1663.
          <lb/>Rihel frères (impr. Strasbourg), 78,
          <lb/>Richolt, Gerg. (anc. poss. 1555), 2041.
          <lb/>Richter, Epp., 2165.
          <lb/>514, 2092, 2210.
          <lb/>Rihel, héritiers, 78.
          <lb/>Richter, H. (Strasbourg, don 1908)
          <lb/>Rimicius, 98.
          <lb/>1602.
          <lb/>Ringlin, Jacob, 1736.
          <lb/>Richter, Julius (Berlin, anc. poss.
          <lb/>Ringmann (Philesius, 121, 464, 543,
          <lb/>1871), 2132.
          <lb/>635-37, 668, 9, 830, 947, 8, 950,
          <lb/>Rickel. Voir : Dionysius von Rickel.
          <lb/>1882, 3, 2367, 2406, 2471, 8, 9,
          <lb/>Riedel (Pasteur à Lubeck, don 1877),
          <lb/>2480, 4, 7, 2493, 2527.
          <lb/>1477.
          <lb/>Rioem, Wolf. And. (anc. poss.), 778.
          <lb/>Riedesel, Adolf Hermann (Eysenbach,
          <lb/>Risenberger (Liegnitz, Schlesien, anc.
          <lb/>Erbmarschallk zu Hessen), 151,
          <lb/>poss.), 1116, 1281.
          <lb/>1122.
          <lb/>Ritelius (?) Joh. (anc. poss.), 1899.
          <lb/>Riedrer, Fridericus (von Mülhusen in
          <lb/>Hegow), 2016-18.
          <lb/>Ritter, Fr. : Cat. BM Strasbourg 1776,
          <lb/>7, 1964, 6, 7, 1974, 7, 1985, 8, 1996,
          <lb/>Riegel (avocat Fribourg, anc. poss.
          <lb/>2005, 2008, 2013, 7, 2021, 7, 9.
          <lb/>1871), 536.
          <lb/>2042, 3, 8, 2053, 2060, 2070, 7.
          <lb/>Rieger (Amoenitates Friburg.), 2472,
          <lb/>2090, 3, 2115, 2125, 9, 2143, 6, 8,
          <lb/>2481, 2493, 2496.
        </p>
      </div>
    </body>
  </text>
</TEI>
