<?xml version='1.0' encoding='UTF-8'?>
<?xml-model href="https://raw.githubusercontent.com/OpenITI/tei_openiti/master/tei_openiti.rng" type="application/xml" schematypens="http://relaxng.org/ns/structure/1.0"?>
<?xml-model href="https://raw.githubusercontent.com/OpenITI/tei_openiti/master/tei_openiti.rng" type="application/xml" schematypens="http://purl.oclc.org/dsdl/schematron"?>
<TEI xmlns="http://www.tei-c.org/ns/1.0">
  <teiHeader>
    <fileDesc>
      <titleStmt>
        <title/>
      </titleStmt>
      <publicationStmt>
        <p/>
      </publicationStmt>
      <sourceDesc>
        <p/>
      </sourceDesc>
    </fileDesc>
    <profileDesc>
      <calendarDesc>
        <calendar xml:id="ah">
          <p>Anno Hegirae</p>
        </calendar>
      </calendarDesc>
    </profileDesc>
    <xenoData xml:space="preserve">
CREATED: 2024-04-11T12:19:58.066234+00:00
CREATED BY: eScriptorium vpassthistobuildcmd
IMAGE FILENAME: A121078-5242.tif
IMAGE WIDTH: 2384
IMAGE HEIGHT: 3858
</xenoData>
  </teiHeader>
  <text>
    <body>
      <div>
        <p>
          <lb/>1552
          <lb/>Additiones he sunt. Epistola Enee siluij de litterarum
          <lb/>studijs.Ex Lactantio quedam pulcerrima.Epistola
          <lb/>Vimphelingij.Responsiva Volfij.Carmen Philomusi de
          <lb/>nocte : vino &amp;amp; muliere. ! Moralitates Vimphelingij. !! Sententie
          <lb/>morales ex Francisco Petrarcha.Epithaphia quaedam in
          <lb/>Joannem dalburgium episcopum wormaciensem. Et alia
          <lb/>quaedam passim inserta.
          <lb/>Ad ludimagistros, pedagogos gym-( nosophistas Gallinarij
          <lb/>Exastichon. (3 dist. latins.)
          <lb/>A la fin : Impressum in Hagenaw per industrium calcogra¬
          <lb/>phum Henricum gran inibi incolam impensis &amp;amp; sum-ptibus
          <lb/>prouidi Joanis Knoblauch ciuis inclytae ur-bis Argentinensis.
          <lb/>Anno salutis nostrae, 1508, ipsa vigilia Matthei apostoli &amp;amp;
          <lb/>euangelistae.
          <lb/>In-4°, car. goth., 4 ff. non ch., LXXX ff. ch., titre courant, notes
          <lb/>marg., init. d’attente; 3 grav. comme au n° 2471.
          <lb/>Dédicace, distiques, etc., comme au n° 2471.
          <lb/>La première édition a été imprimée en 1505.
          <lb/>&amp;quot;R. 101.064. Prov. : Bern. Liebisch, Leipzig, 20/xI, 1888; 6 M.
          <lb/>Ritter, BM Strasbourg, No 2230; Proctor II, Sectio I, N° 11639:
          <lb/>Londres, British Museum; Walter : Sélestat 2417.
          <lb/>2484
          <lb/>WIMPHELING Jacobus
          <lb/>Strasbourg, J. Grüninger, 1508.
          <lb/>Argentinensium Episco-porum Cathalogus : cui eorundem
          <lb/>vita atque certis historijs: rebusque gestis: &amp;amp; illustratione
          <lb/>totius ferè Episcopatus Argen.
          <lb/>Fol. LXIX recto: Ioannes Grieninger: Ciuis Argentinensis:
          <lb/>formis excussit! Anno natalium christianorum : millesimo
          <lb/>supra quingen-tesimum octauo. Die vero undetrigesima
          <lb/>Mensis Augusti.Castigationibus Ioanne Adelpho Mülingo
          <lb/>Argentinen- ] si. &amp;amp; Geruasio Souphero brisgoico.
          <lb/>In-8°, car. rom. et goth., LXX ff. ch., grav. au verso du titre (haut : 85,
          <lb/>large : 95 mm.) : l’évêque Guillaume assis, à sa droite 2 seigneurs, à sa
          <lb/>gauche 2 chanoines, à ses pieds Wimpheling présentant son livre, notes
          <lb/>marg., titre courant, init. J, A, F.
          <lb/>R. 102.338. Prov. inconnue. A l’intérieur du Ier plat : ex-libris, avec
          <lb/>la devise : « Non omnibus idem est quod placet». Petron. Fragm. Au bas
          <lb/>de l’ex-libris : « Ex libris Bibliothecae D. Zach. Conr. ab Uffenbach.
          <lb/>M. F. ».
          <lb/>2e ex. R. 102.339. Prov. Bibl. Ch. Schmidt. Au haut du titre : Collegij
          <lb/>Molshemensis Societatis Jesu. Notes mss. dans le texte et surtout vers la
          <lb/>fin du livre. Prix annoté au crayon 9 M.
          <lb/>Schmidt I, No 92 : Bâle, jadis Bibl. de Strasbourg Incun. No 4887,
          <lb/>exemplaire personnel et BM Sélestat; de même Walter: Sélestat, No 2442.
          <lb/>Knepper, Wimpfeling, p. 228-235.
          <lb/>2485
        </p>
      </div>
    </body>
  </text>
</TEI>
