<?xml version='1.0' encoding='UTF-8'?>
<?xml-model href="https://raw.githubusercontent.com/OpenITI/tei_openiti/master/tei_openiti.rng" type="application/xml" schematypens="http://relaxng.org/ns/structure/1.0"?>
<?xml-model href="https://raw.githubusercontent.com/OpenITI/tei_openiti/master/tei_openiti.rng" type="application/xml" schematypens="http://purl.oclc.org/dsdl/schematron"?>
<TEI xmlns="http://www.tei-c.org/ns/1.0">
  <teiHeader>
    <fileDesc>
      <titleStmt>
        <title/>
      </titleStmt>
      <publicationStmt>
        <p/>
      </publicationStmt>
      <sourceDesc>
        <p/>
      </sourceDesc>
    </fileDesc>
    <profileDesc>
      <calendarDesc>
        <calendar xml:id="ah">
          <p>Anno Hegirae</p>
        </calendar>
      </calendarDesc>
    </profileDesc>
    <xenoData xml:space="preserve">
CREATED: 2024-04-11T12:20:02.341039+00:00
CREATED BY: eScriptorium vpassthistobuildcmd
IMAGE FILENAME: A121078-5328.tif
IMAGE WIDTH: 2402
IMAGE HEIGHT: 3842
</xenoData>
  </teiHeader>
  <text>
    <body>
      <div>
        <p>
          <lb/>1638
          <lb/>Vicentius (Venetus), 1637.
          <lb/>Volmar, Hans (Rotweil), 1307.
          <lb/>Vidamus, Carnutensis, 663.
          <lb/>Volmer, Melchior, 404.
          <lb/>Viederbacher, J. (Antiquaire, Kemp
          <lb/>Volscius, Daniel (anc. poss. 1611), 15.
          <lb/>près Schwaz, anc. poss.), 2156.
          <lb/>Volz, Paul (abbas Curiae Hugonis),
          <lb/>Vielteld, Jacobus, 249, 300. 501, 1012,
          <lb/>738, 752, 762, 3, 7.
          <lb/>1399, 2408.
          <lb/>Volz, Paul (frater Offenburgii coeno¬
          <lb/>Vienne. Voir : Wien.
          <lb/>Vigerius, Marcus, 826.
          <lb/>bitae Schutterani), 1983, 4.
          <lb/>Voemel, D., 1146.
          <lb/>Vigilius, Joh. (Vangionum ecclesiae
          <lb/>Von der Hardt, 1223.
          <lb/>canonicus 1589), 951, 4, 1239.
          <lb/>Von Hagen (Indagine), 1264.
          <lb/>Vigor S., 3.
          <lb/>Voss, Rodolphus, (anc. poss.), 2251.
          <lb/>Villanova, Arnoldus de, 2366, 2409.
          <lb/>Vossius, 2129.
          <lb/>Villicus, Jacobus, 2073.
          <lb/>Vuillemey, Pierre (anc. poss. 1670),
          <lb/>Villinger, Jacob, de Schoenenberg,
          <lb/>213.
          <lb/>941.
          <lb/>Vincentius Ferrerius (frater Ord. prae¬
          <lb/>dicatorum), 2410.
          <lb/>Virdung, Paul (Kittingensis), 1065,
          <lb/>1085, 1414, 1652.
          <lb/>Waechter, C. G. (Dr., Leipzig, anc.
          <lb/>poss. 1836), 2277.
          <lb/>Virgile, 685, 694, 902, 974, 1029,
          <lb/>Wacker. Voir : Vigilius.
          <lb/>1121, 1331, 1372, 2408, 2411-2423.
          <lb/>Virunius, Ponticus, 1391.
          <lb/>Wackernagel (Nachlass, anc. poss.),
          <lb/>Vischer, Cornelius (monogr. CV), 2297.
          <lb/>792, 882, 1357.
          <lb/>Vitellius, Erasmus (episcopus), 191.
          <lb/>Wackernagel, Phil, 1938.
          <lb/>Viterius, Pétrus, 712, 7, 725, 740,
          <lb/>Wackernagel, Th., 1936.
          <lb/>748, 782.
          <lb/>Wagner, Franciscus (anc. poss.), 1552.
          <lb/>Vitruvius, 2030, 2424, 5
          <lb/>Wagner, Valentin (Pastor in Ruchols¬
          <lb/>Vitus, Theodorus (Noribergensis),
          <lb/>heim (?) anno 1575), 1923.
          <lb/>1448, 1949, 1950, 1, 2, 4.
          <lb/>W hinger (impr. Strasbourg), 1201.
          <lb/>Vivaldus, Joh. (de Monte regali,
          <lb/>Waiblingius, Joh. (Maulbrunnensis
          <lb/>ord. Praedicatorum), 2426.
          <lb/>1532), 2294.
          <lb/>Vives, Ludovicus, 75, 78, 80, 616-618,
          <lb/>Walch (Bibl. theologica), 2299.
          <lb/>620, 2427, 8.
          <lb/>Walchius, Quintus (anc. poss. anno
          <lb/>Vogel, Nicolaus, 2441.
          <lb/>1615), 2027.
          <lb/>Voegelin, Gotthart (impr. Heidelberg
          <lb/>1615), 2469.
          <lb/>Walckenaer (anc. poss.), 1959.
          <lb/>Voegelin, Joh. (Heilpronensis, 1528),
          <lb/>Waelckl, Georg (Schulmeister zu
          <lb/>2442.
          <lb/>Strassburg, 1536), 2444.
          <lb/>Vogelwedrius, Petrus (Senator Cra¬
          <lb/>Waldau (Th. Murner), 1600, 1612.
          <lb/>coviensis), 2227.
          <lb/>Walde, R. (Einbeck, Hannover, anc
          <lb/>Vogler, Georgius, 1487.
          <lb/>poss. 1897), 784.
          <lb/>Vogler, Thomas. Voir: Aucuparius.
          <lb/>Waldis, Christophorus, 451.
          <lb/>Vogt, 377, 702, 1554, 7.
          <lb/>Waldsassen. Voir: Monastères.
          <lb/>Vogt (Catal. libr. rar.), 2053, 2129,
          <lb/>Waldshut. Voir: Monastères.
          <lb/>2130.
          <lb/>Waldt, Nicolas (impr. Strasbourg),
          <lb/>Vogt, Cart (anc, poss.), 2173.
          <lb/>457, 2403.
          <lb/>Vogtherr, Henri (impr. Strasbourg),
          <lb/>Wallau, C., 1419.
          <lb/>114, 122, 3, 317-20, 678, 927, 1916,
          <lb/>Wallenrodt, Henricus, 1657.
          <lb/>2309, 2368, 2443.
          <lb/>Walliser, Christophe Thomas, 821.
          <lb/>Voigt (anc. poss.), 211.
          <lb/>Wallung Nicolaus (Landaviensis), 455.
          <lb/>Voigt (Lat. libr. rar. ad 1793), 2299.
          <lb/>Walmoden. Voir: Thedel von Walmo¬
          <lb/>Volaterranus, 152.
          <lb/>den.
          <lb/>Volcker, K. Th. (Francfort-s.-M.,
          <lb/>Waltberg, Georgius, 696.
          <lb/>anc. poss. 1880), 4, 15, 73, 90, 140,
          <lb/>Walter, BM. Sélestat, 32, 55, 47, 93,
          <lb/>141, 161, 235, 7, 300, 422, 754,
          <lb/>105, 106, 115, 124, 130, 4, 137,
          <lb/>793, 849, 868, 898, 1062, 5, 1081,
          <lb/>156, 165, 187, 9, 190, 1, 198, 257,
          <lb/>1100, 1183, 1299, 1310, 1342, 1376,
          <lb/>331, 346, 9, 350-352, 356, 361, 366¬
          <lb/>1380, 1534,1962, 1996, 2024, 2117,
          <lb/>368, 372, 3, 376-78, 383, 4, 391,
          <lb/>2297, 2346, 2389.
          <lb/>402, 420, 440, 469, 477, 597, 608,
          <lb/>Volckmann (Rostock, anc. poss.
          <lb/>634, 656, 703, 713, 9, 721, 830, 8.
          <lb/>1893), 1533.
          <lb/>875, 941, 5, 9, 950, 954-58, 961, 3,
        </p>
      </div>
    </body>
  </text>
</TEI>
