<?xml version='1.0' encoding='UTF-8'?>
<?xml-model href="https://raw.githubusercontent.com/OpenITI/tei_openiti/master/tei_openiti.rng" type="application/xml" schematypens="http://relaxng.org/ns/structure/1.0"?>
<?xml-model href="https://raw.githubusercontent.com/OpenITI/tei_openiti/master/tei_openiti.rng" type="application/xml" schematypens="http://purl.oclc.org/dsdl/schematron"?>
<TEI xmlns="http://www.tei-c.org/ns/1.0">
  <teiHeader>
    <fileDesc>
      <titleStmt>
        <title/>
      </titleStmt>
      <publicationStmt>
        <p/>
      </publicationStmt>
      <sourceDesc>
        <p/>
      </sourceDesc>
    </fileDesc>
    <profileDesc>
      <calendarDesc>
        <calendar xml:id="ah">
          <p>Anno Hegirae</p>
        </calendar>
      </calendarDesc>
    </profileDesc>
    <xenoData xml:space="preserve">
CREATED: 2024-04-11T12:19:57.652260+00:00
CREATED BY: eScriptorium vpassthistobuildcmd
IMAGE FILENAME: A121078-5235.tif
IMAGE WIDTH: 2388
IMAGE HEIGHT: 3860
</xenoData>
  </teiHeader>
  <text>
    <body>
      <div>
        <p>
          <lb/>1545
          <lb/>pro!! pria in persona ibidem compa!! reat : propterea quod scripsit!!
          <lb/>diuum Augustinum!! non fuisse mona II chum vel fra Il trem men!I¬
          <lb/>dicantem (Verso blanc) ; fol. Aija : ... Philippo de Duno !! et lapide supe¬
          <lb/>riori, nobilissimae Argentinensis!! ecclesiae Preposito... Iaco wymphe...
          <lb/>Fol. Aiija: Ad Julium secundum pon!! tificem maximum contra indignam
          <lb/>Fratrum Augustinensium accusationem!! Elegia hecatosticha Iacobi
          <lb/>wimphelingij (50 dist.).
          <lb/>R. 101.065. Prov. : Don de la ville de Heilbronn, 1871.
          <lb/>2e ex. R. 101.354. Prov. : Don de la BU de Munich, I0/VII, 1877.
          <lb/>3e ex. R. 101.456. Prov. : Bibl. Böcking avec annotations mss. de la main
          <lb/>de Böcking, au verso du f. de garde : « 1505. Riegger Amoenitates litter.
          <lb/>Friburg. I, p. 260-263. Freytag, Apparat. litterar. I, p. 171-174. Erhard,
          <lb/>Geschichte des Wiederaufblüh. wstl. Bildung. Magdebourg 1827-8.
          <lb/>Thl. I, p. 400, N° 26. Ein anderes Exemplar dieser Apologetica declaratio
          <lb/>ist dem zweiten Drucke von Wimpfeling de integritate, der sich auch in
          <lb/>meiner Sammlung befindet, beigebunden».
          <lb/>Ritter, BM Strasbourg, n° 2221.
          <lb/>Schmidt VII, N° 15, Knepper, Wimpfeling, p. 189-191. 2472
          <lb/>WIMPHELING Jacobus
          <lb/>Strasbourg, M. Hupfuff, 1505
          <lb/>Iacobi wimpfe (] lingij de arte metrifican-d. Libellus.
          <lb/>Tetrastichon Johannis Adelffi. [I Ad lectorem. (2 dist.) (Verso
          <lb/>blanc.)
          <lb/>A la fin: Impressum per Mathiam hupfuff civem Argenti¬
          <lb/>nensem. (Verso blanc.)
          <lb/>In-4°, car. goth., 12 ff. non ch., sign. A-B, init. ornées J, P et init.
          <lb/>d’attente.
          <lb/>A la fin, avant l’explicit, Conclusiuncula Johannis adelffi Argentinen¬
          <lb/>sis... — Ex Argentoraco die. xviij. !] mensis Julij Anno huius seculi
          <lb/>quinto supra quindecentesimum (11 lignes).
          <lb/>&amp;quot;R. 101.629. Proy. : Don de la ville de Heilbronn, 1871.
          <lb/>Schmidt (V, N° 40), Knepper, Wimpfeling, p. 27.
          <lb/>2473
          <lb/>WIMPHELING Jacobus
          <lb/>Strasbourg, J. Knobloch, 1505
          <lb/>Jacobi Wimphelingi De Integritate Libellus. Endeca¬
          <lb/>syllabicon ad lectorem. (3 dist.)
          <lb/>A la fin : Joannes Knoblouch Ciuis Argentinen. Il ex Archy¬
          <lb/>tipo imprimebat Anno quingen tesimoquinto supra mille¬
          <lb/>simum. iij. no. Mar.
          <lb/>In-4°, car. goth., 30 ff. non ch. dont le dernier blanc, sign. A-D, titre
          <lb/>courant, init. d’attente.
          <lb/>Au verso du titre : Capita in libellum.
          <lb/>fol. A 2b. Thomas wolfius iunior. D. doctor suo!! Joanni Gallinario
          <lb/>budorino Salutem... — Argen, ex Edibus nostris cursim Pri-I! die Kal.
          <lb/>Februarij : Anno Christi Mecccy (faute pour Meccce V.).
          <lb/>fol. D 4b : Conclusio cum Epilogo... — Ex heremitorio diui Guilhermi
          <lb/>in suburbano Fri-I! burgensi : Anno salutis nostre. M. d. v.
          <lb/>fol. D 5a : Philomusus Jacobo suo Vuimphelingo. S.
          <lb/>Au verso: De Concubinis acquirendis hanc Keyserszbergij!] sententiam
        </p>
      </div>
    </body>
  </text>
</TEI>
