<?xml version='1.0' encoding='UTF-8'?>
<?xml-model href="https://raw.githubusercontent.com/OpenITI/tei_openiti/master/tei_openiti.rng" type="application/xml" schematypens="http://relaxng.org/ns/structure/1.0"?>
<?xml-model href="https://raw.githubusercontent.com/OpenITI/tei_openiti/master/tei_openiti.rng" type="application/xml" schematypens="http://purl.oclc.org/dsdl/schematron"?>
<TEI xmlns="http://www.tei-c.org/ns/1.0">
  <teiHeader>
    <fileDesc>
      <titleStmt>
        <title/>
      </titleStmt>
      <publicationStmt>
        <p/>
      </publicationStmt>
      <sourceDesc>
        <p/>
      </sourceDesc>
    </fileDesc>
    <profileDesc>
      <calendarDesc>
        <calendar xml:id="ah">
          <p>Anno Hegirae</p>
        </calendar>
      </calendarDesc>
    </profileDesc>
    <xenoData xml:space="preserve">
CREATED: 2024-04-11T12:20:00.060653+00:00
CREATED BY: eScriptorium vpassthistobuildcmd
IMAGE FILENAME: A121078-5287.tif
IMAGE WIDTH: 2438
IMAGE HEIGHT: 3860
</xenoData>
  </teiHeader>
  <text>
    <body>
      <div>
        <p>
          <lb/>1597
          <lb/>Flaccius, Math. Illiricus, 846, 867,
          <lb/>Franciscus II (Dux Mediolanensium),
          <lb/>1122, 1904.
          <lb/>428, 429.
          <lb/>Flach, Martin père, 822, 1626.
          <lb/>Franciscus (Praepositus S. Salvatoris
          <lb/>Pollingen, anc. poss. anno 1744),
          <lb/>Flach, Martin (fils), impr. Strasbourg,
          <lb/>1835.
          <lb/>1, 4, 5, 7, 8, 16, 27, 61, 234, 241-3,
          <lb/>François I, roi de France, 1326.
          <lb/>342, 427, 773, 1003, 1047, 1067,
          <lb/>François II, roi de France, 1069, 2425.
          <lb/>1155, 6, 1302, 1491, 1565, 1603,
          <lb/>1626, 1746, 1856, 1891, 1915, 1916,
          <lb/>Francus, Joh. (Episcopus Fris., anc.
          <lb/>poss.), 1580.
          <lb/>2182, 2324, 2330, 2462, 2487.
          <lb/>Frankenthal. Voir : Monastères.
          <lb/>Fladt, P. W. I. (anc. poss.), 1762.
          <lb/>Franz (Freiherr zu Kriechingen 1592),
          <lb/>Flaminius, Antonius, 316.
          <lb/>946.
          <lb/>Flamming, Joh. (Boppardiensis eccle¬
          <lb/>Frauenfeld BM, 1738.
          <lb/>siae presbyter), 1036.
          <lb/>Freherus, Paulus, 587.
          <lb/>Flathe (Prof. Meissen), 2129.
          <lb/>Freidekianus (Austriacus), 398.
          <lb/>Flavius, Jos. Voir : Josephus, Flavius.
          <lb/>Freiesleben, E. (Strasbourg, anc. poss.
          <lb/>Fleckenstein, Ludwig von, 1587.
          <lb/>1879), 519, 590-92, 1272, 1286,
          <lb/>Fleckhammer, Georg Christophorus
          <lb/>1747, 8, 1910, 2018, 2075, 2211.
          <lb/>(anc. poss. 1677), 538.
          <lb/>Fremeyn (pharmacien), 937.
          <lb/>Fleiner, Conrad (Oringensis pastor,
          <lb/>Frémy, C. (Paris 1568), 3.
          <lb/>anc. poss. 1628), 1859.
          <lb/>Frenswegen. Voir : Monastères.
          <lb/>Fleischmann, Christian (Pforcensis),
          <lb/>Frey, Caspar, 241.
          <lb/>1084.
          <lb/>Frey, Jacob, 886, 7, 2389a.
          <lb/>Flersheim, Philippus de, 2486.
          <lb/>Frey, Joh., 184, 241.
          <lb/>Flinsbach, 868.
          <lb/>Frey, Sigr. (anc. poss.), 1811.
          <lb/>Fliscus, Stephanus (Soneinensis), 485.
          <lb/>Flitner, Joh. (Strassburger luthe¬
          <lb/>Frey, Sylvestre (Caplanus in Kaisers-
          <lb/>stuhl, anc. poss. 1678), 2179.
          <lb/>rischer Prediger), 1938.
          <lb/>Flores, P., 870.
          <lb/>Freys W., 122, 1303.
          <lb/>Florus, Lucius, 703, 873, 1375, 1377-
          <lb/>Freytag (Analecta libr. rar.), 2270.
          <lb/>Freytag (Apparatus litterar.), 2472.
          <lb/>1379, 1380, 1.
          <lb/>Freyter, L., 1455.
          <lb/>Flösser, Georg Sigismond (anc. poss.
          <lb/>anno 1632), 1427.
          <lb/>Fribourg en Br. BU, 150, 262, 5, 326,
          <lb/>327, 390, 5, 8, 9, 401, 2, 4, 5, 6,7, 9,
          <lb/>Flückiger, F. A. (Bern, anc. poss.
          <lb/>1895), 587, 1138.
          <lb/>418, 9, 425, 6, 8, 429, 536, 540, 3,
          <lb/>4, 5, 6, 7, 8, 9, 553, 672, 705, 7,
          <lb/>Foedericus (Palatinus Rheni, Dux
          <lb/>718, 720, 6, 741, 3, 750, 6, 8, 982,
          <lb/>Bavariae), 1248.
          <lb/>1812, 1983, 4, 2087.
          <lb/>Foilletti, Jacobus, 701, 2024.
          <lb/>Fribourg. Voir : Monastères.
          <lb/>Fontanus, Bonaventura, 1031.
          <lb/>Fricot-Royer (anc. poss.), 2164.
          <lb/>Fontanus, Jacobus, 872, 875.
          <lb/>Foeringer, 442, 502, 1200.
          <lb/>Fridel, Joh. Leonardus (Neoburgen¬
          <lb/>Foernesius (Cardinal), 1804.
          <lb/>sis), 458.
          <lb/>Forsmann, E., 468.
          <lb/>Frider, Petrus (Mindensis), 449, 450,
          <lb/>Forstelius, Georgius (Austriacus), 456.
          <lb/>451, 455.
          <lb/>Forstemann, (Dresden), 882, 1357.
          <lb/>Fridt, Joh. Sebastianus, 1082.
          <lb/>Förstemann (Halle, anc. poss.), 1323.
          <lb/>Friedeshaim, Helmhartus à (Aus¬
          <lb/>Fortis, Joh. (Lovanius), 2427.
          <lb/>trius), 456.
          <lb/>Foucher (Paris 1568), 3.
          <lb/>Friedl, Joh. (Pfarrer zum h. Geist in
          <lb/>Fouilloux, J., 879.
          <lb/>Neuburg, anc. poss. anno 1665),
          <lb/>Francfort s. M., BM, 262, 5, 289,
          <lb/>1992.
          <lb/>Fridericus I (empereur), 1065, 1629,
          <lb/>294, 7, 489, 718, 726, 741, 2.
          <lb/>Franchimont, N. (anc. poss.), 2272.
          <lb/>1739.
          <lb/>Franck, Bernardus (anc. poss.), 401.
          <lb/>Fridericus, Dux Bavariae, 1559, 2004,
          <lb/>Franck, Fabian, 861.
          <lb/>2489.
          <lb/>Franck, I. (sculpsit anno 1691), 1635,
          <lb/>Fridericus (Princeps Norvegiae 1585),
          <lb/>2129.
          <lb/>2001.
          <lb/>Franck, Joh. (Herslebensis), 453.
          <lb/>Fridericus, Comes à Leonstein, Wert¬
          <lb/>Franck, Séb., 882-4.
          <lb/>heim..., 1652, 1797. — Jonanaes
          <lb/>Theodoricus, Comes à Leonstein...,
          <lb/>Franciscus, Valesius, 363.
          <lb/>Franciseus, dux Brunsvicensis, 181,
          <lb/>1652, 1797. — Wolfgangus Ernes¬
          <lb/>1293.
          <lb/>tus, Comes à Leonstein, 1652, 1797.
        </p>
      </div>
    </body>
  </text>
</TEI>
