<?xml version='1.0' encoding='UTF-8'?>
<?xml-model href="https://raw.githubusercontent.com/OpenITI/tei_openiti/master/tei_openiti.rng" type="application/xml" schematypens="http://relaxng.org/ns/structure/1.0"?>
<?xml-model href="https://raw.githubusercontent.com/OpenITI/tei_openiti/master/tei_openiti.rng" type="application/xml" schematypens="http://purl.oclc.org/dsdl/schematron"?>
<TEI xmlns="http://www.tei-c.org/ns/1.0">
  <teiHeader>
    <fileDesc>
      <titleStmt>
        <title/>
      </titleStmt>
      <publicationStmt>
        <p/>
      </publicationStmt>
      <sourceDesc>
        <p/>
      </sourceDesc>
    </fileDesc>
    <profileDesc>
      <calendarDesc>
        <calendar xml:id="ah">
          <p>Anno Hegirae</p>
        </calendar>
      </calendarDesc>
    </profileDesc>
    <xenoData xml:space="preserve">
CREATED: 2024-04-11T12:19:49.326690+00:00
CREATED BY: eScriptorium vpassthistobuildcmd
IMAGE FILENAME: A121078-5021.tif
IMAGE WIDTH: 2372
IMAGE HEIGHT: 3880
</xenoData>
  </teiHeader>
  <text>
    <body>
      <div>
        <p>
          <lb/>fol. 3a : Préface.
          <lb/>R. 100.982. Prov. : BN Munich, 18/xI, 1878; 0.40 M.
          <lb/>Ritter, Catal. BM Strasbourg ne 1883.
          <lb/>2077
          <lb/>Voir : Horning, Wilhelm : Magister Elias Schadaeus, Pfarrer, an der
          <lb/>Ait-St. Peterkirche, Professor der Theologie und Münsterprediger zu
          <lb/>Strassburg. Beitrag zur Geschichte der lutherischen Judenmission in
          <lb/>Strassburg aus unbenutzten Urkunden. Leipzig, W. Faber, 1892, in-8°,
          <lb/>25 p. /= Schriften des Institutum Judaicum in Leipzig, No 31l.
          <lb/>SCHADAEUS Elias
          <lb/>Strasbourg, A. Bertram, 1591
          <lb/>Theses de! nominum impositione,! et! dulcissimo Nomine
          <lb/>iesu... (mot hébreu)Conscriptae &amp;amp; ad disputandum
          <lb/>propositae à M. Elia schadaeo, Ecclesiaste &amp;amp; Professore:
          <lb/>De quibus ipsius iesu gratia disputabitur : !] Praeside eodem,
          <lb/>respondente vero,m. ioanne, thomae i. f.23. Mensis
          <lb/>Ianuarij, tempore &amp;amp; loco! consuetis.
          <lb/>Argentorati! Excudebat Antonius Bertramus. (I M. D. XCI.
          <lb/>(Verso blanc.).
          <lb/>In-4°, car. rom., 12 ff. non ch., sign. A-C, réclames, init. à fig. C.
          <lb/>R. 102.179. Prov. : BM Zurich, 3/1, 1892; sans indication de prix.
          <lb/>Note mss. au bas du titre : D. M. Johanni Buxtorfio.
          <lb/>2078
          <lb/>SCHADAEUS Elias
          <lb/>Strasbourg, Simon Meyer, 1592
          <lb/>Mysterium Das ist,  Geheimnis S. Pauli Röm.am
          <lb/>II. Von bekehrung der Juden, ! auszgelegt und geprediget
          <lb/>zu Strasz-] burg im Münster. Durch !! M. Eliam Schadeum
          <lb/>Ecclesia-stem und Professorem.Sampt andern gleiches
          <lb/>Inhalts nutzlichen Materien. [! So dann auch einem gewissen
          <lb/>Be-!] richt, Von der Juden Teutsch-! Hebreischen Schrifft.
          <lb/>Marque typ. de Simon Meyer. (H. &amp;amp; B. Planche XLIV, n° 2.)
          <lb/>Getruckt zu Straszburg durchSimon Meyer, 1592.
          <lb/>In-8°, car. goth., 72 ff. non ch., sign. A-I, titre courant, réclames.
          <lb/>Au verso du titre : Dem Hochlöblichen!! Hausz Brandenburg... Herrn
          <lb/>Johan Georgen... Und sonderlich Herrn Johan Georgen Postulierten Admi¬
          <lb/>nistratorn desz Stiffts Straszburg und Landgraffen in Elsasz... Datum.
          <lb/>Straszburg Anno Dom. 1592. den 8. Septem: an welchem vor 1519.
          <lb/>Jaren die Herrliche Statt Jerusalem zur straff der verachtung desz Messiae
          <lb/>und seines Euangelij zerstöret. M. Elias Schadeus von Liebenwerd,
          <lb/>ausz dem Churfürstenthum Sachsen, Ecclesiastes zu Straszburg im
          <lb/>Münster und in der Academi der H. Schrifft unnd Hebreischen Sprach
          <lb/>unwirdiger Professor.
          <lb/>R. 102.038 (1). Prov. : Ed. Reuss, Strasbourg, 1891, avec son ex-libris.
          <lb/>Au bas du titre : « Sum ex libris Pauli Jenischii».
          <lb/>2079
          <lb/>SCHADAEUS Elias, Fünf Bücher des Neuen Testaments (en
          <lb/>hébreu). Voir: Testament, das Neue.
          <lb/>Strasbourg, 1592
          <lb/>SCHADAEUS Johannes Jacobus. Voir : Graseccius Paulus, Conclu¬
          <lb/>siones de societate.
          <lb/>Strasbourg, A. Bertram, 1592.
          <lb/>R. 84
          <lb/>1329
        </p>
      </div>
    </body>
  </text>
</TEI>
