<?xml version='1.0' encoding='UTF-8'?>
<?xml-model href="https://raw.githubusercontent.com/OpenITI/tei_openiti/master/tei_openiti.rng" type="application/xml" schematypens="http://relaxng.org/ns/structure/1.0"?>
<?xml-model href="https://raw.githubusercontent.com/OpenITI/tei_openiti/master/tei_openiti.rng" type="application/xml" schematypens="http://purl.oclc.org/dsdl/schematron"?>
<TEI xmlns="http://www.tei-c.org/ns/1.0">
  <teiHeader>
    <fileDesc>
      <titleStmt>
        <title/>
      </titleStmt>
      <publicationStmt>
        <p/>
      </publicationStmt>
      <sourceDesc>
        <p/>
      </sourceDesc>
    </fileDesc>
    <profileDesc>
      <calendarDesc>
        <calendar xml:id="ah">
          <p>Anno Hegirae</p>
        </calendar>
      </calendarDesc>
    </profileDesc>
    <xenoData xml:space="preserve">
CREATED: 2024-04-11T12:19:53.145788+00:00
CREATED BY: eScriptorium vpassthistobuildcmd
IMAGE FILENAME: A121078-5110.tif
IMAGE WIDTH: 2350
IMAGE HEIGHT: 3860
</xenoData>
  </teiHeader>
  <text>
    <body>
      <div>
        <p>
          <lb/>1418
          <lb/>SUMMARI-BUCHLEIN
          <lb/>Sonnen Uhr...
          <lb/>21
          <lb/>Connen 362.
          <lb/>E
          <lb/>21
          <lb/>Ein molgegrunotes
          <lb/>22
          <lb/>G
          <lb/>S
          <lb/>Runstreichs Summari Sucblein/
          <lb/>P
          <lb/>2
          <lb/>*
          <lb/>aller Gonnen Bhiens auffacht ooer pierecfete;
          <lb/>8
          <lb/>E
          <lb/>Stõcflin in uucbsen, Gplinder) pnp auffqut¬z
          <lb/>3
          <lb/>penc Ring/ auch auff Glaf alle mauren! schreg ob̀er?
          <lb/>3
          <lb/>onschregzumachen. Auch mie man alle sthrcge
          <lb/>2
          <lb/>oo
          <lb/>vnd aufschlag der graò an jebem bauf
          <lb/>ober fenstersleichtlich vno ge¬
          <lb/>recht finven folle.
          <lb/>5
          <lb/>5
          <lb/>5
          <lb/>B
          <lb/>2
          <lb/>4
          <lb/>2
          <lb/>22
          <lb/>2
          <lb/>dO
          <lb/>S
          <lb/>Q
          <lb/>2
          <lb/>4 Getrucft ju Gtrafiburg am Romn
          <lb/>marct ben Ghristian Mruliers Erbin¬
          <lb/>5m 5ab, 58 2.
          <lb/>o
          <lb/>A4
          <lb/>OAADINA COINA ROIOAAOATORAGEAA
          <lb/>C6iI261161-6~
          <lb/>Strasbourg, Chr. Müller, hér., 1582
        </p>
      </div>
    </body>
  </text>
</TEI>
