<?xml version='1.0' encoding='UTF-8'?>
<?xml-model href="https://raw.githubusercontent.com/OpenITI/tei_openiti/master/tei_openiti.rng" type="application/xml" schematypens="http://relaxng.org/ns/structure/1.0"?>
<?xml-model href="https://raw.githubusercontent.com/OpenITI/tei_openiti/master/tei_openiti.rng" type="application/xml" schematypens="http://purl.oclc.org/dsdl/schematron"?>
<TEI xmlns="http://www.tei-c.org/ns/1.0">
  <teiHeader>
    <fileDesc>
      <titleStmt>
        <title/>
      </titleStmt>
      <publicationStmt>
        <p/>
      </publicationStmt>
      <sourceDesc>
        <p/>
      </sourceDesc>
    </fileDesc>
    <profileDesc>
      <calendarDesc>
        <calendar xml:id="ah">
          <p>Anno Hegirae</p>
        </calendar>
      </calendarDesc>
    </profileDesc>
    <xenoData xml:space="preserve">
CREATED: 2024-04-11T12:19:54.111825+00:00
CREATED BY: eScriptorium vpassthistobuildcmd
IMAGE FILENAME: A121078-5136.tif
IMAGE WIDTH: 2342
IMAGE HEIGHT: 3854
</xenoData>
  </teiHeader>
  <text>
    <body>
      <div>
        <p>
          <lb/>1444
          <lb/>un apôtre de chaque côté, bordure inférieure, au milieu, résurrection du
          <lb/>Christ, dans les 2 coins un évangéliste.
          <lb/>fol. A 2a : Typographus amico Lectori S. P. D.
          <lb/>R. 100.900. Prov. : Lindner, Strasbourg, 29/1, 1894; 10 M. De
          <lb/>nombreuses annotations mss. dans le texte.
          <lb/>2e exemplaire. R. 100.901, avec variations. Prov. Bibliothèque Édouard
          <lb/>Reuss avec son ex-libris. Il l’avait acheté à Nuremberg chez Herdegen,
          <lb/>mai 1844 pour 75 Pfennig.
          <lb/>2298
          <lb/>TESTAMENTUM NOVUM
          <lb/>Haguenau, Th. Anshelm, 1521
          <lb/>(Feuille de lierre) Novum Testamentum graece.
          <lb/>(Verso blanc.)
          <lb/>A la fin : Hagenoae, in aedibus Thomae Anshelmi Ba densis.
          <lb/>Mense Martio. Anno salutis nostrae M. D. XXI. (Verso
          <lb/>blanc.)
          <lb/>In-4°, car. grecs, 4 ff. non ch., 279 ff. ch., 1 f. non ch., titre courant,
          <lb/>réclames à la fin de chaque feuillet, belles init. à figure N, O, M, R (rouge),
          <lb/>A (rouge), E, E (rouge), T, P, I, M (à moitié renversé), A; de nombreuses
          <lb/>bandes d’ornement au commencement des chapitres.
          <lb/>fol. 2a non chiffré : Nicolaus!! Gerbelius Christi!! anis omnibus!!
          <lb/>foelicita!] tem... — Argentorati (2 pp.).
          <lb/>R. 100.898. Prov. : Don de Butsch fils, Augsbourg, 12/I, 1875. Annota¬
          <lb/>tions mss. dans le texte. Au recto du f. de garde : Georgius Moesch; à
          <lb/>l’intérieur de la couverture, armoiries de l’évêque Jean Egolph; au¬
          <lb/>dessous : Johannes Egolphus!! ex familia nobitium!] a Knoeringen,
          <lb/>Electus!! &amp;amp; confirmatus Episcopus !! Augustanus. Sur une fiche blanche,
          <lb/>collée au f. du titre.: Ad Gerbelii Nov. Test. graece 1521. Die bekannte
          <lb/>Stelle 1 Joh. 5, 7 fehlt auch hier. Editio longe rarissima ad editiones
          <lb/>Frobenianas et Aldinas ita facta ut inter easdem quasi sit media. In
          <lb/>neutrius enim verba jurasse videtur auctor, Erasmi in prima et secunda
          <lb/>N. T. editione apparanda socius et administer. v. Reimann Cat. Bibl. I,
          <lb/>p. 217. Cf. Ebert 22593.
          <lb/>Oxford, Bibl. Bodleiana.
          <lb/>2e ex. R. 102.168. Prov. Bibl. Ed. Reuss (Strasbourg, 1891) avec son
          <lb/>autographe au verso du f. de garde; à côté : « bei Birett in Augsbourg,
          <lb/>Juni 1840, 2 fr. 35». A l’intérieur, ex-libris de Reuss; au-dessus, celui de
          <lb/>Matthias Jacob Adam Steiner. De nombreuses notes mss., entre autres
          <lb/>au f. de garde : « Pluribus de hac editione rarissima disserit Mylius in
          <lb/>Memorabil, biblioth. Academica Jenens [sis). p. 286 sqq. Cf. Voigt, Lat.
          <lb/>libr. rar. ad. 1793, p. 826.
          <lb/>Au-dessous : Editio summae raritatis, qua usus fuit D. Lutherus in
          <lb/>conficienda versione germanica N. T. Vide Solger Bibl. P. 2, p. 6 sqq.
          <lb/>Baumgarten von merkwürdigen Büchern Bd. 1, p. 193 f. Walch, Bibl.
          <lb/>theol. T. 4, p. 15. Besonders aber Giesse hist. Nachricht von der Bibelüber¬
          <lb/>setzung D. M. Luthers Th. 1, p. 70-76... Es ist wohl etwas übertrieben,
          <lb/>dass nicht über 8 Stück mehr von dieser Ausgabe vorhanden sein môchten,
          <lb/>ohnerachtet ihre grosse Seltenheit völlige Richtigkeit hat. Ich habe
          <lb/>ausser diesem Exemplar noch 2 andere gesehen. Eines anno 1781 zu
          <lb/>Frankfurt a. M. auf der Stadtbibliothek, dahin der berühmte H. Rector
          <lb/>Burmann mich zu führen die Gütigkeit hatte und das andere bei H. D.
          <lb/>v. Senior (... unleserlich) dahier in Augsburg. Dieses Exemplar ist aus der
        </p>
      </div>
    </body>
  </text>
</TEI>
