<?xml version='1.0' encoding='UTF-8'?>
<?xml-model href="https://raw.githubusercontent.com/OpenITI/tei_openiti/master/tei_openiti.rng" type="application/xml" schematypens="http://relaxng.org/ns/structure/1.0"?>
<?xml-model href="https://raw.githubusercontent.com/OpenITI/tei_openiti/master/tei_openiti.rng" type="application/xml" schematypens="http://purl.oclc.org/dsdl/schematron"?>
<TEI xmlns="http://www.tei-c.org/ns/1.0">
  <teiHeader>
    <fileDesc>
      <titleStmt>
        <title/>
      </titleStmt>
      <publicationStmt>
        <p/>
      </publicationStmt>
      <sourceDesc>
        <p/>
      </sourceDesc>
    </fileDesc>
    <profileDesc>
      <calendarDesc>
        <calendar xml:id="ah">
          <p>Anno Hegirae</p>
        </calendar>
      </calendarDesc>
    </profileDesc>
    <xenoData xml:space="preserve">
CREATED: 2024-04-11T12:19:52.715990+00:00
CREATED BY: eScriptorium vpassthistobuildcmd
IMAGE FILENAME: A121078-5099.tif
IMAGE WIDTH: 2342
IMAGE HEIGHT: 3846
</xenoData>
  </teiHeader>
  <text>
    <body>
      <div>
        <p>
          <lb/>1407
          <lb/>R. 102.313. Prov. : Bibl. Heitz, Strasbourg.
          <lb/>Annotation mss. fol. B 1b : « Stylus et ratio tractandi, Tuppio hanc
          <lb/>orationem indicat».
          <lb/>Ritter, BM Strasbourg, n° 2014.
          <lb/>2231
          <lb/>STURM Johannes. Voir : CICERO, Orationum volumina tria.
          <lb/>Strasbourg, J. Rihel, 1578
          <lb/>STURM Johannes. Voir: CICERO, Rhetoricorum ad C. Herennium
          <lb/>libri IV.
          <lb/>Strasbourg, J. Rihel, 1578
          <lb/>STURM Johannes
          <lb/>S. l. 1579
          <lb/>D. Ioannis! Sturmii Rectoris!! Argentinensis! Antipappi
          <lb/>Tres, Contra)) D. Ioannis Pappi!] Charitatem et!! Condem¬
          <lb/>nationem Christianam.
          <lb/>Quam multa &amp;amp; varia, praesertim de negotio! Sacramentario,
          <lb/>scripta hoc volumine contineantur quarta pagina indicabit.
          <lb/>(Vignette) M. D. LXXIX. (Verso blanc.)
          <lb/>In-4°, car. rom., 264 p., titre courant, réclames, init. ornées.
          <lb/>Page 3 : (Bande d’ornement) Lectori Salvtem!! in Domino...
          <lb/>Page 4 : Scriptorum quae !! hoc volumine conti- Il nentur index.
          <lb/>R. 102.350 (1). Prov. Bibl. Ch. Schmidt, avec son ex-libris, une annota¬
          <lb/>tion de sa main au recto du fol. de garde. « Il y a de la même année une
          <lb/>autre édition, tout à fait identique avec celle-ci, excepté que sur le titre
          <lb/>ne se trouve pas la note, qui, pour le continu du volume renvoie à la
          <lb/>page 4».
          <lb/>Au-dessus une sentence latine de 3 lignes signée Ignatius Magnesius.
          <lb/>Au haut dans le coin droit de la page : autographe de P. A. Krap.
          <lb/>Au milieu du titre : « Sum Ioannis Helleri».
          <lb/>2232
          <lb/>STURM Johannes
          <lb/>Strasbourg, J. Rihel, 1580
          <lb/>Poeticum!! Sextum volu-]l men. !! Cum lemmatibus Ioannis
          <lb/>Sturmij. Primae curiae scho larum Argentinensium.
          <lb/>(Verso blanc.)
          <lb/>Marque typ. de J. Rihel. (H. &amp;amp; B. Planche XXXII, No 14.)
          <lb/>Cum Gratia &amp;amp; Priuilegio Caesareo ad annos decem.
          <lb/>Anno M. D. LXXX. (Verso blanc.)
          <lb/>In-8°, car. ital., rom. et grecs, titre courant, 64 pp. ch., sign. Aa-Dd,
          <lb/>titre courant, réclames, init. ornée A.
          <lb/>p. 3-4 : Ioannes Stur-!! mius Carolo!! Limero... — Argentora-! ti
          <lb/>15. Calend. Septemb. 11 M. D. LXV.
          <lb/>R. 102.423 (6). Prov. : Bibl. Ch. Schmidt.
          <lb/>2 ex. M. 108.754 (6). Prov. : Trübner (Catal. XXII, N° 741), Strasbourg,
          <lb/>4/x, 1879.
          <lb/>Ritter, BM Strasbourg, n° 2017.
          <lb/>2233
          <lb/>STURM Johannes
          <lb/>Strasbourg, N. Wyriot, 1581
          <lb/>Ioannis Sturmij EpistolaAd Illustrissimum Principem,
          <lb/>ac!! Dominum, Dominum Alexandrum, Ducem!! Slucensem
        </p>
      </div>
    </body>
  </text>
</TEI>
