<?xml version='1.0' encoding='UTF-8'?>
<?xml-model href="https://raw.githubusercontent.com/OpenITI/tei_openiti/master/tei_openiti.rng" type="application/xml" schematypens="http://relaxng.org/ns/structure/1.0"?>
<?xml-model href="https://raw.githubusercontent.com/OpenITI/tei_openiti/master/tei_openiti.rng" type="application/xml" schematypens="http://purl.oclc.org/dsdl/schematron"?>
<TEI xmlns="http://www.tei-c.org/ns/1.0">
  <teiHeader>
    <fileDesc>
      <titleStmt>
        <title/>
      </titleStmt>
      <publicationStmt>
        <p/>
      </publicationStmt>
      <sourceDesc>
        <p/>
      </sourceDesc>
    </fileDesc>
    <profileDesc>
      <calendarDesc>
        <calendar xml:id="ah">
          <p>Anno Hegirae</p>
        </calendar>
      </calendarDesc>
    </profileDesc>
    <xenoData xml:space="preserve">
CREATED: 2024-04-11T12:19:49.696705+00:00
CREATED BY: eScriptorium vpassthistobuildcmd
IMAGE FILENAME: A121078-5032.tif
IMAGE WIDTH: 2372
IMAGE HEIGHT: 3882
</xenoData>
  </teiHeader>
  <text>
    <body>
      <div>
        <p>
          <lb/>1340
          <lb/>In-4°, car. rom., 1 ff. non ch., 22 ff. ch., 5 ff. non ch. (3 et 2 col., car. ital.
          <lb/>Index), titre courant, réclames, notes marg., init. à fig. P, titre encadré
          <lb/>(ornements).
          <lb/>Au verso du titre : Lectori S...
          <lb/>R. 101.643. Prov. : Gerold, pasteur à Strasbourg, 25/1x, 1918; sans
          <lb/>indic. de prix.
          <lb/>Oxford, Bibl. Bodleiana.
          <lb/>2098
          <lb/>SCHOTT Johannes. Voir : CONCORDANTZ des Newen Testa¬
          <lb/>ments.
          <lb/>Strasbourg, J. Schott, 1524
          <lb/>SCHOTT Peter
          <lb/>Strasbourg, M. Hupfuff, 1506
          <lb/>Petri Schotti Argen. Epithoma De sillabarum!! quantitate
          <lb/>de versuum connexione. In commendationem operis
          <lb/>distichon Jo. Adel. [phil (Dist.) G. S. (2 dist.) Verso blanc.
          <lb/>Fol. cda : Impressum per Mathiam Hupfuff Ciuem!! Argen.
          <lb/>Anno salutis humane. M. CCCCC. VI.
          <lb/>In-4°, car. goth., 16 ff. non ch., sign. a-c, titre courant.
          <lb/>fol. a 2a: Jacob. Wimpfelin-I1 gius Sletstatinus Johanni Zuigio Neme¬
          <lb/>tensi et Philippo! Furstenbergensi. amicis carissimis... Hejdelberge.
          <lb/>v. Kln. decembres Anni Cristi Millesimi.Quingentesimi. (7 lignes.)
          <lb/>Au-dessous : Johannis Zwigij... Nemensis Philoso II phie Magistri
          <lb/>saphicum Endeca syllabum!! in opusculum Petri Schotti Argentinensis
          <lb/>de mensuris syllabarum. (9 vers) et : Philippi furstenbergensis elegiacum
          <lb/>in opusculum petri Schott. Argentinensis. (6 dist.)
          <lb/>fol. c4P : Carmen. F. Petrarche ut dicitur. I] affixum In Specu. quo
          <lb/>diua Ma (] ria Magdalena poenituit. Per. D. Johannem keysesberg (!) Il
          <lb/>Argentoracos usque allatum. (36 vers.)
          <lb/>fol. c 5a : Ad diuam Mariam magdalenam.! Errantium specularum
          <lb/>Udalrici Zasij Historicon. (50 dist.)
          <lb/>R. 101.628. Prov. : Don de la ville de Heilbronn, 1871.
          <lb/>Schmidt V, N° 53.
          <lb/>2099
          <lb/>SCHUBERT Clemens
          <lb/>Strasbourg, B. Jobin, 1575
          <lb/>Libri Quatuor De Scrupu-lis Chronologorum in quibus
          <lb/>non solum Cal- culus Sacrae scripturae cum Serie quatuor
          <lb/>Monarchiarum, &amp;amp; Olym-piadibus Graecorum, atque Annis
          <lb/>ab Urbe Roma Condita pulcher-rima harmonia conciliatur...
          <lb/>(5 lignes.)
          <lb/>Conscripti! A Clemente Schuberto, Lusatio, Ecclesiae
          <lb/>Spirense. Nunc Primum editi cum Praefatione Davidis
          <lb/>Chytraei: &amp;amp; authoris Exemplari Chronologia.
          <lb/>Marque typ. de B. Jobin. (H. &amp;amp; B. Planche XXXVII, n° 7.)
          <lb/>A gauche de la marque : 1.5; à droite 75. (] Privilegio
          <lb/>Caesareo.
          <lb/>Argentorati.Excusum apud Bernhardum Iobinum.
          <lb/>(Verso blanc.)
          <lb/>Nouveau titre après le 4e livre : Chronologia Sive Series
        </p>
      </div>
    </body>
  </text>
</TEI>
