<?xml version='1.0' encoding='UTF-8'?>
<?xml-model href="https://raw.githubusercontent.com/OpenITI/tei_openiti/master/tei_openiti.rng" type="application/xml" schematypens="http://relaxng.org/ns/structure/1.0"?>
<?xml-model href="https://raw.githubusercontent.com/OpenITI/tei_openiti/master/tei_openiti.rng" type="application/xml" schematypens="http://purl.oclc.org/dsdl/schematron"?>
<TEI xmlns="http://www.tei-c.org/ns/1.0">
  <teiHeader>
    <fileDesc>
      <titleStmt>
        <title/>
      </titleStmt>
      <publicationStmt>
        <p/>
      </publicationStmt>
      <sourceDesc>
        <p/>
      </sourceDesc>
    </fileDesc>
    <profileDesc>
      <calendarDesc>
        <calendar xml:id="ah">
          <p>Anno Hegirae</p>
        </calendar>
      </calendarDesc>
    </profileDesc>
    <xenoData xml:space="preserve">
CREATED: 2024-04-11T12:20:01.095239+00:00
CREATED BY: eScriptorium vpassthistobuildcmd
IMAGE FILENAME: A121078-5307.tif
IMAGE WIDTH: 2400
IMAGE HEIGHT: 3848
</xenoData>
  </teiHeader>
  <text>
    <body>
      <div>
        <p>
          <lb/>1617
          <lb/>Couvent des Chartreux à Strasbourg
          <lb/>Morinus, Joh. (Collegio Navarrae),
          <lb/>(anc, poss.), 1944.
          <lb/>1336.
          <lb/>Franciscani in Straubing (anc. poss.),
          <lb/>Moritz, Erasmus (Magdeburgensis),
          <lb/>2424.
          <lb/>1594, 1658.
          <lb/>Fratres Minores in Sulz (anc. poss.),
          <lb/>Morsheim, Joh. von, 1595.
          <lb/>953.
          <lb/>Morsum, Georgius à, 1090.
          <lb/>Swinfurtensis ecclesiae Bibliotheca
          <lb/>Morus, Thomas, 706, 8, 715, 744, 753,
          <lb/>(anc, poss. anno 1606), 1739.
          <lb/>791, 2333.
          <lb/>Conventus Franciscanorum Taber¬
          <lb/>Moesch, Georgius (anc. poss.), 2299.
          <lb/>nensium (Saverne), 737, 1795.
          <lb/>Moeschlinus (?), Michael (Goeppin¬
          <lb/>Monasterium Tegernsee (anc. poss.),
          <lb/>gensis, anc. poss. 1590), 1307.
          <lb/>Mosellanus, Petrus, 324, 1994.
          <lb/>949, 1819, 1825, 1911, 1924.
          <lb/>Soc. Jesu Vanhovae (anc. poss. 1615),
          <lb/>Moses, 1178.
          <lb/>Mosheim, 2120a.
          <lb/>2254.
          <lb/>Motis, Joh., 1596.
          <lb/>Monasterium Waldsassense (anc.
          <lb/>poss.), 1809, 1813.
          <lb/>Moventius, A., 1629, 1630.
          <lb/>Loci Capucinorum Waldshut (anc.
          <lb/>Moevius, 1659.
          <lb/>poss.), 2179.
          <lb/>Mueg, Sebastian senior, 1729.
          <lb/>Monasterium Weingartense (anc. poss.
          <lb/>Mulber, Jean (dominicain à Colmar),
          <lb/>anno 1631), 2409.
          <lb/>1636.
          <lb/>Monasterium Weissenau, 1256, 1568,
          <lb/>Mülhäuser (anc. poss.), 2130.
          <lb/>1827.
          <lb/>Mülheim, Hiltebrand von, 580.
          <lb/>Capucini Weissenburg (Wissembourg,
          <lb/>Müling (Adelphus), 4-11, 71, 121, 427,
          <lb/>anc. poss.), 316.
          <lb/>838, 968, 1036, 1873, 7, 2099,
          <lb/>Monasterium Wessobrunnense (anc.
          <lb/>2473, 4, 2485, 2511.
          <lb/>Müller, Crato. Voir : Mylius.
          <lb/>poss.), 2410.
          <lb/>Monasterium S. Martini in Wibling
          <lb/>Müller (recteur, Quedlinbourg, anc.
          <lb/>(anc. poss.), 2255.
          <lb/>poss.), 34, 84, 240, 322, 361, 382,
          <lb/>Conventus B. Fr. Wilecensis (anc.
          <lb/>388, 432, 645-47, 650, 652, 1328,
          <lb/>1419, 1428, 1528, 1986, 2357.
          <lb/>poss.), 1823.
          <lb/>Bibliotheca Windbergensis monasterii
          <lb/>Müller (Bibliothécaire Strasbourg,
          <lb/>(anc. poss.), 1461, 1816.
          <lb/>anc. poss. 1883), 1937, 1948.
          <lb/>Conventus S. Adalberti Wratisla¬
          <lb/>Müller, Aurelius, 1455.
          <lb/>Müller, B. G., 1874.
          <lb/>viensis Fratrum Ord. Praedicato¬
          <lb/>Müller, Fréd. (Amsterdam, anc. poss.
          <lb/>rum (anc. poss.), 1285.
          <lb/>Monavius, Jacobus (Patritius Vratis-
          <lb/>1888), 421, 1952.
          <lb/>laviensis, 1594), 2107.
          <lb/>Müller, Jos. Jac., 1023.
          <lb/>Monningerus, Joh., 184.
          <lb/>Müller, Lux, 786.
          <lb/>Müller, S. G. (anc. poss.), 529.
          <lb/>Monoie, G. (Paris), 705, 707, 718,
          <lb/>720, 727, 729, 734.
          <lb/>Mülnheim, Heinrich von (Stettmeister
          <lb/>Montanus, Jacobus (de Gersbach, Spi¬
          <lb/>zu Strassburg), 406, 1497, 1724,
          <lb/>2146.
          <lb/>rensis), 1588.
          <lb/>Montanus, Martinus, 1589-1591.
          <lb/>Mülnheim, Hildebrand (Stettmeister
          <lb/>Montanus, Petrus, 843, 1592.
          <lb/>zu Strassburg), 1705, 6, 9, 1712, 3, 7,
          <lb/>Mont-Faucon, Fabien, 2356.
          <lb/>1720.
          <lb/>Münch, W. Ant., 1229, 1230.
          <lb/>Montgrand, Godefroy, Comte de,
          <lb/>Mundolsheim, Théob. Johann, 1722.
          <lb/>2249.
          <lb/>Montmerqué de, 3, 933.
          <lb/>Munich BN, 1, 11, 13, 17, 19, 21, 2,
          <lb/>Montprot, Henrich (Diener der Kirche
          <lb/>9, 32-50, 54, 5, 7, 8, 9, 67, 9,
          <lb/>zu Durlach, 1527), 2011.
          <lb/>74, 9, 121, 135, 136, 143- 148,
          <lb/>Montuanus, Jacobus (Spirensis), 148.
          <lb/>154, 174, 260, 261, 3, 4, 5, 6,
          <lb/>Moog (sur Paracelse, Wurzbourg,
          <lb/>273, 299, 309, 312, 320, 5, 6, 7, 9,
          <lb/>337, 377, 9, 426, 499, 546, 550,
          <lb/>1876), 1234, 1767.
          <lb/>Moore, Robert (anc. poss.), 512.
          <lb/>583, 618, 9, 632, 3, 635, 6, 9, 643,
          <lb/>Morawizki, Carolus Henricus, 1023.
          <lb/>4, 5, 9, 667, 8, 9, 685, 705, 7, 718,
          <lb/>Mordisin, Ulricus, 1548, 1554.
          <lb/>720, 6, 7, 9, 734, 741, 750, 6, 8, 785,
          <lb/>Morel-Vindé, 1992.
          <lb/>791, 820, 839, 842, 878, 890, 1, 2,
          <lb/>Morgenstern, Gregorius, 1593.
          <lb/>917, 999, 1034, 9, 1040, 3, 1056,
          <lb/>Morhart, Huldericus (impr. Stras¬
          <lb/>1101, 1126, 1156, 7, 1168, 1232,
          <lb/>1240, 9, 1257, 8, 1301, 1343, 5,
          <lb/>bourg), 175, 497, 736, 757, 828,
          <lb/>1131, 1423, 1802, 3, 1892, 2387.
          <lb/>1353, 1375, 7, 9, 1381, 2, 3, 4,
          <lb/>R. 102
        </p>
      </div>
    </body>
  </text>
</TEI>
