<?xml version='1.0' encoding='UTF-8'?>
<?xml-model href="https://raw.githubusercontent.com/OpenITI/tei_openiti/master/tei_openiti.rng" type="application/xml" schematypens="http://relaxng.org/ns/structure/1.0"?>
<?xml-model href="https://raw.githubusercontent.com/OpenITI/tei_openiti/master/tei_openiti.rng" type="application/xml" schematypens="http://purl.oclc.org/dsdl/schematron"?>
<TEI xmlns="http://www.tei-c.org/ns/1.0">
  <teiHeader>
    <fileDesc>
      <titleStmt>
        <title/>
      </titleStmt>
      <publicationStmt>
        <p/>
      </publicationStmt>
      <sourceDesc>
        <p/>
      </sourceDesc>
    </fileDesc>
    <profileDesc>
      <calendarDesc>
        <calendar xml:id="ah">
          <p>Anno Hegirae</p>
        </calendar>
      </calendarDesc>
    </profileDesc>
    <xenoData xml:space="preserve">
CREATED: 2024-04-11T12:20:01.500604+00:00
CREATED BY: eScriptorium vpassthistobuildcmd
IMAGE FILENAME: A121078-5311.tif
IMAGE WIDTH: 2414
IMAGE HEIGHT: 3852
</xenoData>
  </teiHeader>
  <text>
    <body>
      <div>
        <p>
          <lb/>1621
          <lb/>8, 9, 1154, 9, 1162, 3, 7, 9, 1170, 6.
          <lb/>Pelevaeus, Nicolas (Ambiensis epis¬
          <lb/>1182, 7, 9, 1190, 1, 2, 3, 4, 9, 1200,
          <lb/>copus), 82.
          <lb/>Pellican, Conrad, 1947, 1985.
          <lb/>4, 8, 1211, 3, 5, 9, 1220, 1, 1237,
          <lb/>1247, 9, 1251, 4, 1267, 1295, 8,
          <lb/>Pellisson, Joh. (Condriensis), 1846.
          <lb/>1314, 7, 1321, 1331, 7, 1387, 8,
          <lb/>Perger, Bernardus, 1847.
          <lb/>1392, 6, 8, 1406, 7, 1412, 4, 1429,
          <lb/>Peristerius, Wenceslaus Georgius (Cu¬
          <lb/>1434, 1441, 1458, 1463, 8, 1487, 9,
          <lb/>tenus, Bohemus, anc. poss. 1612),
          <lb/>1490, 3, 6, 1515, 1522, 1534, 8,
          <lb/>921.
          <lb/>1539, 1551, 3, 4, 1563, 5,8, 1573,
          <lb/>Perna, Petrus (impr. Bâle), 1778.
          <lb/>7. 8. 1585, 1592, 6, 1604, 1617,
          <lb/>Perotti Nicolao (Episcopus Siponti¬
          <lb/>1624, 9, 1636, 7, 1640, 1670, 1768,
          <lb/>nus), 1848, 1910.
          <lb/>1770, 7, 9, 1784, 1793, 9, 1806,
          <lb/>Perseus, 873.
          <lb/>1822, 7, 1836, 7, 1850, 1864, 1871,
          <lb/>Persius, Aulus Flaccus, 1849.
          <lb/>4, 6, 8, 1894, 6, 1902, 1910, 1,
          <lb/>Peter von Hagenbach, 1184.
          <lb/>1912, 8, 1957, 8, 9, 1960, 3, 2030, 7,
          <lb/>Petitot (Libr. Paris), 1946.
          <lb/>2057, 2067, 2100, 2270, 2318, 9,
          <lb/>Pétrarque, 509, 517, 519, 524, 947,
          <lb/>2389, 2494.
          <lb/>1621, 2099, 2484, 2525.
          <lb/>Paris, Bibl. Mazarine, 710, 1609, 2193,
          <lb/>Petreius, Bartholomaeus, 2207, 2211,
          <lb/>2471.
          <lb/>2221.
          <lb/>Paris, BU, 23, 35, 152, 198, 294 693,
          <lb/>Petreius, Jean (Nuremberg), 1326.
          <lb/>710, 756, 843, 945, 992, 1037, 1090,
          <lb/>Petreius, Michael, 2207, 2211, 2221.
          <lb/>1163, 1182, 1248, 1331, 1387, 1463,
          <lb/>Petri, Adam (Bâle, impr.), 1614.
          <lb/>1604, 1663, 1739, 1789, 1795, 1832,
          <lb/>Petronius, 2485.
          <lb/>1871, 4, 1910, 1985, 1993, 2180,
          <lb/>Petrus (Archiepiscopus Moguntinen¬
          <lb/>2256, 2371, 2526. Voir aussi:
          <lb/>sis), 2189.
          <lb/>Beaulieux.
          <lb/>Petrus, Episcopus Tergestinus, 1858.
          <lb/>Parme, Prince de, 2112.
          <lb/>Petrus de Alliaco (Episcopus Camera¬
          <lb/>Parreudt, Joh. (Baccalaureatus theo¬
          <lb/>censis), 1850.
          <lb/>logiae, Ingolstadt 1501), 1917.
          <lb/>Petrus Comestor, 1851, 2.
          <lb/>Parthenius, 2380.
          <lb/>Petrus Hispanus, 568, 1604, 1854, 5.
          <lb/>Parthey, Gustav (anc. poss.), 1279.
          <lb/>Petrus Mosellanus, 324.
          <lb/>Parvus, Guilhelmus (Ord. Praedica¬
          <lb/>Petrus de Natalibus (de Venetiis,
          <lb/>torum), 542.
          <lb/>Episcopus Equilinus) 1856.
          <lb/>Paschasius, Radbertus, 1793.
          <lb/>Petrus Panormitanus (Sicilianus),
          <lb/>Pascolo, Durus a, 2178.
          <lb/>1853.
          <lb/>Pascuus, Lampertus Marsaceus, 1262.
          <lb/>Petrus de Raclis, 1157.
          <lb/>Pasius, Curius Lancilotus (Ferra¬
          <lb/>Petrus de Vineis (Friderici II Cancel¬
          <lb/>larius), 1856.
          <lb/>riensis), 1794.
          <lb/>Passavant, 1925.
          <lb/>Peucer, Caspar, 1548, 1550, 2, 1554, 5.
          <lb/>Passaverus, Chilianus (Landaviensis),
          <lb/>Peutinger, Conrad, 1858, 1875.
          <lb/>394.
          <lb/>Peyrus, F. (Nürnberg), 2522.
          <lb/>Patherus, 1316.
          <lb/>Pfaff, Christoph Matthäus, 1042,
          <lb/>Patricius, Franciscus (Senensis), 1796,
          <lb/>1450.
          <lb/>Pfarrer, Mathias, 361, 1097, 8, 2071,
          <lb/>Paul II (pape), 2021.
          <lb/>2499.
          <lb/>Paul III (pape), 1804.
          <lb/>Pfeifer, Franz (anc. poss. 1841), 2320.
          <lb/>Paul IV (pape), 1735.
          <lb/>Pfintzing, Carl (anc. poss.), 882.
          <lb/>Pauli, Joh., 976, 982, 1798, 9.
          <lb/>Pfinzinger, Martinus, 1949.
          <lb/>Paulinus, Pontius, 1868.
          <lb/>Pfinzinger, Paulus, 1949.
          <lb/>Paulus (baro à Schwartzenberg), 692.
          <lb/>Pflug, Julien, 786.
          <lb/>Paulus, Comes à Salm, 799.
          <lb/>Pflueger, Georg (Ulmanus), 921, 2, 4.
          <lb/>Paulus, Aegineta, 1800, 1801.
          <lb/>Pforr, Antoine de, 313.
          <lb/>Paulus, Nic., 1455, 1584, 2186.
          <lb/>Pfrenger, Adamus (Vicarius, Argent.),
          <lb/>Pedianus. Voir : Asconius Pedianus.
          <lb/>276.
          <lb/>Pegius, Martinus, 1806-1808.
          <lb/>Phasianinus, Philippus, 1750.
          <lb/>Pherœus, Claudius (Gallus), 2073.
          <lb/>Peifer, David (Lipsensis, Cancellarius
          <lb/>Philander, Guilielmus, 2425.
          <lb/>Saxonicus), 1656.
          <lb/>Pehm, Simon (Gymnasiarcha in monte
          <lb/>Philelphus, Franciscus, 55, 1859-1863,
          <lb/>Divue Annae), 1102.
          <lb/>1902.
          <lb/>Pelbartus de Themeswar, 1809-1845. ( Philesius. Voir : Ringmann.
        </p>
      </div>
    </body>
  </text>
</TEI>
