<?xml version='1.0' encoding='UTF-8'?>
<?xml-model href="https://raw.githubusercontent.com/OpenITI/tei_openiti/master/tei_openiti.rng" type="application/xml" schematypens="http://relaxng.org/ns/structure/1.0"?>
<?xml-model href="https://raw.githubusercontent.com/OpenITI/tei_openiti/master/tei_openiti.rng" type="application/xml" schematypens="http://purl.oclc.org/dsdl/schematron"?>
<TEI xmlns="http://www.tei-c.org/ns/1.0">
  <teiHeader>
    <fileDesc>
      <titleStmt>
        <title/>
      </titleStmt>
      <publicationStmt>
        <p/>
      </publicationStmt>
      <sourceDesc>
        <p/>
      </sourceDesc>
    </fileDesc>
    <profileDesc>
      <calendarDesc>
        <calendar xml:id="ah">
          <p>Anno Hegirae</p>
        </calendar>
      </calendarDesc>
    </profileDesc>
    <xenoData xml:space="preserve">
CREATED: 2024-04-11T12:20:01.983850+00:00
CREATED BY: eScriptorium vpassthistobuildcmd
IMAGE FILENAME: A121078-5321.tif
IMAGE WIDTH: 2404
IMAGE HEIGHT: 3844
</xenoData>
  </teiHeader>
  <text>
    <body>
      <div>
        <p>
          <lb/>1631
          <lb/>Seltz, Guillaume (impr. Haguenau),
          <lb/>Schwarzschild, Emil (Antiquaire,
          <lb/>244, 361.
          <lb/>Amsterdam, 1936), 1412, 2249.
          <lb/>Semler, Alfons (sur Jacob Spiegel),
          <lb/>Schweighard von und zu Sickingen,
          <lb/>2183.
          <lb/>1033.
          <lb/>Seneca, L. Anneus, 1861, 2114-17.
          <lb/>Schweighäuser, J. G. (Strasbourg,
          <lb/>Serapion, Joh., 2119.
          <lb/>anc. poss. 1814), 2228, 2525.
          <lb/>Schweinfurt, BM, 303, 325, 1940.
          <lb/>Serenus, Q. (Samonicus), 474.
          <lb/>Serpesta, Valentinus Simon, 576.
          <lb/>Schweitzkopf, Joh., 2069.
          <lb/>Serpilius, Georges (surintendant ecclé¬
          <lb/>Schwencker von Gernspach, Michael
          <lb/>siastique de Ratisbonne), 2120a.
          <lb/>(notaire, Strasbourg), 431.
          <lb/>Sertorius, Joh. Thomas (Cremonensis),
          <lb/>Schwenckfeld, Caspar, 2105, 6.
          <lb/>2244, 5.
          <lb/>Schwendi, Lazarus, 1062, 1174.
          <lb/>Servetus, Michael (alias Reves ab
          <lb/>Schwertfeger, Joh., 1511.
          <lb/>Aragonia, Hispanus), 1959, 2120-22.
          <lb/>Schwetzenpacher, Paulus (anc. poss.),
          <lb/>Sesselius, Claudius, 2123.
          <lb/>636.
          <lb/>Sessler, Guillelmus, 71, 1596.
          <lb/>Schwintzer, Jean (impr. Strasbourg),
          <lb/>Sester, Wilhelmus (Advocatus curia¬
          <lb/>35, 361, 1307, 2100, 2106.
          <lb/>rum ecclesiasticarum Argent. 1510),
          <lb/>Schylhans (Hans Gersdorf), 999.
          <lb/>1979.
          <lb/>Scipio Africanus, 1902.
          <lb/>Setranus, Joh., 1328.
          <lb/>Scolastica, geborene von Falckenstein,
          <lb/>Setzeü (?) Georgius (Windshemius,
          <lb/>Aebtissin Sancti Leodegarii in
          <lb/>anc. poss. 1585), 486.
          <lb/>Ensisheim (Ober-Elsass), 1865.
          <lb/>Sevenberg, Cornelius, 2323.
          <lb/>Scotus, Joh. (Valkar, anc. poss.,
          <lb/>Severinus, Stanislaus, 486, 513, 522.
          <lb/>xvie siècle), 2433.
          <lb/>Severus, Wolfgang Aug., 419.
          <lb/>Scotus, Patricius, 2433.
          <lb/>Sextinus, Ambrosius (Vicarius Con¬
          <lb/>Scultetus, Abraham, 1223.
          <lb/>ventus Brunensis, anno 1643), 1967.
          <lb/>Scultetus, B. (Astronomus), 2004.
          <lb/>Sextus Aurelius, 1624.
          <lb/>Seultetus, Tobias, 2107.
          <lb/>Seybold, Henri (impr. Strasbourg),
          <lb/>Scultetus, Wolfgang, 431.
          <lb/>1396, 1637, 1791, 2321, 2. 2379-
          <lb/>Sebastianus, (Episcopus Brixiensis),
          <lb/>2384.
          <lb/>1412, 1959.
          <lb/>Seydlitz, Christophorus, 1066, 1067.
          <lb/>Sebastianus, Rubeacensis (medicinae
          <lb/>Seydlitz, Nicolaus, 1066, 1067.
          <lb/>doctor), 2108.
          <lb/>Seysser, Christophorus, 183.
          <lb/>Sebizius, Melchior (Silesius, médecin),
          <lb/>Shao (anc. poss. 1588), 512.
          <lb/>219, 220, 1355, 7, 1497, 2109.
          <lb/>Sichem, Christofel von, 1297, 1376,
          <lb/>Secer, Jean (impr. Haguenau), 17-20,
          <lb/>2297.
          <lb/>32, 34, 157, 9, 233, 261-264, 329,
          <lb/>Sichersberg. Voir : Monastères.
          <lb/>400, 418, 465, 474, 499, 500, 628, 9,
          <lb/>Sickingen, Franz von, 1227, 2197.
          <lb/>634, 654, 665, 691, 2, 894, 944, 5,
          <lb/>Sickingen, Joh. Reinhardus à, 2242.
          <lb/>1090, 1103-1109, 1170, 1, 1218, 1233,
          <lb/>Sidigitus, 1884.
          <lb/>1249, 1251, 1394, 5, 1429, 1432, 8,
          <lb/>Sievers (anc. poss. 1621), 1454.
          <lb/>1440, 3, 1474, 5, 1487, 1500, 2, 7,
          <lb/>Siewert, Albert J. (curé à Müllheim,
          <lb/>1515, 8, 1521-24, 1527-33, 1638, 9,
          <lb/>Breisgau, anc. poss. 1871), 961.
          <lb/>1793, 1857, 1910, 1992, 3, 2126,
          <lb/>Siffridus (Archiepiscopus Mogunti¬
          <lb/>2155, 2318, 2389.
          <lb/>nensis), 2189.
          <lb/>Seckendorf, 1450.
          <lb/>Sigismond (empereur), 1489, 1490,
          <lb/>Secubia, Joh. de..., 576, 578.
          <lb/>1629.
          <lb/>Seebach, Wolfgang von, 2389a.
          <lb/>Sigismond (Archiduc d’Autriche),
          <lb/>Seemannshausen. Voir : Monastères.
          <lb/>1916.
          <lb/>Seibling, Joh. Theodosius (Argenti¬
          <lb/>Sigismundus (Collegii summae Argen¬
          <lb/>nensis, anc. poss. 1633), 984.
          <lb/>toratensis aedis decanus), 1435.
          <lb/>Selbet, Petrus, 2377, 8.
          <lb/>Sigonius, Carolus (von Mutina, Prof.
          <lb/>Seldeneck, Jakob von (Erbküchen¬
          <lb/>an der hohen Schul in Bononien),
          <lb/>meister des h. röm. Reichs), 1781.
          <lb/>2124, 5.
          <lb/>Sélestat BM. Voir : Walter, Jos.
          <lb/>Sigrist, Joh. (St. Thomae Argent.
          <lb/>canonicus et cantor, 1510), 2363.
          <lb/>Seligkius, Joh. Bern. (Stuttgardien¬
          <lb/>sis, anc. poss.), 2130.
          <lb/>Silbermann (Strasbourg, anc. poss.
          <lb/>Selmnitz, Joh. Philippus (Thuringus),
          <lb/>1803), 1097.
          <lb/>silvestre (marques typ.), 7, 13, 37,
          <lb/>2111.
          <lb/>Selneccerus, Nicolaus, 2112.
          <lb/>74, 77, 78, 80, 81, 84, 88, 89, 91,
        </p>
      </div>
    </body>
  </text>
</TEI>
