<?xml version='1.0' encoding='UTF-8'?>
<?xml-model href="https://raw.githubusercontent.com/OpenITI/tei_openiti/master/tei_openiti.rng" type="application/xml" schematypens="http://relaxng.org/ns/structure/1.0"?>
<?xml-model href="https://raw.githubusercontent.com/OpenITI/tei_openiti/master/tei_openiti.rng" type="application/xml" schematypens="http://purl.oclc.org/dsdl/schematron"?>
<TEI xmlns="http://www.tei-c.org/ns/1.0">
  <teiHeader>
    <fileDesc>
      <titleStmt>
        <title/>
      </titleStmt>
      <publicationStmt>
        <p/>
      </publicationStmt>
      <sourceDesc>
        <p/>
      </sourceDesc>
    </fileDesc>
    <profileDesc>
      <calendarDesc>
        <calendar xml:id="ah">
          <p>Anno Hegirae</p>
        </calendar>
      </calendarDesc>
    </profileDesc>
    <xenoData xml:space="preserve">
CREATED: 2024-04-11T12:19:59.353119+00:00
CREATED BY: eScriptorium vpassthistobuildcmd
IMAGE FILENAME: A121078-5277.tif
IMAGE WIDTH: 2432
IMAGE HEIGHT: 3856
</xenoData>
  </teiHeader>
  <text>
    <body>
      <div>
        <p>
          <lb/>1587
          <lb/>912, 3, 924, 994, 1057, 1071, 1104,
          <lb/>58, 77, 9, 118, 132, 152, 156, 159,
          <lb/>1126, 1164, 1218, 9, 1230-34, 1223-
          <lb/>166, 170, 172, 190, 191, 196, 198,
          <lb/>1229, 1433, 1503, 1559, 1565, 1576,
          <lb/>218, 221, 223, 8, 233, 241, 260, 272,
          <lb/>1584, 5, 1610, 5, 1629, 1630, 1767,
          <lb/>5, 286, 287, 291, 7, 316, 326, 7, 332,
          <lb/>1858, 1871, 3, 5, 6, 1950, 1993, 4,
          <lb/>354, 365, 6, 371, 2, 7, 9, 398, 404,
          <lb/>2017, 2024, 2196, 7, 2271, 2230,
          <lb/>413, 7, 8, 9, 420, 2, 423, 6, 439, 473,
          <lb/>2335, 2365, 2387, 2396, 2431, 2432,
          <lb/>4, 6, 492, 506, 530, 2, 4, 535, 548, 9,
          <lb/>2454, 2472, 4, 2481, 2495, 6, 2501,
          <lb/>559, 563, 601, 5, 6, 8, 612, 675,
          <lb/>2513, 2522.
          <lb/>703, 5, 707, 746, 809, 816, 7, 9,
          <lb/>Böckler, Joh (anc. poss.), 216, 311,
          <lb/>822, 5, 838, 844, 854, 879, 882, 3,
          <lb/>666, 1023, 1160, 1497, 1640.
          <lb/>900, 4, 7, 911, 4, 920, 8, 939, 941,
          <lb/>Boeckler, Philippe-Henri (Prof. Stras-
          <lb/>3, 5, 955, 961, 967, 979, 980, 1, 5, 6,
          <lb/>bourg, anc. poss.), 1880.
          <lb/>992, 1024, 1031, 7, 1060, 2268.
          <lb/>Boecklin, Hans Philipp (Stettemeister
          <lb/>Bononius, Petrus, 145.
          <lb/>zu Strassburg), 1731, 2.
          <lb/>Bonriederus, Joh. Georgius, 818.
          <lb/>Boecklin, Ulman (Stettmaister zu
          <lb/>Bopp (Graf zu Hennenberg), 703.
          <lb/>Strassburg), 1714, 8.
          <lb/>Borching-Claussen (Niederdeutsche
          <lb/>Bodenstein, Adam von. Voir : Para¬
          <lb/>Bibliogr.), 2268, 9.
          <lb/>celse.
          <lb/>Bordérieux, Babette (anc. poss. Séles¬
          <lb/>Bodenstein, Christian (Grimae), 915.
          <lb/>tat), 206.
          <lb/>Bodenstein von Carolstadt. Voir
          <lb/>Bordes (Antiquaire, Strasbourg, anc.
          <lb/>Karlstadt, Andreas.
          <lb/>poss. 1880), 539, 2242, 2292.
          <lb/>Bodin, Joh., 221-224, 2350.
          <lb/>Borgius, Franciscus (Episcopus Thea¬
          <lb/>Bodmer, Bernardus (Badensis, Hel¬
          <lb/>nensis 1510), 424, 1911.
          <lb/>vetii, anc. poss. anno 1592), 1902.
          <lb/>Borlunt, 959.
          <lb/>Bodmer, Joh. (anc. poss.), 1428.
          <lb/>Borries, 1042, 1602.
          <lb/>Boethius, 225, 2103.
          <lb/>Boersch (Vente 1875, Strasbourg),
          <lb/>Bogard (Paris, anno, 1541/2), 1638.
          <lb/>1245.
          <lb/>Bohatta, H., 270.
          <lb/>Bosch, Michael, 228-230, 1019, 1022,
          <lb/>Bohem, Georgius (Moguntinus), 1036.
          <lb/>2225.
          <lb/>Boehm, Mich. Frid. (Med. Doct. &amp;amp;
          <lb/>Bossert, Gustay, 935.
          <lb/>Practice Argentor.), 1415, 1985,
          <lb/>Bossus, Matthaeus (Veronensis Cano¬
          <lb/>2035.
          <lb/>nicus), 231, 1458.
          <lb/>Böhmer (Prof. Strasbourg, anc. poss.
          <lb/>Boterus, Joh., 232.
          <lb/>1876), 120, 368, 755, 9, 1160.
          <lb/>Botzheim, Joh. von (Chanoine à
          <lb/>Boinenburgk, Fridericus à (anc. poss.),
          <lb/>Constance), 1411.
          <lb/>532.
          <lb/>Botzhemius, Bartholomaeus, 1524.
          <lb/>Boissardus, Janus Jacobus (Vesun¬
          <lb/>Botzhemius, Bernhardus (advocatus
          <lb/>tinus 1586), 2004.
          <lb/>reipublicae Argentoratensis), 1034,
          <lb/>Bolandus, Petrus 2478.
          <lb/>2112, 2231.
          <lb/>Bolerus, Martinus (Brettanus), 1397.
          <lb/>Botzhemius, Joh. Bernardus, 2021,
          <lb/>Bollanus, Dominicus,227.
          <lb/>2240.
          <lb/>Bollerus, Jacobus (anc. poss. 1637),
          <lb/>Botzhemius, Joh. Bernardus (Bernar¬
          <lb/>2179.
          <lb/>di filius, 1565), 2212.
          <lb/>Bollinger, Ulrich, 924.
          <lb/>Botzhemius, Joh. Christophorus (fi¬
          <lb/>Bolte, Joh.,1051, 1589, 1798, 2457.
          <lb/>lius Bernhardi), 2231.
          <lb/>Boem, Joh. (Presbyter, Ord. Theu¬
          <lb/>Botzhemius, Joh. Wilhelmus, 2240.
          <lb/>tonicus), 43, 403.
          <lb/>Bomersfeld, 34.
          <lb/>Botzhemius, Wilhelmus (Bernardi fi¬
          <lb/>lius, 1565), 2212.
          <lb/>Bomfinus, Antonius, 1864.
          <lb/>Bouchereau, Jacobus (Paris), 82.
          <lb/>Bonaventure (Saint), 1006, 1821.
          <lb/>Bougon, Félix (avocat, Charleville,
          <lb/>Boncampagne, Jacob (Oberster Re¬
          <lb/>gent der h. R. Kirchen), 2124, 5.
          <lb/>anc. poss.), 2323.
          <lb/>Boner, Hier. (Stettmeister Colmar),
          <lb/>Bouilli, Carolus (Samarobrinus), 1215.
          <lb/>Bovelle, 1215.
          <lb/>1733, 1778, 1896, 8.
          <lb/>Boner de Balicze, Andreas Franciscus,
          <lb/>Boyer, Ch. fils (Strasbourg, anc. poss.
          <lb/>486, 513, 522.
          <lb/>1879), 728.
          <lb/>Boner de Balicze, Johannes, 506.
          <lb/>Brabantinus, Johannes, 25.
          <lb/>Boner de Balicze, Severinus, 506, 510,
          <lb/>Bracellus, Jac. (Genevensis), 283.
          <lb/>530, 2, 1096.
          <lb/>Brack, Wenceslaus (Prof. Constan¬
          <lb/>Bonn B. U., 17, 19, 23-26, 29, 32, 41,5,
          <lb/>ciensis), 234.
        </p>
      </div>
    </body>
  </text>
</TEI>
