<?xml version='1.0' encoding='UTF-8'?>
<?xml-model href="https://raw.githubusercontent.com/OpenITI/tei_openiti/master/tei_openiti.rng" type="application/xml" schematypens="http://relaxng.org/ns/structure/1.0"?>
<?xml-model href="https://raw.githubusercontent.com/OpenITI/tei_openiti/master/tei_openiti.rng" type="application/xml" schematypens="http://purl.oclc.org/dsdl/schematron"?>
<TEI xmlns="http://www.tei-c.org/ns/1.0">
  <teiHeader>
    <fileDesc>
      <titleStmt>
        <title/>
      </titleStmt>
      <publicationStmt>
        <p/>
      </publicationStmt>
      <sourceDesc>
        <p/>
      </sourceDesc>
    </fileDesc>
    <profileDesc>
      <calendarDesc>
        <calendar xml:id="ah">
          <p>Anno Hegirae</p>
        </calendar>
      </calendarDesc>
    </profileDesc>
    <xenoData xml:space="preserve">
CREATED: 2024-04-11T12:19:59.999277+00:00
CREATED BY: eScriptorium vpassthistobuildcmd
IMAGE FILENAME: A121078-5285.tif
IMAGE WIDTH: 2442
IMAGE HEIGHT: 3864
</xenoData>
  </teiHeader>
  <text>
    <body>
      <div>
        <p>
          <lb/>1595
          <lb/>Eisenrich, Cas. (anc. poss. 1545), 1540.
          <lb/>Episcopius, Eusebius (officina Herva¬
          <lb/>Eisleben (Andreasbibl), 350.
          <lb/>giana, Bâle), 2531.
          <lb/>Eisleben (Joh. Agricola), 17, 18, 20,
          <lb/>Eppendorf, Heinrich von, 872, 1314-
          <lb/>1512.
          <lb/>1317, 1888, 1894, 7, 2389.
          <lb/>Elbing BM, 328.
          <lb/>Erasmus (Episcopus Argent. —-1569),
          <lb/>Elenheim. Voir : Monastères.
          <lb/>509, 517, 524, 794, 872, 1677, 1721,
          <lb/>Eleonora (Künigin aus Schottland),
          <lb/>2218, 2390.
          <lb/>1916.
          <lb/>Erasmus (Ecclesiae Argent. Canonicus,
          <lb/>Eles, Joh., 303.
          <lb/>1539), 2071, 2.
          <lb/>Eleutherius, Augustin, 884.
          <lb/>Erasmus Roterodamus, 21, 83, 90, 93,
          <lb/>Elisabeth (Herzogin zu Braun¬
          <lb/>94-98, 106, 469-472,-486, 496, 503,
          <lb/>schweig), 594.
          <lb/>522, 605, 698, 705-793, 828, 876,
          <lb/>Elisabeth von Nassau-Saarbrücken),
          <lb/>1225, 9, 1230, 1, 1271, 1391, 1802,
          <lb/>1210.
          <lb/>2056, 2297, 8, 2300-2305.
          <lb/>Elisabetha (Henrici VIII, Angliae
          <lb/>Erasmy (receveur à Buerchingen, don
          <lb/>regis filia, 1550), 2208, 2216.
          <lb/>1871), 2305.
          <lb/>Elius, Joh. (Episcopi Monasteriensis
          <lb/>Erdmann, 2044.
          <lb/>Cancellarius), 1588.
          <lb/>Erenhold.Voir : Sturm, Caspar.
          <lb/>Ellinger, Andreas (médecin), 587.
          <lb/>Erfurt, 718, 756.
          <lb/>Elloposcleron, Huldrich. Voir Fis¬
          <lb/>Ergersheim. Martin, 695.
          <lb/>chart.
          <lb/>Erhard, 1042, 2472.
          <lb/>Elnhart, Peter (Stättmeister zu
          <lb/>Erhardt, Jerg (von ijsen (?), anc. poss.
          <lb/>1579), 2440.
          <lb/>Strassburg), 579, 1675, 1684, 1690.
          <lb/>Eltus, Georgius, 2319.
          <lb/>Erichson (Strasbourg, anc. poss.),
          <lb/>Eltz, Gotfridus, 1335.
          <lb/>829, 1183, 1450.
          <lb/>Elwert, N. G. (libr. Marbourg, anc.
          <lb/>Erlach. Hans Rudolf. von (anc. poss.
          <lb/>poss.), 201, 2291.
          <lb/>1596), 116.
          <lb/>Embrica. Voir : Monastères.
          <lb/>Erlangen BU, 262, 4, 5, 300, 326, 734,
          <lb/>Emmanuel (roi du Portugal), 2406.
          <lb/>891, 8, 999, 1061.
          <lb/>Emmel, Helferich (Wonbachensis),
          <lb/>Ernst zu Brunswig, 333.
          <lb/>449, 697.
          <lb/>Ernst Friedrich (Markgraf zu Baden
          <lb/>Emmel, Samuel (impr. Strasbourg),
          <lb/>u. Hochberg), 653.
          <lb/>162, 269, 465, 468, 510, 519, c0l,
          <lb/>Ernst (Graf zu Mansfeld), 939, 1246.
          <lb/>700, 837, 932, 1034, 9, 1275-78,
          <lb/>Ernestus (Princeps Bavariae 1517),
          <lb/>1308, 1360, 1371, 3, 4, 1483, 1548,
          <lb/>605.
          <lb/>1550, 1552-57, 1771, 1907, 2042, 3,
          <lb/>Erno. Voir : Monastères.
          <lb/>2166-70, 2175, 2215, 2305, 2329.
          <lb/>Erythraeus, Valentinus (Lindavien¬
          <lb/>Emser, Hieronymus (Presbyter), 1392,
          <lb/>sis, 1567), 518, 797-806, 2216, 2229.
          <lb/>1393, 1869.
          <lb/>Esculape, 1168.
          <lb/>Eneus Joh. (Enheim), 6, 9, 10.
          <lb/>Esope, 90-103, 1015-1017, 1021.
          <lb/>Engel. Joh. Paulus (anc. poss.), 522.
          <lb/>Essenwein, Jos. Georg, 1195.
          <lb/>Engelbrecht, Antonius, 1091, 2.
          <lb/>Esser, Mlle (Stuttgart), 2059.
          <lb/>Engelhard, Christophorus (anc. poss.
          <lb/>Essinger, David (anc. poss. anno
          <lb/>1892), 1199.
          <lb/>1572), 1431.
          <lb/>Engelhard, L. (Strasbourg), 920.
          <lb/>Esslingen BM, 263, 4.
          <lb/>Engelhard, Martin (Wangensis, anc.
          <lb/>Estiart, Pierre (impr. Strasborug), 3.
          <lb/>Esticampianus, 1042.
          <lb/>poss. 1636), 1159.
          <lb/>Engelhart, Leonhardus (Stuttgardia¬
          <lb/>Estienne, Charles (impr. Paris), 1030.
          <lb/>nus), 602.
          <lb/>Estienne, Henri (Paris), 807.
          <lb/>Etschenreuter, 808-810.
          <lb/>Engentinus, Philippus, 499, 789,
          <lb/>1502, 2371.
          <lb/>Etterlin Petrus, 7.
          <lb/>Eubulus (Cordatus), 1629.
          <lb/>Enguera, Joh. (Episcopus Ilerdensis,
          <lb/>Ord. Praedicatorum, 1515), 2070.
          <lb/>Eucharius (évêque), 1350.
          <lb/>Eucker, Conrad (Aschaffenbourg),
          <lb/>Ensfelder (Curé à Riquewihr, don
          <lb/>1886), 1371, 2447.
          <lb/>650.
          <lb/>Eobanus, H. Hessus, 418, 589, 593,
          <lb/>Euclide, 811-7, 844, 1142, 2408.
          <lb/>1233, 1342, 1584, 1899, 1949, 1950-
          <lb/>Euripide, 819-821, 1561.
          <lb/>52, 1954, 2073, 2195, 2318, 2423.
          <lb/>Eusebius, 331, 823-5, 1099, 1100,
          <lb/>Eondulus, Hieronymus, 1051.
          <lb/>2300-2302.
          <lb/>Epictète, 104, 470, 471.
          <lb/>Eustace, Guillaume (Paris), 1208.
          <lb/>Epiphanius (Scholasticus), 1175.
          <lb/>Eustachius, 864.
        </p>
      </div>
    </body>
  </text>
</TEI>
