<?xml version='1.0' encoding='UTF-8'?>
<?xml-model href="https://raw.githubusercontent.com/OpenITI/tei_openiti/master/tei_openiti.rng" type="application/xml" schematypens="http://relaxng.org/ns/structure/1.0"?>
<?xml-model href="https://raw.githubusercontent.com/OpenITI/tei_openiti/master/tei_openiti.rng" type="application/xml" schematypens="http://purl.oclc.org/dsdl/schematron"?>
<TEI xmlns="http://www.tei-c.org/ns/1.0">
  <teiHeader>
    <fileDesc>
      <titleStmt>
        <title/>
      </titleStmt>
      <publicationStmt>
        <p/>
      </publicationStmt>
      <sourceDesc>
        <p/>
      </sourceDesc>
    </fileDesc>
    <profileDesc>
      <calendarDesc>
        <calendar xml:id="ah">
          <p>Anno Hegirae</p>
        </calendar>
      </calendarDesc>
    </profileDesc>
    <xenoData xml:space="preserve">
CREATED: 2024-04-11T12:19:50.761026+00:00
CREATED BY: eScriptorium vpassthistobuildcmd
IMAGE FILENAME: A121078-5055.tif
IMAGE WIDTH: 2386
IMAGE HEIGHT: 3860
</xenoData>
  </teiHeader>
  <text>
    <body>
      <div>
        <p>
          <lb/>Epicedium etc., comme dans l’édition de 1559.
          <lb/>R. 10.479. Prov. : Bibl. du prof. Baum, 1879.
          <lb/>Annotations mss. Au bas du titre : « Sum Iohannis Lutzingij 1650»;
          <lb/>au fol. blanc derrière les préfaces : « Hortleder appendice dedicationis:
          <lb/>Cop. Johannis Sleidani unterthänigs Schreiben an Landgraff Philips,
          <lb/>zu Hessen umb gnädige beforderung seiner Historien...» — Datum Strasz¬
          <lb/>burg am 15 Tag Maij 1546 (28 lignes.)
          <lb/>Suivent : Cop. Landgraff Philipsens zu Hessen gnädiger Fürschrift
          <lb/>Vor Sleidanum an den Churfürslen zu Sachsen... — Datum Caszel 21 Maij
          <lb/>Anno 1546. (8 lignes).
          <lb/>Cop. Churfürst Iohann. Friderichs zu Sachsen Antwortschreibens an
          <lb/>Landgraff Philipsen zu Hessen... — Datum Torgaw... 1546 (38 lignes).
          <lb/>et Eingelegter Zettel (14 lignes).
          <lb/>2145
          <lb/>SLEIDANUS Johannes
          <lb/>Strasbourg, Th. Rihel, 1574
          <lb/>Der Erste TheylOrdenlicher Beschreibunge vnnd!]
          <lb/>verzeychnisse, allerley fürnemer Hän-del so sich in Glaubens
          <lb/>vnd anderen Weltlichen sachen, bei Re- gierung vorweilen
          <lb/>des Groszmächtigsten, Keyser Carls des Fünfften, mehrern¬
          <lb/>theyls in Teutscher Nation zugetragen : Erstlich in Latei¬
          <lb/>nischer Sprache verfärtigt, vnd in Sechs vnd zwentzig
          <lb/>Bücher getheylt.
          <lb/>Durch Johannem Sleidanum der Rechten Licentiaten.
          <lb/>Hernach aber mit sonderem fleisse in rechtgeschaffen Teutsch
          <lb/>ge-bracht, vnd nuh zum Fünfften male, gegen dem Latein
          <lb/>auff das nähest verglichen, mitSummarien oder Innhalt
          <lb/>eynes jeden Buchs,... (8 lignes de texte.)
          <lb/>Durch!! Michaelem Beuther von Carlstatt, !! Der Rechten
          <lb/>Doctorn. Mit Römischer Keyser. Maiestat Gnad vnnd Freiheyt
          <lb/>auff Acht jar. Getruckt zu Straszburg, durch!! Theodosium
          <lb/>Rihel. 11 M. D. LXXIIII.
          <lb/>fol. 698a : Der ander Theyl Ordenlicher! Beschreibunge
          <lb/>vnnd] Verzeychnisse, allerley Namhaffter Sa-chen, so
          <lb/>sich bei Regierung Keyser Carls des Fünfften, nicht al- leyn
          <lb/>in Teutscher, sonder auch bei andern Auszländischen Nationen
          <lb/>der Christenheyte, haben verlauffen und zugetragen...
          <lb/>(12 lignes de texte.) Getruckt zu Straszburg, durch!] Theodo¬
          <lb/>sium Rihel. ( M. D. LXXIIII. (Verso blanc.)
          <lb/>A la fin : Getruckt zu Straszburg, durchTheodosium
          <lb/>Rihel.
          <lb/>Marque typ. de Th. Rihel. (H. &amp;amp; B. Planche XXXII, No 17.)
          <lb/>M. D. LXXIIII. (Verso blanc.).
          <lb/>In-fol., car. goth., 8 ff. non ch., 909 pp. ch., 7 ff. non ch. dont 6 à 2 col.
          <lb/>(Registre), titre courant, réclames, notes marg., init. ornées, titre principal
          <lb/>rouge et noir.
          <lb/>Au verso du titre : Privilège impérial pour 8 années, daté du 22 mars
          <lb/>1571.
          <lb/>1363
        </p>
      </div>
    </body>
  </text>
</TEI>
