<?xml version='1.0' encoding='UTF-8'?>
<?xml-model href="https://raw.githubusercontent.com/OpenITI/tei_openiti/master/tei_openiti.rng" type="application/xml" schematypens="http://relaxng.org/ns/structure/1.0"?>
<?xml-model href="https://raw.githubusercontent.com/OpenITI/tei_openiti/master/tei_openiti.rng" type="application/xml" schematypens="http://purl.oclc.org/dsdl/schematron"?>
<TEI xmlns="http://www.tei-c.org/ns/1.0">
  <teiHeader>
    <fileDesc>
      <titleStmt>
        <title/>
      </titleStmt>
      <publicationStmt>
        <p/>
      </publicationStmt>
      <sourceDesc>
        <p/>
      </sourceDesc>
    </fileDesc>
    <profileDesc>
      <calendarDesc>
        <calendar xml:id="ah">
          <p>Anno Hegirae</p>
        </calendar>
      </calendarDesc>
    </profileDesc>
    <xenoData xml:space="preserve">
CREATED: 2024-04-11T12:19:56.982052+00:00
CREATED BY: eScriptorium vpassthistobuildcmd
IMAGE FILENAME: A121078-5216.tif
IMAGE WIDTH: 2374
IMAGE HEIGHT: 3864
</xenoData>
  </teiHeader>
  <text>
    <body>
      <div>
        <p>
          <lb/>1526
          <lb/>WANN Paulus
          <lb/>Haguenau, H. Gran, 1501
          <lb/>Quadragesimale siue Tracta! tulus Pauli Wann doctoris
          <lb/>sa! cre theologie. De preseruati-one hominis a peccato.
          <lb/>A la fin : Tractatulus notabilis... : per Egregium virum
          <lb/>ma gistrum Paulum wann... accuratissi-me collectus
          <lb/>Anno salutis M. cccc. Ixviij. In scitia autem impressorum
          <lb/>sparsim deprauatus. Nunc! vero a mendis quibus scatebat
          <lb/>multis laboribusteruenientibus pristine integritati
          <lb/>vtcumque resti-tutus Impressusque diligenter per industrium
          <lb/>virum Heinricum Gran in imperiali oppido Hagenaw
          <lb/>expensis ac sumptibus prouidi circumspectique viri Joannis
          <lb/>Rynman de Oringau : finit feliciter Anno gratiae M. d. j.
          <lb/>Die vero Nouembris, xxij.
          <lb/>In-fol., car. goth., 2 col., 39 ff. non ch., 4 ff. blancs, sign. A-E,
          <lb/>titre courant, init. d’attente.
          <lb/>In-fol., car. goth., 2 col., 39 ff. non ch., 4 ff. blancs, sign. A-E, titre
          <lb/>courant, init. d’attente.
          <lb/>Au verso du titre : Tabula (3 pp.).
          <lb/>R. 10.304 (4). Prov. : Don de la ville de Heilbronn, 1871.
          <lb/>A l’intérieur du 1er plat : « Ex legato egregij viri Artium ex sacra Theo.
          <lb/>doctoris dominus Joannes Krener ex Scherding. Concionatoris Heil¬
          <lb/>pronnensis.»
          <lb/>2e ex. R. 10.380. Prov. : Bibl. Heitz, Strasbourg.
          <lb/>Proctor II. Sectio I, No 11.613 : Londres, British Museum.
          <lb/>2445
          <lb/>WANN Paulus
          <lb/>Haguenau, H. Gran, 1508
          <lb/>Quadragesimale siue Tracta tulus Pauli Wann doctoris
          <lb/>sa! cre theologie, De preseruati!! one hominis a peccato.
          <lb/>A la fin : Tractatusrestitutus :Impressusque
          <lb/>diligenter per industrium virum Henri cum Gran in imperiali
          <lb/>oppido Hagenaw expen sis ac sumptibus prouidi circum¬
          <lb/>spectique viri Joannis Rynman de Oringaw : finit feliciter
          <lb/>Anno gratie. M. d. viij. Die uero Aprilis, xij.
          <lb/>In-fol., car. goth., 2 col., 40 ff. non ch. dont le dernier blanc, titre
          <lb/>courant, init. d’attente.
          <lb/>Au verso du titre : Tabula (3 pp.).
          <lb/>R. 10.332 (2). Prov. : BN Munich, 15/IV, 1879, 1 M. Rel. anc.
          <lb/>2446
          <lb/>WANN Paulus
          <lb/>Haguenau, H. Gran, 1512
          <lb/>Sermones dominicales per anni cir-  culum : magistri
          <lb/>Pauli wan : sacre pagine professoris eximii: ecclesieque
        </p>
      </div>
    </body>
  </text>
</TEI>
