<?xml version='1.0' encoding='UTF-8'?>
<?xml-model href="https://raw.githubusercontent.com/OpenITI/tei_openiti/master/tei_openiti.rng" type="application/xml" schematypens="http://relaxng.org/ns/structure/1.0"?>
<?xml-model href="https://raw.githubusercontent.com/OpenITI/tei_openiti/master/tei_openiti.rng" type="application/xml" schematypens="http://purl.oclc.org/dsdl/schematron"?>
<TEI xmlns="http://www.tei-c.org/ns/1.0">
  <teiHeader>
    <fileDesc>
      <titleStmt>
        <title/>
      </titleStmt>
      <publicationStmt>
        <p/>
      </publicationStmt>
      <sourceDesc>
        <p/>
      </sourceDesc>
    </fileDesc>
    <profileDesc>
      <calendarDesc>
        <calendar xml:id="ah">
          <p>Anno Hegirae</p>
        </calendar>
      </calendarDesc>
    </profileDesc>
    <xenoData xml:space="preserve">
CREATED: 2024-04-11T12:19:49.357428+00:00
CREATED BY: eScriptorium vpassthistobuildcmd
IMAGE FILENAME: A121078-5023.tif
IMAGE WIDTH: 2372
IMAGE HEIGHT: 3878
</xenoData>
  </teiHeader>
  <text>
    <body>
      <div>
        <p>
          <lb/>1331
          <lb/>nicht hat, als L. Z. L. sampt mein Figuren, Schaffen! vnd
          <lb/>Pfeiffen.
          <lb/>Getruckt zu Strasburg bey Niclaus Wyriot.
          <lb/>In-4°, car. goth., 12 ff. non ch., sign. A-C, réclames.
          <lb/>Au verso du titre : Von Herren upnd Regenten !! dieses Jars.
          <lb/>fol. A 2a : Von Practicierenn, Astrologen, Stern-nendichtern,
          <lb/>Schreybern, sampt Kalender setzer, die sich I] auch nennen Mathematicos,
          <lb/>auch Nicolaus Rensper- Il ger bewegt mich also zu schreiben, der hat
          <lb/>ein grosz werck (aber nit 1) gut) than...
          <lb/>(L’auteur désigne l’ouvrage de Rensperger comme un livre de men¬
          <lb/>songe.)
          <lb/>fol. A 3a (des vers sur l’astrologie).
          <lb/>fol. B 3b-C4b : Nu folget die Practick des Gewitters, [] alle Monat,
          <lb/>Wochen, bey alle Tag des!! gantzen 82. Jars. (en prose.).
          <lb/>R. 101.129. Prov. : Trübner, Strasbourg, 6/VI, 1883; 5 M.
          <lb/>SCHEGK Jacob. Voir : DEGEN Jacob.
          <lb/>2080
          <lb/>SCHELHASE Stephanus
          <lb/>Strasbourg, A. Bertram, 1599
          <lb/>Disputatio!! ex difficili et quotidiana L. N. C. de re¬
          <lb/>scind. vend.In Inclyta Argentoratensium Academia publici
          <lb/>exercitij causa proposita,à Georgio Obrechto I. C.
          <lb/>Respondente. Stephano Schelhase Cruceburgensi.
          <lb/>Marque typ. de Bertram. (H. &amp;amp; B. Planche XLIV, n° 2;
          <lb/>Silvestre, n° 1022.)
          <lb/>Argentorati excudebat Antonius Bertramus. (1599.) (Verso
          <lb/>blanc.).
          <lb/>In-4°, car. ital. 16 ff. non ch., sign. A-D, réclames.
          <lb/>R. 10.548 (12) et R. 10.548 (18). Prov. : Kubasta &amp;amp; Voigt, Vienne,
          <lb/>25/XI, 1891.
          <lb/>Voir aussi : Obrecht Georgius, Selectissimae disputationes ex juris
          <lb/>civilis materiis, Strasbourg, A. Bertram, 1599.
          <lb/>2081
          <lb/>SCHEURL Christophorus
          <lb/>Haguenau, H. Gran, 1514
          <lb/>Christophori scheur-li J. U. Doctoris Libellus De!
          <lb/>Sacerdotum ac rerum ecclesiasticarum praestantia, tam
          <lb/>christianis quam ethnicis exemplis, abunde demonstrans! deo
          <lb/>dicatis bonis sub interminatione futuri et! presentis iudicij
          <lb/>laicis abstinendum fore atque par cendum. Clericos autem
          <lb/>etiam malos honorandos:  et cum eorum bonis : diuino atque
          <lb/>humano iure ab omnibus exactionibus et muneribus ita
          <lb/>immunes esse: vt eis aut rei ecclesiastice iniuriantes ana¬
          <lb/>thema sint : et plerumque mala morte pereant. Quod!! et
          <lb/>inscribi placuit.
          <lb/>Sacerdotum defensorium.
          <lb/>A la fin : Excusus est Hagenaw, ere Conradi Hist.per
          <lb/>Henricum Gran, Anno Salutis! nostre M. D. XIIII, mense
          <lb/>Septembris.
        </p>
      </div>
    </body>
  </text>
</TEI>
