<?xml version='1.0' encoding='UTF-8'?>
<?xml-model href="https://raw.githubusercontent.com/OpenITI/tei_openiti/master/tei_openiti.rng" type="application/xml" schematypens="http://relaxng.org/ns/structure/1.0"?>
<?xml-model href="https://raw.githubusercontent.com/OpenITI/tei_openiti/master/tei_openiti.rng" type="application/xml" schematypens="http://purl.oclc.org/dsdl/schematron"?>
<TEI xmlns="http://www.tei-c.org/ns/1.0">
  <teiHeader>
    <fileDesc>
      <titleStmt>
        <title/>
      </titleStmt>
      <publicationStmt>
        <p/>
      </publicationStmt>
      <sourceDesc>
        <p/>
      </sourceDesc>
    </fileDesc>
    <profileDesc>
      <calendarDesc>
        <calendar xml:id="ah">
          <p>Anno Hegirae</p>
        </calendar>
      </calendarDesc>
    </profileDesc>
    <xenoData xml:space="preserve">
CREATED: 2024-04-11T12:19:57.030286+00:00
CREATED BY: eScriptorium vpassthistobuildcmd
IMAGE FILENAME: A121078-5218.tif
IMAGE WIDTH: 2376
IMAGE HEIGHT: 3862
</xenoData>
  </teiHeader>
  <text>
    <body>
      <div>
        <p>
          <lb/>1528
          <lb/>WANN Paulus
          <lb/>Haguenau, H. Gran, 1517
          <lb/>Sermones dominicales...
          <lb/>A la fin : Sermones dominicales... expensis prouidi viri
          <lb/>Joannis Rynman de Oringaw : diligenter reuisi : et impressi
          <lb/>in imperiali oppido Hagenaw, per industrium Henricum
          <lb/>Gran : finiunt feliciter. Anno sa-tis nostre Millesimo
          <lb/>quingentesimo decimo septimo. xj. die mensis Februarij.
          <lb/>In-fol., car. goth., 2 col., 265 ff. non ch., sign. a-z, A-K, titre courant,
          <lb/>init. ornée D, titre rouge et noir, encadré (H. &amp;amp; B., Planche LXIII,
          <lb/>No 1)..
          <lb/>fol. 2a : Tabula Alphabetica (10 ff.).
          <lb/>R. 10.378. Prov. : Pressburger, Strasbourg, 9/III, 1886; 5 M.
          <lb/>Notes mss., au bas du titre: « Ad possessionem domini Emeriti myto¬
          <lb/>tepi (?) hoenstatden. presbyteri Moguntinensis episcopatus; plus bas... ad
          <lb/>possessionem domini Christophori wanmesteri presbyteri Rucellensis,
          <lb/>1554, comparatus per. j. lib. ».
          <lb/>2449
          <lb/>WANN Paulus
          <lb/>Haguenau, H. Gran, 1517
          <lb/>Sermones de septem viciis crimi-nalibus... (comme au
          <lb/>n° 2448).
          <lb/>A la fin : Pecunia et ere bo! na fide viri Joannis Rynman
          <lb/>de Oringau, per industrium virum Henri!! cum Gran in
          <lb/>oppido Hagenau diligenter reuisi et impressi, fi-ne bono
          <lb/>auspicio sortiebant ! secundo Idibus Martij Anno!! Redemp¬
          <lb/>tionis humani! generis. M. D. ( XVII.
          <lb/>In-fol. car. goth., 2 col., titre rouge et noir, 8 ff. non ch., dont le dernier
          <lb/>blanc, CXXXIIII ff. ch., de nombreuses erreurs de pagination, titre
          <lb/>courant, notes marg.; titre encadré (H. &amp;amp; B., Planche LXIII).
          <lb/>R. 10.137 (2). Prov. : Bibl. Ch. Schmidt, Strasbourg.
          <lb/>2e ex. R. 10.377. Prov. : Butsch, Augsbourg 12/x, 1883; 6M. Note ms.
          <lb/>au recto du f. de garde: « Ad Carthusiam Buxiensem».
          <lb/>2450
          <lb/>WAREMUND Luithold. Voir: BUTZER M., Vom tag zu Hagenaw.
          <lb/>R. 102.243; n° 374.
          <lb/>WARNSDORFF Abraham A. Voir: OBRECHT Georgius, Dispu¬
          <lb/>tatio feudalis tertia ex secundo libro scholarum feudalium.
          <lb/>Strasbourg, A. Bertram, 1597. R. 10597 (3), n° 1657.
          <lb/>WAS
          <lb/>Strasbourg, 1529
          <lb/>Was sich zu Basel uff den! achten tag des Hornungs, der
          <lb/>Messz!! vnd götzen halb zu tragen hat.
          <lb/>Item das die Messz der Bepstler zu Strasz- burg abgethon
          <lb/>ist. Anno M. D. xxix. En haut et en bas, bande d’ornement.
          <lb/>A la fin : Darnach am XX. tag des Hornungs, haben die
        </p>
      </div>
    </body>
  </text>
</TEI>
