<?xml version='1.0' encoding='UTF-8'?>
<?xml-model href="https://raw.githubusercontent.com/OpenITI/tei_openiti/master/tei_openiti.rng" type="application/xml" schematypens="http://relaxng.org/ns/structure/1.0"?>
<?xml-model href="https://raw.githubusercontent.com/OpenITI/tei_openiti/master/tei_openiti.rng" type="application/xml" schematypens="http://purl.oclc.org/dsdl/schematron"?>
<TEI xmlns="http://www.tei-c.org/ns/1.0">
  <teiHeader>
    <fileDesc>
      <titleStmt>
        <title/>
      </titleStmt>
      <publicationStmt>
        <p/>
      </publicationStmt>
      <sourceDesc>
        <p/>
      </sourceDesc>
    </fileDesc>
    <profileDesc>
      <calendarDesc>
        <calendar xml:id="ah">
          <p>Anno Hegirae</p>
        </calendar>
      </calendarDesc>
    </profileDesc>
    <xenoData xml:space="preserve">
CREATED: 2024-04-11T12:19:54.139017+00:00
CREATED BY: eScriptorium vpassthistobuildcmd
IMAGE FILENAME: A121078-5137.tif
IMAGE WIDTH: 2342
IMAGE HEIGHT: 3856
</xenoData>
  </teiHeader>
  <text>
    <body>
      <div>
        <p>
          <lb/>1445
          <lb/>Bibliothek meines seeligen H. Schwiegervaters Steiner des gen. Superint.
          <lb/>Michels zu Ottingen... Diese neueste Edition des griech. N. T. kaufte
          <lb/>Mr. Dampier in Dr Askews Auktion für 1 Pf. Sterling 11 Schil. 6 Den.
          <lb/>Dr Askew hatte in dieses Exemplar diese Note geschrieben: Editio
          <lb/>omnium aliorum longe rarissima. Sie ist in der Kaiserl. Bibliothek zu
          <lb/>Wien... 1782 wurde mir auch ein Exemplar dieser seltenen Ausgabe
          <lb/>wobej noch das Nov. Testam. latin, cura Erasm. Roterod. excusum
          <lb/>apud sanctam Coloniam 1522 gebunden war... aus einem geschriebenen
          <lb/>Catalogo aus Arnstadt, für 6 Thl. zum Kaufen angeboten.»
          <lb/>Bibl. St. Guillaume, Strasbourg.
          <lb/>3 ex. au British Museum.
          <lb/>Voir: Reuss, Bibl, novi Testamenti graeci, p. 30, n° 5.
          <lb/>2299
          <lb/>TESTAMENTUM NOVUM
          <lb/>Strasbourg, J. Herwagen, 1523
          <lb/>(Feuille de lierre) Novi Testamenti Totius!! aeditio longe
          <lb/>optima &amp;amp; accuratissima.Nam praeter canones illos Eusebij,
          <lb/>qui- bus iam uel maxime aduigilatum est, &amp;amp;Paraclesin
          <lb/>ad euangelicae philosophiae stu dium, &amp;amp; eiusdem argumenti
          <lb/>geminam praefa-tionem, accessit etiam de utriusque
          <lb/>Instrumen!! ti libris partim admissis, partim reiectis, !! ex
          <lb/>Athanasio, fragmentum, Eras. Rotero.  interprete. Praeterea
          <lb/>nonnulla alia, quae! parti huius operis posteriori seruaui¬
          <lb/>mus. Secuimus autem in hoc ab euangelijs! et actis epistolas,
          <lb/>ut eas seorsim compinge! re, si cui uidebitur, post hac, liceat.
          <lb/>A la fin: Argentorati apud Iohannem Hervagium Decimo
          <lb/>Septimo Kalend. Apri.Anno M. D. XXIII. (Verso blanc.)
          <lb/>In-8°, car. ital., 24 ff. non ch. 152 ff. pour les Évangiles et les Actes
          <lb/>des apôtres, 135 pour les épîtres, l’apocalypse et la lettre d’Érasme,
          <lb/>dernier f. blanc; titre courant, réclames, notes marg., belles, grandes
          <lb/>init. à fig. : T, O (avec monogramme CC), L, I, S, P, R; titre encadré,
          <lb/>en haut Dieu le père avec St. Pierre et St. Paul, les Evangélistes et en
          <lb/>bas, Mercure à gauche et Minerve à droite.
          <lb/>Après les actes des apôtres, nouveau titre encadré différent de celui
          <lb/>du titre principal.
          <lb/>Au verso du titre : Dilecto Filio Erasmo Rote- [] rodamo Sacrae
          <lb/>Theolo!! giae Professori. A. S. !! Leo PP. X... — Datum Romae apud
          <lb/>sanctum Pe-I! trum. Sub annulo piscatoris. Die decimo Septemb. M. D.
          <lb/>XVIII., 11 Pontificatus nostri anno sexto.
          <lb/>fol. A 2b (Feuille de lierre) Erasmus !! Roterodamus !! Pio Lectori... Il
          <lb/>R. 100.454. Prov. : Bibl. Edouard Reuss, Strasbourg 1891, avec son
          <lb/>ex-libris à l’intérieur du I er plat et son autographe au recto du f. de garde:
          <lb/>« Ex-libris J. D. Brunneri, 4 janv. 1845. Ed. Reuss».
          <lb/>2300
          <lb/>TESTAMENTUM NOVUM
          <lb/>Strasbourg, J. Knobloch, 1523
          <lb/>(Feuille de lierre.) Novi! Testamenti totius aeditio longe
          <lb/>optima&amp;amp; ac curatissima. Nam praeter canones (I illos
          <lb/>Eusebij: quibus iam vel maxime! aduigilatum est : &amp;amp; Para¬
          <lb/>clesin ad euan-gelicae philosophiae studium : &amp;amp; eiusdem!
        </p>
      </div>
    </body>
  </text>
</TEI>
