<?xml version='1.0' encoding='UTF-8'?>
<?xml-model href="https://raw.githubusercontent.com/OpenITI/tei_openiti/master/tei_openiti.rng" type="application/xml" schematypens="http://relaxng.org/ns/structure/1.0"?>
<?xml-model href="https://raw.githubusercontent.com/OpenITI/tei_openiti/master/tei_openiti.rng" type="application/xml" schematypens="http://purl.oclc.org/dsdl/schematron"?>
<TEI xmlns="http://www.tei-c.org/ns/1.0">
  <teiHeader>
    <fileDesc>
      <titleStmt>
        <title/>
      </titleStmt>
      <publicationStmt>
        <p/>
      </publicationStmt>
      <sourceDesc>
        <p/>
      </sourceDesc>
    </fileDesc>
    <profileDesc>
      <calendarDesc>
        <calendar xml:id="ah">
          <p>Anno Hegirae</p>
        </calendar>
      </calendarDesc>
    </profileDesc>
    <xenoData xml:space="preserve">
CREATED: 2024-04-11T12:19:49.305900+00:00
CREATED BY: eScriptorium vpassthistobuildcmd
IMAGE FILENAME: A121078-5020.tif
IMAGE WIDTH: 2372
IMAGE HEIGHT: 3880
</xenoData>
  </teiHeader>
  <text>
    <body>
      <div>
        <p>
          <lb/>1328
          <lb/>In-8°, car. rom., 6 ff. non ch., XLV ff. ch., numérotés de II à XLVI,
          <lb/>1 f. non ch. (Verso blanc), titre courant, réclames, init. à figures C. E. I.
          <lb/>D, B. C.
          <lb/>Au verso du titre : Cunctis bonarum scientiarum Cultoribus !! Valen¬
          <lb/>tinus Kobian S. D.
          <lb/>fol. A 2a : Ad divum Leonellum! Marchionem Estensen libellus...
          <lb/>Michaelis Sauo-] narole Physici...
          <lb/>R. 101.708. Prov. : E. Freiesleben, Strasbourg, 25/IV, 1878; 15 M.
          <lb/>2075
          <lb/>SCHADAEUS Daniel
          <lb/>Strasbourg, A. Bertram, 1585
          <lb/>Christliche Leichpredig. 1 Bey der Begräbnus! des Edlen
          <lb/>vnnd Vesten Junckern!! Wolffgang von Oberkirch, welcher
          <lb/>den9. tag Januarij, Anno 1585. Gottselig vnnd Christlich
          <lb/>in dem Herren! entschlaffen.
          <lb/>Gehalten.Den 13. Januarij in der Pfarrkirchen zu
          <lb/>S. Johannes bey Obern Ehenheim. Durch (1 M. Danielem
          <lb/>Schad Dienern des Göttlichen worts (] daselbst. Zu dienstlichem
          <lb/>gefallen, ehren vnnd trost, der löblichen vnd betrübten
          <lb/>Freundschafft, In denTruck verfertiget.
          <lb/>Marque typ. d’Ant. Bertram. (H. &amp;amp; B. Planche XLIV,
          <lb/>n° I ; Silvestre, n° 1023.)
          <lb/>Gedruckt zu Straszburg, DurchAntonium Bertram.
          <lb/>M. D. LXXXV. (Verso blanc.)
          <lb/>In-4°, car. goth., 12 ff. non ch., sign. A-C, réclames, notes marg., init.
          <lb/>ornée L.
          <lb/>R. 102.316. Prov. : Baer &amp;amp; Co., Francfort-s.-M., 22/XI, 1878; sans
          <lb/>indic. de prix. Double de la Hofbibliothek de Darmstadt. 2076
          <lb/>SCHADAEUS Elias
          <lb/>Strasbourg, J. Martin, 1591
          <lb/>3 mots hébreux. Au-dessous : GrammaticaLinguae
          <lb/>Sanctaeex optimis qvibus que Authoribus, hebraeis et
          <lb/>lati- nis, Collecta &amp;amp; concinnata :!A!! M. Elia Schadaeo,
          <lb/>Ecclesiaste &amp;amp; Professore! Argentoratensi.
          <lb/>Marque typ. de Jodocus Martin (H. &amp;amp; B. Planche XLIV,
          <lb/>n° 1.
          <lb/>Au-dessous : Argentorati Excusa, opera Iodoci Martini,
          <lb/>Typis &amp;amp; Impensis Autoris. Anno M. D. XCI.
          <lb/>A la fin, page 334 : Argentorati,Excvdebatvr opera
          <lb/>Iodoci Martini, Typis vero &amp;amp; Impen- sis Authoris.
          <lb/>Anno Domini M. D. XCI.
          <lb/>In-8°, car. rom. et hébreux, 8 ff. non ch., 334 pp. ch. et 1 f. non ch.
          <lb/>(Errata), dont le verso blanc, titre courant, réciames.
          <lb/>Au verso du titre : Votum authoris ad Deum (4 vers hébreux et 4 vers
          <lb/>latins), au-dessous un Tetrastichon hébreux Georgii Weiganmeieri.
          <lb/>fol. 2a : Henricus Fabricius Medicinae D. in Authoris labores &amp;amp; operas
          <lb/>hebraicas (8 dist. latins.)
        </p>
      </div>
    </body>
  </text>
</TEI>
