<?xml version='1.0' encoding='UTF-8'?>
<?xml-model href="https://raw.githubusercontent.com/OpenITI/tei_openiti/master/tei_openiti.rng" type="application/xml" schematypens="http://relaxng.org/ns/structure/1.0"?>
<?xml-model href="https://raw.githubusercontent.com/OpenITI/tei_openiti/master/tei_openiti.rng" type="application/xml" schematypens="http://purl.oclc.org/dsdl/schematron"?>
<TEI xmlns="http://www.tei-c.org/ns/1.0">
  <teiHeader>
    <fileDesc>
      <titleStmt>
        <title/>
      </titleStmt>
      <publicationStmt>
        <p/>
      </publicationStmt>
      <sourceDesc>
        <p/>
      </sourceDesc>
    </fileDesc>
    <profileDesc>
      <calendarDesc>
        <calendar xml:id="ah">
          <p>Anno Hegirae</p>
        </calendar>
      </calendarDesc>
    </profileDesc>
    <xenoData xml:space="preserve">
CREATED: 2024-04-11T12:19:59.321665+00:00
CREATED BY: eScriptorium vpassthistobuildcmd
IMAGE FILENAME: A121078-5276.tif
IMAGE WIDTH: 2422
IMAGE HEIGHT: 3864
</xenoData>
  </teiHeader>
  <text>
    <body>
      <div>
        <p>
          <lb/>1586
          <lb/>8, 9, 683, 4, 6, 7, 690, 5, 6, 8, 700,
          <lb/>Beuther, Joh. Michael (Strasbourg),
          <lb/>1, 2, 3, 4, 6, 7, 8, 710, 1, 3, 5, 6,
          <lb/>455, 1642, 1646.
          <lb/>7, 8, 9, 720, 1, 2, 3, 4, 5, 7, 728,
          <lb/>Beuther, Michael, 196-197, 564, 566,
          <lb/>9, 730, 2, 3, 4, 5, 6, 7, 8, 9, 740, 1,
          <lb/>606, 2146, 2149, 2150.
          <lb/>742, 4, 5, 7, 8, 9, 754, 5, 6, 8, 762,
          <lb/>Beyer, Carsilius (Bellenhofen), 798.
          <lb/>770, 2, 3, 7, 780, 1, 6, 790, 6, 7, 8,
          <lb/>Beyer, Friedr., 798.
          <lb/>800, 801, 2, 3, 4, 5, 6, 8, 9, 814,
          <lb/>Beyhartung. Voir : Monastères.
          <lb/>5, 6, 7, 822, 4, 825, 830, 2, 3, 6, 8,
          <lb/>Bexthius, Joh. (Parochus Gunthof,
          <lb/>841, 3, 4, 6, 7, 8, 9, 850, 3, 4, 5, 6,
          <lb/>anc. poss. 1553), 1111.
          <lb/>7, 8, 9, 860, 1, 2, 3, 5, 866, 7,,871
          <lb/>Biccius, Zacharias (Budisinus), 1085.
          <lb/>2,5, 7, 9, 881, 2, 4, 7, 8, 890, 4, 6, 7,
          <lb/>Biedenfeld, Ferd. von (anc. poss.),
          <lb/>900, 2, 3, 4, 6, 8, 9, 910, 1, 2, 914,
          <lb/>2248.
          <lb/>6, 8, 920, 1, 2, 3, 4, 5, 6, 7, 8, 930,
          <lb/>Biedermann, Leop. Wilh. (médecin,
          <lb/>931, 2, 5, 9, 940, 1, 3, 5, 6, 9, 951,
          <lb/>anc. poss. anno 1774), 1769.
          <lb/>3, 4, 955, 6, 7, 8, 9, 960, 1, 2, 3,
          <lb/>Biel, Gabriel, 201-204.
          <lb/>4, 5, 7, 8, 971, 2, 973, 4, 5, 6, 7,
          <lb/>Bielefeld, A. (Carlsruhe, anc. poss.),
          <lb/>8, 9, 980, 1, 2, 3, 4, 6, 990, 991, 2,
          <lb/>1268, 1898, 2117, 2378.
          <lb/>3, 4, 6, 7, 1007, 8, 9, 1010, 2, 4,
          <lb/>Biener. Voir : Apiarius
          <lb/>1024, 9, 1031, 4, 6, 7, 8, 9, 1040,
          <lb/>Biethenus, Jacobus (Reichenvillensis),
          <lb/>1, 2, 3, 4, 5, 7, 8, 1060, 1, 6, 8,
          <lb/>969, 971.
          <lb/>1060, 1, 2, 3, 4, 8, 9, 1071, 2, 4,
          <lb/>Bigus Pictorius. Voir : Pictorius.
          <lb/>1081, 1232, 1404, 1590, 1608, 1611,
          <lb/>Bildstein, Bartholomaeus (Haguenau,
          <lb/>4, 1738, 1849, 1891, 2054, 2245, 6,
          <lb/>anc. poss.), 2084.
          <lb/>8. 2268, 9, 2271.
          <lb/>Billicanus, Theobaldus, 998.
          <lb/>Berlin BU, 543, 550, 1, 567, 809, 861,
          <lb/>Bing. 2142.
          <lb/>7, 956, 965, 971, 2, 4, 6, 9, 983,
          <lb/>Binz, Gustav (Dr., Bâle, anc. poss.
          <lb/>1009, 1010.
          <lb/>1893), 1971.
          <lb/>Bernard (Saint), 187.
          <lb/>Birch, Sala (anc. poss. 1739), 2373.
          <lb/>Bernardus Trevisanus, 188.
          <lb/>Birck, Sixte 205-206.,
          <lb/>Berndorf, K. (Berlin, anc. poss.
          <lb/>Birckmann, Franciscus, 401, 402.
          <lb/>1893), 1313.
          <lb/>Birett (Augsburg, anc. poss. 1840),
          <lb/>Berne B. M., 325, 1226, 1409, 1433,
          <lb/>2299.
          <lb/>1928.
          <lb/>Bischoff, Sebastian (Brixen), 646.
          <lb/>Bernegger, 2165.
          <lb/>Bitsch, Casp. (anc, poss.), 1063.
          <lb/>Bernhard (Bischof zu Trient, 1530),
          <lb/>Blanifontanus, Al. (anc. poss.), 533.
          <lb/>2106.
          <lb/>Blanquet, C. (Veuve, Hambourg,
          <lb/>Bernhard, Graf zu Eberstein, 1488.
          <lb/>anc. poss. 1871), 1882.
          <lb/>Bernhard A. (anc. poss.), 46.
          <lb/>Blau, Al. (anc. poss. 1788), 533.
          <lb/>Bernhardus (Comes à Salms), 2119.
          <lb/>Bloch, Simon (Schächter, Strassburg,
          <lb/>Berno, abbé de Reichenau, 189.
          <lb/>anc. poss. 1908), 1934.
          <lb/>Beroaldus., Phil., 89, 121, 190-192,
          <lb/>Blony Nic. de. Voir : Nicolaus de
          <lb/>1024, 1576-79, 1581, 1624, 1889.
          <lb/>Blony.
          <lb/>Bersthius, Joh., 2447.
          <lb/>Blotzheim, Hieronymus (Bâle), 323.
          <lb/>Bertram, Antoine (impr. Strasbourg),
          <lb/>Blumberger (stud. jur. anc. poss.),
          <lb/>73, 181, 3, 5, 205, 226, 230, 338,
          <lb/>1524.
          <lb/>398, 423, 455, 6, 8, 462, 3, 559,
          <lb/>Blume, Joh. (anc. poss. 1664), 528.
          <lb/>624, 642, 660, 687, 807, 885, 907,
          <lb/>Blümner, D., 2277.
          <lb/>929, 1023, 1025-28, 1046, 1079,
          <lb/>Boccaccio, Giovanni, 207-210.
          <lb/>1080-84, 10 86-89, 1165, 1177, 1203,
          <lb/>Bocchus, 1623.
          <lb/>1216, 1296, 9, 1341, 2, 1386, 1478,
          <lb/>Bochmerus, Joh., 120.
          <lb/>1594, 1642-59, 1760, 1807, 1914,
          <lb/>Bock, Hieronymus, 211-220, 291, 301.
          <lb/>1920, 2002, 4, 6, 2076, 8, 2081,
          <lb/>Bock, Joh. (Urbis Argent. Praefectus
          <lb/>2104, 2107, 2109, 2111, 3, 7, 2127,
          <lb/>1539), 220, 807, 1614, 1691, 2071.
          <lb/>2156, 7, 9, 2160-63, 2165, 2188.
          <lb/>Bock von Erleburg, Georg Jakob,
          <lb/>1311, 1725, 1730.
          <lb/>Bertramus, Justus (anc. poss.), 1636.
          <lb/>Bertrandus de Turre, 193.
          <lb/>Bock von Gernsheim, Joh., 477.
          <lb/>Böckel, Guilelmus (anc. poss.), 226,
          <lb/>Bescus, Julianus, 2244, 5.
          <lb/>993.
          <lb/>Bessarion (Cardinal), 195, 2067.
          <lb/>Böcking (anc. poss.), 2, 54, 58, 149, 177,
          <lb/>Bethmann-Hollweg, 244.
          <lb/>178, 254, 257, 364, 430, 431, 686, 693,
          <lb/>Betuleius, Xystus. Voir : Birck. Sixte.
          <lb/>694, 753, 782, 838, 867, 880, 904
        </p>
      </div>
    </body>
  </text>
</TEI>
