<?xml version='1.0' encoding='UTF-8'?>
<?xml-model href="https://raw.githubusercontent.com/OpenITI/tei_openiti/master/tei_openiti.rng" type="application/xml" schematypens="http://relaxng.org/ns/structure/1.0"?>
<?xml-model href="https://raw.githubusercontent.com/OpenITI/tei_openiti/master/tei_openiti.rng" type="application/xml" schematypens="http://purl.oclc.org/dsdl/schematron"?>
<TEI xmlns="http://www.tei-c.org/ns/1.0">
  <teiHeader>
    <fileDesc>
      <titleStmt>
        <title/>
      </titleStmt>
      <publicationStmt>
        <p/>
      </publicationStmt>
      <sourceDesc>
        <p/>
      </sourceDesc>
    </fileDesc>
    <profileDesc>
      <calendarDesc>
        <calendar xml:id="ah">
          <p>Anno Hegirae</p>
        </calendar>
      </calendarDesc>
    </profileDesc>
    <xenoData xml:space="preserve">
CREATED: 2024-04-11T12:19:52.804830+00:00
CREATED BY: eScriptorium vpassthistobuildcmd
IMAGE FILENAME: A121078-5103.tif
IMAGE WIDTH: 2348
IMAGE HEIGHT: 3854
</xenoData>
  </teiHeader>
  <text>
    <body>
      <div>
        <p>
          <lb/>1411
          <lb/>R. 102.424 (3). Prov. : Trübner, Strasbourg (Catal. XXII, N° 741),
          <lb/>4/x, 1879.
          <lb/>2e ex. R. 102.425 (3). Prov. : Don de la Bibl. de la Cour de Carlsruhe,
          <lb/>1871.
          <lb/>2241
          <lb/>STURM Joh.
          <lb/>Strasbourg, Josias Rihel, 1597
          <lb/>Partitionum!! Dialecticarum!! Ioannis Sturmii!! Epitome:
          <lb/>[ Recognita, &amp;amp; perspicuis Exemplis!! illustrata! Al
          <lb/>M. Ioanne Bentzio Bruxellensi. In usum Scholae Argenti¬
          <lb/>nensis.
          <lb/>Marque typ. de Jos. Rihel (H. &amp;amp; B. Planche XXXII, N° 16).
          <lb/>Argentorati Cum gratia &amp;amp; Priuilegio Caesareo. (Verso
          <lb/>blanc.)
          <lb/>A la fin : Argentorati! Typis Iosiae Rihelii. M. D. XCVII.
          <lb/>Au-dessous vignette.
          <lb/>In-8°, car, rom. et car. ital., 8 ff. non ch., 225 pp. ch., 2 ff. non ch., de
          <lb/>nombreux ff. blancs sont intercallés, titre courant, réclames, petites init.
          <lb/>ornées.
          <lb/>fol. A 2a : Rector, De- Il canus, et visitato- Il res Academiae Argen- Il
          <lb/>tinensis Lectori!! Benevolo... — Ar Il gentorati, Calendis Junii, !1 Anno
          <lb/>Christi I1 M. D. XCIII. (Préface de quatre pp.)
          <lb/>fol. A 4a : ... Iuueni Ioanni Reinhardo (I à Sickingen... — Argentorati,
          <lb/>IIII. Kalen !! darum Iunij : Anno 1593. 11 T. 1) M. Ioannes Bentzius.
          <lb/>(Vignette. Dédicace de 6 pp.).
          <lb/>R. 101.223 (1). Prov. : Antiquaire Bordes, Strasbourg, 28/VI. 1880; 1 M.
          <lb/>Annotations mss. sur la vie de Sturm au recto du f. de garde. 2242
          <lb/>STURM Johannes, De educatione principum. Voir: SPECULUM
          <lb/>AULICARUM, N° I.
          <lb/>Strasbourg, L. Zetzner, 1600
          <lb/>STURM Peter. Voir: ORDONNANCE (Usure des juifs), Strasbourg,
          <lb/>1532, R22 (1e) et (vente de vin), 1539, R 21 (11).
          <lb/>STYFEL Michael. Voir : STIEFEL, Michael.
          <lb/>STYNNA Johannes de
          <lb/>(Stras bourg, J. Schott ?), 1511
          <lb/>Speculator abbreuia tus alias Speculum abbreuia ll tum
          <lb/>Johannis de Styn! na : cum varijs libel!] lorum &amp;amp; instru!
          <lb/>mento!! rum!! tam in iudicijs, quam in contracti- Il onibus
          <lb/>occurentium: aliorum- que ad practicam utri-usque
          <lb/>iuris mirifi] ce deseruientium! formis : opus insigni!
          <lb/>raritate carum. ]] M. C. XI.
          <lb/>Ad Lectorem Distichon. (1 dist.) Verso blanc.
          <lb/>In-fol., car. goth., 199 ff. ch., et 1 f. blanc, titre courant, init. d’attente,
          <lb/>titre rouge et noir, bel encadrement par Wechtelin : à gauche, une tige
          <lb/>de houblon, à droite, un cep de vigne qui viennent s’entrelacer dans la
        </p>
      </div>
    </body>
  </text>
</TEI>
