<?xml version='1.0' encoding='UTF-8'?>
<?xml-model href="https://raw.githubusercontent.com/OpenITI/tei_openiti/master/tei_openiti.rng" type="application/xml" schematypens="http://relaxng.org/ns/structure/1.0"?>
<?xml-model href="https://raw.githubusercontent.com/OpenITI/tei_openiti/master/tei_openiti.rng" type="application/xml" schematypens="http://purl.oclc.org/dsdl/schematron"?>
<TEI xmlns="http://www.tei-c.org/ns/1.0">
  <teiHeader>
    <fileDesc>
      <titleStmt>
        <title/>
      </titleStmt>
      <publicationStmt>
        <p/>
      </publicationStmt>
      <sourceDesc>
        <p/>
      </sourceDesc>
    </fileDesc>
    <profileDesc>
      <calendarDesc>
        <calendar xml:id="ah">
          <p>Anno Hegirae</p>
        </calendar>
      </calendarDesc>
    </profileDesc>
    <xenoData xml:space="preserve">
CREATED: 2024-04-11T12:19:51.749860+00:00
CREATED BY: eScriptorium vpassthistobuildcmd
IMAGE FILENAME: A121078-5077.tif
IMAGE WIDTH: 2370
IMAGE HEIGHT: 3864
</xenoData>
  </teiHeader>
  <text>
    <body>
      <div>
        <p>
          <lb/>R. 10.548 (11). Prov. : Kubasta &amp;amp; Voigt, Vienne, 25/xI, 1896.
          <lb/>Voir : Obrecht Georgius, Selectissimae disputationes ex juris civilis
          <lb/>materiis. Strasbourg, A. Bertram, 1599.
          <lb/>2188
          <lb/>STATUARIUS Jacobus, Disputatio secunda. De probatione
          <lb/>actionum in personam. Car, rom., 10 ff. non ch. C 3b-E 4b;
          <lb/>175 thèses. Voir: OBRECHT Georgius, Selectissimae dispu¬
          <lb/>tationes ex juris civilis materiis.
          <lb/>Strasbourg, A. Bertram, 1599. R10.548.
          <lb/>STATUTA
          <lb/>Haguenau, H. Gran, 1512
          <lb/>L. 1 Statuta pro-]] uincialia Mo!! guntina.
          <lb/>Dominorum Archiepiscoporum Siffri-di. wernheri.
          <lb/>Gerhardi et Petri Folio I.Domini Archiepiscopi Theode¬
          <lb/>riciet Confirmatio eorundem per!! Legatum Fo. XXXIIII
          <lb/>Domini Archiepiscopi Conradi LII.
          <lb/>II. Constitutiones d. Joannis Episcopi Tusculani per
          <lb/>alemanniam. Fo. LVI. ... (Suivent encore 16 lignes d’Index.)
          <lb/>Verso blanc.
          <lb/>A la fin : Statuta prouincialia ve!! nerabilium dominorum
          <lb/>Siffridi wernheri : Gerhardi : Petri : archiepiscoporum
          <lb/>Mo- guntinensium, expensis prouidi viri Conradi hyst ciuis!
          <lb/>Spirensis per industrium Henricum Gran in impe riali
          <lb/>opido Hagenau ciuem accurante impressa :!! ipso die sancti
          <lb/>Kiliani Anno domini M. D. XII. finiunt felieiter. (Verso blanc.).
          <lb/>In-4°, car. goth., 8 ff. non ch., LXXVIII ff. ch.
          <lb/>fol. A 2a : Emptori Impressor Salutem. (14 lignes.).
          <lb/>Au-dessous : Moguntinus Archiepiscopa!! tus habet suffraganeos...
          <lb/>(Strasbourg vient en septième lieu).
          <lb/>fol. A 2b : Corrector lectoribus Salutem (2 pp. et demie; suivent 10 pp.
          <lb/>de table).
          <lb/>R. 101.479. Prov. : Noiriel (Vente Liblin), Strasbourg, 15/xI, 1880;
          <lb/>22 M.
          <lb/>Walter: Sélestat Ne 2262.
          <lb/>2189
          <lb/>STEINMETZ Valentinus. Voir: OBRECHT Georgius, Disputatio
          <lb/>feudalis secunda ex primo libro scholarum feudalium desumpta.
          <lb/>Strasbourg, A. Bertram, 1597. R 10.557 (2).
          <lb/>STEINMETZEN-BRUDERSCHAFT. Voir: ORDNUNGEN.
          <lb/>STELLARIUM CORONAE BENEDICTAE VIRGINIS MARIAE.
          <lb/>Voir: PELBARTUS DE THEMESWAR.
          <lb/>STEN Simon
          <lb/>(Strasbourg, J. Rihel ?), 1598
          <lb/>Vita Ignatii Loiolae,Qui Religionem Cleri-corum
          <lb/>Societatis Iesu instituit,Ante aliquot annos descripta à
          <lb/>1385
        </p>
      </div>
    </body>
  </text>
</TEI>
