<?xml version='1.0' encoding='UTF-8'?>
<?xml-model href="https://raw.githubusercontent.com/OpenITI/tei_openiti/master/tei_openiti.rng" type="application/xml" schematypens="http://relaxng.org/ns/structure/1.0"?>
<?xml-model href="https://raw.githubusercontent.com/OpenITI/tei_openiti/master/tei_openiti.rng" type="application/xml" schematypens="http://purl.oclc.org/dsdl/schematron"?>
<TEI xmlns="http://www.tei-c.org/ns/1.0">
  <teiHeader>
    <fileDesc>
      <titleStmt>
        <title/>
      </titleStmt>
      <publicationStmt>
        <p/>
      </publicationStmt>
      <sourceDesc>
        <p/>
      </sourceDesc>
    </fileDesc>
    <profileDesc>
      <calendarDesc>
        <calendar xml:id="ah">
          <p>Anno Hegirae</p>
        </calendar>
      </calendarDesc>
    </profileDesc>
    <xenoData xml:space="preserve">
CREATED: 2024-04-11T12:19:55.470119+00:00
CREATED BY: eScriptorium vpassthistobuildcmd
IMAGE FILENAME: A121078-5169.tif
IMAGE WIDTH: 2346
IMAGE HEIGHT: 3850
</xenoData>
  </teiHeader>
  <text>
    <body>
      <div>
        <p>
          <lb/>1477
          <lb/>TRITHEMIUS Johannes
          <lb/>Strasbourg, Math. Hupfuff, 1506
          <lb/>De purissima et im- maculata conceptione virginis
          <lb/>marie, et de festiuitate sancte an ne matris eius.
          <lb/>Deux petites grav. sur bois, l’une à côté de l’autre; à gauche,
          <lb/>l’Annonciation, à droite Sainte Anne et la Sainte Vierge
          <lb/>tenant l’enfant Jésus.
          <lb/>A la fin : Impressum Argentine Per Mathiam Hupfuff.
          <lb/>Anno a natiuitate saluatoris nostri. Millesimo, quadringen¬
          <lb/>tesimo (sic) sexto. (Verso blanc.)
          <lb/>In-4°, car. goth., 8 ff. non ch., sign. a-b, au verso du titre, les mêmes
          <lb/>grav. qu’au recto.
          <lb/>fol. a 2a : Epistola venerabilis domini Johannis abbatis Spanhamensis.
          <lb/>de I] laude sancte Anne et de Conceptione immaculatae virgi Il nis
          <lb/>matris domini nostri Jhesu Christi... — Ex Spanheym Anno! domini
          <lb/>M. cccc. xciiij. (1 p.).
          <lb/>fol. b 3b : Nomina magistrorum Statuto facultatis theo!! logice studij
          <lb/>Parisiensis, Puritati Immacu !] late conceptionis virginis Marie adheren¬
          <lb/>tium (2 pp., à 2 col.).
          <lb/>K. 36.20. Prov. : Librairie E. Lindner (Vente Huber), Strasbourg,
          <lb/>9/VII, 1885, 31 M. 50. Au bas du titre : « Epistola contra maculistas.»
          <lb/>Schmidt V, N° 57 : BM Colmar et BN Strasbourg; il remarque en outre
          <lb/>que Hain No 15640 prend à tort la date pour 1496, n’ayant pas vu le traité
          <lb/>lui-même; « car les actes de la faculté de théologie de Paris à la fin de
          <lb/>l&amp;#x27;ouvrage sont de 1497. La note mss. de notre exemplaire au bas du titre:
          <lb/>« Epistola contra maculistas» prouve que le traité est de 1506, vu que c’est
          <lb/>en cette année qu’a eu lieu l’affaire contre les maculistes.»
          <lb/>Ritter, Catal. BM Strasbourg, N° 2113.
          <lb/>2359
          <lb/>TRITHEMIUS Johannes
          <lb/>Strasbourg, J. Knobloch, 1516
          <lb/>Sermones et Exhorta tiones ad monachos Joannis Tri
          <lb/>temij abbatis Spanheimensis : postea Herbipolen sis.
          <lb/>Quorum sermonum duo sunt libri: primus vocatur Omelia¬
          <lb/>rum. [] secundus Sermonum.
          <lb/>Ottomari Luscinii Argentni in homilias Ioannis Tri¬
          <lb/>temij ad monachos : Decastichon. (5 dist.).
          <lb/>A la fin : Impressi sunt hi duo libri Argentine per!! Joannem
          <lb/>Knoblouch Calchographum.Impensis Joannis haselbergers
          <lb/>de augia!! Constantiensis diocesis Anno domini. M. ] D. xvi.
          <lb/>die vero. XXV. mensis Augusti. (Verso blanc.)
          <lb/>In-fol., car. goth., 2 col., LXXIV ff. ch., titre courant, init. ornées.
          <lb/>Au verso du titre: Texte du privilège impérial :... Date in op II pido
          <lb/>nostro Insprug die decima, mensis Nouembris. Anno domini M. D.
          <lb/>XIIII... Ad mandatum domini Imperatoris !I N. Ziegler.
          <lb/>fol. 22 non ch. : Tituli.
          <lb/>Au verso : Epistola (Lettre de Trithemius à Jean de Colenhausen...)
          <lb/>« Ex spanhem», 6 août 1486).
          <lb/>fol. 58b (après les homélies) : Lettre de Trithemius au même, Ex
          <lb/>spanhem, 12 septembre 1486.
        </p>
      </div>
    </body>
  </text>
</TEI>
