<?xml version='1.0' encoding='UTF-8'?>
<?xml-model href="https://raw.githubusercontent.com/OpenITI/tei_openiti/master/tei_openiti.rng" type="application/xml" schematypens="http://relaxng.org/ns/structure/1.0"?>
<?xml-model href="https://raw.githubusercontent.com/OpenITI/tei_openiti/master/tei_openiti.rng" type="application/xml" schematypens="http://purl.oclc.org/dsdl/schematron"?>
<TEI xmlns="http://www.tei-c.org/ns/1.0">
  <teiHeader>
    <fileDesc>
      <titleStmt>
        <title/>
      </titleStmt>
      <publicationStmt>
        <p/>
      </publicationStmt>
      <sourceDesc>
        <p/>
      </sourceDesc>
    </fileDesc>
    <profileDesc>
      <calendarDesc>
        <calendar xml:id="ah">
          <p>Anno Hegirae</p>
        </calendar>
      </calendarDesc>
    </profileDesc>
    <xenoData xml:space="preserve">
CREATED: 2024-04-11T12:19:50.623452+00:00
CREATED BY: eScriptorium vpassthistobuildcmd
IMAGE FILENAME: A121078-5049.tif
IMAGE WIDTH: 2398
IMAGE HEIGHT: 3864
</xenoData>
  </teiHeader>
  <text>
    <body>
      <div>
        <p>
          <lb/>1357
          <lb/>Le reste du titre et la marque typ. comme dans les éditions
          <lb/>précédentes; même nombre de pages, même préface de 1555
          <lb/>et Apologie. Variante 3a; voyez p. I les notes marginales en
          <lb/>bas; la préface a d’autres caractères que la variante 3b
          <lb/>R. 101.822. Prov. : Don de J. M. Koopmann à Hambourg, 1871. Notes
          <lb/>mss.
          <lb/>2134
          <lb/>SLEIDANUS Johannes
          <lb/>Strasbourg, Rihel, 1557
          <lb/>Joannis SleidaniWarhafftige vnd Ei !! gentliche
          <lb/>beschreibung der Geistlichen vnd Welt- ] lichen sachen,
          <lb/>so sich vnder der Regierung des Groszmechtigsten Key¬
          <lb/>sers Caroli disz namens des v. verlauffen. Durch Marcum
          <lb/>Stamler!! von Augsburg, ausz dem Latin in die rechte Hoch¬
          <lb/>teutsche!! Sprach auff das fleissigst verdolmetschet. Sampt
          <lb/>einer Apologia von dem Authori selbers angestellet.
          <lb/>Marque typ. des Rihel. (H. &amp;amp; B. Planche XXX, No 6.)
          <lb/>Getruckt zu Strasburg im jar! 1557. (Verso blanc.)
          <lb/>In-fol., car. goth., 6 ff. non ch., CCCLXXIII ff. ch., 6 ff. non ch. à 2 col.
          <lb/>(table) et 1 f. blanc, titre courant, réclames, notes marg., init. goth.
          <lb/>fol. a 2a non ch. :... Herrn! Philipsen, Graffen zû Hanaw, und herren
          <lb/>zù Liechtenberg meinem Gnedigen Herren... — Geben zû Straszburg,)
          <lb/>Sontag Trinitatis dem xiij Junij !! Anno M. D. LVII. Il Marcus Stamler
          <lb/>von!! Augspurg.
          <lb/>fol. a 3a non ch. :... Herrn Augusto, Hertzogen!! zû Sachsen...
          <lb/>Johannes Sleidanus... — Datum !! den xxiij. tag des Mertzens im jar
          <lb/>nach Christi Geburt !! Tausent fünffhundert und fünff und!! fünfftzig.
          <lb/>(Préface de 5 pp.)
          <lb/>fol. a 5b non ch. : Joannes Sleidanus dem Gût- (1 hertzigen Leser...
          <lb/>(2 pp. et demie.)
          <lb/>R. 10.474. Prov. : Don de la ville de Trèves, 1871. Au milieu du titre:
          <lb/>«Wolfgangi Hartmanni e Conventu Fratrum a Kalberg»; au verso, timbre:
          <lb/>Stadt. Bibliothek zu Trier.
          <lb/>R. 10.475. Prov. : Don de Fid. Butsch fils, antiquaire à Augsbourg,
          <lb/>1871.
          <lb/>2135
          <lb/>SLEIDANUS Johannes
          <lb/>Strasbourg, Josias Rihel, 1558
          <lb/>Joannis Sleidani(Warhafftige vnd Ei! gentliche besch¬
          <lb/>reibung, was sich in Geistlichend Weltlichen Sachen,
          <lb/>bey Regierung desz Groszmechtigsten Für-sten vnd Herren,
          <lb/>herrn Caroli disz Nammens des Fünfften, Römischen Key¬
          <lb/>sers verlauffen, alles in XXVI Büchern verfasset. Under
          <lb/>welchen das sechs vnd! zwentzigst vormals nie im Truck
          <lb/>auszgangen, aber jetzunder von!] newem hinzu thon, vnnd
          <lb/>von dem Authore selberst be-! schriben worden. Sampt der
          <lb/>Apologia.
          <lb/>Durch Marcum Stamler von Augspurg, auszdem Latin in
          <lb/>die rechte Hochteutsche spraach verdolmetschet.Vnd
        </p>
      </div>
    </body>
  </text>
</TEI>
