<?xml version='1.0' encoding='UTF-8'?>
<?xml-model href="https://raw.githubusercontent.com/OpenITI/tei_openiti/master/tei_openiti.rng" type="application/xml" schematypens="http://relaxng.org/ns/structure/1.0"?>
<?xml-model href="https://raw.githubusercontent.com/OpenITI/tei_openiti/master/tei_openiti.rng" type="application/xml" schematypens="http://purl.oclc.org/dsdl/schematron"?>
<TEI xmlns="http://www.tei-c.org/ns/1.0">
  <teiHeader>
    <fileDesc>
      <titleStmt>
        <title/>
      </titleStmt>
      <publicationStmt>
        <p/>
      </publicationStmt>
      <sourceDesc>
        <p/>
      </sourceDesc>
    </fileDesc>
    <profileDesc>
      <calendarDesc>
        <calendar xml:id="ah">
          <p>Anno Hegirae</p>
        </calendar>
      </calendarDesc>
    </profileDesc>
    <xenoData xml:space="preserve">
CREATED: 2024-04-11T12:19:56.648682+00:00
CREATED BY: eScriptorium vpassthistobuildcmd
IMAGE FILENAME: A121078-5205.tif
IMAGE WIDTH: 2364
IMAGE HEIGHT: 3860
</xenoData>
  </teiHeader>
  <text>
    <body>
      <div>
        <p>
          <lb/>1515
          <lb/>principis... Ludovici... : Franciscus canacia iuris vtriusque doctor prae- Il
          <lb/>fati principis consiliarius : astensisque vicarius II generalis. S. P. D...
          <lb/>K. 2397 (2). Prov. : BN Munich, 14/XII, 1876, 2 M. Notes mss. Au haut
          <lb/>du titre : « Ex-libris Joachimi Schager 1565».
          <lb/>2e ex. : R. 101.448. Prov. : Don de Fid. Butsch fils, antiquaire
          <lb/>à Augsbourg, 1871. Au haut du titre : « Monasterij Ranshouen», au¬
          <lb/>dessus du titre, 1519.
          <lb/>Ritter, BM Strasbourg, No 2184; Walter : Sélestat No 2397, 2426
          <lb/>VOCABULARIUS breviloquus cum arte diphthongandi. Voir:
          <lb/>REUCHLIN Johannes.
          <lb/>VIVES Johannes Ludovicus
          <lb/>Sélestat, L. Schürer, 1520
          <lb/>A la fin : Selestadii in AedibusLazari Schurerij. Mense
          <lb/>Iunio. 1) M. D. XX.
          <lb/>In-4°, car. rom., 36 ff. non ch., sign. A-J, titre courant, réclames, notes
          <lb/>marg., titre encadré de 4 pièces juxtaposées.
          <lb/>Au recto du dernier f. blanc, marque typogr. de Laz. Schürer (H. &amp;amp; B.,
          <lb/>Planche LXXVI, No 2).
          <lb/>fol. Aij-Fiijb : Ioannes Lo- I dovicus Vives Ioanni forti suo... — Vale
          <lb/>mi suavissime Fortis Louanij Idibus Februa- Il rijs M. D. XIX.
          <lb/>fol. Fiüij : Lodovicus!! Vives S. D. Carolo Caren II doleto Potis... —
          <lb/>Louanij Mense Aprili. 11 M. D. XIX.
          <lb/>fol. G-Iiij : Pompeius fugiens. (Titre avec grav. p. 1516).
          <lb/>R. 101.103. Prov. : Don de l’antiquaire Butsch, Augsbourg 1871.
          <lb/>Ritter, BM Strasbourg, N° 2185; Proctor II, Sectio I, N° 11976: Londres,
          <lb/>British Museum; Walter : Sélestat, No 2398.
          <lb/>2427
          <lb/>VIVES Johannes Ludovicus
          <lb/>Strasbourg, B. Beck, 1532
          <lb/>WJe der Türck die Christen haltet so vn- der jm leben,
          <lb/>Johannis Ludouici!! Viuis Valentini gschrifft! Sampt der
          <lb/>Türcken vrsprung! fürgang vnd erweiterung bisz auff  den
          <lb/>heüttigen tag.
          <lb/>Neülich durch D. Caspar Hedion verteütscht in disen
          <lb/>schweren sorgklichen leüffen, allen! liebhabern Christlicher
          <lb/>religion vnd Teütscher nation wol zulesen.
          <lb/>M. D. xxxij. Straszburg. (Verso blanc.)
          <lb/>A la fin : Getruckt zu Straszburg durch Balthasar! Becken
          <lb/>am holtzmarckt, im jar (l M. D. xxxij. (Verso blanc.)
          <lb/>In-4°, car. goth., 20 ff. non ch., sign. A-E, réclames, notes marg.,
          <lb/>init. goth. W, E, G.
          <lb/>R. 100.416. Prov. : Bibl. Heitz, Strasbourg.
          <lb/>Au-dessous du titre autographe de C. Hedio : « Ornatissimo viro
          <lb/>Nicolao D... Knipsio Proconsuli... maiori suo C. Hedio».
          <lb/>2428
          <lb/>VIVES Johannes Ludovicus
          <lb/>(Strasbourg, B. Beck?), 1533
          <lb/>Von Almusen ge! ben zwey büchlin Lu-] douici Viuis.
        </p>
      </div>
    </body>
  </text>
</TEI>
