<?xml version='1.0' encoding='UTF-8'?>
<?xml-model href="https://raw.githubusercontent.com/OpenITI/tei_openiti/master/tei_openiti.rng" type="application/xml" schematypens="http://relaxng.org/ns/structure/1.0"?>
<?xml-model href="https://raw.githubusercontent.com/OpenITI/tei_openiti/master/tei_openiti.rng" type="application/xml" schematypens="http://purl.oclc.org/dsdl/schematron"?>
<TEI xmlns="http://www.tei-c.org/ns/1.0">
  <teiHeader>
    <fileDesc>
      <titleStmt>
        <title/>
      </titleStmt>
      <publicationStmt>
        <p/>
      </publicationStmt>
      <sourceDesc>
        <p/>
      </sourceDesc>
    </fileDesc>
    <profileDesc>
      <calendarDesc>
        <calendar xml:id="ah">
          <p>Anno Hegirae</p>
        </calendar>
      </calendarDesc>
    </profileDesc>
    <xenoData xml:space="preserve">
CREATED: 2024-04-11T12:19:52.682648+00:00
CREATED BY: eScriptorium vpassthistobuildcmd
IMAGE FILENAME: A121078-5097.tif
IMAGE WIDTH: 2350
IMAGE HEIGHT: 3846
</xenoData>
  </teiHeader>
  <text>
    <body>
      <div>
        <p>
          <lb/>1405
          <lb/>Au verso du titre : Insignia, sive arma Gene- !! rosorum Comitum,
          <lb/>&amp;amp; Domi- 11 norum in Castell, &amp;amp;c; au-dessous les armoiries.
          <lb/>fol. A 2a : ... Domino, Georgio, Comi- ti, &amp;amp; Domino in Castell,
          <lb/>Naviscorum gubernatori, in !! superioris Marchionatus Brandenburgici
          <lb/>pro-! uincia... Valentinus Erythraeus... — Argentorati, M. D. LXXIIII.
          <lb/>II III. Calend. Septem- Il bris. (Préface de 11 pp.)
          <lb/>fol. A 7b : Candido Lectori !! Typographus.
          <lb/>R. 101.222. Prov. : G. Rettig, Strasbourg, 15/VI, 1889; 4 M.
          <lb/>Ritter, BM Strasbourg, n° 2011.
          <lb/>2229
          <lb/>STURM Johannes
          <lb/>Strasbourg, B. Jobin, 1576
          <lb/>Ioannis Sturmii De Universa Ra- tione Elocutionis!
          <lb/>Rhetoricae, Libri IIII. Nunc primum in lucem editi opera
          <lb/>&amp;amp; studio Christophori Thretii Poloni.
          <lb/>Marque typ. de Bern. Jobin. (H. &amp;amp; B. Planche XXXVII,
          <lb/>No 2.
          <lb/>Au-dessous : Gratia priuilegioque Caesareo. Per Bernhar¬
          <lb/>dum Iobinum.
          <lb/>In-8°, car. ital., 8 ff. non ch., 819 pp. ch., titre courant, réclames,
          <lb/>notes marg., init. ornées. Titre encadré (ornement d’architecture avec
          <lb/>deux génies au milieu de la bande inférieure).
          <lb/>fol. a 2a non ch. : Ioannes Sturmius !! Christophoro Thre- I! tio Polono.
          <lb/>S. D... — Argentorati !! 20. Octobr. 1575. (Cul-de-lampe.)
          <lb/>fol. 3a :... Stanislas Praedborio de Coniespole, 11 Succamerario
          <lb/>Siradiensi : Regni Poloniae!! Secretario... S. P. D. Il Christophorus
          <lb/>Thretius.
          <lb/>Epistola dedicatoria (en car. rom.) datée : Cracoviae. 8. 11 Calend.
          <lb/>Iunij. 1576.
          <lb/>fol. 8b ; Portrait de I. Sturm.
          <lb/>R. 100.027. Prov. : Don de Fid. Butsch fils, antiquaire à Augsbourg,
          <lb/>1871. Au titre : « Sum Abdiae Wickneri».
          <lb/>A la fin : 17 ff. blancs, dont 6 avec l’Index en mss.
          <lb/>2e ex. R. 100.028. Prov. : Bibl. Ch. Schmidt avec son ex-libris, au-dessous
          <lb/>annotation de sa main : « Vente à Leipzig, 1855 ».
          <lb/>A l’intérieur du 1er plat, au crayon : « Danz. Bibl. 6/VIII, 1851».
          <lb/>Oxford, Bibl. Bodleiana; Bibl. St. Guillaume, et Ritter, BM Strasbourg,
          <lb/>n° 2012.
          <lb/>2230
          <lb/>STURM Johannes
          <lb/>Strasbourg, N. Wyriot, 1577
          <lb/>Consolatoria loan. Sturmii epistola, ad virum! claris¬
          <lb/>simvm D. Bernhardvm!! Botzemium Iurisc. Compatrem, de
          <lb/>morte filij Ioan. Christophori Botzhemij tristiss. &amp;amp;
          <lb/>improuiso casu perempti.
          <lb/>Cui adiectae!! orationes fvnebres duae, et! Epicedia ab
          <lb/>amicis, viris doctis, studiosisque, Acade-miae, luctus leuan¬
          <lb/>di causa, conscripta.
          <lb/>Sampt der Christlichen Leichpredigt Herrn Johanns
        </p>
      </div>
    </body>
  </text>
</TEI>
