<?xml version='1.0' encoding='UTF-8'?>
<?xml-model href="https://raw.githubusercontent.com/OpenITI/tei_openiti/master/tei_openiti.rng" type="application/xml" schematypens="http://relaxng.org/ns/structure/1.0"?>
<?xml-model href="https://raw.githubusercontent.com/OpenITI/tei_openiti/master/tei_openiti.rng" type="application/xml" schematypens="http://purl.oclc.org/dsdl/schematron"?>
<TEI xmlns="http://www.tei-c.org/ns/1.0">
  <teiHeader>
    <fileDesc>
      <titleStmt>
        <title/>
      </titleStmt>
      <publicationStmt>
        <p/>
      </publicationStmt>
      <sourceDesc>
        <p/>
      </sourceDesc>
    </fileDesc>
    <profileDesc>
      <calendarDesc>
        <calendar xml:id="ah">
          <p>Anno Hegirae</p>
        </calendar>
      </calendarDesc>
    </profileDesc>
    <xenoData xml:space="preserve">
CREATED: 2024-04-11T12:19:57.070235+00:00
CREATED BY: eScriptorium vpassthistobuildcmd
IMAGE FILENAME: A121078-5220.tif
IMAGE WIDTH: 2376
IMAGE HEIGHT: 3864
</xenoData>
  </teiHeader>
  <text>
    <body>
      <div>
        <p>
          <lb/>1530
          <lb/>simo !! principi ac domino!! Domino Mauricio Duci Saxoniae, 11 Lant¬
          <lb/>grauio Turingiae &amp;amp; Marchioni Misnae, Domino suo clementissi!] mo,
          <lb/>gratiam &amp;amp; pacem !! in Christo... — Hiernonymus Vueller.
          <lb/>R. 102.206. Prov. : Don de la BU Kœnigsberg, 1872. Au milieu du titre
          <lb/>timbre de la Bibl. de Kœnigsberg.
          <lb/>Voir : Nobbe, Heinrich F. A. : D. Hieronymus Weller von Molsdorff,
          <lb/>der Freund und Schüler Luther’s, nach seinem evangelischen Leben
          <lb/>und Wirken dargestellt. Leipzig, Dörffling &amp;amp; Franke, 1870, in-8°, 168 p.
          <lb/>Bibliographie Weller; Schottenloher II, Nos 2281-2284, 12028, 13451,
          <lb/>13451a.
          <lb/>2453
          <lb/>WELSCH Gattung
          <lb/>Strasbourg, M. Schürer, 1513
          <lb/>Die Welsch Gattung (en car, rom.). Au-dessous 12 vers
          <lb/>allemands:
          <lb/>Ich welscher wind. Kum weich vnd lind
          <lb/>Gee lieblich ein. Pringt doch grösz pein!
          <lb/>Yetz von mittag. Merck auf mein sag!
          <lb/>Mars gebt grosz schand. Hüt dich teütsch land!! Der Löw
          <lb/>der schreigt. Die Gilg die leidt Yetz vil der pein...
          <lb/>A la fin : Inn Straszpurg der löblichen statt!! Mich Matthias
          <lb/>Schürer getruckt hat M. D. XIII. (Au verso : 18 vers).
          <lb/>In-4°, 8 ff. non ch., LII ff. ch. (Schmidt VIII, No 123 dit 6 ff. non
          <lb/>num. ; 92 ff. num.), init. d’attente.
          <lb/>Deux grav. de Hans Baldung Grien, dont le fol. A VIIb porte son
          <lb/>monogramme, elle représente un homme nu garotté par un homme sauvage,
          <lb/>devant lui une femme sortant de sa maison; la première grav. fol. Aija
          <lb/>contient 4 hommes qui représentent des planètes, devant eux une
          <lb/>chaudière, dont sort une épaisse fumée, l’un d’eux tient un livre, où l’on
          <lb/>lit sur la couverture extérieure 1239.
          <lb/>fol. 44a, image d’une éclipse de soleil.
          <lb/>Préface en rimes de 8 ff.
          <lb/>R. 100.260. Prov. : Bibl. Böcking. Les ff. A7 et E III ont été remplacés
          <lb/>par des facsimilés.
          <lb/>Schmidt VIII, No 123.
          <lb/>2454
          <lb/>WELT, die new. Voir: GRYNAEUS Simon.
          <lb/>WERNER Siffrid. Voir : STATUTA provincialia Moguntina.
          <lb/>Haguenau, H. Gran, 1512
          <lb/>WERT Wilhelm. Voir: ZENDERS DE WERDT Guilhelmus.
          <lb/>WESTHEIMER Bartholomaeus Strasbourg, J. Albrecht, 1535
          <lb/>Collectanea troporum, sacrae scri pturae candidatis
          <lb/>utilissima, ex primarijs tam He- braeorum, quàm Ecclesiasti¬
          <lb/>corum commentarijs congesta, iamque quarto diligen¬
        </p>
      </div>
    </body>
  </text>
</TEI>
