<?xml version='1.0' encoding='UTF-8'?>
<?xml-model href="https://raw.githubusercontent.com/OpenITI/tei_openiti/master/tei_openiti.rng" type="application/xml" schematypens="http://relaxng.org/ns/structure/1.0"?>
<?xml-model href="https://raw.githubusercontent.com/OpenITI/tei_openiti/master/tei_openiti.rng" type="application/xml" schematypens="http://purl.oclc.org/dsdl/schematron"?>
<TEI xmlns="http://www.tei-c.org/ns/1.0">
  <teiHeader>
    <fileDesc>
      <titleStmt>
        <title/>
      </titleStmt>
      <publicationStmt>
        <p/>
      </publicationStmt>
      <sourceDesc>
        <p/>
      </sourceDesc>
    </fileDesc>
    <profileDesc>
      <calendarDesc>
        <calendar xml:id="ah">
          <p>Anno Hegirae</p>
        </calendar>
      </calendarDesc>
    </profileDesc>
    <xenoData xml:space="preserve">
CREATED: 2024-04-11T12:19:55.643894+00:00
CREATED BY: eScriptorium vpassthistobuildcmd
IMAGE FILENAME: A121078-5179.tif
IMAGE WIDTH: 2342
IMAGE HEIGHT: 3856
</xenoData>
  </teiHeader>
  <text>
    <body>
      <div>
        <p>
          <lb/>1489
          <lb/>VALERIUS Maximus
          <lb/>Strasbourg, J. Cammerlander, 1533
          <lb/>ValeriusMaximus von geschichten der Römer vnd
          <lb/>aussers volcks, Perser, Medier, Griechen, Aphern, Flem¬
          <lb/>ming und Teutschen, durch Petrum Sel-bet der Rechten
          <lb/>Licentiaten new !] verteutscht.
          <lb/>Getruckt zu Straszburg bei Jacob Kammerlandern. Anno
          <lb/>M. D. XXXIII.Cum Priuilegio. (Verso blanc.)
          <lb/>Au verso du dernier f. blanc, marque typ. de J. Cammer¬
          <lb/>lander. (H. &amp;amp; B. Planche XXIV, N° I; Silvestre, No 816.)
          <lb/>In-fol., car. goth., 3 ff. non ch., XCIII ff. ch., titre courant, réclames,
          <lb/>notes marg., init. goth. et belles grandes init. à fig. D, B, A, I.
          <lb/>fol. 2a : In Valerium Maximum vorred! Petri von Selbet licencia¬]
          <lb/>ten ettwan in beiden Rechten... (2 pp.). Suivent 2 pp. à 2 col. (table).
          <lb/>R. 10.514. Prov. : Trübner, Strasbourg, 10/VI, 1887; 16 M.
          <lb/>Walter : Sélestat 2355.
          <lb/>2377
          <lb/>VALERIUS Maximus
          <lb/>Strasbourg, J. Cammerlander, 1535
          <lb/>Valerius Maximus von Gschich ten der Römer vnd
          <lb/>aussers Volcks, Perser, Medi-r, Griechen, Aphern,
          <lb/>Flemming vnd Teutschen, Alles lustig, nottwendig, vnd
          <lb/>nütz zulesen, darinn erlernt mann alte thaten, orde-nung
          <lb/>der Reich, Land, Stätt vnd Lewt, den nachkümlin-gen zu
          <lb/>eynem ebenbildt, das gut anzunemen, vnd dasbösz zufliehen.
          <lb/>! Durch Petrum Selbet der Rechten Licenciaten new ver¬
          <lb/>teutscht.
          <lb/>Getruckt zu Straszburg bei Jacob Kammerlandern.! Anno
          <lb/>M. D. XXXV. (Verso blanc.)
          <lb/>A la fin: Getruckt zu Straszburg durch Jacob Cammer¬
          <lb/>landern in derFrieburger gassen. Anno M. D. XXXV.
          <lb/>Au verso marque typ. de J. Cammerlander. (H. &amp;amp; B.
          <lb/>Pl. XXIV, No I ; Silvestre, No 816.)
          <lb/>In-fol., car. goth., 3 ff. non ch., LXXXII ff. ch., titre courant; réclames,
          <lb/>notes marg., init. goth., belles et grandes init. D, B, A, I.
          <lb/>fol. 2a non ch. : Vorred. 1l Petrus von Selbet... wun- I1 schet dem leser
          <lb/>seinen underthenigen dienst zu vor... (Préface de l’édition de 1533).
          <lb/>Au verso : Verstand vnd auszlegung etlich-er ämpter namen.
          <lb/>Suivent 2 pp. de table à 2 col. Réimpression de l’édition de 1533.
          <lb/>R. 10.515. Prov. : A. Bielefeld, Carlsruhe, 12/VII, 1881; 20 M.
          <lb/>2378
          <lb/>VALLA Georgius
          <lb/>Strasbourg, H. Sybold, s. d.
          <lb/>GeorgiusValla Placentinus De Tu! enda Sanitate Per vi
          <lb/>ctum et quae secun dum cuiusque naturam in uictu sequen¬
          <lb/>da aut fugienda sunt.
          <lb/>Paulus Aeginata de ciborum facultatibus.
          <lb/>R. 94
        </p>
      </div>
    </body>
  </text>
</TEI>
