<?xml version='1.0' encoding='UTF-8'?>
<?xml-model href="https://raw.githubusercontent.com/OpenITI/tei_openiti/master/tei_openiti.rng" type="application/xml" schematypens="http://relaxng.org/ns/structure/1.0"?>
<?xml-model href="https://raw.githubusercontent.com/OpenITI/tei_openiti/master/tei_openiti.rng" type="application/xml" schematypens="http://purl.oclc.org/dsdl/schematron"?>
<TEI xmlns="http://www.tei-c.org/ns/1.0">
  <teiHeader>
    <fileDesc>
      <titleStmt>
        <title/>
      </titleStmt>
      <publicationStmt>
        <p/>
      </publicationStmt>
      <sourceDesc>
        <p/>
      </sourceDesc>
    </fileDesc>
    <profileDesc>
      <calendarDesc>
        <calendar xml:id="ah">
          <p>Anno Hegirae</p>
        </calendar>
      </calendarDesc>
    </profileDesc>
    <xenoData xml:space="preserve">
CREATED: 2024-04-11T12:19:57.002432+00:00
CREATED BY: eScriptorium vpassthistobuildcmd
IMAGE FILENAME: A121078-5217.tif
IMAGE WIDTH: 2376
IMAGE HEIGHT: 3862
</xenoData>
  </teiHeader>
  <text>
    <body>
      <div>
        <p>
          <lb/>1527
          <lb/>Patauien sis verbi dei concionatoris famosissimi. (Verso
          <lb/>blanc.)
          <lb/>A la fin : Sermones dominicales... expensis pro- 1l uidi viri
          <lb/>Joannis Rynman de Oringaw: diligenter reuisi et impressi
          <lb/>in imperiali oppido! Hagenaw per industrium Henricum Gran,
          <lb/>niunt feliciter Anno salutis nostre Millesimo quingen¬
          <lb/>tesimo duodecimo : in vigilia assum-ptionis b. Mariae
          <lb/>virginis. (Verso blanc.)
          <lb/>In-fol., car. goth., 2 col., 246 ff. non ch. sign. a-z, A-K, titre courant,
          <lb/>init. d’attente (D).
          <lb/>fol. 2a : Tabula (10 ff.) suivie d’un f. blanc; au f. suivant le titre est
          <lb/>répété.
          <lb/>R. 10.379. Prov. : Don d’Ensfelder, curé à Riquewihr, 24/V, 1886.
          <lb/>Notes mss. au bas du titre : « Ex libris Johann. Bersthii Sunthofani
          <lb/>1554 ». Après l’explicit : « Sum ex libris Joannis Bersthii, 1559». Veni ad
          <lb/>Sunthofe 1553. A la fin, à l’intérieur du Ier plat :... « Sunt Empti in vigilia
          <lb/>apostolorum Philippi et Jacobi 1513 ».
          <lb/>2447
          <lb/>WANN Paulus
          <lb/>Haquenau, H. Gran, 1514
          <lb/>Sermones de septem! vitijs criminalibus eorumque reme!
          <lb/>dijs Magistri Pauli wan the osophi et concionatoris Pata
          <lb/>uiensis eximij : cum omnibus! hominibus salubres, tum
          <lb/>maxime in vinea sab-baoth laborantibus conducibiles,
          <lb/>iam!prima excusio!! ne in lucem!! editi.
          <lb/>Index bifarius tam verborum senten tiarumque: quam
          <lb/>exemplorum adhibitus: ne longa alicuius rei inquisitione:
          <lb/>lectori ! fastidium generetur. (Verso blanc.)
          <lb/>A la fin: Sermones... Pecunia et aere, bona fide viri Joannis
          <lb/>Rynman de Oringau, per industrium virum Henricum Gran
          <lb/>in oppido Hagenau diligenter et primis hisce stan-is
          <lb/>litteris transscripti, finem bono auspicio sortiebantur tertio
          <lb/>Idus Aprilis. Anno Redemptionis humani generis.
          <lb/>M. D. XIIII. (Verso blanc.)
          <lb/>In-4°, car. goth., 14 ff. non ch. dont le dernier blanc (Table) —428 ff.
          <lb/>non ch., sign. a-z, A-Z, AA-OO, titre courant, notes marg. init. d’attente,
          <lb/>titre rouge et noir, encadré (H. &amp;amp; B., Planche LXIV, No 2).
          <lb/>R. 101.449. Prov. : Bibliothèque du Gymnase de Heilbronn, 2/IV,
          <lb/>1878; contre échange.
          <lb/>Au verso du titre, ex-libris de la Bibl. municipale de Heilbronn; à
          <lb/>l’intérieur du 1er plat: « Ex legato Egregij viri Artium ac sacre Theologiae
          <lb/>doctoris domini Ioannis krener ex Scherding Concionatoris Heylpro¬
          <lb/>nensis».
          <lb/>Ritter, BM Strasbourg, N° 2195.
          <lb/>Oxford. Bibl. Bodleiana; Proctor II, Sectio I, No 11.660 : Londres,
          <lb/>British Museum.
          <lb/>2448
        </p>
      </div>
    </body>
  </text>
</TEI>
