<?xml version='1.0' encoding='UTF-8'?>
<?xml-model href="https://raw.githubusercontent.com/OpenITI/tei_openiti/master/tei_openiti.rng" type="application/xml" schematypens="http://relaxng.org/ns/structure/1.0"?>
<?xml-model href="https://raw.githubusercontent.com/OpenITI/tei_openiti/master/tei_openiti.rng" type="application/xml" schematypens="http://purl.oclc.org/dsdl/schematron"?>
<TEI xmlns="http://www.tei-c.org/ns/1.0">
  <teiHeader>
    <fileDesc>
      <titleStmt>
        <title/>
      </titleStmt>
      <publicationStmt>
        <p/>
      </publicationStmt>
      <sourceDesc>
        <p/>
      </sourceDesc>
    </fileDesc>
    <profileDesc>
      <calendarDesc>
        <calendar xml:id="ah">
          <p>Anno Hegirae</p>
        </calendar>
      </calendarDesc>
    </profileDesc>
    <xenoData xml:space="preserve">
CREATED: 2024-04-11T12:19:51.596696+00:00
CREATED BY: eScriptorium vpassthistobuildcmd
IMAGE FILENAME: A121078-5071.tif
IMAGE WIDTH: 2368
IMAGE HEIGHT: 3854
</xenoData>
  </teiHeader>
  <text>
    <body>
      <div>
        <p>
          <lb/>1379
          <lb/>Lazari Zetzners, Buchhändlers. !! Im Iar M. D. XCIX. (Verso
          <lb/>blanc.).
          <lb/>In-fol., car. goth., 8 ff. non ch., 110 ff. ch.-2 ff. non ch. (Registre et
          <lb/>instruction du lecteur et du relieur sur l’emploi des gravures.). Encadre¬
          <lb/>ment du titre comme dans l’édition de 1589; titre rouge et noir, de nom¬
          <lb/>breuses gravures, figures géométriques, plans de fortifications, forte¬
          <lb/>resses, etc. Notes marg., au bas des 2 derniers ff. non ch. culs-de-lampe,
          <lb/>init., fol. 2a non ch. : Dem... Herrn Friderichen Pfaltz- Il grauen bey
          <lb/>Rhein, Hertzogen in Bayern... Meinem gnädigsten Fürsten und Herrn
          <lb/>(avec les armoiries de ce dernier)... — Geben in Strassburg den 10. Il
          <lb/>Februarij, Anno 1599... Lazarus Zetzner, Buchhändler II vnd Burger
          <lb/>daselbsten.
          <lb/>fol. 3b non ch. : Portrait de Specklin, au-dessous : Poésie allemande de
          <lb/>Josephus Langius Caesaremontanus (100 vers.).
          <lb/>fol. 5a non ch. : Vorred des Authoris an den günstigen Leser.
          <lb/>R. 10.437. Prov. : BN Munich, 11/VII, 1879; 6M.
          <lb/>Au bas du titre note mss. : « Collegii Societatis Jesu Monachii 1696».
          <lb/>BM Colmar; Walter: Sélestat 2251.
          <lb/>2177
          <lb/>SPECULATOR ABBREVIATUS. Voir : STYNNA Johannes de.
          <lb/>SPECULUM AULICARUM
          <lb/>Strasbourg, L. Zetzner, 1600
          <lb/>Speculi Aulica!! rum atque po-!] liticarum ob-!] serua¬
          <lb/>tionum.Libelli Sex: nimirum.
          <lb/>1. De educatione Principum Joannis !! Sturmii, &amp;amp;c.
          <lb/>2. De Conciliis &amp;amp; consiliariis Principum Fri-(derici Furii &amp;amp;c.
          <lb/>3. Consiliarius Hyppoliti a Col-llibus.
          <lb/>4. Palatinus sive Aulicus eiusdem au-IIctoris.
          <lb/>5. Aulicus Politicus Duri de Pa-Ilscolo.
          <lb/>6. Hypomneses politicae Francisci! Guicciardini. ] denuo,
          <lb/>ob penuriam exem- plarium omnes coniunctim, accuratiùs,
          <lb/>in usum !! Aulicorum atque Politicorum omnium, !I concinnati
          <lb/>atque aditi.
          <lb/>Procurante. Lazaro Zetznero biblio- po la Argentinense.)
          <lb/>M. D. C. (Verso blanc.)
          <lb/>Petit in-8°, car, rom., 275 ff. non ch.--2 ff. blancs, sign. A-Z (à 12 fr.
          <lb/>chacun), titre courant, réclames, init. ornées, vignettes.
          <lb/>fol. A 2a : Typographus !! aequo lector- Il ri S... « Neque vero est, quod
          <lb/>quis- ] quam repetita hac &amp;amp; denuô a me!! libellorum offendatur. Quan¬
          <lb/>quam enim !! à nobis primo non sint excusi inque !! lucem producti,
          <lb/>adeoque falcem !] in alienam messem mittere videri I] queamus : tamen,
          <lb/>quoniam nullius II priuati commodi aut lucri, sed Il publicae. Vtilitatis
          <lb/>causa suscepta est : Il idcirco tam Auctores, siqui adhuc II superstites
          <lb/>sunt, quam Typogra- Il phi, è quorum officinis libri illi I! primum pro¬
          <lb/>dierunt, aequiores esse Il debent. Tu lector vale, &amp;amp; si vis, his Il fruere.
          <lb/>fol. A 3a-A 5b : AD... Alex-]] andrum, Ducem Slucensem &amp;amp; Copulen¬
          <lb/>sem, &amp;amp;c. Ioannis Sturmii I] Epistola... Northemii 27. Il Maiï. An. 81.
          <lb/>fol. A 6a : Ad illustrissimum prin- cipem Gulielmum ducem Iulia¬
        </p>
      </div>
    </body>
  </text>
</TEI>
