<?xml version='1.0' encoding='UTF-8'?>
<?xml-model href="https://raw.githubusercontent.com/OpenITI/tei_openiti/master/tei_openiti.rng" type="application/xml" schematypens="http://relaxng.org/ns/structure/1.0"?>
<?xml-model href="https://raw.githubusercontent.com/OpenITI/tei_openiti/master/tei_openiti.rng" type="application/xml" schematypens="http://purl.oclc.org/dsdl/schematron"?>
<TEI xmlns="http://www.tei-c.org/ns/1.0">
  <teiHeader>
    <fileDesc>
      <titleStmt>
        <title/>
      </titleStmt>
      <publicationStmt>
        <p/>
      </publicationStmt>
      <sourceDesc>
        <p/>
      </sourceDesc>
    </fileDesc>
    <profileDesc>
      <calendarDesc>
        <calendar xml:id="ah">
          <p>Anno Hegirae</p>
        </calendar>
      </calendarDesc>
    </profileDesc>
    <xenoData xml:space="preserve">
CREATED: 2024-04-11T12:19:54.547909+00:00
CREATED BY: eScriptorium vpassthistobuildcmd
IMAGE FILENAME: A121078-5144.tif
IMAGE WIDTH: 2340
IMAGE HEIGHT: 3856
</xenoData>
  </teiHeader>
  <text>
    <body>
      <div>
        <p>
          <lb/>1452
          <lb/>eine sogenannte Harmonie zu bringen sucht... Panzer, Geschichte der
          <lb/>Bibelübersetzung, 2. Ausg. Leipzig 1791. Page 133 : eine eben so seltene
          <lb/>als merkwürdige Aussgabe. »
          <lb/>Schmidt I, n° 236.
          <lb/>2309
          <lb/>TESTAMENTUM NOVUM (en allemand)
          <lb/>Strasbourg, J. Grüninger, 1529
          <lb/>Das gantz neüw TestamentMit schönen hübschen
          <lb/>Fi!! guren, Vnd durch die einhelligkeit der! Euangelisten
          <lb/>Ordenlichen beschri ben, einem jeden Christen vast!
          <lb/>Nützlich auszgangen. (4 petites têtes, entourées de rayons,
          <lb/>soleils.)
          <lb/>zu Straszburg AnnoM. D. xxix.
          <lb/>Au fol. suivant ; titre et gravure de l’édition Grüninger 1527; avec
          <lb/>l’explicit de l’édition de 1527; le texte et les grav. sont aussi les mêmes,
          <lb/>ainsi que le nombre des ff., il n’y a que le f. du premier titre qui se trouve
          <lb/>avant le titre de 1527.
          <lb/>Le nouveau titre a un encadrement propre à Köpfel (H. &amp;amp; B., plan¬
          <lb/>che XX, N° 16).
          <lb/>Ce n’est donc que l’édition Grüninger de 1527, précédé du titre d’une
          <lb/>édition de 1529.
          <lb/>R. 10.267. Prov. : Don d’O. Abel, Diaconus in Lemberg, 1871; au
          <lb/>verso du f. de garde : W. O. Abel. Lemberg 1825.
          <lb/>2310
          <lb/>TESTAMENTUM NOVUM (en allemand)
          <lb/>Strasbourg, W. Köpfel, 1537
          <lb/>Das Neü! we Testa ment Jhesu!! Christi.
          <lb/>Gedruckt zu Straszburg bey Wolff Köphl. im jar
          <lb/>M. D. XXXVII.
          <lb/>In-8°, car. goth., 2 col., 2 ff. non ch., 158 ff. ch., titre courant, récla¬
          <lb/>mes, notes marg., titre rouge et noir.
          <lb/>7 petites grav. une au commencement de chaque livre, les 4 évangélistes,
          <lb/>la descente du St. Esprit à Pâques, St. Paul et St. Jean au commencement
          <lb/>de l’apocalypse.
          <lb/>Encadrement du titre (H. &amp;amp; B., planche XIX, N° 15).
          <lb/>Au verso du dernier f. marque typ. de Köpfel (H. &amp;amp; B., planche XVIII,
          <lb/>n° 8; Silvestre, n° 559).
          <lb/>Au verso du titre : Wolff Köphl. wünschet!! dem Christlichen leser,
          <lb/>Gnad und I1 Frid, von Gott unserm Herrn.
          <lb/>R. 100.990. Prov. : H. Kerler, Ulm (Catal. 27, No 2552), 7/V, 1879;
          <lb/>7 M. 50.
          <lb/>Annotation ms. au verso du 2e f.
          <lb/>2311
          <lb/>TESTAMENTUM NOVUM (en allemand)
          <lb/>Strasbourg, W. Rihel, 1542
          <lb/>Das Ne-we TestamentMart. Luth.Mit schönen
          <lb/>Figuren.Zu Strasburg beiWendel Rihel.M. D. XLII.
          <lb/>(Verso blanc.)
        </p>
      </div>
    </body>
  </text>
</TEI>
