<?xml version='1.0' encoding='UTF-8'?>
<?xml-model href="https://raw.githubusercontent.com/OpenITI/tei_openiti/master/tei_openiti.rng" type="application/xml" schematypens="http://relaxng.org/ns/structure/1.0"?>
<?xml-model href="https://raw.githubusercontent.com/OpenITI/tei_openiti/master/tei_openiti.rng" type="application/xml" schematypens="http://purl.oclc.org/dsdl/schematron"?>
<TEI xmlns="http://www.tei-c.org/ns/1.0">
  <teiHeader>
    <fileDesc>
      <titleStmt>
        <title/>
      </titleStmt>
      <publicationStmt>
        <p/>
      </publicationStmt>
      <sourceDesc>
        <p/>
      </sourceDesc>
    </fileDesc>
    <profileDesc>
      <calendarDesc>
        <calendar xml:id="ah">
          <p>Anno Hegirae</p>
        </calendar>
      </calendarDesc>
    </profileDesc>
    <xenoData xml:space="preserve">
CREATED: 2024-04-11T12:19:56.457496+00:00
CREATED BY: eScriptorium vpassthistobuildcmd
IMAGE FILENAME: A121078-5194.tif
IMAGE WIDTH: 2348
IMAGE HEIGHT: 3858
</xenoData>
  </teiHeader>
  <text>
    <body>
      <div>
        <p>
          <lb/>1504
          <lb/>suo Achati. S. p. d... — Argentine ex scholis nostris kal. Augusti Anno
          <lb/>M. d. V.
          <lb/>fol. A 2a : ... M. Ringmanni Philesij Carmen. (11 dist.).
          <lb/>plurimam dicit.
          <lb/>Au verso: Albericus vesputius Laurentio pe Itri de me dictis salutem
          <lb/>Au milieu du recto du dernier f. un triangle rectangulaire, les extrémités
          <lb/>de l’hypothénuse représentent la position rétrospective du zénith en
          <lb/>Europe et dans les terres nouvellement découvertes.
          <lb/>Traduction de la lettre d’Améric Vespuce à Laurent, fils de Pierre¬
          <lb/>François de Médicis, rendant compte de son troisième voyage accompli
          <lb/>de mai 1501 à septembre 1502, sur les ordres du roi Emmanuel de Portugal.
          <lb/>R. 100.650. Prov. : J. Hess, Ellwangen, 14/xI, 1887; 200 M.
          <lb/>Schmidt V, N° 41 : Jadis Bibl. de Strasbourg, Incun. N° 4756.
          <lb/>Proctor II, Sectio I, No 10.011 : Londres, British Museum; Brunet
          <lb/>Vs, 1155.
          <lb/>2406
          <lb/>VESPUCIUS Americus
          <lb/>Strasbourg, J. Grüninger, 1509
          <lb/>Disz büchlin saget... (Voir titre à la page suivante).
          <lb/>La gravure du titre est répétée à l’avant-dernier f. (Verso
          <lb/>blanc.)
          <lb/>A la fin : Gedruckt zu Straszburg durch Johannem Grü¬
          <lb/>niger! Im jar, M. CCCCC. ix. vff Letare, Wie du aber dye
          <lb/>kugel vnd beschreibung der gantzenn welt verston sollt, !
          <lb/>würst du hernach finden vnnd lesen. (Vers blanc.)
          <lb/>&amp;quot;Ces mots se rapportent au Globus mundi « Der Welt Kugel Beschrey¬
          <lb/>bung» qui parut le 8 avril de la même année.
          <lb/>In-4°, car. goth., 32 ff. non ch., sign. A-F, titre courant, init. goth.
          <lb/>E, I, A; 3 grav. se rapportant à la vie des sauvages.
          <lb/>fol. A 2a : Vorred von der nuwen welt !]... herren Reinharten künig
          <lb/>zu Hierusalem !] vnd Sycilien, hertzogen zu Lotringen... Ame! ] ricus
          <lb/>Vesputius.
          <lb/>C’est une traduction du latin des «Quatuor navigationes» d’Am.
          <lb/>Vespucius.
          <lb/>R. 100.436. Prov. : Bibl. Edouard Reuss, Strasbourg, 1891.
          <lb/>Proctor II, Sectio I, N° 9914 : Londres, British Museum; Schmidt I,
          <lb/>No 101 : Musée germanique de Nuremberg.
          <lb/>2407
          <lb/>VICTOR Sextus Aurelius. Voir : PLINIUS Secundus C. junior.
          <lb/>Nepos Cornelius et Suetonius. Le GK et le Catalogue de la
          <lb/>BN de Paris réunissent les trois à Aurelius Victor Sextus.
          <lb/>(VIELFELD Jacobus)
          <lb/>Strasbourg, J. Cammerlander, 1533
          <lb/>SPhera materialis : eyn anfang vnd fundament der Astro¬
          <lb/>nomi, ausz den el-tisten dieser kunst meystern, Euclide,
          <lb/>Aristotele, Al-phagrano, Ptolomeo, Almeone, Vergilio,
          <lb/>Ouidio,!! Lucano &amp;amp;c. durch den weitberümbten Johannem de
        </p>
      </div>
    </body>
  </text>
</TEI>
