<?xml version='1.0' encoding='UTF-8'?>
<?xml-model href="https://raw.githubusercontent.com/OpenITI/tei_openiti/master/tei_openiti.rng" type="application/xml" schematypens="http://relaxng.org/ns/structure/1.0"?>
<?xml-model href="https://raw.githubusercontent.com/OpenITI/tei_openiti/master/tei_openiti.rng" type="application/xml" schematypens="http://purl.oclc.org/dsdl/schematron"?>
<TEI xmlns="http://www.tei-c.org/ns/1.0">
  <teiHeader>
    <fileDesc>
      <titleStmt>
        <title/>
      </titleStmt>
      <publicationStmt>
        <p/>
      </publicationStmt>
      <sourceDesc>
        <p/>
      </sourceDesc>
    </fileDesc>
    <profileDesc>
      <calendarDesc>
        <calendar xml:id="ah">
          <p>Anno Hegirae</p>
        </calendar>
      </calendarDesc>
    </profileDesc>
    <xenoData xml:space="preserve">
CREATED: 2024-04-11T12:19:59.213522+00:00
CREATED BY: eScriptorium vpassthistobuildcmd
IMAGE FILENAME: A121078-5273.tif
IMAGE WIDTH: 2418
IMAGE HEIGHT: 3858
</xenoData>
  </teiHeader>
  <text>
    <body>
      <div>
        <p>
          <lb/>1583
          <lb/>Antonius (Archiepiscopus Florenti¬
          <lb/>Aucuparius, Thomas (Vogler), 133,
          <lb/>nus), 67.
          <lb/>136, 139, 164, 1004, 1900-1902,
          <lb/>Antonius de Allexiis, 1351.
          <lb/>1958.
          <lb/>Apelles, Frid. (Beijreutensis), 451.
          <lb/>Auer, Michael (anc. poss.), 1925.
          <lb/>Apezonibus, Joh. Franciscus (Miran¬
          <lb/>Aufsess, J. Jodocus de, 2501.
          <lb/>dulano 1509), 2047.
          <lb/>Augsbourg BM, 325, 6, 9, 1232, 1418.
          <lb/>Apianus, Petrus junior, 1400.
          <lb/>Augustin (Saint), 359, 107-110,
          <lb/>Apiarius, Matthias (impr. Strasbourg),
          <lb/>670, 1213, 1603, 1733, 1793, 2320,
          <lb/>333, 4, 364-370, 786, 925, 1206,
          <lb/>2472.
          <lb/>1663-65, 1736, 2015, 2020, 2444.
          <lb/>Augustinus (Raguseus, Prof. theol.
          <lb/>Apollinaris Quintus. Voir Ryff,
          <lb/>Ord. Praed., 1511) 2325.
          <lb/>Walter Hermann.
          <lb/>Augustus, Caesar (imperator rom.),
          <lb/>Appio, 1270, 1, 2, 5, 8, 9, 1282.
          <lb/>1624.
          <lb/>Apronianus Joh., 35.
          <lb/>Augustus (Dux Saxoniae) 1558, 2084,
          <lb/>Apronius. Voir : Schwintzer.
          <lb/>2129, 2131, 2132, 2135, 2137, 2142-
          <lb/>Aquilius (Praetor), 1659.
          <lb/>46, 2160, 2292.
          <lb/>Arator, Diaconus, 71.
          <lb/>Augustus (junior, Dux Brunsvicen¬
          <lb/>Arcadius (empereur), 478.
          <lb/>sium et Luneburgensium 1598),
          <lb/>Arcanius, 89.
          <lb/>921, 1333.
          <lb/>Archipresbyter, Leo, 822.
          <lb/>Auler, Erasmus (anc. poss.), 2136.
          <lb/>Arcimboldus, Octavianus, 1576, 7, 8,
          <lb/>Aulus Sabinus, 1741.
          <lb/>9, 1581.
          <lb/>Aurelius, Victor, 1623.
          <lb/>Arconatus, Hieronymus (Leorinus),
          <lb/>Aurelius (imperator rom.), 1892.
          <lb/>397, 399.
          <lb/>Aureolus, Petrus, 111.
          <lb/>Aretino, Leonardo Bruni, 72, 831.
          <lb/>Ausonius, 115.
          <lb/>Aretinus, Carolus, 1391.
          <lb/>Austrius, Sebastianus, 2108.
          <lb/>Aretinus (Tortellius), 1187.
          <lb/>Auxinger, Joh. (von Pfaffenhausen,
          <lb/>Aristarches, 1885.
          <lb/>anc. poss.), 1879.
          <lb/>Aristophanes, 865.
          <lb/>Avantius, Hier., 2114.
          <lb/>Aristoteles, 74-82, 338, 714, 801, 831,
          <lb/>Avenarius, Joh., 120.
          <lb/>1078, 1081-89, 1160, 1296, 1529,
          <lb/>Averroes, 2119.
          <lb/>1541, 1546, 1549, 1551, 1669, 1854,
          <lb/>Avicenna, 895, 1930.
          <lb/>1879, 1917, 1926, 1929, 1930, 2380,
          <lb/>Avitus Alcimus, 121.
          <lb/>2408.
          <lb/>Ayala, M., 1887.
          <lb/>Arnaldus de Villa Nova. Voir:
          <lb/>Villanova, Arnaldus de.
          <lb/>Arnoaldus, Beatus. Voir : Arnoldus.
          <lb/>Arnobius, 83.
          <lb/>Bach, Adam Christian (Schulmeister
          <lb/>Arnobius, Caspar (anc. poss. 1564),
          <lb/>zu Dorfgüll, anc. poss. 1645), 358.
          <lb/>2436.
          <lb/>Bachmair, Abraham (Wembdingen¬
          <lb/>Arnold (doyen de la Faculté de
          <lb/>sis), 600.
          <lb/>Droit, Strasbourg, 1829), 127.
          <lb/>Badius Ascensius, Jodocus, 124, 129-
          <lb/>Arnoldus, Beatus (Sélestat), 104, 841,
          <lb/>134, 137-139, 143, 149.
          <lb/>949, 958, 1331, 1882, 2021, 2367,
          <lb/>Badoarius, Sebastianus (Patritius Ve¬
          <lb/>2395.
          <lb/>netus), 1848.
          <lb/>Arthuyson, J. van, 144.
          <lb/>Baer &amp;amp; Cie (Francfort-s.-M., anc.
          <lb/>Artopeus, Joh. Christ. (Fischart), 864.
          <lb/>poss.), 17, 64, 151, 159, 182, 187,
          <lb/>Asbach. Voir : Monastères.
          <lb/>194, 208, 230, 272, 5, 301, 313, 330,
          <lb/>Ascham, Roger, 1141, 1735.
          <lb/>352, 7, 427, 657, 667, 678, 9, 764,
          <lb/>Asconius, Pedianus, 2015.
          <lb/>7, 773, 789, 831, 860, 879, 882, 6,
          <lb/>Askew (Dr. anc. poss.), 2299.
          <lb/>896, 907, 943, 5, 959, 962, 8, 970,
          <lb/>Assa von Kram, 1436.
          <lb/>1, 1011, 1156, 9, 1160, 1171, 1208,
          <lb/>Astmann (Strasbourg, anc. poss. 1877),
          <lb/>1210, 1, 1229, 1235, 6, 7, 9, 1254,
          <lb/>482, 2127.
          <lb/>5, 6, 1262, 4, 1279, 1283, 4, 1285,
          <lb/>Asulanus, Franciscus, 510, 530, 2.
          <lb/>1298, 1316, 1356, 1368, 1372, 1381,
          <lb/>Athanasius, S., 2, 104-106, 1145,
          <lb/>1395, 1403, 1461, 1495, 1514, 1530,
          <lb/>1625, 1822, 2300, 2301.
          <lb/>1568, 1574, 1582, 1593, 1604, 5, 6,
          <lb/>Attieus (Titus Pomponius), 1625.
          <lb/>1613, 1623, 7, 1666, 1738, 9, 1743,
          <lb/>Auberlen, Adolphe (Pasteur à Hars¬
          <lb/>6, 1754, 1806, 1818, 1821, 7, 1857,
          <lb/>felden, Wurtemberg, anc. poss.
          <lb/>1864, 1878, 1887, 1891, 1916, 1923,
          <lb/>1899), 466, 1008, 1935, 1939.
          <lb/>5, 1942, 1959, 1967, 1985, 1996,
        </p>
      </div>
    </body>
  </text>
</TEI>
