<?xml version='1.0' encoding='UTF-8'?>
<?xml-model href="https://raw.githubusercontent.com/OpenITI/tei_openiti/master/tei_openiti.rng" type="application/xml" schematypens="http://relaxng.org/ns/structure/1.0"?>
<?xml-model href="https://raw.githubusercontent.com/OpenITI/tei_openiti/master/tei_openiti.rng" type="application/xml" schematypens="http://purl.oclc.org/dsdl/schematron"?>
<TEI xmlns="http://www.tei-c.org/ns/1.0">
  <teiHeader>
    <fileDesc>
      <titleStmt>
        <title/>
      </titleStmt>
      <publicationStmt>
        <p/>
      </publicationStmt>
      <sourceDesc>
        <p/>
      </sourceDesc>
    </fileDesc>
    <profileDesc>
      <calendarDesc>
        <calendar xml:id="ah">
          <p>Anno Hegirae</p>
        </calendar>
      </calendarDesc>
    </profileDesc>
    <xenoData xml:space="preserve">
CREATED: 2024-04-11T12:19:53.511780+00:00
CREATED BY: eScriptorium vpassthistobuildcmd
IMAGE FILENAME: A121078-5121.tif
IMAGE WIDTH: 2346
IMAGE HEIGHT: 3858
</xenoData>
  </teiHeader>
  <text>
    <body>
      <div>
        <p>
          <lb/>1429
          <lb/>j’ai rencontré qu’un imprimeur de Strasbourg fasse imprimer à ses frais
          <lb/>à Francfort.
          <lb/>Bibliographie Taurellus. Voir : Schottenloher II, N° 21088-21092.
          <lb/>2272.
          <lb/>TECTONUS Theophilus
          <lb/>Strasbourg, J. Grüninger, 1524
          <lb/>Compen diosa BoemiceSeu Hussitane Here !I seos
          <lb/>ortus &amp;amp; eiusdem damnatorum!! Articulorum descriptio Lectu
          <lb/>non! iniucunda nuper a theophi! lo tectono congesta.
          <lb/>Paulus. j. Corinth. xj. Oportet Haereses esse vt probati)
          <lb/>manifesti fiant. (Verso blanc.)
          <lb/>A la fin: Impressum Argentine in officina literaria Ioannis!
          <lb/>Grieninger decima sexta die Mensis Fe!! bruarij Anno salutis.
          <lb/>1524.
          <lb/>In-4°, car. rom., 8 ff. non ch., sign. A-B., notes marg., init. ornées
          <lb/>I, W; l’encadrement du titre est formé par deux lignes doubles qui se
          <lb/>coupent à angles droits.
          <lb/>fol. A 2a : ... Domino Georgio Ebel Domus! Canonicorum regularium
          <lb/>sancti Arbogasti proxime !! Argentinum Praeposito... 1! Hieronymus
          <lb/>Gebwilerus... — Argentorati pridie Idus octobris, Anno... 1523.
          <lb/>R. 101.559. Prov. : Rosenthal, Munich, 9/11. 1884; 30 M. 50. Annota¬
          <lb/>tion mss. au milieu du titre : « Libellus perquam rarus ». Schmidt I,
          <lb/>N° 210.
          <lb/>2273
          <lb/>TENGLER Udalricus
          <lb/>Strasbourg, M. Hupfuff, 1511
          <lb/>Layen-Spiegel.Von rechtmäszigen ordnungen in
          <lb/>Burgerlichen vnd peinlichen regimenten, mit allegationen
          <lb/>vnd bewerungen ausz geschribnen rechten vnnd
          <lb/>gesatzen.
          <lb/>A la fin :... In der Freyen statt Straszburg &amp;amp; Durch
          <lb/>Matheis Hupfuff. In dem jar nach der geburt Cristi
          <lb/>M. De. xj. Am Montag vor sant Ulribs (!) tag.
          <lb/>In-fol., car. goth., 8 ff. non ch., sign. A. B. XCV ff. ch., sign. C.-S,
          <lb/>titre courant, notes marg.
          <lb/>22 gravures, dont 4 sont répétées une fois et deux, deux fois, en tout
          <lb/>30 grav. Au verso du titre, grande gravure: une salle, à travers la porte de
          <lb/>laquelle on voit le visage du soleil; à droite un homme assis, écrivant, à
          <lb/>gauche plusieurs clercs, au haut sur un nuage, le Christ et la sainte Vierge
          <lb/>couronnés, à leur côté des anges; au-dessus 4 hexamètres.
          <lb/>fol. A 2a non ch. : Ein vorred Leyen spiegels I] Doctor Sebastiani
          <lb/>Brannd vor Il reden in disen Layenspiegel.
          <lb/>fol. A 3b non ch. : Philomusus. 1! Iacobus Locher Philomusus... lecto¬
          <lb/>ribus Felicitatem optat... Datum in!! celebratissimo Ingolstadiensi
          <lb/>Gymnasio &amp;amp;cetera.
          <lb/>fol. A 4b non ch. : Epigramma Philomusi (12 dist.).
          <lb/>fol. A 5a non ch. : Epistel an den Drucker herrn...
          <lb/>Réimpression de l’édition Hupfuff de 1510 avec les mêmes gravures.
        </p>
      </div>
    </body>
  </text>
</TEI>
