<?xml version='1.0' encoding='UTF-8'?>
<?xml-model href="https://raw.githubusercontent.com/OpenITI/tei_openiti/master/tei_openiti.rng" type="application/xml" schematypens="http://relaxng.org/ns/structure/1.0"?>
<?xml-model href="https://raw.githubusercontent.com/OpenITI/tei_openiti/master/tei_openiti.rng" type="application/xml" schematypens="http://purl.oclc.org/dsdl/schematron"?>
<TEI xmlns="http://www.tei-c.org/ns/1.0">
  <teiHeader>
    <fileDesc>
      <titleStmt>
        <title/>
      </titleStmt>
      <publicationStmt>
        <p/>
      </publicationStmt>
      <sourceDesc>
        <p/>
      </sourceDesc>
    </fileDesc>
    <profileDesc>
      <calendarDesc>
        <calendar xml:id="ah">
          <p>Anno Hegirae</p>
        </calendar>
      </calendarDesc>
    </profileDesc>
    <xenoData xml:space="preserve">
CREATED: 2024-04-11T12:19:56.498278+00:00
CREATED BY: eScriptorium vpassthistobuildcmd
IMAGE FILENAME: A121078-5197.tif
IMAGE WIDTH: 2358
IMAGE HEIGHT: 3854
</xenoData>
  </teiHeader>
  <text>
    <body>
      <div>
        <p>
          <lb/>1507
          <lb/>Cammerlander-Druckes. Nicht in Wenzel’s Bibliographie der Cammer¬
          <lb/>lander Drucke (1891) und keinem der Nachträge (Clemen in Zeitschr.
          <lb/>f. Bücherkunde N. F. 17, S. 12 ff. und Röttinger, Gutenberg-Jahrbuch
          <lb/>1936). Auch dem Auskunftsbureau der Preussischen Bibliothek ist
          <lb/>kein Ex. bekannt».
          <lb/>Bibliographie Vielfeld. Schottenloher II, N° 21795. 2408
          <lb/>VIELFELD Jacobus. Voir : BRUNFELS Otto. Ein newe Baden¬
          <lb/>fart, 1537; n° 300.
          <lb/>VILLANOVA Arnoldus de
          <lb/>Strasbourg, B. Jobin, 1576
          <lb/>Herliche Medi-cinische Tractat, vor nie in truck
          <lb/>kommen.von Cur des Podagrams, des Hocherfarnen alten
          <lb/>Medici, Arnaldi de Villa Nova.
          <lb/>Item. !! Vom Holz des Lebens. !Vom Goldöl. Antimonij
          <lb/>öl vnd Wein.Von den Tugenden der Perlen, Corallen!vnd
          <lb/>Spiritus vini.Von der Pestilenz: vnd andern nützlichen
          <lb/>materien, welche die vorred andeitet.Nunmals erst durch
          <lb/>den Ehrnvesten vnd hoch-gelehrten Herrn, Heinricum
          <lb/>Wolffium, Doctor, ( vnd Physicum zu Nörnberg, männigli¬
          <lb/>chen zu gutem in truck ver- färtiget.Privilegio Caesareo.
          <lb/>Zu Strasburg bei Bernhart Jobin,Anno 1576. (Verso
          <lb/>blanc.)
          <lb/>In-8°, car. goth., 124 ff. non ch., sign. A-P., titre courant, réclames,
          <lb/>notes marg., init. goth., titre rouge et noir.
          <lb/>fol. 2b : Den... Herren Statpflegern, Burger- Il maister vnd Rath der
          <lb/>loblichen Reichs-Stat Augspurg, meinen gnä-! digen Herren... —
          <lb/>Datum!! Nörnberg zu Sanct Katharinen!! Anno 1576. 11 Heinricus
          <lb/>Wolfius,1 Medicinae Doctor &amp;amp; 1] Physicus Noricus. (Préface de 7 ff.).
          <lb/>R. 101.054. Prov. : Oscar Gerschel, Stuttgart (Vente Gutekunst,
          <lb/>Catal., N° 5262), 20/V, 1886; 5 M. 50.
          <lb/>Au haut du titre, notes ms. : « Monasterij weingartensis. An. 1631».
          <lb/>Au 1 er f. de garde: « Laus deo 1579 »; au milieu : « Monnat Augusti; au
          <lb/>bas : Michel Lustries».
          <lb/>2409
          <lb/>VILLA VITIS. Voir: HIERONYMUS DE Villa Vitis.
          <lb/>VINCENTIUS Ferrerius
          <lb/>Strasbourg, 1503
          <lb/>Sermones sancti Vincentij! fratris ordinis predicatorum
          <lb/>de sanctis. (Verso blanc.)
          <lb/>A la fin: Sermones... Impressi Argentine Anno domi-] ni
          <lb/>M. Ve. iij. Completi in die sancti Pe- tri ad vincula.
          <lb/>In-fol., car. goth., 2 col., 132 ff. non ch. dont le dernier blanc, sign. a-v,
          <lb/>titre courant, init. d’attente.
          <lb/>fol. 2b : Tabula in sermones de sanctis (10 pp.).
          <lb/>R. 10.429. Prov. inconnde.
        </p>
      </div>
    </body>
  </text>
</TEI>
