<?xml version='1.0' encoding='UTF-8'?>
<?xml-model href="https://raw.githubusercontent.com/OpenITI/tei_openiti/master/tei_openiti.rng" type="application/xml" schematypens="http://relaxng.org/ns/structure/1.0"?>
<?xml-model href="https://raw.githubusercontent.com/OpenITI/tei_openiti/master/tei_openiti.rng" type="application/xml" schematypens="http://purl.oclc.org/dsdl/schematron"?>
<TEI xmlns="http://www.tei-c.org/ns/1.0">
  <teiHeader>
    <fileDesc>
      <titleStmt>
        <title/>
      </titleStmt>
      <publicationStmt>
        <p/>
      </publicationStmt>
      <sourceDesc>
        <p/>
      </sourceDesc>
    </fileDesc>
    <profileDesc>
      <calendarDesc>
        <calendar xml:id="ah">
          <p>Anno Hegirae</p>
        </calendar>
      </calendarDesc>
    </profileDesc>
    <xenoData xml:space="preserve">
CREATED: 2024-04-11T12:19:49.653602+00:00
CREATED BY: eScriptorium vpassthistobuildcmd
IMAGE FILENAME: A121078-5030.tif
IMAGE WIDTH: 2376
IMAGE HEIGHT: 3882
</xenoData>
  </teiHeader>
  <text>
    <body>
      <div>
        <p>
          <lb/>1338
          <lb/>In-8°, car. rom., 544 ff. à 2 col., non ch., sign. A-Z, Aa-Zz, AA-Q9;
          <lb/>titre courant, réclames, init. ornées S, A et une au commencement de
          <lb/>chaque nouvelle lettre du dictionnaire.
          <lb/>Au verso du titre, Privilège de l’empereur Rodolphe II daté de Prague
          <lb/>18 juillet 1579, signé Obernburger.
          <lb/>fol. a 2a : Ad. D. Henricum Witzlebium, Ioannis Sturmij Praefatio.
          <lb/>R. 101.696. Prov. : Rosenthal, Munich, 1/V, 1885; 4 M. 50.
          <lb/>2094
          <lb/>SCHORUS Antonius
          <lb/>Strasbourg, J. Rihel, 1596
          <lb/>Antonii Schori!! De Ratione!! Discendae docen-[ daeque
          <lb/>Linguae Lati-nae et Graecae! Libri duo.Accessit de
          <lb/>Novo eiusdem argumenti Libellus, non minus elegans,! quam
          <lb/>necessariusIoan. Rivii Attendo-riensis. Unà cum
          <lb/>Indice.
          <lb/>Marque typ. de Jos. Rihel. (H. &amp;amp; B. Planche XXXII, n° 16.)
          <lb/>Cum Gratia et Privilegio! Caesareo, ad annos decem.
          <lb/>Anno M. DXCVI. (Verso blanc.)
          <lb/>A la fin : ArgentoratiExcudebat Josias Rihelius,
          <lb/>M. D. XCVI. (Verso blanc.)
          <lb/>In-8°, car. ital., rom., goth. et grecs, 168 pp. ch. et 4 ff. non ch. à 2 col.
          <lb/>(Index) pour le premier livre, 85 pp. ch. et 4 ff. non ch. à 2 col. (Index)
          <lb/>pour le second livre, 63 pp. ch. et 2 ff. non ch. à 2 col. (Index) pour le
          <lb/>livre de J. Rivius; titre courant, réclames, notes marg. au second livre,
          <lb/>petites init. ornées.
          <lb/>fol. A 2a : Antonius !! Schorvs Doctori- II bvs Magistris, Stu-Il diosis
          <lb/>linguae Latinae... — Decimo- I] quinto Calend. Septembris. Anno!
          <lb/>M. D. XLIX. (Vignette.)
          <lb/>R. 101.235. Prov. : Don de la Bibl. Univ. de Göttingen, 1872; au verso
          <lb/>du titre timbre : Ex Bibliotheca Acad. Georgiae Augustae. 2095
          <lb/>SCHORUS Antonius
          <lb/>Strasbourg, J. Rihel, 1597
          <lb/>Thesaurus! Ciceronianus! linguae la- ti nae... Sturmii &amp;amp;
          <lb/>Lambini, summo stu-dio ac fide applicatus.
          <lb/>Accessit in gratiam iuniorum, Germa- nica praecipuorum
          <lb/>Vocabulorum &amp;amp; Phrasium inter-pretatio diligens &amp;amp; copiosa:]
          <lb/>Unà cum Germanico Indice locupletissimo.
          <lb/>Marque typ. de Iosias Rihel. (H. &amp;amp; B. Planche XXXII,
          <lb/>n° 16.)
          <lb/>Au-dessous : Nova gratia et privilegio Caesareo, ad annos
          <lb/>decem. Argentorati typis Iosiae Rihelii.Anno
          <lb/>M. D. XCVII. (Verso blanc.).
          <lb/>In-8°, car rom., ital. et allem., 8 ff. non ch., 992 pp. ch. à 2 col.
          <lb/>et 46 ff. non ch. à 3 colonnes (Registre), titre courant, réclames, petite
          <lb/>initiale ornée au commencement de chaque nouvelle lettre du dictionnaire.
          <lb/>fol. 2a non ch. :... Adolescentibus Ioanni et Philippo Marbachiis, fra¬
          <lb/>tribus : Balthasaro Iunio : &amp;amp; Ioanni Melchiori Bentzio discipulis suis
        </p>
      </div>
    </body>
  </text>
</TEI>
