<?xml version='1.0' encoding='UTF-8'?>
<?xml-model href="https://raw.githubusercontent.com/OpenITI/tei_openiti/master/tei_openiti.rng" type="application/xml" schematypens="http://relaxng.org/ns/structure/1.0"?>
<?xml-model href="https://raw.githubusercontent.com/OpenITI/tei_openiti/master/tei_openiti.rng" type="application/xml" schematypens="http://purl.oclc.org/dsdl/schematron"?>
<TEI xmlns="http://www.tei-c.org/ns/1.0">
  <teiHeader>
    <fileDesc>
      <titleStmt>
        <title/>
      </titleStmt>
      <publicationStmt>
        <p/>
      </publicationStmt>
      <sourceDesc>
        <p/>
      </sourceDesc>
    </fileDesc>
    <profileDesc>
      <calendarDesc>
        <calendar xml:id="ah">
          <p>Anno Hegirae</p>
        </calendar>
      </calendarDesc>
    </profileDesc>
    <xenoData xml:space="preserve">
CREATED: 2024-04-11T12:19:59.530376+00:00
CREATED BY: eScriptorium vpassthistobuildcmd
IMAGE FILENAME: A121078-5278.tif
IMAGE WIDTH: 2432
IMAGE HEIGHT: 3856
</xenoData>
  </teiHeader>
  <text>
    <body>
      <div>
        <p>
          <lb/>1588
          <lb/>882, 4, 5, 895, 902, 3, 4, 6, 907, 8,
          <lb/>Brackenhofer, Elias (anc. poss. 1634),
          <lb/>912, 2, 4, 6, 9, 920, 1, 2, 3, 4, 8, 930,
          <lb/>922.
          <lb/>931, 9, 945, 954, 5, 964, 5, 971, 6, 9,
          <lb/>Bramer, David, 235.
          <lb/>991, 2, 3, 1000, 1, 9, 1010, 1012,
          <lb/>Brand, Otto, 447, 967.
          <lb/>Brandenbourg, Gotthardtbibliothek,
          <lb/>1020, 4, 9, 1031, 2, 4, 5, 6,,7 8, 9,
          <lb/>1040, 8, 1056, 8, 1062, 3, 1071, 7,
          <lb/>328.
          <lb/>Brandt, Michael (anc. poss. 1720),
          <lb/>1796, 7, 2001, 2, 3, 2185, 2245, 6,
          <lb/>2248, 2268, 2271.
          <lb/>1284.
          <lb/>Brant, Onophrius, 242, 982.
          <lb/>Breslauer, M. (Berlin, anc. poss.) 399,
          <lb/>1303, 1907.
          <lb/>Brant, Séb., 65, 127, 128, 139, 145,
          <lb/>Breslauer &amp;amp; Meyer (Berlin, anc. poss.
          <lb/>225, 236-249, 603, 706, 761, 779,
          <lb/>1898), 2500.
          <lb/>830, 831, 882, 959, 970, 4, 1098,
          <lb/>1134, 1204, 7, 1606, 1900-1902,
          <lb/>Bretton, Guilhelmus (Londres), 336, 7.
          <lb/>2274-2280, 2284, 2411, 2501.
          <lb/>Briconetus, Petrus, 831.
          <lb/>Brassicanus, Alexander, 72, 175, 250¬
          <lb/>Brill, E. J. (Leiden, poss. 1894), 2052.
          <lb/>253, 403, 758, 993, 1125, 2067.
          <lb/>Brissel, 1255.
          <lb/>Brassicanus, Joh., 250-9.
          <lb/>Britanicus, Benedictus (Frater, Brix¬
          <lb/>Braun, Joh. Jac. (Argentoratensis),
          <lb/>tanus), 1853.
          <lb/>Brixianus, Benedictus, 153, 4.
          <lb/>450.
          <lb/>Braunsberg (Bibl. der Staatl. Akad.),
          <lb/>Brixianus, Pylades, 1885.
          <lb/>10, 11, 78, 1035.
          <lb/>Brixius, Germanus (Altissiodorensis),
          <lb/>Braunschweig. Voir : Brunschwig.
          <lb/>271.
          <lb/>Braunwald, Emanuel (anc. poss.
          <lb/>Brockhaus (Leipzig, anc. poss.), 41, 44,
          <lb/>779, 908, 1370, 1523, 1541, 1577,
          <lb/>1824), 2129.
          <lb/>Braunwald, M. (pasteur à St-Thomas,
          <lb/>2066, 2436, 2440.
          <lb/>Strasbourg), 1676.
          <lb/>Bromius, Nicolaus (Trajectu Franco¬
          <lb/>Braur, Gabriel (alumnus Bebenhusa¬
          <lb/>rum ad Moenum), 1550, 2, 1555.
          <lb/>nus, anc. poss. 1602), 522.
          <lb/>Bronner, Hieronymus, 1506.
          <lb/>Braus-Riggenbach (Bâle), 1407.
          <lb/>Brown, Edw. (Londres, 1690), 1629.
          <lb/>Brederodius, Petrus Cornelius (Hago¬
          <lb/>Brubach, Pierre (impr. Haguenau),
          <lb/>comitanus), 260.
          <lb/>265, 6, 428, 575, 630, 693, 789, 1398,
          <lb/>Breitenbach, Friedr. von, 2146.
          <lb/>1445, 1575, 2361, 2518.
          <lb/>Breitenbach, Georgius à, 1108.
          <lb/>Brückmann, 1160.
          <lb/>Breithaupt (anc. poss.), 1951.
          <lb/>Brunet, 309, 400, 424, 7, 476, 562, 4,
          <lb/>Bremen, B. M., 325.
          <lb/>632, 3, 640, 659, 661, 4, 696, 846, 867,
          <lb/>Brentz, Joh. (Schwäbisch Hall), 261,
          <lb/>879, 884, 903, 5, 6, 8, 914, 5, 921, 5,
          <lb/>933, 4. 7, 959, 964, 987, 1031, 8,
          <lb/>1440, 1755, 1793, 1904.
          <lb/>Breslau, B. U., 2, 9, 23-6, 31, 34-40,
          <lb/>1059, 1090, 1123, 1162, 3, 8, 1190,
          <lb/>42, 3, 8, 54, 8, 67, 116, 118, 121, 124,
          <lb/>1, 5, 1198-1201, 1204, 8. 1210,
          <lb/>129, 130, 132, 135, 137, 139, 140,
          <lb/>1215, 1235, 6, 1251, 1264, 6, 1314,
          <lb/>142, 144, 152-156, 159, 162, 165,
          <lb/>1326, 1388, 1398, 1406, 1458, 1489,
          <lb/>1554, 1596, 1604, 1626, 1638, 1640,
          <lb/>172, 182, 187, 189, 191, 195-197,
          <lb/>202. 203. 215, 217, 218, 221, 224,
          <lb/>1739, 1777, 1858, 1887, 1900, 2, 4,
          <lb/>228, 230, 232-234, 238, 245-247,
          <lb/>1910,5, 6, 1959, 1983, 4, 1992, 3,
          <lb/>291, 293, 295, 297, 311, 312, 325,
          <lb/>2072. 2121, 2131, 8, 2164, 2193,
          <lb/>328, 331, 332, 340, 342-348, 354,
          <lb/>2263, 2283, 2318, 2371, 2406, 2411,
          <lb/>371, 372, 377, 380-383, 385, 388,
          <lb/>2503, 8, 2518, 2525, 6.
          <lb/>392, 395, 397-399, 402-404, 407,
          <lb/>Brunfels, Otto (Moguntinus), 211,
          <lb/>272-306, 658, 678, 894, 896, 898,
          <lb/>413, 415, 416, 418, 419, 420, 1, 2,
          <lb/>1219-21, 1229, 1231, 2, 1262, 4, 6,
          <lb/>3, 7, 9, 441, 442a, 460, 1, 2, 463, 4,
          <lb/>1801, 2119, 2267.
          <lb/>5, 474, 8, 480, 1, 3, 491, 3, 501, 3, 4,
          <lb/>5, 8, 9, 510, 3, 4, 5, 6, 521, 4, 526, 9,
          <lb/>Brünighofen Hans Georg von (Wür¬
          <lb/>530, 1, 3, 4, 5, 6,,7 8, 542, 9, 551,
          <lb/>tembergischer Rat ünd Grosshof¬
          <lb/>2, 8, 560, 1, 2, 3, 4, 7, 8, 573, 6, 7,
          <lb/>meister zu Mümpelgart, 1598), 2024.
          <lb/>8, 587, 589, 597, 8, 600, 6, 7, 610,
          <lb/>Brunmüller, Caspar, 307.
          <lb/>Brunner, D. (anc.poss.1845),
          <lb/>1, 2, 6, 9, 673, 680, 1, 2, 3, 5, 692,
          <lb/>6, 701, 2, 4, 6, 711, 3, 6, 8, 9, 720,
          <lb/>2300,
          <lb/>1.
          <lb/>Brunner, Leonard (Prädikant zu
          <lb/>2, 4, 9, 732, 737, 748, 756, 761,
          <lb/>774, 7, 8, 797, 801, 2, 4, 5, 6, 814,
          <lb/>Worms, 1535), 200, 308, 2050.
          <lb/>5, 6, 7, 9, 820, 4, 825, 830, 6, 8,
          <lb/>Brunner, Veltin (anc. poss. 1574),
          <lb/>842, 4, 5, 8, 850, 5, 6, 860, 6, 879,
          <lb/>1111.
        </p>
      </div>
    </body>
  </text>
</TEI>
