<?xml version='1.0' encoding='UTF-8'?>
<?xml-model href="https://raw.githubusercontent.com/OpenITI/tei_openiti/master/tei_openiti.rng" type="application/xml" schematypens="http://relaxng.org/ns/structure/1.0"?>
<?xml-model href="https://raw.githubusercontent.com/OpenITI/tei_openiti/master/tei_openiti.rng" type="application/xml" schematypens="http://purl.oclc.org/dsdl/schematron"?>
<TEI xmlns="http://www.tei-c.org/ns/1.0">
  <teiHeader>
    <fileDesc>
      <titleStmt>
        <title/>
      </titleStmt>
      <publicationStmt>
        <p/>
      </publicationStmt>
      <sourceDesc>
        <p/>
      </sourceDesc>
    </fileDesc>
    <profileDesc>
      <calendarDesc>
        <calendar xml:id="ah">
          <p>Anno Hegirae</p>
        </calendar>
      </calendarDesc>
    </profileDesc>
    <xenoData xml:space="preserve">
CREATED: 2024-04-11T12:20:02.719452+00:00
CREATED BY: eScriptorium vpassthistobuildcmd
IMAGE FILENAME: A121078-5331.tif
IMAGE WIDTH: 2404
IMAGE HEIGHT: 3844
</xenoData>
  </teiHeader>
  <text>
    <body>
      <div>
        <p>
          <lb/>1641
          <lb/>Wratislaw. Voir : Monastères.
          <lb/>Zdenkon (Brtniczensis, baroni à Wal¬
          <lb/>Wulff, Bernardus (anc. poss. 1677),
          <lb/>denstein), 1295.
          <lb/>Zeger, Thomas (Mathematicae Pro¬
          <lb/>1333.
          <lb/>Wunstius, Andreas (Wimpinensis),
          <lb/>fessor in Acad. Marburgensi 1530),
          <lb/>120, 625.
          <lb/>991.
          <lb/>Wurff, Joh., (anc. poss.), 265.
          <lb/>Zehender, Gabriel (Bâle), 2049.
          <lb/>Zehentner à Zehentgrueb, David, 902.
          <lb/>Wurmser, Nicolaus (Collegii divi Tho¬
          <lb/>Zelius, Joh. (Trojanus, Francus), 1640.
          <lb/>mae Argentinensis Decanus, 1515),
          <lb/>Zell, Catharina, 2512.
          <lb/>1145, 2192.
          <lb/>Wurmser, Wolf Sigismund, 582.
          <lb/>Zell, Mathaeus, 353, 368, 431, 440,
          <lb/>Wurzbourg BU, 262, 5, 917, 1738.
          <lb/>1091, 2, 1904, 2512.
          <lb/>Zelotes Joh. (Nicopoli Pamphiliae
          <lb/>Wyck, Joh. A. (Juris utriusque Doc¬
          <lb/>(— Wendelin Rihel).
          <lb/>tor), 367.
          <lb/>Zenders de Werdt, 2517.
          <lb/>Wydell, Joh. (ex Gersbach ordinis
          <lb/>Zenkner, Otto (anc. poss. 1645), 722.
          <lb/>beati Benedicti in Schuttern), 955,
          <lb/>Zenobius, 2518.
          <lb/>964.
          <lb/>Zenten, Hugo à, 1023.
          <lb/>Wyshawns (Steinbachs Tochtermann),
          <lb/>Zepper, Christiana, 697.
          <lb/>1455.
          <lb/>Zerrenner (Pforzheim, anc. poss. 1892),
          <lb/>Wyttenbach, Benedict (zu Biell, anc.
          <lb/>2172.
          <lb/>poss. anno 1566), 1536.
          <lb/>Zeschlinus, Joh. (Lavinganus), 818.
          <lb/>Wyttenbach, Sam. (anc. poss. 1765),
          <lb/>Zettel, Joh. Samuel, 1328.
          <lb/>2287.
          <lb/>Zetzner. Lazare (éditeur Strasbourg),
          <lb/>46, 69, 82, 224, 232, 537, 701, 2,
          <lb/>938, 1244, 1292-95, 1297, 8, 1332,
          <lb/>1406, 1493, 1796, 7, 1808, 2024,
          <lb/>xenocrates, 838.
          <lb/>2164, 2176-78, 2531.
          <lb/>Xénophon, 482, 1522, 2503-2507.
          <lb/>Ziegler, Clemens (Jardinier, Stras¬
          <lb/>Xilotectus, Joh. (Canonicus Lucér¬
          <lb/>bourg-Robertsau), 2521-24.
          <lb/>nus), 44.
          <lb/>Ziegler, Jacobus (Landau), 2525, 6.
          <lb/>Xylander, Guillaume, 69, 611,
          <lb/>ziegler, N., 2360.
          <lb/>903.
          <lb/>Ziegler, Vitus, 2391, 2.
          <lb/>Ziegler &amp;amp; Sòhne (impr. Zürich), 1662.
          <lb/>Zimberlin de Ferette (Strasbourg,
          <lb/>Vente par Trübner, 1886), 1823, 4,
          <lb/>Yakoub ibn Ishak al Kindi. Voir:
          <lb/>6, 9, 1889, 2259, 2344, 2493.
          <lb/>Tacuinus Sanitatis.
          <lb/>Zimmermann, Joh. (anc. poss.), 401.
          <lb/>Ypphoferus, Ambrosius (à Yppko¬
          <lb/>Zimmermann, M. Nicolaus (anc.
          <lb/>ferstal, Canonicus Brixiensis, 1521),
          <lb/>poss.), 1199.
          <lb/>2193.
          <lb/>Zingiesser, Joh. (Monasterium Pollin¬
          <lb/>gen), 39, 173.
          <lb/>Ziraldus, Lilius Gregorius (Ferra¬
          <lb/>riensis), 2527, 8.
          <lb/>Zadith, filius Hamuel, 1360.
          <lb/>Zittelin, J. G. (Strasbourg, Her¬
          <lb/>Zahn, Ed. (Hirsau, anc. poss. 1886),
          <lb/>mann), 920.
          <lb/>517, 521, 1195, 1887, 2132.
          <lb/>Zobel, Théodore, 1043, 1264.
          <lb/>Zainer, 1123.
          <lb/>Zobeltitz, Feodor von (anc. poss.),
          <lb/>Zambertus, Bartholomaeus (Venetus,
          <lb/>1949.
          <lb/>1511), 2508.
          <lb/>Zoch, Laurentius, 1104, 5.
          <lb/>Zanchi, Girolamo (Bergomatus), 77,
          <lb/>Zoilus, 1200, 1640.
          <lb/>2509, 2510.
          <lb/>Zorn, Friedericus (Scholae Vorma¬
          <lb/>Zanger, Joh., 1657.
          <lb/>ciensis rector), 1087.
          <lb/>Zangmeister, D. Alexander, 837.
          <lb/>Zorn, Phil. Christophorus (Vorma¬
          <lb/>Zankirch, Ehrenfried à, 1023.
          <lb/>ciensis), 1087.
          <lb/>Zapf (anc. poss.), 164, 168, 170, 172,
          <lb/>Zorn à Plobsheim, L. H. (anc. poss.),
          <lb/>174, 5.
          <lb/>1288, 1933, 2308.
          <lb/>Zarnke, 1012.
          <lb/>Zorn zum Riedt, Jakob (Stettmeister
          <lb/>Zärtlin, Conrad (genannt Playnba¬
          <lb/>zu Strassburg), 1694.
          <lb/>cher, Vicarius in Bamberg), 1227.
          <lb/>Zorn zum Riedt, Nicolaus (Stett-
          <lb/>Zasius, Udalricus, 1662, 1858, 1985,
          <lb/>meister, Strasbourg), 1708, 2529.
          <lb/>2511.
          <lb/>Zschorn, Joh (Westhofen), 2530.
        </p>
      </div>
    </body>
  </text>
</TEI>
