<?xml version='1.0' encoding='UTF-8'?>
<?xml-model href="https://raw.githubusercontent.com/OpenITI/tei_openiti/master/tei_openiti.rng" type="application/xml" schematypens="http://relaxng.org/ns/structure/1.0"?>
<?xml-model href="https://raw.githubusercontent.com/OpenITI/tei_openiti/master/tei_openiti.rng" type="application/xml" schematypens="http://purl.oclc.org/dsdl/schematron"?>
<TEI xmlns="http://www.tei-c.org/ns/1.0">
  <teiHeader>
    <fileDesc>
      <titleStmt>
        <title/>
      </titleStmt>
      <publicationStmt>
        <p/>
      </publicationStmt>
      <sourceDesc>
        <p/>
      </sourceDesc>
    </fileDesc>
    <profileDesc>
      <calendarDesc>
        <calendar xml:id="ah">
          <p>Anno Hegirae</p>
        </calendar>
      </calendarDesc>
    </profileDesc>
    <xenoData xml:space="preserve">
CREATED: 2024-04-11T12:19:59.617344+00:00
CREATED BY: eScriptorium vpassthistobuildcmd
IMAGE FILENAME: A121078-5281.tif
IMAGE WIDTH: 2438
IMAGE HEIGHT: 3860
</xenoData>
  </teiHeader>
  <text>
    <body>
      <div>
        <p>
          <lb/>1591
          <lb/>Chalcedonius, Petrus Georgius, 2047.
          <lb/>Cittadini, Paulo de (Mediolanus), 540.
          <lb/>Champel (anc, poss.), 177, 1954.
          <lb/>Clamangiis. Voir : Nicolaus de Cla¬
          <lb/>Charbonellus, A.,2039.
          <lb/>mangiis.
          <lb/>Charles I (anno 490), 2002.
          <lb/>Clamorgan, Joh. von, 541.
          <lb/>Charles (Archiduc d’Autriche), 1739.
          <lb/>Clampius, Albertus, 1654.
          <lb/>Charles VIII, roi de France, 565, 6.
          <lb/>Claudin, A. (Paris, anc. poss. 1897),
          <lb/>Charles IX (roi de France), 536, 541,
          <lb/>261, 1006.
          <lb/>1069.
          <lb/>Claudius à Turnone (Episcopus Viva¬
          <lb/>Chasles, Michael (anc. poss.), 1268,
          <lb/>riensis, 1529), 1846.
          <lb/>1307, 1990.
          <lb/>Clava, Antonius (Consiliarius Fland¬
          <lb/>Chauffour, Ign. (Colmar, anc. poss.
          <lb/>riae), 739.
          <lb/>1871), 941, 2475.
          <lb/>Clavasio. Voir : Angelus de Clavasio.
          <lb/>Chelidonius, Benedictus (Musophilus),
          <lb/>Clemen, 2408.
          <lb/>986.
          <lb/>Clément VII (pape), 780, 875.
          <lb/>Chelidonius, Benedictus (Noricus,
          <lb/>Clenovius, Mich. (Hamburgensis), 449.
          <lb/>Viennae ad Scotos monachus), 596,
          <lb/>Cleophilus, Franciscus Octavius, 1038.
          <lb/>1739, 1887.
          <lb/>Clichtovaeus, Jodocus, 542, 832.
          <lb/>Chelius, Joh. Gisingus (Colmar, Ludi¬
          <lb/>Clingenberg, Joh. Henricus ex, 403.
          <lb/>magister), 98.
          <lb/>Coardus, Petrus (Paris), 55.
          <lb/>Chelius, Philippus (1593), 2161.
          <lb/>Coccinius (Köchlin) Michael (Tübin¬
          <lb/>Chelius, Ulricus (Pforcensis), 152,
          <lb/>gensis), 171. 543.
          <lb/>1082.
          <lb/>Coccius, Séb., 262.
          <lb/>Chelius, D. Vesicus (1593), 2161.
          <lb/>Cocinus, Joh. (Boiemus), 81, 1147,
          <lb/>Cherlerus, Paulus (Elsterburgensis),
          <lb/>1148.
          <lb/>475.
          <lb/>Cochlaeus, Joh. (Noricus), 380, 544-
          <lb/>Chesselius, Joh., 1555.
          <lb/>553, 645, 6, 866.
          <lb/>Chiemsee. Voir : Monastères.
          <lb/>Cocles, Bartholomaeus (Bononiensis,
          <lb/>Choulant (anc. poss.), 678, 2119, 2401.
          <lb/>médecin), 554-558, 570.
          <lb/>Choulant-Frank, 1985.
          <lb/>Coctus, Annemundus, 1323.
          <lb/>Christian, (König von Dänemark
          <lb/>Codrus, Urceus. Voir : Urceus.
          <lb/>1545), 48, 917, 1314, 7.
          <lb/>Cohen (Prof. Marbourg, anc. poss.
          <lb/>Christian III (König von Dänemark),
          <lb/>1876), 1983, 2093.
          <lb/>912.
          <lb/>Cohen, Friedr. (Bonn, anc. poss. 1897),
          <lb/>Christian IV (Konig von Dänemark),
          <lb/>593, 634, 751, 1345.
          <lb/>912.
          <lb/>Christianus, Dux Saxoniae, 1464.
          <lb/>Cohn, Albert (Berlin, anc. poss. 1894),
          <lb/>Christophorus, Episcopus Augusten¬
          <lb/>171, 176, 195, 277, 308, 459, 490,
          <lb/>sis), 43, 634.
          <lb/>828, 892, 925, 1050, 1123, 1306,
          <lb/>1338, 1384, 1420, 1500, 1589, 1606,
          <lb/>Christophorus (Episcopus Basiliensis),
          <lb/>764, 6.
          <lb/>8, 1624, 1674, 5, 1744, 1769, 1802,
          <lb/>1878, 1915, 1941, 2030, 2182, 2335,
          <lb/>Christophorus à Madruze (Episcopus
          <lb/>8, 2411, 2457, 2460, 2, 2511, 2533.
          <lb/>Tridentinus, 1540), 2271.
          <lb/>Christophorus, Dux Wirtenbergensis,
          <lb/>Cok (Anvers 1566), 3.
          <lb/>Comes in Mõmbelligarto), 422, 804,
          <lb/>Colatinus, Petrus, 420.
          <lb/>Colenhausen, Joh. de, 2360.
          <lb/>1184, 1272, 1669.
          <lb/>Coler, Antonius, 482.
          <lb/>Chrysoloras, Manuel, 476.
          <lb/>Chrysorianus. Antonius (Basiliensis,
          <lb/>Coler, Christophorus, 538, 559, 1085,
          <lb/>1520), 2388.
          <lb/>1652.
          <lb/>Chrysostomus, Joh. 422, 477-480,
          <lb/>Coletus, John (Londres). 711, 2, 3, 6,
          <lb/>977, 979, 1639, 2153.
          <lb/>721, 730, 6, 7, 751, 760, 761, 766,
          <lb/>Chytraeus, David (Theologus et His¬
          <lb/>779, 789.
          <lb/>torieus), 423, 481-484.
          <lb/>Colidaeus, Egidius, 1782.
          <lb/>Chytraeus, Nathan, 484.
          <lb/>Cölin, Conr., 22.
          <lb/>Cicéron, 8, 89, 181, 182, 324, 485-539,
          <lb/>Collarius, Jacobus (anc. poss.), 613.
          <lb/>797, 9, 805, 1296, 1336, 1623, 1641,
          <lb/>Collenuccio, Pandolfo, 560.
          <lb/>2015, 2065, 2092-99, 2202, 2226,
          <lb/>Collimitius. Voir : Tanstetter Colli¬
          <lb/>2247, 2255.
          <lb/>mitius.
          <lb/>Cilicius, Christianus (Cimber, 1574),
          <lb/>Collinus, Bartholomaeus (anc. poss.
          <lb/>1968.
          <lb/>1591), 2526.
          <lb/>Cingularius. Voir : Gürtler.
          <lb/>Colmar B. M., 8, 28, 54, 8, 60, 1, 2,/4,
          <lb/>Circus, Maternus (Musicus), 2073.
          <lb/>78, 9, 83, 88, 106, 8, 110, 112, 229,
        </p>
      </div>
    </body>
  </text>
</TEI>
