<?xml version='1.0' encoding='UTF-8'?>
<?xml-model href="https://raw.githubusercontent.com/OpenITI/tei_openiti/master/tei_openiti.rng" type="application/xml" schematypens="http://relaxng.org/ns/structure/1.0"?>
<?xml-model href="https://raw.githubusercontent.com/OpenITI/tei_openiti/master/tei_openiti.rng" type="application/xml" schematypens="http://purl.oclc.org/dsdl/schematron"?>
<TEI xmlns="http://www.tei-c.org/ns/1.0">
  <teiHeader>
    <fileDesc>
      <titleStmt>
        <title/>
      </titleStmt>
      <publicationStmt>
        <p/>
      </publicationStmt>
      <sourceDesc>
        <p/>
      </sourceDesc>
    </fileDesc>
    <profileDesc>
      <calendarDesc>
        <calendar xml:id="ah">
          <p>Anno Hegirae</p>
        </calendar>
      </calendarDesc>
    </profileDesc>
    <xenoData xml:space="preserve">
CREATED: 2024-04-11T12:20:00.868396+00:00
CREATED BY: eScriptorium vpassthistobuildcmd
IMAGE FILENAME: A121078-5304.tif
IMAGE WIDTH: 2464
IMAGE HEIGHT: 3864
</xenoData>
  </teiHeader>
  <text>
    <body>
      <div>
        <p>
          <lb/>1614
          <lb/>971, 991, 2, 7, 1000, 2, 1014, 1024,
          <lb/>Maurice (Duc de Saxe 1546), 600, 1,
          <lb/>1063, 4, 1070.
          <lb/>2453.
          <lb/>Marca, Antonio de, 747.
          <lb/>Mauritius (Hassiae Landgravius 1599),
          <lb/>Marcellus, 935, 1534, 1659.
          <lb/>924.
          <lb/>Marcellus, Georgius (Awensis), 1653.
          <lb/>Maurus, Bernardus, 1504, 5, 1519.
          <lb/>Marchio, Franciscus (Mantoue), 56,
          <lb/>Maurus, Hartmann, 2052.
          <lb/>136.
          <lb/>Maurus, Nic., 296.
          <lb/>Marcini San (Episcopus), 664.
          <lb/>Maurus, Servius, 2411.
          <lb/>Marcus Aurelius, Antoninus, 69.
          <lb/>Maxentius Joh., 928.
          <lb/>Marcus, Eremita, 1487.
          <lb/>Marcus von Lindau, 1488.
          <lb/>Maxillus, Georgius (Ubelin) (Curiae
          <lb/>episcopalis Argent. Signator, 1510),
          <lb/>Marcus von Weida, 1488.
          <lb/>Marenitius (?) Joh. (anc. poss.
          <lb/>1187, 1253, 1340, 1979, 2363.
          <lb/>XVIe siècle, avec autographe de
          <lb/>Maximilien I (empereur), 4, 50, 56,
          <lb/>Calaminus), 393.
          <lb/>58, 95, 136, 155, 165-170, 172,
          <lb/>Margarita, filia Maximiliani imper.,
          <lb/>195, 464, 487, 540, 542, 560, 605,
          <lb/>136.
          <lb/>632, 633, 702, 705, 707, 710-12,
          <lb/>Maria (Scotorum regina), 316.
          <lb/>716, 7, 9, 722-726, 728, 730, 2, 831,
          <lb/>Maria (Fürstin zu Anhalt 1560), 2166.
          <lb/>992, 6, 1037, 1065, 1176, 1207, 9,
          <lb/>Marius et Sylla, 1623.
          <lb/>1223, 4, 1238, 1331, 1472, 1499,
          <lb/>Marius, Georg Dr., 1357.
          <lb/>1500a, 1584, 8, 1662, 1739, 1741,
          <lb/>Marnix von Ste. Aldegonde, Philippe
          <lb/>1794, 1800, 1862, 3, 1870, 1, 3, 4,
          <lb/>(anc. poss.), 853, 6.
          <lb/>8. 1883, 5. 7, 9, 1890, 3, 1905, 1911,
          <lb/>Marquard (Bischof zu Speier, Dom¬
          <lb/>2, 3, 1992, 2047, 8, 9, 2060, 1, 2145,
          <lb/>2245, 6, 7, 8, 2264, 2288, 2362, 3,
          <lb/>probst zu Weissenburg), 1781.
          <lb/>Marquart von Steyn, 1338, 9.
          <lb/>7, 2372, 3, 2385, 6, 2395, 6, 7, 2419,
          <lb/>Marschalck, 1620.
          <lb/>2498, 2501, 2528.
          <lb/>Marsilius ab Ingen, 1491.
          <lb/>Maximilien II (empereur), 199, 459,
          <lb/>Marsus, Petrus, 2285, 6, 7, 9, 2291.
          <lb/>461, 462, 463, 700, 1375, 6, 1772,
          <lb/>Martens, Thierry (Louvain), 726.
          <lb/>2150.
          <lb/>Martialis, Marcus Valerius, 1332,
          <lb/>Maximilian (Transylvanus), 1048.
          <lb/>1492, 3, 1848.
          <lb/>Maximilian, Herr zu Barr, 1721.
          <lb/>Martin, Ernst (Prof. Strasbourg, anc.
          <lb/>Maximilianus Udalricus (Comes à
          <lb/>poss. 1911), 881, 934, 2461b, 2469.
          <lb/>Kaunitz et Rittberg, anc. poss.),
          <lb/>Martin, Jodocus (impr. Strasbourg),
          <lb/>1991.
          <lb/>184, 614, 810, 1032, 33, 1085, 1305,
          <lb/>Maximin, genannt Schmassmann (von
          <lb/>1311, 2, 1622, 1764, 2077.
          <lb/>Rappolstein), 427.
          <lb/>Martinstein, Anselmus (curé à Hed¬
          <lb/>Maximus (Abbas in Rott, anc. poss.
          <lb/>desheim, anc. poss. 1871), 867.
          <lb/>anno 1596), 1828.
          <lb/>Martius, Hieremias (Physicus Augus¬
          <lb/>Maximus, Confessor, 1500.
          <lb/>tanus), 1640.
          <lb/>Mayence BM, 99, 281, 287, 293, 480,
          <lb/>Martyre (Pierre), 363, 1173, 4.
          <lb/>495, 799, 843, 1019, 1570, 1592,
          <lb/>Marullus, Michael (Constantinopoli¬
          <lb/>2143, 2198, 2207.
          <lb/>tanus), 1496.
          <lb/>Mayer, Jacob, 1270, 1.
          <lb/>Marwitz, Balthasar à, 538.
          <lb/>Mayer, Jo. (Strasbourg, Protonota¬
          <lb/>Maskell, Wilhelmus (Clericus, anc.
          <lb/>rius), 115, 1706, 9, 1715, 6.
          <lb/>poss.), 1660.
          <lb/>Mayer, Michel (papeterie Munich
          <lb/>Massarius, Hieronymus (Vincentinus,
          <lb/>anc. poss. 1871), 1417.
          <lb/>Prof, scholae Argentinensis), 1497.
          <lb/>Meckbach, Reinhard Wilhelm, 1025.
          <lb/>Massiliensis, Baptista (frater), 1925.
          <lb/>Meckbach, Wilhelm Rudolf (Cancella¬
          <lb/>Massmann, H. F. (Don, Berlin 1871).
          <lb/>rius Magdeburgiacus), 1025.
          <lb/>Massou, Antonius (Pomeranus), 800.
          <lb/>Meder, Georgius, 1085.
          <lb/>Maternus (évêque), 1350.
          <lb/>Medicis, Catherine de, 848.
          <lb/>Matthaeus (Cardinal Gurcensis, Salz¬
          <lb/>Medicis, Laurentius, 841, 1869, 2406.
          <lb/>burgensis ecclesiae Coadjutor), 155,
          <lb/>Medicis, Pierre-François de, 2406,
          <lb/>1065, 2369.
          <lb/>2411.
          <lb/>Matthaeus (Cardinal Sedunensis), 768.
          <lb/>Meermann, 1900.
          <lb/>Matthaeus, Vindocinensis, 1498.
          <lb/>Megelburgensis dux, 1532.
          <lb/>Matthias (Austriae archidux), 398.
          <lb/>Meiendorph, Andreas, 846.
          <lb/>Maurer, Christoph (monogr. C. M.),
          <lb/>Meier, Jacobus, 1668, 2071, 2102,
          <lb/>879.
          <lb/>2210.
        </p>
      </div>
    </body>
  </text>
</TEI>
