<?xml version='1.0' encoding='UTF-8'?>
<?xml-model href="https://raw.githubusercontent.com/OpenITI/tei_openiti/master/tei_openiti.rng" type="application/xml" schematypens="http://relaxng.org/ns/structure/1.0"?>
<?xml-model href="https://raw.githubusercontent.com/OpenITI/tei_openiti/master/tei_openiti.rng" type="application/xml" schematypens="http://purl.oclc.org/dsdl/schematron"?>
<TEI xmlns="http://www.tei-c.org/ns/1.0">
  <teiHeader>
    <fileDesc>
      <titleStmt>
        <title/>
      </titleStmt>
      <publicationStmt>
        <p/>
      </publicationStmt>
      <sourceDesc>
        <p/>
      </sourceDesc>
    </fileDesc>
    <profileDesc>
      <calendarDesc>
        <calendar xml:id="ah">
          <p>Anno Hegirae</p>
        </calendar>
      </calendarDesc>
    </profileDesc>
    <xenoData xml:space="preserve">
CREATED: 2024-04-11T12:19:53.534370+00:00
CREATED BY: eScriptorium vpassthistobuildcmd
IMAGE FILENAME: A121078-5122.tif
IMAGE WIDTH: 2346
IMAGE HEIGHT: 3858
</xenoData>
  </teiHeader>
  <text>
    <body>
      <div>
        <p>
          <lb/>1430
          <lb/>R. 10.2422. Prov. : Butsch, Augsbourg (catal. 134, No 713), 20/1,
          <lb/>1879; 40 M.
          <lb/>Schmidt V, n° 82.
          <lb/>2274
          <lb/>TENGLER Udalricus
          <lb/>Strasbourg, 1514
          <lb/>Der neü Leyenspiegel von rechtmässigen ordnungen in
          <lb/>Burgerlichenvnd peinlichen Regimenten. Mit Addition.
          <lb/>Auch der guldin! Bulla. Küniglich Reformation, lantfrieden.
          <lb/>Auch be!! wärung gemainer recht vnd andern antzaigen.
          <lb/>Même gravure sur bois qu’au verso du titre de l’édition
          <lb/>précédente.
          <lb/>fol. 170a : Volendet vnnd getruckt... ! In der Kaiserlichen freyen!
          <lb/>statt Straszburg Anno !! M. CCCCC. xiiij.
          <lb/>In-fol., car. goth., 12 ff. non ch.- CLXX ff. ch. ; titre courant, notes
          <lb/>marg., grandes initiales A (avec écu aux 3 fleurs de lis) et I, init. ornées et
          <lb/>init. d’attente; première ligne du titre en noir, les autres lignes en rouge.
          <lb/>Au verso du titre: Ad Lectorem Speculi Popularis!! Hexastichon
          <lb/>Philomusi : (3 dist.).
          <lb/>fol. 2a non ch. : Layenspiegels argument.
          <lb/>Au verso : UDalricus Tengler preses Altipolitanus!! Dulcissimo sibi
          <lb/>genito Christophoro Tengler Arti- [! um et iuris pontificij doctori Almique
          <lb/>Auripolensis!! Gymnasij. Collegiato... — Ex Altipoli nonis aprili-1 bus
          <lb/>Anno M. D. X.
          <lb/>fol. 3a non ch. : VErendo... parenti Udal-rico Tengler ducali Alti¬
          <lb/>polensis prouincie presidii &amp;amp;c!! Christophorus Tengler filius... — Ex
          <lb/>insigni !I ducalique Auripolitanorum Ackademia. !! Idibus Junijs.
          <lb/>Anno!! Decimo supra Millesimum et quingentesimum. Au-dessous 2 dist.
          <lb/>lat.
          <lb/>fol. 5a non ch. : Vorreden. (une page et demie en prose et 3 1/2 en vers
          <lb/>de Séb. Brant.).
          <lb/>fol. 7b non ch. : Iacobus Locher Philomusus... !! Lectoribus... — Datum
          <lb/>in celebratissimo Ingolstadiensi gymnasio &amp;amp;c.
          <lb/>fol. 8a non ch. : Epigramma eiusdem Philomusi. (12 dist. latins.).
          <lb/>Au verso : L’auteur à Jean Ryman.
          <lb/>Réimpression par Hupfuff de la nouvelle édition faite par l’auteur en
          <lb/>1511 à Augsbourg avec quelques additions dans le texte, et surtout à la fin.
          <lb/>Mêmes gravures que dans les éditions de 1510 et 1511 de Hupfuff.
          <lb/>Deux sont nouvelles : 1) celle du fol. 14b non ch., répétée fol, 54b et au
          <lb/>verso du dernier f. : l’empereur sur le trône, à sa droite les électeurs ecclé¬
          <lb/>siastiques, à sa gauche les laïques, l’auteur à genoux, lui présente son
          <lb/>livre; au haut sur des nuages, le couronnement de la Sainte Vierge;
          <lb/>fol. 151a : la résurrection des morts, tirée de l’Endcrist. — Les 2 petites
          <lb/>gravures de fol. 64b, édition de 1510 sont remplacées par 3 autres fol. 114b.
          <lb/>&amp;quot;R. 10.243. Prov. : Don de la ville de Nördlingen, 1871.
          <lb/>Schmidt V, No 115 : BN de Munich et son exemplaire.
          <lb/>2275
          <lb/>TENGLER Udalricus
          <lb/>Strasbourg, Jean Knobloch, 1518
          <lb/>Der neü Layenspiegel.
          <lb/>Comme dans l’édition de 1514, dont le livre est une réim¬
          <lb/>pression avec les mêmes préfaces, init. et gravures.
        </p>
      </div>
    </body>
  </text>
</TEI>
