<?xml version='1.0' encoding='UTF-8'?>
<?xml-model href="https://raw.githubusercontent.com/OpenITI/tei_openiti/master/tei_openiti.rng" type="application/xml" schematypens="http://relaxng.org/ns/structure/1.0"?>
<?xml-model href="https://raw.githubusercontent.com/OpenITI/tei_openiti/master/tei_openiti.rng" type="application/xml" schematypens="http://purl.oclc.org/dsdl/schematron"?>
<TEI xmlns="http://www.tei-c.org/ns/1.0">
  <teiHeader>
    <fileDesc>
      <titleStmt>
        <title/>
      </titleStmt>
      <publicationStmt>
        <p/>
      </publicationStmt>
      <sourceDesc>
        <p/>
      </sourceDesc>
    </fileDesc>
    <profileDesc>
      <calendarDesc>
        <calendar xml:id="ah">
          <p>Anno Hegirae</p>
        </calendar>
      </calendarDesc>
    </profileDesc>
    <xenoData xml:space="preserve">
CREATED: 2024-04-11T12:19:57.092283+00:00
CREATED BY: eScriptorium vpassthistobuildcmd
IMAGE FILENAME: A121078-5221.tif
IMAGE WIDTH: 2374
IMAGE HEIGHT: 3860
</xenoData>
  </teiHeader>
  <text>
    <body>
      <div>
        <p>
          <lb/>1531
          <lb/>tissime recognita &amp;amp; locupletata, id quod ] aequus Lector
          <lb/>facile cognoscet, ubi hanc aeditionem cum (] prioribus
          <lb/>con- tulerit.] (Feuille de trèfle.) Barptholomaeo westhe –]
          <lb/>mero autore.de schematibus et figurisLibellus per
          <lb/>eundem additus &amp;amp; ] locupletatus. Argentorati, anno!
          <lb/>M. D. XXXV. (Verso blanc.)
          <lb/>A la fin : Argentinae apud Io. Alb.  mense septembri, !
          <lb/>anno Il M. D. XXXV.
          <lb/>In-8°, car. ital., 8 ff. non ch., 492 ff. ch., 30 ff. non ch. (Index troporum
          <lb/>à 2 col.), titre courant, réclames, init, ornées.
          <lb/>fol. 2a non ch. : Praefatio [! in librum sequentem, qua !] quis Troporum
          <lb/>sit usus, atque! adeo necessitas, pau !] cis indica- II tur. (4 ff. en car.
          <lb/>rom.). Suit : Index in schemata. (3 ff.).
          <lb/>R. 102.166. Prov. : Don de la BU de Königsberg, 1872. A l’intérieur
          <lb/>du Ier plat : armoiries du duc Albert I de Brandenbourg avec 3 dist.
          <lb/>au-dessous: Ense Borussiacas regnat qui cuncta per oras
          <lb/>Me tenet Alberti Bibliotheca Ducis...
          <lb/>Incomplet, les 2 derniers ff. manquent ainsi que la marque typ.
          <lb/>d’Albrecht au verso du dernier f. (H. &amp;amp; B. Planche XXV, N° 2).
          <lb/>Ritter, BM Strasbourg, n° 2210 avec la marque typ. au verso du der¬
          <lb/>nier f.
          <lb/>Bibliographie de Westheimer : Schottenloher II, No 22382-22383.
          <lb/>2455
          <lb/>WESTPHAL Joachim
          <lb/>Strasbourg, Bl. Fabricius, 1555
          <lb/>Recta fides!] de coena domini, ] ex verbis apostoli Pauli,)
          <lb/>&amp;amp; evangelistarum! demonstrata ac communita,  per magis¬
          <lb/>trum! Ioachimum Westphalum.
          <lb/>Argentorati, ! Blasius Fabricius !! 1555.
          <lb/>A la fin : Argentorati ex- cudebat Blasius!! Fabricius.
          <lb/>In-8°, car, rom., 99 ff. non ch., sign. A-L, titre courant, réclames.
          <lb/>fol. A 2a : Gratiam et pacem domini !] nostri Jesu Christi,
          <lb/>ec-[] clesiae Dei, quae est Hamburgi, precatur Io-I] achimus Westphalius.
          <lb/>(Préface de 6 pp. en car. ital.).
          <lb/>Le livre contient en outre à la suite de Westphal : Confessio Erhardi
          <lb/>Schnepffi De Eucharistia, de sign. N. 4b-S. 8b (45 p.).
          <lb/>R. 102.181 (1). Prov. inconnue.
          <lb/>Bibliographie de Westphal, Schottenloher II, Nos 22386-22393.
          <lb/>2456
          <lb/>WICKRAM Georg
          <lb/>Strasbourg, J. Frölich, 1538
          <lb/>Das Narren giessen.Ein kurtzweilig Fasznachtspyl, so
          <lb/>zu!! Colmar von einer Burgerschafft (! gespylt worden ist,
          <lb/>vff-der Her-ren fasznacht, Jnn dem Jar! M. D. XXXVII.
          <lb/>Grav. sur bois : Un fou en train de fondre un fou (Narren¬
        </p>
      </div>
    </body>
  </text>
</TEI>
