<?xml version='1.0' encoding='UTF-8'?>
<?xml-model href="https://raw.githubusercontent.com/OpenITI/tei_openiti/master/tei_openiti.rng" type="application/xml" schematypens="http://relaxng.org/ns/structure/1.0"?>
<?xml-model href="https://raw.githubusercontent.com/OpenITI/tei_openiti/master/tei_openiti.rng" type="application/xml" schematypens="http://purl.oclc.org/dsdl/schematron"?>
<TEI xmlns="http://www.tei-c.org/ns/1.0">
  <teiHeader>
    <fileDesc>
      <titleStmt>
        <title/>
      </titleStmt>
      <publicationStmt>
        <p/>
      </publicationStmt>
      <sourceDesc>
        <p/>
      </sourceDesc>
    </fileDesc>
    <profileDesc>
      <calendarDesc>
        <calendar xml:id="ah">
          <p>Anno Hegirae</p>
        </calendar>
      </calendarDesc>
    </profileDesc>
    <xenoData xml:space="preserve">
CREATED: 2024-04-11T12:19:58.206561+00:00
CREATED BY: eScriptorium vpassthistobuildcmd
IMAGE FILENAME: A121078-5249.tif
IMAGE WIDTH: 2404
IMAGE HEIGHT: 3862
</xenoData>
  </teiHeader>
  <text>
    <body>
      <div>
        <p>
          <lb/>1559
          <lb/>notes marg., titre encadré de 4 pièces d’ornement, bordures latérales,
          <lb/>colonnes, bordure supérieure, divers animaux, sur le dos de deux, un génie,
          <lb/>dans le coin de gauche, 2 autres génies debout, dans celui de droite un
          <lb/>guerrier chargé de butin; bordure inférieure, animaux fantastiques et
          <lb/>une foule d’hommes, probablement des fous; au bas dans le coin droit
          <lb/>la date 1519.
          <lb/>fol. A 2a :... Maximiliano a Bergis, Domino in Seuenberg... Jacobus
          <lb/>Spiegel !! Slestadiensis, Regius secretarius... — Ex aedibus nostris
          <lb/>Selestadij die. XV. Maij. 11 M. D. XX. (Préface de 4 pp.).
          <lb/>fol. A 4a : Maximilianus... Romanorum Imperator... Jacobo Wimphe¬
          <lb/>lingo Selestadiensi... — Datum in oppido no stro imperiali Uberlingen,
          <lb/>die XVIII. Mensis Septem-1 bris. Anno Domini M. D. X.
          <lb/>Au verso :... Imp. Maximiliano Jacobus Wim- 1l phelingus Selesta¬
          <lb/>diensis... — Ex Argentorato!! Calen. Nouemb. M. D. X. (4 pp.).
          <lb/>R. 101.801. Prov. : Don de Fid. Butsch, fils, antiquaire à Augsbourg,
          <lb/>1871.
          <lb/>Proctor II, Sectio I, No 11.975 : Londres, British Museum; Walter :
          <lb/>Sélestat 2449.
          <lb/>2498
          <lb/>WINKEL Johannes
          <lb/>Strasbourg, W. Rihel, 1554
          <lb/>Varia opuscula.  De exercita- Il tione ivrisconsul-! torum.
          <lb/>De vera et compendiaria ratione docendi, &amp;amp; discendi
          <lb/>Iura.Orationes de Lavdibus luris.Dsputationes et
          <lb/>alia.! Authorum nomina uersa indicat pagina.
          <lb/>Omnia in gratiam Tyro-num Paris,  partim ab innumeris
          <lb/>mendis repurgata, ac pristino nitori restituta : partim
          <lb/>nunc primum edita, opera &amp;amp; studio M. Iohannis
          <lb/>Winkelij Q. Argentoratensis I. C.Cum summariis et indice!
          <lb/>locuplete.
          <lb/>Argentorati excvdebatWendelinus Rihelius Anno
          <lb/>M. D. LIIII.
          <lb/>In-8°, car. rom., 10 ff. non ch., 747 pp. ch., 37 ff. non ch. (Index),
          <lb/>titre courant, réclames, init. ornées, J, E, A, H, S. Entre pp. 220 et 221,
          <lb/>4 planches, dont 3 pliées.
          <lb/>Au verso du dernier f. blanc marque typ. de Wendelin Rihel (H. &amp;amp; B.,
          <lb/>Planche XXIX, N° 3 ; Silvestre, No 740).
          <lb/>Au verso du titre: Catalogus authorum.
          <lb/>fol. 2a non ch.: ... Matthie Pfarrhero, Consuli Argentoratensi,... Johannes
          <lb/>Winkelius Quartus, Argentoratensis, Jurium Candidadus S. D.
          <lb/>fol. 10a : Typographus Lectori S.
          <lb/>fol. 11b : Joannes Sapidus!! Lectori (31 vers latins).
          <lb/>R. 100.944. Prov. : BN Munich, 30/xI, 1877.
          <lb/>Au verso du f. de garde : « Duplum Bibliothecae regiae Monacensis.
          <lb/>1 M. ».
          <lb/>2499
          <lb/>WOLF Johannes
          <lb/>Strasbourg, imprimerie Knobloch, 1539
          <lb/>Rudimenta Arithmetices Brevissi-me, &amp;amp; summa cum
        </p>
      </div>
    </body>
  </text>
</TEI>
