<?xml version='1.0' encoding='UTF-8'?>
<?xml-model href="https://raw.githubusercontent.com/OpenITI/tei_openiti/master/tei_openiti.rng" type="application/xml" schematypens="http://relaxng.org/ns/structure/1.0"?>
<?xml-model href="https://raw.githubusercontent.com/OpenITI/tei_openiti/master/tei_openiti.rng" type="application/xml" schematypens="http://purl.oclc.org/dsdl/schematron"?>
<TEI xmlns="http://www.tei-c.org/ns/1.0">
  <teiHeader>
    <fileDesc>
      <titleStmt>
        <title/>
      </titleStmt>
      <publicationStmt>
        <p/>
      </publicationStmt>
      <sourceDesc>
        <p/>
      </sourceDesc>
    </fileDesc>
    <profileDesc>
      <calendarDesc>
        <calendar xml:id="ah">
          <p>Anno Hegirae</p>
        </calendar>
      </calendarDesc>
    </profileDesc>
    <xenoData xml:space="preserve">
CREATED: 2024-04-11T12:19:57.981770+00:00
CREATED BY: eScriptorium vpassthistobuildcmd
IMAGE FILENAME: A121078-5237.tif
IMAGE WIDTH: 2388
IMAGE HEIGHT: 3858
</xenoData>
  </teiHeader>
  <text>
    <body>
      <div>
        <p>
          <lb/>1547
          <lb/>fol. 3a : Contra eundem Franciscum!! Schatzer complicesque suos
          <lb/>Excusatio Ja. !! wymphelingi Ad Reuerendissimum in christo pa-Il trem
          <lb/>&amp;amp; Illustrissimum principem Albertum episcopum !! Argentinensem.
          <lb/>dominum clementissimum... — Ex domo validi equitis Mar!] tini Sturmi
          <lb/>(4 pp.).
          <lb/>&amp;quot;R. 102.223 (2). Prov. : B. Liebisch, Leipzig, 23/xI, 1888. Notes mss.
          <lb/>Voir: Knepper, Wimpfeling, p. 192.
          <lb/>2476
          <lb/>WIMPHELING Jacobus
          <lb/>Strasbourg, M. Hupfuff, 1506
          <lb/>Iacobi WimpfelingSchletstattensis Elegantiaum
          <lb/>medulla : Oratoriaque precepta In ordinem iu!! uentu facilem:
          <lb/>copiose; clare : breuiterque reducta.
          <lb/>A la fin : Impressum Argentine per Mathiam Hupfuff
          <lb/>Anno Incarnationis Cristi M. CCCCC. vi.
          <lb/>In-4°, car. goth., 26 ff. non ch. sign. A-D, titre courant, init. ornée
          <lb/>N et init. d’attente.
          <lb/>Au verso du titre : Jacobus. w. Jimphelingus] Schletstattensis (I Theo¬
          <lb/>dorico Gresmundt Moguntino iuniori... — Spiris pridie ydus Junias.
          <lb/>Anno Christi. M. cccc.xciij.
          <lb/>fol. A 2a : Theodoricus Gresmundt!! Junior Jacobo wim. Schletstat¬
          <lb/>tensi...
          <lb/>R. 101.595. Prov. : Rosenthal, Munich, 4/11I, 1884; 9 M., avec annota¬
          <lb/>tions mss.
          <lb/>Proctor II, Sectio I, No 10.017 : Londres, British Museum. Knepper,
          <lb/>Wimpheling, p. 73-74.
          <lb/>247
          <lb/>WIMPHELING Jacobus
          <lb/>Strasbourg, M. Hupfuff, 1506
          <lb/>Epistola excusa- (I toria ad Sueuos
          <lb/>Deux dist. : Alsates infensos ne gens tibi sueuica credas
          <lb/>Quos rhenus separat herciniumque nemus
          <lb/>Nec facile est adhibenda fides rabido nebuloni
          <lb/>Foedera qui violans, vulnerat innocuos.
          <lb/>A la fin : Mathias Hupfuff imprimebat. M. d. vi.Foedus
          <lb/>discordia soluit.
          <lb/>In-4°, car. goth., 6 ff. non ch., sign. a., notes marg., init. d’attente.
          <lb/>Au verso du titre : H. Bebelius poeta l/ Wimphelingo. S. (Precrebuit
          <lb/>in gymnasio nostro rumor : te parum Liberaliter ne dicam humaniter, et
          <lb/>sentire et loqui de sueuis...
          <lb/>Suit la réponse de Wimpheling : Wimphelingius ]] Bebelio S.
          <lb/>fol. aijb : De sueuis!! Thomas wolphius iunior et Jac. I! wimpfelingius.
          <lb/>Ceterique tertiarum! litterarum amatores, apud Argentinam Joanni
          <lb/>Prusz Ciui Argentinensi S.
          <lb/>fol. aiijb : Ringmannus Philesius Grego 1I rio Reitschio Carthusien.
          <lb/>Friburgen, patri. (11 vers latins) et Petrus bolandus Ad Jo. Balb. !)
          <lb/>Episcopum wormaciensem (6 dist.).
          <lb/>fol. a vb : Petrus eberbachius Ertphordiensis Adolescens Jacobo wym¬
          <lb/>phelingo... Vale, xij. Kl. februari- I] as. Anno quo me dira lues ex mea
          <lb/>in tuam patriam fugauit.
        </p>
      </div>
    </body>
  </text>
</TEI>
