<?xml version='1.0' encoding='UTF-8'?>
<?xml-model href="https://raw.githubusercontent.com/OpenITI/tei_openiti/master/tei_openiti.rng" type="application/xml" schematypens="http://relaxng.org/ns/structure/1.0"?>
<?xml-model href="https://raw.githubusercontent.com/OpenITI/tei_openiti/master/tei_openiti.rng" type="application/xml" schematypens="http://purl.oclc.org/dsdl/schematron"?>
<TEI xmlns="http://www.tei-c.org/ns/1.0">
  <teiHeader>
    <fileDesc>
      <titleStmt>
        <title/>
      </titleStmt>
      <publicationStmt>
        <p/>
      </publicationStmt>
      <sourceDesc>
        <p/>
      </sourceDesc>
    </fileDesc>
    <profileDesc>
      <calendarDesc>
        <calendar xml:id="ah">
          <p>Anno Hegirae</p>
        </calendar>
      </calendarDesc>
    </profileDesc>
    <xenoData xml:space="preserve">
CREATED: 2024-04-11T12:20:02.260590+00:00
CREATED BY: eScriptorium vpassthistobuildcmd
IMAGE FILENAME: A121078-5325.tif
IMAGE WIDTH: 2406
IMAGE HEIGHT: 3846
</xenoData>
  </teiHeader>
  <text>
    <body>
      <div>
        <p>
          <lb/>1635
          <lb/>Suetonius (dans le GR à Aurelius
          <lb/>Térence, 464, 979, 2015, 2019, 2283-92.
          <lb/>Victor Sextus), 1449, 1889, 1892,
          <lb/>Tertullien, 1093, 2293.
          <lb/>1905, 2244-51.
          <lb/>Tetzel, 1418.
          <lb/>Suidas, 159, 1163.
          <lb/>Teutsch. Nic. Manuel, 2005.
          <lb/>Sulpitia, 1038.
          <lb/>Textor, Benedictus (Segusianus), 216.
          <lb/>Sulz. Voir : Monastères.
          <lb/>Thaleius, Guillaume, 709.
          <lb/>Summenhart, Conradus (de Calw.
          <lb/>Thedel von Walmoden, Ludolphus),
          <lb/>Prof. Univ. Tübingen), 2255, 6.
          <lb/>Summenhart, Heinrich (Colmar), 880.
          <lb/>2328.
          <lb/>Theobaldus, Billicanus. Voir : Gerla¬
          <lb/>Surgant, Joh. Ulricus (Curatus eccl.
          <lb/>cher, Théobalde.
          <lb/>S. Theodori, minoris Basileae Cons¬
          <lb/>Theobaldus (Abt. Lucelles), 834.
          <lb/>tansiensis diocesis), 2258-60.
          <lb/>Susliga, Florinus, 1068.
          <lb/>Theobaldus, Johann von Mundolsheim
          <lb/>Sussan, Hermann, 1736.
          <lb/>Voir : Mundolsheim.
          <lb/>Sussanaeus, Herbertus, 661, 662.
          <lb/>Théocrite (Syracusanus), 2318, 9,
          <lb/>Sussaneau, Hubert, 2261, 2.
          <lb/>2423.
          <lb/>Sybilla, Herzogin zu Sachsen, 1368.
          <lb/>Théodorète, 1093, 1099.
          <lb/>Sylla, 1623.
          <lb/>Theodoricus, 1175.
          <lb/>Sylviolus, Antonius (Paris), 136.
          <lb/>Theodoricus (Archiepiscopus Mogun¬
          <lb/>tinensis), 2189.
          <lb/>Sylvius, Franciscus, 1067.
          <lb/>Symmachus, 2263, 4.
          <lb/>Theodorus, 1168.
          <lb/>Symphorian, 1091, 2.
          <lb/>Theodosius (empereur romain), 1624,
          <lb/>Symphosius, 1342.
          <lb/>1733, 2054.
          <lb/>Széchenius, F. (anc. poss.), 1248.
          <lb/>Theodulus von Walmoden (Sohn des
          <lb/>Ludolph Thedol. von W.), 2328.
          <lb/>Théophraste, 2321, 2.
          <lb/>T
          <lb/>Thersites, 1504.
          <lb/>Tacite, 197, 482.
          <lb/>Theverus, Michael (Argentinensis
          <lb/>Talhuser, Wolfgang (Medicus Augus¬
          <lb/>Quindecemvir), 938.
          <lb/>tanae Reipublicae), 1778.
          <lb/>Thieneus, Ludovicus Vincentinus,
          <lb/>Tancretus, 2266.
          <lb/>1924.
          <lb/>Tanstetter, Georgius (Collimitius, me¬
          <lb/>Thoma (antiquaire à Nuremberg),
          <lb/>dicinae doctor, Prof. Viennensi
          <lb/>1616.
          <lb/>Gymnasio, 1528), 2267, 2442.
          <lb/>Thomae, Joh., 184.
          <lb/>Tappius, Eberhardus (Lunensis), 2268,
          <lb/>Thomas d’Aquin, 16, 655, 1821, 2324,
          <lb/>5
          <lb/>Targum, 2270.
          <lb/>Thomas à Kempis, 2326.
          <lb/>Tarraeus, 2518.
          <lb/>Thomas, Hubertus (Leodicus), 2323.
          <lb/>Tarvisanus, Ponticus, 1848.
          <lb/>Thomas, Joh., 1874, 2078.
          <lb/>Tatius Marcus (Alpinus), 2271.
          <lb/>Thomas Johannes (Pfarrer zu S. Ni¬
          <lb/>Taubner, B. G. (Leipzig 1930), 2082.
          <lb/>claus, Strassburg), 184, 1764.
          <lb/>Taurellus, Nicolaus (medicus, Mont¬
          <lb/>Thomasius (Venetus medicus), 1848.
          <lb/>belgardiensis, 1581), 2272.
          <lb/>Thoninus, Fabianus (1565), 2212.
          <lb/>Tausing, S. E.. (Prague, anc. poss.
          <lb/>Thorn, Bibl. du Gymnase, 2226.
          <lb/>1879), 1394.
          <lb/>Thou de (Paris), 2005.
          <lb/>Taver (?) Michael (anc. poss. anno
          <lb/>Thracigerus, Adamus (Cancellarius
          <lb/>1665), 1992.
          <lb/>Daniae), 1698.,
          <lb/>Tectonus Joh. (Viennensis ecclesiae
          <lb/>Thretius, Christophorus (Polonus),
          <lb/>Antistes 1530), 945.
          <lb/>2230.
          <lb/>Tectonus, Theophilus, 2273.
          <lb/>Thucidide, 481, 482, 1544, 2327.
          <lb/>Tegernsee. Voir : Monastères.
          <lb/>Thumb, Stephanus (Parochus Fron¬
          <lb/>Tegernseer, Antonius (Alemanus), Ba¬
          <lb/>denbachii, anno 1652), 1375.
          <lb/>varus, anc. poss. anno 1516), 1586.
          <lb/>Thun et Taxis, 2439.
          <lb/>Teichmann, Wilhelm (Strasbourg,
          <lb/>Thunn, Christophorus (anc. poss.
          <lb/>anc. poss. 1909), 1583.
          <lb/>emptus Salzburgi anno 1558), 1962.
          <lb/>Teichmann, Wilhelm (Joh. Zschorn
          <lb/>Thurmberg, Adolphus Guilhelmus
          <lb/>von Westhofen), 2530.
          <lb/>(Dörnberg, anc. poss. ),1005.
          <lb/>Tengler, Udalricus (Praeses Altipoli¬
          <lb/>Thym, Georgius (Schulmeister zu
          <lb/>tanus), 2274-82.
          <lb/>Wernigerode), 2328.
          <lb/>Tengler, Christophorus (Udalrici fi¬
          <lb/>Tiedemann, H. (Berlin, anc. poss.
          <lb/>lius, 1510), 2275.
          <lb/>1937), 1154.
        </p>
      </div>
    </body>
  </text>
</TEI>
