<?xml version='1.0' encoding='UTF-8'?>
<?xml-model href="https://raw.githubusercontent.com/OpenITI/tei_openiti/master/tei_openiti.rng" type="application/xml" schematypens="http://relaxng.org/ns/structure/1.0"?>
<?xml-model href="https://raw.githubusercontent.com/OpenITI/tei_openiti/master/tei_openiti.rng" type="application/xml" schematypens="http://purl.oclc.org/dsdl/schematron"?>
<TEI xmlns="http://www.tei-c.org/ns/1.0">
  <teiHeader>
    <fileDesc>
      <titleStmt>
        <title/>
      </titleStmt>
      <publicationStmt>
        <p/>
      </publicationStmt>
      <sourceDesc>
        <p/>
      </sourceDesc>
    </fileDesc>
    <profileDesc>
      <calendarDesc>
        <calendar xml:id="ah">
          <p>Anno Hegirae</p>
        </calendar>
      </calendarDesc>
    </profileDesc>
    <xenoData xml:space="preserve">
CREATED: 2024-04-11T12:19:58.054357+00:00
CREATED BY: eScriptorium vpassthistobuildcmd
IMAGE FILENAME: A121078-5241.tif
IMAGE WIDTH: 2384
IMAGE HEIGHT: 3858
</xenoData>
  </teiHeader>
  <text>
    <body>
      <div>
        <p>
          <lb/>Fulaitutin In
          <lb/>tuuinarila nũ dusolurnuis quihul
          <lb/>cumqt.ac corum periculs q̃plurimia. A ibcolomie Cotomensito
          <lb/>spprobatum cum addinonibus sacreriflimozum canonumi¬
          <lb/>D: sec abesse procul iubco. oisccdire ab arie
          <lb/>¶ Contra vencrẽ sacerdotd̃ Pocro gentilio.
          <lb/>Quos tulit besterna gaudia nocre venus
          <lb/>Casta placent superis.pura cum veste veuirɇ
          <lb/>Et manibo purtd sumire fontie aqua¬
          <lb/>3
          <lb/>¶Si apud genulcs sacerdotes sacrificaturos imuũdicie oereste
          <lb/>tite fuit quato magie apuo cĩtanos qui cozpue doii sumunt
          <lb/>O sacerdos tibi licut: oe alran viuere.nõ lururiare penitritur
          <lb/>¶Sanctue Iberonim ôt
          <lb/>Neritas odiumparit.
          <lb/>¶Eberc̃ui&amp;quot;.
          <lb/>&amp;amp;oo subiusto iudice nucit.
          <lb/>¶Desdiae
          <lb/>1551
          <lb/>(Voir n° 2483).
        </p>
      </div>
    </body>
  </text>
</TEI>
