<?xml version='1.0' encoding='UTF-8'?>
<?xml-model href="https://raw.githubusercontent.com/OpenITI/tei_openiti/master/tei_openiti.rng" type="application/xml" schematypens="http://relaxng.org/ns/structure/1.0"?>
<?xml-model href="https://raw.githubusercontent.com/OpenITI/tei_openiti/master/tei_openiti.rng" type="application/xml" schematypens="http://purl.oclc.org/dsdl/schematron"?>
<TEI xmlns="http://www.tei-c.org/ns/1.0">
  <teiHeader>
    <fileDesc>
      <titleStmt>
        <title/>
      </titleStmt>
      <publicationStmt>
        <p/>
      </publicationStmt>
      <sourceDesc>
        <p/>
      </sourceDesc>
    </fileDesc>
    <profileDesc>
      <calendarDesc>
        <calendar xml:id="ah">
          <p>Anno Hegirae</p>
        </calendar>
      </calendarDesc>
    </profileDesc>
    <xenoData xml:space="preserve">
CREATED: 2024-04-11T12:20:02.315124+00:00
CREATED BY: eScriptorium vpassthistobuildcmd
IMAGE FILENAME: A121078-5327.tif
IMAGE WIDTH: 2402
IMAGE HEIGHT: 3842
</xenoData>
  </teiHeader>
  <text>
    <body>
      <div>
        <p>
          <lb/>Turzus, Sigismundus (Pannonius,
          <lb/>Episcopus Varadiensis), 519, 524.
          <lb/>Vadianus, Joachimus, 155, 1065,
          <lb/>Tutor, Jacobus (Anvers), 522.
          <lb/>1792, 1887.
          <lb/>Vadius, Pollio Gerus (Presbyter),
          <lb/>O
          <lb/>2395.
          <lb/>Vakius, Cosmas (Flenspurgensis), 451.
          <lb/>Uebelin. Voir : Maxillus, Georgius.
          <lb/>Valerianus, Pierius Joh., 2369, 2370.
          <lb/>Uberer, Hans (Heitersheim, anc.
          <lb/>Valerius Flaceus, 2371.
          <lb/>poss. 1595), 2043.
          <lb/>Valerius, Maximus, 1350, 2372-78.
          <lb/>Ueberlingen (Bibl. Leop.-Soph.), 327.
          <lb/>Valla, Georgius (Placentinus), 1536,
          <lb/>Udalricus, Comes in Montfort et
          <lb/>1902, 2379-84.
          <lb/>Rotenfels), 1771.
          <lb/>Valla, Laurentius, 98, 2385-88.
          <lb/>Udalricus, Dux Wirtembergensis, 164,
          <lb/>Van Brederode. Voir : Brederodus.
          <lb/>174, 1176.
          <lb/>Van Buerne, J., 1236.
          <lb/>Uffenbach, Petrus (Francofortanus
          <lb/>Van den Bergh. Voir : Montanus,
          <lb/>1594), 2162.
          <lb/>Petrus.
          <lb/>Uffenbach, Zach. Conrad ab (anc.
          <lb/>Van der Haeghen, 705, 7, 710, 8,
          <lb/>poss.), 2485.
          <lb/>720, 6, 7, 9, 734, 5, 741, 2, 3, 9,
          <lb/>Uhland (anc. poss.), 571, 1405.
          <lb/>750, 6, 8, 785, 792.
          <lb/>Ulhart, Philippe (impr. Augsbourg),
          <lb/>Van der Velde (anc. poss.), 550.
          <lb/>434, 435, 573, 2089.
          <lb/>Vanhofen. Voir : Monastères.
          <lb/>UIm RM, 1404, 1738.
          <lb/>Van Sichem. Voir : Sichem Van.
          <lb/>Ulmann, Adam (anc. poss.), 42.
          <lb/>Varchius, Benedictus, 1285.
          <lb/>Ulmann, Walter (archidiacon zu
          <lb/>Varnbulerus, Huldericus (Cancella¬
          <lb/>S. Tryphonien), 374.
          <lb/>rius), 436.
          <lb/>Ulmer, Conrad, 611, 612.
          <lb/>Varnbulerus, Nic. (Lindaviensis, Prof.
          <lb/>Ulrich, Sankt (Bischof zu Augsburg),
          <lb/>juris Tubingensis), 801, 803.
          <lb/>2365.
          <lb/>Vegerius, Conradus (Secretarius re¬
          <lb/>Ulrich, Herzog zu Würtemberg, Graf
          <lb/>gius, 1531), 2389.
          <lb/>zu Mömpelgard, 1519), 2462.
          <lb/>Vegetius, Adam (Fuldensis), 591.
          <lb/>Ulricher, Georges (impr. Strasbourg),
          <lb/>Vegius, Mapheus (Laudensis), 2390,
          <lb/>293, 4, 9, 362, 3, 1048, 1093, 1441,
          <lb/>2411.
          <lb/>4, 1801, 2119, 2267, 2267a.
          <lb/>Vehus, Hieronymus, 2511.
          <lb/>Ulsenius, Theodorus (Phrisius, medi¬
          <lb/>Veinant, 2005.
          <lb/>cinae doctor 1504), 1985.
          <lb/>Veit, Traut, 704.
          <lb/>Ulstadius, Philippus (Nuremberg),
          <lb/>Velcurius, Joh., 2390.
          <lb/>2366.
          <lb/>Velius Ursinus, 115.
          <lb/>Umbreit, A. E. Dr (anc. poss.), 773.
          <lb/>Veltkirch, M. (prof. Wittenberg), 789.
          <lb/>Unflad, Albert (Zurich, anc. poss.
          <lb/>Vemesianus, 403.
          <lb/>1890), 2061.
          <lb/>Venatus, Thomas, 2036.
          <lb/>Unger, Benedict (anc. poss. 1636),
          <lb/>Vener, Jacobus, 1979.
          <lb/>1272.
          <lb/>Venetscherus, Petrus (anc. poss.), 361.
          <lb/>Unger, David, 837.
          <lb/>Venise Bibl. Saint-Marc, 56, 741.
          <lb/>Ungerer, Théodore (Strasbourg, anc.
          <lb/>Verberio (Oise, Petrus Aureolus), 111.
          <lb/>poss.), 320, 898, 1459, 2031, 2386.
          <lb/>Verbucius, Stephanus (Pannonius),
          <lb/>Ungnad, Hans (Freiherr zu Sonneck,
          <lb/>1887.
          <lb/>1560), 2175, 2393.
          <lb/>Vergerius, Ludwig, 2393.
          <lb/>Upsala BU, 327.
          <lb/>Vergerius, Paulus, 1904, 2393.
          <lb/>Uranius, Joh. Baptista, 1253.
          <lb/>Vergilius, Polydorus (Urbinas), 705,
          <lb/>Urbach, Joh. de, 1586.
          <lb/>1848, 2394-99.
          <lb/>Urban (Bischof zu Gurgkh, anc. poss.
          <lb/>Verlus, Antonius (Vicentinus), 1856.
          <lb/>1571), 1011.
          <lb/>Vermilia, Catharina, 1173, 4.
          <lb/>Urceus Codrus, Antonius, 2367, 2376.
          <lb/>Verus, Antonius, 1154.
          <lb/>Urs, Graf. Voir : Graf, Urs.
          <lb/>Vesenmeyer, Georg (Prof., anc. poss.
          <lb/>Ursinus, Joh. (Spirensis, anc. poss.
          <lb/>1818), 914.
          <lb/>1676), 2143.
          <lb/>Vespucius, Americus, 2406, 7.
          <lb/>Ursinus Velius, 115.
          <lb/>Vesputinus, Georgius Antonius, 839.
          <lb/>Utrecht, BU, 327, 8, 9.
          <lb/>Veturius, Lucius, 485.
          <lb/>Uttenheim, Crato (Hofmann?) (Prae¬
          <lb/>Viator, Cajus, 1659.
          <lb/>ceptor Selestadiensis), 2471, 2486,
          <lb/>2493.
          <lb/>Vicedominus, Antonius, 1899.
          <lb/>1637
        </p>
      </div>
    </body>
  </text>
</TEI>
