<?xml version='1.0' encoding='UTF-8'?>
<?xml-model href="https://raw.githubusercontent.com/OpenITI/tei_openiti/master/tei_openiti.rng" type="application/xml" schematypens="http://relaxng.org/ns/structure/1.0"?>
<?xml-model href="https://raw.githubusercontent.com/OpenITI/tei_openiti/master/tei_openiti.rng" type="application/xml" schematypens="http://purl.oclc.org/dsdl/schematron"?>
<TEI xmlns="http://www.tei-c.org/ns/1.0">
  <teiHeader>
    <fileDesc>
      <titleStmt>
        <title/>
      </titleStmt>
      <publicationStmt>
        <p/>
      </publicationStmt>
      <sourceDesc>
        <p/>
      </sourceDesc>
    </fileDesc>
    <profileDesc>
      <calendarDesc>
        <calendar xml:id="ah">
          <p>Anno Hegirae</p>
        </calendar>
      </calendarDesc>
    </profileDesc>
    <xenoData xml:space="preserve">
CREATED: 2024-04-11T12:19:50.996654+00:00
CREATED BY: eScriptorium vpassthistobuildcmd
IMAGE FILENAME: A121078-5058.tif
IMAGE WIDTH: 2388
IMAGE HEIGHT: 3862
</xenoData>
  </teiHeader>
  <text>
    <body>
      <div>
        <p>
          <lb/>1366
          <lb/>beigesetz-ten erklärungen, den Leser mannigerley
          <lb/>vmbstände, so vil desto besser zuuerstän-( digen, von newem
          <lb/>zugericht.Mit Römischer Keyserl. Maiestat Gnad vnd
          <lb/>Freiheyt.
          <lb/>Getruckt zu Straszburg, durchTheodosium Rihel.
          <lb/>M. D. LXXXVIII. (Verso blanc.)
          <lb/>In-fol., car. goth., 6 ff. non ch., 815 pp. ch., 12 pp. non ch. à 2 col.
          <lb/>(table), titre courant, réclames, notes marg., init. goth., titre rouge et noir.
          <lb/>fol. 2a non ch. : ... Herren Augusto, Hertzogen! zu Sachsen... —
          <lb/>Datum den trei und zwentzigsten tage desz Mertzen, im Jare nach Christi
          <lb/>Ge- I1 burte, Tausent Fünffhundert und Fünffund Fünfftzig. 1! Johannes
          <lb/>Sleidanus. (Préface de 6 pp.)
          <lb/>fol. 52 non ch. : Johannes Sleidanus dem !! Guthertzigen Leser. (Apologie
          <lb/>de 4 pp.)
          <lb/>R10.480. Prov. : Paul Neubner, Cologne, 5/VI, 1893, 4 M.
          <lb/>Au verso du dernier f., autographe de Jacob Labor.
          <lb/>2150
          <lb/>SLEIDANUS Johannes
          <lb/>Strasbourg, Th. Rihel, 1593
          <lb/>Ordenliche Beschreibung Vnd Verzeichnisz, allerley
          <lb/>fürnemer Händel, etc. (Titre comme dans l’édition de 1588,
          <lb/>excepté qu’il ne va pas jusqu’en 1583, mais jusqu’à 1584
          <lb/>« bisz auff das Tausent Füuff hundert vier vnd achtzigste Jar».
          <lb/>Getruckt zu Straszburg, durch Theodosium Rihel.
          <lb/>M. D. XCIII. (Verso blanc.)
          <lb/>In-fol., car. goth., 6 ff. non ch. (préface et apologie de l’édition de 1588),
          <lb/>815 pp. ch., 12 pp. non ch. à 2 col. (table), titre courant, réclames, notes
          <lb/>marg., init. goth., titre rouge et noir.
          <lb/>Réimpression littérale de l’édition de 1588.
          <lb/>R. 10.481. Prov. : BN Munich, 11/VII, 1879; 2 M. 40. 2151
          <lb/>SLEIDANUS Johannes
          <lb/>Strasbourg, Th. Rihel, 1598.
          <lb/>Ordenliche Beschreibung UndVerzeichnisz allerley
          <lb/>fürnemer Händel, etc. (Titre comme dans l’édition de 1593.)
          <lb/>Getruckt zu Straszburg, durchTheodosium Rihel.
          <lb/>M. D. XCVIII. (Verso blanc.)
          <lb/>In-fol., car. goth., 6 ff. non ch. (préface et apologie comme dans les
          <lb/>éditions de 1588 et 1593), 815 pp. ch., 12 pp. non ch. à 2 col. (table),
          <lb/>titre courant, réclames, notes marg., init. goth., titre rouge et noir.
          <lb/>Réimpression littérale de l’édition de 1588.
          <lb/>R. 10.482. Prov. : Bull (Vente Noiriel), Strasbourg, 17/IV, 1874;
          <lb/>sans indic. de prix.
          <lb/>A l’intérieur de la couverture: « M. Poinsignon, Chanoine, Directeur de
          <lb/>la classe normale à Strasbourg (Bas-Rhin)».
          <lb/>2152
          <lb/>SMARAGDUS
          <lb/>Strasbourg, Cr. Mylius, 1536
          <lb/>Auszlegung! (Oder Postilla des Hei-ligen vnd Gottsuers¬
          <lb/>tendigen Zmaragdi, eines theuren Abbts ausz Sachszen
        </p>
      </div>
    </body>
  </text>
</TEI>
