<?xml version='1.0' encoding='UTF-8'?>
<?xml-model href="https://raw.githubusercontent.com/OpenITI/tei_openiti/master/tei_openiti.rng" type="application/xml" schematypens="http://relaxng.org/ns/structure/1.0"?>
<?xml-model href="https://raw.githubusercontent.com/OpenITI/tei_openiti/master/tei_openiti.rng" type="application/xml" schematypens="http://purl.oclc.org/dsdl/schematron"?>
<TEI xmlns="http://www.tei-c.org/ns/1.0">
  <teiHeader>
    <fileDesc>
      <titleStmt>
        <title/>
      </titleStmt>
      <publicationStmt>
        <p/>
      </publicationStmt>
      <sourceDesc>
        <p/>
      </sourceDesc>
    </fileDesc>
    <profileDesc>
      <calendarDesc>
        <calendar xml:id="ah">
          <p>Anno Hegirae</p>
        </calendar>
      </calendarDesc>
    </profileDesc>
    <xenoData xml:space="preserve">
CREATED: 2024-04-11T12:19:48.899519+00:00
CREATED BY: eScriptorium vpassthistobuildcmd
IMAGE FILENAME: A121078-5009.tif
IMAGE WIDTH: 2420
IMAGE HEIGHT: 3896
</xenoData>
  </teiHeader>
  <text>
    <body>
      <div>
        <p>
          <lb/>1317
          <lb/>(SABUNDE Raymundus de)
          <lb/>Strasbourg, M. Flach fils, 1601
          <lb/>Theologia naturalis sive li! ber creaturarum specialiter ] de
          <lb/>homine et de natura eius in quantum homo : et de his que!
          <lb/>sunt ei necessaria ad cognoscendum seipsum et deum, et
          <lb/>omne! debitum ad quod homo tenetur et obligatur tam deo
          <lb/>quam proximo. (Verso blanc.)
          <lb/>A la fin : Ex officina Martini Flach iunioris ci uis Argen¬
          <lb/>tinensis. Anno domini Millesimo quingen tesimo primo:
          <lb/>septimo Kalendas februarij.
          <lb/>In-fol., car. goth., 162 ff. non ch. à 2 colonnes, sign. a-z et T, 2, titre
          <lb/>courant, notes marg., de nombreuses init. d’attente. Après le f. du titre,
          <lb/>15 ff. de table.
          <lb/>&amp;quot;R. 10.031. Prov. : Trübner, Strasbourg, 25/1: 1886; 29 M.
          <lb/>Notes mss au f. du titre où se trouve inscrit le nom de l’auteur,
          <lb/>Raymundi de Sabunde M. Doctoris Medici : Hanc editionem Argenti¬
          <lb/>nensem de anno 1501, rarissimis esse adnumerandam docet Baüerus in
          <lb/>Bibl. libr. rariorum universali Tom. IV, p. 4, conf. imprimis Vogtius in
          <lb/>Catal. libr. rariorum p. 594. Saepius prodiit hic liber, et tamen, quod
          <lb/>mireris, pleraeque editiones omnes ita evanuerunt, ut vix jam appareant.
          <lb/>2 ex. R. 10.366. Prov. : Don de Fidelis Butsch fils, antiquaire, Augsbourg,
          <lb/>1871.
          <lb/>fol. a 1 manque, à sa place on a collé une fiche blanche avec note mss.
          <lb/>&amp;quot;3 ex. R. 10.369 (1). Prov. : BN Munich, 26/xI. 1878; 4 M.
          <lb/>Notes mss au titre : Conventus Schongaviensi Carmelit. Discale;
          <lb/>à l’intérieur de la couverture : Duplum Bibliothecae regiae Monacensis,
          <lb/>au haut : Ex dono domini Danielis Holzmayr Mercatoris ac Senatoris
          <lb/>Ciuitat. Monac, pro noua fundatione in Bauaria. Prix noté au crayon 4 M.
          <lb/>Proctor II, Sectio I, n° 10.137 : Londres, British Museum, Schmidt VI,
          <lb/>p. 19, n° 2 : jadis Bibl. de Strasbourg, Incun., n° 4011, BM Strasbourg
          <lb/>et BM Colmar; Ritter, Catal. BM Strasbourg n° 1862.
          <lb/>2053
          <lb/>SACHS Hans
          <lb/>Strasbourg, J. Cammerlander, 1538
          <lb/>Des Fürsten Schatz.Furstliche histori-en vnd Ebenbild
          <lb/>ausz Göt-licher vnd Heydnischer geschrifft, wesz! sich ein
          <lb/>jeder keyser, könig, Furst, Herr &amp;amp;. halten sol, damit sie nit
          <lb/>mit den men!! schen kindern verderben. Darin seint alle
          <lb/>könig der Juden, bisz auff Sedechiam,  darnach der andern
          <lb/>drei Monarchien etlich Fürsten und Ru-nig begriffen mit
          <lb/>ihren thaten vnnd leben bisz auff! den groszmechtigsten
          <lb/>vnnd onberwindt-lichsten (!) Keyser der Römer &amp;amp; c.!
          <lb/>Carolum. V.Alles lustig, kurtzweilig vnd nutzlich ze lesen.
          <lb/>Getruckt zu Straszburg bei M. Jacob Cammerlander.
          <lb/>Anno. M. D. xxxviij.
          <lb/>Au-dessous 3 médaillons, avec les portraits des empereurs
          <lb/>Louis II, Charles V et Theodosius. Au haut du titre : bande
          <lb/>d’ornement, des 2 côtés, feuille de lierre. (Verso blanc.)
          <lb/>A la fin: Hans Sachs, au-dessous bande d’ornement, au
        </p>
      </div>
    </body>
  </text>
</TEI>
