<?xml version='1.0' encoding='UTF-8'?>
<?xml-model href="https://raw.githubusercontent.com/OpenITI/tei_openiti/master/tei_openiti.rng" type="application/xml" schematypens="http://relaxng.org/ns/structure/1.0"?>
<?xml-model href="https://raw.githubusercontent.com/OpenITI/tei_openiti/master/tei_openiti.rng" type="application/xml" schematypens="http://purl.oclc.org/dsdl/schematron"?>
<TEI xmlns="http://www.tei-c.org/ns/1.0">
  <teiHeader>
    <fileDesc>
      <titleStmt>
        <title/>
      </titleStmt>
      <publicationStmt>
        <p/>
      </publicationStmt>
      <sourceDesc>
        <p/>
      </sourceDesc>
    </fileDesc>
    <profileDesc>
      <calendarDesc>
        <calendar xml:id="ah">
          <p>Anno Hegirae</p>
        </calendar>
      </calendarDesc>
    </profileDesc>
    <xenoData xml:space="preserve">
CREATED: 2024-04-11T12:19:51.727881+00:00
CREATED BY: eScriptorium vpassthistobuildcmd
IMAGE FILENAME: A121078-5076.tif
IMAGE WIDTH: 2372
IMAGE HEIGHT: 3860
</xenoData>
  </teiHeader>
  <text>
    <body>
      <div>
        <p>
          <lb/>1384
          <lb/>25 M.
          <lb/>R. 101.937. Prov. : Lindner (Vente Stöber), Strasbourg, 27/11, 1891;
          <lb/>Ritter, Catal. BM Strasbourg, n° 1967.
          <lb/>Voir : 1) Bossert, Gustav : Johann Spreter von Rottweil. Dans ; Blätter
          <lb/>für württembergische Kirchengeschichte. N. F. 15 (1911), p. 103-125;
          <lb/>2) Paulus, Nic. : Johann Spreter, ein Hexenschriftsteller des 16. Jahrh.
          <lb/>Dans : Historisch-politische Blätter 150 (1912), p. 248-262. 2186
          <lb/>SPRUCH. Voir: TISCHGEBETE.
          <lb/>STAHL
          <lb/>Strasbourg, J. Cammerlander, 1539
          <lb/>(Bande d’ornement) Von Stahel vnd Eisen,!! Die künstlich
          <lb/>waich vnd herrt zumach-en Allen Waffenschmiden,
          <lb/>Goltdschmiden, Gürt- lern, Sigil vnnd Stempffelschneidern
          <lb/>&amp;amp;c. vast nutzlich zu! wissen. Mit viel andern künstlin, wie
          <lb/>man golt vnd  silber farben, auff eyn jedes metall, manncher¬
          <lb/>ley! weisz machen sol. Darzu auch wie man in sta !! hel vnd
          <lb/>eisen, oder auff waffen etzen sol. !! Deszgleichen auch man¬
          <lb/>cherley art,  warm vnnd kalt eisen vnnd ] messing zu löten.
          <lb/>Grav. sur bois : des hommes travaillant aux divers emplois
          <lb/>désignés au titre.
          <lb/>Au-dessous : Straszburg beim Cammerlander. M. D. XXIX.
          <lb/>(Verso blanc.)
          <lb/>A la fin: bande d’ornement, au verso du dernier f., marque
          <lb/>typ. de Cammerlander (H. &amp;amp; B. Planche XXIV, No I ; Silvestre,
          <lb/>No 816.)
          <lb/>In-4°, car. goth., 8 ff. non ch., sign. A-B, réclames.
          <lb/>fol. A 2a : Vorrede.
          <lb/>R. 101.250. Prov. : Trübner (Catal. XXIV, No 54), Strasbourg, 10/V,
          <lb/>1880; 15 M.
          <lb/>2187
          <lb/>STANISLAUS, Comes ab Ostrorog
          <lb/>De principiis belli ] et eius constitutione.
          <lb/>Voir: OBRECHT Georgius, Disputationes II. juridicae.
          <lb/>Strasbourg, A. Bertram, 1590
          <lb/>STATUARIUS Abraham
          <lb/>Strasbourg, A. Bertram, 1599
          <lb/>Disputatio ex L. III D. de iu! stitia &amp;amp; jure :!! Quae
          <lb/>vtilissimam &amp;amp; quotidianam de- [ fensionis materiam continet.
          <lb/>In inclyta Argentoratensium Academia ad disputandum
          <lb/>proposita à Georgio Obrechto JC.Respondente
          <lb/>Abrahamo Statuario Kupfferzellensi.
          <lb/>Argentorati Excudebat Antonius Bertramus. (1599).
          <lb/>A la fin, vignette.
          <lb/>In-4°, car. rom., 18 ff. non ch., sign. A-D, réclames, init. ornée F,
          <lb/>titre encadré de 4 pièces d’ornements, 236 thèses.
        </p>
      </div>
    </body>
  </text>
</TEI>
