<?xml version='1.0' encoding='UTF-8'?>
<?xml-model href="https://raw.githubusercontent.com/OpenITI/tei_openiti/master/tei_openiti.rng" type="application/xml" schematypens="http://relaxng.org/ns/structure/1.0"?>
<?xml-model href="https://raw.githubusercontent.com/OpenITI/tei_openiti/master/tei_openiti.rng" type="application/xml" schematypens="http://purl.oclc.org/dsdl/schematron"?>
<TEI xmlns="http://www.tei-c.org/ns/1.0">
  <teiHeader>
    <fileDesc>
      <titleStmt>
        <title/>
      </titleStmt>
      <publicationStmt>
        <p/>
      </publicationStmt>
      <sourceDesc>
        <p/>
      </sourceDesc>
    </fileDesc>
    <profileDesc>
      <calendarDesc>
        <calendar xml:id="ah">
          <p>Anno Hegirae</p>
        </calendar>
      </calendarDesc>
    </profileDesc>
    <xenoData xml:space="preserve">
CREATED: 2024-04-11T12:20:02.046451+00:00
CREATED BY: eScriptorium vpassthistobuildcmd
IMAGE FILENAME: A121078-5323.tif
IMAGE WIDTH: 2398
IMAGE HEIGHT: 3842
</xenoData>
  </teiHeader>
  <text>
    <body>
      <div>
        <p>
          <lb/>1633
          <lb/>Stich, Joh. (anc. poss. 1644), 1258.
          <lb/>Sspanowicius, Michael (à Lizowa),
          <lb/>1150.
          <lb/>Stickel, I. G. (anc. poss. 1882), 1330.
          <lb/>Staat (antiquaire Strasbourg, anc.
          <lb/>Stiefel, Michael (von Esslingen),
          <lb/>2191.
          <lb/>poss.), 960, 2102.
          <lb/>Stiephelius, Joh. (anno 1527), 2012.
          <lb/>Stabius, Joh., 1037.
          <lb/>Stimmer, Chr. 1376.
          <lb/>Stahl (Linz, anc. poss. 1549), 878.
          <lb/>Stimmer, Tobias, 879, 1052, 1279,
          <lb/>Stamler, Marcus (von Augsburg),
          <lb/>1282, 3, 1355, 1376, 1754, 1998,
          <lb/>2135, 6.
          <lb/>2005, 8, 2297, 2339.
          <lb/>Stammler, Joh. (Norinbergensis, anc.
          <lb/>Stobaeus, 2192, 3.
          <lb/>poss. anno 1632), 1559.
          <lb/>Stammler, W., 934.
          <lb/>Stoeber (Vente par Lindner, Stras-
          <lb/>bourg 1891), 1074, 1285, 1757,
          <lb/>Starcuterus, 1316.
          <lb/>1998, 2186, 2215.
          <lb/>Starrenwadel, Henrich, 165, 172.
          <lb/>Stock-Hornius, 587.
          <lb/>Statuarius, Abraham, 2188.
          <lb/>Stockholm Bibl., 785.
          <lb/>Staufenberg, 2350.
          <lb/>Stöckle, Joseph (Chirurgus der Stadt
          <lb/>Stauff (Argula Grumbach, née Stauf),
          <lb/>Bern), 1769.
          <lb/>1047.
          <lb/>Stolberg, Ludovicus, Comes à, 474.
          <lb/>Staupitz, Joh. de, 42.
          <lb/>Stolberg, Matthaeus (Salzensis), 454.
          <lb/>Steffan Heinrich, Graf zu Eberstein,
          <lb/>Stoll, Eugène (Fribourg en Br. anc.
          <lb/>1781.
          <lb/>poss.), 590, 833.
          <lb/>Steffens (Prof. Copenhague, anc.
          <lb/>poss.), 1404.
          <lb/>Stormius, Urbanus (Marienburgensis,
          <lb/>anc. poss.), 1398.
          <lb/>Steg, Bartholomaeus (anc. poss. 1559),
          <lb/>Strabo, 2525.
          <lb/>2436.
          <lb/>Stralsund (Raths-Bibl.), 329.
          <lb/>Steiger, Joh. (Berne, anc. poss.), 2287.
          <lb/>Stein, Bartholomaeus, 1200.
          <lb/>Strasbourg BM, 53, 65, 85, 127, 128,
          <lb/>137, 149, 186, 191, 231, 249, 274,
          <lb/>Stein, Joh., 436.
          <lb/>Stein, Marquart von, 1338.
          <lb/>275, 293,4, 309, 331-334, 337, 340,4,
          <lb/>Stein, Matthaeus (Wansoniensis, Sile¬
          <lb/>351, 7, 361, 5, 372, 377, 381, 3, 9, 390,
          <lb/>2, 8, 9, 401, 425, 436, 9, 440, 442a,
          <lb/>sius), 457.
          <lb/>Steinbach, Martin, 1455.
          <lb/>465, 482, 522, 532, 540, 543, 7,
          <lb/>560, 2, 3, 577, 605, 6, 633, 8, 645,
          <lb/>Steinbruck, Melchior (Gothanus), 453,
          <lb/>6, 652, 6, 9, 661, 3, 679, 680, 1, 2,
          <lb/>454.
          <lb/>Steiner, Heinrich (impr. Augsbourg),
          <lb/>3, 6, 698, 702, 3, 8, 719, 738, 740, 2,
          <lb/>758, 9, 763, 798, 805, 6, 811-816,
          <lb/>1180.
          <lb/>838, 841, 875, 882, 890, 4, 6,
          <lb/>Steiner, Matthias Jacob Adam (anc.
          <lb/>900, 916, 7, 921, 8, 939, 941, 4, 6,
          <lb/>poss.), 2299.
          <lb/>953, 4, 5, 6, 7, 959, 961, 5, 9, 972,
          <lb/>Steinkopf, Ferdinand (Stuttgart, anc.
          <lb/>4, 980, 1004, 5, 1024, 1030, 1, 5, 8.
          <lb/>poss.), 198, 1442, 1487, 1516, 2194.
          <lb/>1048, 1050, 8, 1062, 1090, 3, 8,
          <lb/>Steinmetz, Maurice, 587.
          <lb/>Steinmetz, Theodoricus (Lipsiensis),
          <lb/>1100, 1134, 6, 1140, 2, 8, 1162, 3, 6,
          <lb/>1173, 6, 1181, 4, 9, 1193, 4, 5, 6, 8,
          <lb/>1657.
          <lb/>1205, 6, 1207, 1213, 9, 1220, 1,
          <lb/>Steinmetz, Valentin (Lipsicus), 1656.
          <lb/>1239, 1242, 5, 1246, 7, 1256, 1260,
          <lb/>Steinmetzen-Bruderschaft, 1680.
          <lb/>Steinschneider (Catalogus libr. He¬
          <lb/>1, 1286, 1291, 1307, 1311, 1331,
          <lb/>1353, 7, 1368, 1375, 9, 1387, 1391,
          <lb/>braeorum), 1934.
          <lb/>8, 9, 1400, 8, 1411, 2, 1462, 1472,
          <lb/>Sten (Lythus), Simon (Vita Ignati
          <lb/>148i, 5, 6, 1496, 8, 1514, 1566,
          <lb/>Loiolae), 2190.
          <lb/>1581, 4, 1598, 1601, 3, 1612, 1621, 3,
          <lb/>Stengel, Joh. (Welsensis, Austriacus,
          <lb/>1625, 1631, 3, 6, 1662, 4, 5, 1671,
          <lb/>1590), 456, 2156.
          <lb/>1680, 1733, 1743, 1754, 1761, 2, 3,
          <lb/>Stephan (Rector Hagenoensis, anc.
          <lb/>5, 1794, 1800, 1813, 5, 7, 8, 1820,
          <lb/>poss. anno 1587), 1795.
          <lb/>Stephanus, Carolus (médecin), 1355, 7.
          <lb/>1, 3, 1824, 6, 1832, 3, 1848, 1850,
          <lb/>S, 1860, 1, 1869, 1874, 1885, 6,
          <lb/>Stephanus, Henricus. Voir : Estienne
          <lb/>1890, 5, 8, 1902, 3, 4, 1905, 1911, 8,
          <lb/>Henri.
          <lb/>1925, 1963 (Voir aussi : Ritter, Cat.
          <lb/>Stephanus, Robertus (Parisiis 1531),
          <lb/>1353, 1354, 1994,
          <lb/>de la B. M. de Strasbourg).
          <lb/>Steuerle, Joh. (Landaviensis), 455.
          <lb/>Strasbourg Bibl. St-Guillaume, 116,
          <lb/>133, 137, 174, 187, 252, 264,5, 270,4,
          <lb/>Steyer, Carl (Cannstadt, anc. poss.
          <lb/>1883), 1011, 1146.
          <lb/>282, 9, 270, 2, 308, 322, 7, 8, 337,
          <lb/>Stibarus, Daniel, 1247.
          <lb/>351, 2, 3, 5, 363, 366, 7, 373, 6, 7,8,
          <lb/>R. 103
        </p>
      </div>
    </body>
  </text>
</TEI>
