<?xml version='1.0' encoding='UTF-8'?>
<?xml-model href="https://raw.githubusercontent.com/OpenITI/tei_openiti/master/tei_openiti.rng" type="application/xml" schematypens="http://relaxng.org/ns/structure/1.0"?>
<?xml-model href="https://raw.githubusercontent.com/OpenITI/tei_openiti/master/tei_openiti.rng" type="application/xml" schematypens="http://purl.oclc.org/dsdl/schematron"?>
<TEI xmlns="http://www.tei-c.org/ns/1.0">
  <teiHeader>
    <fileDesc>
      <titleStmt>
        <title/>
      </titleStmt>
      <publicationStmt>
        <p/>
      </publicationStmt>
      <sourceDesc>
        <p/>
      </sourceDesc>
    </fileDesc>
    <profileDesc>
      <calendarDesc>
        <calendar xml:id="ah">
          <p>Anno Hegirae</p>
        </calendar>
      </calendarDesc>
    </profileDesc>
    <xenoData xml:space="preserve">
CREATED: 2024-04-11T12:19:49.193026+00:00
CREATED BY: eScriptorium vpassthistobuildcmd
IMAGE FILENAME: A121078-5015.tif
IMAGE WIDTH: 2418
IMAGE HEIGHT: 3900
</xenoData>
  </teiHeader>
  <text>
    <body>
      <div>
        <p>
          <lb/>1323
          <lb/>In-4°, car. rom., 61 ff. ch., sign. A-P, titre courant, réclames, notes
          <lb/>marg., belles et grandes init. à fig. R et V.
          <lb/>fol. A 2a : Reverendo. ac. I! ervdito patri, d. guilielmo ]I figvlo, coenobii
          <lb/>ad s. crucem in!! Austria Seniori, Dn. &amp;amp; amico suo II chariss. Iohan.
          <lb/>Alexander Brassi!] canus, Iureconsultus, 11 S. P. D... — Viennae Austriae
          <lb/>ex Regio Collegio.! Anno a nato Iesu M. D. XXXI. Mense Decembri.
          <lb/>(Epistola nuncupatoria, 3 pp.)
          <lb/>fol. L 4a, nouveau titre pour Bessarion. Au verso: Reverendo I] ac
          <lb/>ervdito patri, D. Vlde!! richo Fabro, Coenobii Dominici Sepul !] chri in
          <lb/>Denckendorff Praeposito... Iohannes! Alexander Brassicanus !] Iure¬
          <lb/>consultus!! S. D. P... — Vien! nae Austriae, Anno a nato Iesu
          <lb/>M. D. XXXII. 1! Mensis Ianuarii die III. (3 pp.). Ce traité n’a pas de
          <lb/>titre courant.
          <lb/>R. 102.200. Prov. : Don BM Hambourg, 1871.
          <lb/>BN Paris : C. 1970 (6).
          <lb/>2067
          <lb/>SALTZMANN Joh. Rod. Voir : SPACH Israel, Theses medicae.
          <lb/>Strasbourg, A. Bertram, 1595. RI01, 564 (15)
          <lb/>SAMPSON Thomas
          <lb/>Strasbourg, 1554
          <lb/>A letter to the trew professors of Christes Gos- pell,
          <lb/>inhabitinge in the Parisye off! Allhallowis, in Bredstrete in
          <lb/>London, made by ThomasSampson, sometime! their
          <lb/>Pastore.
          <lb/>2. Corin. 6. (3 lignes.).
          <lb/>Imprynted at Strasburgh in Elsasz at the signe of the
          <lb/>golden Bi-bell, Jn the moneth of Auguste. the yeare of
          <lb/>our Lord.  1554. (Verso blanc.)
          <lb/>In-8°, car. goth., 14 ff. non ch. et 4 ff. blancs, sign. A-B, réclames,
          <lb/>notes marg., init. fleurie T.
          <lb/>R. 100.552. Prov. : L. Rosenthal, Munich, 16/11I, 1887; 30 M.
          <lb/>Incompl. fol. Bi et Bij manquent.
          <lb/>Pollard A. W. &amp;amp; G. R. Redgrave, A short-tille catalogue of books
          <lb/>printed in England, Scotland &amp;amp; Ireland and of English books printed
          <lb/>abroad 1475-1640 (London 1926) : Londres, British Museum; Oxford,
          <lb/>Bibl. Bodleiana; Cambridge, BU; Bibl. Sir R. L. Harmsworth. Le titre
          <lb/>diffère un peu de celui de notre exemplaire. Entre parenthèse le catalogue
          <lb/>donne : [London, H. Singleton ?] avec point d’interrogation.
          <lb/>Bibliographie. Voir : Schottenloher II, n° 18847a-18847b.
          <lb/>2068
          <lb/>SAMUEL (Maroccanus (Rabbi)) Strasbourg, J. Herwagen, 1523
          <lb/>Quod!! Iudaei Messiam, quiuenit, ceu uenturum, timore!
          <lb/>expectent. Libellus sane!! doctus Rabi!! Samuelis...
          <lb/>A la fin : Argentorati apud Iohannem Hervagium,
          <lb/>IIII. Nonas Iulias. Anno Domini. I1 M. D. XXIII. (Verso
          <lb/>blanc.)
          <lb/>In-8°, car. ital., 32 ff. non ch., sign. A-D, titre courant, réclames, titre
          <lb/>encadré: en haut Dieu le père dans les nuages, à côté de lui Saint Pierre et
        </p>
      </div>
    </body>
  </text>
</TEI>
