<?xml version='1.0' encoding='UTF-8'?>
<?xml-model href="https://raw.githubusercontent.com/OpenITI/tei_openiti/master/tei_openiti.rng" type="application/xml" schematypens="http://relaxng.org/ns/structure/1.0"?>
<?xml-model href="https://raw.githubusercontent.com/OpenITI/tei_openiti/master/tei_openiti.rng" type="application/xml" schematypens="http://purl.oclc.org/dsdl/schematron"?>
<TEI xmlns="http://www.tei-c.org/ns/1.0">
  <teiHeader>
    <fileDesc>
      <titleStmt>
        <title/>
      </titleStmt>
      <publicationStmt>
        <p/>
      </publicationStmt>
      <sourceDesc>
        <p/>
      </sourceDesc>
    </fileDesc>
    <profileDesc>
      <calendarDesc>
        <calendar xml:id="ah">
          <p>Anno Hegirae</p>
        </calendar>
      </calendarDesc>
    </profileDesc>
    <xenoData xml:space="preserve">
CREATED: 2024-04-11T12:20:00.029698+00:00
CREATED BY: eScriptorium vpassthistobuildcmd
IMAGE FILENAME: A121078-5286.tif
IMAGE WIDTH: 2442
IMAGE HEIGHT: 3864
</xenoData>
  </teiHeader>
  <text>
    <body>
      <div>
        <p>
          <lb/>1596
          <lb/>Eutrope, 331, 703.
          <lb/>Farkall, Amandus (impr. Colmar),
          <lb/>Eyb, Albertus de, 830.
          <lb/>869, 936, 1154, 1420, 2002, 2112,
          <lb/>Eybeck, Nicolaus (anc. poss. 1560),
          <lb/>2301.
          <lb/>1204.
          <lb/>Faustus, Gerhardus, 1899.
          <lb/>Eychminus de Kalb, Jodocus, 1563.
          <lb/>Feierabend, Sigmund, 1378.
          <lb/>Eymer, Matthias (Jungbauer in
          <lb/>Feisius, Abrahamus (Praefectus deci¬
          <lb/>Hainberg, anc. poss., don 1871),
          <lb/>mae Curiae, 1565), 2213.
          <lb/>1962.
          <lb/>Felinus, Hermannus (anc. poss.),
          <lb/>Eysenberg, Jacob, 414, 417.
          <lb/>1185.
          <lb/>Eysengrin, L. Martin, 1485.
          <lb/>Felinus. Pseudonyme de Bucer.
          <lb/>Eysenmann, Joh. (anc. poss. anno
          <lb/>Ferdinand I (empereur), 606, 2150.
          <lb/>1518), 2325.
          <lb/>Ferdinand, roi de Castille, 605, 1037.
          <lb/>Ferdinand V (Hispaniarum rex), 791.
          <lb/>Ferdinand (Hispaniarum infans), 944.
          <lb/>Ferdinand (König von Ungarn und
          <lb/>Faber, Antonius (pastor Episcovilla¬
          <lb/>Böhmen, 1536), 2115, 6.
          <lb/>nus, anc. poss. 1603), 356.
          <lb/>Ferdinand (Erzherzog zu Osterreich,
          <lb/>Faber, Bonaventure (Serveste, impr.),
          <lb/>1526), 781, 943, 945, 1254, 1773,
          <lb/>1554.
          <lb/>Faber, Hubertus (anc. poss. 1568), 216.
          <lb/>1784.
          <lb/>Ferrari, Francesco (impr. Rome),
          <lb/>Faber, Jacobus Stapulensis. Voir:
          <lb/>2055.
          <lb/>Le Fèvre d’Etables.
          <lb/>Ferry I (Herzog von Lothringen),
          <lb/>Faber, Joh., 184.
          <lb/>1210.
          <lb/>Faber, Joh. (Canonicus Constantien¬
          <lb/>Ferschius, Janus, 2004.
          <lb/>sis), 258, 9, 440.
          <lb/>Fessenheim, Theobaldus de, 393;
          <lb/>Faber, Joh. (Pfarrer zu St.-Thoman,
          <lb/>Fessenheim, Margarethe, 393.
          <lb/>Strassburg), 1764.
          <lb/>Fettich, Théob. 286.
          <lb/>Faber, Martin (Babenhausen, anc.
          <lb/>Feyerabend, J. (impr. Francfort),
          <lb/>poss. 1561), 656.
          <lb/>Faber, Th. (anc. poss.), 666.
          <lb/>2272.
          <lb/>Feyner, Conrad (impr. Urach), 972.
          <lb/>Faber, Uldericus (Coenobii sepulcri
          <lb/>Fichthinus, F. Sigismundus (Praepo¬
          <lb/>in Denckendorff Praepositus), 401,
          <lb/>situs Schönth., anc. poss.), 1848.
          <lb/>2067, 2348.
          <lb/>Faber, W. (impr. Leipzig 1892), 2077.
          <lb/>Ficinus, Joh. (Hessiae aulae Archi¬
          <lb/>cancellarius 1536), 590, 591, 593.
          <lb/>Fabianus de Monte Falcone (Praesul
          <lb/>Ficinus, Marsilius, 309-12, 655, 838-
          <lb/>Lunacensis, 1524), 2356.
          <lb/>Fabius, Bernardinus (Episcopus Pha¬
          <lb/>42, 1489, 1490, 2030, 2366.
          <lb/>Ficker (Prof. Strasbourg), 1145, 1181.
          <lb/>rensis), 445.
          <lb/>Fidel von Baur-Breitenfeld (Aschaf¬
          <lb/>Fabri, Hans, 439, 1073.
          <lb/>fenburg, anc. poss. 1872), 1117.
          <lb/>Fabri, Johann, 834, 2106.
          <lb/>Fidelis, Balthasar (Ecclesiae Modo¬
          <lb/>Fabricius, Antonius (Lambacensis),
          <lb/>ciensis Archipraesbyter, 1513),
          <lb/>697.
          <lb/>Fabricius, Blaise (impr. Strasbourg),
          <lb/>2061.
          <lb/>425, 1551, 1669, 2088, 2423, 2456.
          <lb/>Fière, Ch. Louis (Vente Paris 1937),
          <lb/>592, 6, 948, 961, 969, 1048, 1156,
          <lb/>Fabricius, Georgius, 801, 803, 835, 6,
          <lb/>1899, 2292.
          <lb/>1738, 1874, 1900, 2360, 2494.
          <lb/>Figulus, Sebastianus, 393, 394.
          <lb/>Fabricius, Henricus, 423, 2077.
          <lb/>Finé, Oronce (Finaeus), 844, 5.
          <lb/>Fabricius, Jacobus (Chemnicensis),
          <lb/>Fingerle, Fridericus (Ambergensis,
          <lb/>837, 2140, 2.
          <lb/>Fabricius, Simon (Silesius), 918.
          <lb/>anc. poss.), 804.
          <lb/>Firmicus, Mat., 845.
          <lb/>Fabrieius, Wolfgang, 739.
          <lb/>Fach, Ludovicus, 1107, 8.
          <lb/>Firn, Antonius (von Hagenau, Pfarrer
          <lb/>zu St. Thomas), 353, 431, 2257.
          <lb/>Fagilucus, Bernardus, 1067.
          <lb/>Fischart, Joh., 221, 2, 3, 414, 417,
          <lb/>Fagius, Paulus, 1173, 4, 2270.
          <lb/>847-65, 901, 1162, 1355, 7, 1754,
          <lb/>Fahnenberg (anc. poss. 1824), 784.
          <lb/>Falckenberger, Andreas (Austrius),
          <lb/>2350.
          <lb/>456.
          <lb/>Fischer (Prof. Bâle), 986.
          <lb/>Falkensteiner, Jos. (Brixen, anc. poss.
          <lb/>Fischer, Joachim (Burgensis), 458.
          <lb/>Fisher, Joh. (episcopus Rofensis),
          <lb/>1883), 888.
          <lb/>791, 865.
          <lb/>Fantutius, Franciscus, 135.
          <lb/>Fischhaber, Georg Friedrich (anc.
          <lb/>Farag ben Salem, 330.
          <lb/>poss.), 533.
        </p>
      </div>
    </body>
  </text>
</TEI>
