<?xml version='1.0' encoding='UTF-8'?>
<?xml-model href="https://raw.githubusercontent.com/OpenITI/tei_openiti/master/tei_openiti.rng" type="application/xml" schematypens="http://relaxng.org/ns/structure/1.0"?>
<?xml-model href="https://raw.githubusercontent.com/OpenITI/tei_openiti/master/tei_openiti.rng" type="application/xml" schematypens="http://purl.oclc.org/dsdl/schematron"?>
<TEI xmlns="http://www.tei-c.org/ns/1.0">
  <teiHeader>
    <fileDesc>
      <titleStmt>
        <title/>
      </titleStmt>
      <publicationStmt>
        <p/>
      </publicationStmt>
      <sourceDesc>
        <p/>
      </sourceDesc>
    </fileDesc>
    <profileDesc>
      <calendarDesc>
        <calendar xml:id="ah">
          <p>Anno Hegirae</p>
        </calendar>
      </calendarDesc>
    </profileDesc>
    <xenoData xml:space="preserve">
CREATED: 2024-04-11T12:19:56.428785+00:00
CREATED BY: eScriptorium vpassthistobuildcmd
IMAGE FILENAME: A121078-5192.tif
IMAGE WIDTH: 2356
IMAGE HEIGHT: 3860
</xenoData>
  </teiHeader>
  <text>
    <body>
      <div>
        <p>
          <lb/>1502
          <lb/>R. 100.733. Prov, inconnue.
          <lb/>Note ms. sous la date d’impression 1562 : « Octob. mense.».
          <lb/>2402
          <lb/>VERZEICHNIS
          <lb/>Strasbourg, Nic. Waldl, 1590
          <lb/>VerzeichnuszAller vnnd jeder Gaben, so in! Leonhard
          <lb/>vnnd Friderich Krugen der GoldschmidtGebrüder vnd
          <lb/>Bürgere zu Straszburg Glückhaffen kommen, darein auff
          <lb/>jeden Namen zwehn Patzen, auff vier Namen ein halber
          <lb/>Gulden, oder aber auff acht Namen ein Gulden eingelegt
          <lb/>werden. Welcher Glückhaffen auff Ulrici nechtstkünfftigen
          <lb/>ein vnd neuntzigstenJahrs publiciert vnd auszgetheilt!
          <lb/>werden soll.
          <lb/>Au-dessous, grav. sur bois, un vase (Glückhaffen) avec la
          <lb/>date 1590 et un écusson au milieu (Verso blanc.)
          <lb/>A la fin : Summarum der Haupt vnd Zugaben, dises
          <lb/>Glückhaffens seind in Specie 609,!! Die thun zusamen in
          <lb/>Gelt 7352. Gulden. (Vignette.)
          <lb/>Au-dessous : Getruckt zu Straszburg bey Nicolaus Walde
          <lb/>auff dem Kornmarckt, Sambstags den 31.tobris,
          <lb/>Anno, &amp;amp;c. 90. (Verso blanc.)
          <lb/>In-fol., car. goth., 4 ff. non ch., sign. A, réclames.
          <lb/>R. 83. Prov. : Bibl., Heitz, Strasbourg.
          <lb/>2403
          <lb/>VERZEICHNIS
          <lb/>(Strasbourg,) 1590
          <lb/>Verzeichnis desz Straszburgischen Uebungs Schieszen mit
          <lb/>grobem geschütz gehalten im Maio des 1590 Jahrs.
          <lb/>Grande grav., représentant les manœuvres (cortège de
          <lb/>soldats, tentes, canons, etc.).
          <lb/>Au-dessous 51 vers allemands en 3 col. (Verso blanc.)
          <lb/>Placard, in-fol., car. goth.
          <lb/>R. 88. Prov. : Bibl. Heitz, Strasbourg.
          <lb/>2404
          <lb/>VERZEICHNIS
          <lb/>Strasbourg, 1971
          <lb/>Verzeychnus, was ver- mög des Heyligen Römischen
          <lb/>Reichs Müntzordnungen vnd Abschied vom 1559, 1566.
          <lb/>vnnd 1570 Jarn, für Silberin vnnd Guldine MüntzSorten,
          <lb/>Auch in welchem Preisz vnd Werth die hinfüro!! zu nemen
          <lb/>vnnd zu geben zugelassen, So vil deren inn der Statt Strasz¬
          <lb/>burg, vnd deren Oberkeit vndGebiet gäng, gäb vnnd genehm,
          <lb/>vnd dagegen zu geben vnndunemen ver- botten.
          <lb/>Straszburg. ( M. D. LXXI. (Verso blanc.)
          <lb/>In-fol., car. goth., 6 ff. non ch., sign. A, réclames, init. ornée I.
          <lb/>R. 85. Prov. inconnue.
          <lb/>2405
        </p>
      </div>
    </body>
  </text>
</TEI>
