<?xml version='1.0' encoding='UTF-8'?>
<?xml-model href="https://raw.githubusercontent.com/OpenITI/tei_openiti/master/tei_openiti.rng" type="application/xml" schematypens="http://relaxng.org/ns/structure/1.0"?>
<?xml-model href="https://raw.githubusercontent.com/OpenITI/tei_openiti/master/tei_openiti.rng" type="application/xml" schematypens="http://purl.oclc.org/dsdl/schematron"?>
<TEI xmlns="http://www.tei-c.org/ns/1.0">
  <teiHeader>
    <fileDesc>
      <titleStmt>
        <title/>
      </titleStmt>
      <publicationStmt>
        <p/>
      </publicationStmt>
      <sourceDesc>
        <p/>
      </sourceDesc>
    </fileDesc>
    <profileDesc>
      <calendarDesc>
        <calendar xml:id="ah">
          <p>Anno Hegirae</p>
        </calendar>
      </calendarDesc>
    </profileDesc>
    <xenoData xml:space="preserve">
CREATED: 2024-04-11T12:19:52.619851+00:00
CREATED BY: eScriptorium vpassthistobuildcmd
IMAGE FILENAME: A121078-5094.tif
IMAGE WIDTH: 2356
IMAGE HEIGHT: 3848
</xenoData>
  </teiHeader>
  <text>
    <body>
      <div>
        <p>
          <lb/>1402
          <lb/>ornée L et initiales d’attente.
          <lb/>In-8°, car. ital., 73 pp. ch., 2 pp. non ch., titre courant, réclames, init.
          <lb/>R. 101.398 (4). Prov. : E. Nolte, Bonn, 20/111, 1881.
          <lb/>Ritter, BM Strasbourg, n° 2006.
          <lb/>2223
          <lb/>STURM Johannes, Duae epistolae ad Philippum Henricum de
          <lb/>Wittgenstein. Voir: RASARIUS, De victoria Christianorum.
          <lb/>Strasbourg, J. Rihel, 1572
          <lb/>STURM Johannes. Voir : CICERO, Orationum volumina tria.
          <lb/>Strasbourg, J. Rihel, 1574
          <lb/>STURM Johannes. Voir: CICERO, Librorum philosophicorum
          <lb/>volumen I. II.
          <lb/>Strasbourg, J. Rihel, 1574
          <lb/>STURM Johannes
          <lb/>Strasbourg, B. Jobin, 1574
          <lb/>Ioannis Sturmii!! De imitatione!! oratoria libri tres, !! cum
          <lb/>scholis eiusdem authoris,!! antea nunquam in lu- cem editi.
          <lb/>Cum gratia Caesarea.
          <lb/>Marque typ. de Bern. Jobin (H. &amp;amp; B. Planche XXXVII,
          <lb/>N° 1)
          <lb/>Au-dessous : Argentorati imprimebat BernhardusIobinus.
          <lb/>Anno 1574.
          <lb/>In-8°, car. rom. et ital., 88 ff. non ch. pour le traité « de imitatione
          <lb/>oratoria», sign. A-L., car. rom. ; 188 ff. non ch., sign. A-Z pour les Scholiae,
          <lb/>car. ital.; titre courant, réclames, notes marg., init. ornées M, E, T, V,
          <lb/>I, P, O.
          <lb/>Titre encadré: ornement d’architecture, en bas au milieu deux génies.
          <lb/>Au verso du titre armoiries de la maison Castell.
          <lb/>fol. A 2a-A Sa : Préface :... Domino, Georgio, Comiti &amp;amp; Domino in
          <lb/>Castell, Nariscorum gubernatori, in superioris Marchionatus Branden¬
          <lb/>burgici prouincia &amp;amp; Capitaneo Culenbacensi, Domino suo clementi.
          <lb/>Valentinus Erythraeus S. P. D. — Argentorati, M. D. LXXIIII. IIIII.
          <lb/>Calend. Septem- bris.
          <lb/>fol. A 8b : gravure représentant J. Sturm Anno Aetatis LXVII. C’est
          <lb/>la même que dans l’exemplaire R 100. 024 dans le Liber Academicus de
          <lb/>Sturm 1575.
          <lb/>R. 100.025. Prov. : Collection Baum, 1879.
          <lb/>A l&amp;#x27;intérieur de la couverture : Ex-libris avec inscription endommagée
          <lb/>dont on peut encore lire : Ex Bibliotheca... Dominici Roos, au-dessous:
          <lb/>Selestadi...
          <lb/>Annotations mss. dans le texte.
          <lb/>2e exemplaire R. 100.026. Prov. : Bibl. Ch. Schmidt avec son ex-libris.
          <lb/>Oxford, Bibl. Bodleiana.
          <lb/>2224
          <lb/>STURM Johannes
          <lb/>Strasbourg, Nic. Wyriot, 1575
          <lb/>Ad!] philippum Co-[] mitem Lippianum.De exercita¬
          <lb/>tionibus! Rhetoricis. Ioan. Sturmii!! Liber Academicus.
          <lb/>Marque typ. de Nic. Wyriot (H. &amp;amp; B. Planche XLIII, No 2;
          <lb/>Silvestre, No 763).
        </p>
      </div>
    </body>
  </text>
</TEI>
