<?xml version='1.0' encoding='UTF-8'?>
<?xml-model href="https://raw.githubusercontent.com/OpenITI/tei_openiti/master/tei_openiti.rng" type="application/xml" schematypens="http://relaxng.org/ns/structure/1.0"?>
<?xml-model href="https://raw.githubusercontent.com/OpenITI/tei_openiti/master/tei_openiti.rng" type="application/xml" schematypens="http://purl.oclc.org/dsdl/schematron"?>
<TEI xmlns="http://www.tei-c.org/ns/1.0">
  <teiHeader>
    <fileDesc>
      <titleStmt>
        <title/>
      </titleStmt>
      <publicationStmt>
        <p/>
      </publicationStmt>
      <sourceDesc>
        <p/>
      </sourceDesc>
    </fileDesc>
    <profileDesc>
      <calendarDesc>
        <calendar xml:id="ah">
          <p>Anno Hegirae</p>
        </calendar>
      </calendarDesc>
    </profileDesc>
    <xenoData xml:space="preserve">
CREATED: 2024-04-11T12:19:49.760490+00:00
CREATED BY: eScriptorium vpassthistobuildcmd
IMAGE FILENAME: A121078-5035.tif
IMAGE WIDTH: 2406
IMAGE HEIGHT: 3864
</xenoData>
  </teiHeader>
  <text>
    <body>
      <div>
        <p>
          <lb/>1343
          <lb/>Vom Artickel unsers Christlichen glaubens daz Chri-stus
          <lb/>ist vffgestigen gen himmel... (8 lignes.)
          <lb/>Caspar Schwenckfeld. i. Tessalonicen. v. (2 lignes.)
          <lb/>A la fin : Getruckt vnnd vollendet zu Straszburg am
          <lb/>Holtzmarckt,durch Balthasser Beck, am ersten tag des
          <lb/>Hew] monats. Im jar. M. D. xxix. (Verso blanc.)
          <lb/>In-4°, car. goth., 42 ff. non ch., sign. A-K, notes marg., init. ornées
          <lb/>A, E, D.
          <lb/>Au verso du titre : Register... disz büchlins. (2 pp.)
          <lb/>fol. A 2b : An leser, Wolffgang Capito... — Geben zu Straszburg !! im
          <lb/>Brochmonat. Anno M. D. xxix. (5 pp.)
          <lb/>R. 101.925. Prov. : Baer, Francfort-s.-M., 5/III, 1884; 20 M.
          <lb/>Note mss. au crayon, au haut du titre : Sehr selten. Kostet 20 M.
          <lb/>Bibl. St. Guillaume, Strasbourg.
          <lb/>Bibliographie Schwenkfeld. Voir : Schottenloher II, Nos 19575-19720.
          <lb/>2105
          <lb/>SCHWENCRFELD Caspar
          <lb/>Strasbourg, P. Schöffer, 1530
          <lb/>Vom waren vnd falschen! verstandt vnnd Glauben,
          <lb/>Sampt den vrsachen desz irrthumbs vnd abfals !! imm Artickel
          <lb/>von dem H. Sacrament desz!! leibs vnd bluts Christi.! Auff
          <lb/>D. Johan Fabri calumnien, beziecht vnnd vnwarheyt, so er
          <lb/>mir deszhalben inn sei-nem auszschreiben vnnd sunst
          <lb/>zugemessen. Caspar Schwenckfelds ander Apologia. Den
          <lb/>geyst leschet nit ausz : Die weissagung verachtet nit,Prüfet
          <lb/>aber alles, vnd behaltet das gute. 1. Thessalon. 5.
          <lb/>M. D. XXX.
          <lb/>A la fin avant la table : Getruckt zu Strasburg bei Peter
          <lb/>Schöfern vnd Johann!! Schwintzern Burgern daselbst, vnnd
          <lb/>volendet am!] xxiiij. Hornungs, Jm jar M. D. XXX.
          <lb/>In-4°, car. goth., 44 ff. non ch., sign. a-k, notes marg.
          <lb/>Au verso du titre : ... herrn Bernhart, Bischofe zû Trient, &amp;amp;c. Kön.
          <lb/>M. zû! Ungern. Behem, &amp;amp;c. Rath. vnd obersten hof Cantzler, !I meinem
          <lb/>gnedigen herren... — Geben Strasburg an des newen jars tage.
          <lb/>M. D. XXX.! Caspar Schwenckfeld. (Préface de 7 pp.)
          <lb/>R. 102.180 (3). Prov. : Bibl. du gymnase de Heilbronn, 2/IV, 1878.
          <lb/>Bibl. St. Guillaume. Strasbourg.
          <lb/>2106
          <lb/>SCRIPTURAE DIVINAE. Voir: TESTAMENTUM.
          <lb/>SCULTETUS Tobias
          <lb/>Strasbourg, A. Bertram, 1595
          <lb/>Tobiae Scul-teti poetae! Laureati, Strenae&amp;quot;
          <lb/>AD! Iacobum Monavium.
          <lb/>Marque typ. de Bertram.
          <lb/>Argentorati, Excudebat Antonius Bertramus. Il M. D. XCV
          <lb/>(Verso blanc.)
        </p>
      </div>
    </body>
  </text>
</TEI>
