<?xml version='1.0' encoding='UTF-8'?>
<?xml-model href="https://raw.githubusercontent.com/OpenITI/tei_openiti/master/tei_openiti.rng" type="application/xml" schematypens="http://relaxng.org/ns/structure/1.0"?>
<?xml-model href="https://raw.githubusercontent.com/OpenITI/tei_openiti/master/tei_openiti.rng" type="application/xml" schematypens="http://purl.oclc.org/dsdl/schematron"?>
<TEI xmlns="http://www.tei-c.org/ns/1.0">
  <teiHeader>
    <fileDesc>
      <titleStmt>
        <title/>
      </titleStmt>
      <publicationStmt>
        <p/>
      </publicationStmt>
      <sourceDesc>
        <p/>
      </sourceDesc>
    </fileDesc>
    <profileDesc>
      <calendarDesc>
        <calendar xml:id="ah">
          <p>Anno Hegirae</p>
        </calendar>
      </calendarDesc>
    </profileDesc>
    <xenoData xml:space="preserve">
CREATED: 2024-04-11T12:19:55.029298+00:00
CREATED BY: eScriptorium vpassthistobuildcmd
IMAGE FILENAME: A121078-5160.tif
IMAGE WIDTH: 2340
IMAGE HEIGHT: 3854
</xenoData>
  </teiHeader>
  <text>
    <body>
      <div>
        <p>
          <lb/>1468
          <lb/>ornées, titre encadré (H. &amp;amp; B., planche XV, No 2).
          <lb/>In-4°, car. goth., 2 col., 60 ff. non ch., sign. A-L, titre courant, init.
          <lb/>Au verso du titre: Prologus.
          <lb/>R. 101.927. Prov. : G. Nauck, Berlin, 24/x, 1887; 6M.
          <lb/>Note ms. au verso du dernier f. : « Anno 1566 uicesimo die decembris
          <lb/>ueni ad meum praeceptorem M. Joannem Reüssium».
          <lb/>2e ex. R. 101.613. Prov. : Cromer, curé à Saverne, 1879; sans indication
          <lb/>de prix. Incomplet, sign. L manque.
          <lb/>Schmidt IV, p. 20, N° 14 : BM et B St. Guillaume, Strasbourg.
          <lb/>2340
          <lb/>TORRENTINUS Hermannus
          <lb/>Haguenau, H. Gran, 1514
          <lb/>Elucidarius vel Vo (I cabularius poeticus ab Herman-!! no
          <lb/>Torrentino compositus... etc. Comme aux éd. précédentes.
          <lb/>A la fin : Jmpressus in Hagenaw per industrium Henricum
          <lb/>Gran im-pensis circumspecti viri Joannis Rynman de
          <lb/>Oringaw.. Anno salutis nostre M. d. xiiij. Mense Nouemb.
          <lb/>(Verso blanc.)
          <lb/>In-4°, car. goth., 2 col., 64 ff. non ch., sign. Aa-Ll, titre courant, initiale
          <lb/>A blanche sur fond noir, titre encadré (H. &amp;amp; B., Planche LXIV, Ne 2).
          <lb/>Au verso du titre : Hermannus Torrentinus Lectori.
          <lb/>R. 101.605 (2). Prov. : BN Munich, 14/IV, 1880.
          <lb/>Ritter, Catal. BM Strasbourg, Ne 2105.
          <lb/>2341
          <lb/>TORRENTINUS Hermannus
          <lb/>Strasbourg, M. Hupfuff, 1515
          <lb/>Elucidarius Car- minum... etc. Diligenter denuo
          <lb/>reuisus.
          <lb/>Item vocabula et in- terpretationes Graecorum &amp;amp; Hebrai-
          <lb/>corum vna cum!! vocabulis communi!! bus Saracenorum in
          <lb/>latinum trans-latis: &amp;amp; aliis in fine adiunctis. !! Anno.
          <lb/>M. D. XV.
          <lb/>A la fin : Excussum Argentine per Ma-thiam Hupfuff.
          <lb/>acriori castiga- tionis lima adhibità. Anno salu- tis humane.
          <lb/>M. D. XV.
          <lb/>In-4°, car. goth., 2 col., 64 ff. non ch., sign. A-L, titre courant, initiale
          <lb/>ornée, marque typ. de Hupfuff (H. &amp;amp; B., Planche VII, N° 2; Silvestre,
          <lb/>Ne 659). Au verso du titre : Prologus....
          <lb/>R. 101.616. Prov. : Don de la Bibl. Univ. de Heidelberg.
          <lb/>Schmidt V, N° 121.
          <lb/>2342
          <lb/>TORRENTINUS Hermannus
          <lb/>Strasbourg, R. Becis, 1516
          <lb/>Elucidarius Carmi-num et historiarum... etc.
          <lb/>Anno. M. D. XV. R. Beck. Argentinensis.
          <lb/>A la fin : Excusum Argentine per Renatum! Beck cum
          <lb/>acriori castigationis lima adhibita. Anno salutis hu!! mane.
          <lb/>M. D. xvi. (Verso blanc.)
        </p>
      </div>
    </body>
  </text>
</TEI>
