<?xml version='1.0' encoding='UTF-8'?>
<?xml-model href="https://raw.githubusercontent.com/OpenITI/tei_openiti/master/tei_openiti.rng" type="application/xml" schematypens="http://relaxng.org/ns/structure/1.0"?>
<?xml-model href="https://raw.githubusercontent.com/OpenITI/tei_openiti/master/tei_openiti.rng" type="application/xml" schematypens="http://purl.oclc.org/dsdl/schematron"?>
<TEI xmlns="http://www.tei-c.org/ns/1.0">
  <teiHeader>
    <fileDesc>
      <titleStmt>
        <title/>
      </titleStmt>
      <publicationStmt>
        <p/>
      </publicationStmt>
      <sourceDesc>
        <p/>
      </sourceDesc>
    </fileDesc>
    <profileDesc>
      <calendarDesc>
        <calendar xml:id="ah">
          <p>Anno Hegirae</p>
        </calendar>
      </calendarDesc>
    </profileDesc>
    <xenoData xml:space="preserve">
CREATED: 2024-04-11T12:20:00.785306+00:00
CREATED BY: eScriptorium vpassthistobuildcmd
IMAGE FILENAME: A121078-5301.tif
IMAGE WIDTH: 2464
IMAGE HEIGHT: 3864
</xenoData>
  </teiHeader>
  <text>
    <body>
      <div>
        <p>
          <lb/>1611
          <lb/>Lambert, Franciscus (Avenionensis),
          <lb/>Lauth, Thomas (anc. poss.), 114, 330,
          <lb/>877, 1001.
          <lb/>1322-1330.
          <lb/>Lambert, Joh. (anc. poss. 1605), 2314.
          <lb/>Lauther, Georgius (anc. poss.), 969.
          <lb/>Lambinus, Dionysius (Monstrolien¬
          <lb/>Lautingen, Hieronymus (anc. poss.),
          <lb/>sis), 536, 2096.
          <lb/>140.
          <lb/>Laminet, Michael, 837.
          <lb/>La Vallière, 884, 959, 2131.
          <lb/>Lamparter, Gregorius, 165, 1662.
          <lb/>Lavater, Joh. (anc. poss. 1642), 2155.
          <lb/>Lamparter, Philippus, 1985.
          <lb/>Layendecker, Ant., 1782.
          <lb/>Landfermann (Coblenz, anc. poss.),
          <lb/>Leber, M., 377.
          <lb/>856, 2131.
          <lb/>Lebermann, Bruno, 1141.
          <lb/>Landinus, Christophorus (Florenti¬
          <lb/>Lebusius, Emericus (— Fischart).
          <lb/>nus), 1331.
          <lb/>Lechler, Mart. (impr. Francfort, 1591),
          <lb/>Landsberg, Wolf. von, 1733.
          <lb/>2165.
          <lb/>Landschad, Fridr. 307.
          <lb/>Le Courrayer, Pierre François (La
          <lb/>Landvogt, Joh. (Parochus Miltenburg
          <lb/>Haye, 1767), 2142.
          <lb/>anc. po.s. 1580), 1111.
          <lb/>Lefèvre d’Etaples, Jac., 726, 831-3,
          <lb/>997, 1242, 1893.
          <lb/>Lang (impr. Karlsruhe 1893), 1736.
          <lb/>Lang, Andreas (anc. poss.), 1380.
          <lb/>Le Geay (Rhemensis Augustinianus,
          <lb/>anc. poss.), 204.
          <lb/>Lang, Georg (Gorlicensis), 456.
          <lb/>Leib, Kylianus (Prior Ordinis Cano¬
          <lb/>Lang, Josephus (Caesaremontanus),
          <lb/>nicorum Regularium in Rebdorf,
          <lb/>449, 452, 455, 483, 697, 837, 921,
          <lb/>1022, 1295, 1332, 3, 1493, 1762,
          <lb/>anc. poss.), 1863.
          <lb/>Leidinger (Festschrift), 1807.
          <lb/>2177.
          <lb/>Leiningische Hofbibliothek, 1871.
          <lb/>Lang, Laurentius (anc. poss.), 503.
          <lb/>Lang, Matheus, 1504), 1858.
          <lb/>Leipzig, BU, 279, 280, 6, 293, 7, 328,
          <lb/>Lang, Rodolphe, 26.
          <lb/>720.
          <lb/>Lange, Fr. Albert (Bonn, anc. poss.
          <lb/>Lemberg, BM, 729.
          <lb/>1857).
          <lb/>Lemius, Pandulphus, 2027.
          <lb/>Langendorf, P., 250.
          <lb/>Lempertz, V. (Bilderhefte), 1959.
          <lb/>Lanini, Antonio (anc. poss.), 787.
          <lb/>Lempus, Jacobus (anno 1519), 1994.
          <lb/>Lans, Jos. (XVIe siècle, anc. prop.),
          <lb/>Leningus, 373.
          <lb/>avec dédicace de l’auteur J. Ment.,
          <lb/>Léon X (pape), 144, 150, 503, 516,
          <lb/>1079.
          <lb/>521, 529, 531, 4, 664, 702, 1120,
          <lb/>1248, 1287, 1351, 1878, 1887, 1925,
          <lb/>Lantz, Hans, 1334.
          <lb/>1945, 1992, 2300.
          <lb/>Lapidicida, Andreas (anc. poss. anno
          <lb/>1542), 1789.
          <lb/>Léon, Jean (Arabe, grammaticus),
          <lb/>Lascaris, 1197.
          <lb/>2525.
          <lb/>Lasdenus, Baptista — Sleidan, Joh.
          <lb/>Leonhardus de Tegernsee (anc. poss.),
          <lb/>Lasko, Hieroslao de (Poloniae baron),
          <lb/>2385.
          <lb/>777.
          <lb/>Leonticos, Joh. 1194, 1198.
          <lb/>Lasso, Orlandus, 2008.
          <lb/>Lepusculus, Wolfgang (Meiningensis,
          <lb/>Lassus, Joh. (Civis Viennensis), 1847.
          <lb/>Francus), 457.
          <lb/>Latomus, Bartholomaeus, 486, 502,
          <lb/>Lersner, Achilles Aug., 244.
          <lb/>Lescut, Ludovicus de, 1352.
          <lb/>513, 522, 1335-37, 2203, 2215.
          <lb/>L’Escut, Nicolaus de, 1352.
          <lb/>Latomus, Joh., 353.
          <lb/>La Tour de Landry, Geoffroy de,
          <lb/>L’Espine J. de, 3.
          <lb/>Lessczinius, Raphael, 1295.
          <lb/>1338, 9.
          <lb/>Lauchert, Friedrich, 1584.
          <lb/>Lessczinski, Wenceslaus, 260.
          <lb/>Lesser, H., 1121, 2091.
          <lb/>Laudinus (Eques Hierosolymitanus),
          <lb/>1340, 2263, 4.
          <lb/>Lessing (Dr J. Berlin, anc. poss. 1894),
          <lb/>Laurentanus, Leonardus (Princeps
          <lb/>1513, 2069.
          <lb/>Venetiarum 1509), 2047.
          <lb/>Leucocephalus, Maximilian (Otten¬
          <lb/>Laurentius (Truchsess a Bomersfel¬
          <lb/>schlagensis, Austriae, anc. poss.),
          <lb/>den), 34.
          <lb/>861.
          <lb/>Laurimanus, Cornelius (Ultrajecta¬
          <lb/>Leuter, Christianus, 1464.
          <lb/>nus), 1341.
          <lb/>Leutner (Munich, anc. poss.), 1552.
          <lb/>Lautenbach, Conrad (Pfarrer zu
          <lb/>Levi, Veuve (Strasbourg, anc. poss.
          <lb/>Hunaweier), 1113, 1279.
          <lb/>1880), 2016.
          <lb/>Lauterbach, Joh. (anc. poss.), 802,
          <lb/>Levi, R. (Stuttgart), 1169.
          <lb/>1184, 1342, 1955, 2004, 2072.
          <lb/>Levikemer, Wendelin, 200.
        </p>
      </div>
    </body>
  </text>
</TEI>
