<?xml version='1.0' encoding='UTF-8'?>
<?xml-model href="https://raw.githubusercontent.com/OpenITI/tei_openiti/master/tei_openiti.rng" type="application/xml" schematypens="http://relaxng.org/ns/structure/1.0"?>
<?xml-model href="https://raw.githubusercontent.com/OpenITI/tei_openiti/master/tei_openiti.rng" type="application/xml" schematypens="http://purl.oclc.org/dsdl/schematron"?>
<TEI xmlns="http://www.tei-c.org/ns/1.0">
  <teiHeader>
    <fileDesc>
      <titleStmt>
        <title/>
      </titleStmt>
      <publicationStmt>
        <p/>
      </publicationStmt>
      <sourceDesc>
        <p/>
      </sourceDesc>
    </fileDesc>
    <profileDesc>
      <calendarDesc>
        <calendar xml:id="ah">
          <p>Anno Hegirae</p>
        </calendar>
      </calendarDesc>
    </profileDesc>
    <xenoData xml:space="preserve">
CREATED: 2024-04-11T12:19:54.615381+00:00
CREATED BY: eScriptorium vpassthistobuildcmd
IMAGE FILENAME: A121078-5148.tif
IMAGE WIDTH: 2330
IMAGE HEIGHT: 3856
</xenoData>
  </teiHeader>
  <text>
    <body>
      <div>
        <p>
          <lb/>1456
          <lb/>THEOBALDUS Billicanus. Voir: GERLACHER Théob.
          <lb/>THEOCRITUS
          <lb/>Haguenau, J. Secer, 1531
          <lb/>Theocriti Syracusani Idyllia Tri ginta sex, Latino
          <lb/>Carmine reddita, Helio Eobano Hesso interprete.
          <lb/>Theocritus in suum! ipsius Librum. (2 dist.)
          <lb/>Haganoae per Iohan. Secerium!Anno XXX. Mense
          <lb/>Nouembri.
          <lb/>A la fin : Haganoae apud Iohan. Secerium Anno XXXI.
          <lb/>Men! se Februario.
          <lb/>Marque typ. de J. Secer. (H. &amp;amp; B., Planche LXXI, n° 9;
          <lb/>Silvestre, n° 567).
          <lb/>In-8°, car. ital., 78 ff. non ch., sign. A-N, titre courant, réclames.
          <lb/>Au verso du titre : Erasmi Ebneri!! Epigramma (11 dist.).
          <lb/>fol. A 2a:... Hieronymo Ebnero, inclytae ciuitatis!! Nurenbergae
          <lb/>Senatori... Helius Eobanus !! Hessus. (Dist. 4 pp.).
          <lb/>R. 101.884 (2). Prov. : Don de Ludolphe St. Goar, libraire à Francfort-
          <lb/>s.-M., 1871.
          <lb/>BN Paris, Yb. 2051. Brunet Ve, 781 : Édition peu commune dont le
          <lb/>texte a été revu par J. Camerarius.
          <lb/>2318
          <lb/>THEOCRITUS
          <lb/>Haguenau, J. Secer, 1530
          <lb/>Osoxotzou Ειουλια τοῦτ ἐοτι μι κοα τοιιματα ές κὰ
          <lb/>z9tώxovτα (8 vers grecs.) Verso blanc.
          <lb/>A la fin: éveroroon év αyovóz xpò lavo oexspío èret drò
          <lb/>Osoysvíget g. 9. h.
          <lb/>Marque typ. de J. Secer (H. &amp;amp; B. Planche LXXI, n° 9;
          <lb/>Silvestre, n° 567).
          <lb/>In-8°, car. grecs, 92 ff. non ch., sign. A-M, titre courant, réclames,
          <lb/>notes marg., init. à fig.
          <lb/>fol. A 2a : (Feuille de lierre) IQAXEI (I MOY KAMEPAPI- (I os,
          <lb/>Tsooyto Eλτο͂ ἐν Il rραττetυ.
          <lb/>R. 101.884 (1). Prov. : Don de Ludolphe St. Goar, libraire à Francfort-
          <lb/>s.-M., 1871. A l’intérieur de la couverture ex-libris.
          <lb/>BN Paris : Yb. 2052.
          <lb/>2319
          <lb/>THEOCRITUS. Voir : VIRGILIUS, Bucolicorum explicatio.
          <lb/>Strasbourg, 1556, n° 2423
          <lb/>THEODORETUS, Historia Ecclesiastica. Voir: HEDIO Caspar,
          <lb/>Chronica der alten christlichen Kirchen.
          <lb/>Strasbourg, G. Ulricher 1530; R 10.5382; n° 1093.
          <lb/>THEODORUS, Dieta, docens quibusnam salubriter utendum, vel
          <lb/>abstinendum sit. Voir: HILDEGARDIS, Physicas.
          <lb/>Strasbourg, J. Schott, 1533, p. 234-247. Voir n° 1168.
        </p>
      </div>
    </body>
  </text>
</TEI>
