<?xml version='1.0' encoding='UTF-8'?>
<?xml-model href="https://raw.githubusercontent.com/OpenITI/tei_openiti/master/tei_openiti.rng" type="application/xml" schematypens="http://relaxng.org/ns/structure/1.0"?>
<?xml-model href="https://raw.githubusercontent.com/OpenITI/tei_openiti/master/tei_openiti.rng" type="application/xml" schematypens="http://purl.oclc.org/dsdl/schematron"?>
<TEI xmlns="http://www.tei-c.org/ns/1.0">
  <teiHeader>
    <fileDesc>
      <titleStmt>
        <title/>
      </titleStmt>
      <publicationStmt>
        <p/>
      </publicationStmt>
      <sourceDesc>
        <p/>
      </sourceDesc>
    </fileDesc>
    <profileDesc>
      <calendarDesc>
        <calendar xml:id="ah">
          <p>Anno Hegirae</p>
        </calendar>
      </calendarDesc>
    </profileDesc>
    <xenoData xml:space="preserve">
CREATED: 2024-04-11T12:19:52.118638+00:00
CREATED BY: eScriptorium vpassthistobuildcmd
IMAGE FILENAME: A121078-5082.tif
IMAGE WIDTH: 2366
IMAGE HEIGHT: 3856
</xenoData>
  </teiHeader>
  <text>
    <body>
      <div>
        <p>
          <lb/>1390
          <lb/>seine anhenger eins tayls ge-] strafft, auch etlich Schlösser
          <lb/>gewunnen vnd Erobert haben. Jst geschehen! wie hernach
          <lb/>volget. (Verso blanc.)
          <lb/>A la fin : Römischer. Kay. May, vnd Pfatz-grauischer
          <lb/>Erenhold, Deutzlant! genannt Caspar Sturm sszt. (?).
          <lb/>In-4°, car. goth., 10 ff. non ch., sign. A-C.
          <lb/>fol. A 2a : IM jar M. D. xxiij. auf Sambstag 1/ den 18. tag Aprilis, ist
          <lb/>Pfaltzgraff Ludwig, Churfurst, !!.. zu Hey !] delberg auszzogen...
          <lb/>R. 101.851. Prov. : Bibl. Böcking.
          <lb/>Notes mss. Hirsch Millenar I. a. 1523, no 300; Panzer, Annalen II,
          <lb/>S. 227, N° 2067.... Höchst seltene Schrift.
          <lb/>2197
          <lb/>STURM Jacob. Voir: ORDONNANCE (Anabaptistes)
          <lb/>Strasbourg, 1527. R 22 (1°)
          <lb/>Bibliographie de Jacques Sturm. Voir Schottenloher II, Nos 20913-
          <lb/>20925.
          <lb/>STURM Johannes. Voir : CICERO, Officiorum libri III.
          <lb/>Strasbourg, W. Rihel, s. d. R. 101.656
          <lb/>STURM Johannes
          <lb/>Strasbourg, Th. Rihel, s. d.
          <lb/>IoannisStvrmii in Partitio- nes oratorias Ciceronis,
          <lb/>Dialogi qua- tuor, ab ipso Authore emen- dati, et aucti.!
          <lb/>Nunc verò capitibus distincti, &amp;amp; castigatiores editi, additis,
          <lb/>singulorum capitum oixovoμix seu dispositione.
          <lb/>Adiunximus praeterea, propter studiosos Eloquen- ]I tiae,
          <lb/>eiusdem authoris duos, de amissa dicendi ratione, &amp;amp; quomodo
          <lb/>ea!! recuperanda sit.
          <lb/>Marque typ. de Theodosius Rihel (H. &amp;amp; B. Planche XXXI,
          <lb/>No 10; Silvestre, No 854).
          <lb/>Au-dessous : Cum Gratia et Priuilegio Caesareo. Il Argen¬
          <lb/>torati. Excudebat Theodosius Rihelius. (Verso blanc.)
          <lb/>In-8°, car. rom. et ital., 8 ff. non ch., 162 ff. ch. et 3 ff. non ch. Au verso
          <lb/>du dernier f. : Sequuntur !! Ioannis 1! Sturmii de amissa!! dicendi ratione
          <lb/>et quomodo !! cura recuperanda sit Li- I! bri duo. !! Emendati, et aucti
          <lb/>ab ipso Authore et capitibus distincti, 1 f. non ch. et 50 ff. ch.; titre
          <lb/>courant, réclames, notes marg.
          <lb/>fol. a ij : Principi Wolfgango!! Comiti Palatino, et Duci Baua- I] riae,
          <lb/>etc. Ioannes Sturmius, 11 S. P. D... — Argentorati, sex- Il to Idus Martias,
          <lb/>11 Anno !! M. D. XXXIX.
          <lb/>fol. non ch. de l’Appendice de amissa dicendi ratione :... Iure-!
          <lb/>consulto, D. Ludouico Grempio, 11 Ioannes Sturmius S. P. D... — Argen¬
          <lb/>torati, quinto Idus Februarij. I1 1543. I1 Ioan.
          <lb/>R. 101.703. Prov. : Don de la BM de Mayence.
          <lb/>2198
        </p>
      </div>
    </body>
  </text>
</TEI>
