<?xml version='1.0' encoding='UTF-8'?>
<?xml-model href="https://raw.githubusercontent.com/OpenITI/tei_openiti/master/tei_openiti.rng" type="application/xml" schematypens="http://relaxng.org/ns/structure/1.0"?>
<?xml-model href="https://raw.githubusercontent.com/OpenITI/tei_openiti/master/tei_openiti.rng" type="application/xml" schematypens="http://purl.oclc.org/dsdl/schematron"?>
<TEI xmlns="http://www.tei-c.org/ns/1.0">
  <teiHeader>
    <fileDesc>
      <titleStmt>
        <title/>
      </titleStmt>
      <publicationStmt>
        <p/>
      </publicationStmt>
      <sourceDesc>
        <p/>
      </sourceDesc>
    </fileDesc>
    <profileDesc>
      <calendarDesc>
        <calendar xml:id="ah">
          <p>Anno Hegirae</p>
        </calendar>
      </calendarDesc>
    </profileDesc>
    <xenoData xml:space="preserve">
CREATED: 2024-04-11T12:20:00.490414+00:00
CREATED BY: eScriptorium vpassthistobuildcmd
IMAGE FILENAME: A121078-5296.tif
IMAGE WIDTH: 2460
IMAGE HEIGHT: 3862
</xenoData>
  </teiHeader>
  <text>
    <body>
      <div>
        <p>
          <lb/>1606
          <lb/>Hohmann, Benjamin, 2139.
          <lb/>Hügel Joan. Jac. (Bâle), 13, 1212.
          <lb/>Holbein, Hans, 703, 828, 1998, 2049,
          <lb/>Hugonis, 655.
          <lb/>2308.
          <lb/>Hühnerer, Adam (Argentoratensis),
          <lb/>Holder-Egger, 331.
          <lb/>1645.
          <lb/>Holland, D. W. C. 315.
          <lb/>Humbertus de Romanis, 1213, 4.
          <lb/>Holle, Lienhard, 313.
          <lb/>Hummel, Caspar, 1126.
          <lb/>Hollei (Spire, anc. poss. 1896), 83.
          <lb/>Hummel, M. Johannes, 837.
          <lb/>Holopherne, 206.
          <lb/>Hunger, Wolfgang, 1053, 4, 1214.
          <lb/>Holsatus, Joh. Guilhelmus, 1085.
          <lb/>Hungerleydt, Erasmus, 2291.
          <lb/>Holstein, Hugo : Joh. Sinapius, ein
          <lb/>Hunnius, 1216.
          <lb/>deutscher Humanist (1505-61),
          <lb/>Hupfuff (imprimeur Strasbourg), 4,
          <lb/>2126.
          <lb/>28, 41, 52, 150, 236, 7,569, 570, 609,
          <lb/>Holtzacker, Cosna (Doctor), 611, 612.
          <lb/>672, 822, 953, 972, 1057, 1132, 3,
          <lb/>Holtzenius, Paulus (à Demmin, Pome¬
          <lb/>1346, 1402, 3, 1495, 1600, 2, 6, 7,
          <lb/>ranus, anc. poss.), 1313.
          <lb/>1854, 1900, 1928, 1942, 1972, 3,
          <lb/>Holtzwart, Mathias (Ribeauviller),
          <lb/>2099, 2103, 2110, 2119, 2275,
          <lb/>460, 462, 1184.
          <lb/>2278, 2336, 2342, 4, 2351, 9, 2406,
          <lb/>Holzmann &amp;amp; Bohalta, 1012.
          <lb/>2440, 2473, 2491, 3, 5, 2517.
          <lb/>Holzmayr, Daniel, 2053.
          <lb/>Huschelin, 258.
          <lb/>Homère, 400, 420, 1185-99, 1504,
          <lb/>Husner, Georges (impr. Strasbourg),
          <lb/>1918, 2418.
          <lb/>156, 193, 1042, 1256.
          <lb/>Hommel (Prof. Munich, anc. poss.),
          <lb/>Huss, Jean, 1218-1222, 1232, 1308,
          <lb/>269, 766, 1454, 2169.
          <lb/>1911, 1964, 2273.
          <lb/>Hommel, Fritz, 1807.
          <lb/>Husser, Hieronymus, 686.
          <lb/>Hommel. Joh. Heinrich (anc. poss.),
          <lb/>Hutten, Ulrich, 177, 993, 1014, 1223-
          <lb/>161.
          <lb/>1234, 1304, 1524, 1584, 1597, 8,
          <lb/>Hönisch, Rud. (anc. poss. Leipzig),
          <lb/>2064, 2195.
          <lb/>120, 577.
          <lb/>Hutter, Albertus, 626.
          <lb/>Honoratus, Servius, 1125, 1129, 1130.
          <lb/>Hutter, Léonard, 455, 458.
          <lb/>Honorius (empereur romain), 1733.
          <lb/>Huttich, Jean, 1048, 1235-38, 1959.
          <lb/>Hoenstein, Joh., 1656.
          <lb/>Hymel, Caspar, 1129, 1131.
          <lb/>Honstein, Wilhelm, 270.
          <lb/>Hyperius, Andreas (Prof. Marbourg),
          <lb/>Honter, Joh., 1020.
          <lb/>1241.
          <lb/>Hooftmann, Aegidius, 1657.
          <lb/>Hyphanticus, Joh. (Weissenhornen¬
          <lb/>Horace, 464, 1200-2, 2228, 2468.
          <lb/>sis), 167, 169, 175, 1125.
          <lb/>Horathanus, Octavianus, 1168.
          <lb/>Hypolitus a Collibus, 2178.
          <lb/>Horning, Wilhelm, 1479, 1755, 2077.
          <lb/>Hypuarius, Andreas (anc. poss.), 576.
          <lb/>Horowitz (Budapest, anc. poss.
          <lb/>1877), 1248.
          <lb/>Hospeinius Michael, 181.
          <lb/>Hoest, Stephanus, 1207.
          <lb/>Hovemann, Wolfgang, 124.
          <lb/>Ignatius, Antiochenus, 1242.
          <lb/>Huber (Vente 1885, Strasbourg), 973,
          <lb/>Ilsung, Georgius (à Tratzberg), 1416.
          <lb/>1403, 1553, 4, 1556, 2359.
          <lb/>Ilsung, Sebastianus, 1413.
          <lb/>Huber, Tobias (Ord. S. Dominici, anc.
          <lb/>Iltis, N. (Mühlbach près Metzeral anc.
          <lb/>poss. 1583), 2431.
          <lb/>poss. 1889), 1032, 3.
          <lb/>Hueber, Thomas (Schmidt von
          <lb/>Iltis, Sebastian (der Pulvermacher zu
          <lb/>Frauendorf 1787), 968.
          <lb/>Strassburg), 1726.
          <lb/>Huber, Wolfgang (impr. Nürnberg
          <lb/>Imhof, Hieronymus (Augsbourg), 368.
          <lb/>1509), 2401.
          <lb/>Imser, Philipp, 1243, 1405.
          <lb/>Huberinus, Caspar (Verdensis, Saxus),
          <lb/>Indagine, Joh. (Parochus in Stein¬
          <lb/>1654.
          <lb/>heim), 1264-67, 1602.
          <lb/>Hubert, 370.
          <lb/>Ingold (Abbé, Colmar, anc. poss.
          <lb/>Hubertus, Conrad, 391, 1173, 4.
          <lb/>1899), 2464.
          <lb/>Hübner, Joh. Val. (anc. poss.), 2129.
          <lb/>Ingolstadt BU, 168.
          <lb/>Innocent VIII (pape), 1153, 4, 1878.
          <lb/>Hübner, Math. (Schneebergensis), 482,
          <lb/>Innocens X (pape), 1173.
          <lb/>803.
          <lb/>Innsbruck BU, 707, 720.
          <lb/>Hug., Joh. (de Sélestat), 1208, 9,
          <lb/>Irenaeus, 1247.
          <lb/>1213.
          <lb/>Irenicus, Franciscus Friedlieb, 1248.
          <lb/>Hug. Schapler, 1210, 1916.
          <lb/>1Iselsteyn (baron), 90, 94, 97, 98.
        </p>
      </div>
    </body>
  </text>
</TEI>
