<?xml version='1.0' encoding='UTF-8'?>
<?xml-model href="https://raw.githubusercontent.com/OpenITI/tei_openiti/master/tei_openiti.rng" type="application/xml" schematypens="http://relaxng.org/ns/structure/1.0"?>
<?xml-model href="https://raw.githubusercontent.com/OpenITI/tei_openiti/master/tei_openiti.rng" type="application/xml" schematypens="http://purl.oclc.org/dsdl/schematron"?>
<TEI xmlns="http://www.tei-c.org/ns/1.0">
  <teiHeader>
    <fileDesc>
      <titleStmt>
        <title/>
      </titleStmt>
      <publicationStmt>
        <p/>
      </publicationStmt>
      <sourceDesc>
        <p/>
      </sourceDesc>
    </fileDesc>
    <profileDesc>
      <calendarDesc>
        <calendar xml:id="ah">
          <p>Anno Hegirae</p>
        </calendar>
      </calendarDesc>
    </profileDesc>
    <xenoData xml:space="preserve">
CREATED: 2024-04-11T12:19:50.575736+00:00
CREATED BY: eScriptorium vpassthistobuildcmd
IMAGE FILENAME: A121078-5047.tif
IMAGE WIDTH: 2402
IMAGE HEIGHT: 3864
</xenoData>
  </teiHeader>
  <text>
    <body>
      <div>
        <p>
          <lb/>1355
          <lb/>In-fol., car. rom., 4 ff. non ch., 469 ff. ch., titre courant, réclames,
          <lb/>init. d’attente.
          <lb/>R. 10.470. Prov. Bibl. Ch. Schmidt, avec son ex-libris et son auto¬
          <lb/>graphe, juin 1839. Au verso du f. de garde: « Diese erste echte Ausgabe
          <lb/>von Sleidan ist ausserst selten. Cf. Vogt, Cat. libr, rar., p. 791 f. Prix annoté
          <lb/>au crayon, 12 francs « Erste » a été rayé au crayon et corrigé avec raison
          <lb/>en «zweite».
          <lb/>2e ex. R. 10.473. Prov. : Bibl. Prof. Baum, 2/1I, 1879. Notes mss,
          <lb/>au haut du titre, Ex libris Mühlhaeuser; au milieu « Emi Wetzlar 6 sept.
          <lb/>1713 in auctione Muntz 19 Batzen. Brewer», au bas « Sum Ioannis
          <lb/>Bernhardi Seliegkij Stutgardiensis»; au verso du f. de garde : Haec
          <lb/>prima (rayé et remplacé par:) secunda et emendatior ejudem anni hujus
          <lb/>operis editio vivente adhuc et inspiciente autore typis excussa Argentorati,
          <lb/>vera ac genuina editio princeps (princeps est rayé) ut loquuntur. Nam
          <lb/>prima nundinis primis ejusdem anni ipso, Wendelino Rihelio adhuc
          <lb/>superstite, tanta distracta est celeritate emptaque tanta aviditate ut
          <lb/>eodem fere tempore et ut in proximis nundinis auctumnalibus divendi
          <lb/>possit haec ipsa secunda quam in manibus habes typis mandata, cum
          <lb/>emendationibus auctoris plenum ad stylum velatia minimi ponderis
          <lb/>spectantibus. Eodem anno 1555, ab iisdem typographis idem opus bis
          <lb/>forma minori, 8°, editum est. Non multos mihi recitabis libros tantae
          <lb/>molis magnitudinisque quibus eadem contigerit fortuna». 2130
          <lb/>SLEIDANUS Iohannes
          <lb/>Strasbourg, Rihel, 1555
          <lb/>Ioan. Sleidani De Statu Religionis et!! Reipublicae,
          <lb/>Carolo Qvinto,Caesare, Commentarij.
          <lb/>Marque typ. de Wend. Rihel. (H. &amp;amp; B. Planche XXX, N° 7.)
          <lb/>Cum Indice luculentissimo (!). !! M. D. LV.
          <lb/>In-80, car. ital., 8 ff. non ch., 355 ff. ch. et 1 f. blanc, titre courant,
          <lb/>réclames, init. d’attente.
          <lb/>Au verso du titre: Avthor Typographis. S. (23 lignes, d’où il ressort
          <lb/>que c’est la Ire édition in-8°).
          <lb/>fol. a 2a non ch. : ... Principi Augusto, Electori. ]] Saxoniae duci...
          <lb/>Ioan- I1 nes Sleidanus... — Dat. de- 11 cimo Cal. April. 11 M. D. LV.
          <lb/>(Préface de 7 ff.)
          <lb/>R. 102.065. Prov. : Don de M. Landfermann de Coblence, 1871.
          <lb/>Annotations mss.
          <lb/>Oxford, Bibl. Bodleiana.
          <lb/>Brunet V2, 409 : Édition originale de cet ouvrage estimé 8 à 12 francs.
          <lb/>Vend. en Gr. Pap. mar. r. 42 fr. La Vallière et moins cher depuis. Dans
          <lb/>la même année 1555 il en a paru une autre édition in-fol. (apud haeredes
          <lb/>Rihelii), et deux de format in-8°. Toutes sont inférieures à celle de
          <lb/>Francfort, 1785-86, 3 vol. in-8°... La première édition de 1555 ne contient
          <lb/>que 25 livres, mais dans l’édition de 1559 les héritiers de l’imprimeur
          <lb/>Wend. Rihel ont ajouté un 26 livre posthume et l’apologie de Sleidan
          <lb/>composée par lui-même. Nicéron XXXIX, pp. 33 et suiv., donne des
          <lb/>détails curieux sur les différences que présentent entre elles les premières
          <lb/>éditions du texte latin.
          <lb/>2131
          <lb/>SLEIDANUS Iohannes
          <lb/>Strasbourg, Th. Rihel, s. d.
          <lb/>Ioannis Sleidani Commentario-rum de statu Religio-Il
          <lb/>nis &amp;amp; Reipublicae, Carolo Quinto!! Caesare, Libri XXVI.
        </p>
      </div>
    </body>
  </text>
</TEI>
