<?xml version='1.0' encoding='UTF-8'?>
<?xml-model href="https://raw.githubusercontent.com/OpenITI/tei_openiti/master/tei_openiti.rng" type="application/xml" schematypens="http://relaxng.org/ns/structure/1.0"?>
<?xml-model href="https://raw.githubusercontent.com/OpenITI/tei_openiti/master/tei_openiti.rng" type="application/xml" schematypens="http://purl.oclc.org/dsdl/schematron"?>
<TEI xmlns="http://www.tei-c.org/ns/1.0">
  <teiHeader>
    <fileDesc>
      <titleStmt>
        <title/>
      </titleStmt>
      <publicationStmt>
        <p/>
      </publicationStmt>
      <sourceDesc>
        <p/>
      </sourceDesc>
    </fileDesc>
    <profileDesc>
      <calendarDesc>
        <calendar xml:id="ah">
          <p>Anno Hegirae</p>
        </calendar>
      </calendarDesc>
    </profileDesc>
    <xenoData xml:space="preserve">
CREATED: 2024-04-11T12:19:55.573075+00:00
CREATED BY: eScriptorium vpassthistobuildcmd
IMAGE FILENAME: A121078-5174.tif
IMAGE WIDTH: 2350
IMAGE HEIGHT: 3856
</xenoData>
  </teiHeader>
  <text>
    <body>
      <div>
        <p>
          <lb/>1482
          <lb/>von Norimberg ausz Raymundo, Arnoldo de Villa Noua,
          <lb/>vnd Alberto Magno, zusamen inns Latin geschriben, aber
          <lb/>jetzunt von neuwen verteutscht, vnd die Capitel, welch
          <lb/>vorhin gemangelt, hirzu gethon.
          <lb/>Item Marsilij Vicini Regiment desz le-bens, mit essen,
          <lb/>trincken, wonungen &amp;amp; c. dadurch er mitt der hilff!! Gottes sein
          <lb/>leben gesterckt, vnd in gesundtheyt behalten, bisz er alt
          <lb/>wor- den C. vnd xvi. Jar, hat noch gelebt inn Italia imm
          <lb/>Jar M. CCCC. Ixxxxij. Darbei viel gutter Recept für aller
          <lb/>handt kranck- ]heyten, dem Gemeynen Mann eyn wolfeyle
          <lb/>vnndgar nützliche Apoteck.
          <lb/>Grav. sur bois, symbolisant l’action chimique du soleil.
          <lb/>Au-dessous : Getruckt zu Straszburg durch M. I1 Jacob
          <lb/>Cammerlandern von Mentz. Anno M. D. XXXVI. (Verso
          <lb/>blanc.)
          <lb/>Au verso de l’avant-dernier f. blanc, marque typ. de Cam¬
          <lb/>merlander. (H. &amp;amp; B. Planche XXIV, n° I en bas; Silvestre,
          <lb/>n° 816.)
          <lb/>In-fol., car. goth., 4 ff. non ch., LV ff. ch., 2 ff. blancs, titre courant,
          <lb/>réclames, notes marg.; de nombreuses grav. dans le texte (Divers instru¬
          <lb/>ments et leur usage).
          <lb/>fol. 2a non ch. : Dem strengen vnd edlen !] Felix von G. zu Valentz
          <lb/>Herren &amp;amp;c. ! Wünscht Philippus Ulstadius sein grusz... — Ausz Friburg
          <lb/>in der Eydgnoschafft. Am Montag ] nach desz heyligen Ritters S. Jörgen
          <lb/>tag. Jm jar nach!] Christi geburt M. D. XXV.
          <lb/>fol. 3a non ch. : Bericht der glaser (4 lignes). Au-dessous, 6 grav. (diffé¬
          <lb/>rents instruments servant à la distillation, entre autres deux alambics).
          <lb/>fol. 4b non ch. : Vorred zum Leser.
          <lb/>R. 10.575 (2). Prov. : Bibl. Hammeriana. A l’intérieur de la couverture,
          <lb/>ex-libris avec les mots « Avito Candore», un cigne; au-dessous, armoiries.
          <lb/>Rel. anc. avec la date 1540.
          <lb/>2366
          <lb/>UNTERRICHTUNG, ein warlich. Voir : FABRI Johannes.
          <lb/>URCEUS Codrus
          <lb/>Strasbourg, M. Schürer, 1511
          <lb/>Aulularia Plautina, Comediarum lepidissima, quae etsi
          <lb/>alias incom!] pleta a Cordo Ur ceo tamen est per] fecta.
          <lb/>Cum fami! liari expla natione.
          <lb/>A la fin : Argentorati. In Aedibus Schurerianis. Mense
          <lb/>AprilisAnn. M. D. XI.Conrado Duntzenhemio. II. Il
          <lb/>dictatore Argentorat. Regnante imp. Caes.! Maximiliano
          <lb/>P. F. I1 AVG.
          <lb/>In-4°, car. rom., 33 ff. non ch., sign. A-F, titre courant, init. d’attente.
          <lb/>Au verso du titre : Joannes Hiso Badensis!) ad emptorem (5 dist.);
          <lb/>au-dessous : R. Philesius in Plauti ] Aululariam. (5 dist.).
          <lb/>Au recto du dernier f. : Beati Arnoaldi ad Lectorem Epigramma (6 dist.);
          <lb/>au-dessous: Eiusdem Endecasyllabon. (17 vers.).
        </p>
      </div>
    </body>
  </text>
</TEI>
