<?xml version='1.0' encoding='UTF-8'?>
<?xml-model href="https://raw.githubusercontent.com/OpenITI/tei_openiti/master/tei_openiti.rng" type="application/xml" schematypens="http://relaxng.org/ns/structure/1.0"?>
<?xml-model href="https://raw.githubusercontent.com/OpenITI/tei_openiti/master/tei_openiti.rng" type="application/xml" schematypens="http://purl.oclc.org/dsdl/schematron"?>
<TEI xmlns="http://www.tei-c.org/ns/1.0">
  <teiHeader>
    <fileDesc>
      <titleStmt>
        <title/>
      </titleStmt>
      <publicationStmt>
        <p/>
      </publicationStmt>
      <sourceDesc>
        <p/>
      </sourceDesc>
    </fileDesc>
    <profileDesc>
      <calendarDesc>
        <calendar xml:id="ah">
          <p>Anno Hegirae</p>
        </calendar>
      </calendarDesc>
    </profileDesc>
    <xenoData xml:space="preserve">
CREATED: 2024-04-11T12:20:00.434561+00:00
CREATED BY: eScriptorium vpassthistobuildcmd
IMAGE FILENAME: A121078-5294.tif
IMAGE WIDTH: 2452
IMAGE HEIGHT: 3856
</xenoData>
  </teiHeader>
  <text>
    <body>
      <div>
        <p>
          <lb/>1604
          <lb/>579, 582, 3, 5, 600, 722, 791, 4, 5, 6,
          <lb/>2, 1805-1807, 1841-45, 1852, 3, 7,
          <lb/>847, 900, 922, 8, 935, 9, 946, 9,
          <lb/>1864, 5, 7, 1876-78, 1887, 1891,
          <lb/>953, 4, 965, 969, 980, 3, 1068, 1106,
          <lb/>1905, 1912, 4, 8, 9, 1924, 9, 1932,
          <lb/>1120; 1173, 1202, 1216, 1219,
          <lb/>3, 5, 7, 8, 1946-49, 1950-54, 1960,
          <lb/>1220, 1, 1260, 1, 1289, 1290, 1301,
          <lb/>5, 8, 1971, 1982, 3, 5, 1993-96,
          <lb/>5, 9, 1311, 2, 9, 1320, 1341, 1351,
          <lb/>1998, 2000, 2001, 4, 5, 6, 8, 9, 2024,
          <lb/>1369, 1425, 7, 8, 1451, 5, 1480, 3, 4,
          <lb/>2029, 2030, 2047, 9. 2051, 2,. 2054-
          <lb/>1499, 1561, 1671, 2, 1677-1732,
          <lb/>57, 2064, 5, 2070-73, 2076, 7, 9,
          <lb/>1760, 3, 4, 6, 1976, 2027, 2040,
          <lb/>2081, 2, 4, 6, 7, 2090-2098, 2100, 4,
          <lb/>2069, 2129, 2193, 2231, 2276, 2309,
          <lb/>2114, 9, 2124-36, 2139, 2142-44,
          <lb/>2514, 5, 2523, 4, 9.
          <lb/>2146, 8, 9, 2153, 2155-59, 2164, 6, 9,
          <lb/>Heitz &amp;amp; Barack (H. &amp;amp; B., marques
          <lb/>2170, 3, 2181, 2, 7, 2190, 3, 4, 8,
          <lb/>typ.), 7, 10, 13, 16, 18, 19, 20, 21,
          <lb/>2201-2231, 2233-42, 2248, 2251, 6,
          <lb/>29, 30, 31, 34, 36, 37, 40-49, 64.
          <lb/>9, 2261, 2, 5, 9, 2272, 2286, 2291, 2,
          <lb/>71, 72, 74-85, 88-91, 93, 95, 97-103,
          <lb/>2297, 2301, 3, 2310-12, 2318, 9,
          <lb/>105, 107-110, 114, 115, 120, 1, 127,
          <lb/>2326, 7, 2330, 2, 2340-46, 2350, 5,
          <lb/>128, 138, 143, 152, 154, 155, 157-
          <lb/>7, 2361, 6, 8, 9, 2372-78, 2389,
          <lb/>159, 161, 170, 182, 3, 196-198, 200,
          <lb/>2390, 5, 9, 2411, 2421-23, 2427,
          <lb/>3, 4, 5, 214, 6, 7, 9, 220, 222-225,
          <lb/>2434, 5, 7, 2440, 2442-44, 2448, 9,
          <lb/>228, 232, 4, 5, 9, 243, 4, 250, 255,
          <lb/>2453, 5, 2463, 2465a, 2466-68,
          <lb/>9, 260, 262-264, 8, 277, 279, 280, 1.
          <lb/>2471, 2491, 3, 5, 9, 2506, 7, 2509,
          <lb/>4, 5, 7, 291, 3, 4, 6, 8, 9, 301, 5, 6,
          <lb/>2514, 8, 2524, 2531.
          <lb/>8, 315, 9, 320, 4, 6, 329, 331, 2,
          <lb/>350, 3, 357, 8, 362, 3, 370, 393, 4,
          <lb/>Heitz &amp;amp; Ritter, 313, 822, 1916.
          <lb/>Held, Abraham (Argentoratum, Con¬
          <lb/>6, 7, 400, 404-413, 418-421, 423,
          <lb/>428-430, 441-447, 451, 8, 469, 474,
          <lb/>sul), 197, 806.
          <lb/>Held, Jos. von, 248, 2183, 2282.
          <lb/>7, 9, 483-486, 491, 6, 499-513, 516,
          <lb/>519-521, 524-529, 532-536, 8, 9,
          <lb/>Held, Matthias (Procancellarius Ger¬
          <lb/>544, 8, 9, 554, 556,,7 563, 4, 6, 7,
          <lb/>maniae, anno 1536), 502, 2361.
          <lb/>571-574, 578, 587-594, 598, 602, 6,
          <lb/>Heldt, Lor. (Oberhofen), 2309.
          <lb/>7, 615, 6, 619-622, 625, 627, 629-
          <lb/>Heldung, Petrus, 1543, 1553, 1557.
          <lb/>631, 635-637, 654, 9, 661, 663,
          <lb/>Heldelin, 1121, 2.
          <lb/>665-666, 680-87, 692-96, 700, 2, 5,
          <lb/>Hell, Laurentius (Decanus sedis Petri
          <lb/>710, 713-714, 8, 9, 721, 6, 737,
          <lb/>junioris Argentinensis), 1389, 1624.
          <lb/>740,5,751-768,770,1, 785, 791, 2, 8,
          <lb/>Heller, Joh. (anc. poss.), 2232.
          <lb/>806, 9, 817, 825-827, 832, 836, 8,
          <lb/>Helmer, Otto (à Mörner in Zellin
          <lb/>863, 4, 873, 5, 9, 881, 4, 898, 906¬
          <lb/>Marchiacus), 1650.
          <lb/>908, 911-913, 916, 8, 921, 7, 938,
          <lb/>Helmius, Daniel, 1089.
          <lb/>951, 971, 998, 1000, 1, 4, 1011, 2,
          <lb/>Helmstadt (Bibliotheca Academiae
          <lb/>1015-1021, 4, 1031, 3, 9, 1040, 1, 7,
          <lb/>Juliae Carolinae), 261-266, 268,
          <lb/>8, 1050, 1075, 6, 8, 9, 1081, 5, 6,
          <lb/>326, 329, 1420.
          <lb/>1090, 4, 1096-98, 1105, 7, 8, 1111,
          <lb/>Helnerus, Stephanus, 626.
          <lb/>3, 1120, 1, 1124-26, 1129, 1138,
          <lb/>Helvicus Christophorus (anc. poss.
          <lb/>1141, 2, 1146-1150, 4, 7, 1163, 5,
          <lb/>1611), 15.
          <lb/>1170, 1180, 1182-86, 1189-93, 1196-
          <lb/>Hembuche de Hassia, 1132.
          <lb/>99, 1200, 4, 6, 8, 1215, 6, 1233,
          <lb/>Hemmerlin, Felix, 1331.
          <lb/>1235-38, 1241, 1247-49, 1255, 8,
          <lb/>Hemmingen, N., 1124.
          <lb/>1262, 9, 1270, 9, 1281-83, 1286,
          <lb/>Hemmingk, Laurentius (Suhlensis,
          <lb/>1292-95, 1298, 1300, 1308, 9, 1332,
          <lb/>anc. poss. 1592), 1739.
          <lb/>1335, 6, 9, 1341, 1353-56, 1360,
          <lb/>Henneberg, Berchtoldus (Archiepis¬
          <lb/>1375, 6, 1380, 7, 1392-94, 1397, 8,
          <lb/>copus Moguntinensis), 1208.
          <lb/>1400, 4, 6, 1412, 1415-17, 1420, 4,
          <lb/>Henneberg (Graf zu), 2173.
          <lb/>9, 1432-34, 1436, 8, 1440-1450, 9,
          <lb/>Hennemann (anc. poss. 1836), 2282.
          <lb/>1475-78, 1484, 6, 7, 1493, 1495, 6,
          <lb/>Hennequin, Frid. (Decanus Cronwis-
          <lb/>1500a, 1501, 4, 7, 1518, 9, 1522,
          <lb/>senburgensis, anc. poss.), 945.
          <lb/>1524-1533, 1536-1548, 1550-1561,
          <lb/>Henner, Eucharius (1509), 995.
          <lb/>1565, 1573, 5, 1577-1582, 1587-89,
          <lb/>Henning Oldendorpius, 456, 457, 458.
          <lb/>1592, 1594-96, 1604, 1621-23, 1638,
          <lb/>Henri VIII, roi d’Angleterre, 866,
          <lb/>9, 1643-1651, 1668, 1670, 1740-42,
          <lb/>1119, 1535.
          <lb/>1744, 7, 1754, 7, 8, 1765, 8, 9, 1771,
          <lb/>Henrichmann, Jacobus, 37, 38, 40,
          <lb/>2, 5, 6, 1779-83, 5, 9, 1795-97, 1801,
          <lb/>41, 42, 43, 175, 1125-31, 1413.
        </p>
      </div>
    </body>
  </text>
</TEI>
