<?xml version='1.0' encoding='UTF-8'?>
<?xml-model href="https://raw.githubusercontent.com/OpenITI/tei_openiti/master/tei_openiti.rng" type="application/xml" schematypens="http://relaxng.org/ns/structure/1.0"?>
<?xml-model href="https://raw.githubusercontent.com/OpenITI/tei_openiti/master/tei_openiti.rng" type="application/xml" schematypens="http://purl.oclc.org/dsdl/schematron"?>
<TEI xmlns="http://www.tei-c.org/ns/1.0">
  <teiHeader>
    <fileDesc>
      <titleStmt>
        <title/>
      </titleStmt>
      <publicationStmt>
        <p/>
      </publicationStmt>
      <sourceDesc>
        <p/>
      </sourceDesc>
    </fileDesc>
    <profileDesc>
      <calendarDesc>
        <calendar xml:id="ah">
          <p>Anno Hegirae</p>
        </calendar>
      </calendarDesc>
    </profileDesc>
    <xenoData xml:space="preserve">
CREATED: 2024-04-11T12:19:50.782116+00:00
CREATED BY: eScriptorium vpassthistobuildcmd
IMAGE FILENAME: A121078-5056.tif
IMAGE WIDTH: 2386
IMAGE HEIGHT: 3860
</xenoData>
  </teiHeader>
  <text>
    <body>
      <div>
        <p>
          <lb/>1364
          <lb/>(I. Theil.) fol. 2a non ch. : Der erbarn... Herrn Burgermaistern und
          <lb/>Rathe, der! Statt züm Gripeswalde in Pommern... — Geben zu Strasburg,
          <lb/>1 Sonntag am fünfften tage des Christmonats, im jare... M. D. LXVII. Il
          <lb/>Michael Beuther von Carlstadt der Rechten Doctor.
          <lb/>fol. 3 à non ch. : ... Herrn Augusto, Hertzo- Il gen zu Sachssen... —
          <lb/>Datum am xxiij tage des Mertzen, im jar nach Christi!! Geburt, Tausent
          <lb/>Fünffhundert Fünff (] und fünffzig(!Johannes Sleidanus.
          <lb/>fol. 6b : Johannes Sleidanus an !! den guthertzigen Leser. (Apologia,
          <lb/>4 pp.)
          <lb/>fol. 8b : Erinnerung an eynen jeden Leser.
          <lb/>(II. Theil.) fol. Nnn 3... Herrn Hainrichen von Mülheym, altem Stätt-!]
          <lb/>maister der Statt Straszburg... Michael Beuther von Carlstatt... —
          <lb/>Geschriben zu Straszburg, Mittwoch I] am tritten tage des Herstmonats.
          <lb/>Im jahre... 1567. (Préface, 5 pp.)
          <lb/>R. 69. Prov. : Don de la ville de Heilbronn, 1871. Annotation mss. à
          <lb/>l’intérieur du 1er plat « 1583. Fried. von Breitenbach, plus bas 1596.
          <lb/>Conrad von Möller (?) ».
          <lb/>Ritter, Catal. BM Strasbourg., n° 1938.
          <lb/>2146
          <lb/>SLEIDANUS Johannes
          <lb/>Strasbourg, Th. Rihel, 1575
          <lb/>Der Erste Theyl OrdenlicherBerchreibunge vnnd II
          <lb/>Verzeychnisse, allerley fürnemer Hän- ]1 del, etc.
          <lb/>Comme dans l’édition de 1574.
          <lb/>fol. 698a : Der ander Theyl, etc., comme dans l’édition de
          <lb/>1574.
          <lb/>A la fin, le même explicit avec la date M. D. LXXV.
          <lb/>Grand in-fol., car. goth., 8 ff. non ch., 909 pp. ch., 7 ff. non ch., dont 6
          <lb/>à 2 col. (Registre), titre courant, réclames, notes marg., init. ornées, titre
          <lb/>principal rouge et noir.
          <lb/>Le privilège impérial et les préfaces comme dans l’édition de 1574.
          <lb/>R. 70. Prov. : Vente Rettig, Strasbourg, 2/XI, 1894; 3 M. 30.
          <lb/>2147
          <lb/>SLEIDANUS Johannes
          <lb/>Strasbourg, Th. Rihel, 1576
          <lb/>Ioannis Sleidani Commentario-! rum de statu religio- nis
          <lb/>&amp;amp; Reipublicae, Carolo Quinto !! Caesare, Libri XXVI.
          <lb/>Unà cum Apologia ab ipso Authore conscripta, !! &amp;amp; Indice
          <lb/>locupletissimo. Marque typ. de Th. Rihel. (H. &amp;amp; B. Planche
          <lb/>XXXI, N° II.)
          <lb/>Cum Gratia &amp;amp; Priuilegio Caesareae Maiestatis.
          <lb/>Argentorati Excudebat Theodosius Rihelius. M. D.
          <lb/>LXXVI. (Verso blanc.)
          <lb/>In-8°, car. rom., 8 ff. non ch., 871 pp. ch., 10 ff. non ch. à 2 col. (Index),
          <lb/>réclames, notes marg. (en ital.), init. ornées.
          <lb/>Préface de 1565 et Apologia comme dans les éditions précédentes.
          <lb/>R. 101.860. Prov. W. Koebner, Breslau, 24( I, 1878; 2 M. Ritter,
          <lb/>Catal. BM Strasbourg, n° 1940; Walter Sélestat, n° 2243.
          <lb/>2148
        </p>
      </div>
    </body>
  </text>
</TEI>
