<?xml version='1.0' encoding='UTF-8'?>
<?xml-model href="https://raw.githubusercontent.com/OpenITI/tei_openiti/master/tei_openiti.rng" type="application/xml" schematypens="http://relaxng.org/ns/structure/1.0"?>
<?xml-model href="https://raw.githubusercontent.com/OpenITI/tei_openiti/master/tei_openiti.rng" type="application/xml" schematypens="http://purl.oclc.org/dsdl/schematron"?>
<TEI xmlns="http://www.tei-c.org/ns/1.0">
  <teiHeader>
    <fileDesc>
      <titleStmt>
        <title/>
      </titleStmt>
      <publicationStmt>
        <p/>
      </publicationStmt>
      <sourceDesc>
        <p/>
      </sourceDesc>
    </fileDesc>
    <profileDesc>
      <calendarDesc>
        <calendar xml:id="ah">
          <p>Anno Hegirae</p>
        </calendar>
      </calendarDesc>
    </profileDesc>
    <xenoData xml:space="preserve">
CREATED: 2024-04-11T12:20:00.406396+00:00
CREATED BY: eScriptorium vpassthistobuildcmd
IMAGE FILENAME: A121078-5293.tif
IMAGE WIDTH: 2452
IMAGE HEIGHT: 3856
</xenoData>
  </teiHeader>
  <text>
    <body>
      <div>
        <p>
          <lb/>1603
          <lb/>Haerpfer, Fr. (Prague, anc. poss. 1883),
          <lb/>Hedio, Andreas (anc. poss., Prof. in
          <lb/>2465a.
          <lb/>Acad. Regiomontana, 1536), 2361.
          <lb/>Harisson, 1985.
          <lb/>Hedio, Caspar, 110, 152, 331, 332,
          <lb/>Harrassowitz (Leipzig, anc. poss.), 20,
          <lb/>355, 368, 440, 478, 9, 564-66, 607,
          <lb/>240, 321, 406, 419, 420, 858, 1132,
          <lb/>790, 1091-1100, 1111, 1112, 1270, 1,
          <lb/>1248, 1429, 1515, 1526, 1745, 2287.
          <lb/>1275, 8, 1881, 2073, 2153, 2293,
          <lb/>Harrisse, M., 2361.
          <lb/>2428, 2429.
          <lb/>Harrwitz, Max (Berlin, anc. poss.
          <lb/>Hedio, Eusebius, 1275.
          <lb/>1896), 66, 1913, 1951, 2100, 2414.
          <lb/>Hedio, Josephus, 2073.
          <lb/>Hartlaubiana (Bibliotheca), 1510.
          <lb/>Hedlerus, Joh., 2171.
          <lb/>Hartlieb, D. Jacob (anc. poss.), 969.
          <lb/>Heerdegen &amp;amp; Barbeck (Nürnberg,
          <lb/>Hartlieb, Joh., 822.
          <lb/>anc. poss. 1879), 857, 1244, 1616,
          <lb/>Hartmann, Jacobus, 1668.
          <lb/>1895.
          <lb/>Hartmann, Wolfgang, 2135.
          <lb/>Hefler, Joh. (anc. poss.), 2247.
          <lb/>Hartmut von Kronberg, 2191.
          <lb/>Hefner (Rom, anc. poss. 1894), 1590.
          <lb/>Hartter (pasteur, Luizhausen anc.
          <lb/>Heftlerus, Joh. Jac. (anc. poss. 1593),
          <lb/>516.
          <lb/>poss. 1877), 94, 166, 249, 778, 905,
          <lb/>Hegendorf, Christophorus, 324, 518,
          <lb/>914, 7, 1105, 8, 1859, 2375, 2396,
          <lb/>630, 787, 1102-1109, 1639, 1994,
          <lb/>2421, 3.
          <lb/>2183, 2291.
          <lb/>Haselberger, Joh. (de Augia, Constan¬
          <lb/>Hegenwald, Erhart, 834.
          <lb/>tiensis diocesis, 1516), 2360.
          <lb/>Hegesippus, 1111-08.
          <lb/>Hasler, Joh., 1467.
          <lb/>Heidelberg BU, 69, 263, 327, 8, 707,
          <lb/>Hatt (von Fegersheim, Amtman zu
          <lb/>718, 720, 734, 741, 954, 8, 965, 999,
          <lb/>Kochersberg, Wanzenau und Wic¬
          <lb/>kersheim, anc. poss. 1545), 1315.
          <lb/>1535, 1931, 2342.
          <lb/>Heidelberg. Voir aussi : Monastères.
          <lb/>Hatt Joh. Rembold, 1524.
          <lb/>Heilbronn (Bibl. du Gymnase), 8, 16,
          <lb/>Hattenus, Maternus (Spirensis, anc.
          <lb/>21-25, 36, 49, 57, 163, 180, 193, 222,
          <lb/>poss.), 356, 2370.
          <lb/>7, 254, 296, 301, 3, 343, 600, 604,
          <lb/>Hätzer, Ludovicus, 1933.
          <lb/>621, 655, 708, 718, 803, 874, 961, 5,
          <lb/>Hatzfeld, Alex. (geb. Schaum à Fiach,
          <lb/>1058, 1064, 1162, 1173, 1182, 4, 1214,
          <lb/>don 1871), 122, 298, 303, 318, 333,
          <lb/>1260, 1408, 1478, 1480, 9, 1495,
          <lb/>1933, 1038.
          <lb/>1504, 1632, 4, 5, 1662, 1830, 1,
          <lb/>Hauer, Martin (Hambourg, anc.
          <lb/>1848, 1850, 3, 1932, 1955, 1960,
          <lb/>poss. 1871), 1118, 1284.
          <lb/>1989, 2000, 2004, 6, 2021, 2056,
          <lb/>Hauffen, Adolf, 414, 847-850, 852-
          <lb/>2072, 2096, 9, 2106, 2146, 2216,
          <lb/>858, 860, 864.
          <lb/>2390, 2445, 8, 2467, 2471, 2, 3, 9,
          <lb/>Haug, Caspar (Augsbourg, anc. poss.
          <lb/>2486, 2527, 8.
          <lb/>1883), 292, 436, 1457, 2488.
          <lb/>Heim, B. Ignace, 536.
          <lb/>Hauptvogel, M. (Gotha), 211.
          <lb/>Heindorfer, Conrad, 1210.
          <lb/>Hausknecht, Werner (St. Gallen, anc.
          <lb/>Heinrich IV (empereur), 872.
          <lb/>poss. 1883), 1093, 1128, 2221,
          <lb/>Heinrich (Abt des Gotteshauses Wei¬
          <lb/>2386, 2422.
          <lb/>blingen, anc. poss. 1594), 976.
          <lb/>Hausmann, Nicolaus (Cigneorum pa¬
          <lb/>Heinrich, Graf zu Werdenberg (Dom¬
          <lb/>rochus), 684.
          <lb/>herr Strassburg), 839.
          <lb/>Hauwitz (Berlin, anc. poss.), 1378.
          <lb/>Heinrich von Hagenau, 1120.
          <lb/>Hawenreuter, Joh. Ludovicus (Deca¬
          <lb/>Heinrichmann, Jacobus. Voir : Henri¬
          <lb/>nus Academiae Argentoratensis),
          <lb/>chmann.
          <lb/>82, 338, 624, 806, 1075-89, 1735.
          <lb/>Heintz, Georgius, 1023.
          <lb/>Hayden, Leonardus (anc. poss.), 2324.
          <lb/>Heintzel, D. Melchior, 837.
          <lb/>Hayn, Jean de. Voir : Johannes de
          <lb/>Heiss, Joh. (Memmingensis, anc. poss.
          <lb/>Indagine.
          <lb/>1636), 1964.
          <lb/>Haythonius, 1090.
          <lb/>Heitter, Joh. Jacobus, 2376.
          <lb/>Heber, 959, 906, 1190, 1201, 1489,
          <lb/>Heitz, J. H. Ed. (Strasbourg anc.
          <lb/>2526.
          <lb/>poss.), 349, 1755, 2030, 2530.
          <lb/>Heberle, J. M., 134, 139, 363, 641,
          <lb/>Heitz (Formschneiderarbeiten), 249,
          <lb/>1175, 2303.
          <lb/>1582, 2065, 2461.
          <lb/>Hebsacker, Joh. Andreas (Unacensis,
          <lb/>Heitz (Strasbourg, anc. poss.), 14, 118,
          <lb/>anc. poss. 1663), 921.
          <lb/>184, 185, 189, 196-199, 205, 228, 249,
          <lb/>Heckelberger, Erasmus (Austrius),
          <lb/>262, 7, 278, 326, 335, 351, 9, 361, 9,
          <lb/>456.
          <lb/>373, 8, 381, 5, 390, 398,442a, 461,
        </p>
      </div>
    </body>
  </text>
</TEI>
