<?xml version='1.0' encoding='UTF-8'?>
<?xml-model href="https://raw.githubusercontent.com/OpenITI/tei_openiti/master/tei_openiti.rng" type="application/xml" schematypens="http://relaxng.org/ns/structure/1.0"?>
<?xml-model href="https://raw.githubusercontent.com/OpenITI/tei_openiti/master/tei_openiti.rng" type="application/xml" schematypens="http://purl.oclc.org/dsdl/schematron"?>
<TEI xmlns="http://www.tei-c.org/ns/1.0">
  <teiHeader>
    <fileDesc>
      <titleStmt>
        <title/>
      </titleStmt>
      <publicationStmt>
        <p/>
      </publicationStmt>
      <sourceDesc>
        <p/>
      </sourceDesc>
    </fileDesc>
    <profileDesc>
      <calendarDesc>
        <calendar xml:id="ah">
          <p>Anno Hegirae</p>
        </calendar>
      </calendarDesc>
    </profileDesc>
    <xenoData xml:space="preserve">
CREATED: 2024-04-11T12:19:48.874119+00:00
CREATED BY: eScriptorium vpassthistobuildcmd
IMAGE FILENAME: A121078-5008.tif
IMAGE WIDTH: 2420
IMAGE HEIGHT: 3894
</xenoData>
  </teiHeader>
  <text>
    <body>
      <div>
        <p>
          <lb/>1316
          <lb/>Au verso du titre : Catalogus eorum! quae hoc volumine continentur.!
          <lb/>Elegiarum libri IIII. 1! Caesares Germanici. !! Epigrammatum &amp;amp; Hendeca
          <lb/>syllaba-rum liber. De nuptiis Regis Poloniae carmen Heroicum,
          <lb/>continens praecipuas omnium Polonicorum Re-] gum historias.
          <lb/>Ecloga de Gallo ad Ticinum capto. !! Additae sunt aliquot epistolae,
          <lb/>cum ipsius Sabi-ni : tum Petri Bembi, Baptistae Egnatij, &amp;amp; Caro-li
          <lb/>V. Imperatoris, de Sabino scriptae.
          <lb/>R. 102107. Prov. : Bibl. Böcking.
          <lb/>Voir : Töppen, Max : Die Gründung der Universität zu Kõnigsberg und
          <lb/>das Leben ihres ersten Rektors Georg Sabinus. Nach gedruckten und
          <lb/>ungedruckten Quellen dargestellt... Königsberg, Universitâts-Buch¬
          <lb/>handlung, 1844, in-80, 311 p.
          <lb/>Bibliographie. Voir : Schottenloher II, n° 18449-18464. 2051
          <lb/>Mulhouse, P. Schmid, 1561
          <lb/>SABINUS Georgius
          <lb/>Georgij Sabini Brandenburg.Schöne vnd lusti ge
          <lb/>beschreybung etlicher rathschle- gen vnnd gesprächen in
          <lb/>Erwelung eines! Keysers, wie sölichs Caroli desz V. säli- Il ger
          <lb/>Hochlöblicher gedechtnusz halben ver!! handlet. Sampt dem
          <lb/>Eidt mit welchem  sich der Keyser dem Reych verpflicht.
          <lb/>Item Nicolai Mamerani Lucemburg.Fleyssige erzelung,
          <lb/>Rhumreycher geschichten! vnnd thaten, jrer Keyserlichen
          <lb/>Mayestat. Mitt zugethonem Pomp grosser kostlichheit, vnnd
          <lb/>zierli- [] cher rüstung und bereitschafft, so in bekrönung der
          <lb/>Keysern gel braucht wirt, und eigentlicher verzeichnung, aller
          <lb/>mitlauffen-den hendlen vnnd herzu dienstlichen vmstenden.
          <lb/>Von!! Hartmanno Mauro Latin beschriben. Neüw-lich aber
          <lb/>ins teütsch bracht, vnd inn druck verfertiget, durch.
          <lb/>Petrum Fabricium, Wittembergensem.Anno M. D. LXI.
          <lb/>(Trois feuilles de treffle. Verso blanc.)
          <lb/>Au recto du dernier f. : (Feuille de lierre) Getruckt zu!
          <lb/>Mülhusen im o- berenn Elsäsz,  durch Peter Schmid.
          <lb/>(Feuille de lierre.)
          <lb/>Au verso, marque typ. de P. Schmid (Fabricius). (H. &amp;amp; B.
          <lb/>Planche LXXV, No I.)
          <lb/>In-80, car. goth., 6 ff. non ch., 159 ff. ch., et 1 f. non ch., titre courant,
          <lb/>réclames, notes marg., init. goth. E, A, C, I, titre rouge et noir.
          <lb/>fol. A 2a-A 5b Préface : Dem frommen... Herrn Johann!! Lufft, Stattrich¬
          <lb/>tern vnd Drucker-[ herren, In... Wittemberg, seinen!!... I lieben
          <lb/>Her- Il ren... — Datum zu Mülhausen! im oberen Elsäsz, den XVI.
          <lb/>Mertzen. Anno M. D. II LXI... Petrus Fabricius. (Vignette.)
          <lb/>fol. A 6 : Also schreybt Mameranus [! dem Läser... A la fin : feuille
          <lb/>de treffle et vign.
          <lb/>fol. 105 a : nouveau titre : Hienach volget [l die herrliche ordnung,
          <lb/>grosse] kostlichkeit u. s. w. (13 lignes comme le 3e titre du titre principal.)
          <lb/>Au-dessous : Hab dein gut acht, !! Das end betracht. (1 M. D. LXI.
          <lb/>(Verso blanc.)
          <lb/>R 100.426 (2). Prov. : E. J. Brill, Leiden, 17/XI, 1894. 2052
        </p>
      </div>
    </body>
  </text>
</TEI>
