<?xml version='1.0' encoding='UTF-8'?>
<?xml-model href="https://raw.githubusercontent.com/OpenITI/tei_openiti/master/tei_openiti.rng" type="application/xml" schematypens="http://relaxng.org/ns/structure/1.0"?>
<?xml-model href="https://raw.githubusercontent.com/OpenITI/tei_openiti/master/tei_openiti.rng" type="application/xml" schematypens="http://purl.oclc.org/dsdl/schematron"?>
<TEI xmlns="http://www.tei-c.org/ns/1.0">
  <teiHeader>
    <fileDesc>
      <titleStmt>
        <title/>
      </titleStmt>
      <publicationStmt>
        <p/>
      </publicationStmt>
      <sourceDesc>
        <p/>
      </sourceDesc>
    </fileDesc>
    <profileDesc>
      <calendarDesc>
        <calendar xml:id="ah">
          <p>Anno Hegirae</p>
        </calendar>
      </calendarDesc>
    </profileDesc>
    <xenoData xml:space="preserve">
CREATED: 2024-04-11T12:19:54.161522+00:00
CREATED BY: eScriptorium vpassthistobuildcmd
IMAGE FILENAME: A121078-5138.tif
IMAGE WIDTH: 2342
IMAGE HEIGHT: 3856
</xenoData>
  </teiHeader>
  <text>
    <body>
      <div>
        <p>
          <lb/>1446
          <lb/>argumenti geminam praefationem: ac- cessit etiam de
          <lb/>utriusque Jnstrumenti li- bris partim admissis : partim
          <lb/>reiectis : !! ex Athanasio : fragmentum : Eras. Ro- tero.
          <lb/>interprete. Praeterea nonnulla! alia : quae parti huius operis
          <lb/>posteriori seruauimus. Secuimus autem in!] hoc ab Euangelijs
          <lb/>&amp;amp; Actis Epistolas: ut eas seorsim com-pingere : si cui
          <lb/>videbi-tur: posthac li-ceat. (Feuille de trèfle, entre
          <lb/>deux feuilles de lierre.)
          <lb/>In-8°, car. goth., 20 ff. non ch., 130 ff. ch., titre courant, réclames,
          <lb/>notes marg., init. ornée T et init. à fig. O, L, A, I, S et init. d’attente;
          <lb/>la lettre L contient un bouc et une chèvre; titre encadré: ornements,
          <lb/>au milieu de la bande inférieure, un vase avec les lettres: AROHS. Au
          <lb/>verso du dernier f. marque typ. de Knobloch. (H. &amp;amp; B., planche IX, N° 2;
          <lb/>Silvestre No 635).
          <lb/>Suit avec un nouveau titre: Episto!! lae Apostolicae! Pauli!
          <lb/>Iacobi!] Petri!! Iohannis et! Iudae.! Item apocalyps. Johannis
          <lb/>Theologi. [ Epistola Des. Erasmi de phi l/ losophia Evangelica.
          <lb/>In-8°, car. goth., 107 ff. non ch., titre courant, réclames, notes marg.
          <lb/>init. à fig. I, P, D, S, O, R et init. d’attente. Au verso du dernier f., même
          <lb/>marque typ. qu’à la 1re partie, titre encadré (H. &amp;amp; B., planche XI, N° 9).
          <lb/>Au recto du dernier f. : Argentorati Iohannes!! Cnobloch Excudebat!
          <lb/>Quinto Idus Iunias ]l Anno. M. D. XXIII.
          <lb/>Les préfaces comme dans l’édition précédente.
          <lb/>R. 101.072. Prov. : Bibl. Ed. Reuss, Strasbourg, 1891, avec l’ex-libris
          <lb/>de Reuss et son autographe au recto du f. de garde ainsi qu’une annotation
          <lb/>de sa main: « Ex libris I. D. Brunneri, 4 jan. 1845 ».
          <lb/>Schmidt VII, No 259; Walter, Sélestat 1937 cite une impression avec
          <lb/>le même titre et la même année: « Colmariae in Aedi. Amandi Farckallii
          <lb/>A. M. D. XXIII».
          <lb/>2301
          <lb/>TESTAMENTUM NOVUM
          <lb/>Strasbourg, J. Knobloch, 1523
          <lb/>(Novi! Testamenti totius aeditio longe optima...).
          <lb/>In-8°, car. ital., 20 ff. non ch., 147 ff. ch. (Verso blanc) et 1 f. blanc).
          <lb/>Suit avec un nouveau titre : Episto-!! lae Apostolicae, Pauli!! Iacobi!
          <lb/>Petri!] Iohannis et!! Judae. !! Item apocalypsis Iohannis theologi!
          <lb/>Epistola Des. Erasmi, de philosophia Euangelica.
          <lb/>In-80, car. ital., 122 ff. ch., 2 ff. non ch., init. à figure (animaux divers)
          <lb/>et init. ornées, notes marg., titre encadré; dans la bande supérieure,
          <lb/>ornements d’architecture; dans les bordures latérales, colonnes avec un
          <lb/>enfant grimpant; dans la bande inférieure, au milieu, une sirène ailée
          <lb/>à deux queues de poisson, à sa droite, un génie agenouillé, à sa gauche,
          <lb/>un génie debout regardant la sirène.
          <lb/>Le titre est le même que celui de l’édition du 9 juin 1523.
          <lb/>Au verso du dernier f. : Argentorati Johannes Cnoblo!! chus Excu¬
          <lb/>debat, pridie Ca-[! lendas Septembres.!! Anno M. D. XXIII.
          <lb/>fol. Aa 2a non ch. : Erasmus !! Roterodamus (] Pio Lectori (IS.
          <lb/>fol. Aa 3a non ch. : Erasmus !! Roterodamus! Pio Lectori!! S. D.
          <lb/>(5 ff. de préface).
          <lb/>fol. Aa 7a non ch. : Des. Erasmi! Roterod. Paracelsis, id. ] est,
          <lb/>adhortatio, ad Christianae phi- losophiae studium (6 ff.).
        </p>
      </div>
    </body>
  </text>
</TEI>
