<?xml version='1.0' encoding='UTF-8'?>
<?xml-model href="https://raw.githubusercontent.com/OpenITI/tei_openiti/master/tei_openiti.rng" type="application/xml" schematypens="http://relaxng.org/ns/structure/1.0"?>
<?xml-model href="https://raw.githubusercontent.com/OpenITI/tei_openiti/master/tei_openiti.rng" type="application/xml" schematypens="http://purl.oclc.org/dsdl/schematron"?>
<TEI xmlns="http://www.tei-c.org/ns/1.0">
  <teiHeader>
    <fileDesc>
      <titleStmt>
        <title/>
      </titleStmt>
      <publicationStmt>
        <p/>
      </publicationStmt>
      <sourceDesc>
        <p/>
      </sourceDesc>
    </fileDesc>
    <profileDesc>
      <calendarDesc>
        <calendar xml:id="ah">
          <p>Anno Hegirae</p>
        </calendar>
      </calendarDesc>
    </profileDesc>
    <xenoData xml:space="preserve">
CREATED: 2024-04-11T12:19:53.180260+00:00
CREATED BY: eScriptorium vpassthistobuildcmd
IMAGE FILENAME: A121078-5112.tif
IMAGE WIDTH: 2346
IMAGE HEIGHT: 3854
</xenoData>
  </teiHeader>
  <text>
    <body>
      <div>
        <p>
          <lb/>1420
          <lb/>Au verso du titre : Contenta in hoc opere.
          <lb/>fol. A 2a : Summarium (33 ff.).
          <lb/>fol. E : Prologus (4 ff.).
          <lb/>R. 10.252. Prov. : BN Munich, 19/1x, 1881; 2M.
          <lb/>A l&amp;#x27;intérieur de la couverture : « Monasterium Althominster 1543»;
          <lb/>plus bas : « Duplum Bibliothecae regiae Monacensis».
          <lb/>Oxford, Bibl. Bodleiana; Beaulieux p. 275: BU Paris, Rés. 404;
          <lb/>Walter, Sélestat, N° 2281.
          <lb/>2256
          <lb/>SUPPLICATION
          <lb/>Strasbourg, 1524
          <lb/>Supplication des Pfar- rers, vnnd der Pfarrkinder zu
          <lb/>sant Thoman, aim Ersa-men Radt zu Strasz- burg,
          <lb/>vberant-wort. &amp;amp;c. Darausz ab zunemen, wie die Christ!
          <lb/>liche Ee geliebt, vnd Teuffelische Hu-rerey, oder Pfaffen
          <lb/>keüschait, wie man es nennen will der gemay nen
          <lb/>Erberkait verhasset sey, vnnd nit meer leydlichen.
          <lb/>(3 feuilles de treffle.).
          <lb/>M. D. xxiiij. (Verso blanc.)
          <lb/>A la fin : Datum zu Straszburg &amp;amp;c. ! M. D. xxiiij.! Burger
          <lb/>vnd Pfarruer(] wanten zu S. Thoman, (Verso blanc.)
          <lb/>In-4°, car. goth., 12 ff. non ch., sign. A-C, titre courant, notes marg.,
          <lb/>titre encadré de 4 pièces d’ornement.
          <lb/>fol. A 2a : Bericht des inhalts nachgeender !! Supplication. (4 pp.)
          <lb/>fol. A 4a : Mayster Anthonien Firnen von Hagenaw !! Pfarrero zü
          <lb/>Sant Thomans Supplication, an ain!! Ersamen Radt der loblichen statt
          <lb/>Strasz- Il burg... (2 pages.)
          <lb/>R. 102.298. Prov. : Mlle Anne Nagel, de la Bibl. du Chanoine Dacheux,
          <lb/>Strasbourg, 5/VI, 1903; 3 M.
          <lb/>Notes mss.
          <lb/>2257
          <lb/>SURGANT Johannes Ulricus Strasbourg, J. Prüss, père, 1506
          <lb/>Manuale Curatorum!! praedicandi prebens modum: tam!
          <lb/>latino quam!! vulgari sermone practice illuminatum : cum!
          <lb/>certis alijs ad curam animarum perti-nenti!! bus : omnibus
          <lb/>curatis tam conduci! bilis quam salubris.
          <lb/>Au-dessous : Bande avec des arabesques et une gravure sur
          <lb/>bois : qui se trouve dans la Narrenbeschwörung de Murner,
          <lb/>Hupfuff 1512. Un curé donnant de l’eau bénite à plusieurs
          <lb/>personnes.
          <lb/>A la fin : Feliciter ac fausto finitur liber animo : labori- [[ osa
          <lb/>diligentia impressus per Iohannem Prüs Ciuem Argenti¬
          <lb/>nensem. In edibus suis zum Thiergarten. Anno Millesimo!
          <lb/>Quingentesimo Sexto. (Verso blanc.)
          <lb/>In-4°, car. rom., 8 ff. non ch., CXXVIII ff. ch., titre courant, init.
          <lb/>ornées T, P, I.
          <lb/>Au verso du titre une Sainte-Véronique; au recto du 8e f. non chiffré,
          <lb/>grav. sur bois : deux anges en adoration devant un tabernacle.
        </p>
      </div>
    </body>
  </text>
</TEI>
