<?xml version='1.0' encoding='UTF-8'?>
<?xml-model href="https://raw.githubusercontent.com/OpenITI/tei_openiti/master/tei_openiti.rng" type="application/xml" schematypens="http://relaxng.org/ns/structure/1.0"?>
<?xml-model href="https://raw.githubusercontent.com/OpenITI/tei_openiti/master/tei_openiti.rng" type="application/xml" schematypens="http://purl.oclc.org/dsdl/schematron"?>
<TEI xmlns="http://www.tei-c.org/ns/1.0">
  <teiHeader>
    <fileDesc>
      <titleStmt>
        <title/>
      </titleStmt>
      <publicationStmt>
        <p/>
      </publicationStmt>
      <sourceDesc>
        <p/>
      </sourceDesc>
    </fileDesc>
    <profileDesc>
      <calendarDesc>
        <calendar xml:id="ah">
          <p>Anno Hegirae</p>
        </calendar>
      </calendarDesc>
    </profileDesc>
    <xenoData xml:space="preserve">
CREATED: 2024-04-11T12:19:51.021557+00:00
CREATED BY: eScriptorium vpassthistobuildcmd
IMAGE FILENAME: A121078-5059.tif
IMAGE WIDTH: 2388
IMAGE HEIGHT: 3864
</xenoData>
  </teiHeader>
  <text>
    <body>
      <div>
        <p>
          <lb/>1367
          <lb/>(der gelept hat, als man zalt D. ( CCCC. LXX. jar.) uber die
          <lb/>furnempsten Euangelia und Epi- [I steln des gantzen jars,
          <lb/>ausz den heyligen alten Marterern vnd ler-! ern der Christ¬
          <lb/>lichen kirchen, nämlich, Crigene, Hieronymo, Chry¬
          <lb/>sostomo... mit klarer kürtze zu nutz Christenlicher!! kirchen
          <lb/>1
          <lb/>zusamen getragen, vnnd als ein vnpartheyisch buch ! für dise
          <lb/>zeit newlich ausz dem Latein verteutschet.
          <lb/>Marque typ. de Crato Mylius qui manque chez H. &amp;amp;B.
          <lb/>(Verso blanc.)
          <lb/>A la fin : Getruckt zu Straszburg bey Crafft Müller von
          <lb/>Schletzstatt, vnd geendet vff den zehenden tag Augusti, im
          <lb/>jar M. D. XXXVI.
          <lb/>Au verso marque typ. de Crafft Müller. (H. &amp;amp; B. Planche
          <lb/>XXVI, N° I.)
          <lb/>In-fol., car, goth., 20 ff. non ch., 296 ff. ch., titre courant, réclames,
          <lb/>notes marg., très grandes init. P. S. I. D. avec scènes de l’Évangile.
          <lb/>fol. 4P non ch. : gravure sur bois d’une page entière : Jésus à la croix,
          <lb/>sous la croix, sa mère et l’apôtre Jean, au fond la ville de Jérusalem.
          <lb/>En outre 39 belles gravures sur bois, se rapportant à l’Évangile,
          <lb/>exécutées par Hans Schäufelin; presque toutes portent son monogramme.
          <lb/>fol. 2a non ch. : Den Ersamen... Herrn Peter!! und Josten Büflern
          <lb/>gebrüdern, Burgern zû Jsna! im Algaw wünschet D. Caspar Hedio,)
          <lb/>Gnad, frid... — Caspar Hedio Doctor im !! Münster zû Straszburg. (4 pp.)
          <lb/>fol. aa la non ch. : Summarium vnd gekürtzter furnemmer innhalt
          <lb/>der Euangelien und Epistlen... zûm ge- Il brauch der kirchen diener,
          <lb/>durch Doctor Casparn !! Hedion zûsamen geschriben, und zma- Il ragdo
          <lb/>angehanckt. (30 pp. à 2 col.).
          <lb/>fol. dd 4a non ch. : Das leben Zmaragdi durch Joannem!! Tritemium,
          <lb/>Abt zû Spanheim, !! beschriben.
          <lb/>Au verso: Vorred Zmaragdi...
          <lb/>R. 10.431. Prov. : Spirgatis, Leipzig, 1/XII, 1892; 12 M. 60.
          <lb/>2153
          <lb/>SOCRATES Scholasticus. Historia Ecclesiastica. Voir: HEDIO
          <lb/>Caspar, Chronica der alten christlichen Kirchen.
          <lb/>Strasbourg, W. Köpfel, 1545 &amp;amp; 1558 et Haguenau, Gran, 1506
          <lb/>SOMNIA Danielis. Voir: DANIEL.
          <lb/>SONNEN-UHR. Voir: SUMMARI-BUECHLEIN.
          <lb/>Strasbourg, Christian Müller, 1559
          <lb/>SOPHER Gervasius
          <lb/>Strasbourg, J. Grüninger, 1508
          <lb/>Henrici Qvarti Ro. Imperatoris bellum contra Saxones
          <lb/>Heroico (] carmine descriptum.
          <lb/>Epistolium Beati Rhenani cum versibus Bap. Mantua.
          <lb/>contra erro-I] rem cuiusdam Fraticelli de Ger- manis &amp;amp; Gallis.
        </p>
      </div>
    </body>
  </text>
</TEI>
