<?xml version='1.0' encoding='UTF-8'?>
<?xml-model href="https://raw.githubusercontent.com/OpenITI/tei_openiti/master/tei_openiti.rng" type="application/xml" schematypens="http://relaxng.org/ns/structure/1.0"?>
<?xml-model href="https://raw.githubusercontent.com/OpenITI/tei_openiti/master/tei_openiti.rng" type="application/xml" schematypens="http://purl.oclc.org/dsdl/schematron"?>
<TEI xmlns="http://www.tei-c.org/ns/1.0">
  <teiHeader>
    <fileDesc>
      <titleStmt>
        <title/>
      </titleStmt>
      <publicationStmt>
        <p/>
      </publicationStmt>
      <sourceDesc>
        <p/>
      </sourceDesc>
    </fileDesc>
    <profileDesc>
      <calendarDesc>
        <calendar xml:id="ah">
          <p>Anno Hegirae</p>
        </calendar>
      </calendarDesc>
    </profileDesc>
    <xenoData xml:space="preserve">
CREATED: 2024-04-11T12:19:56.536260+00:00
CREATED BY: eScriptorium vpassthistobuildcmd
IMAGE FILENAME: A121078-5199.tif
IMAGE WIDTH: 2362
IMAGE HEIGHT: 3860
</xenoData>
  </teiHeader>
  <text>
    <body>
      <div>
        <p>
          <lb/>1509
          <lb/>fol. A 6 : Servij Mauri Honorati grammatici in Bucolica Maronis com¬
          <lb/>mentariorum Liber.
          <lb/>Vers la fin du Carmen Brant dit : ... vt has nostras quas pinximus
          <lb/>ecce tabellas !! Virgilio : charas tu quoque habere velis.
          <lb/>R. 10.024. Prov. : Bibl. Charles Schmidt, 1874. Notes mss.
          <lb/>Dans le catalogue CXXVII de la librairie Cohn à Berlin, 1879 on offre
          <lb/>un exemplaire pour 343 fr. 75; le 4 mai 1914 on offrit à la BN de Strasbourg
          <lb/>l’exemplaire de O. Rauthe, Berlin, pour 275 Marks.
          <lb/>Kristeller 99; Proctor II, Sectio I, N° 9888: Londres, British Museum;
          <lb/>Schmidt I, N° 60: BM Colmar et son exemplaire, qui se trouve maintenant
          <lb/>à la BN de Strasbourg; Ritter, BM Strasbourg, N° 2173.
          <lb/>Brunet V, 1277 : de beaux exemplaires de ce livre ont été quelquefois
          <lb/>payés de 48 à 60 fr.
          <lb/>Baer, Francfort-s.-M., Catalogue 500 (1907), No 872; 400 M. : « Mit
          <lb/>214 prächtigen Holzschnitten, wovon 211 verschiedene».
          <lb/>2411
          <lb/>VIRGILIUS MARO Publius
          <lb/>Strasbourg, J. Knobloch, 1508
          <lb/>Georgicorum. P. Wir gilii Maronis libercum nouo
          <lb/>commentarioHermanni Torrentini. (3 dist.)
          <lb/>A la fin : Impressum Argen-ne per Ioannem Knob!
          <lb/>louch. Anno domi- ni. M. D. VIII. (Verso blanc.)
          <lb/>In-4°, car, rom., LXXXI ff. ch., 4 ff. non ch. à 3 col. (Index.), titre
          <lb/>courant, notes marg., init. d’attente G.
          <lb/>R. 101.812. Prov. : Rosenthal, Munich, 20/xII, 1884; 6 M.
          <lb/>Schmidt VII, N° 51.
          <lb/>2412
          <lb/>VIRGILIUS Maro Publius
          <lb/>Strasbourg, J. Knobloch, 1509
          <lb/>P. Wergilii Maronis Aene! is cum familiari expositione.
          <lb/>Annexo quoque vocabulorum in!! dice iuxta seriem alphabeti.
          <lb/>(Verso blanc.)
          <lb/>A la fin: Iohannes knoblouch ciuis Argentinensis impressit
          <lb/>v. kal. Aprilis. Anno salutis Christiane. M. d. IX. (Verso blanc.)
          <lb/>In-4°, car. rom., CCCXC ff. ch., 1 f. blanc et 5 ff. non ch. (Index à
          <lb/>3 col.), titre courant, notes marg., init. d’attente.
          <lb/>fol. A 2a: Io Schottus Argen. lectori...
          <lb/>R. 101.932. Prov. inconnue. Notes mss.
          <lb/>Schmidt VII, No 57, dit par erreur 30 ff. num. au lieu de 390.
          <lb/>2413
          <lb/>VIRGILIUS Maro Publius
          <lb/>Strasbourg, J. Knobloch, 1510
          <lb/>Bucolica P. Wirgilii Maronis cum Werbo! rum contextu
          <lb/>in poetices ty runculorum subleuamen per!! Hermannum
          <lb/>torrentinum triuia! li stilo familiariter discussa.
          <lb/>Virgilius de seipso. (3 dist.) Idem (1 dist.). Verso blanc.
          <lb/>A la fin: Impressum Argen tine per Ioannem Knob¬
          <lb/>louch. Anno domi- I] ni. M. D. X.
        </p>
      </div>
    </body>
  </text>
</TEI>
