<?xml version='1.0' encoding='UTF-8'?>
<?xml-model href="https://raw.githubusercontent.com/OpenITI/tei_openiti/master/tei_openiti.rng" type="application/xml" schematypens="http://relaxng.org/ns/structure/1.0"?>
<?xml-model href="https://raw.githubusercontent.com/OpenITI/tei_openiti/master/tei_openiti.rng" type="application/xml" schematypens="http://purl.oclc.org/dsdl/schematron"?>
<TEI xmlns="http://www.tei-c.org/ns/1.0">
  <teiHeader>
    <fileDesc>
      <titleStmt>
        <title/>
      </titleStmt>
      <publicationStmt>
        <p/>
      </publicationStmt>
      <sourceDesc>
        <p/>
      </sourceDesc>
    </fileDesc>
    <profileDesc>
      <calendarDesc>
        <calendar xml:id="ah">
          <p>Anno Hegirae</p>
        </calendar>
      </calendarDesc>
    </profileDesc>
    <xenoData xml:space="preserve">
CREATED: 2024-04-11T12:19:50.100195+00:00
CREATED BY: eScriptorium vpassthistobuildcmd
IMAGE FILENAME: A121078-5039.tif
IMAGE WIDTH: 2404
IMAGE HEIGHT: 3862
</xenoData>
  </teiHeader>
  <text>
    <body>
      <div>
        <p>
          <lb/>1347
          <lb/>fol. a 3a : Senece leben und sterben. D’après Ebert II, p. 762, N° 20909,
          <lb/>première trad. allemande.
          <lb/>R. 10.021. Prov. : Don de Fid. Butsch fils, antiquaire à Augsbourg.
          <lb/>Ritter, Catal. BM Strasbourg n° 1909 ; Baer, Francfort-s.-M., Cata¬
          <lb/>logue 500 (1907), N° 1408.
          <lb/>2115
          <lb/>SENECA Lucius Annaeus
          <lb/>Strasbourg, Balth. Beck, 1540
          <lb/>Senece des Hochbe-rümpten Philosophi zuchtbücher!
          <lb/>vast dienstlich vnd nutzlich zu lesen, allen menschen in
          <lb/>was würden vnd stand sy jha seyen. Dann hie-rinn finden
          <lb/>die Fürsten vnd Oberherrn von wemm sy! jren gwalt haben,
          <lb/>vnnd wie der selb gegen den vn-derthonen zu brauchen sey,
          <lb/>damitt die Oberkeyt in ehren, vnd die vndertho-n in
          <lb/>glücklicher wolfart erhalten werden... (suivent 12 lignes).
          <lb/>Durch Michael Herr, der freyen künst!! vnd artzney Doctor.
          <lb/>&amp;amp; ins Teütsch bracht.Innhalt vnd der sundern vnd abgetheyl¬
          <lb/>ten bücher, findestu!! am end des ersten Dritterns.
          <lb/>Straszburg. M. D. xL. (Verso blanc.).
          <lb/>A la fin avant le registre : Getruckt zu Strassburg bey
          <lb/>Balthassar Beck, undvollendet am ersten tag des herbst¬
          <lb/>monats. !! Anno M. D. xxxvi.
          <lb/>Réimpression de l’édition de 1536.
          <lb/>In-4°, car. goth., 6 ff. non ch., CCXLIIII ff. ch., 6 ff. non ch. et 1 f.
          <lb/>blanc, titre courant, réclames, init. F.
          <lb/>fol. a 2b :... Herrn Ferdinando, Römischem, auch zû Hungern vnd
          <lb/>Böhem Künige. — Geben zû Strassburg am XXX. tag Augusti
          <lb/>M. D. XXXVI... Michael Herr. (Préface.)
          <lb/>fol. a 5a : Senece leben vnd sterben.
          <lb/>R. 10.022. Prov. : Kubasta &amp;amp; Voigt, Vienne, 17/x, 1882; 10 M.
          <lb/>2116
          <lb/>SENECA Lucius Annaeus
          <lb/>Strasbourg, A. Bertram, 1599.
          <lb/>L. Annaei Senecae! Cortvbensis hercules! Furens.
          <lb/>In usum thea- tri Argentinensis separatim editus &amp;amp; publicè
          <lb/>exhibi- Il tus, Anno M. D. XCIX. mense Iulio. (Vignette).
          <lb/>Argentorati!! Excudebat Antonius Bertramus.
          <lb/>In-8°, car. ital., 59 pp. ch., 2 ff. blancs, titre courant, réclames, notes
          <lb/>marg.
          <lb/>Au verso du titre: tragoediae in- ] terlocutores.
          <lb/>R. 102.302 (2). Prov. : K. Theod. Völcker, Francfort-s.-M., 3/x, 1900;
          <lb/>12 M.
          <lb/>2117
          <lb/>SENIOR PHILOSOPHUS. Voir: LIBELLUS de Chemia.
          <lb/>Strasbourg, S. Emmel, vers 1560
          <lb/>SEQUENTIAE
          <lb/>Strasbourg, J. Knobloch, 1516
          <lb/>Sequentie de tem !l pore &amp;amp; sanctis per to-tum annum.
          <lb/>Anno domini. M. D. XVI. (Verso blanc.).
        </p>
      </div>
    </body>
  </text>
</TEI>
