<?xml version='1.0' encoding='UTF-8'?>
<?xml-model href="https://raw.githubusercontent.com/OpenITI/tei_openiti/master/tei_openiti.rng" type="application/xml" schematypens="http://relaxng.org/ns/structure/1.0"?>
<?xml-model href="https://raw.githubusercontent.com/OpenITI/tei_openiti/master/tei_openiti.rng" type="application/xml" schematypens="http://purl.oclc.org/dsdl/schematron"?>
<TEI xmlns="http://www.tei-c.org/ns/1.0">
  <teiHeader>
    <fileDesc>
      <titleStmt>
        <title/>
      </titleStmt>
      <publicationStmt>
        <p/>
      </publicationStmt>
      <sourceDesc>
        <p/>
      </sourceDesc>
    </fileDesc>
    <profileDesc>
      <calendarDesc>
        <calendar xml:id="ah">
          <p>Anno Hegirae</p>
        </calendar>
      </calendarDesc>
    </profileDesc>
    <xenoData xml:space="preserve">
CREATED: 2024-04-11T12:20:02.401526+00:00
CREATED BY: eScriptorium vpassthistobuildcmd
IMAGE FILENAME: A121078-5330.tif
IMAGE WIDTH: 2400
IMAGE HEIGHT: 3840
</xenoData>
  </teiHeader>
  <text>
    <body>
      <div>
        <p>
          <lb/>1640
          <lb/>55, 57, 60, 67, 116, 261, 3, 5, 7,
          <lb/>Witgenstein, Ludovicus (Comes Han¬
          <lb/>274, 6, 280, 1, 2, 6, 9, 293, 4, 8, 9,
          <lb/>vicus), 1970.
          <lb/>302, 3, 327, 8, 377, 9, 448, 674,
          <lb/>Withof, Joh. Hildebrand (anc. poss.
          <lb/>718, 726, 742, 9, 1034, 1070, 2245,
          <lb/>1745), 924.
          <lb/>2271, 2461b.
          <lb/>Witichius, 331.
          <lb/>Wier, J., 221, 3.
          <lb/>Witner, Christophorus, 2008.
          <lb/>Wieslöch, Carolus (anc. poss.), 2042.
          <lb/>Witte, Charles (Halle, anc. poss.
          <lb/>Wigand, Joh., 2463.
          <lb/>1871), 1331.
          <lb/>Wilandina Elisabetha filia Thomae
          <lb/>Wittenberg, BU, 264.
          <lb/>Wilandii, 1586), 2003.
          <lb/>Wittig, Yvon (Chanoine, Mayence),
          <lb/>Wilandius Thomas (Consiliarius et
          <lb/>1372.
          <lb/>Praefectus Com. Salm. Neoburgici
          <lb/>Witzleben, Henricus, 182, 512, 2092,
          <lb/>ad Oenum 1586), 2003.
          <lb/>4, 6.
          <lb/>Wilbur, Morse (Earl), 2120.
          <lb/>Wohlgemuth, M., 1983.
          <lb/>Wild, Godofredus, 2236.
          <lb/>Wohlwerth, 1464.
          <lb/>Wildeck, Hans von, genannt, War¬
          <lb/>Wolckenstein, David, 851.
          <lb/>mont, 1488.
          <lb/>Wolf, Conrad (Bellersheimensis), 697.
          <lb/>Wiler, Franciscus, 2489.
          <lb/>Wolf, Cosmas (Haslach, Canonicus,
          <lb/>Wilhelm (évêque de Strasbourg), 972,
          <lb/>1507), 187, 2482.
          <lb/>985. 1582, 2464, 5.
          <lb/>Wolf, Heinrich (Dr. medicinae, Nürn¬
          <lb/>Wilhelm, Herzog in Bayern, 1806.
          <lb/>berg, 1576), 2409.
          <lb/>Wilhelm (Graf zu Eisenberg und
          <lb/>Wolf, Henricus, 188.
          <lb/>Budingen), 110.
          <lb/>Wolf, Hieronymus (1579), 2235.
          <lb/>Wilhelm (Graf zu Fürstenberg), 1093.
          <lb/>Wolf, Hieronymus (Oetingensis), 1429,
          <lb/>Wilhelm (Graf zu Nassau), 364, 1097.
          <lb/>1640.
          <lb/>Wilhelm (Graf zu Newen Ar), 364.
          <lb/>Wolf Joh. (Hersbrugiensis), 2500.
          <lb/>Wilhelm (Herr zu Rappolstein, Land¬
          <lb/>Wolf, Thomas junior, 104, 130, 131,
          <lb/>vogt in Ober-Elsass), 943.
          <lb/>132, 138, 139, 140, 143, 149, 163,
          <lb/>Willichius, Jodocus (Resellianus),
          <lb/>165, 187, 959, 964, 1004, 1042,
          <lb/>2466-68.
          <lb/>1091, 2, 1624, 1858, 2255, 2472,
          <lb/>Wimpheling, 6, 9, 16, 37, 124, 127, 130,
          <lb/>4, 8, 9, 2484, 6, 2501.
          <lb/>131, 132, 138, 139, 140, 144, 149, 150,
          <lb/>Wolf frères (Strasbourg), 1351, 1599.
          <lb/>Wolfenbüttel (Bibl. Augustana), 263,
          <lb/>187, 190, 2, 270, 477, 542, 544-47,
          <lb/>664, 5, 706, 8, 714, 751, 761, 774, 9,
          <lb/>4, 9, 278, 329, 354, 999, 1232, 4,
          <lb/>838, 947, 9, 958, 963, 980, 7, 1003,
          <lb/>1767, 2268, 2461b.
          <lb/>7, 1042, 3, 1058, 1064, 1120, 1134,
          <lb/>Wolffhardt, P. D. Bartholomaeus, 837.
          <lb/>1204, 7, 1214, 1239, 1407, 1508a,
          <lb/>Wolffhardt, D. Ulricus, 837.
          <lb/>1602, 1624, 1631, 6, 1662, 1869,
          <lb/>Wolfgang, (Dux Bavariae 1539), 2201.
          <lb/>1872, 8, 1899, 2021, 2099, 2154,
          <lb/>Wolfgang, Comes in Castel, 902.
          <lb/>2255, 2469-98, 2511.
          <lb/>Wolfgang, (Comes in Loewenstein),
          <lb/>Winckel, Joh. (de Hallis, Ord. Prae¬
          <lb/>2471.
          <lb/>dicatorum), 2324, 2499.
          <lb/>Wolfgang, (Comes à Solms), 1801.
          <lb/>Winckelsteiner, Hans (zu Freiburg
          <lb/>Wolfgang, Pfalzgraf (bei Rhein 214,
          <lb/>im Uchtland), 1785.
          <lb/>216, 1481.
          <lb/>Windberg. Voir : Monastères.
          <lb/>Wolfgang von Seebach, 2389a.
          <lb/>Windprecht, J. (Augsbourg, anc.
          <lb/>Wolfgang, Theodoricus (Archiepisco¬
          <lb/>pus Salisburgensis), 1647.
          <lb/>poss. 1870), 471, 1250, 1805.
          <lb/>wolfius, v., 2165.
          <lb/>Winkel, Joh. (Joh. Richardus), 1558.
          <lb/>Wolfram von Eschenbach, 1123.
          <lb/>Winshemius, Joh., 2336.
          <lb/>Wolterdorf, Christianus (Pastor apud
          <lb/>Winter, Joh. Voir : Gunter Joh.
          <lb/>Soltwedelienses ad S. Catharinam,
          <lb/>Wippenhoff, Joh. Georg. Conr. (anc.
          <lb/>anc. poss. 1835), 2012.
          <lb/>poss. 1731), 784.
          <lb/>Wolterdorf, Godofredus (apud Soltwe¬
          <lb/>Wiriot,Nicolas (impr. Strasbourg),
          <lb/>delienses ad S. Mariae Minister,
          <lb/>228, 9, 393, 4, 6, 7, 450, 452-4,
          <lb/>anc. poss., 1835), 2012.
          <lb/>611-613, 641, 806, 903, 1169, 1561,
          <lb/>Wormser, Bernhard, 1697.
          <lb/>1668, 1735, 1755, 1756, 1781, 1923,
          <lb/>Wormser, Jacobus (1565), 2212, 2237,
          <lb/>2080, 2225, 8, 2231, 2, 2234, 5,
          <lb/>2241.
          <lb/>2520.
          <lb/>Woerner, E. (anc. poss. 1860), 2129.
          <lb/>Witchin, Antonius, 157; — Witchin,
          <lb/>Woernher, Joh. (Baro in Morsperg et
          <lb/>Georgius Adalbertus, 157.
          <lb/>Befordt), 1601.
        </p>
      </div>
    </body>
  </text>
</TEI>
