<?xml version='1.0' encoding='UTF-8'?>
<?xml-model href="https://raw.githubusercontent.com/OpenITI/tei_openiti/master/tei_openiti.rng" type="application/xml" schematypens="http://relaxng.org/ns/structure/1.0"?>
<?xml-model href="https://raw.githubusercontent.com/OpenITI/tei_openiti/master/tei_openiti.rng" type="application/xml" schematypens="http://purl.oclc.org/dsdl/schematron"?>
<TEI xmlns="http://www.tei-c.org/ns/1.0">
  <teiHeader>
    <fileDesc>
      <titleStmt>
        <title/>
      </titleStmt>
      <publicationStmt>
        <p/>
      </publicationStmt>
      <sourceDesc>
        <p/>
      </sourceDesc>
    </fileDesc>
    <profileDesc>
      <calendarDesc>
        <calendar xml:id="ah">
          <p>Anno Hegirae</p>
        </calendar>
      </calendarDesc>
    </profileDesc>
    <xenoData xml:space="preserve">
CREATED: 2024-04-11T12:19:58.658127+00:00
CREATED BY: eScriptorium vpassthistobuildcmd
IMAGE FILENAME: A121078-5259.tif
IMAGE WIDTH: 2404
IMAGE HEIGHT: 3862
</xenoData>
  </teiHeader>
  <text>
    <body>
      <div>
        <p>
          <lb/>In-4°, car. goth., 16 ff. non ch., sign. A-D, titre courant, réclames, notes
          <lb/>marg., titre encadré. (Voir reproduction p. 1568).
          <lb/>&amp;quot;R. 102.312. Prov. : Bibl. Böcking.
          <lb/>Bibl. St.-Guillaume, Strasbourg; Ritter, BM Strasbourg, No 2268.
          <lb/>Manque chez Schmidt.
          <lb/>Bibhographie de Math. Zell : Schottenloher II, Nos 22928-22934.
          <lb/>2513
          <lb/>ZELL Mathaeus
          <lb/>-7
          <lb/>Strasbourg, W. Köpfel, 1523
          <lb/>Ehristeliche
          <lb/>verãt? vortũg pb. Pat
          <lb/>tbes Sell von Reyserßberg Dfar¬
          <lb/>berts onò preoigers im Ounster zũ
          <lb/>Strafburq, pber Artictel im vom
          <lb/>Dischóffsichem Fiscal daselbs
          <lb/>entgegen gesent /onnò im
          <lb/>rechten vbergeben,
          <lb/>Myeriñ finoest Euãge
          <lb/>lischer leer gruinòrliche vertlerunq
          <lb/>vnd reylicbe Sericht ourch gòtrlich
          <lb/>geschaifft /gar nabe aller sach¬
          <lb/>en so yen in reden vnò dis:
          <lb/>putation seinò.
          <lb/>W. D. rriuj.
          <lb/>1569
          <lb/>A2
          <lb/>3
          <lb/>R. 99
        </p>
      </div>
    </body>
  </text>
</TEI>
