<?xml version='1.0' encoding='UTF-8'?>
<?xml-model href="https://raw.githubusercontent.com/OpenITI/tei_openiti/master/tei_openiti.rng" type="application/xml" schematypens="http://relaxng.org/ns/structure/1.0"?>
<?xml-model href="https://raw.githubusercontent.com/OpenITI/tei_openiti/master/tei_openiti.rng" type="application/xml" schematypens="http://purl.oclc.org/dsdl/schematron"?>
<TEI xmlns="http://www.tei-c.org/ns/1.0">
  <teiHeader>
    <fileDesc>
      <titleStmt>
        <title/>
      </titleStmt>
      <publicationStmt>
        <p/>
      </publicationStmt>
      <sourceDesc>
        <p/>
      </sourceDesc>
    </fileDesc>
    <profileDesc>
      <calendarDesc>
        <calendar xml:id="ah">
          <p>Anno Hegirae</p>
        </calendar>
      </calendarDesc>
    </profileDesc>
    <xenoData xml:space="preserve">
CREATED: 2024-04-11T12:19:51.707046+00:00
CREATED BY: eScriptorium vpassthistobuildcmd
IMAGE FILENAME: A121078-5075.tif
IMAGE WIDTH: 2372
IMAGE HEIGHT: 3860
</xenoData>
  </teiHeader>
  <text>
    <body>
      <div>
        <p>
          <lb/>1383
          <lb/>SPIEGEL Jacobus
          <lb/>Strasbourg, J. Schott, 1541
          <lb/>Lexicon!! Iuris!! Civilis. Iterum ab ipso recognitum,
          <lb/>&amp;amp; denuò plerisque in locis, additis nouis, con- I] scriptum:
          <lb/>adeò, ut &amp;amp; nunc ]] quoque aliud, ob tantae accessionis!
          <lb/>lucrum, uideri possit.
          <lb/>Imp. Aug. Carolus. v. Omnibus interdixit, Ab huius
          <lb/>Lexici Impressione, Venditionéue, ] intra fines Rom. Imp.
          <lb/>abstinere.
          <lb/>Au-dessous : Enseignes de la famille Schott, encadré de
          <lb/>l’inscription suivante. Au haut : Insigne Schottorum Familiae,
          <lb/>à droite : ab Friderico Rom. Imp. III. Io. Mente; au bas:
          <lb/>Lin. (Mentelin) primo Typographiae Inuentore, &amp;amp;c Suis
          <lb/>concessum; à gauche : Anno Christi, Millesimo Quadringen¬
          <lb/>tesimo. Sexagesimo sexto.
          <lb/>Au bas : Argentorati : J. Ioann.Schottus excudebat.
          <lb/>M. D. XLI.
          <lb/>In-fol., car. rom., 2 col., 430 ff. non ch., sign. a-z, aa-zz, Aa-Zi, aaa-rrr,
          <lb/>(De fol. Ill 5a les colonnes sont ch. de 4-128), titre courant, réclames.
          <lb/>quelques init. ornées.
          <lb/>Au verso du titre : Eiusdem Reliqua!! Quae Lexico accessere (15 titres
          <lb/>différents).
          <lb/>fol. a 2a : Praefatio (comme au n° précédent).
          <lb/>L’Ode de Sapidus du verso de l’avant-dernier f. de l’édition de 1538
          <lb/>manque, elle est remplacée par une lettre de l’imprimeur au lecteur:
          <lb/>Io. Schotti Typographi Argentorat. ! ad Lectorem xœpsívsots... !
          <lb/>M. D. XLI. Attribue l’invention de l’imprimerie à son grand-père
          <lb/>Mentelin.
          <lb/>&amp;quot;R. 10.250. Prov. : BM Breslau, 8/VII, 1886.
          <lb/>Au verso du titre Timbre : « Doublette de la BM de Breslau».
          <lb/>Cette édition manque dans le Répertoire de Schmidt, vol. II et dans
          <lb/>le Supplément de Schott.
          <lb/>2185
          <lb/>SPITTAL BUCH. Voir: PARACELSUS, 1562.
          <lb/>SPRETER Johannes
          <lb/>Strasbourg, Sig. Bun, 1539
          <lb/>Klarer vnnd gantz gründtlicher bericht, Was von Frei¬
          <lb/>em vnd Eygnem willem, Widergeburt des Men- [] schens,
          <lb/>Gottes forcht, Fürsehung, Beruff-ung vnd Ordnung Gotts
          <lb/>zuhalten vnd darmit zuhandlen sei. Auch wie sich !] der
          <lb/>Mensch deren gamäsz machen!! soll vnd mög, Durch schrifft-]
          <lb/>liche zeügnusz genug-]sam bewisen. Joannes Spreter.
          <lb/>Job xvij. (Texte de 3 lignes.)
          <lb/>M. D. xxxix. (Verso blanc.)
          <lb/>A la fin : Gedruckt zu Straszburg, bei Sigmund Bun &amp;amp;c.
          <lb/>M. D. xxxiX. (Verso blanc.)
          <lb/>In-4°, car. goth., 22 ff. non ch., sign. A-F, réclames, notes marginales.
        </p>
      </div>
    </body>
  </text>
</TEI>
