<?xml version='1.0' encoding='UTF-8'?>
<?xml-model href="https://raw.githubusercontent.com/OpenITI/tei_openiti/master/tei_openiti.rng" type="application/xml" schematypens="http://relaxng.org/ns/structure/1.0"?>
<?xml-model href="https://raw.githubusercontent.com/OpenITI/tei_openiti/master/tei_openiti.rng" type="application/xml" schematypens="http://purl.oclc.org/dsdl/schematron"?>
<TEI xmlns="http://www.tei-c.org/ns/1.0">
  <teiHeader>
    <fileDesc>
      <titleStmt>
        <title/>
      </titleStmt>
      <publicationStmt>
        <p/>
      </publicationStmt>
      <sourceDesc>
        <p/>
      </sourceDesc>
    </fileDesc>
    <profileDesc>
      <calendarDesc>
        <calendar xml:id="ah">
          <p>Anno Hegirae</p>
        </calendar>
      </calendarDesc>
    </profileDesc>
    <xenoData xml:space="preserve">
CREATED: 2024-04-11T12:19:59.588714+00:00
CREATED BY: eScriptorium vpassthistobuildcmd
IMAGE FILENAME: A121078-5280.tif
IMAGE WIDTH: 2436
IMAGE HEIGHT: 3858
</xenoData>
  </teiHeader>
  <text>
    <body>
      <div>
        <p>
          <lb/>1590
          <lb/>Calopedius, Stephanus, 700.
          <lb/>Carniolanus. Voir: Gumbrecht.
          <lb/>Calpurnius, Titus (Siculus), 403.
          <lb/>Carolus V (empereur), 35, 115, 216,
          <lb/>Calvin Joh. (Alcuinus), 33, 35, 299,
          <lb/>242, 3, 305, 331, 332, 362, 575, 606,
          <lb/>377, 404-417, 1904, 2057.
          <lb/>607, 703, 768, 802, 941, 900, 986,
          <lb/>Calvisianus, Thomas, 1853.
          <lb/>1053, 1065, 1335, 1419, 1506, 1585,
          <lb/>Calvo, Andreas (Mediolanensis), 1414.
          <lb/>1610, 1892, 1919, 2051, 2, 4, 2128,
          <lb/>Camaldulensis, Ambrosius, 695.
          <lb/>9, 2131, 2139, 2142-48, 2150, 2183,
          <lb/>Cambanus, Joh. Ant., 90, 2.
          <lb/>85, 2361, 2469.
          <lb/>Cambridge, B. U., 325, 7, 726, 741,
          <lb/>Carolus (Cardinal, Herzog zu Lothrin¬
          <lb/>2068.
          <lb/>gen, Bischof von Metz 1592), 946.
          <lb/>Camerarius, Joachim (Papergensis),
          <lb/>Carolus, Markgraf zu Baden und
          <lb/>309, 418-422, 800, 1192, 1342,
          <lb/>Hornberg, 1211.
          <lb/>2004, 2155, 2204, 2318, 2319.
          <lb/>Carolus, B. (baron à Kittlitz), 1295,
          <lb/>Camerarius, Joh. (Dalburgus), 830.
          <lb/>1299.
          <lb/>Camerer, Friedrich, 192.
          <lb/>Carolus, Adamus (Reg. Ferdinandi in
          <lb/>Camerinus. Voir : Camers.
          <lb/>aula Praefectus, 1538), 504, 514,
          <lb/>Cammerlander, Jacques (impr. Stras¬
          <lb/>523, 528, 535, 2183, 4.
          <lb/>bourg), 30, 1, 249, 298, 300, 446, 7,
          <lb/>Carolus, Joh., 184.
          <lb/>501, 571, 4, 881, 898, 1012, 1269,
          <lb/>Caros, Casparus (Sufraganeus Bru¬
          <lb/>1339, 1404, 1459, 1595, 1623, 1670,
          <lb/>1919, 1927, 1930, 2030, 2050, 4,
          <lb/>nensis), 1967.
          <lb/>Carrichter, Bartholomaeus (médecin
          <lb/>2064, 2090, 8, 2108, 2187, 2251,
          <lb/>de l’empereur Maximilien II), 459-
          <lb/>2355, 2366, 2377, 8, 2408.
          <lb/>463, 587, 1806.
          <lb/>Camers, Joh. (Ord. Minorum, Vienne),
          <lb/>Caesarimontan (Keysersberg). Voir:
          <lb/>50, 1887.
          <lb/>Camers, Theodorus, 1887.
          <lb/>Monastères.
          <lb/>Caselius, Georgius, 436.
          <lb/>Campanus, Joh. Voir : Henricus de,
          <lb/>Caselius, Joh. 196, 1654.
          <lb/>Hassia.
          <lb/>Cassianus Bassus. Voir : Bassus.
          <lb/>Campanus, Joh. Antonius, 90, 93, 94,
          <lb/>Cassianus, Joh. (Constantinopolitanus
          <lb/>95, 97, 98, 1134.
          <lb/>Diaconus), 465.
          <lb/>Canacia, Franciscus (Principis Ludo¬
          <lb/>Cassinis, Samuel de, 344, 6.
          <lb/>vici Consiliarius, Astensisque vica¬
          <lb/>Cassiodorus, 1175.
          <lb/>rius generalis), 2426.
          <lb/>(Castelli), Adrianus (Cardinal), 12.
          <lb/>Candidus, Pantaleon (Austriacus),
          <lb/>Castner, Joh. (medicus Amburgensis,
          <lb/>423.
          <lb/>anc. poss.), 1547.
          <lb/>Canisius, 1485.
          <lb/>Castriotus, Georgius, 152.
          <lb/>Cantacusene, 2129.
          <lb/>Castro, Alphonsus de, 2070.
          <lb/>Cantalycius, Joh. Baptista (Pinnensis
          <lb/>Catharina, reine d’Angleterre, 793.
          <lb/>et Adriensis Episcopus), 424.
          <lb/>Catherine de Saxe, 2025, 6.
          <lb/>Caoursin, Guillaume, 7, 427.
          <lb/>Catilina, 1623, 2060-2065.
          <lb/>Capella, Galleacius, 428-9, 703.
          <lb/>Cato, Dionysius, 469-472.
          <lb/>Capher, Christophorus (anc. poss.),
          <lb/>Cato (Major), 486, 522, 1624.
          <lb/>2183.
          <lb/>Cancius, Antonius, 473.
          <lb/>Capito, Nicolaus (Medicus, Stras¬
          <lb/>Cayot, 1162.
          <lb/>bourg), 658.
          <lb/>Cebes (Thebanus), 104.
          <lb/>Capiton, Wolfgang, 353, 361, 368,
          <lb/>Cellarius. Voir: Keller, Georges.
          <lb/>430-444, 670, 786, 1073, 1091,
          <lb/>Celle (Ministerial-Bibliothek), 328.
          <lb/>1663, 1665, 2105, 2204.
          <lb/>Cellius, Erhardus (Prof. Tübingen),
          <lb/>Capnio. Voir : Reuchlin.
          <lb/>903.
          <lb/>Capreolus, Helias (Brixianus), 445.
          <lb/>Celsus, Aurelius Cornelius, 474, 1659,
          <lb/>Carani, Lelius, 864.
          <lb/>2015, 2037.
          <lb/>Carburgh à Carbenstein, Ludovicus
          <lb/>Celtis, Conrad, 324, 1248.
          <lb/>Mauritius (anc. poss. 1709), 967.
          <lb/>Cephaleus. Voir : Köpfel.
          <lb/>Carchesius, Antonius, 1899.
          <lb/>Ceretes, Franciscus (Parmensis), 127,
          <lb/>Carendoletus, Carolus, 2427.
          <lb/>142.
          <lb/>Carion, Joh., 446-448.
          <lb/>Cervicornus, Eucharius (impr. Bâle),
          <lb/>Carletti. Voir: Angelus de Clavasio.
          <lb/>2388.
          <lb/>Carlsruhe B. M., 261, 6, 326, 734
          <lb/>César, Jules (empereur rom.), 464,
          <lb/>750, 8, 1115, 1280, 2173, 2239,
          <lb/>607, 1902, 2015.
          <lb/>2241.
          <lb/>Cesarius, Joh. 1269.
          <lb/>Carlstadt. Voir : Karlstadt.
          <lb/>Cesius, Paulus, 1051.
        </p>
      </div>
    </body>
  </text>
</TEI>
