<?xml version='1.0' encoding='UTF-8'?>
<?xml-model href="https://raw.githubusercontent.com/OpenITI/tei_openiti/master/tei_openiti.rng" type="application/xml" schematypens="http://relaxng.org/ns/structure/1.0"?>
<?xml-model href="https://raw.githubusercontent.com/OpenITI/tei_openiti/master/tei_openiti.rng" type="application/xml" schematypens="http://purl.oclc.org/dsdl/schematron"?>
<TEI xmlns="http://www.tei-c.org/ns/1.0">
  <teiHeader>
    <fileDesc>
      <titleStmt>
        <title/>
      </titleStmt>
      <publicationStmt>
        <p/>
      </publicationStmt>
      <sourceDesc>
        <p/>
      </sourceDesc>
    </fileDesc>
    <profileDesc>
      <calendarDesc>
        <calendar xml:id="ah">
          <p>Anno Hegirae</p>
        </calendar>
      </calendarDesc>
    </profileDesc>
    <xenoData xml:space="preserve">
CREATED: 2024-04-11T12:19:52.220672+00:00
CREATED BY: eScriptorium vpassthistobuildcmd
IMAGE FILENAME: A121078-5087.tif
IMAGE WIDTH: 2354
IMAGE HEIGHT: 3848
</xenoData>
  </teiHeader>
  <text>
    <body>
      <div>
        <p>
          <lb/>1395
          <lb/>In-8°, car. rom., 8 ff. non ch., 170 ff. ch. pour les deux premiers livres
          <lb/>et 124 ff. ch. pour les deux derniers, titre courant, réclames, notes marg.,
          <lb/>init. ornées D, B, M.
          <lb/>fol. A 2a : Michaeli et Bar !! tholomaeo Petreis, 1! Ioannes Sturmius...
          <lb/>— Argentorati pridie Idus !! Martij. Anno M. D. XXXIX. (Préface de
          <lb/>8 pp.).
          <lb/>Au verso du dernier f. même marque typogr. qu’au titre.
          <lb/>R. 101.220. Prov. : BM de Mayence en 1871.
          <lb/>Au milieu du titre : In usum pauperum studiosorum Moguntiae 1665.
          <lb/>Oxford, Bibl. Bodleiana.
          <lb/>2207
          <lb/>STURM Johannes
          <lb/>Strasbourg, W. Rihel, 1550
          <lb/>Libri Duo!! Ioannis Sturmii de Periodis Unus. Dionysii
          <lb/>Halli-] carnassaei de Collo-] catione Verborum! Alter.
          <lb/>Marque typ. de W. Rihel (H. &amp;amp; B. Planche XXIX, No 3;
          <lb/>Silvestre, No 740).
          <lb/>Au-dessous : ArgentoratiWendelinus Rihelius.
          <lb/>M. D. L. (Verso blanc.)
          <lb/>In-8°, car. ital. pour le premier, car. grecs pour le 2e traité; le premier
          <lb/>a 38 ff. non ch., sign. A-E, le second a 52 ff., titre courant, réclames, de
          <lb/>nombreuses init. d’attente.
          <lb/>fol. Aija, Ad illustrissimam D. D. Elizabetam Henrici Octaui Angliae
          <lb/>Regis Filiam Ioannes Sturmius de Periodis. (Préface, non datée.)
          <lb/>R. 100.022 (1). Prov. : Bibl. Ch. Schmidt avec son ex-libris. Au
          <lb/>verso du ler f. de garde: «Pugge amicissimo sui ad memoriam disputatio¬
          <lb/>num Argentinensium. Dr. G. Goerres».
          <lb/>Oxford, Bibl. Bodleiana.
          <lb/>Rosenthal, Munich, Catalogue 135 (1914), N° 2267.
          <lb/>2208
          <lb/>STURM Johannes. Voir : CICERO, Orationum volumina tria.
          <lb/>Strasbourg, W. Rihel, 1550
          <lb/>STURM Johannes, De educatione principum. Voir: HERESBACH,
          <lb/>De laudibus Graecarum literarum oratio.
          <lb/>Strasbourg, W. Rihel, 1551
          <lb/>STURM Johannes. Voir: CICERO, De officiis.
          <lb/>Strasbourg, W. Rihel, 1553
          <lb/>STURM Johannes
          <lb/>Strasbourg, W. Rihel, 1553
          <lb/>sem.!! De morte clarissimi et nobilissimi uiri D. Jacobi
          <lb/>Sturmij, ] odae etiam aliquae et epi- taphia de eodem.
          <lb/>Marque typ. de W. Rihel. (H. &amp;amp; B. Planche XXIX, No 3;
          <lb/>Silvestre, No 740.)
          <lb/>Argentorati excudebat Wende- linus Rihelius. Anno
          <lb/>M. D. LIII. (Verso blanc.)
          <lb/>In-4°, car. rom. et ital., 12 ff. non ch., sign. A-C, réclames, init. ornée E.
          <lb/>R. 102.320. Prov. : Donation Cunitz, 1886.
          <lb/>2209
        </p>
      </div>
    </body>
  </text>
</TEI>
