<?xml version='1.0' encoding='UTF-8'?>
<?xml-model href="https://raw.githubusercontent.com/OpenITI/tei_openiti/master/tei_openiti.rng" type="application/xml" schematypens="http://relaxng.org/ns/structure/1.0"?>
<?xml-model href="https://raw.githubusercontent.com/OpenITI/tei_openiti/master/tei_openiti.rng" type="application/xml" schematypens="http://purl.oclc.org/dsdl/schematron"?>
<TEI xmlns="http://www.tei-c.org/ns/1.0">
  <teiHeader>
    <fileDesc>
      <titleStmt>
        <title/>
      </titleStmt>
      <publicationStmt>
        <p/>
      </publicationStmt>
      <sourceDesc>
        <p/>
      </sourceDesc>
    </fileDesc>
    <profileDesc>
      <calendarDesc>
        <calendar xml:id="ah">
          <p>Anno Hegirae</p>
        </calendar>
      </calendarDesc>
    </profileDesc>
    <xenoData xml:space="preserve">
CREATED: 2024-04-11T12:19:52.201620+00:00
CREATED BY: eScriptorium vpassthistobuildcmd
IMAGE FILENAME: A121078-5086.tif
IMAGE WIDTH: 2352
IMAGE HEIGHT: 3852
</xenoData>
  </teiHeader>
  <text>
    <body>
      <div>
        <p>
          <lb/>1394
          <lb/>Marque typ. de W. Rihel (H. &amp;amp; B. Planche XXIX, No 4;
          <lb/>Silvestre, No 741) tandis qu’au verso du dernier f. blanc se
          <lb/>trouve la marque No 2 de la même planche; Silvestre, No 742).
          <lb/>Cum gratia &amp;amp; Priuilegio Cae- sareo ad Septennium.
          <lb/>A la fin: Argentorati apud Wendelinum] Rihelium.
          <lb/>Mense Martio.Anno M. D. XLIII.
          <lb/>In-8°, car. ital., 61 ff. ch. sans le f. du titre, titre courant, réclames,
          <lb/>init. ornées S, E.
          <lb/>Au verso du titre... Prudentissimo iuresconsulto D. Ludovico Grempio
          <lb/>Ioannes Sturmius S. P. D... — Argentorati quinto Idus Februarij, 1543.
          <lb/>fol. A 2a : Ioannis Sturmii... ad Franciscum Froszium, iuriconsultum.
          <lb/>Liber primus.
          <lb/>R. 100.023. Prov. : Bibl. Ch. Schmidt avec son ex-libris.
          <lb/>Annotation mss. au haut du titre, en partie coupée par le relieur.
          <lb/>2e ex. R. 101.251. Prov. : Henri Kerlen, Ulm, 25/V, 1900; 1 M. 25.
          <lb/>Au milieu du titre : C. H. L. Lodtmann. Dernière feuille avec la marque
          <lb/>typ. manque.
          <lb/>2205
          <lb/>STURM Johannes. Voir : CICERO, Orationum volumina tria.
          <lb/>Strasbourg, W. Rihel, 1544
          <lb/>STURM Johannes. Voir: CICERO, Librorum philosophicorum
          <lb/>volumen I-II.
          <lb/>Strasbourg, W. Rihel, 1549
          <lb/>STURM Johannes
          <lb/>Strasbourg, W. Rihel, 1549
          <lb/>IoannisSturmii adWerteros Fra-tres, Nobilitas
          <lb/>li- Il terata.  Liber Vnus.
          <lb/>Marque typ. de W. Rihel. (H. &amp;amp; B. Planche XXIX, No 3;
          <lb/>Silvestre, No 740.)
          <lb/>Argentorati per Wen- delinum Rihelium. Anno!
          <lb/>M. D. XLIX.
          <lb/>A la fin: Argentorati apud Wen! delinum Rihelium, Anno!
          <lb/>M. D. XLIX. (Verso blanc.)
          <lb/>In-8°, car, rom., 55 ff. ch., titre courant, réclames, init. ornée I.
          <lb/>Au verso du titre, dans un encadrement, armoiries, W. P. A. De W.
          <lb/>R. 101.547. Prov. : Henri Kerler, Ulm, 25/V, 1900; 1 M. 25. Notes mss.
          <lb/>Oxford, Bibl. Bodleiana.
          <lb/>2206
          <lb/>STURM Joh.
          <lb/>Strasbourg, W. Rihel, 1549
          <lb/>Ioannis Sturmii, Partitionum Diale- cticarum Libri
          <lb/>quatuor. 11 Emendati &amp;amp; aucti.
          <lb/>Marque typ. de Wend. Rihel (H. &amp;amp; B. Planche XXIX,
          <lb/>No 3; Silvestre, No 740).
          <lb/>Argentorati per Wen-delinum Rihelium.Anno
          <lb/>M. D. XLIX. Cum Gratia et Privi-legio Caesareo ad
          <lb/>Septennium.
        </p>
      </div>
    </body>
  </text>
</TEI>
