<?xml version='1.0' encoding='UTF-8'?>
<?xml-model href="https://raw.githubusercontent.com/OpenITI/tei_openiti/master/tei_openiti.rng" type="application/xml" schematypens="http://relaxng.org/ns/structure/1.0"?>
<?xml-model href="https://raw.githubusercontent.com/OpenITI/tei_openiti/master/tei_openiti.rng" type="application/xml" schematypens="http://purl.oclc.org/dsdl/schematron"?>
<TEI xmlns="http://www.tei-c.org/ns/1.0">
  <teiHeader>
    <fileDesc>
      <titleStmt>
        <title/>
      </titleStmt>
      <publicationStmt>
        <p/>
      </publicationStmt>
      <sourceDesc>
        <p/>
      </sourceDesc>
    </fileDesc>
    <profileDesc>
      <calendarDesc>
        <calendar xml:id="ah">
          <p>Anno Hegirae</p>
        </calendar>
      </calendarDesc>
    </profileDesc>
    <xenoData xml:space="preserve">
CREATED: 2024-04-11T12:19:49.213704+00:00
CREATED BY: eScriptorium vpassthistobuildcmd
IMAGE FILENAME: A121078-5016.tif
IMAGE WIDTH: 2418
IMAGE HEIGHT: 3900
</xenoData>
  </teiHeader>
  <text>
    <body>
      <div>
        <p>
          <lb/>1324
          <lb/>Saint Paul, dans les bordures latérales les évangélistes; en bas à gauche
          <lb/>Mercure, à droite Minerve.
          <lb/>Au verso du titre: Io. Hervagius Lectori.
          <lb/>fol. A 2a : Epistola! Rabbi Samuelis Israhelitae, oriundi de ciuitate
          <lb/>regis Maro (] chiani ad Rabbi Isaac, magistrum Sinagogae, quae est
          <lb/>in Subiulmeta, in regno praedicto.
          <lb/>R. 101.123. Prov. : Bibl. Heitz, Strasbourg.
          <lb/>2e ex. R. 100.545 (4). Prov. : Prof. J. Lessing, Berlin 26 mai 1894. Notes
          <lb/>mss.
          <lb/>Au verso du dernier f. : Johannes Schweitzkopf Regis montana Neo¬
          <lb/>marchia accepi hunc librum. Walter: Sélestat 2184.
          <lb/>2069
          <lb/>SANTIUS DE PORTA
          <lb/>Haguenau, H. Gran, 1515
          <lb/>Opus concionatorium ve-nerabilis Santii de por-ta:
          <lb/>sacri ordinis Predi-catorum professoris : sacrique Palatij
          <lb/>magistri: diuini verbi preconis conuentus Cesaraugusta¬ni
          <lb/>Hispanie: totius anni multiplices singularum dominicarum
          <lb/>sermones continens : quadrifariam! que diuisum. Videlicet
          <lb/>in Sermones Hyemales de tempore.Sermones Estiuales
          <lb/>de tempore.  Mariale festa b. virg. continens!! Sanctorale
          <lb/>vel sermones de sanctis.
          <lb/>(Pars I : Sermones hyemales.]
          <lb/>Huic parti Hyemali adiuncta in fine! tabula : summa
          <lb/>Sermonum in! ea contentorum demon- (] strans.
          <lb/>A la fin: Pars hyemalis... finiturImpressa Hagenaw
          <lb/>impensis D. Joan. Rynman!! de Oringaw, opera Henrici Gran.
          <lb/>Anno virginei Il partus M. D. XV. Mense vero Janu.
          <lb/>In-fol., car goth., 2 col. CXXXVI ff. ch., 1 f. non ch. (Table), titre
          <lb/>courant, init, ornées, titre rouge et noir encadré (H. &amp;amp; B. Planche LXIII,
          <lb/>No 1).
          <lb/>Au verso du titre : D. Vito Aegidio (alias Geissel) Decano In Surburg !]
          <lb/>Studiosorum omnium Patrono !1 Vulphgangvs Angst Caiser- I] spergivs...
          <lb/>— Datum X. Kal. Martij. Anni sesquimillesimi. XV.
          <lb/>(Pars II.) Sermoncs estiuales de tempore : venerabilis!
          <lb/>Santii porta sacri or- ] dinis Predicatorum : cum gemina
          <lb/>eorundem admodum!! vtili tabula : seu indice.
          <lb/>A la fin: Pars estiualis sermonum... finitur, impressa Ha¬
          <lb/>genaw, aere et impensis Joan. Ryn-man de Oringau:
          <lb/>labore Henri ] ci Gran. Anno. M. D. xiiij. Mense Nouembri.
          <lb/>In-fol., car. goth., 2 col., 10 ff. non ch. (Table), CXLI ff. ch. et 1f.
          <lb/>blanc, titre courant, init. ornées, titre encadré comme le titre principal,
          <lb/>excepté que la bordure inférieure est en haut, et la bordure supérieure
          <lb/>en bas du cadre.
          <lb/>(Pars III.] Djuinum ac proinde in!! estimabile : secundum
          <lb/>et omnium que hucusque de chri-stifera virgine scripta
          <lb/>sunt : preclarissimum Ma-]riale opus a Santio porta...
        </p>
      </div>
    </body>
  </text>
</TEI>
