<?xml version='1.0' encoding='UTF-8'?>
<?xml-model href="https://raw.githubusercontent.com/OpenITI/tei_openiti/master/tei_openiti.rng" type="application/xml" schematypens="http://relaxng.org/ns/structure/1.0"?>
<?xml-model href="https://raw.githubusercontent.com/OpenITI/tei_openiti/master/tei_openiti.rng" type="application/xml" schematypens="http://purl.oclc.org/dsdl/schematron"?>
<TEI xmlns="http://www.tei-c.org/ns/1.0">
  <teiHeader>
    <fileDesc>
      <titleStmt>
        <title/>
      </titleStmt>
      <publicationStmt>
        <p/>
      </publicationStmt>
      <sourceDesc>
        <p/>
      </sourceDesc>
    </fileDesc>
    <profileDesc>
      <calendarDesc>
        <calendar xml:id="ah">
          <p>Anno Hegirae</p>
        </calendar>
      </calendarDesc>
    </profileDesc>
    <xenoData xml:space="preserve">
CREATED: 2024-04-11T12:20:00.697044+00:00
CREATED BY: eScriptorium vpassthistobuildcmd
IMAGE FILENAME: A121078-5298.tif
IMAGE WIDTH: 2470
IMAGE HEIGHT: 3866
</xenoData>
  </teiHeader>
  <text>
    <body>
      <div>
        <p>
          <lb/>1608
          <lb/>Johannes de Monte forti, 1006.
          <lb/>Kämpfer, J. N. (Strasbourg, Allo¬
          <lb/>Johannes Regiomantanus, 1268.
          <lb/>brox), 920.
          <lb/>Johannes de Staupitz, 43.
          <lb/>Kampmann, Theophilus (anc. poss.),
          <lb/>Johannes im Turn, 611, 612.
          <lb/>1272.
          <lb/>Johannes de Urbach, 1586.
          <lb/>Kandel, David, 213, 215, 216.
          <lb/>Johannitius, 1269, 2381.
          <lb/>Kanitz, Gotfridus à, 2467.
          <lb/>Johnson, 828, 1743.
          <lb/>Kantz, Caspar, 1302.
          <lb/>Jolowicz, J. (Posen, anc. poss.), 97,
          <lb/>Karajan, Théodore (Vente Francfort¬
          <lb/>1142, 1893.
          <lb/>s.-M.), 151, 208, 1210, 1606, 1607,
          <lb/>Jonas, Joh., 1735.
          <lb/>1613.
          <lb/>Jonas, Justus (Wittenberg), 549, 1949.
          <lb/>Karlstadt, Andreas (Bodenstein), 436,
          <lb/>Jorath, 1205.
          <lb/>1303, 2321.
          <lb/>Karsthans, 1304.
          <lb/>Jorger, Linhart (anc. poss.), 1676.
          <lb/>Josephus Flavius, 331, 1118, 1270-84,
          <lb/>Karteromachos, Scipio, 1639.
          <lb/>Kassel BM, 403.
          <lb/>1376, 2525.
          <lb/>Kasselmann, Hieronymus, 1455.
          <lb/>Jovius, Paulus (Novocomensis episco¬
          <lb/>Kauffungen, C., 373.
          <lb/>pus Nucerinus), 1285-87, 1670.
          <lb/>Kauffungen, Georgius (Hessus), 1081.
          <lb/>Jud, Leo, 1288.
          <lb/>Judex, Matthaeus, 2463.
          <lb/>Kauffmann (curé à Durnau, anc.
          <lb/>Judith, 205, 206.
          <lb/>poss.), 2313.
          <lb/>Jugurtha, 1623, 2060-2065.
          <lb/>Kefer, Sebastianus, 38, 40, 42, 1128,
          <lb/>Julius II (Papa), 37, 41, 56, 144, 150,
          <lb/>9, 1130.
          <lb/>Kegler, Christina, 1455.
          <lb/>870, 2472, 6, 2481.
          <lb/>Julius (episcopus Naumburgensis), 88.
          <lb/>Keidel, Joh., 2226.
          <lb/>Kelchner, Ernest, 1439.
          <lb/>Julius Ernestus, (Dux Brunswicensis),
          <lb/>Keller, Adalbert (Prof. Tübingen
          <lb/>181, 1293, 2176.
          <lb/>anc. poss.), 1011.
          <lb/>Julius (Comes Salmae et Neoburgi ad
          <lb/>Keller, Burckhard (Olnicensis), 1305.
          <lb/>Oenum Freistadii, 1595), 2000,
          <lb/>Keller, Georges (anc, poss. 1570), 752.
          <lb/>2002.
          <lb/>Keller, Michel, 573.
          <lb/>Jund, Josephus (Protonotarius zu
          <lb/>Kempf, Ambrosius, 1306.
          <lb/>Strassburg), 1731.
          <lb/>Kempff, Sophie, 1455.
          <lb/>Jung, 1599, 1600.
          <lb/>Kempo (Thessaliensis. Hollandiae,
          <lb/>Jung, Ambrosius, 1291.
          <lb/>magister bonarum artium Paris,
          <lb/>Jung, Mathes, 1638.
          <lb/>1516), 2344.
          <lb/>Jüngler, Hans (Stättmeister zu Worms
          <lb/>Kempter, Benedictus (Wangensis al¬
          <lb/>1535), 2050.
          <lb/>gojus sacerdos, anc. poss.), 2312.
          <lb/>Junior, Antonius (Moguntinus, medi¬
          <lb/>Kende, S. (Vienne, anc. poss. 1888),
          <lb/>cinae doctor, 1537), 2090.
          <lb/>1815, 1828.
          <lb/>Junius, Balthasar, 2096.
          <lb/>Kerler, Heinrich (Ulm, anc. poss.
          <lb/>Junius Hadr., 1342.
          <lb/>1878), 264, 551, 680, 1, 770, 1, 781,
          <lb/>Junius, Melchior, 183, 228, 232, 398,
          <lb/>816, 7, 909, 910, 915, 916, 997, 1045,
          <lb/>453, 4, 457, 537, 8, 818, 921,
          <lb/>1073, 1510, 1641, 1668, 2019, 2191,
          <lb/>1292-98, 1643, 1652, 1735.
          <lb/>2205, 6, 2290, 2311, 2430.
          <lb/>Junius, Samuel (Silesius), 73, 1299.
          <lb/>Kern, (von Freysing, Rechenmeister),
          <lb/>Justinianus, 13, 1107, 1609, 1911,
          <lb/>1307.
          <lb/>2084-87.
          <lb/>Kesselring (Prof. Zurich 1879), 1938.
          <lb/>Justinianus, Laurentius, 1300.
          <lb/>Kessler, Isaac (pasteur à St-Pierre-le-
          <lb/>Justinus, 1093, 1107.
          <lb/>Vieux, Strasbourg), 1308.
          <lb/>Justus, C. W. (anc. poss. 1850), 924.
          <lb/>Kessler, Petrus (de Harten, Herbipo¬
          <lb/>Juvenalis Junius Aquinas, 1301.
          <lb/>lensis), 2258.
          <lb/>Kettenheim, Hans Philipp von (Stett-
          <lb/>K
          <lb/>meister zu Strassburg), 119, 197,
          <lb/>583, 807, 1728.
          <lb/>Kageneck, Philipp von (Stettmeister,
          <lb/>Kibsius, Joh. (Consul), 807.
          <lb/>Strasbourg), 1711.
          <lb/>Kiechelius, Mathias (Ulmensis), 818.
          <lb/>Kageneck, Reinbolt (Amptmann zu
          <lb/>Kieffer, Charles (impr. Strasbourg),
          <lb/>Lor), 886.
          <lb/>626, 874, 1078, 1082, 1759, 2003,
          <lb/>Kamlala (Berlin, anc. poss. 1885),
          <lb/>2158.
          <lb/>1631.
          <lb/>Kieffer, Justus (anc. poss.), 1541.
        </p>
      </div>
    </body>
  </text>
</TEI>
