<?xml version='1.0' encoding='UTF-8'?>
<?xml-model href="https://raw.githubusercontent.com/OpenITI/tei_openiti/master/tei_openiti.rng" type="application/xml" schematypens="http://relaxng.org/ns/structure/1.0"?>
<?xml-model href="https://raw.githubusercontent.com/OpenITI/tei_openiti/master/tei_openiti.rng" type="application/xml" schematypens="http://purl.oclc.org/dsdl/schematron"?>
<TEI xmlns="http://www.tei-c.org/ns/1.0">
  <teiHeader>
    <fileDesc>
      <titleStmt>
        <title/>
      </titleStmt>
      <publicationStmt>
        <p/>
      </publicationStmt>
      <sourceDesc>
        <p/>
      </sourceDesc>
    </fileDesc>
    <profileDesc>
      <calendarDesc>
        <calendar xml:id="ah">
          <p>Anno Hegirae</p>
        </calendar>
      </calendarDesc>
    </profileDesc>
    <xenoData xml:space="preserve">
CREATED: 2024-04-11T12:19:50.056269+00:00
CREATED BY: eScriptorium vpassthistobuildcmd
IMAGE FILENAME: A121078-5037.tif
IMAGE WIDTH: 2404
IMAGE HEIGHT: 3866
</xenoData>
  </teiHeader>
  <text>
    <body>
      <div>
        <p>
          <lb/>1345
          <lb/>kvrtzweylig zu lesenn : geistlichen vnnd weltlichenmens¬
          <lb/>chen : mit seinen Figuren vnd Exempeln.
          <lb/>Gravure sur bois : Le paradis, au milieu l’arbre avec le ser¬
          <lb/>pent, à côté Adam et Eve, puis au dehors de la porte encore
          <lb/>une fois Adam et Eve, de l’autre côté l’ange avec le glaive qui
          <lb/>les a chassés du paradis, au-dessus du paradis Dieu le père.
          <lb/>A la fin : Getruckt vnd volendet in der Freyen Statt
          <lb/>Straszburg. Durs (!) Matheis Hupfuff. Als man zalt von der
          <lb/>ge-burt Christi vnsers lieben herren. M. CCCCC. vnd xV. Jare.
          <lb/>In-fol., car. goth., XCI ff. ch. (92 d’après Schmidt), 4 ff. non ch
          <lb/>(Registre), fol. LV numéroté par erreur LIIII, titre courant, de nom¬
          <lb/>breuses init. ornées. Au verso du titre grande gravure répétée fol. 28b;
          <lb/>au haut, le couronnement de la Sainte Vierge, au bas deux anges armés
          <lb/>de glaives, repoussant les diables dans le gouffre de l’enfer. En outre
          <lb/>94 gravures plus petites, dont plusieurs sont répétées; la plupart sont
          <lb/>empruntées à des ouvrages antérieurs, à la Vie des saints, au Würtzgarten
          <lb/>d’Ulm, édition 1483 et surtout à la Bible Strasbourgeoise de 1483; 10 se
          <lb/>trouvent aussi dans l’Endchrist de Hupfuff 1503; celles du verso du titre,
          <lb/>de fol. 3b et fol. 69a se trouvent aussi dans le Layenspiegel, celle de fol. 84b.
          <lb/>dans la Prenosticatio de Kistler 1497; quelques-unes sont composées de
          <lb/>2 bois.
          <lb/>R. 10.065. Prov. : Baer, Francfort-s.-M., 17/XII, 1891, 135 M.
          <lb/>Schmidt V, N° 118 : Consistoire de Colmar,
          <lb/>2110
          <lb/>SEISSEL. Voir: SESELLIUS.
          <lb/>SELMNITZ Johannes Philippus Strasbourg, A. Bertram, 1599
          <lb/>Disputatio de institutio-ne heredum.In Inclyta
          <lb/>Argentoratensium Academia, publici! exercitij causa propo¬
          <lb/>sita à Georgio Obrechto IC. Respondentenobilissimo
          <lb/>ac doctissi-mo Iuuene Iohanne Philippo à Selmnitz
          <lb/>Thuringo. (Vignette).
          <lb/>ArgentoratiExcudebat Antonius Bertramus. (1599.)
          <lb/>(Verso blanc.)
          <lb/>In-4°, car. ital., 48 ff. non ch., dont le dernier blanc, sign. A-M,
          <lb/>réclames, fol. A 2a, bande d’ornement, et initiale ornée T; 761 thèses.
          <lb/>R. 10.548. Prov. : Kubasta &amp;amp; Voigt, Vienne, 25/XI, 1896.
          <lb/>Voir : Obrecht Georgius, Selectissimae disputationes ex juris civilis
          <lb/>materiis. Strasbourg, A. Bertram, 1599.
          <lb/>2111
          <lb/>SELNECCERUS Nicolaus Strasbourg, Chr. Mylius héritiers, 1568
          <lb/>Libellus Brevis, Et Uti-lis de Coena Domi-ni editus.
          <lb/>Autore M. NicolaoSelneccero. Ioann. XVII (2 lignes).
          <lb/>Argentorati apud hae- redes Christiani Mylii. Anno
          <lb/>Vignette.)
          <lb/>In-8°, car, rom., 76 pp. ch., titre courant, réclames, init. ornée T.
          <lb/>R. 101.928. Prov. inconnue.
          <lb/>Bibliographie. Voir : Schottenloher II, Nos 19859-19869. 2112
          <lb/>R. 85
        </p>
      </div>
    </body>
  </text>
</TEI>
