<?xml version='1.0' encoding='UTF-8'?>
<?xml-model href="https://raw.githubusercontent.com/OpenITI/tei_openiti/master/tei_openiti.rng" type="application/xml" schematypens="http://relaxng.org/ns/structure/1.0"?>
<?xml-model href="https://raw.githubusercontent.com/OpenITI/tei_openiti/master/tei_openiti.rng" type="application/xml" schematypens="http://purl.oclc.org/dsdl/schematron"?>
<TEI xmlns="http://www.tei-c.org/ns/1.0">
  <teiHeader>
    <fileDesc>
      <titleStmt>
        <title/>
      </titleStmt>
      <publicationStmt>
        <p/>
      </publicationStmt>
      <sourceDesc>
        <p/>
      </sourceDesc>
    </fileDesc>
    <profileDesc>
      <calendarDesc>
        <calendar xml:id="ah">
          <p>Anno Hegirae</p>
        </calendar>
      </calendarDesc>
    </profileDesc>
    <xenoData xml:space="preserve">
CREATED: 2024-04-11T12:19:57.112449+00:00
CREATED BY: eScriptorium vpassthistobuildcmd
IMAGE FILENAME: A121078-5222.tif
IMAGE WIDTH: 2374
IMAGE HEIGHT: 3860
</xenoData>
  </teiHeader>
  <text>
    <body>
      <div>
        <p>
          <lb/>1532
          <lb/>giessen), derrière lui 2 autres fous, devant lui un petit fou
          <lb/>qui sort d’un chaudron bouillant.
          <lb/>Au-dessous : Hierinn ein yeder mag erfaren,
          <lb/>Wie er sol giessen artlich Narren,
          <lb/>Kurtz, lang, dick, dünn, leicht oder schwer,
          <lb/>Nach alles seines hertzen ger.
          <lb/>A l’avant-dernier f. à la fin du texte : Getruckt zu Straszburg,
          <lb/>bey! Jacob Frölich. Im JarM. D. XXXVIII.(..
          <lb/>In-8°, car. goth., 32 ff. non ch., sign. A-D, réclames, de nombreuses
          <lb/>init. ornées de différente grandeur.
          <lb/>Le recto du dernier fol. a une grav., représentant un fou semant des
          <lb/>fous; empruntée à l’édition Knobloch 1518 de la Narrenbeschwörung de
          <lb/>Murner, tandis qu’au verso, derrière les armoiries de l’empire et de Colmar
          <lb/>ressort la tête du poète, tenant dans chaque main un des écussons.
          <lb/>Au-dessous : Durch Jörg Wickram von !! Kolmar.
          <lb/>Au verso du titre : une grav. avec le hérault, au-dessus de la grav. les
          <lb/>mots : « Der Herolt spricht ».
          <lb/>R. 100.406. Prov. : A. Cohn, Berlin, 30/V, 1879; 80 M.
          <lb/>Voir : Werke Wickrams hrsg. von Johannes Bolte. Bd. 1-8. Tübingen,
          <lb/>1901-1906, 8 vol. in-8°. Bibliothek des lit. Vereins in Stuttgart, vol. 222,
          <lb/>223, 229, 230, 232, 236, 237, 241.
          <lb/>Bibliographie de Georges Wickram dans : Schottenloher vol. II,
          <lb/>Nos 22.435.22.462.
          <lb/>2457
          <lb/>WICKRAM Georg
          <lb/>Strasbourg, J. Frölich, 1551
          <lb/>Ein Schön Und! Nutzlichs Biblischs Spil... (voir p. 1533).
          <lb/>A la fin : Getruckt zu Straszburg, bey Jacob Frölich.)
          <lb/>M. D. LI. (Verso blanc.).
          <lb/>In-8°, car. goth., 104 ff. non ch., sign. A-N, réclames.
          <lb/>fol. A 2a-A 3a : Dem Edlen und Vesten! Friderich von Hattstatt,
          <lb/>Römmischer!! Künigklicher Mayestat Rath... — Datum in ! der löblichen
          <lb/>Reichsstatt Colmar den ij. tag!! Julij, Anno M. D. L... Jörg Wickram,
          <lb/>Dichter und!] Burger zû Colmar.
          <lb/>R. 100.393. Prov. : Bibl. Heitz, Strasbourg.
          <lb/>2458
          <lb/>WICKRAM Georg
          <lb/>Strasbourg, J. Frölich, 1554
          <lb/>Der Jungen Knaben Spiegel. Ein schön Kurtzwyligs
          <lb/>Büchlein, Von zweyen Jungen kna-l ben, Einer eines Ritters,
          <lb/>Der ander eines bauwren Son, würtin disen beiden fürge¬
          <lb/>billt, was grossen nutz das studieren, gehor ]] samkeit gegen
          <lb/>Vatter und Muter, schul und lermeistern bringet, Her¬
          <lb/>gegen auch was g osser geferligkeit ausz dem widerspyl
          <lb/>erwachsen die Jugent darin zu lernen, und zu einer
          <lb/>warnuug für zuspieg en. New lich in Druck verfertiget durch
          <lb/>Jörg Wickram.
          <lb/>Grav. sur bois : cinq personnes à table, à côté, Willibald
          <lb/>jouant sur un instrument; répétée fol. K et Lija.
        </p>
      </div>
    </body>
  </text>
</TEI>
