<?xml version='1.0' encoding='UTF-8'?>
<?xml-model href="https://raw.githubusercontent.com/OpenITI/tei_openiti/master/tei_openiti.rng" type="application/xml" schematypens="http://relaxng.org/ns/structure/1.0"?>
<?xml-model href="https://raw.githubusercontent.com/OpenITI/tei_openiti/master/tei_openiti.rng" type="application/xml" schematypens="http://purl.oclc.org/dsdl/schematron"?>
<TEI xmlns="http://www.tei-c.org/ns/1.0">
  <teiHeader>
    <fileDesc>
      <titleStmt>
        <title/>
      </titleStmt>
      <publicationStmt>
        <p/>
      </publicationStmt>
      <sourceDesc>
        <p/>
      </sourceDesc>
    </fileDesc>
    <profileDesc>
      <calendarDesc>
        <calendar xml:id="ah">
          <p>Anno Hegirae</p>
        </calendar>
      </calendarDesc>
    </profileDesc>
    <xenoData xml:space="preserve">
CREATED: 2024-04-11T12:20:00.151824+00:00
CREATED BY: eScriptorium vpassthistobuildcmd
IMAGE FILENAME: A121078-5290.tif
IMAGE WIDTH: 2440
IMAGE HEIGHT: 3858
</xenoData>
  </teiHeader>
  <text>
    <body>
      <div>
        <p>
          <lb/>1600
          <lb/>Gielmann (anc. poss.), 2164.
          <lb/>Glock, Joh. (Nordheim, anc. poss.
          <lb/>Giesse (Hist. Nachricht von der
          <lb/>1612), 46.
          <lb/>Bibelübersetzung Luthers), 2299.
          <lb/>Glycygalactus, Valentinus (Chemni¬
          <lb/>Giessen BU, 265, 705, 7, 727, 741.
          <lb/>censis), 452.
          <lb/>Gilbertus Porritanus, 1263.
          <lb/>Gmelin, Phil. Jac., 524.
          <lb/>Gilhofer &amp;amp; Ranschburg (Wien, vente
          <lb/>Gnad, Hans (Wurzbourg, anc. poss.
          <lb/>77, Dr. A. H. 1937, anc. poss.),
          <lb/>1899), 448.
          <lb/>210, 234, 841, 1229, 1495, 1849.
          <lb/>Gnidius, Matthaeus, 1014, 1565.
          <lb/>Gillot (anc. poss.), 559.
          <lb/>Gockenschnabel, Georgius (Oringen¬
          <lb/>Giphanius, Obrecht, 806, 1185, 6,
          <lb/>sis), 1596.
          <lb/>1199.
          <lb/>Goedeke, 847, 8, 9, 850, 2, 853, 4, 5,
          <lb/>Gisius, Tidemann (Dantiscanus), 820.
          <lb/>7, 8, 860, 2, 3, 864, 5, 953, 1012,
          <lb/>GK (Gesamtkatalog der deutschen
          <lb/>1737, 2182, 2502.
          <lb/>Bibliotheken) d’abord GPB, 1-3,
          <lb/>Golius, Théoph., 450-454, 806, 1015¬
          <lb/>6-11, 13, 14, 17-45, 47-50, 54-55,
          <lb/>1022.
          <lb/>57-60, 66-70, 74, 77-80, 116, 118,
          <lb/>Gomez de la Cortina, L., 1748
          <lb/>121-125, 127-132, 135-137, 139,
          <lb/>Gooes, Damianus de, 2290.
          <lb/>140, 142-144, 149-156, 158-162,
          <lb/>Gordianus junior, 1911.
          <lb/>165, 166, 171, 174, 177-180, 182,
          <lb/>Goerres, G. (Dr.), 2208.
          <lb/>184, 187-191, 193, 195-204, 207,
          <lb/>Gossin, Sigismund, 190.
          <lb/>209-211, 213-215, 217-221, 223-225,
          <lb/>Gotesheim, Friedericus, 219,806, 1497.
          <lb/>227, 228, 230-234, 237-251, 255-
          <lb/>Gotha, BM, 261, 6.
          <lb/>257, 260, 262, 265, 272-278, 280,
          <lb/>Gottfried (Herzog von Lothringen), 872.
          <lb/>283-289, 291, 293-295, 297, 299-303,
          <lb/>Gotthart, Johann, 1781.
          <lb/>307-317, 319, 321, 322, 324-329,
          <lb/>Gõttingen BU, 2, 3, 6, 7, 8, 11. 18,
          <lb/>331-333, 336, 337, 339-352, 354-358,
          <lb/>19, 21, 9, 32, 3, 43, 7, 54, 69, 77,
          <lb/>361-367, 369-372, 374, 375, 377,
          <lb/>9, 80, 49, 118, 119, 121, 124,
          <lb/>378-385, 387-390, 392, 395, 397,
          <lb/>127, 137, 149, 151-155, 159, 162,
          <lb/>399, 402-410, 413-423, 426-431,
          <lb/>6, 172-174, 187, 189, 191, 6, 7,
          <lb/>433, 435-437, 439-442a, 446-448,
          <lb/>211, 213, 215, 223, 5, 233, 7, 9,
          <lb/>460-465, 469-474, 476-478, 480-484,
          <lb/>240, 1, 3, 4, 5, 6, 7, 259, 260, 4, 5, 6,
          <lb/>489-497, 501, 503-506, 508-511,
          <lb/>272, 5, 6, 286, 7, 297, 308, 310, 2,
          <lb/>513-519, 524, 526-544, 546, 548-
          <lb/>9, 324, 331, 3, 6, 9, 340, 2, 3, 4, 6,
          <lb/>552, 555, 557-587, 589, 593-602,
          <lb/>356, 362, 371, 2, 7, 9, 389, 397, 8,
          <lb/>604-608, 610-612, 615-619, GK 674-
          <lb/>9, 404, 6, 9, 410, 6, 8, 9, 420, 3,
          <lb/>676, 680-687, 690-696, 698-708,
          <lb/>8. 9, 442a, 464, 465, 474, 6, 7, 481,
          <lb/>710, 711, 713-730, 732-742, 744-
          <lb/>3, 9, 490, 3, 5, 7, 50i, 3, 530, 9,
          <lb/>750, 753-56, 758, 761, 762, 764,
          <lb/>540, 8, 561, 4, 6, 577, 580, 1, 2, 3,
          <lb/>769, 770, 772-4, 777-8, 780, 1, 2,
          <lb/>4, 7, 597, 9, 60i, 6, 7, 615, 9, 673,
          <lb/>784, 786, 789, 795-8, 800-6, 808, 9,
          <lb/>4, 5, 692, 4, 6, 702, 3, 4, 8, 715, 9,
          <lb/>811, 812, 814-17, 819-822, 824, 5,
          <lb/>720, 721, 4, 5, 8, 733, 5, 741, 754,
          <lb/>830, 2, 6, 8, 841-850, 853-863,
          <lb/>754, 778, 780, 1, 9, 795, 8, 800, 819,
          <lb/>865-7, 869, 871, 2, 875, 7, 879,
          <lb/>824, 830, 8, 841, 3, 6, 850, 9, 860, 7,
          <lb/>881-885, 887-891, 894-898, 900,
          <lb/>872, 5, 9, 882, 4, 9, 890, 7, 900, 3, 6,
          <lb/>902-4, 906-912, 914, 916-928, 930-2,
          <lb/>911, 2, 921, 4, 5, 8, 931, 2, 9, 941,
          <lb/>935, 6, 9, 940, 1, 2, 943, 5, 6, 949,
          <lb/>5, 6, 9, 953, 4, 6, 9, 961, 2, 3, 5, 7, 8,
          <lb/>951, 3, 4, 955-988, 970-987, 990-997,
          <lb/>970, 2, 3, 4, 5, 978, 9, 980, 2, 4, 6,
          <lb/>999-1004, 1007, 8, 1010, 1012, 1014,
          <lb/>7, 992, 3, 5, 1000, 1, 2, 1004, 7, 9,
          <lb/>1024, 1029-32, 1034-37, 1039-45,
          <lb/>1010, 1012, 4, 1024, 1030, 1, 4, 5, 7,
          <lb/>1051, 6, 8, 1060-66, 1068, 9, 1070-72,
          <lb/>1040, 3, 8, 1051, 6, 1060, 3, 1081,
          <lb/>1074, 5, 6, 1081.
          <lb/>1140, 1171, 1215, 1608, 1742, 1794,
          <lb/>Gladich, Adamans de Joh. (Vienne,
          <lb/>1807, 1870, 1, 1888, 2048, 2095,
          <lb/>anc. poss. 1687), 1753.
          <lb/>2119, 2190, 2225, 7, 2244, 5, 2268,
          <lb/>Glandorpius, Joh., 591.
          <lb/>9, 2461b.
          <lb/>Glanvillanus. Voir : Anglicus.
          <lb/>Göttweig (Autriche), 328.
          <lb/>Glaser, Laurentius (anc. poss. 1675),
          <lb/>Gottwin, Ursinus (B. Jobin), 855,
          <lb/>1100.
          <lb/>856, 9, 861.
          <lb/>Glaser, Philippus (Argentinensis), 697,
          <lb/>Goetz, Paul (impr. Strasbourg, 98,
          <lb/>1089, 1295.
          <lb/>149, 244, 336, 7, 434, 578, 596, 758,
          <lb/>Gläser, W. (Lübeck, anc. poss. 1887),
          <lb/>784, 988, 993, 1202, 1262, 8, 1636,
          <lb/>197, 483.
          <lb/>1743, 2018.
        </p>
      </div>
    </body>
  </text>
</TEI>
