<?xml version='1.0' encoding='UTF-8'?>
<?xml-model href="https://raw.githubusercontent.com/OpenITI/tei_openiti/master/tei_openiti.rng" type="application/xml" schematypens="http://relaxng.org/ns/structure/1.0"?>
<?xml-model href="https://raw.githubusercontent.com/OpenITI/tei_openiti/master/tei_openiti.rng" type="application/xml" schematypens="http://purl.oclc.org/dsdl/schematron"?>
<TEI xmlns="http://www.tei-c.org/ns/1.0">
  <teiHeader>
    <fileDesc>
      <titleStmt>
        <title/>
      </titleStmt>
      <publicationStmt>
        <p/>
      </publicationStmt>
      <sourceDesc>
        <p/>
      </sourceDesc>
    </fileDesc>
    <profileDesc>
      <calendarDesc>
        <calendar xml:id="ah">
          <p>Anno Hegirae</p>
        </calendar>
      </calendarDesc>
    </profileDesc>
    <xenoData xml:space="preserve">
CREATED: 2024-04-11T12:19:59.251017+00:00
CREATED BY: eScriptorium vpassthistobuildcmd
IMAGE FILENAME: A121078-5274.tif
IMAGE WIDTH: 2418
IMAGE HEIGHT: 3858
</xenoData>
  </teiHeader>
  <text>
    <body>
      <div>
        <p>
          <lb/>1584
          <lb/>2030, 2166, 2175, 2005, 8, 2065,
          <lb/>Barth, Caspar (Francfort, 1629), 562.
          <lb/>2076, 2089, 2105, 2107, 2110, 5, 9,
          <lb/>Barth, E. (Colmar, anc. poss. 1895),
          <lb/>2124, 5, 6, 2250, 3, 2276, 2284, 7,
          <lb/>785.
          <lb/>2314, 2360, 2376, 2401, 2411, 2433,
          <lb/>Barth, Michael (Annaebergensis), 587.
          <lb/>7, 9, 2461 a, 2469, 2483, 2491, 2527,
          <lb/>Barth, Simon (anc. poss. 1621), 1454..
          <lb/>2530.
          <lb/>Bartholomaeus Anglicus, 156.
          <lb/>Bahr, Hermann (Berlin, Cat. X,
          <lb/>Bartholomaeus Coloniensis, 157-158.
          <lb/>n° 1320, poss. 1889), 2281.
          <lb/>Bartholomaeus Usingensis, 572.
          <lb/>Baier, Christophe David (alumnus
          <lb/>Bartolini, Richardus (Perusinus),
          <lb/>Blabyrus, anc. poss.), 536.
          <lb/>155, 1065.
          <lb/>Baillieu (Paris, anc. poss. 1883), 2036,
          <lb/>Bartsch, 1052, 1925.
          <lb/>7, 2058.
          <lb/>Basch, Laurentius, 837.
          <lb/>Balbus, Hieronymus, 29.
          <lb/>Basignanus, Stephanus (Carmelita),
          <lb/>Balbus, Jac. Ant., 1576, 7, 8, 9, 1581.
          <lb/>144.
          <lb/>Baldung-Grien, Hans, 314, 427, 596,
          <lb/>Basilius Magnus, 104, 159, 1037.
          <lb/>685, 957, 979, 983, 6, 1005, 7, 1210,
          <lb/>Basset, C. A., 1990.
          <lb/>1240, 1265, 1288, 1306, 1488, 1582,
          <lb/>Bassus Cassianus, 159-162, 2397, 8.
          <lb/>1743, 1752, 1798, 9,2118,2286,2362,
          <lb/>Bastberger, Gebhardt (anc. poss.,
          <lb/>2454.
          <lb/>1631), 1099.
          <lb/>Baldung, Hieronymus, 1187.
          <lb/>Bathodius, Lucas (Pfalzgrä fisch. Vel¬
          <lb/>Baldus, Elias, 125-126.
          <lb/>dentzischer Medicus zu Pfalzburg),
          <lb/>Baldwin (Archiepiscopus Treverensis),
          <lb/>431, 1785.
          <lb/>1407.
          <lb/>Batines, Colomb de 964.
          <lb/>Bâle, B. U., 127, 129, 136, 231, 261,
          <lb/>Bauch, Gustav, 1067.
          <lb/>273, 295, 328, 9, 336, 549, 550, 639,
          <lb/>Baudelocque, 914.
          <lb/>645, 6, 675, 695, 705, 741, 750,
          <lb/>Bauer (Strasbourg, anc. poss., 1879),
          <lb/>838, 9, 962, 8, 984, 992, 5, 9, 1091,
          <lb/>1222.
          <lb/>1102, 1127, 1232, 1418, 1425, 1462,
          <lb/>Bauer, Joh. (de Imola, Bononiensis,
          <lb/>3, 1738, 1871, 1882, 1942, 1957, 9,
          <lb/>Gymnasii olim professor, 1543), 2039.
          <lb/>2048, 2258, 2284, 2324, 2347, 2369,
          <lb/>Bauer (Bibl. libr. rar.),20, 1874, 2053.
          <lb/>2394, 5, 2414, 2440, 2485, 2526.
          <lb/>Baum (Prof. Strasbourg, anc. poss.),
          <lb/>Balista, Christophorus, 1416.
          <lb/>76, 349-392, 404, 436, 9, 441, 2, 4,
          <lb/>Balthasar von Hildesheim (Erzbischof
          <lb/>491, 758, 884, 1007, 1070, 1097,
          <lb/>von Constanz 1530), 945.
          <lb/>1207, 1242, 1446, 9, 1458, 1527,
          <lb/>Balthasar à Waldkirch (évêque), 945.
          <lb/>1539, 1884, 1901, 2021, 2113, 2130,
          <lb/>Bamberg B. M., 325, 6, 9, 999.
          <lb/>2136, 7, 8, 2140, 2, 5, 9, 2179,
          <lb/>Bampus, Ern., 257.
          <lb/>2224, 2264, 2302, 2317, 2364, 2487.
          <lb/>Banisiis, Jacobus de (Maximiliani I
          <lb/>Baumberg. Voir : Monastères.
          <lb/>Secretarius), 992, 1739.
          <lb/>Baumgarten, 2299.
          <lb/>Bapst, Clemens (Greilshemius, anc.
          <lb/>Baumgartner, Anna (Freifrau zu
          <lb/>poss.), 1443.
          <lb/>Hohen-Schwangau 1560), 1867.
          <lb/>Baptista Mantuanus. Voir : Mantua¬
          <lb/>Baumgartner, Bernh. 1447.
          <lb/>nus, Baptista.
          <lb/>Baumgartner, Hieronymus, 1394,
          <lb/>Bar, 1586.
          <lb/>1447, 1547.
          <lb/>Barack (Bibliothécaire, Strasbourg,
          <lb/>Baur-Breitenfeld, Fidel von (Aschaf¬
          <lb/>anc. poss.), 1036, 1158.
          <lb/>fenburg, anc. poss. 1872), 1283.
          <lb/>Barbarus, Franciscus, 151.
          <lb/>Baurgius (Arlatensis, anc. poss.
          <lb/>Barbarus, Hermolaus (Veronensis),
          <lb/>1672), 1282.
          <lb/>658, 1489, 1490, 1873, 1887.
          <lb/>Bausch, H. (médecin, anc. poss.
          <lb/>Barbeck, Hugo (Nürnberg, anc. poss.,
          <lb/>anno 1636), 1940.
          <lb/>1882), 416, 854, 1511, 1616, 2041.
          <lb/>Bauss, Gabriel (Argentinensis, anc.
          <lb/>Barbirianus, Jacobus, 1544.
          <lb/>poss. 1599), 1464.
          <lb/>Bardelonus Jacobus, 1163.
          <lb/>Bayer, Andreas (Stutgardianus), 1026.
          <lb/>Bark, Joh., 232.
          <lb/>Beaulieux (B. U. Paris), 23, 6, 135, 152,
          <lb/>Barlandus, Hadrianus, 90, 93, 94, 95,
          <lb/>198, 264, 294, 693, 710, 756, 843,
          <lb/>97, 98.
          <lb/>945, 992, 1037, 1090, 1163, 1182,
          <lb/>Barlandus, Hubertus, 1468.
          <lb/>1248, 1331, 1387, 1463, 1604, 1632,
          <lb/>Barletta, Gabriel, 153-154.
          <lb/>1663, 1739, 1789, 1795, 1871, 4,
          <lb/>Barletus, Marinus, 152.
          <lb/>1910, 1985, 1993, 2180, 2256,
          <lb/>Barnecovius, Martin (Danus), 473.
          <lb/>2371, 2526.
          <lb/>Baron (anc. poss.), 2164.
          <lb/>Beaumont, Nic. (Bourgogne), 2176.
        </p>
      </div>
    </body>
  </text>
</TEI>
