<?xml version='1.0' encoding='UTF-8'?>
<?xml-model href="https://raw.githubusercontent.com/OpenITI/tei_openiti/master/tei_openiti.rng" type="application/xml" schematypens="http://relaxng.org/ns/structure/1.0"?>
<?xml-model href="https://raw.githubusercontent.com/OpenITI/tei_openiti/master/tei_openiti.rng" type="application/xml" schematypens="http://purl.oclc.org/dsdl/schematron"?>
<TEI xmlns="http://www.tei-c.org/ns/1.0">
  <teiHeader>
    <fileDesc>
      <titleStmt>
        <title/>
      </titleStmt>
      <publicationStmt>
        <p/>
      </publicationStmt>
      <sourceDesc>
        <p/>
      </sourceDesc>
    </fileDesc>
    <profileDesc>
      <calendarDesc>
        <calendar xml:id="ah">
          <p>Anno Hegirae</p>
        </calendar>
      </calendarDesc>
    </profileDesc>
    <xenoData xml:space="preserve">
CREATED: 2024-04-11T12:20:01.183736+00:00
CREATED BY: eScriptorium vpassthistobuildcmd
IMAGE FILENAME: A121078-5310.tif
IMAGE WIDTH: 2408
IMAGE HEIGHT: 3844
</xenoData>
  </teiHeader>
  <text>
    <body>
      <div>
        <p>
          <lb/>1620
          <lb/>Oporinus, Joh. (Bâle), 846, 867,
          <lb/>1173, 1259.
          <lb/>Oppianus, 1670.
          <lb/>Pacatius, Josephus, 1749.
          <lb/>Orelli, 377.
          <lb/>Paccius, Cosmus (Pontifex Florenti¬
          <lb/>Oréol. Voir: Aureolus.
          <lb/>nus 1513), 1913.
          <lb/>Oribasius, 1168.
          <lb/>Pächler, Joh. (Vicarius in Eger
          <lb/>Origenes, 1145, 2153.
          <lb/>41535), 1819, 1924.
          <lb/>Orioli. Voir : Davis &amp;amp; Orioli.
          <lb/>Pack, Henricus, 2466.
          <lb/>Orosius, 331, 1733.
          <lb/>Pack, Otto von, 1235.
          <lb/>Orther, Heinrich (anc. poss. 1631),
          <lb/>Palaephatos, 1750.
          <lb/>1099.
          <lb/>Pall, Michael (Apostolicus Protono¬
          <lb/>Ortlabius, Joh. (anc. poss.), 2139.
          <lb/>tarius, 1508), 2244, 5.
          <lb/>Osiander, Lucas (Hofprediger zu
          <lb/>Palladius, 561, 1848, 1901, 2047, 2395.
          <lb/>Wittenberg), 1562, 1734.
          <lb/>Palmarius, Joh. Baptista, 1887.
          <lb/>Osler, Jacob (Generalsuperintendent
          <lb/>Pals, Gregorius (anc. poss. 1573), 636.
          <lb/>der Druckereien), 171, 970, 977,
          <lb/>Paludanus, 787, 1751, 1752.
          <lb/>1176, 1631.
          <lb/>Pamphilius (Caesariensis), 1099.
          <lb/>Oester, Jacobus (Tübingensis), 171,
          <lb/>Pampst, Paul, 1753.
          <lb/>543.
          <lb/>Panormitanus. Voir : Tudeschis.
          <lb/>Ostermair, Fr. X. (anc. poss. Ingol¬
          <lb/>Panthaleon, Blasius, 2073.
          <lb/>stadt 1871), 117.
          <lb/>Panthaleon Helena, 2073.
          <lb/>Ostrorog, Joh. ab, 1735.
          <lb/>Panthe, Oskar, 1954.
          <lb/>Ostrorog, Stanislaus, Comes ab, 1649.
          <lb/>Panvinius, Onuphrius (Veronese, fratre
          <lb/>Otho, Comes a Solms, 1801.
          <lb/>Eremita Augustiniano), 850, 1754.
          <lb/>Ottenthaler, Paul, 1737.
          <lb/>Panzer, 131, 9, 170, 5, 195, 199, 207,
          <lb/>Ottheinrich, Pfalzgraf bei Rhein, 161,
          <lb/>239, 256, 470, 632, 720, 734, 757,
          <lb/>162, 1881.
          <lb/>880, 894, 957, 989, 1139, 1223, 7,
          <lb/>Otther, 949, 951, 4,5, 6, 8, 9, 960, 1,
          <lb/>9, 1230, 3, 1338, 1458, 1614, 1627,
          <lb/>4, 965, 978, 1005, 1736.
          <lb/>1872, 1892, 2058, 2196, 7, 2309,
          <lb/>Otto, Fr. (antiquaire Mannheim, anc.
          <lb/>2330, 2399, 2440, 2492, 2508.
          <lb/>poss.), 446, 2424.
          <lb/>Papa, Jacobus, 94, 96.
          <lb/>Otto Henricus (Comes Palatinus),
          <lb/>Papinianus, 1659.
          <lb/>604.
          <lb/>Pappus, Jacobus (Lindaviensis), 1078.
          <lb/>Otto, Comes in Solms, 526, 533.
          <lb/>Pappus, Joh., 184, 677, 1244, 1755-66.
          <lb/>Otto von Passau, 1738.
          <lb/>Pappus, Johannes Sigismundus (Lin¬
          <lb/>Otto Phrisingensis (episcopus), 1738,
          <lb/>2388.
          <lb/>daviensis, 1591), 2160, 2232.
          <lb/>Paracelsus, Theophrastus, 1234, 1767-
          <lb/>Ovid, 1740-1748, 2408, 2461d.
          <lb/>Oxford, Bibl. Bodleiana, 75, 80, 81,
          <lb/>1785, 2350.
          <lb/>Parcenius, Franciscus (Soldanus),
          <lb/>144, 216, 231, 233, 257, 9, 281, 2, 6,
          <lb/>290, 3, 7, 299, 342, 369, 371, 9, 385,
          <lb/>1104.
          <lb/>Paris, Nicole (impr. à Troyes et
          <lb/>7, 9, 395, 406, 418, 9, 420, 442a, 444,
          <lb/>587, 606, 613, 627, 634, 654, 8,
          <lb/>Larrivon), 933.
          <lb/>Paris, BN, 16, 25, 29, 55, 105, 111,
          <lb/>663, 6, 690, 701, 5, 718, 727, 756,
          <lb/>134, 156, 159, 165, 166, 174, 176,
          <lb/>786, 799, 801, 3, 4, 5, 6, 814, 824,
          <lb/>187, 196, 197, 201, 203, 204, 207,
          <lb/>844, 895, 903, 4, 921, 4, 992, 1062,
          <lb/>216, 228, 9, 230, 3, 241, 7, 261, 272,
          <lb/>1092, 1119, 1124, 1168, 1176, 1189,
          <lb/>283, 286, 7, 290, 1, 2, 4, 309, 311.
          <lb/>1190, 1, 3, 1214, 6, 1248, 9, 1259,
          <lb/>327, 8, 9, 332, 6, 345, 356, 376, 7, 9,
          <lb/>1303, 1326, 1333, 7, 1368, 1392,
          <lb/>391, 9, 419, 420, 2, 429, 441, 442a,
          <lb/>1412, 7, 1421, 6, 9, 1430, 1443, 8.
          <lb/>444, 463, 470, 481, 2, 491, 500, 521,
          <lb/>1483, 1492, 3, 1515, 6, 1535, 8,
          <lb/>2, 640, 1, 3, 8, 9, 554, 8, 559, 560,
          <lb/>1542, 3, 8, 1552, 1585, 1603, 1757
          <lb/>2, 3, 587, 596, 608, 615, 6, 629,
          <lb/>1762, 1817, 9, 1834, 1851, 7, 1902,
          <lb/>634, 654, 6, 8, 9, 663, 4, 5, 6, 8, 9,
          <lb/>1910, 2, 1945, 1957, 9, 1968, 1974,
          <lb/>696, 705, 8, 710, 712, 4, 6, 9, 722,
          <lb/>2029, 2036, 2068, 2074, 2089, 2090,
          <lb/>739, 754, 5, 764, 9, 777, 781, 2,
          <lb/>3, 8, 2100, 9, 2123, 8, 2131, 2142,
          <lb/>797, 800, I, 805, 6, 8, 811, 3, 6,
          <lb/>2155, 2161, 2180, 1, 2206, 7, 8,
          <lb/>2216, 2221, 4, 7, 2230, 2256, 2256,
          <lb/>916, 8, 9, 921, 2, 3, 4, 925, 8, 934,
          <lb/>2270, 2299, 2321, 2350, 2361, 2, 4.
          <lb/>7, 941, 3, 5, 959, 969, 971, 5, 982, 6.
          <lb/>2379, 2380, I, 2, 4, 2448, 2518,
          <lb/>1004, 1024, 1031, 7, 1038, 1043,
          <lb/>2524.
          <lb/>1090, 7, 1108, 9, 1121, 1141, 5, 7,
        </p>
      </div>
    </body>
  </text>
</TEI>
