<?xml version='1.0' encoding='UTF-8'?>
<?xml-model href="https://raw.githubusercontent.com/OpenITI/tei_openiti/master/tei_openiti.rng" type="application/xml" schematypens="http://relaxng.org/ns/structure/1.0"?>
<?xml-model href="https://raw.githubusercontent.com/OpenITI/tei_openiti/master/tei_openiti.rng" type="application/xml" schematypens="http://purl.oclc.org/dsdl/schematron"?>
<TEI xmlns="http://www.tei-c.org/ns/1.0">
  <teiHeader>
    <fileDesc>
      <titleStmt>
        <title/>
      </titleStmt>
      <publicationStmt>
        <p/>
      </publicationStmt>
      <sourceDesc>
        <p/>
      </sourceDesc>
    </fileDesc>
    <profileDesc>
      <calendarDesc>
        <calendar xml:id="ah">
          <p>Anno Hegirae</p>
        </calendar>
      </calendarDesc>
    </profileDesc>
    <xenoData xml:space="preserve">
CREATED: 2024-04-11T12:19:53.125697+00:00
CREATED BY: eScriptorium vpassthistobuildcmd
IMAGE FILENAME: A121078-5109.tif
IMAGE WIDTH: 2350
IMAGE HEIGHT: 3860
</xenoData>
  </teiHeader>
  <text>
    <body>
      <div>
        <p>
          <lb/>SUMMA Roselle. Voir: TROVAMALA Baptista.
          <lb/>SUMMA SACRAE THEOLOGIAE. Voir: THOMAS Aquinas.
          <lb/>SUMMA Summarum Sylvestriana. Voir: SILVESTER DE
          <lb/>PRIERIO.
          <lb/>SUMMARI-BUCHLEIN
          <lb/>Strasbourg, Chr. Müller, 1559
          <lb/>Ein wolgegründs kunst-reichs Summari Büchlin, aller
          <lb/>Son-(nen Uhr, auff acht oder viereckete stöcklin, in Büch-(sen,
          <lb/>Cylinder, vnd auff guldne ring, auch auff !l glasz, alle mauren,
          <lb/>schreg oder vnschreg zu ]] machen. Auch wie man alle schrege
          <lb/>vnd auszschlag der grad an yedem!] hausz oder fenster,
          <lb/>leichtlich vnd gerecht finden!! solle.
          <lb/>Au-dessus : plan pour un quadran solaire, 1800. (Verso
          <lb/>blanc.)
          <lb/>A la fin : Getruckt zu Straszburg, am Kornmarckt, bey
          <lb/>Christian Müller. (1 1559. (Verso blanc.)
          <lb/>In-4°, car. goth., 32 ff. non ch., sign. A-H, réclames, de nombreuses
          <lb/>figures et croquis se rapportant au texte et planche pliée à la fin.
          <lb/>R. 101.118. Prov. : Hagemann &amp;amp; Co., Strasbourg, 2/xII, 1878; 8M.
          <lb/>2252
          <lb/>SUMMARI-BUCHLEIN
          <lb/>Strasbourg, Chr. Müller hér., 1568
          <lb/>Ein wolgegründs kunst-reichs Summari Büchlein, aller
          <lb/>Son-nen Uhr, auff acht oder viereckete stöcklin, !! in
          <lb/>Büchsen, Cylinder, vnd auff guldene Ring, auch auff!! glasz,
          <lb/>alle mauren, schreg oder vnschreg zu machen. Auch wie
          <lb/>man alle schrege vnnd !! auszschlag der grad an yedem hausz,
          <lb/>oder fenster, leichtlich vnd ge-] recht finden solle.
          <lb/>Même figure que dans l’édition 1559, mais renversée.
          <lb/>Getruckt zu Straszburg am Korn- marckt, bey Christian
          <lb/>Müllers Erben.  Anno 1568. (Verso blanc.)
          <lb/>A la fin: Getruckt zu Straszburg am Kornmarckt, bey
          <lb/>Christian Müllers Erben. Anno 1568. (Feuille de treffle.)
          <lb/>Verso blanc.
          <lb/>In-4°, car. goth., 32 ff. non ch., sign. A-H, réclames, titre rouge et
          <lb/>noir, de nombreuses figures et croquis; réédition de l’impression de
          <lb/>1559.
          <lb/>R. 101.119. Prov. : Trübner, Strasbourg, 27/VI, 1882; 5 M.
          <lb/>A la fin on a ajouté 13 ff. blancs, dont 12 de manuscrits se rapportant
          <lb/>au Quadran solaire.
          <lb/>Baer, Francfort-s.-M., Catalogue 500 (1907), No 1289; 45 M.
          <lb/>2253
          <lb/>1417
        </p>
      </div>
    </body>
  </text>
</TEI>
