<?xml version='1.0' encoding='UTF-8'?>
<?xml-model href="https://raw.githubusercontent.com/OpenITI/tei_openiti/master/tei_openiti.rng" type="application/xml" schematypens="http://relaxng.org/ns/structure/1.0"?>
<?xml-model href="https://raw.githubusercontent.com/OpenITI/tei_openiti/master/tei_openiti.rng" type="application/xml" schematypens="http://purl.oclc.org/dsdl/schematron"?>
<TEI xmlns="http://www.tei-c.org/ns/1.0">
  <teiHeader>
    <fileDesc>
      <titleStmt>
        <title/>
      </titleStmt>
      <publicationStmt>
        <p/>
      </publicationStmt>
      <sourceDesc>
        <p/>
      </sourceDesc>
    </fileDesc>
    <profileDesc>
      <calendarDesc>
        <calendar xml:id="ah">
          <p>Anno Hegirae</p>
        </calendar>
      </calendarDesc>
    </profileDesc>
    <xenoData xml:space="preserve">
CREATED: 2024-04-11T12:19:54.042168+00:00
CREATED BY: eScriptorium vpassthistobuildcmd
IMAGE FILENAME: A121078-5133.tif
IMAGE WIDTH: 2332
IMAGE HEIGHT: 3852
</xenoData>
  </teiHeader>
  <text>
    <body>
      <div>
        <p>
          <lb/>1441
          <lb/>Herman zu Cöllen Churfürsten, als ei-nem Exemplar vnd
          <lb/>Ebenbild der Gedult diser zeit. (Verso blanc.)
          <lb/>A la fin : Getruckt zu Strassburg bei Wendel( Rihel. Jm
          <lb/>Jar M. D. xlvi.
          <lb/>In-4°, car. goth., 24 ff. non ch., sign. a-f, dernier f. blanc, titre courant
          <lb/>réclames, notes marg., init. H, F, I, C.
          <lb/>fol. A 2a :... Herrn Hermann, Ertz-] bischoffen zn Cöln... — Straszburg
          <lb/>den ersten tag Apri- lis, Anno M. D. XLVI... Caspar Hedio. (Préface
          <lb/>de 4 pp.).
          <lb/>R. 101.313. Prov. : Rauthe, Berlin, 6/VII, 1914; 34 M. 2293
          <lb/>TESTAMENTUM duodecim Patriarcharum.
          <lb/>Haguenau, J. Secer, 1532
          <lb/>Testamen!! tum duodecim Pa- triarcharum, filiorum
          <lb/>Iacob, per Rober tum Lincolinensem Episcopum, è! Graeco
          <lb/>in Latinum !uersum. Floruit author Anno M. CC. XLII.
          <lb/>Iuliani!] Pomerii Toleta-ni Episcopi, contra Iudaeos
          <lb/>libri tres.! Hic author floruit Anno Christi!! D. C. LXXXVI.
          <lb/>Haganoae, per Iohanpem SeceriumAnno M. D. XXXII.
          <lb/>Mense Februario. Le titre manque dans mon exemplaire,
          <lb/>il y figure en ms.
          <lb/>A la fin : Haganoae apud lohan-nem Secerium excude¬
          <lb/>batur, Anno à Christo! nato M. D. XXXII.Mense uero
          <lb/>Februario. (Verso blanc.)
          <lb/>In-8°, car. rom., 132 ff. non ch., sign. A-R, titre courant, réclames,
          <lb/>notes marg., init. à fig. T, G.
          <lb/>Au verso du premier f. : Menradus! Moltherus Iohanni (] Secerio
          <lb/>Typographo Egregio... — Nemetum postridie Non. Ianua-!] rijs. Anno
          <lb/>a Jesu nato!! M. D. XXXII.] (écrit à la main).
          <lb/>fol. Ia : Menradus !] Moltherus Augustanus!)... Patri Io- I! hanni
          <lb/>Waiblingio, Mulobrun- Il nensi... — Heidelbergae Non. Ianuariis. Anno...
          <lb/>M. D. XXXII. Epistola nuncupatoria (4 pp.).
          <lb/>fol. I 3a : Tuliani Po!! merii De Compro! batione Aetatis sextae!!
          <lb/>Oratio.
          <lb/>fol. I 4a : ... Reverendo!! Domino Eruigio Regi Iu!! lianus servulus!
          <lb/>uester... (Prologue de 5 pp.).
          <lb/>R. 101.315. Prov. : BN Munich, 15/IV, 1879; 0,60 M. 2294
          <lb/>TESTAMENT DAS ALTE
          <lb/>Strasbourg, J. Knobloch, 1524
          <lb/>Das Annder!! teyl des alten! Testaments.
          <lb/>Getruckt zu Straszburg! M. D. XXIIII. (3 ff. de lierre.)
          <lb/>A la fin : Gedruckt zu Straszburg durchJohan. Knoblouch,
          <lb/>jm jar als man zalt nach der geburt Christi, Funffzehen¬
          <lb/>hundertvnnd vier vnnd zwentzig. Amersten tag des
          <lb/>Hewmonats. (3 ff. de lierre.)
          <lb/>In-fol., car. goth., CXC ff. ch., titre courant, réclames, notes marg.,
          <lb/>init. goth., titre encadré comme No 65.
          <lb/>R. 91
        </p>
      </div>
    </body>
  </text>
</TEI>
