<?xml version='1.0' encoding='UTF-8'?>
<?xml-model href="https://raw.githubusercontent.com/OpenITI/tei_openiti/master/tei_openiti.rng" type="application/xml" schematypens="http://relaxng.org/ns/structure/1.0"?>
<?xml-model href="https://raw.githubusercontent.com/OpenITI/tei_openiti/master/tei_openiti.rng" type="application/xml" schematypens="http://purl.oclc.org/dsdl/schematron"?>
<TEI xmlns="http://www.tei-c.org/ns/1.0">
  <teiHeader>
    <fileDesc>
      <titleStmt>
        <title/>
      </titleStmt>
      <publicationStmt>
        <p/>
      </publicationStmt>
      <sourceDesc>
        <p/>
      </sourceDesc>
    </fileDesc>
    <profileDesc>
      <calendarDesc>
        <calendar xml:id="ah">
          <p>Anno Hegirae</p>
        </calendar>
      </calendarDesc>
    </profileDesc>
    <xenoData xml:space="preserve">
CREATED: 2024-04-11T12:19:52.181611+00:00
CREATED BY: eScriptorium vpassthistobuildcmd
IMAGE FILENAME: A121078-5085.tif
IMAGE WIDTH: 2352
IMAGE HEIGHT: 3852
</xenoData>
  </teiHeader>
  <text>
    <body>
      <div>
        <p>
          <lb/>1393
          <lb/>fol. a2a : Bartholomaevs!! Latomus Ioanni II Sturmio... — Bononiae
          <lb/>II. die Feb. 1! Anno !! M. D. XL. (15 pp.).
          <lb/>fol. b 1b : Ioan. Sturmius !! Bartholomaeo !! Latomo... — Argentorati
          <lb/>pridie Calendas Iunias, !! Anno !! M. D. XL. (21 pp.).
          <lb/>fol. A 1a : Ioan. Stvrmii De Emenda- Il tione Ecclesiae et Re-Il ligionis
          <lb/>Dissidiis! Epistolae. (Feuille de lierre.)... — Argentorati !1 iij. Non.
          <lb/>Aprilis. (54 pp.).
          <lb/>fol. D 4a : Iacobus Sadoletus!! Ioanni Sturmio... — Carpentoracti
          <lb/>Iulij. 11 M. D. XXXIX. (6 pp.)
          <lb/>fol. D 7a : Ioannes Sturmius laco- Il bo Sadoleto Cardinali...
          <lb/>Argentinae 15. Calend. 11 Augusti, Anno !! 1539. (33 pp.)
          <lb/>R. 101.854. Prov. : Bibliothèque Cunitz, Strasbourg, 1886.
          <lb/>2203
          <lb/>STURM Johannes. Voir: CICERO, Orationum volumina tria.
          <lb/>Strasbourg, W. Rihel, 1540
          <lb/>STURM Johannes. Voir CICERO : In hoc volumine haec conti¬
          <lb/>nentur. Rhetoricorum ad C. Herennium libri IV...
          <lb/>Strasbourg, W. Rihel, 1540
          <lb/>STURM Joahnnes. Voir : CICERO, Librorum Philosophicorum
          <lb/>volumen I. II.
          <lb/>Strasbourg, W. Rihel, 1541. R101.681
          <lb/>STURM Johnanes
          <lb/>Strasbourg, W. Rihel, 1542
          <lb/>Ioan. Stur mii, et gymnasii! Argentoratensis lu! ctus
          <lb/>ad Ioachimum!! Camerarium.
          <lb/>Ioannis Sapidi Epitaphia.
          <lb/>Michaelis toxitae rhaetici!! Manes V. Fab. Capitonis, Simonis
          <lb/>Gry- (l naei, &amp;amp; Iacobi Bedrotti.
          <lb/>Item alia quaedumeiusdem.
          <lb/>Cum gratia &amp;amp; priuilegio Caesa-reo, ad Septennium.
          <lb/>(Verso blanc.)
          <lb/>A la fin : Argentorati in aedibus Vuendelini! Rihelij.
          <lb/>Anno M. D. XLII. Mense Iunio. Au verso du dernier f.;
          <lb/>marque typogr. de W. Rihel (H. &amp;amp; B. Planche XXIX, No 2,
          <lb/>Silvestre, No 742).
          <lb/>In-8°, car. ital. et rom., 76 ff. non ch., sign. A-K, et 16 ff. non ch.,
          <lb/>sign. A-B, pour Sapidi Epitaphia; réclames, init. ornées.
          <lb/>fol. A 2a: Ioachimus Came ![ rarius Ioanni Sturmio... — Tubingae XII)
          <lb/>Cal. Aprilis.
          <lb/>R. 102.306 (1). Prov. : Bibl. Ch. Schmidt avec son ex-libris.
          <lb/>Ritter, BM Strasbourg, n° 1993.
          <lb/>2204
          <lb/>STURM Johannes
          <lb/>Strasbourg, W. Rihel, 1543
          <lb/>Ioannis!] Sturmii de amis-sa dicendi ratione, &amp;amp; quomo¬
          <lb/>do ea recuperanda sit!! Libri duo.! Emendati &amp;amp; aucti ab
          <lb/>ipso!! Authore.
          <lb/>R. 88
        </p>
      </div>
    </body>
  </text>
</TEI>
