<?xml version='1.0' encoding='UTF-8'?>
<?xml-model href="https://raw.githubusercontent.com/OpenITI/tei_openiti/master/tei_openiti.rng" type="application/xml" schematypens="http://relaxng.org/ns/structure/1.0"?>
<?xml-model href="https://raw.githubusercontent.com/OpenITI/tei_openiti/master/tei_openiti.rng" type="application/xml" schematypens="http://purl.oclc.org/dsdl/schematron"?>
<TEI xmlns="http://www.tei-c.org/ns/1.0">
  <teiHeader>
    <fileDesc>
      <titleStmt>
        <title/>
      </titleStmt>
      <publicationStmt>
        <p/>
      </publicationStmt>
      <sourceDesc>
        <p/>
      </sourceDesc>
    </fileDesc>
    <profileDesc>
      <calendarDesc>
        <calendar xml:id="ah">
          <p>Anno Hegirae</p>
        </calendar>
      </calendarDesc>
    </profileDesc>
    <xenoData xml:space="preserve">
CREATED: 2024-04-11T12:20:01.954104+00:00
CREATED BY: eScriptorium vpassthistobuildcmd
IMAGE FILENAME: A121078-5320.tif
IMAGE WIDTH: 2410
IMAGE HEIGHT: 3846
</xenoData>
  </teiHeader>
  <text>
    <body>
      <div>
        <p>
          <lb/>1630
          <lb/>Schöningh, Heinrich, 1913.
          <lb/>Schrick (Dr. med.), 2330.
          <lb/>Schoensperger, Hans (impr. Augs¬
          <lb/>Schroeder, Ed., 1217.
          <lb/>bourg), 1916.
          <lb/>Schroteisen, Lucas, 2266.
          <lb/>Schönstedt, Ch. Ed. (Magdebourg anc.
          <lb/>Schubert, Clemens (Lusatius, Spiren¬
          <lb/>poss. 1871), 774.
          <lb/>sis Ecclesiastes), 2100.
          <lb/>Schöpflin, 1160.
          <lb/>Schud (?) Nicolaus (Rosheim, anc.
          <lb/>Schopper (Pastor Bernecensis, anc.
          <lb/>poss.), 2086.
          <lb/>poss.), 917.
          <lb/>Schuler, Gervasius, 2102.
          <lb/>Schopper, Joh. (Abbas), 265, 6.
          <lb/>Schuler, Jos. (anc. poss.), 1274.
          <lb/>Schorbach, Karl, 177, 557, 1402-1404.
          <lb/>Schueler, Gustav (Jena, anc. poss.),
          <lb/>Schorndorf, 587.
          <lb/>2173.
          <lb/>Schorus, Antonius, 2091-96.
          <lb/>Schulten-Kemminghausen, 2269.
          <lb/>Schorus, Henricus, 2097, 8.
          <lb/>Schultes, Orth. (Brême, anc. poss.
          <lb/>Schott, Benedictus (Biennensis, anc.
          <lb/>1656), 528.
          <lb/>poss. anno 1640), 1536.
          <lb/>Schulther, Joh. (Ludovici, ducis
          <lb/>Schott, Jean (impr. Strasbourg), 6, 45,
          <lb/>Wirtenbergensis Cancellarius), 1644.
          <lb/>111, 127, 8, 176, 199, 211, 272-92,
          <lb/>Schumann, Georgius Christophorus
          <lb/>295-97, 301, 2, 304-306, 330, 7,
          <lb/>(anc. poss. 1642), 182.
          <lb/>349-52, 573, 7, 596, 657, 8, 678, 9,
          <lb/>Schunk, 1042.
          <lb/>685, 6, 703, 4, 841, 888, 940, 7,
          <lb/>Schüren. Voir : Monastères.
          <lb/>952, 7, 986, 999, 1000-2, 1014, 1065,
          <lb/>Schürer, Lazare (impr. Sélestat), 744,
          <lb/>1074, 1145, 1168, 1176, 1187, 8,
          <lb/>746, 751, 1629, 1630, 2249, 2374, 5,
          <lb/>1219-21, 1227-32, 1253, 1264-7,
          <lb/>2388, 2427, 2497, 8.
          <lb/>1314-18, 1340, 4, 8, 1384, 5, 8,
          <lb/>Schürer, Mathias (impr. Strasbourg),
          <lb/>1391, 1408, 1410, 4, 1424, 1468,
          <lb/>12, 29, 50, 54-59, 85, 86, 90, 93-97,
          <lb/>1565, 1597, 8, 1603, 1625, 1631,
          <lb/>104, 133, 135-37, 144, 150, 155, 163,
          <lb/>1738, 1743, 1875, 1888, 1894, 5, 7,
          <lb/>166-74, 187, 189, 191, 5, 231, 252,
          <lb/>9, 1902, 1931, 1984, 2025, 2103, 8.
          <lb/>271, 424, 445, 469-71, 487-96, 542,
          <lb/>2183-85, 2191, 2259, 2263, 2306,
          <lb/>560, 605, 632, 3, 673-6, 695, 705-35,
          <lb/>2363, 2413, 2469, 2489, 2524.
          <lb/>738-40, 761, 779, 870, 949, 951,
          <lb/>Schott, Petrus (Argentoratensis 1514),
          <lb/>953-56, 958, 961, 964, 978, 995-7,
          <lb/>1007, 2099.
          <lb/>1003, 5, 6, 1037, 8, 1040-51, 1053,
          <lb/>Schottenloher, 349, 393, 404, 418,
          <lb/>1166, 1201, 1224, 1331, 1390, 1407,
          <lb/>423, 430, 4, 5, 446, 475, 481, 542-
          <lb/>1458, 1470-72, 1496, 1501, 1584, 8,
          <lb/>544, 560, 574, 589, 595, 8, 602, 6.
          <lb/>1621, 1662, 1739-42, 1750, 1794, 5,
          <lb/>620, 5, 634, 645, 653, 670, 2, 684,
          <lb/>1800,1863, 4, 8, 1874, 1883, 5,9, 1890,
          <lb/>6. 703, 837, 847, 866-868, 881, 2, 8,
          <lb/>3, 1905, 1911, 2, 3, 2047-49, 2060-62,
          <lb/>900, 1, 926, 934, 940, 987, 990, 9,
          <lb/>2245-48, 2288, 2367, 9, 2372-2375,
          <lb/>1047, 8, 1059, 1065, 8, 1091, 1101,
          <lb/>2385, 6, 2388, 2394-99, 2421, 7,
          <lb/>1124, 1141, 1215, 7, 1223, 1235,
          <lb/>2454, 2486, 2492, 7, 8, 2508,
          <lb/>1241, 1288, 1314, 1322, 1335, 1342.
          <lb/>2527, 8.
          <lb/>1368, 1384, 1410, 7, 1455, 1479,
          <lb/>Schürstab, Hieronymus (anc. poss.
          <lb/>1501, 1575, 1588, 9, 1601, 1660-62,
          <lb/>anno 1587), 1643.
          <lb/>1666, 8, 1734, 1755, 1767, 1806,
          <lb/>Schuster, Anna, 1455.
          <lb/>1858, 1866, 8, 9, 1871, 6, 1924,
          <lb/>Schüttern. Voir : Monastères.
          <lb/>1962. 8, 1983, 1991, 2025, 2051, 4,
          <lb/>Schütze, J. G. (Magdebourg, anc. poss.
          <lb/>5. 2068, 2071, 2082, 8, 9, 2091,
          <lb/>1707), 774.
          <lb/>2105, 2112, 2120, 2127, 2154, 2166,
          <lb/>Schwan, Jean (impr. Strasbourg),
          <lb/>2190, 1, 2194-96, 2267, 8, 2271, 2,
          <lb/>352, 1674, 2521, 3, 4.
          <lb/>2238, 2332, 2348, 2356, 7, 2408,
          <lb/>Schwartz, Abraham (Altorfensis,
          <lb/>2443, 2453, 2455-57, 2462, 3, 2465a,
          <lb/>Wirtembergicus), 1644, 2104.
          <lb/>2469, 2510-13, 2521, 2525, 2531,
          <lb/>Schwartz, Diebolt, 368.
          <lb/>2533.
          <lb/>Schwartz, Joh. Georg (Diaconus, anc.
          <lb/>Schratt, 1613.
          <lb/>poss.), 804.
          <lb/>Schreiber (Kräuterbücher), 211, 213,
          <lb/>Schwarz (Dr., Berlin, anc. poss. 1883),
          <lb/>215, 287, 289, 290, 1, 302, 3, 1205,
          <lb/>2461d.
          <lb/>1806, 7.
          <lb/>Schwarz, Georg. Voir: Nigrinus.
          <lb/>Schreiber, Erhardus (anc.) poss.),
          <lb/>Schwarz, Henricus, 1089.
          <lb/>1381.
          <lb/>Schwarzenberg, Christophorus, Baron
          <lb/>Schreiber, Hieronymus (Norimber¬
          <lb/>von, 37, 38, 40-42, 1127.
          <lb/>gensis), 588.
          <lb/>Schwarzerd. Voir : Melanchthon.
        </p>
      </div>
    </body>
  </text>
</TEI>
