<?xml version='1.0' encoding='UTF-8'?>
<?xml-model href="https://raw.githubusercontent.com/OpenITI/tei_openiti/master/tei_openiti.rng" type="application/xml" schematypens="http://relaxng.org/ns/structure/1.0"?>
<?xml-model href="https://raw.githubusercontent.com/OpenITI/tei_openiti/master/tei_openiti.rng" type="application/xml" schematypens="http://purl.oclc.org/dsdl/schematron"?>
<TEI xmlns="http://www.tei-c.org/ns/1.0">
  <teiHeader>
    <fileDesc>
      <titleStmt>
        <title/>
      </titleStmt>
      <publicationStmt>
        <p/>
      </publicationStmt>
      <sourceDesc>
        <p/>
      </sourceDesc>
    </fileDesc>
    <profileDesc>
      <calendarDesc>
        <calendar xml:id="ah">
          <p>Anno Hegirae</p>
        </calendar>
      </calendarDesc>
    </profileDesc>
    <xenoData xml:space="preserve">
CREATED: 2024-04-11T12:19:52.825020+00:00
CREATED BY: eScriptorium vpassthistobuildcmd
IMAGE FILENAME: A121078-5104.tif
IMAGE WIDTH: 2348
IMAGE HEIGHT: 3854
</xenoData>
  </teiHeader>
  <text>
    <body>
      <div>
        <p>
          <lb/>1412
          <lb/>partie supérieure, où sur un feston suspendu à deux branches, est perchée
          <lb/>une chouette; à gauche et à droite, des oiseaux becquetant les fruits;
          <lb/>au bas, un écu avec l’aigle impériale et une banderolle avec les mots:
          <lb/>Cum priuilegio imperiali. Au-dessus de l’écu la date 1511 en chiffres arabes.
          <lb/>Cet encadrement est aussi employé par René Beck, Knobloch et M. Flach,
          <lb/>mais d’après les caractères c’est plutôt à Schott qu’il faut attribuer
          <lb/>l’impression.
          <lb/>fol. 2a : Proemium : et diuisio operis.
          <lb/>Au verso du fol. 199 : Laudibus innumeris meruit si tersa reuolui
          <lb/>Quae manus haec pressit : pulchrius ipse tradens.
          <lb/>Pro tempore et loco.
          <lb/>&amp;quot;R10.543. Prov. : Don de Fid. Butsch fils, Stuttgart, 1871.
          <lb/>2e ex. “R. 10.544. Prov. : BN Munich, 5/IV, 1881; 2 M. 50. A l’intérieur
          <lb/>de la couverture : Bibliotheca Palatina; au-dessous, armoiries avec les
          <lb/>lettres CT.
          <lb/>Manque chez Schmidt.
          <lb/>2243
          <lb/>SUBNOTATA. Voir : ATHANASIUS, Opusculum in psalmos.
          <lb/>Strasbourg, M. Schürer, 1508
          <lb/>SUETONIUS
          <lb/>Strasbourg, J. Knobloch, 1510
          <lb/>Suetonij tranquilli il! lustres viri : quos qui Cor-nelio
          <lb/>Nepoti vendicant maxime falli Alexander Minutianus
          <lb/>praeceptor. luce clarius pro bauit.
          <lb/>Ad Lectorem. (2 dist.)
          <lb/>A la fin : Impressum Argentine per Iohannem Knoblouch!
          <lb/>Anno domini. M. D. X, die sequente Vitalis martyris. (Verso
          <lb/>blanc.)
          <lb/>In-4°, car. rom., 48 ff. non ch., sign. A-G, notes marg., init. d’attente,
          <lb/>titre en rouge, les 2 dist. au lecteur en noir.
          <lb/>Les préfaces sont les mêmes que dans l’édition de Schürer 1508.
          <lb/>Au recto du dernier f. : Iulianus Bescus studioso Iuueni. S. (2 dist.)
          <lb/>Au-dessous : Io. Tomas Sertorius Cremonensis Generoso Michaeli!
          <lb/>Pall. Apostolico Prothonotario Maecenati suo... — Taurini. Kal. Octo.
          <lb/>M. D. VIII.
          <lb/>R. 101.806. Don du pasteur Leyrer, Plochingen, 23/IV, 1880.
          <lb/>Schmidt VII, No 70. Jadis Bibl. de Strasbourg. Incun. No 3499.
          <lb/>GKVIII, 7160 (à Aurelius) : BN Munich, BU Goettingen. 2244
          <lb/>SUETONIUS
          <lb/>Strasbourg, M. Schürer, 1512
          <lb/>Suetonii tranquilli Liber illustrium virorum.
          <lb/>Iulianus Bescus studioso Iuueni... (2 dist.)
          <lb/>Ad Lectorem... (2 dist.)! Tempus observa.
          <lb/>A la fin : Argentorat. Ex Aedibus Mathie Schurerij,
          <lb/>Mense I1 Aprili. Anno M. D. XII.
          <lb/>Regnante Imperatore Maximiliano, P. F. Aug.
          <lb/>In-4°, car, rom., 4 ff. non ch., XLIII ff. ch., titre courant, notes marg.,
          <lb/>init. d’attente.
        </p>
      </div>
    </body>
  </text>
</TEI>
