<?xml version='1.0' encoding='UTF-8'?>
<?xml-model href="https://raw.githubusercontent.com/OpenITI/tei_openiti/master/tei_openiti.rng" type="application/xml" schematypens="http://relaxng.org/ns/structure/1.0"?>
<?xml-model href="https://raw.githubusercontent.com/OpenITI/tei_openiti/master/tei_openiti.rng" type="application/xml" schematypens="http://purl.oclc.org/dsdl/schematron"?>
<TEI xmlns="http://www.tei-c.org/ns/1.0">
  <teiHeader>
    <fileDesc>
      <titleStmt>
        <title/>
      </titleStmt>
      <publicationStmt>
        <p/>
      </publicationStmt>
      <sourceDesc>
        <p/>
      </sourceDesc>
    </fileDesc>
    <profileDesc>
      <calendarDesc>
        <calendar xml:id="ah">
          <p>Anno Hegirae</p>
        </calendar>
      </calendarDesc>
    </profileDesc>
    <xenoData xml:space="preserve">
CREATED: 2024-04-11T12:19:59.969351+00:00
CREATED BY: eScriptorium vpassthistobuildcmd
IMAGE FILENAME: A121078-5284.tif
IMAGE WIDTH: 2442
IMAGE HEIGHT: 3866
</xenoData>
  </teiHeader>
  <text>
    <body>
      <div>
        <p>
          <lb/>1594
          <lb/>Dobschütz, (Prof. Strasbourg, anc.
          <lb/>Dyrobacchus, Caspar (Episcopus
          <lb/>poss. 1907), 536.
          <lb/>Wurtzburgensis 1554), 604.
          <lb/>Docander, Fridericus (Landaviensis),
          <lb/>455.
          <lb/>E
          <lb/>Dodgson, 678, 9.
          <lb/>Dolet, Étienne, 661-662.
          <lb/>Ebel, Georgius, 2273.
          <lb/>Dollfus, Edouard (anc. poss.), 941.
          <lb/>Eber, Joh. Wolpert (anc. poss. ex
          <lb/>Dommer (Lutherdrucke), 1323, 1419.
          <lb/>Bibliotheca Hartlaubiana), 1510.
          <lb/>Donaueschingen BM, 1738.
          <lb/>Eber, Paul, 1069, 1544.
          <lb/>Doppelstein, Sebastianus (Basiliensis
          <lb/>Eberbach, Petrus (Erphordensis),
          <lb/>consul), 1031.
          <lb/>2478.
          <lb/>Dörffling &amp;amp; Francke (Leipzig, impr.
          <lb/>Eberhard, Herr zu Rappolstein, 222,
          <lb/>1870), 2453.
          <lb/>Dorinberg, Ludovicus à (anc. poss.
          <lb/>Eberhart, Hergog zu Würtemberg und
          <lb/>1602), 82.
          <lb/>Cork —1568), 1272, 2138.
          <lb/>Döring (Wittenberg, 1523), 2522.
          <lb/>Eberstein, Bernhard von, 1044.
          <lb/>Dõrnberg, baron de (anc. poss. 1890),
          <lb/>Ebert, 957, 964, 976, 2115, 2120a,
          <lb/>82, 130, 484, 532, 1005, 1868, 2394,
          <lb/>2299.
          <lb/>2398.
          <lb/>Eberts, Petrus (Isnensis), 1080, 1653.
          <lb/>Dorothea, Königin zu Dänemark u.
          <lb/>Eberwein. Voir : Cordus, Valerius.
          <lb/>Norwegen, 1569), 2170.
          <lb/>Ebner (Nuremberg, anc. poss. 1817),
          <lb/>Dorothea Ursula (filia Caroli, Marchio
          <lb/>597.
          <lb/>Badensis 1575), 1923.
          <lb/>Ebner, Erasmus, 421, 2318.
          <lb/>Dorpius, Martin, 90, 93, 94, 97, 98,
          <lb/>Ebner, Hieronymus, 2318.
          <lb/>469-472, 633, 744.
          <lb/>ECk, Joh. (Ingolstadt), 111, 962,
          <lb/>Dors, Melchior (apoticaire à Colmar),
          <lb/>1073, 2532.
          <lb/>1768.
          <lb/>Eckhart zum Treubel. Voir : Treubel.
          <lb/>Dortmund BM, 2268.
          <lb/>Eckstein (Dr., anc. poss.), 2225.
          <lb/>Drach, Joh. (Worms), 1090.
          <lb/>Edouard VI, roi d’Angleterre, 417.
          <lb/>Drach, Peter (impr. Spire), 2023.
          <lb/>Edouard, Duc de Sommerset, 563.
          <lb/>Drachstadius, Alexander, 1526.
          <lb/>Edwards (vente 1815), 959.
          <lb/>Dresden Landesbibl., 261, 3, 6, 325,
          <lb/>Egenolff, Christian (impr. Strasbourg),
          <lb/>707, 718, 720, 9, 743, 750, 6, 812,
          <lb/>587, 784, 843, 963, 990, 1, 1268,
          <lb/>917, 928, 936, 1137, 8, 1232, 1738,
          <lb/>1397, 1592, 2290, 2442, 2502.
          <lb/>2266, 8.
          <lb/>Egenolff (Seigneur de Rappolstein,
          <lb/>Drexel, 678.
          <lb/>Hoheneck et Gerolzeck), 221, 2, 566,
          <lb/>Dreyvischius, Mich. (Salzensis), 453.
          <lb/>930, 1030, 1678.
          <lb/>Droetus, Petrus (medicus, e Schola
          <lb/>Eggimann. Ch. (La Licorne), 659,
          <lb/>Parisiensi), 663.
          <lb/>981, 1163, 1251.
          <lb/>Druthmarus, Christianus (Gramma¬
          <lb/>Egidius (frater), 1603.
          <lb/>ticus), 664-665.
          <lb/>Egidius (Viterbiensis), 401.
          <lb/>Duarenus, Fr., 1989.
          <lb/>Egidius, Petrus (Antwerpianus), 90,
          <lb/>Dublin, BU, 327.
          <lb/>93, 94, 97, 98, 103.
          <lb/>Dulcibello, Benedictus (impr. in Su¬
          <lb/>Eginhard, 331.
          <lb/>burbio Novo), 1873.
          <lb/>Eglinger, Werner (Aldingensis), 1653.
          <lb/>Dunlap, J. E. (Symmachus, ed. 1937),
          <lb/>Egnatius, Joh. Baptista (Venetus
          <lb/>2263.
          <lb/>486, 513, 522, 703, 2047, 2051.
          <lb/>Duno, Philippus de (Praepositus eccl.
          <lb/>Egolphus, Joh. (Episcopus Augusta¬
          <lb/>Argentinensis), 2472, 2481.
          <lb/>nus, anc. poss.), 2299.
          <lb/>Dunus, Thadaeus (Locarnensis medi¬
          <lb/>Ehlich, Joh. Phil. (anc. poss. anno
          <lb/>cus), 666.
          <lb/>1740), 1956.
          <lb/>Dunzenhemius, Conrad (Dictator
          <lb/>Ehrhardt, Oscar, 1368.
          <lb/>Argent.), 487, 494, 676, 706, 978,
          <lb/>Ehrmann (Prof. Strasbourg — 1839),
          <lb/>1624, 1800, 1883, 2048, 2367
          <lb/>1676.
          <lb/>Dupuys, Jacques (impr. Paris), 536.
          <lb/>Eichhorn, Dr. (Strasbourg, anc. poss.),
          <lb/>Durandus, Guilhelmus (Minatensis
          <lb/>466, 1938.
          <lb/>ecclesiae episcopus), 667.
          <lb/>Einsiedeln, B. M., 1071, 1738.
          <lb/>Dürer, 826, 970, 986, 1887.
          <lb/>Eisenach, Carl-Alexander-Bibl., 265.
          <lb/>Du Rosier H., 3.
          <lb/>Eisenberg, Wilhelm, Graf zu, 110.
          <lb/>Durus a Pascolo, 2178.
          <lb/>Eisenmann, Georg Heinrich (anc.
          <lb/>Düsseldorf Bibl. Rég., 1842, 3.
          <lb/>poss. 1704), 518, 1355.
        </p>
      </div>
    </body>
  </text>
</TEI>
