<?xml version='1.0' encoding='UTF-8'?>
<?xml-model href="https://raw.githubusercontent.com/OpenITI/tei_openiti/master/tei_openiti.rng" type="application/xml" schematypens="http://relaxng.org/ns/structure/1.0"?>
<?xml-model href="https://raw.githubusercontent.com/OpenITI/tei_openiti/master/tei_openiti.rng" type="application/xml" schematypens="http://purl.oclc.org/dsdl/schematron"?>
<TEI xmlns="http://www.tei-c.org/ns/1.0">
  <teiHeader>
    <fileDesc>
      <titleStmt>
        <title/>
      </titleStmt>
      <publicationStmt>
        <p/>
      </publicationStmt>
      <sourceDesc>
        <p/>
      </sourceDesc>
    </fileDesc>
    <profileDesc>
      <calendarDesc>
        <calendar xml:id="ah">
          <p>Anno Hegirae</p>
        </calendar>
      </calendarDesc>
    </profileDesc>
    <xenoData xml:space="preserve">
CREATED: 2024-04-11T12:20:01.666417+00:00
CREATED BY: eScriptorium vpassthistobuildcmd
IMAGE FILENAME: A121078-5316.tif
IMAGE WIDTH: 2416
IMAGE HEIGHT: 3850
</xenoData>
  </teiHeader>
  <text>
    <body>
      <div>
        <p>
          <lb/>1626
          <lb/>2154, 5, 2164, 2173, 2186, 2191,
          <lb/>2202, 4, 2210, 4, 7, 9, 2220, 2, 3, 5,
          <lb/>Rosenberg, Guilelmus, 1149.
          <lb/>Rosenkranz, Georgius, 2007.
          <lb/>2228, 9, 2230, 1, 3, 4, 5,6, 7, 2245,
          <lb/>Rosenthal (Munich, anc. poss.), 22, 28,
          <lb/>2255, 9, 2263, 2279, 2303, 2306,
          <lb/>2317, 2320, 5, 7, 2330, 2333, 4, 9,
          <lb/>33, 35, 47, 72, 91, 93, 99, 100, 102,
          <lb/>2341, 8, 2354, 8, 9, 2360, 1, 2, 4, 9,
          <lb/>110, 116, 122, 164, 169, 172, 199,
          <lb/>231, 253, 271, 282, 293, 328, 330,
          <lb/>2371, 3, 2380, 2, 2392, 4, 5, 6, 2400,
          <lb/>393, 4, 402, 423, 7, 442, 468, 9, 472,
          <lb/>1, 2411, 9, 2423, 5, 2426, 7, 2433, 7,
          <lb/>475, 486, 640, 1, 756, 8, 761, 5, 8, 9,
          <lb/>2442, 8, 2455, 2472, 5, 9, 2480, 1,
          <lb/>776, 784, 6, 804, 820, 870, 3, 887,
          <lb/>4, 9, 2495, 2501, 2512, 3, 4, 2523,
          <lb/>4, 7. Voir aussi : Strasbourg, BM.
          <lb/>925, 937, 947, 956, 9, 969, 981, 6,
          <lb/>Ritter, Fr. Voir aussi: Heitz &amp;amp; Ritter.
          <lb/>7, 996, 1012, 6, 1020, 1, 1061, 7,
          <lb/>Ritter, S. (Jac. Sadoletus), 2055.
          <lb/>1091, 4, 1163, 5, 1174, 1201, 1210,
          <lb/>Rivius, Joh. (Attendoriensis), 2019,
          <lb/>1237, 1241, 1248, 1267, 1315, 1432,
          <lb/>2095, 2292.
          <lb/>1435, 7, 1444, 1468, 1504, 6, 1509,
          <lb/>Robert Guillaume (Duc), 613.
          <lb/>1517, 1525, 1537, 1540, 6, 1547,
          <lb/>Robertus (évêque de Strasbourg 1521),
          <lb/>1571, 3, 5, 1587, 1598, 1603, 1618,
          <lb/>985.
          <lb/>1639, 1675, 1761, 8, 1780, 1863,
          <lb/>Robertus (Episcopus Abrincensis),
          <lb/>1899, 1903, 1922, 6, 1944, 6, 1959,
          <lb/>1983, 5, 2008, 9, 2068, 2073, 2089,
          <lb/>369.
          <lb/>Robertus (Episcopus Lincolinensis
          <lb/>2094, 2108, 2167, 8, 2193, 5, 2208,
          <lb/>anno 1242), 2294.
          <lb/>2245, 2261, 4, 2273, 6, 2284, 2321,
          <lb/>Robertus (Episcopus Regiensis, 1534),
          <lb/>6, 9, 2333, 2343, 2354, 2355, 2361,
          <lb/>2020.
          <lb/>8, 2380, 1, 3, 2397, 2412, 9, 2441,
          <lb/>Rodefuxius, Georgius (Allendorphen¬
          <lb/>4, 2459, 2465, 6, 2477, 2486, 2494,
          <lb/>sis, anc. poss. 1619), 1199,
          <lb/>2509, 2528.
          <lb/>Röder von Diersberg, Egenolff (Stett¬
          <lb/>Rosinus, Stephanus, 1739.
          <lb/>meister zu Strassburg), 1683, 1696,
          <lb/>Rösnerus, Justus, 2236.
          <lb/>Roesslin, Eucharius, 2025, 6.
          <lb/>9, 1702.
          <lb/>Röder, Ferdinand, 1314.
          <lb/>Roesslin, Helisaeus (der Reichstatt
          <lb/>Röderer, Wolgang, 1736.
          <lb/>Hagenau Physicus, 1593), 2027, 8.
          <lb/>Rodericus de Castello Albo, 1415.
          <lb/>Rostenberg, Leona (New York, anc.
          <lb/>Roderieus (Episcopus Zamorensis),
          <lb/>poss. catal. 22, no 269), 2387.
          <lb/>2021.
          <lb/>Rostock BU, 265, 326, 8, 9, 735, 756.
          <lb/>Rodolphe II de Habsbourg, 399, 423,
          <lb/>2269.
          <lb/>2094, 2150.
          <lb/>Rotenburger, Joh. (anc. poss. 1534),
          <lb/>Rodt, Matthias (Prediger zu Lindau,
          <lb/>1067.
          <lb/>1555), 2022.
          <lb/>Roth, F. W. E., 925, 1132, 1232, 2030.
          <lb/>Rodt, Stephanus, 1442, 1450.
          <lb/>Roth (Geisenheim, anc. poss. 1892);
          <lb/>Rofredus (Beneventanus), 2023.
          <lb/>1081.
          <lb/>Roggenburg. Voir : Monastères.
          <lb/>Rothe, Dr. (Dessau, don 1881), 1277,
          <lb/>Rohrbacher (Linz, anc. poss. 1896),
          <lb/>1505.
          <lb/>Rothmayr, Sigismundus (anc. poss.
          <lb/>Rolicz, Florinus Susliga (a Warscha¬
          <lb/>1574), 146.
          <lb/>via), 1068.
          <lb/>Rotman, Joh. Henr., 184.
          <lb/>Roelinger, Wolfgang, 160.
          <lb/>Rotterdam B., 735, 742, 750, 8.
          <lb/>Roloff, L. (anc. poss.), 825.
          <lb/>Röttig, Joh. Mart. (Sélestat, Ord.
          <lb/>Rome, Bibl. Vaticana, 328. — Rome,
          <lb/>P. Fr. PP. Sacerdos, anc. poss.
          <lb/>1621),1823.
          <lb/>Bibl. Casan., 756.
          <lb/>Rommel (curé à Hofgeismar, anc.
          <lb/>Röttinger, H., 678, 896, 943, 945,
          <lb/>1229, 1235-37, 1623, 2030, 2065,
          <lb/>poss. 1871), 1520.
          <lb/>Roos, Dominicus (Selestadi, anc.
          <lb/>2408.
          <lb/>poss.), 2224.
          <lb/>Röttinger, Sebastianus (anc. poss.
          <lb/>Roerich, W. 263, 346, 361, 369, 732,
          <lb/>anno 1563), 1962.
          <lb/>1145, 1385, 1453, 1599, 1676, 2514.
          <lb/>Roufach. Voir : Monastères.
          <lb/>Roersch, L., 1335.
          <lb/>Rous, Conrad, 2120a.
          <lb/>Rosecranzius, Otto (Danus), 906.
          <lb/>Roverella, D. B., 1880.
          <lb/>Rosellus, Hartmann (anc. poss. anno
          <lb/>Rubner, A. (Caminarius), 920.
          <lb/>Rudel, Georgius (Kittingen), 1085.
          <lb/>1675), 1578.
          <lb/>Rudinus, Joh. Jacobus, 1031.
          <lb/>Rosenbach, Zacharias (anc. poss.
          <lb/>1630), 1171.
          <lb/>Rudolphi &amp;amp; Klemm (Zürich, anc.
          <lb/>poss, 1887), 2373, 4.
        </p>
      </div>
    </body>
  </text>
</TEI>
