<?xml version='1.0' encoding='UTF-8'?>
<?xml-model href="https://raw.githubusercontent.com/OpenITI/tei_openiti/master/tei_openiti.rng" type="application/xml" schematypens="http://relaxng.org/ns/structure/1.0"?>
<?xml-model href="https://raw.githubusercontent.com/OpenITI/tei_openiti/master/tei_openiti.rng" type="application/xml" schematypens="http://purl.oclc.org/dsdl/schematron"?>
<TEI xmlns="http://www.tei-c.org/ns/1.0">
  <teiHeader>
    <fileDesc>
      <titleStmt>
        <title/>
      </titleStmt>
      <publicationStmt>
        <p/>
      </publicationStmt>
      <sourceDesc>
        <p/>
      </sourceDesc>
    </fileDesc>
    <profileDesc>
      <calendarDesc>
        <calendar xml:id="ah">
          <p>Anno Hegirae</p>
        </calendar>
      </calendarDesc>
    </profileDesc>
    <xenoData xml:space="preserve">
CREATED: 2024-04-11T12:19:58.187839+00:00
CREATED BY: eScriptorium vpassthistobuildcmd
IMAGE FILENAME: A121078-5248.tif
IMAGE WIDTH: 2400
IMAGE HEIGHT: 3860
</xenoData>
  </teiHeader>
  <text>
    <body>
      <div>
        <p>
          <lb/>1558
          <lb/>&amp;quot;R. 101.597. Prov. : Bibl. Böcking 1596.
          <lb/>Schmidt V, No 120 ; Ritter, BM Strasbourg, No 2235.
          <lb/>2495
          <lb/>WIMPHELING Jacobus
          <lb/>Strasbourg, J. Knobloch, 1516
          <lb/>Jacobi Vuim-pfelingij Schlettstatensis Elegantiae !]
          <lb/>maiores... (comme dans les éd. 1513 et 1515).
          <lb/>A la fin : Elegantias hasce Vuimpfelingianas castigatiori¬
          <lb/>bus formis Apud Tribotes Ioann. Knob- louchius opera
          <lb/>quoque qua potuit (] vigilantiori exscripsit.A.
          <lb/>M. D. XVI. (Verso blanc.)
          <lb/>In-4°, car, rom., 28 ff. non ch., sign. A-E, titre courant, init. ornée N
          <lb/>et init. d’attente; titre encadré : bordures latérales, des piliers ornés;
          <lb/>bordure supérieure, au milieu deux griffons tenant chacun une corne
          <lb/>d’abondance, bande inférieure 5 génies dont l’un sonne la trompette,
          <lb/>tirant et poussant un sixième, couché sur un plat.
          <lb/>Dédicace des éd. 1513 et 1515.
          <lb/>R. 101.596. Prov. : Bibl. Böcking 1597.
          <lb/>Annotations mss. au verso du f. de garde : « (Riegger) Amoenitates
          <lb/>Friburg. Erhard unbekannt gebliebene Ausgabe».
          <lb/>Proctor II, Sectio I, No 10.326 : Londres, British Museum.
          <lb/>2496
          <lb/>WIMPHELING Jacobus
          <lb/>Sélestat Laz. Schürer, 1518
          <lb/>(Feuille de lierre) Gravamina! Germanicae Nationis!! cum
          <lb/>remedijs &amp;amp; auisamentis ad Cae- saream Maiestatem. (Verso
          <lb/>blanc.)
          <lb/>A la fin du texte,.. Anno decimo octauo post Millesimum &amp;amp;
          <lb/>quin gentesimum.
          <lb/>Ad incrementum Germaniae &amp;amp; dei gloriam, Selestadij
          <lb/>impressum in!! officina Schüreriana.
          <lb/>In-4°, car. rom., 11 ff. non ch., sign. A-C, titre courant, réclame à la
          <lb/>fin du feuillet B.
          <lb/>fol. B 3a : P. Raesteriscus D. Jac. (Vimphelingo diuinarum Jurarum
          <lb/>Licentiato S. D.... — Kalendas Decembr. Anno !] Christi M. D. XI.
          <lb/>R. 100.427. Prov. : Bibl. Ch. Schmidt avec son ex-libris.
          <lb/>2e ex. R. 101.802. Prov. : Trübner, Strasbourg, 6/VI, 1883; 5 M.
          <lb/>Autre exemplaire. Grand Séminaire, Strasbourg Inc. A 166.
          <lb/>2497
          <lb/>WIMPHELING Jacobus
          <lb/>Sélestal, Laz. Schürer, 1520
          <lb/>(Feuille de lierre,) Divo (feuille de lierre) Maximiliano
          <lb/>Iu ] bente Pragmaticae sancti-onis Medulla ex-( cerpta.
          <lb/>(Verso blanc.)
          <lb/>A la fin : Selestadii in Aedibus! Lazari Schurerii, Mense
          <lb/>Ma-] io. An. M. D. XX.
          <lb/>In-4°, car, rom., 17 ff. non ch., sign. A-D, titre courant, réclames,
        </p>
      </div>
    </body>
  </text>
</TEI>
