<?xml version='1.0' encoding='UTF-8'?>
<?xml-model href="https://raw.githubusercontent.com/OpenITI/tei_openiti/master/tei_openiti.rng" type="application/xml" schematypens="http://relaxng.org/ns/structure/1.0"?>
<?xml-model href="https://raw.githubusercontent.com/OpenITI/tei_openiti/master/tei_openiti.rng" type="application/xml" schematypens="http://purl.oclc.org/dsdl/schematron"?>
<TEI xmlns="http://www.tei-c.org/ns/1.0">
  <teiHeader>
    <fileDesc>
      <titleStmt>
        <title/>
      </titleStmt>
      <publicationStmt>
        <p/>
      </publicationStmt>
      <sourceDesc>
        <p/>
      </sourceDesc>
    </fileDesc>
    <profileDesc>
      <calendarDesc>
        <calendar xml:id="ah">
          <p>Anno Hegirae</p>
        </calendar>
      </calendarDesc>
    </profileDesc>
    <xenoData xml:space="preserve">
CREATED: 2024-04-11T12:20:00.464032+00:00
CREATED BY: eScriptorium vpassthistobuildcmd
IMAGE FILENAME: A121078-5295.tif
IMAGE WIDTH: 2460
IMAGE HEIGHT: 3862
</xenoData>
  </teiHeader>
  <text>
    <body>
      <div>
        <p>
          <lb/>Henricus de Hassia, 1132-35.
          <lb/>Henricus de Vrimaria, 1136.
          <lb/>Hessus, Joh., 1506.
          <lb/>Hestor, Joh. Dr (anc. poss.), 889.
          <lb/>Henricus, Dux Bavariae, 1631.
          <lb/>Hesychius, 1163.
          <lb/>Henricus, Dux Saxoniae, 1464.
          <lb/>Heyden, Sebaldus, 2500.
          <lb/>Henricus Julius (Postulatus episcopus
          <lb/>Heyl, Max, 1419.
          <lb/>Halberstatensis), 1295.
          <lb/>Heynvogel, Conrad, 2408.
          <lb/>Hepp, Joh., 509.
          <lb/>Heysche (pasteur à Ernsdorf, près
          <lb/>Heppius, Casparus, 2096.
          <lb/>Reichenbach, Silésie, don 1871),
          <lb/>Herb, Fanny, 2315.
          <lb/>1558, 2139.
          <lb/>Herb, Joachim (Strasbourg), 854.
          <lb/>Heyse (autogr. 1838), 177.
          <lb/>Herdegen, 2298.
          <lb/>Hibbert, 2193.
          <lb/>Heresbach, Conr., 1141.
          <lb/>Hiemeier, 1165.
          <lb/>Hergheim, Samuel (anc. poss.), 2431.
          <lb/>Hieremias (patriarcha Constantinopo¬
          <lb/>Herlin, Christian, 1142.
          <lb/>litanus), 910.
          <lb/>Herlin, Martin 1522), 986, 1042.
          <lb/>Hiero Alexandrinus, 814.
          <lb/>Hermann (Erzbischof zu Köln, Chur¬
          <lb/>Hierocles Stoicus, 1166, 1625.
          <lb/>fürst, 1546), 511, 516, 521, 534,
          <lb/>Hieron, 2504.
          <lb/>1099,2293.
          <lb/>Hieronymus St. 359, 1793, 1955,
          <lb/>Hermann Adolph, Graf zu Solms, 118,
          <lb/>2153, 2525.
          <lb/>1246, 2392.
          <lb/>Hieronymus de Prague, 1964.
          <lb/>Hermann, Daniel (Borussus), 1039.
          <lb/>Hieronymus de Villa Vitis, 1167.
          <lb/>Hermann, Joh. Phil. (anc. poss.), 1818.
          <lb/>Hiersemann (Leipzig, anc. poss.),
          <lb/>Hermann (Prof. Strasbourg, anc.
          <lb/>1079, 1083, 4, 1085, 6, 7, 8, 9,
          <lb/>poss.), 219, 287, 291, 302, 5, 395,
          <lb/>2012, 2109, 2156-2163.
          <lb/>587, 8, 894, 5, 1048, 1139, 1146-50,
          <lb/>Hilarius S., 1793.
          <lb/>1160, 1176, 1205, 1244, 1321, 1415,
          <lb/>Hiltebrant, Joh., 702, 1128, 9.
          <lb/>1670, 1806, 2035, 2044, 2119, 2350.
          <lb/>Hippocrates, 180, 1170, 1, 1497, 2272.
          <lb/>Hermann, comte de Nuenaar, 291,
          <lb/>Hippolytus a Collibus, 2190.
          <lb/>301.
          <lb/>Hirnbach, Josephus, 1547.
          <lb/>Hermogenes, 805, 1296, 2219, 2220,
          <lb/>Hirnhammer Joh. Seb. 1586.
          <lb/>2222, 3, 6.
          <lb/>Hirsch, Cornelius, 2325.
          <lb/>Herodianus, 1153, 4.
          <lb/>Hirsch, Emil (Munich, anc. poss. 1935),
          <lb/>Hérodote, 481, 482.
          <lb/>207, 951, 1866, 2197, 2492.
          <lb/>Herold, Joh., 793, 1155-58.
          <lb/>Hirzel, S. (Leipzig, anc. poss.), 834,
          <lb/>Herr, Michael (medicus Argentinen¬
          <lb/>886, 1234, 1767, 2532.
          <lb/>sis), 160-162, 561, 679, 1048, 1895,
          <lb/>Hiso, Joh. (Badensis), 3, 107, 1596,
          <lb/>2115, 6, 2267.
          <lb/>1902, 2367.
          <lb/>Hers, J., 1263.
          <lb/>Hist, Conr., 2082.
          <lb/>Hertel, Leonhard (1556), 2225.
          <lb/>Hochfeder, C. (Metz 1500), 869.
          <lb/>Herter, Mathaeus, 395, 1160.
          <lb/>Hochfelder (anc. poss.), 583, 1730.
          <lb/>Hertlein F. C., Prof. (Heidelberg, anc.
          <lb/>Hochfelder, Paul, 1643.
          <lb/>poss. 1881), 526.
          <lb/>Hochstraten, J. 2.
          <lb/>Herwagen, Jean (impr. Strasbourg),
          <lb/>Hock von Brackenau, Wendelin (mé¬
          <lb/>33, 180, 325, 354-56, 442a, 777, 935,
          <lb/>decin), 999.
          <lb/>1048, 1099, 1322, 1324-30, 1421, 2,
          <lb/>Hoffmann, C., 1400.
          <lb/>8, 1435, 7, 9, 1506, 1508-14, 1516,
          <lb/>Hoffmann, Valentin (Ostheymensis,
          <lb/>1520, 1749, 2069.
          <lb/>anc. poss. anno 1514), 1983.
          <lb/>Herwagius, Joh. (Watertingius), 472.
          <lb/>Hofmann, A. (Berlin), 1051.
          <lb/>Herz, Joh. (von Understorp, anc.
          <lb/>Hofmann, Georgius, 1085.
          <lb/>poss.), 2436.
          <lb/>Hofmann, Joh. (Cleinlangheimensis,
          <lb/>Herzog, Bernhard, 1162, 2027.
          <lb/>Francus), 458, 587.
          <lb/>Hesler, Joh., 2226.
          <lb/>Hofmann, Melchior, 365, 6.
          <lb/>Hess (Ellwangen, anc. poss.), 209,
          <lb/>Hofman, Petrus (consul à Lintz, anc.
          <lb/>1132, 2284, 2406.
          <lb/>Hess, Salomon, 1662.
          <lb/>poss. 1549), 878.
          <lb/>Hofmiller, Matthias (Gruestet, anc.
          <lb/>Hess &amp;amp; Cie (München, poss. 1896),
          <lb/>poss. 1583), 2431.
          <lb/>1956, 2202, 2312.
          <lb/>Hessberg, Wolff von (Amptmann zu
          <lb/>Hogerus, Petrus (anc. poss.), 884.
          <lb/>Colmburg), 883.
          <lb/>Hohenfelder (anc. poss. 1585), 2125.
          <lb/>Hessus. Voir: Eobanus Hessus.
          <lb/>Hohenlohe, Sigismond, 261, 1180, 1,
          <lb/>1322.
          <lb/>1605
        </p>
      </div>
    </body>
  </text>
</TEI>
