<?xml version='1.0' encoding='UTF-8'?>
<?xml-model href="https://raw.githubusercontent.com/OpenITI/tei_openiti/master/tei_openiti.rng" type="application/xml" schematypens="http://relaxng.org/ns/structure/1.0"?>
<?xml-model href="https://raw.githubusercontent.com/OpenITI/tei_openiti/master/tei_openiti.rng" type="application/xml" schematypens="http://purl.oclc.org/dsdl/schematron"?>
<TEI xmlns="http://www.tei-c.org/ns/1.0">
  <teiHeader>
    <fileDesc>
      <titleStmt>
        <title/>
      </titleStmt>
      <publicationStmt>
        <p/>
      </publicationStmt>
      <sourceDesc>
        <p/>
      </sourceDesc>
    </fileDesc>
    <profileDesc>
      <calendarDesc>
        <calendar xml:id="ah">
          <p>Anno Hegirae</p>
        </calendar>
      </calendarDesc>
    </profileDesc>
    <xenoData xml:space="preserve">
CREATED: 2024-04-11T12:19:57.567222+00:00
CREATED BY: eScriptorium vpassthistobuildcmd
IMAGE FILENAME: A121078-5231.tif
IMAGE WIDTH: 2386
IMAGE HEIGHT: 3860
</xenoData>
  </teiHeader>
  <text>
    <body>
      <div>
        <p>
          <lb/>1541
          <lb/>ecclesias suas, tanquam sponsas repudiatas, pro derelictis
          <lb/>haben!! tes, atque dimittentes, penitus desolatas relinquunt...
          <lb/>— Et impremissorum testimonium Sigillum officii nostri
          <lb/>vicariatus presentibus est sub impressum. Datum de-! cima
          <lb/>die mensis Julij : Anno domini Milesimo quingentesimo decimo
          <lb/>sexto.
          <lb/>Placard in-fol., car. goth., init. ornée W.
          <lb/>R. 86. Prov. : Rosenthal, Munich, 20/x, 1884; 18 M. Note mss. au
          <lb/>verso: 1517.
          <lb/>2465
          <lb/>WILLICHIUS Jodocus
          <lb/>Strasbourg, Crato Mylius, 1539
          <lb/>Commen taria in artem poeticam Horatii Authore.
          <lb/>Iodoco Vuillichio! Reselliano.
          <lb/>Marque typ. de Cr. Mylius (H. &amp;amp; B. Planche XXVII, NO 8).
          <lb/>M. D. XXXIX.Cum gratia, &amp;amp; Priuilegio Imp.
          <lb/>Au verso, marque typ. de Mylius. (H. &amp;amp; B. Planche XXVIII,
          <lb/>n° 11 ; Silvestre, No 1266.)
          <lb/>A la fin : Argentorati apudCratonem Mylium! mense
          <lb/>Mart.M. D.XXXX. (Feuille de lierre.)
          <lb/>In-8°, car. ital. et grecs, 187 pp. ch., 2 ff. non ch., 1 f. blanc, titre courant,
          <lb/>réclames, manchettes, init. à fig. N.
          <lb/>Au verso du titre : ôbtAAxίoν osgsλAtαvoῦ (3 dist, grecs).
          <lb/>P. 3-6 : Medicina- I) rum, D. Doctori, &amp;amp; illustriss. Cardinalis Alberti II
          <lb/>Archiatro, Philippo Buchamero, Iodocus!! Vuillichius Resellianus. !
          <lb/>S. D. P... — Francophordij cis Viadrum!] Natalicijs Christi!] Anno
          <lb/>Domini. ! M. D. XXXIX. 11 (Feuille de lierre).
          <lb/>R. 102.461 (3). Prov. : Fr. Haerpfer, Prague (Catal. 98, N° 729), 17/x,
          <lb/>1883, 10 M. Au milieu du titre : Monasterij Elehinsensis.
          <lb/>Bibliographie de Willich : Schottenloher II, Nos 22546-22548.
          <lb/>2465a
          <lb/>WILLICHIUS Jodocus
          <lb/>Strasbourg, Cr. Mylius, 1540
          <lb/>IodociWillichii!! Reselliani, Arithmeticae libri! tres.
          <lb/>Marque typ. de Crato Mylius (H. &amp;amp; B. Planche XXVII, N°5;
          <lb/>Silvestre, No 1264.)
          <lb/>Argentorati!! M. D. XL.
          <lb/>Cum Gratia &amp;amp; Priuilegio. (Verso blanc.)
          <lb/>A la fin : Argentorati ex Officina! Cratonis Mylii, ! Mense
          <lb/>Sept. ! Anno!! M. D. XL. (Verso blanc.)
          <lb/>Au verso du dernier f. blanc, marque typ. de Mylius
          <lb/>(H. &amp;amp; B. Planche XXVII, No 6; Silvestre, No 626.)
          <lb/>In-8°, car, ital., 225 pp. ch. et 1 f. non ch., titre courant, réclames,
          <lb/>notes marg., init. ornée J, grandes init. à fig. N, J; quelques figures
          <lb/>arithmétiques.
          <lb/>fol. A 2b-A 5a : Dédicace : Nobili et strennuo Il uiro, Henrico à Pack,
          <lb/>Praesidi)] Corbusiano, Iodocus!! Vuillichius!)... — Francofordij
        </p>
      </div>
    </body>
  </text>
</TEI>
