<?xml version='1.0' encoding='UTF-8'?>
<?xml-model href="https://raw.githubusercontent.com/OpenITI/tei_openiti/master/tei_openiti.rng" type="application/xml" schematypens="http://relaxng.org/ns/structure/1.0"?>
<?xml-model href="https://raw.githubusercontent.com/OpenITI/tei_openiti/master/tei_openiti.rng" type="application/xml" schematypens="http://purl.oclc.org/dsdl/schematron"?>
<TEI xmlns="http://www.tei-c.org/ns/1.0">
  <teiHeader>
    <fileDesc>
      <titleStmt>
        <title/>
      </titleStmt>
      <publicationStmt>
        <p/>
      </publicationStmt>
      <sourceDesc>
        <p/>
      </sourceDesc>
    </fileDesc>
    <profileDesc>
      <calendarDesc>
        <calendar xml:id="ah">
          <p>Anno Hegirae</p>
        </calendar>
      </calendarDesc>
    </profileDesc>
    <xenoData xml:space="preserve">
CREATED: 2024-04-11T12:19:49.718240+00:00
CREATED BY: eScriptorium vpassthistobuildcmd
IMAGE FILENAME: A121078-5033.tif
IMAGE WIDTH: 2370
IMAGE HEIGHT: 3878
</xenoData>
  </teiHeader>
  <text>
    <body>
      <div>
        <p>
          <lb/>1341
          <lb/>Annorum Mundi, Du- cta per sacram Scripturam &amp;amp; Tempora
          <lb/>quatuor Mo- narchiarum, &amp;amp; Olympiadarum Graecorum,
          <lb/>atqueAnnorum ab Urbe Roma condita.In Qua Oculari
          <lb/>Demonstratione Spectan- da proponuntur ea, quae in
          <lb/>Quatuor Libris Clementis Schuberti!! De Scrupulis Chronolo¬
          <lb/>gorum prolixè tractantur... (4 lignes.)
          <lb/>Marque typ. de B. Jobin. (H. &amp;amp; B. Planche XXXVII, n° 4.)
          <lb/>Argentorati Excudebat Bernhardus Jobinus.
          <lb/>M. D. LXXV. (Verso blanc.)
          <lb/>II
          <lb/>In-fol., car, rom., 84 ff. non ch. pour le texte, sign. H-V, et 85 pp. ch.
          <lb/>pour la Chronologie, sign. A-L; titre courant, réclames, notes marg.,
          <lb/>belles et grandes init, à fig. M, V, H, P et init. ornées, P, A; bandes d’orne¬
          <lb/>ment.
          <lb/>fol. 2a :... Principi! ac Domino, Domino Ludovico, Duci à Wir-]
          <lb/>tenberg &amp;amp; Teck, comiti Montis Beli- Il gardi... Clemens Schubertus,
          <lb/>Ecclesiastes!! Spirensis ad S. Augustinum.
          <lb/>fol. 3b : Typographvs Lectori...
          <lb/>fol. A : Pio et Candido!! Lectori!! David Chytraeus.
          <lb/>fol. A 3b : Epigramma de Monarchijs, !) Philippi Melanthonis. (8 dist.)
          <lb/>fol. A 4a : Praefatio ad !] Amicum, et Candidum!! Lectorem.
          <lb/>R. 10.239. Prov. : Harrwitz, Berlin, 27/xI, 1896; 6 M. 30.
          <lb/>¬
          <lb/>A l’intérieur de la couverture : Ex-libris de Max Harrwitz.
          <lb/>BN Paris : G. 710, Oxford, Bibl. Bodleiana.
          <lb/>2100
          <lb/>SCHULER Gervasius
          <lb/>Haguenau, A. Farkall, 1527
          <lb/>AIn schon christ!! enlich lied mit seiner aus-!] legung durch
          <lb/>Geruasium Schuler der gemeynndyener Im wortt zu Bisch-
          <lb/>weyler Beschribenn wölches lieds, fürnämbstenn punc-tenn
          <lb/>an dem anderen teyl dises blatts ! werdenn angezeygt.
          <lb/>Mit ettlichen beschluszreden, am end disz büchlins!! zu
          <lb/>samen gestelt, mitt wölchen die wält klugen Argument der
          <lb/>bildschirmer werden vffgelöst vnd ver ! antwurt. Psalmo
          <lb/>cxxxxiiij. Herr neyg die hymmel... (5 lignes.)
          <lb/>2. Samuelis 15. Herr mach den ratschlag Ahitophel zur
          <lb/>narheyt.
          <lb/>A la fin avant les errata : Gedruckt zu Haganaw durch
          <lb/>Amandum farckal.
          <lb/>In-4°, car. goth., 42 ff. non ch., verso du dernier f. blanc, réclames,
          <lb/>notes marg., init. à fig. I, N, titre rouge et noir, en haut et en bas bande
          <lb/>d’ornement.
          <lb/>fol. a 2a : ... Herren Clausenn!! Kniewissen der loblichenn Freystatt
          <lb/>Strosz !] burg alten Ammeyster... Geruasius!! Schüler... — Geben am
          <lb/>zwölften tag des Mertzen. Anno. 1.5.27 (2 p.).
          <lb/>R. 102.392. Prov. : Antiquaire Staat, Strasbourg, 16/IV, 1913; 17 M. 60.
          <lb/>Voir : [Culmann, F. W.] : Skizzen aus Gervasius Schulers Leben u.
          <lb/>Wirken in Zürich, Bischweiler, Bremgarten, Basel, Memmingen u.
          <lb/>Lenzburg, von 1520 bis 1563. Vom Verfasser des Geschichte von Bisch¬
          <lb/>weiler. Strassburg, J. Kräuter, 1855. In-8°, 184 pp.
          <lb/>2102
        </p>
      </div>
    </body>
  </text>
</TEI>
