<?xml version='1.0' encoding='UTF-8'?>
<?xml-model href="https://raw.githubusercontent.com/OpenITI/tei_openiti/master/tei_openiti.rng" type="application/xml" schematypens="http://relaxng.org/ns/structure/1.0"?>
<?xml-model href="https://raw.githubusercontent.com/OpenITI/tei_openiti/master/tei_openiti.rng" type="application/xml" schematypens="http://purl.oclc.org/dsdl/schematron"?>
<TEI xmlns="http://www.tei-c.org/ns/1.0">
  <teiHeader>
    <fileDesc>
      <titleStmt>
        <title/>
      </titleStmt>
      <publicationStmt>
        <p/>
      </publicationStmt>
      <sourceDesc>
        <p/>
      </sourceDesc>
    </fileDesc>
    <profileDesc>
      <calendarDesc>
        <calendar xml:id="ah">
          <p>Anno Hegirae</p>
        </calendar>
      </calendarDesc>
    </profileDesc>
    <xenoData xml:space="preserve">
CREATED: 2024-04-11T12:19:57.050156+00:00
CREATED BY: eScriptorium vpassthistobuildcmd
IMAGE FILENAME: A121078-5219.tif
IMAGE WIDTH: 2376
IMAGE HEIGHT: 3864
</xenoData>
  </teiHeader>
  <text>
    <body>
      <div>
        <p>
          <lb/>1529
          <lb/>Für! süchtigen vnd weisen herren zu Straszburg, der Bepst Il
          <lb/>ler Mesz (als die aller gröst gots lesterung) abgethon. Gott
          <lb/>geb auch andern Stetten vnd Landen, gnad vnd vffgang seins
          <lb/>worts vnd siner !! herrlichkeit, vnnd heyls erkantnüsz,Amen.
          <lb/>In-4°, car. goth., 4 ff. non ch., sign. A (verso du dernier f. blanc), init.
          <lb/>ornée W.
          <lb/>R 102.337. Prov. : Vente Rettig, Strasbourg, 2/x1, 1894; 12 M. 50.
          <lb/>2451
          <lb/>WEBER Johannes
          <lb/>Strasbourg, J. Prüss, 1530
          <lb/>Lasz tafel! auff das tausent! Fünffhundert!! vnd Dreyssi¬
          <lb/>gest! Jar.
          <lb/>Johannes Weber von!Weyssenhorn der Freyen Künst!
          <lb/>vnd Artzney! Doctor.
          <lb/>A la fin : Gedruckt zu Straszburg! durch Hans Preüszsen.
          <lb/>(Verso blanc.)
          <lb/>In-8°, car. goth., 16 ff. non ch. sign. a-b, titre courant, titre rouge et
          <lb/>noir; calendrier rouge et noir.
          <lb/>Au verso du titre: Jm iar so man zelt! Tausent Fünffhundert vnd!!
          <lb/>XXX Jar ist Sontag buch !] stab B Die guldin zal XI. ]] Der sonnen
          <lb/>zirckel. XXVII. ! Der Römer zal III.
          <lb/>fol. b 7a : Von allen Adern die man!! gewonlich zu vnsern zeitten!!
          <lb/>pfleget zu lassen.
          <lb/>R. 100.620. Prov. : Vente Reiber, Strasbourg, 11 mai au 19 juin 1896;
          <lb/>sans indic. du prix.
          <lb/>2452
          <lb/>WEIHEMAIER L. Voir: EUPHEMIAI.
          <lb/>WEISEN, die alten. Voir : BUCH der Weisheit.
          <lb/>WEISS Pantaleon. Voir: CANDIDUS Pantaleon.
          <lb/>WELLER Hieronymus
          <lb/>Strasbourg, Cr. Mylius, 1546
          <lb/>Brevis explicatio epi! stolarum domini-calium per
          <lb/>totum annum, aedita à D. Hieronymo!! Wellero.
          <lb/>Marque typ. de Cr. Mylius. (H. &amp;amp; B. Planche XXVII,
          <lb/>No 5.
          <lb/>Argentorati apud Cratonem Mylium, Anno Domini
          <lb/>M. D. XLVI. (Verso blanc.)
          <lb/>Au recto du dernier f. : Argentorati apud Cratonem
          <lb/>Myliuman. M. D. XLVI. men- se martio.
          <lb/>Au verso, marque typ. de Cr. Mylius. (H. &amp;amp; B. Planche
          <lb/>XXVIII, N° 11.)
          <lb/>In-8°, car, rom., ital. et goth., 331 pp. ch., 6 pp. non ch. (Index et
          <lb/>explicit), titre courant, réciames, init. ornée P, à fig. E; p. 3-12 : Illustris¬
        </p>
      </div>
    </body>
  </text>
</TEI>
