<?xml version='1.0' encoding='UTF-8'?>
<?xml-model href="https://raw.githubusercontent.com/OpenITI/tei_openiti/master/tei_openiti.rng" type="application/xml" schematypens="http://relaxng.org/ns/structure/1.0"?>
<?xml-model href="https://raw.githubusercontent.com/OpenITI/tei_openiti/master/tei_openiti.rng" type="application/xml" schematypens="http://purl.oclc.org/dsdl/schematron"?>
<TEI xmlns="http://www.tei-c.org/ns/1.0">
  <teiHeader>
    <fileDesc>
      <titleStmt>
        <title/>
      </titleStmt>
      <publicationStmt>
        <p/>
      </publicationStmt>
      <sourceDesc>
        <p/>
      </sourceDesc>
    </fileDesc>
    <profileDesc>
      <calendarDesc>
        <calendar xml:id="ah">
          <p>Anno Hegirae</p>
        </calendar>
      </calendarDesc>
    </profileDesc>
    <xenoData xml:space="preserve">
CREATED: 2024-04-11T12:19:52.160670+00:00
CREATED BY: eScriptorium vpassthistobuildcmd
IMAGE FILENAME: A121078-5084.tif
IMAGE WIDTH: 2352
IMAGE HEIGHT: 3852
</xenoData>
  </teiHeader>
  <text>
    <body>
      <div>
        <p>
          <lb/>1392
          <lb/>Au-dessous : M. D. XXXIX.Cum gratia, &amp;amp; priuilegio
          <lb/>Imp. (Verso blanc.)
          <lb/>In-8°, car. rom., 8 ff. non ch., 196 pp. ch. et 2 ff. non ch. (Crato Mylius
          <lb/>Studiosis... Argentinae, quinto Idus Martias Anno M. D. XXXIX, puis
          <lb/>Errata), titre courant, réclames, notes marg., init. ornées F, I, S, P.
          <lb/>Au verso du dernier f. marque typ. de Cr. Mylius. (H. &amp;amp; B. Planche
          <lb/>XXVII, No 6.)
          <lb/>fol. a 2 : Illustrissimo Principi Wolfgango comiti Palatino &amp;amp; Duci
          <lb/>Bauariae...
          <lb/>Ioannes Sturmius S. P. D... — Argentorati, sexto Idus Martias Anno
          <lb/>M. D. XXXIX.
          <lb/>R. 101.702. Prov. : Don de la Bibl. Universitaire de Königsberg, 1872;
          <lb/>de nombreuses annotations mss.
          <lb/>Walter : Sélestat, N° 2276.
          <lb/>2201
          <lb/>STURM Johannes
          <lb/>Strasbourg, W. Rihel, 1539
          <lb/>De Lite (I rarum Ludis!Recte aperien.- dis Liber.
          <lb/>Marque typ. de Wend. Rihel. (H. &amp;amp; B. Planche XXIX, N° 1.)
          <lb/>Argentorati apud Wen delinum Rihelium. (Verso blanc.)
          <lb/>A la fin, fol. 45 : Argentorati apud!!Wendelinum Rihelium.
          <lb/>Mense Martio(! Anno. M. D. XXXIX.
          <lb/>In-8, car. ital., 45 ff. ch., 3 ff. non ch., dont les 2 derniers blancs, titre
          <lb/>courant, réclames, notes marg., init. ornée A.
          <lb/>fol. A 2a: Ioannis!! Sturmii Ad !!... Iacobum Sturmium, Nicola !! um
          <lb/>Cnipsium, Iacobum Meierum..., etc.
          <lb/>Au verso du dernier f. : D. Nicolaus Gerbelius !] ad lectorem. (3 dist.).
          <lb/>Au-dessous : Ioan. Sapidus Selestadien. 1l ad lectorem. (4 dist.).
          <lb/>R. 100.633. Prov. : J. Hess, Ellwangen, 3/V, 1892; 2 M.
          <lb/>2e ex. M 12.808. Prov, inconnue.
          <lb/>Ritter, BM Strasbourg, n° 1991.
          <lb/>2202
          <lb/>STURM Johannes
          <lb/>Strasbourg, Cr. Mylius, 1540
          <lb/>Epistolae!! Duae Duorum Amicorum! Bartholomaei
          <lb/>Latomi, &amp;amp; Ioannis Sturmii,] de dissidio periculoque Germa¬
          <lb/>niae, &amp;amp; per!! quos stet, quo minus concor- diae ratio inter
          <lb/>partes!! ineatur.
          <lb/>Item Alia Quaedam Stur-] mij, de emendatione Ecclesiae,
          <lb/>&amp;amp; religionis contro-!]uersijs.
          <lb/>Marque typ. de Cr. Mylius. (H. &amp;amp; B. Planche XXVII, No5;
          <lb/>Silvestre, No 1264.)
          <lb/>Argent. M. D. XL. (Verso blanc.)
          <lb/>A la fin : Ex Officina Cratonis Cratomiliani Argentora¬
          <lb/>tensis, Mense Septembri. Anno.! M. D. XL.
          <lb/>Au verso, marque typ. de Cr. Mylius. (H. &amp;amp; B. Planche
          <lb/>XXVII, No 6; Silvestre, No 626.)
          <lb/>In-8°, car. rom., 68 ff. non ch., sign. a-c, A-F, titre courant, réclames,
          <lb/>init. à fig. S, L, O, L, A.
        </p>
      </div>
    </body>
  </text>
</TEI>
