<?xml version='1.0' encoding='UTF-8'?>
<?xml-model href="https://raw.githubusercontent.com/OpenITI/tei_openiti/master/tei_openiti.rng" type="application/xml" schematypens="http://relaxng.org/ns/structure/1.0"?>
<?xml-model href="https://raw.githubusercontent.com/OpenITI/tei_openiti/master/tei_openiti.rng" type="application/xml" schematypens="http://purl.oclc.org/dsdl/schematron"?>
<TEI xmlns="http://www.tei-c.org/ns/1.0">
  <teiHeader>
    <fileDesc>
      <titleStmt>
        <title/>
      </titleStmt>
      <publicationStmt>
        <p/>
      </publicationStmt>
      <sourceDesc>
        <p/>
      </sourceDesc>
    </fileDesc>
    <profileDesc>
      <calendarDesc>
        <calendar xml:id="ah">
          <p>Anno Hegirae</p>
        </calendar>
      </calendarDesc>
    </profileDesc>
    <xenoData xml:space="preserve">
CREATED: 2024-04-11T12:19:06.515799+00:00
CREATED BY: eScriptorium vpassthistobuildcmd
IMAGE FILENAME: Catalogue des incunables ne figurant pas à la Bibliothèque nationale et universitaire de Strasbourg - IIIe partie093.tif
IMAGE WIDTH: 2482
IMAGE HEIGHT: 3912
</xenoData>
  </teiHeader>
  <text>
    <body>
      <div>
        <p>
          <lb/>REGINALDUS, Petrus : Fundamentum scolarium. —
          <lb/>Haguenau, H. Gran 1494, in-4°.
          <lb/>Hain 13769.
          <lb/>599
          <lb/>REUCHLIN, Johannes : Vocabularius breviloquus. — Stras¬
          <lb/>bourg, (impr. du Jordanus — Georges Husner) 6. XI.
          <lb/>1489, in-fol.
          <lb/>Copinger 6294; Ritter : B M Strasbourg n° 273.
          <lb/>600
          <lb/>REUCHLIN, Johannes : Vocabularius breviloquus. —
          <lb/>Strasbourg, impr. du Jordanus — Georges Husner)
          <lb/>26. VII. 1491, in-fol.
          <lb/>Copinger 6295; Voulliéme : Berlin 2444, 5 et Bonn 1221. 601
          <lb/>REUCHLIN, Johannes : Vocabularius breviloquus. — Guarinus
          <lb/>Veronensis: Ars diphtongandi. — Johannes de Lapide:
          <lb/>Dialogus de arte punctuandi. — Tractatus de accentu. —
          <lb/>Strasbourg, (imprimeur du Jordanus — Georges Husner)
          <lb/>25. VIII, 1495, in-fol.
          <lb/>Copinger 6298; Madsen 3493, Proctor 637; Voulliéme:
          <lb/>Berlin 2456; Rosenthal (Munich) Catal. 135, n° 586. 602
          <lb/>REUCHLIN, Johannes. Scenica progymnasmata. — (Strasbourg,
          <lb/>Jean Grüninger 1497), in-4°.
          <lb/>Hain 13881; Graesse VI, p. 95.
          <lb/>603
          <lb/>REUCHLIN, Joh. Voir : BRANT, Seb, n° 138.
          <lb/>RINGELTINGEN, Thüring von. Voir; THUERING von
          <lb/>Ringeltingen.
          <lb/>ROBERTUS Lincolensis : Sermones quadragesimales... —
          <lb/>(Strasbourg, Martin Schott 3. IX. 1485), in-fol.
          <lb/>Hain 4436; Proctor 395; Scott, (Suppl. Schmidt II), n° 5. —
          <lb/>Londres, Brit. Mus.
          <lb/>604
          <lb/>ROBERTUS Lincolensis : Sermones per adventum domini cum
          <lb/>91
        </p>
      </div>
    </body>
  </text>
</TEI>
