<?xml version='1.0' encoding='UTF-8'?>
<?xml-model href="https://raw.githubusercontent.com/OpenITI/tei_openiti/master/tei_openiti.rng" type="application/xml" schematypens="http://relaxng.org/ns/structure/1.0"?>
<?xml-model href="https://raw.githubusercontent.com/OpenITI/tei_openiti/master/tei_openiti.rng" type="application/xml" schematypens="http://purl.oclc.org/dsdl/schematron"?>
<TEI xmlns="http://www.tei-c.org/ns/1.0">
  <teiHeader>
    <fileDesc>
      <titleStmt>
        <title/>
      </titleStmt>
      <publicationStmt>
        <p/>
      </publicationStmt>
      <sourceDesc>
        <p/>
      </sourceDesc>
    </fileDesc>
    <profileDesc>
      <calendarDesc>
        <calendar xml:id="ah">
          <p>Anno Hegirae</p>
        </calendar>
      </calendarDesc>
    </profileDesc>
    <xenoData xml:space="preserve">
CREATED: 2024-04-11T12:19:06.238522+00:00
CREATED BY: eScriptorium vpassthistobuildcmd
IMAGE FILENAME: Catalogue des incunables ne figurant pas à la Bibliothèque nationale et universitaire de Strasbourg - IIIe partie073.tif
IMAGE WIDTH: 2482
IMAGE HEIGHT: 3926
</xenoData>
  </teiHeader>
  <text>
    <body>
      <div>
        <p>
          <lb/>MARTINUS Polonus : Sermones de tempore et de sanctis. —
          <lb/>Strasbourg 1480, in-fol.
          <lb/>Hain 10853.
          <lb/>451
          <lb/>MARTINUS Polonus : Sermones de tempore et de sanctis. —
          <lb/>Strasbourg 1486, in-fol.
          <lb/>Hain 10855.
          <lb/>452
          <lb/>MARTINUS, Polonus : Margarita Decreti. — (Strasbourg,
          <lb/>impr. des Casus breves — Georges Husner! 1493, in-fol.
          <lb/>Hain 10847; Polain 2626, Proctor 734, Voulliéme : Berlin
          <lb/>2520.
          <lb/>453
          <lb/>MARTINUS, Polonus : Margarita decreti. — Strasbourg 1494,
          <lb/>in-fol.
          <lb/>Hain 10849.
          <lb/>454
          <lb/>MARTYROLOGIUM : Ordinis Sancti Benedicti. (Strasbourg,
          <lb/>Jean Prüss vers 1500), in-fol.
          <lb/>Madsen 2691.
          <lb/>455
          <lb/>MARTYROLOGIUM quod et Viola sanctorum inscribitur. —
          <lb/>Strasbourg, Mathias Hupfuff 1492, in-4°.
          <lb/>Hain 10871.
          <lb/>456
          <lb/>MATHEOLUS Perusinus : De memoria augenda. — (Strasbourg,
          <lb/>Henri Knoblochtzer vers 1480), in-4°,
          <lb/>Copinger 3912, Proctor 385, Schorbach-Spirgatis n° 35. 457
          <lb/>MEDITATIONES de vita et beneficiis salvatoris Jesu Christi.
          <lb/>— (Strasbourg, Jean Prüss s. d.), in-8°.
          <lb/>Rosenthal (Munich), Catal. 135 (1914) n° 1232, (dit circa
          <lb/>1488); Voulliéme Berlin 2397 à Thomas a Kempis.
          <lb/>458
          <lb/>MEFFRET : Sermones aestivales et hiemales. — Strasbourg,
          <lb/>impr. du Jordanus — Georges Husner), 1484, in-fol.
          <lb/>Hain 11003.
          <lb/>459
          <lb/>71
        </p>
      </div>
    </body>
  </text>
</TEI>
