<?xml version='1.0' encoding='UTF-8'?>
<?xml-model href="https://raw.githubusercontent.com/OpenITI/tei_openiti/master/tei_openiti.rng" type="application/xml" schematypens="http://relaxng.org/ns/structure/1.0"?>
<?xml-model href="https://raw.githubusercontent.com/OpenITI/tei_openiti/master/tei_openiti.rng" type="application/xml" schematypens="http://purl.oclc.org/dsdl/schematron"?>
<TEI xmlns="http://www.tei-c.org/ns/1.0">
  <teiHeader>
    <fileDesc>
      <titleStmt>
        <title/>
      </titleStmt>
      <publicationStmt>
        <p/>
      </publicationStmt>
      <sourceDesc>
        <p/>
      </sourceDesc>
    </fileDesc>
    <profileDesc>
      <calendarDesc>
        <calendar xml:id="ah">
          <p>Anno Hegirae</p>
        </calendar>
      </calendarDesc>
    </profileDesc>
    <xenoData xml:space="preserve">
CREATED: 2024-04-11T12:19:05.824154+00:00
CREATED BY: eScriptorium vpassthistobuildcmd
IMAGE FILENAME: Catalogue des incunables ne figurant pas à la Bibliothèque nationale et universitaire de Strasbourg - IIIe partie044.tif
IMAGE WIDTH: 2484
IMAGE HEIGHT: 3938
</xenoData>
  </teiHeader>
  <text>
    <body>
      <div>
        <p>
          <lb/>EVANGELIUM mit der glos und Epistel teutsch. — Strasbourg,
          <lb/>Martin Schott 1491, in-fol.
          <lb/>Hain 6740. (Double (?) de n° 249l.
          <lb/>251
          <lb/>EXCEPTIONES legum Romanorum. En plus : Tractatus
          <lb/>actionum. — Strasbourg, Jean Schott 4. XI. 1500,
          <lb/>in-4°.
          <lb/>G W 9493, Hain 6759, Proctor 764, Ritter, Rép. Inc. 163;
          <lb/>Voulliéme: Berlin 2563, Brit. Mus. Cat. I, 167. Musé Plantin
          <lb/>Anvers, B N Berlin, Munich, Vienne etc.
          <lb/>252
          <lb/>EXERCITIUM puerorum grammaticale. — Haguenau, Henri
          <lb/>Gran 30. VII. 1491, in-4°.
          <lb/>G W 9499, Hain-Copinger 6768, Proctor 3173; Brit. Mus.
          <lb/>Catal. III, 682; Ritter, Rép. Inc. 164; Voullième : Berlin
          <lb/>1169. Burg n° 10: B M Haguenau. Sélestat; Londres etc. 253
          <lb/>EXERCITIUM puerorum grammaticale. — Strasbourg, (Georges
          <lb/>Husner! 1494, in-40.
          <lb/>G W 9501; Hain 6770; Proctor 737; Schramm, Bilderschmuck.
          <lb/>vol. 19 grav. 10, Brit. Mus. Cat. I, 160. B N Berlin, Munich,
          <lb/>Vienne etc.
          <lb/>254
          <lb/>EXERCITIUM puerorum grammaticale — (Strasbourg,
          <lb/>Georges Husner] 26. X. 1495, in-4°.
          <lb/>G W 9502, Hain 6771, Schreiber vol. XIX, grav. 10;
          <lb/>Voulliéme : Berlin 2527, 18. B N Berlin, Munich, B M
          <lb/>Mayence etc.
          <lb/>255
          <lb/>EXERCITIUM puerorum grammaticale — (Strasbourg, Georges
          <lb/>Husner) 21. VI. 1498, in-4°.
          <lb/>G W 9504, Hain-Reichl, 6772, Nachtr. 121; Schramm XIX,
          <lb/>grav. 10. Bâle, Fribourg en Br., Giessen, B N Vienne etc. 256
          <lb/>EXHORTATIO de celebratione missae. — (Strasbourg,
          <lb/>H. Knoblochtzer 1482), in-4°.
          <lb/>G W 9512, Hain 6776; Reichling I, 141; Walter n° 190;
          <lb/>42
        </p>
      </div>
    </body>
  </text>
</TEI>
