<?xml version='1.0' encoding='UTF-8'?>
<?xml-model href="https://raw.githubusercontent.com/OpenITI/tei_openiti/master/tei_openiti.rng" type="application/xml" schematypens="http://relaxng.org/ns/structure/1.0"?>
<?xml-model href="https://raw.githubusercontent.com/OpenITI/tei_openiti/master/tei_openiti.rng" type="application/xml" schematypens="http://purl.oclc.org/dsdl/schematron"?>
<TEI xmlns="http://www.tei-c.org/ns/1.0">
  <teiHeader>
    <fileDesc>
      <titleStmt>
        <title/>
      </titleStmt>
      <publicationStmt>
        <p/>
      </publicationStmt>
      <sourceDesc>
        <p/>
      </sourceDesc>
    </fileDesc>
    <profileDesc>
      <calendarDesc>
        <calendar xml:id="ah">
          <p>Anno Hegirae</p>
        </calendar>
      </calendarDesc>
    </profileDesc>
    <xenoData xml:space="preserve">
CREATED: 2024-04-11T12:19:06.093642+00:00
CREATED BY: eScriptorium vpassthistobuildcmd
IMAGE FILENAME: Catalogue des incunables ne figurant pas à la Bibliothèque nationale et universitaire de Strasbourg - IIIe partie063.tif
IMAGE WIDTH: 2482
IMAGE HEIGHT: 3954
</xenoData>
  </teiHeader>
  <text>
    <body>
      <div>
        <p>
          <lb/>JOHANNES de Hildesheim : (Idem). — (Strasbourg, Henri
          <lb/>Knoblochtzer s. d.], in-fol.
          <lb/>Hain 9401; Schorbach-Spirgatis n° 42; Voulliéme : Berlin 2222.
          <lb/>385
          <lb/>JOHANNES Junior: Sermones de sanctis. — Strasbourg 1481,
          <lb/>in-fol.
          <lb/>Hain 9439.
          <lb/>386
          <lb/>JOHANNES JUNIOR : Scala coeli. — [Strasbourg, Jacobus Eber
          <lb/>14831, in-fol.
          <lb/>Hain 9407, Walter n° 269; Pellechet 5270; Proctor 511 (a);
          <lb/>Schmidt IV, p. 1, n° 1; Voulliéme : Berlin 2336. — Jadis
          <lb/>Bibl. de Strasbourg, Incun, n° 2675 et Bibl. S. Guillaume;
          <lb/>BN Berlin; Hiersemann (Leipzig) Catal, 550 (1925) n° 78:
          <lb/>80 M.
          <lb/>387
          <lb/>JOHANNES DE TAMBACO : De consolatione theologiae.
          <lb/>(Strasbourg, Georg Reyser 4 avril 1466 (?)] (ou environ
          <lb/>1475).
          <lb/>Hain 15236, Walter n° 272. Proctor 338; Madsen 2222;
          <lb/>Ritter: B M Strasbourg n° 294; Voulliéme : Berlin 2171;
          <lb/>Baer (Francfort s. M.) Catal, 500 (1905), n° 330 ; 75 M. Madsen
          <lb/>et Voulliéme : impr. du Henricus Ariminensis.
          <lb/>388
          <lb/>JOHANNES de Verdena : Sermones dormi secure de sanctis. —
          <lb/>Strasbourg, Jean Prüss s. d., in-fol.
          <lb/>Proctor 565.
          <lb/>389
          <lb/>JOHANNES de Verdena : Sermones dormi secure dominicales.—
          <lb/>Strasbourg, Jean Grüninger s. d., in-4°.
          <lb/>Voulliéme : Berlin 2322, 4.
          <lb/>390
          <lb/>JOHANNES de Verdena : Sermones dormi secure de sanctis. —
          <lb/>Strasbourg, Jean Grüninger s. d., in-4°.
          <lb/>Voulliéme : Berlin 2322, 5.
          <lb/>391
          <lb/>61
          <lb/>4
        </p>
      </div>
    </body>
  </text>
</TEI>
