<?xml version='1.0' encoding='UTF-8'?>
<?xml-model href="https://raw.githubusercontent.com/OpenITI/tei_openiti/master/tei_openiti.rng" type="application/xml" schematypens="http://relaxng.org/ns/structure/1.0"?>
<?xml-model href="https://raw.githubusercontent.com/OpenITI/tei_openiti/master/tei_openiti.rng" type="application/xml" schematypens="http://purl.oclc.org/dsdl/schematron"?>
<TEI xmlns="http://www.tei-c.org/ns/1.0">
  <teiHeader>
    <fileDesc>
      <titleStmt>
        <title/>
      </titleStmt>
      <publicationStmt>
        <p/>
      </publicationStmt>
      <sourceDesc>
        <p/>
      </sourceDesc>
    </fileDesc>
    <profileDesc>
      <calendarDesc>
        <calendar xml:id="ah">
          <p>Anno Hegirae</p>
        </calendar>
      </calendarDesc>
    </profileDesc>
    <xenoData xml:space="preserve">
CREATED: 2024-04-11T12:19:05.488136+00:00
CREATED BY: eScriptorium vpassthistobuildcmd
IMAGE FILENAME: Catalogue des incunables ne figurant pas à la Bibliothèque nationale et universitaire de Strasbourg - IIIe partie020.tif
IMAGE WIDTH: 2468
IMAGE HEIGHT: 3926
</xenoData>
  </teiHeader>
  <text>
    <body>
      <div>
        <p>
          <lb/>BEDA, Venerabilis: Historia ecclesiastica gentis Anglorum. —
          <lb/>(Strasbourg, H. Eggestein vers 1475/78), in-fol.
          <lb/>G W 3756; GK 14, 9726; Hain 2732; Copinger 933;
          <lb/>Pellechet 2017; Proctor 284, Voulliéme : Berlin 2143. B N
          <lb/>Berlin, Munich, Vienne etc.
          <lb/>105
          <lb/>BEDA Venerabilis: Historia ecclesiastica gentis Anglorum. —
          <lb/>(Strasbourg, Georges Husner vers 1500), in-fol. (A la
          <lb/>suite de : Eusebius, Historia ecclesiastical, n° 244.
          <lb/>Polain, Catalogue des Bibl. de Belgique n° 1431.
          <lb/>106
          <lb/>BEDEUTUNG, Kraft, Tugend und Wirksamkeit des Agnus
          <lb/>Dei. — (Strasbourg, J. Prüss vers, 1500). Placard
          <lb/>?x113 mm.
          <lb/>G W 3761; Einblattdrucke 420. — Bibl. Rég. Wolfenbüttel
          <lb/>(incomplet).
          <lb/>107
          <lb/>BEETS, Johannes : Compendium super decem praeceptis
          <lb/>decalogi. — Strasbourg, 1489.
          <lb/>G W 3763; l’unique ex. de la Bibl. épiscopale St. Pölten y est
          <lb/>introuvable. Hain 2737.
          <lb/>108
          <lb/>BERCHORIUS. Voir: BÜCHERANZEIGE, n° 169.
          <lb/>BERGMANN, Joh. Voir: BRanT, Seb., n° 138.
          <lb/>BERINGER : Die Historie von dem Ritter Beringer. —
          <lb/>Strasbourg, (Mathias Brant 14195, in-8°.
          <lb/>G W 3869; Copinger 951; Facsimiles seltener Drucke in
          <lb/>Nachbildungen I; Schmidt V, n° 2 (l’attribue à Mathias
          <lb/>Hupfuff). — Musée Germanique de Nuremberg.
          <lb/>109
          <lb/>BERNARDUS (Pseudo-I : Epistola de gubernatione rei fami¬
          <lb/>liaris. — (Strasbourg, J. Prüss vers 1484). Placard
          <lb/>294 x211 mm.
          <lb/>G W 3971; Einblattdrucke 443. — Rosenthal (Munich)
          <lb/>incomplet.
          <lb/>110
          <lb/>18
        </p>
      </div>
    </body>
  </text>
</TEI>
