<?xml version='1.0' encoding='UTF-8'?>
<?xml-model href="https://raw.githubusercontent.com/OpenITI/tei_openiti/master/tei_openiti.rng" type="application/xml" schematypens="http://relaxng.org/ns/structure/1.0"?>
<?xml-model href="https://raw.githubusercontent.com/OpenITI/tei_openiti/master/tei_openiti.rng" type="application/xml" schematypens="http://purl.oclc.org/dsdl/schematron"?>
<TEI xmlns="http://www.tei-c.org/ns/1.0">
  <teiHeader>
    <fileDesc>
      <titleStmt>
        <title/>
      </titleStmt>
      <publicationStmt>
        <p/>
      </publicationStmt>
      <sourceDesc>
        <p/>
      </sourceDesc>
    </fileDesc>
    <profileDesc>
      <calendarDesc>
        <calendar xml:id="ah">
          <p>Anno Hegirae</p>
        </calendar>
      </calendarDesc>
    </profileDesc>
    <xenoData xml:space="preserve">
CREATED: 2024-04-11T12:19:05.810741+00:00
CREATED BY: eScriptorium vpassthistobuildcmd
IMAGE FILENAME: Catalogue des incunables ne figurant pas à la Bibliothèque nationale et universitaire de Strasbourg - IIIe partie043.tif
IMAGE WIDTH: 2484
IMAGE HEIGHT: 3938
</xenoData>
  </teiHeader>
  <text>
    <body>
      <div>
        <p>
          <lb/>EUSEBIUS, Caesariensis : Historia ecclesiastica, latine Ruffino
          <lb/>interprete. Accedit. Beda (Venerabilis) Ecclesiastica
          <lb/>historia gentis Anglorum cum utraque historiarum
          <lb/>annotationes. — (Strasbourg, Georges Husner vers 1500),
          <lb/>in-fol.
          <lb/>G W 9439; Hain-Cop. 6714, Pellechet 4640, Proctor 747,
          <lb/>Brit. Mus. Cat. I, 162; Polain, Catalogue des Bibl. de la Bel¬
          <lb/>gique n° 1431. (Ritter, Rép. Inc. 161). Aix-en-Provence,
          <lb/>Amiens, Bruxelles et de nombreux autres.
          <lb/>244
          <lb/>EUSEBIUS, Caesariensis : Historia ecclesiastica per Ruffinum
          <lb/>traducta. — Strasbourg, (Martin Schott) 1500.
          <lb/>Copinger 2356: « this is differend from Hain 6714». 245
          <lb/>EUSEBIUS, Caesariensis : Ecclesiastica historia. — Haguenau
          <lb/>1500, in-4°.
          <lb/>Hain 6715.
          <lb/>246
          <lb/>EVANGELIA und Episteln mit der glos. — Strasbourg,
          <lb/>Martin Schott 4. X. 1481, in-fol.
          <lb/>Copinger 2323; Schmidt II, 1: B M Sélestat.
          <lb/>247
          <lb/>EVANGELIA und Episteln mit der glos. — (Strasbourg,
          <lb/>Thomas Anshelm 10. I. 1488), in-fol.
          <lb/>Hain 6736, Schmidt IV, p. 1, no 2; Voulliéme : Berlin 2518;
          <lb/>Weislinger 412.
          <lb/>248
          <lb/>EVANGELIA und Episteln mit der glos. — (Strasbourg,
          <lb/>Martin Schott (27. VIIII 1491), in-fol.
          <lb/>Hain 6740; Gopinger 259; Schmidt II, n° 10; Voulliéme:
          <lb/>Berlin 2236. Panzer, Annalen I, 188; Weislinger 558.
          <lb/>249
          <lb/>EVANGELIA mit Uslegungen der glos und Epistel. — Stras¬
          <lb/>bourg, J. Grüninger, 28 mars, 1498, in-fol.
          <lb/>Hain 6745; Copinger 259, Kristeller 89, Schmidt I, n° 35;
          <lb/>Voulliéme : Berlin 2303.
          <lb/>250
          <lb/>41
        </p>
      </div>
    </body>
  </text>
</TEI>
