<?xml version='1.0' encoding='UTF-8'?>
<?xml-model href="https://raw.githubusercontent.com/OpenITI/tei_openiti/master/tei_openiti.rng" type="application/xml" schematypens="http://relaxng.org/ns/structure/1.0"?>
<?xml-model href="https://raw.githubusercontent.com/OpenITI/tei_openiti/master/tei_openiti.rng" type="application/xml" schematypens="http://purl.oclc.org/dsdl/schematron"?>
<TEI xmlns="http://www.tei-c.org/ns/1.0">
  <teiHeader>
    <fileDesc>
      <titleStmt>
        <title/>
      </titleStmt>
      <publicationStmt>
        <p/>
      </publicationStmt>
      <sourceDesc>
        <p/>
      </sourceDesc>
    </fileDesc>
    <profileDesc>
      <calendarDesc>
        <calendar xml:id="ah">
          <p>Anno Hegirae</p>
        </calendar>
      </calendarDesc>
    </profileDesc>
    <xenoData xml:space="preserve">
CREATED: 2024-04-11T12:19:06.439579+00:00
CREATED BY: eScriptorium vpassthistobuildcmd
IMAGE FILENAME: Catalogue des incunables ne figurant pas à la Bibliothèque nationale et universitaire de Strasbourg - IIIe partie087.tif
IMAGE WIDTH: 2484
IMAGE HEIGHT: 3930
</xenoData>
  </teiHeader>
  <text>
    <body>
      <div>
        <p>
          <lb/>PARATUS (Idem). — [Strasbourg, Martin Flach s. d.), in-4°.
          <lb/>Hain 12402, Polain 3515, Madsen 3040, Voulliéme : Berlin 2516.
          <lb/>554
          <lb/>PARATUS (Idem). — (Strasbourg, Martin Flach s. d.] in-4°.
          <lb/>Hain 12403, Polain 3516, Proctor 722.
          <lb/>555
          <lb/>PARATUS (Idem). — Strasbourg, Martin Flach s. d.), in-fol.
          <lb/>Hain 12404; Proctor 730.
          <lb/>556
          <lb/>PARATUS (Idem). — Strasbourg, Martin Flach 1491, in-fol.
          <lb/>Copinger II, 4600.
          <lb/>557
          <lb/>PARATUS (Idem). — Haguenau, Henri Gran 1500, in-4°.
          <lb/>Copinger II, 4601.
          <lb/>558
          <lb/>PAULSDORF, Martin. Voir : Agenda Wratislaviensis, n° 16.
          <lb/>PELBARTUS de Themeswar : Expositio libri Psalmorum,
          <lb/>Hymnorum et Soliloquorum. — Strasbourg 1487, in-fol.
          <lb/>Hain 12561.
          <lb/>559
          <lb/>PELBARTUS de Themeswar : Stellarium coronae Beatae
          <lb/>Virginis Mariae. — Strasbourg 1490, in-fol.
          <lb/>Hain 12565.
          <lb/>560
          <lb/>PELBARTUS de Themeswar: Stellarium coronae B. V. Mariae. —
          <lb/>Haguenau, H. Gran 1498, in-fol.
          <lb/>Hain 12566.
          <lb/>561
          <lb/>PELBARTUS DE THEMESWAR : Sermones Pomerii. —
          <lb/>Haguenau, Henri Gran pour Rynman, 8 juin 1500,
          <lb/>in-fol.
          <lb/>Hain 12556, Walter n° 361; Voulliéme : Berlin 1185; Burg 27.
          <lb/>562
          <lb/>85
        </p>
      </div>
    </body>
  </text>
</TEI>
