<?xml version='1.0' encoding='UTF-8'?>
<?xml-model href="https://raw.githubusercontent.com/OpenITI/tei_openiti/master/tei_openiti.rng" type="application/xml" schematypens="http://relaxng.org/ns/structure/1.0"?>
<?xml-model href="https://raw.githubusercontent.com/OpenITI/tei_openiti/master/tei_openiti.rng" type="application/xml" schematypens="http://purl.oclc.org/dsdl/schematron"?>
<TEI xmlns="http://www.tei-c.org/ns/1.0">
  <teiHeader>
    <fileDesc>
      <titleStmt>
        <title/>
      </titleStmt>
      <publicationStmt>
        <p/>
      </publicationStmt>
      <sourceDesc>
        <p/>
      </sourceDesc>
    </fileDesc>
    <profileDesc>
      <calendarDesc>
        <calendar xml:id="ah">
          <p>Anno Hegirae</p>
        </calendar>
      </calendarDesc>
    </profileDesc>
    <xenoData xml:space="preserve">
CREATED: 2024-04-11T12:19:05.896792+00:00
CREATED BY: eScriptorium vpassthistobuildcmd
IMAGE FILENAME: Catalogue des incunables ne figurant pas à la Bibliothèque nationale et universitaire de Strasbourg - IIIe partie049.tif
IMAGE WIDTH: 2456
IMAGE HEIGHT: 3930
</xenoData>
  </teiHeader>
  <text>
    <body>
      <div>
        <p>
          <lb/>GEORGIUS de Gemmingen. Voir : WIMPHELING, Jac. 708, 711.
          <lb/>GERARDUS de Zutphen : De spiritualibus ascensionibus. —
          <lb/>(Strasbourg, Jean Prüss entre 1488 et 93), in-8°.
          <lb/>Hain 16294; Proctor 564; Voullième : Berlin 2375.
          <lb/>288
          <lb/>GERARDUS de Zutphen. Voir aussi: ALEXANDER de Villa Dei
          <lb/>n° 37, 40/1, 43, 45-50.
          <lb/>GERICHTSORDNUNG : Strasbourg, H. Knoblochtzer (1482),
          <lb/>in-fol.
          <lb/>Hain 7619; Pellechet : Colmar 647.
          <lb/>289
          <lb/>GERSON, Joh. : Donatus moralisatus. — (Strasbourg,
          <lb/>Jean Prüss s. d.), in-4°.
          <lb/>Hain 7728, Proctor 530.
          <lb/>290
          <lb/>GERSON, Johannes : Donatus moralisatus. — (Strasbourg,
          <lb/>Martin Flach s. d. l, in-40.
          <lb/>Hain 7725.
          <lb/>291
          <lb/>GERSON, Joh. : Donatus moralisatus. — (Strasbourg,
          <lb/>Henri Eggestein 1475), in-4°.
          <lb/>Copinger 2696.
          <lb/>292
          <lb/>GERSON, Johannes : Donatus moralisatus. — Strasbourg,
          <lb/>Martin Flach 1477, in-4°.
          <lb/>Hain 7730.
          <lb/>293
          <lb/>GERSON, Joh. : De pollutione nocturna. — [Haguenau, Henri
          <lb/>Gran, s. d.), in-4°.
          <lb/>Pellechet 5218.
          <lb/>294
          <lb/>GESTA Romanorum — Cum applicationibus moralisatis
          <lb/>&amp;amp; mysticis. — [Strasbourg, Jean Schott s. d., in-fol.).
          <lb/>Hain 7741; Scott, Suppl. Schmidt II, n° 3 (16e s.).
          <lb/>295
          <lb/>47
        </p>
      </div>
    </body>
  </text>
</TEI>
