<?xml version='1.0' encoding='UTF-8'?>
<?xml-model href="https://raw.githubusercontent.com/OpenITI/tei_openiti/master/tei_openiti.rng" type="application/xml" schematypens="http://relaxng.org/ns/structure/1.0"?>
<?xml-model href="https://raw.githubusercontent.com/OpenITI/tei_openiti/master/tei_openiti.rng" type="application/xml" schematypens="http://purl.oclc.org/dsdl/schematron"?>
<TEI xmlns="http://www.tei-c.org/ns/1.0">
  <teiHeader>
    <fileDesc>
      <titleStmt>
        <title/>
      </titleStmt>
      <publicationStmt>
        <p/>
      </publicationStmt>
      <sourceDesc>
        <p/>
      </sourceDesc>
    </fileDesc>
    <profileDesc>
      <calendarDesc>
        <calendar xml:id="ah">
          <p>Anno Hegirae</p>
        </calendar>
      </calendarDesc>
    </profileDesc>
    <xenoData xml:space="preserve">
CREATED: 2024-04-11T12:19:06.502762+00:00
CREATED BY: eScriptorium vpassthistobuildcmd
IMAGE FILENAME: Catalogue des incunables ne figurant pas à la Bibliothèque nationale et universitaire de Strasbourg - IIIe partie092.tif
IMAGE WIDTH: 2484
IMAGE HEIGHT: 3920
</xenoData>
  </teiHeader>
  <text>
    <body>
      <div>
        <p>
          <lb/>PUBLICIUS, Jacobus: Ars conficiendi epistulas. — (Strasbourg,
          <lb/>Georges Husner s. d.), in-4°.
          <lb/>Voulliéme : Berlin 2534.
          <lb/>592
          <lb/>RAETSELBUCH : Wölchem an kurzweill thet zerrinden... —
          <lb/>Strasbourg s. d., in-4°.
          <lb/>Hain 13676.
          <lb/>593
          <lb/>RAMPEGOLUS, Antonius de : Compendium Bibliae seu Aureum
          <lb/>Bibliae Repertorium. — (Strasbourg, impr. des Vitas
          <lb/>Copinger II, 5025, Polain 3298, Proctor 434.
          <lb/>594
          <lb/>RAYMUNDUS Gurcensis : Resolution betr. den Ablass des
          <lb/>goldenen Jahres (en bas allemand) : (Hlyr volget nae
          <lb/>eyn seker Resolutzye... — (Strasbourg, Jean Prüss (?)
          <lb/>1500), placard in-fol.
          <lb/>Borchling-Claussen, Niederdeutsche Bibliographie n° 328;
          <lb/>Einblattdrucke 1091.
          <lb/>595
          <lb/>REGIMEN : Regimen sanitatis Salernitanum. — Strasbourg,
          <lb/>Mathias Hupfuff 1499, in-4°.
          <lb/>Hain 13763; Schmidt V, n° 9.
          <lb/>596
          <lb/>REGIMEN (Idem) (lat. et allemand). — (Strasbourg,
          <lb/>Mathias Brant 1500), in-4°.
          <lb/>Copinger II, 5046 (auparavant 4978) : Schmidt IV, p. 12,
          <lb/>n° 1 ; Schreiber 5062; Voulliéme : Berlin 2563,10; Weller 168.
          <lb/>— Musée germanique de Nuremberg.
          <lb/>597
          <lb/>REGIMEN sanitatis... Das ist das Regiment der gesuntheit
          <lb/>durch alle monat des gantzen iors wie man sich halten
          <lb/>soll mit essen und trincken... — (Strasbourg, Mathias
          <lb/>Brant) (vers 1500), in-4°.
          <lb/>Voulliéme : Berlin 2563,11.
          <lb/>598
          <lb/>90
        </p>
      </div>
    </body>
  </text>
</TEI>
