<?xml version='1.0' encoding='UTF-8'?>
<?xml-model href="https://raw.githubusercontent.com/OpenITI/tei_openiti/master/tei_openiti.rng" type="application/xml" schematypens="http://relaxng.org/ns/structure/1.0"?>
<?xml-model href="https://raw.githubusercontent.com/OpenITI/tei_openiti/master/tei_openiti.rng" type="application/xml" schematypens="http://purl.oclc.org/dsdl/schematron"?>
<TEI xmlns="http://www.tei-c.org/ns/1.0">
  <teiHeader>
    <fileDesc>
      <titleStmt>
        <title/>
      </titleStmt>
      <publicationStmt>
        <p/>
      </publicationStmt>
      <sourceDesc>
        <p/>
      </sourceDesc>
    </fileDesc>
    <profileDesc>
      <calendarDesc>
        <calendar xml:id="ah">
          <p>Anno Hegirae</p>
        </calendar>
      </calendarDesc>
    </profileDesc>
    <xenoData xml:space="preserve">
CREATED: 2024-04-11T12:19:05.882962+00:00
CREATED BY: eScriptorium vpassthistobuildcmd
IMAGE FILENAME: Catalogue des incunables ne figurant pas à la Bibliothèque nationale et universitaire de Strasbourg - IIIe partie048.tif
IMAGE WIDTH: 2482
IMAGE HEIGHT: 3932
</xenoData>
  </teiHeader>
  <text>
    <body>
      <div>
        <p>
          <lb/>GALLUS, Alexander: Doctrinale III, IV pars cum commento. —
          <lb/>Strasbourg, Martin Flach 28. II. 1490, in-4°.
          <lb/>Hain 734; Schmidt VI, p. 5, n° 26.
          <lb/>280
          <lb/>GALLUS, Alexander : Doctrinale II. — Haguenau, Henri Gran
          <lb/>1492), in-40.
          <lb/>Hain 698; Voulliéme : Berlin 1171.
          <lb/>281
          <lb/>GALLUS, Alexander : Doctrinale I. — Haguenau, Henri Gran
          <lb/>15. VII. 1492, in-4°.
          <lb/>Hain 684; Proctor 3175 ; Voulliéme : Berlin 1170. 282
          <lb/>GALLUS, Alexander : Doctrinale cum commento. — Stras¬
          <lb/>bourg, Martin Flach 8, III, 1488, in-4°.
          <lb/>Hain 751 ; Schmidt VI, p. 3, n° 16.
          <lb/>Les numéros 278-283, par mégarde à GALLUS, doivent figurer
          <lb/>à ALEXANDER de Villa Dei, n° 33 et suiv.
          <lb/>283
          <lb/>GEILER, Joh. : Wie man sich halten soll by eym sterbenden
          <lb/>Menschen. — [Strasbourg, Martin Schott 1482), in-4°.
          <lb/>Copinger 3438; Schmidt II, n° 2; Weller 127. — B U Fri¬
          <lb/>bourg.
          <lb/>284
          <lb/>GEILER, Joh. : Ein sendtbrief gethon an die würdigen frauwen
          <lb/>zu den Reuweren zu Freiburg im Breisgau, darinn sie
          <lb/>ermanend zu der waren evangelischen geystlichkeit.—
          <lb/>Strasbourg, (1499), in-4°.
          <lb/>Goedeke I2, p. 398, n° 6.
          <lb/>285
          <lb/>GEILER, Joh. : Ein heilsame lere und predig. — (Strasbourg
          <lb/>pas avant 1490), in-4°.
          <lb/>Copinger 3440, Proctor 770.
          <lb/>286
          <lb/>GEISSLER, Henricus : Formulare und Tütsch rhetorica... —
          <lb/>Strasbourg, (Henri Knoblochtzer) 1483, in-fol.
          <lb/>Copinger 2560; Schorbach-Spirgatis p. 53, n° 30.
          <lb/>287
          <lb/>46
        </p>
      </div>
    </body>
  </text>
</TEI>
