<?xml version='1.0' encoding='UTF-8'?>
<?xml-model href="https://raw.githubusercontent.com/OpenITI/tei_openiti/master/tei_openiti.rng" type="application/xml" schematypens="http://relaxng.org/ns/structure/1.0"?>
<?xml-model href="https://raw.githubusercontent.com/OpenITI/tei_openiti/master/tei_openiti.rng" type="application/xml" schematypens="http://purl.oclc.org/dsdl/schematron"?>
<TEI xmlns="http://www.tei-c.org/ns/1.0">
  <teiHeader>
    <fileDesc>
      <titleStmt>
        <title/>
      </titleStmt>
      <publicationStmt>
        <p/>
      </publicationStmt>
      <sourceDesc>
        <p/>
      </sourceDesc>
    </fileDesc>
    <profileDesc>
      <calendarDesc>
        <calendar xml:id="ah">
          <p>Anno Hegirae</p>
        </calendar>
      </calendarDesc>
    </profileDesc>
    <xenoData xml:space="preserve">
CREATED: 2024-04-11T12:19:06.368857+00:00
CREATED BY: eScriptorium vpassthistobuildcmd
IMAGE FILENAME: Catalogue des incunables ne figurant pas à la Bibliothèque nationale et universitaire de Strasbourg - IIIe partie082.tif
IMAGE WIDTH: 2460
IMAGE HEIGHT: 3940
</xenoData>
  </teiHeader>
  <text>
    <body>
      <div>
        <p>
          <lb/>NICOLAUS de Blony (Idem). — Strasbourg, Jean Knobloch
          <lb/>1500 (2), in-40.
          <lb/>Schmidt VII, n° 1, probablement erreur de Schmidt. Voir:
          <lb/>Ritter, Hist. de l’impr. als., p. 196.
          <lb/>516
          <lb/>NICOLAUS de Cusa. Opuscula varia. — (Strasbourg,
          <lb/>Martin Flach s. d.), in-fol.
          <lb/>Hain 5893, 1; Polain 2814, Proctor 727, Voulliéme : Berlin
          <lb/>2514.
          <lb/>517
          <lb/>NICOLAUS de Cusa. Opuscula varia. — (Strasbourg,
          <lb/>Martin Flach s. d. ], in-4°.
          <lb/>Hain 5893, 2; Polain 2814, Proctor 727, Voulliéme : Berlin
          <lb/>2515.
          <lb/>518
          <lb/>NICOLAUS de Hanapis: Auctoritates utriusque testamenti. —
          <lb/>(Strasbourg, Henri Eggestein s. d.), in-fol.
          <lb/>Copinger 1157; Voulliéme : Berlin 2146, 2 à Bonaventura, 519
          <lb/>NICOLAUS de Hanapis : Biblia pauperum. — (Strasbourg,
          <lb/>Jean Grüninger 1490), in-4°.
          <lb/>Voulliéme : Berlin 2280 à Bonaventura.
          <lb/>520
          <lb/>NICOLAUS de Hanapis : Biblia pauperum. — (Strasbourg,
          <lb/>Jean Prüss 14901 in-40.
          <lb/>Pellechet-Pol. 2582; Proctor 579; Voulliéme : Berlin 2279
          <lb/>à Bonaventura; Bolchert 19 et 20; Hain 3502.
          <lb/>521
          <lb/>NICOLAUS DE LYRA : Glossae in universa Biblia. —
          <lb/>(Strasbourg, impr. de Henricus Ariminensis) vers
          <lb/>1477; in-fol.
          <lb/>Hain 10367; Voulliéme Berlin 2174; Walter n° 306/307. 522
          <lb/>NICOLAUS de Lyra : Postilla super Psalterium. — (Strasbourg,
          <lb/>impr. de Henricus Ariminensis s. d.], in-fol.
          <lb/>Hain 10377; Protor 326; Voulliéme : Berlin 2175.
          <lb/>523
          <lb/>80
        </p>
      </div>
    </body>
  </text>
</TEI>
