<?xml version='1.0' encoding='UTF-8'?>
<?xml-model href="https://raw.githubusercontent.com/OpenITI/tei_openiti/master/tei_openiti.rng" type="application/xml" schematypens="http://relaxng.org/ns/structure/1.0"?>
<?xml-model href="https://raw.githubusercontent.com/OpenITI/tei_openiti/master/tei_openiti.rng" type="application/xml" schematypens="http://purl.oclc.org/dsdl/schematron"?>
<TEI xmlns="http://www.tei-c.org/ns/1.0">
  <teiHeader>
    <fileDesc>
      <titleStmt>
        <title/>
      </titleStmt>
      <publicationStmt>
        <p/>
      </publicationStmt>
      <sourceDesc>
        <p/>
      </sourceDesc>
    </fileDesc>
    <profileDesc>
      <calendarDesc>
        <calendar xml:id="ah">
          <p>Anno Hegirae</p>
        </calendar>
      </calendarDesc>
    </profileDesc>
    <xenoData xml:space="preserve">
CREATED: 2024-04-11T12:19:06.033750+00:00
CREATED BY: eScriptorium vpassthistobuildcmd
IMAGE FILENAME: Catalogue des incunables ne figurant pas à la Bibliothèque nationale et universitaire de Strasbourg - IIIe partie059.tif
IMAGE WIDTH: 2482
IMAGE HEIGHT: 3920
</xenoData>
  </teiHeader>
  <text>
    <body>
      <div>
        <p>
          <lb/>Summa poenitentiae; Sermones pro mortuis; Bartolus
          <lb/>de Saxaferrato : Litigatio Satanae contra genus huma¬
          <lb/>num. — (Strasbourg, Henri Eggestein s. d.), in-40.
          <lb/>Hain 10210; Polain 2104; Proctor 277; Voulliéme : Berlin
          <lb/>2155.
          <lb/>353
          <lb/>INNOCENTIUS VIII (pape). Voir: ARTICULI abbreviati
          <lb/>nos 92-94.
          <lb/>INSTITORIS Henricus et Jacobus SpReNGeR : Malleus malefica¬
          <lb/>rum. — (Strasbourg, Jean Prüss s. d.), in-fol.
          <lb/>Hain 9238; Proctor 526; Ritter : B M Strasbourg n° 158. 354
          <lb/>ISIDORUS Hispalensis : Tractatus synonymorum. —
          <lb/>Strasbourg, Martin Flach 1477, in-4°.
          <lb/>Hain 9300; Schmidt VI, p. 1, n° 2.
          <lb/>355
          <lb/>JACOBUS de Clusa : Sermones dominicales. — (Strasbourg,
          <lb/>G. Husner s. d.), in-fol.
          <lb/>Hain 9332; Proctor 354; Polain 2169; Voulliéme : Berlin
          <lb/>2204, 4.
          <lb/>356
          <lb/>JACOBUS de Theramo: Belial. — Strasbourg, Henri Knobloch¬
          <lb/>tzer 1477, in-fol.
          <lb/>Copinger III, 5808; Schorbach-Spirgatis, p. 19, n° 1. 357
          <lb/>JACOBUS de Theramo: Belial. — Strasbourg, Henri Knobloch¬
          <lb/>tzer I, IX, 1478, in-fol.
          <lb/>Copinger 5809; Schorbach-Spirgatis n° 9.
          <lb/>358
          <lb/>JACOBUS de Theramo: Belial (en allemand). — Strasbourg,
          <lb/>Henri Knoblochtzer 1481, in-fol.
          <lb/>Copinger 5812; Proctor 369; Schorbach-Spirgatis, n° 12. 359
          <lb/>JACOBUS de Voragine : Legenda aurea [seu Lombardica
          <lb/>historia). (Strasbourg, Henri Eggestein 1480), in-fol.
          <lb/>Copinger III, 6393.
          <lb/>360
          <lb/>57
        </p>
      </div>
    </body>
  </text>
</TEI>
