<?xml version='1.0' encoding='UTF-8'?>
<?xml-model href="https://raw.githubusercontent.com/OpenITI/tei_openiti/master/tei_openiti.rng" type="application/xml" schematypens="http://relaxng.org/ns/structure/1.0"?>
<?xml-model href="https://raw.githubusercontent.com/OpenITI/tei_openiti/master/tei_openiti.rng" type="application/xml" schematypens="http://purl.oclc.org/dsdl/schematron"?>
<TEI xmlns="http://www.tei-c.org/ns/1.0">
  <teiHeader>
    <fileDesc>
      <titleStmt>
        <title/>
      </titleStmt>
      <publicationStmt>
        <p/>
      </publicationStmt>
      <sourceDesc>
        <p/>
      </sourceDesc>
    </fileDesc>
    <profileDesc>
      <calendarDesc>
        <calendar xml:id="ah">
          <p>Anno Hegirae</p>
        </calendar>
      </calendarDesc>
    </profileDesc>
    <xenoData xml:space="preserve">
CREATED: 2024-04-11T12:19:05.467575+00:00
CREATED BY: eScriptorium vpassthistobuildcmd
IMAGE FILENAME: Catalogue des incunables ne figurant pas à la Bibliothèque nationale et universitaire de Strasbourg - IIIe partie019.tif
IMAGE WIDTH: 2468
IMAGE HEIGHT: 3926
</xenoData>
  </teiHeader>
  <text>
    <body>
      <div>
        <p>
          <lb/>Brit. Mus. Cat. I, 130; Voulliéme : Berlin 2468. B N Berlin,
          <lb/>Munich, Vienne etc. Hain-Copinger 2252.
          <lb/>99
          <lb/>BALBUS, Johannes: Catholicon. — (Strasbourg, J. Grüninger
          <lb/>vers 1485), in-fol.
          <lb/>G W 3190; GKX, 2668; Pellechet 1697 = 1696; Proctor
          <lb/>432; B M Arras, Bibl. Roy. Copenhague, B N Paris etc. 100
          <lb/>BANNHOLTZER, Valentinus : Salve Regina (en allemand). —
          <lb/>(Strasbourg, J. Grüninger vers 1500), Placard 367 x263
          <lb/>mm.
          <lb/>G W 3240; Einblattdrucke 405. — BN Munich.
          <lb/>101
          <lb/>BAPTISTA Mantuanus: Adulescentia. — [Strasbourgi (?) 1498),
          <lb/>in-4°.
          <lb/>Hain 2400; Maittaire IV, p. 668, G W vol. III col. 315 :
          <lb/>« Nicht nachweisbar».
          <lb/>102
          <lb/>BAPTISTA Mantuanus: Adulescentia (avec commentaire de
          <lb/>Jodocus Badius Ascensius). — (Strasbourg (?) 1500,
          <lb/>in-40.
          <lb/>Hain 2402, Mettaire IV, p. 729; G W vol. III, col. 316 :
          <lb/>« Renouard, Badius II p. 110 ff. nennt Strassburger Ausgaben
          <lb/>mit Kommentar des Badius erst von 1503 an».
          <lb/>103
          <lb/>BARLAAM et Josaphat. — (Strasbourg, H. Eggestein pas
          <lb/>après 1474), in-4°.
          <lb/>G W3397 : l&amp;#x27;un des 2 ex. de la B N de Munich porte comme date
          <lb/>d’achat: 1474. Hain-Copinger 5913; Proctor 290; Brit. Mus.
          <lb/>Cat. I, 73; Voulliéme : Berlin 2156. B N Berlin, Munich,
          <lb/>Vienne, B M Colmar etc.
          <lb/>104
          <lb/>BARTOLUS de Saxaferrata : Litigatio Satanae contra genus
          <lb/>humanum. A la suite de : INNOCENTIUS III, De miseria
          <lb/>conditionis humanae n° 353.
          <lb/>104a
          <lb/>BAUMGARTEN, Nicolaus de. Voir: MISSAlE Cisterciense n° 491.
          <lb/>17
        </p>
      </div>
    </body>
  </text>
</TEI>
