<?xml version='1.0' encoding='UTF-8'?>
<?xml-model href="https://raw.githubusercontent.com/OpenITI/tei_openiti/master/tei_openiti.rng" type="application/xml" schematypens="http://relaxng.org/ns/structure/1.0"?>
<?xml-model href="https://raw.githubusercontent.com/OpenITI/tei_openiti/master/tei_openiti.rng" type="application/xml" schematypens="http://purl.oclc.org/dsdl/schematron"?>
<TEI xmlns="http://www.tei-c.org/ns/1.0">
  <teiHeader>
    <fileDesc>
      <titleStmt>
        <title/>
      </titleStmt>
      <publicationStmt>
        <p/>
      </publicationStmt>
      <sourceDesc>
        <p/>
      </sourceDesc>
    </fileDesc>
    <profileDesc>
      <calendarDesc>
        <calendar xml:id="ah">
          <p>Anno Hegirae</p>
        </calendar>
      </calendarDesc>
    </profileDesc>
    <xenoData xml:space="preserve">
CREATED: 2024-04-11T12:19:05.341455+00:00
CREATED BY: eScriptorium vpassthistobuildcmd
IMAGE FILENAME: Catalogue des incunables ne figurant pas à la Bibliothèque nationale et universitaire de Strasbourg - IIIe partie011.tif
IMAGE WIDTH: 2492
IMAGE HEIGHT: 3928
</xenoData>
  </teiHeader>
  <text>
    <body>
      <div>
        <p>
          <lb/>67, I, II, III.IV. Bibl. Cant. Aarau, B U Innsbruck,
          <lb/>BN Munich etc.
          <lb/>50
          <lb/>ALEXANDER de Villa Dei : Doctrinale. Pars 2. Avec
          <lb/>commentaire de Guillaume Wert. — (Strasbourg,
          <lb/>J. Grüninger (?) 1600 (faute pour 1500) ), in-4°.
          <lb/>G W 1177. B M Nördlingen, B N Strasbourg.
          <lb/>51
          <lb/>ALEXANDER de Villa Dei : Doctrinale, Pars 3, 4. Avec
          <lb/>commentaire valde utile. — Strasbourg, Martin Flach
          <lb/>1491, in-40.
          <lb/>G W 1192, Hain-Copinger 735; Reichling : Doctrinale 82,
          <lb/>III, IV. Schmidt VI, p. 7, n° 36. — B U Bâle, Breslau,
          <lb/>BN Munich etc.
          <lb/>52
          <lb/>ALEXANDER de Villa Dei : Doctrinale. Pars 3, 4. Avec
          <lb/>commentaire valde utile. — (Strasbourg, Martin Flach
          <lb/>1493), in-40.
          <lb/>G W 1195; Copinger 357; Reichling : Doctrinale I0I, III (IV).
          <lb/>Schmidt VI, p. 9, n° 50. B U Bâle, Donaueschingen,
          <lb/>BN Munich.
          <lb/>53
          <lb/>ALEXANDER de Villa Dei : Doctrinale avec commentaire
          <lb/>de Joh. Synthen. Pars I, II. — Strasbourg, Jean Prüss
          <lb/>mars 1499, in-4°.
          <lb/>G W Pars : I 1149 et Pars II : 1164; Walter n° 10; Hain¬
          <lb/>Copinger 14763 T. I; Proctor 554; Reichling : Doctrinale 144,
          <lb/>I. BN Munich, Vienne, Brit. Mus. Londres etc.
          <lb/>Voir aussi les numéros 278-283, par mégarde à Gallus. 54
          <lb/>ALMANACH pour 1473 (en allemand). — (Strasbourg,
          <lb/>H. Eggestein), Placard.
          <lb/>G W 1299; Einblattdrucke 126. Ex. : Heitz (Strasbourg)
          <lb/>(parties supérieure et inférieure manquent).
          <lb/>55
          <lb/>ALMANACH pour 1473 (en allemand). — (Strasbourg,
          <lb/>Jean Mentelin décembre 1472). Placard? x222 mm.
        </p>
      </div>
    </body>
  </text>
</TEI>
