<?xml version='1.0' encoding='UTF-8'?>
<?xml-model href="https://raw.githubusercontent.com/OpenITI/tei_openiti/master/tei_openiti.rng" type="application/xml" schematypens="http://relaxng.org/ns/structure/1.0"?>
<?xml-model href="https://raw.githubusercontent.com/OpenITI/tei_openiti/master/tei_openiti.rng" type="application/xml" schematypens="http://purl.oclc.org/dsdl/schematron"?>
<TEI xmlns="http://www.tei-c.org/ns/1.0">
  <teiHeader>
    <fileDesc>
      <titleStmt>
        <title/>
      </titleStmt>
      <publicationStmt>
        <p/>
      </publicationStmt>
      <sourceDesc>
        <p/>
      </sourceDesc>
    </fileDesc>
    <profileDesc>
      <calendarDesc>
        <calendar xml:id="ah">
          <p>Anno Hegirae</p>
        </calendar>
      </calendarDesc>
    </profileDesc>
    <xenoData xml:space="preserve">
CREATED: 2024-04-11T12:19:06.554909+00:00
CREATED BY: eScriptorium vpassthistobuildcmd
IMAGE FILENAME: Catalogue des incunables ne figurant pas à la Bibliothèque nationale et universitaire de Strasbourg - IIIe partie096.tif
IMAGE WIDTH: 2484
IMAGE HEIGHT: 3912
</xenoData>
  </teiHeader>
  <text>
    <body>
      <div>
        <p>
          <lb/>SEQUENTIAE. Textus sequentiarum cum commento. —
          <lb/>(Strasbourg, Jean Prüss s. d.), in-4°.
          <lb/>Hain 14683, Pellechet 4674 (2). Proctor 578, Voulliéme:
          <lb/>Berlin 2396.
          <lb/>619
          <lb/>SEQUENTIAE (Idem). — Haguenau, (Henri Gran) 1493, in-4°.
          <lb/>Bohatta 1084.
          <lb/>620
          <lb/>SEQUENZ. Sequenz von unser lieben frowen vom Mönch von
          <lb/>Salzburg. — (Strasbourg, Knoblochtzer s. d.), in-4°.
          <lb/>Dziatsko, Sammlung bibl. Arbeiten VIII, p. 89; Voulliéme:
          <lb/>Berlin 2227.
          <lb/>621
          <lb/>SERVIUS, Honoratus Maurus : Commentarius in Vergilii
          <lb/>Bucolica, Georgica et Aeneidem. — (Strasbourg, impr.
          <lb/>de R bizaré — Adolphe Ruschl s. d., in-fol.
          <lb/>Hain 14703; Proctor 244, Voulliéme : Berlin 2127.
          <lb/>622
          <lb/>SIGISMUNDA. Voir : HISTORY von Frau Sigismunda, n° 336.
          <lb/>SIMON de Cassia : Expositio super novum corpus Evange¬
          <lb/>liorum. — (Strasbourg, Jean Prüss s. d.), in-fol.
          <lb/>Hain 4557, Pellechet 3334, Ritter, Grand Sém. Strasbourg,
          <lb/>n° 434 (à rayer : double de n° 272).
          <lb/>623
          <lb/>SIXTUS IV (pape) : Bulla de hospitali S. Spiritus Romae
          <lb/>(en allemand). — (Strasbourg, impr. de Henricus
          <lb/>Ariminensis après le 21 mars 1477/8, in-fol.
          <lb/>Proctor 331.
          <lb/>624
          <lb/>SIXTUS IV (pape) : Ablassbulle zu Gunsten der St. Florentius
          <lb/>Kirche zu Strassburg vom 25 Mai 1479. Herausgegeben
          <lb/>von Andreas Hartmann von Eppingen, 29. x. 1479. —
          <lb/>(Strasbourg, Henri Eggestein vers 1479), Placard in-fol.
          <lb/>(420 x 297).
          <lb/>Reichling, Appendices (1788), VI, p. 37-38; Einblattdrucke
          <lb/>349.
          <lb/>625
          <lb/>94
        </p>
      </div>
    </body>
  </text>
</TEI>
