<?xml version='1.0' encoding='UTF-8'?>
<?xml-model href="https://raw.githubusercontent.com/OpenITI/tei_openiti/master/tei_openiti.rng" type="application/xml" schematypens="http://relaxng.org/ns/structure/1.0"?>
<?xml-model href="https://raw.githubusercontent.com/OpenITI/tei_openiti/master/tei_openiti.rng" type="application/xml" schematypens="http://purl.oclc.org/dsdl/schematron"?>
<TEI xmlns="http://www.tei-c.org/ns/1.0">
  <teiHeader>
    <fileDesc>
      <titleStmt>
        <title/>
      </titleStmt>
      <publicationStmt>
        <p/>
      </publicationStmt>
      <sourceDesc>
        <p/>
      </sourceDesc>
    </fileDesc>
    <profileDesc>
      <calendarDesc>
        <calendar xml:id="ah">
          <p>Anno Hegirae</p>
        </calendar>
      </calendarDesc>
    </profileDesc>
    <xenoData xml:space="preserve">
CREATED: 2024-04-11T12:19:05.549299+00:00
CREATED BY: eScriptorium vpassthistobuildcmd
IMAGE FILENAME: Catalogue des incunables ne figurant pas à la Bibliothèque nationale et universitaire de Strasbourg - IIIe partie024.tif
IMAGE WIDTH: 2486
IMAGE HEIGHT: 3932
</xenoData>
  </teiHeader>
  <text>
    <body>
      <div>
        <p>
          <lb/>BRACK, Wenceslaus : Vocabularius rerum. — (Strasbourg,
          <lb/>Martin Schott] 1487, in-40.
          <lb/>G W 4987: Hain 3702, Polain 4091; Schmidt, Suppl. II, n° 9;
          <lb/>Baer (Francfort s. M.) Catal, 500 (1905) no 338; 64 M. « Sehr
          <lb/>seltenes deutsch-lateinisches «Wörterbuch». B U Bonn,
          <lb/>Breslau, BN Munich etc.
          <lb/>128
          <lb/>BRACK, Wenceslaus : Vocabularius rerum. — (Strasbourg,
          <lb/>Martin Schott) 1489, in-40.
          <lb/>G W 4989; Hain 3704; Pellechet-Polain 2807 ; Voulliéme:
          <lb/>Berlin 2233. B N Berlin, Munich, Vienne, Paris etc.
          <lb/>129
          <lb/>BRACK, Wenceslaus : Vocabularius rerum. — Strasbourg,
          <lb/>Jean Prüss (5. I.1 1489, in-4°.
          <lb/>G W 4990 (?) : Hain-Copinger 3705; Proctor 541; Voulliéme:
          <lb/>Berlin 2359; Brit. Mus. Cat. I, 122; Schmidt III, n° 23.
          <lb/>BN Berlin, Munich, Vienne etc.
          <lb/>130
          <lb/>BRANDAN St. Ein hüpsch lieblich lesen von sant Brandon was
          <lb/>wunders er uff dem mer erfaren hat. — Strasbourg,
          <lb/>Mathias Hupfuff 1494.
          <lb/>(D’après le Catalogue manuscrit de M. Wüseke (en ma
          <lb/>possession), n° 7892). Comme le G W ne mentionne pas cette
          <lb/>édition, il est probable qu’il s’agit d’une erreur, peut-être une
          <lb/>confusion avec l’éd. de Hupfuff 1499.
          <lb/>131
          <lb/>BRANDAN, St : Die wunderbare Meerfahrt des hl. Brandan.
          <lb/>— Kirchheim, (impr. de S. Brandan — Mathias Hupfuff]
          <lb/>1497, in-4°.
          <lb/>G W 5008: B M Mayence, ff. 17 et 19 manquent, introuvable
          <lb/>ailleurs; Copinger 1235; Schreiber 3536.
          <lb/>132
          <lb/>BRANDAN St. : Die wunderbare Meerfahrt des hl. Brandan.
          <lb/>— Strasbourg, Mathias Hupfuff 1499, in-4°.
          <lb/>G w 5010; Copinger 1236; Schreiber 3539. — B M Colmar.
          <lb/>133
          <lb/>22
        </p>
      </div>
    </body>
  </text>
</TEI>
