<?xml version='1.0' encoding='UTF-8'?>
<?xml-model href="https://raw.githubusercontent.com/OpenITI/tei_openiti/master/tei_openiti.rng" type="application/xml" schematypens="http://relaxng.org/ns/structure/1.0"?>
<?xml-model href="https://raw.githubusercontent.com/OpenITI/tei_openiti/master/tei_openiti.rng" type="application/xml" schematypens="http://purl.oclc.org/dsdl/schematron"?>
<TEI xmlns="http://www.tei-c.org/ns/1.0">
  <teiHeader>
    <fileDesc>
      <titleStmt>
        <title/>
      </titleStmt>
      <publicationStmt>
        <p/>
      </publicationStmt>
      <sourceDesc>
        <p/>
      </sourceDesc>
    </fileDesc>
    <profileDesc>
      <calendarDesc>
        <calendar xml:id="ah">
          <p>Anno Hegirae</p>
        </calendar>
      </calendarDesc>
    </profileDesc>
    <xenoData xml:space="preserve">
CREATED: 2024-04-11T12:19:05.716418+00:00
CREATED BY: eScriptorium vpassthistobuildcmd
IMAGE FILENAME: Catalogue des incunables ne figurant pas à la Bibliothèque nationale et universitaire de Strasbourg - IIIe partie036.tif
IMAGE WIDTH: 2456
IMAGE HEIGHT: 3940
</xenoData>
  </teiHeader>
  <text>
    <body>
      <div>
        <p>
          <lb/>DANIEL : Somnia Danielis. — (Strasbourg, H. Eggestein vers
          <lb/>1478, in-40.
          <lb/>G W 7908; Hain 5924 — 5925. B M Francfort s. M., BU
          <lb/>Heidelberg, B N Munich, Uppsala.
          <lb/>198
          <lb/>DANIEL : Somnia Danielis. — (Strasbourg, H. Eggestein
          <lb/>vers 1478), in-40.
          <lb/>G W 7909; Hain 5923. B N Munich, Vienne, Nantes, Gand
          <lb/>etc.
          <lb/>199
          <lb/>DANIEL : Somnia Danielis (en allemand). — Strasbourg,
          <lb/>(Mathias Hupfuff] 1500, in-40.
          <lb/>GW7917: B N Berlin; Bibl. Copenhague; Schreiber 3805;
          <lb/>Voulliéme : Berlin 2540.
          <lb/>200
          <lb/>DEFECTUS in missa occurrentes. — (Strasbourg, J. Prüss
          <lb/>vers 1485), in-4°.
          <lb/>G W 8235 : Bibl. Rég. de Cassel; Pellechet 4176.
          <lb/>201
          <lb/>DESTRUCTIO naturarum communium contra reales. —
          <lb/>(Strasbourg (?) s. impr. n. d.], in-4°.
          <lb/>Cop. Il, 1948; Walter n° 167.
          <lb/>202
          <lb/>DIEMERINGEN, Otto von. Voir: MONTEVILLA, Joh., Reise
          <lb/>nach Jerusalem, n° 507-8.
          <lb/>DIEMERINGEN, Peter. Voir: EGENOLF von Staufenberg
          <lb/>Ritter n° 229-231.
          <lb/>DIRECTORIUM Argentinense (éd. sur demande de l’évêque
          <lb/>de Strasbourg, Rupertus (duc de Bavière), du doyen et
          <lb/>du chapitre de la cathédrale). — Strasbourg, (impr.
          <lb/>du Henricus Ariminensis 1478), in-fol.
          <lb/>G W 8437; Hain-Copinger 6260, Pellechet 2850, 2; Bohatta
          <lb/>566 — 754; Walter n° 349 et 350. Mazarine Paris, Sevilla.
          <lb/>203
          <lb/>34
        </p>
      </div>
    </body>
  </text>
</TEI>
