<?xml version='1.0' encoding='UTF-8'?>
<?xml-model href="https://raw.githubusercontent.com/OpenITI/tei_openiti/master/tei_openiti.rng" type="application/xml" schematypens="http://relaxng.org/ns/structure/1.0"?>
<?xml-model href="https://raw.githubusercontent.com/OpenITI/tei_openiti/master/tei_openiti.rng" type="application/xml" schematypens="http://purl.oclc.org/dsdl/schematron"?>
<TEI xmlns="http://www.tei-c.org/ns/1.0">
  <teiHeader>
    <fileDesc>
      <titleStmt>
        <title/>
      </titleStmt>
      <publicationStmt>
        <p/>
      </publicationStmt>
      <sourceDesc>
        <p/>
      </sourceDesc>
    </fileDesc>
    <profileDesc>
      <calendarDesc>
        <calendar xml:id="ah">
          <p>Anno Hegirae</p>
        </calendar>
      </calendarDesc>
    </profileDesc>
    <xenoData xml:space="preserve">
CREATED: 2024-04-11T12:19:05.676158+00:00
CREATED BY: eScriptorium vpassthistobuildcmd
IMAGE FILENAME: Catalogue des incunables ne figurant pas à la Bibliothèque nationale et universitaire de Strasbourg - IIIe partie033.tif
IMAGE WIDTH: 2456
IMAGE HEIGHT: 3948
</xenoData>
  </teiHeader>
  <text>
    <body>
      <div>
        <p>
          <lb/>CATO : (vulgo Disticha Catonis) (en allemand). — Strasbourg,
          <lb/>J. Prüss (2 mars) 1499, in-4°.
          <lb/>G W 6348: Hain Copinger 4748; Proctor 553, Brit. Mus. Cat. I,
          <lb/>124; Schmidt III, n° 28; Voulliéme : Berlin 2364. B N Berlin,
          <lb/>B M Francfort s. M., B U Fribourg en Br. etc.
          <lb/>180
          <lb/>CATHOLICON. Voir: BALBus, Joh, n° 98 — 100.
          <lb/>CEPOLLA, Bartholomaeus : Cautelae. — (Strasbourg, Jean
          <lb/>Prüss) 25. II. 1490, in-4°,
          <lb/>G W 6484; Hain 4865; Proctor 547; Brit. Mus. Catal. I,
          <lb/>128; Voulliéme : Berlin 2360, 5. — B U Bâle, B N Berlin,
          <lb/>Munich, B U Dorpat etc.
          <lb/>181
          <lb/>CESSOLIS, Jacobus de : De ludo scachorum (en allemand). —
          <lb/>(Strasbourg, H. Knoblochtzer vers 1478), in-fol.
          <lb/>G W 6528; Copinger 1567; Voullième : Berlin 2220. — BN.
          <lb/>Berlin, Bibl. Rég. Darmstadt, B U Fribourg en Br. etc. 182
          <lb/>CESSOLIS, Jacobus de : De ludo scachorum (en allemand). —
          <lb/>Strasbourg, H. Knoblochtzer (I. IX 14) 83, in-fol.
          <lb/>G W 6530; Hain-Copinger 4897; Proctor 389; Brit. Mus.
          <lb/>Cat. I, 89; Schorbach-Spirgatis n° 40; Voulliéme : Berlin
          <lb/>2213. B N Berlin, Munich, Vienne etc.
          <lb/>183
          <lb/>CHARLIER Jean de — GERSON, Johannes.
          <lb/>CHIEREGATUS, Leonellus : Sermo in publicatione confoedera¬
          <lb/>tionis... habitus — (Strasbourg, J. Prüss vers 1498/99),
          <lb/>in-4°.
          <lb/>GW6631: B U Tübingen, Koehler (Leipzig), Stahl (Munich).
          <lb/>184
          <lb/>CHIROMANTIA. — (Strasbourg, Jean Grüninger (?) après
          <lb/>1500 (2)), in-4°.
          <lb/>G W 6642; Hain-Copinger 4970; Proctor 2453; Brit. Mus.
          <lb/>Cat. III, 710; Schreiber 3716. Bibl. Rég. Gotha, Bibl. Roy.
          <lb/>Haag, BN Munich etc.
          <lb/>185
          <lb/>31
        </p>
      </div>
    </body>
  </text>
</TEI>
