<?xml version='1.0' encoding='UTF-8'?>
<?xml-model href="https://raw.githubusercontent.com/OpenITI/tei_openiti/master/tei_openiti.rng" type="application/xml" schematypens="http://relaxng.org/ns/structure/1.0"?>
<?xml-model href="https://raw.githubusercontent.com/OpenITI/tei_openiti/master/tei_openiti.rng" type="application/xml" schematypens="http://purl.oclc.org/dsdl/schematron"?>
<TEI xmlns="http://www.tei-c.org/ns/1.0">
  <teiHeader>
    <fileDesc>
      <titleStmt>
        <title/>
      </titleStmt>
      <publicationStmt>
        <p/>
      </publicationStmt>
      <sourceDesc>
        <p/>
      </sourceDesc>
    </fileDesc>
    <profileDesc>
      <calendarDesc>
        <calendar xml:id="ah">
          <p>Anno Hegirae</p>
        </calendar>
      </calendarDesc>
    </profileDesc>
    <xenoData xml:space="preserve">
CREATED: 2024-04-11T12:19:05.592692+00:00
CREATED BY: eScriptorium vpassthistobuildcmd
IMAGE FILENAME: Catalogue des incunables ne figurant pas à la Bibliothèque nationale et universitaire de Strasbourg - IIIe partie027.tif
IMAGE WIDTH: 2486
IMAGE HEIGHT: 3908
</xenoData>
  </teiHeader>
  <text>
    <body>
      <div>
        <p>
          <lb/>BREVIARIUM Constantiense. — (Strasbourg, Jean Grüninger
          <lb/>vers 14881, in-fol.
          <lb/>G W 5321; Hain 3286 (pas Copinger I, 3826); Bohatta:
          <lb/>Lit. Bibl. 203; Proctor 502, Brit. Mus. Cat. I. 117 ; Schreiber
          <lb/>3594. Engelberg (Bibl. des Franciscaines), B U Fribourg en
          <lb/>Br., Bibl. Rég. Carlsruhe etc.
          <lb/>146
          <lb/>BREVIARIUM Halberstadense. — (Strasbourg, Jean Prüss
          <lb/>vers 1500), in-8°.
          <lb/>G W 5350; Hain 3843; Bohatta : Lit. Bibl. 238; Voulliéme:
          <lb/>Berlin 2369, 3. B N Berlin, B U Jena (tous incomplets). 147
          <lb/>BREVIARIUM Hamburgense. — (Strasbourg, Jean Grüninger
          <lb/>vers 1490), in-8°.
          <lb/>G W 5353; Bohatta: Lit. Bibl. 241; Brit. Mus. Cat. III, 860;
          <lb/>Proctor 3208. — Hambourg (incomplet), Londres (Brit. Mus.
          <lb/>1-3, 5).
          <lb/>148
          <lb/>BREVIARIUM Moguntinum. — (Strasbourg, J. Grüninger
          <lb/>16. XI.] 1487, 4 parties in-fol.
          <lb/>G W5398; Hain 3863 — 3861; Bohatta : Lit. Bibl. 300-301. –
          <lb/>Aschaffenburg (Stift A B), B M Francfort s. M (9 ex. dont
          <lb/>2 complets); Bibl. Roy. Copenhague.
          <lb/>149
          <lb/>BREVIARIUM Moguntinum. — (Strasbourg, J. Prüss vers
          <lb/>1500), in-8°.
          <lb/>G W 5401 : Bibl. Düsseldorf (incomplet).
          <lb/>150
          <lb/>BREVIARIUM Moguntinum. — (Strasbourg, J. Prüss vers
          <lb/>1500), in-8°.
          <lb/>G W 5402; Bohatta : Lit. Bibl. 296. — B U Giessen, Bibl. Rég.
          <lb/>Weimar.
          <lb/>151
          <lb/>BREVIARIUM Monasteriense : — Strasbourg, (J. Grüninger
          <lb/>11. X.)] 1489, 4 parties in-8°.
          <lb/>G W 5404; Bohatta : Lit. Bibl. 51. — Cologne (Bibl. du
          <lb/>Séminaire); Bibl. Rég. Wolfenbüttel.
          <lb/>152
          <lb/>25
        </p>
      </div>
    </body>
  </text>
</TEI>
