<?xml version='1.0' encoding='UTF-8'?>
<?xml-model href="https://raw.githubusercontent.com/OpenITI/tei_openiti/master/tei_openiti.rng" type="application/xml" schematypens="http://relaxng.org/ns/structure/1.0"?>
<?xml-model href="https://raw.githubusercontent.com/OpenITI/tei_openiti/master/tei_openiti.rng" type="application/xml" schematypens="http://purl.oclc.org/dsdl/schematron"?>
<TEI xmlns="http://www.tei-c.org/ns/1.0">
  <teiHeader>
    <fileDesc>
      <titleStmt>
        <title/>
      </titleStmt>
      <publicationStmt>
        <p/>
      </publicationStmt>
      <sourceDesc>
        <p/>
      </sourceDesc>
    </fileDesc>
    <profileDesc>
      <calendarDesc>
        <calendar xml:id="ah">
          <p>Anno Hegirae</p>
        </calendar>
      </calendarDesc>
    </profileDesc>
    <xenoData xml:space="preserve">
CREATED: 2024-04-11T12:19:06.383433+00:00
CREATED BY: eScriptorium vpassthistobuildcmd
IMAGE FILENAME: Catalogue des incunables ne figurant pas à la Bibliothèque nationale et universitaire de Strasbourg - IIIe partie083.tif
IMAGE WIDTH: 2466
IMAGE HEIGHT: 3926
</xenoData>
  </teiHeader>
  <text>
    <body>
      <div>
        <p>
          <lb/>NICOLAUS de Lyra : Quaestiones de probatione per scripturas
          <lb/>a iudeis receptas quod ministerium Christi praedicatum
          <lb/>a lege et prophetis sit impletum. — (Strasbourg 1470),
          <lb/>in-fol.
          <lb/>Copinger 3725.
          <lb/>524
          <lb/>NICOLAUS de Saliceto. Voir: SALICETO, Nicolaus de.
          <lb/>NIDER, Johannes : Manuale confessorum. — (Strasbourg,
          <lb/>Civis C. W. s. d.), in-fol.
          <lb/>Copinger 4423 : Paris, Sainte Geneviève no 144.
          <lb/>525
          <lb/>NIDER, Johannes : Praeceptorium legis. — Strasbourg 1473,
          <lb/>in-fol.
          <lb/>Hain 11787.
          <lb/>526
          <lb/>NIDER, Johannes: Sermones de tempore et de sanctis cum
          <lb/>quadragesimali... — (Strasbourg, Martin Flach s. d.)
          <lb/>in-fol.
          <lb/>Hain 11797; Protor 588; Ritter : B M Strasbourg n° 219. 527
          <lb/>NIDER, Johannes : Die vierundzwanzig guldin Harpffen. —
          <lb/>(Strasbourg, Martin Schott (3. VIII] 1493), in-fol.
          <lb/>Hain 11854, Pellechet 3342, Schmidt II, n° 12, Voulliéme:
          <lb/>Berlin 2237; Olschki (Florence), Catal. LXXI (1912) no 144:
          <lb/>1500 fr.; Walter : Sélestat 345; Bâle.
          <lb/>528
          <lb/>OCKAM, Guilelmus : In primum librum Sententiarum. —
          <lb/>(Strasbourg (?)), 1483, in-fol.
          <lb/>Hain 11945; Voulliéme, Berlin 1139: Esslingen, Fyner. 529
          <lb/>ORATIO multarum indulgentiarum valde devota. — (Stras¬
          <lb/>bourg, Jean Grüninger (?) vers 1485), in-fol.
          <lb/>Baer (Francfort s. M.), Catal, 500 (1905), n° 344 : « Ausseror¬
          <lb/>dentlich seltener Reiberdruck... Schreiber, Hain und den
          <lb/>übrigen Bibliographen unbekannt. Die Typen und der übrige
          <lb/>Formschnitt zeigen enge Verwandtschaft mit den Produkten
          <lb/>der Grüningerschen Offizin».
          <lb/>530
          <lb/>81
        </p>
      </div>
    </body>
  </text>
</TEI>
