<?xml version='1.0' encoding='UTF-8'?>
<?xml-model href="https://raw.githubusercontent.com/OpenITI/tei_openiti/master/tei_openiti.rng" type="application/xml" schematypens="http://relaxng.org/ns/structure/1.0"?>
<?xml-model href="https://raw.githubusercontent.com/OpenITI/tei_openiti/master/tei_openiti.rng" type="application/xml" schematypens="http://purl.oclc.org/dsdl/schematron"?>
<TEI xmlns="http://www.tei-c.org/ns/1.0">
  <teiHeader>
    <fileDesc>
      <titleStmt>
        <title/>
      </titleStmt>
      <publicationStmt>
        <p/>
      </publicationStmt>
      <sourceDesc>
        <p/>
      </sourceDesc>
    </fileDesc>
    <profileDesc>
      <calendarDesc>
        <calendar xml:id="ah">
          <p>Anno Hegirae</p>
        </calendar>
      </calendarDesc>
    </profileDesc>
    <xenoData xml:space="preserve">
CREATED: 2024-04-11T12:19:05.796875+00:00
CREATED BY: eScriptorium vpassthistobuildcmd
IMAGE FILENAME: Catalogue des incunables ne figurant pas à la Bibliothèque nationale et universitaire de Strasbourg - IIIe partie042.tif
IMAGE WIDTH: 2484
IMAGE HEIGHT: 3932
</xenoData>
  </teiHeader>
  <text>
    <body>
      <div>
        <p>
          <lb/>EPISTOLA de miseria curatorum. — (Strasbourg, Jean Prüss
          <lb/>vers 1488-1493), in-4°.
          <lb/>G W 9347; Hain 6611; Pellechet 4594; Proctor 559;
          <lb/>Kristeller 211; Schreiber 3904; Brit. Mus. Cat. I, 125; Gilhofer
          <lb/>und Ranschburg (Vienne), Catal. 216 (1936), n° 194; 150 fr.
          <lb/>suisses. B M Colmar, B N Munich, Paris, Vienne etc.
          <lb/>238
          <lb/>EPISTOLA de miseria curatorum. — (Strasbourg, Jean Schott
          <lb/>vers 1489), in-4°.
          <lb/>G W 9348; Hain 6612, Pellechet 4592; Schmidt II, Suppl.
          <lb/>n° 15; Voulliéme: Berlin 2244; Brit. Mus. Cat. I, 95. Budapest,
          <lb/>Cambridge, B N et B U Munich etc.
          <lb/>239
          <lb/>ERNST (Herzog) : Hienach folgt ain hüpsche liepliche historie
          <lb/>ains edeln fürsten herezog Ernst von bairn und von
          <lb/>österich... — (Strasbourg, Henri Knoblochtzer vers
          <lb/>1477), in-fol.
          <lb/>Brunet II, 1048; Hain 6673, Kristeller n° 2; Schorbach¬
          <lb/>Spirgatis n° 6; Heitz-Ritter n° 88 : Donaueschingen, Gotha,
          <lb/>Munich, Oldenburg (incomplet).
          <lb/>240
          <lb/>Es : Es-tu scholaris? — (Strasbourg, vers 1500l.
          <lb/>GW VIII, col. 81 : après 1500. Memmingen ou Reutligen.
          <lb/>241
          <lb/>EUCHARIUS (évêque de Trèves). : Disze ist eyn füre redde in
          <lb/>das leben des heiligen bischoff Eucharii, Valerii und
          <lb/>Materni di do disze tutzland zu den cristen glauben
          <lb/>haben bekort. Uff Grüneck. — (Strasbourg, Barth,
          <lb/>Kistler 1500), in-4°.
          <lb/>Copinger 2353; Proctor 760.
          <lb/>242
          <lb/>EUSEBIUS, Caesariensis : Historia ecclesiastica, en lat. par
          <lb/>Rufinus. — (Strasbourg, Henri Eggestein vers 1475/80,
          <lb/>in-fol. (Ritter, Rép. Inc. 160).
          <lb/>G W 9435; Hain-Cop. 6708; Pellechet 4635, Proctor 289,
          <lb/>Voulliéme : Berlin 2152, Brit. Mus. Catal. I, 73. Bibl. cant.
          <lb/>Aarau, B U Bâle, B N Berlin, Munich etc.
          <lb/>243
          <lb/>40
        </p>
      </div>
    </body>
  </text>
</TEI>
