<?xml version='1.0' encoding='UTF-8'?>
<?xml-model href="https://raw.githubusercontent.com/OpenITI/tei_openiti/master/tei_openiti.rng" type="application/xml" schematypens="http://relaxng.org/ns/structure/1.0"?>
<?xml-model href="https://raw.githubusercontent.com/OpenITI/tei_openiti/master/tei_openiti.rng" type="application/xml" schematypens="http://purl.oclc.org/dsdl/schematron"?>
<TEI xmlns="http://www.tei-c.org/ns/1.0">
  <teiHeader>
    <fileDesc>
      <titleStmt>
        <title/>
      </titleStmt>
      <publicationStmt>
        <p/>
      </publicationStmt>
      <sourceDesc>
        <p/>
      </sourceDesc>
    </fileDesc>
    <profileDesc>
      <calendarDesc>
        <calendar xml:id="ah">
          <p>Anno Hegirae</p>
        </calendar>
      </calendarDesc>
    </profileDesc>
    <xenoData xml:space="preserve">
CREATED: 2024-04-11T12:19:06.762519+00:00
CREATED BY: eScriptorium vpassthistobuildcmd
IMAGE FILENAME: Catalogue des incunables ne figurant pas à la Bibliothèque nationale et universitaire de Strasbourg - IIIe partie110.tif
IMAGE WIDTH: 2488
IMAGE HEIGHT: 3916
</xenoData>
  </teiHeader>
  <text>
    <body>
      <div>
        <p>
          <lb/>Hain 6684, Proctor 216, Voulliéme : Berlin 2085; Brit. Mus.
          <lb/>Cat. I, 59; Schorbach, Anhang p. 24, n° 39 : B N Berlin,
          <lb/>Besançon, Colmar (Bibl. consist.), B N Munich, B N Paris,
          <lb/>Vienne, etc.
          <lb/>718
          <lb/>WYLE, Nic. de. Voir: BRUNUS Aretinus n° 167; LUCIANUS,
          <lb/>Apuleius in Gestalt eines Esels n° 432; Pius II (pape),
          <lb/>De duobus amantibus, n° 580.
          <lb/>Imprimerie A. BONTEMPS, LIMOGES.
          <lb/>Dépôt légal: 2e trimestre 1960
          <lb/>Cation
          <lb/>SVesbaurg
        </p>
      </div>
    </body>
  </text>
</TEI>
