<?xml version='1.0' encoding='UTF-8'?>
<?xml-model href="https://raw.githubusercontent.com/OpenITI/tei_openiti/master/tei_openiti.rng" type="application/xml" schematypens="http://relaxng.org/ns/structure/1.0"?>
<?xml-model href="https://raw.githubusercontent.com/OpenITI/tei_openiti/master/tei_openiti.rng" type="application/xml" schematypens="http://purl.oclc.org/dsdl/schematron"?>
<TEI xmlns="http://www.tei-c.org/ns/1.0">
  <teiHeader>
    <fileDesc>
      <titleStmt>
        <title/>
      </titleStmt>
      <publicationStmt>
        <p/>
      </publicationStmt>
      <sourceDesc>
        <p/>
      </sourceDesc>
    </fileDesc>
    <profileDesc>
      <calendarDesc>
        <calendar xml:id="ah">
          <p>Anno Hegirae</p>
        </calendar>
      </calendarDesc>
    </profileDesc>
    <xenoData xml:space="preserve">
CREATED: 2024-04-11T12:19:06.490519+00:00
CREATED BY: eScriptorium vpassthistobuildcmd
IMAGE FILENAME: Catalogue des incunables ne figurant pas à la Bibliothèque nationale et universitaire de Strasbourg - IIIe partie091.tif
IMAGE WIDTH: 2484
IMAGE HEIGHT: 3920
</xenoData>
  </teiHeader>
  <text>
    <body>
      <div>
        <p>
          <lb/>PRACTICA de praesenti anno. — (Strasbourg, Barth.
          <lb/>Kistler 31. XIII 1499, in-40.
          <lb/>Hain 10084, Kristeller n° 108; Schmidt IV, p. 4, n° 5 dit:
          <lb/>Hain 10085; Voulliéme : Berlin 2549. — B N Berlin.
          <lb/>584
          <lb/>PRACTICA. Dyse practica ist gemacht uff das fünffzehen
          <lb/>hundert und eyn jar... unnd weret nün jar lange... —
          <lb/>(Strasbourg, Barth. Kistler) uff gryneck (19. V] 1500,
          <lb/>in-40.
          <lb/>Weller 201; Schmidt IV, p. 6, n° 14, (sans mention de biblio¬
          <lb/>thèque).
          <lb/>585
          <lb/>PRIERIO, Silvester de : Super evangelia totius anni expositio
          <lb/>seu rosa aurea. — Haguenau, H. Gran 1500, in-4°.
          <lb/>Hain 13347.
          <lb/>586
          <lb/>PRIVILEGIA ordinis Sancti Johannis. — (Strasbourg,
          <lb/>Jean Prüss s. d.), in-fol.
          <lb/>Voulliéme : Berlin 2389.
          <lb/>587
          <lb/>PSALTERIUM Argentinense. — (Strasbourg, impr. de l’Ordina¬
          <lb/>rius de 1477), in-40.
          <lb/>Walter n° 40l; Bohatta 985.
          <lb/>588
          <lb/>PSALTERIUM ad usum ecclesiae argentinensis. — (Strasbourg),
          <lb/>impensis Joannis Reynard, alias Grüninger 1489, in-8°.
          <lb/>Bohatta 984, Graesse V, p. 489.
          <lb/>589
          <lb/>PSALTERIUM cum hymnis. — (Strasbourg, Frédéric Dumbach
          <lb/>s. d.], in-4°.
          <lb/>Voulliéme : Berlin 2557, 5.
          <lb/>590
          <lb/>PSALTERIUM germanicum. — (Strasbourg 1477), in-fol.
          <lb/>Copinger II, 4958.
          <lb/>591
          <lb/>89
        </p>
      </div>
    </body>
  </text>
</TEI>
