<?xml version='1.0' encoding='UTF-8'?>
<?xml-model href="https://raw.githubusercontent.com/OpenITI/tei_openiti/master/tei_openiti.rng" type="application/xml" schematypens="http://relaxng.org/ns/structure/1.0"?>
<?xml-model href="https://raw.githubusercontent.com/OpenITI/tei_openiti/master/tei_openiti.rng" type="application/xml" schematypens="http://purl.oclc.org/dsdl/schematron"?>
<TEI xmlns="http://www.tei-c.org/ns/1.0">
  <teiHeader>
    <fileDesc>
      <titleStmt>
        <title/>
      </titleStmt>
      <publicationStmt>
        <p/>
      </publicationStmt>
      <sourceDesc>
        <p/>
      </sourceDesc>
    </fileDesc>
    <profileDesc>
      <calendarDesc>
        <calendar xml:id="ah">
          <p>Anno Hegirae</p>
        </calendar>
      </calendarDesc>
    </profileDesc>
    <xenoData xml:space="preserve">
CREATED: 2024-04-11T12:19:06.398822+00:00
CREATED BY: eScriptorium vpassthistobuildcmd
IMAGE FILENAME: Catalogue des incunables ne figurant pas à la Bibliothèque nationale et universitaire de Strasbourg - IIIe partie084.tif
IMAGE WIDTH: 2466
IMAGE HEIGHT: 3926
</xenoData>
  </teiHeader>
  <text>
    <body>
      <div>
        <p>
          <lb/>ORATIONES tres contra Turcos, videlicet Francisci Philelphi
          <lb/>ad Carolum VIII, regem Francorum atque ad Pium
          <lb/>II papam, atque Pii II papae, habita in conventu
          <lb/>Mantuano, anno 1459, 6 cal. octobres. — (Strasbourg,
          <lb/>Jean Grüninger vers 14971, in-4°.
          <lb/>Polain 2918.
          <lb/>531
          <lb/>ORDINARIUS Argentinensis : — (Strasbourg 1477), in-fol.
          <lb/>Ritter, Grand Sém. n° 371; Walter n° 349/350; Bohatta 754.
          <lb/>532
          <lb/>ORDINARIUS Argentinensis. — (Strasbourg, Jean Prüss
          <lb/>entre 1480 et 1490), in-8°.
          <lb/>Ritter, Grand Sém. Strasbourg, n° 372; Walter n° 351. 533
          <lb/>ORDINARIUS Argentinensis. — (Strasbourg) 1489, in-4°.
          <lb/>Hain 12058, Ritter, Grand Sém. Strasbourg n° 373. 534
          <lb/>ORDINARIUS Argentinensis. Ordinarius seu regule orandi in
          <lb/>diocesi Argentinensi. — (Strasbourg) Pridie kalend.
          <lb/>octobrium 1489, in-4°.
          <lb/>Hain 12058. [Double du n° précédent).
          <lb/>535
          <lb/>ORDO divinorum officiorum. — (Strasbourg, Jean Prüss
          <lb/>1482), in-fol.
          <lb/>Voulliéme : Berlin 2337, 12.
          <lb/>536
          <lb/>ORDONNANCE. Wir Bernhard von Kageneck, der Meister... der
          <lb/>Stadt Strassburg... ordnen... Müntzen... auff oder
          <lb/>einwechseln... Actum Montag den 24. Februar 1589.
          <lb/>Placard. [â rayer : 16e sièclel.
          <lb/>Archives Municipales de Strasbourg 512.
          <lb/>537
          <lb/>OSWALD de Lasko. Voir: MiCHAEL de Ungaria n° 485.
          <lb/>OTTo von Diemeringen. Voir: MONTEVILLA, Joh. von, n° 507.
          <lb/>82
        </p>
      </div>
    </body>
  </text>
</TEI>
