<?xml version='1.0' encoding='UTF-8'?>
<?xml-model href="https://raw.githubusercontent.com/OpenITI/tei_openiti/master/tei_openiti.rng" type="application/xml" schematypens="http://relaxng.org/ns/structure/1.0"?>
<?xml-model href="https://raw.githubusercontent.com/OpenITI/tei_openiti/master/tei_openiti.rng" type="application/xml" schematypens="http://purl.oclc.org/dsdl/schematron"?>
<TEI xmlns="http://www.tei-c.org/ns/1.0">
  <teiHeader>
    <fileDesc>
      <titleStmt>
        <title/>
      </titleStmt>
      <publicationStmt>
        <p/>
      </publicationStmt>
      <sourceDesc>
        <p/>
      </sourceDesc>
    </fileDesc>
    <profileDesc>
      <calendarDesc>
        <calendar xml:id="ah">
          <p>Anno Hegirae</p>
        </calendar>
      </calendarDesc>
    </profileDesc>
    <xenoData xml:space="preserve">
CREATED: 2024-04-11T12:19:05.741847+00:00
CREATED BY: eScriptorium vpassthistobuildcmd
IMAGE FILENAME: Catalogue des incunables ne figurant pas à la Bibliothèque nationale et universitaire de Strasbourg - IIIe partie038.tif
IMAGE WIDTH: 2486
IMAGE HEIGHT: 3926
</xenoData>
  </teiHeader>
  <text>
    <body>
      <div>
        <p>
          <lb/>DONATUS, Aelius : Commentum in Terentii comoedias. —
          <lb/>(Strasbourg, impr. R bizare (— Adolphe Rusch) vers
          <lb/>14731, in-fol.
          <lb/>G W 9037; Hain 6382; Pellechet 4428; Proctor 238; Brit.
          <lb/>Mus. Cat. I, 61; Voullième : Berlin 2117.
          <lb/>211
          <lb/>DONATUS, Aelius : Ars minor (avec Glossa interl, en alle¬
          <lb/>mand). — (Strasbourg, H. Knoblochtzer vers 1483),
          <lb/>in-fol.
          <lb/>G W 8973; Proctor 388; Brit. Mus. Cat. I, 190. Bâle,
          <lb/>Londres, Nuremberg, Stuttgart.
          <lb/>212
          <lb/>après 1487), in-fol.
          <lb/>G W 8863: « Weiss (Munich) rubr. 1487 », B N Vienne. 213
          <lb/>DONATUS, Aelius : Ars minor. — (Strasbourg, J. Grüninger
          <lb/>vers 1488/90), in-4°.
          <lb/>G W 8867: BN Bamberg (incomplet).
          <lb/>214
          <lb/>DONATUS, Aelius; Ars minor. — (Strasbourg, Barth. Kistler
          <lb/>vers 1498), in-4°.
          <lb/>G W 8933; Schreiber 3843; Proctor 777. Bodl. Oxford. 215
          <lb/>DONATUS, Aelius : Ars minor. — [Strasbourg, Fréd. Ruch
          <lb/>de Dumbach vers 1499), in-4°.
          <lb/>G W 8940 : Brit. Museum, Londres; Hain-Copinger 6347. 216
          <lb/>DONATUS, Aelius : Ars minor. — (Strasbourg, J. Prüss vers
          <lb/>1500), in-4°.
          <lb/>GW8948: B U Breslau.
          <lb/>217
          <lb/>DONATUS, Aelius. Ars minor. — Strasbourg, Jean Prüss
          <lb/>(vers 1500), in-4°.
          <lb/>G W 8950 : « Gehört vielleicht zu derselben Ausgabe wie die
          <lb/>von G W n° 8949». Cambridge&amp;quot; U L (f. 17 et 18).
          <lb/>218
          <lb/>36
        </p>
      </div>
    </body>
  </text>
</TEI>
