<?xml version='1.0' encoding='UTF-8'?>
<?xml-model href="https://raw.githubusercontent.com/OpenITI/tei_openiti/master/tei_openiti.rng" type="application/xml" schematypens="http://relaxng.org/ns/structure/1.0"?>
<?xml-model href="https://raw.githubusercontent.com/OpenITI/tei_openiti/master/tei_openiti.rng" type="application/xml" schematypens="http://purl.oclc.org/dsdl/schematron"?>
<TEI xmlns="http://www.tei-c.org/ns/1.0">
  <teiHeader>
    <fileDesc>
      <titleStmt>
        <title/>
      </titleStmt>
      <publicationStmt>
        <p/>
      </publicationStmt>
      <sourceDesc>
        <p/>
      </sourceDesc>
    </fileDesc>
    <profileDesc>
      <calendarDesc>
        <calendar xml:id="ah">
          <p>Anno Hegirae</p>
        </calendar>
      </calendarDesc>
    </profileDesc>
    <xenoData xml:space="preserve">
CREATED: 2024-04-11T12:19:06.210355+00:00
CREATED BY: eScriptorium vpassthistobuildcmd
IMAGE FILENAME: Catalogue des incunables ne figurant pas à la Bibliothèque nationale et universitaire de Strasbourg - IIIe partie071.tif
IMAGE WIDTH: 2482
IMAGE HEIGHT: 3926
</xenoData>
  </teiHeader>
  <text>
    <body>
      <div>
        <p>
          <lb/>LUCIDARIUS. (Idem). — (Strasbourg, Martin Schott vers
          <lb/>1485), in-fol.
          <lb/>Copinger 3041; Kristeller n° 20; Schorbach, Lucidarius n° 5;
          <lb/>Voulliéme: Berlin 2245 (?); Heitz-Ritter n° 298. B N Berlin,
          <lb/>B U Colmar, Mayence etc.
          <lb/>437
          <lb/>LUCIDARIUS. (Idem). — Strasbourg, Mathias Hupfuff 1498,
          <lb/>in-4°.
          <lb/>Graesse III, 978; Muther, Bücherillustration I, p. 85, n° 606;
          <lb/>Heitz-Ritter n° 311; Schorbach, Lucidarius n° 26 : Kein
          <lb/>Exemplar nachweisbar.
          <lb/>438
          <lb/>LUCIDARIUS. (Idem). — Strasbourg, Mathias Hupfuff 1499,
          <lb/>in-40.
          <lb/>Hain 8814; Kristeller n° 252, Schorbach, Lucidarius n° 27;
          <lb/>Heitz-Ritter n° 313 : Darmstadt. (Double de n° 434). 439
          <lb/>LUDOLPHUS, Petrus : Descriptio terrae sanctae. —
          <lb/>(Strasbourg, H. Eggestein s. d.), in-fol.
          <lb/>Hain 10308.
          <lb/>440
          <lb/>LUDOLPHUS de Saxonia : Meditationes vitae Jesu Christi. —
          <lb/>Strasbourg 1478, in-fol.
          <lb/>Hain 10292.
          <lb/>441
          <lb/>LUDOVICUS XII. Voir : Entrée de Louis XII, n° 235.
          <lb/>MAGNI, Jacobus. Sophologium. — (Strasbourg, impr. de
          <lb/>Henricus Ariminensis s. d.), in-fol.
          <lb/>Hain 10469, Polain 2461, Proctor 329, Voulliéme: Berlin 2172;
          <lb/>Baer, Francfort s. M. Catal, 500 (1905) n° 329 : 90 M, Wasmuth
          <lb/>(Berlin) Catal, n° 5 (1925), n° 1016: 80 M.
          <lb/>442
          <lb/>MAHOMET II : Epistolae Turci magni. — Strasbourg s. d.,
          <lb/>in-40.
          <lb/>Hain 10498. Voulliéme : Berlin n° 2688; G. Reyser, Wurzbourg.
          <lb/>443
          <lb/>69
        </p>
      </div>
    </body>
  </text>
</TEI>
