<?xml version='1.0' encoding='UTF-8'?>
<?xml-model href="https://raw.githubusercontent.com/OpenITI/tei_openiti/master/tei_openiti.rng" type="application/xml" schematypens="http://relaxng.org/ns/structure/1.0"?>
<?xml-model href="https://raw.githubusercontent.com/OpenITI/tei_openiti/master/tei_openiti.rng" type="application/xml" schematypens="http://purl.oclc.org/dsdl/schematron"?>
<TEI xmlns="http://www.tei-c.org/ns/1.0">
  <teiHeader>
    <fileDesc>
      <titleStmt>
        <title/>
      </titleStmt>
      <publicationStmt>
        <p/>
      </publicationStmt>
      <sourceDesc>
        <p/>
      </sourceDesc>
    </fileDesc>
    <profileDesc>
      <calendarDesc>
        <calendar xml:id="ah">
          <p>Anno Hegirae</p>
        </calendar>
      </calendarDesc>
    </profileDesc>
    <xenoData xml:space="preserve">
CREATED: 2024-04-15T09:07:49.572365+00:00
CREATED BY: eScriptorium vpassthistobuildcmd
IMAGE FILENAME: A121078249.tif
IMAGE WIDTH: 2304
IMAGE HEIGHT: 3846
</xenoData>
  </teiHeader>
  <text>
    <body>
      <div>
        <p>
          <lb/>PAPPUS Johannes
          <lb/>Strasbourg, A. Bertram 1591
          <lb/>ARTICVLI PRAECIPVI DO- CTRINAE CHRISTIANAE: EX! CON¬
          <lb/>FESSIONE AVGVSTANA, EIVSQVE REPE- titione, quam Formu¬
          <lb/>lam Concordiae nomi- nant, in certas Theses digesti:
          <lb/>Ut materiam praebeant Disputationum privatarum, in
          <lb/>Scholis Theologicis Academiae Argen- toratensis.Opera
          <lb/>&amp;amp; studio IOHANNIS PAPPI Doctoris Theologi. (Vign.)
          <lb/>ARGENTORATI! Per Antonium Bertramum.M. D. XCI.
          <lb/>(Verso blanc.)
          <lb/>In-40, car. rom., 8 ff. non ch., 127 pp., titre courant, réclames,
          <lb/>init, ornées, vign.
          <lb/>Fol. A 2a non ch.: ...d. philippo georgio,! d. friderico, d. chri¬
          <lb/>stophoro, &amp;amp;  d. alberto otthoni,! Comitibus Solmensibus, Dominis Mun¬
          <lb/>zenbergae !. &amp;amp; Sonnenwaldae, &amp;amp;c. fratribus germanis : ! Dominis meis
          <lb/>clementibus, S. P. D.... — Argentorati, 4. Non. Septemb. Anno Christi
          <lb/>Servatoris M. D. XCI.Iohannes Pappus D. (Préface de 14 pp.)
          <lb/>R102.178 (3). Prov. : Bibl. Heitz, Strasbourg 1871. Notes mss.
          <lb/>Bibl. St-Guillaume, Strasbourg.
          <lb/>1760
          <lb/>PAPPUS Johannes
          <lb/>Strasbourg, A. Bertram 1591
          <lb/>Christliche Leichpredigt,) Bey Abführung der Leiche,
          <lb/>weyland des Edlen und Ehrn- vehsten, Caii Rantzowe,
          <lb/>Erbgesässen zum Kletkampff und Gerubou, Welcher
          <lb/>den 27. tag Octobris, Anno 1590, zu Straszburg in Chri¬
          <lb/>sto sehlig ein-geschlaffen. Gehalten daselbst den 14.
          <lb/>Decembris dessel- bigen Jahrs, Durch! IOHANNEM PAPPVM
          <lb/>D.Sampt den dazumal offentlich angeschlagnen, Pro¬
          <lb/>grammate, und Epicediis. (Vign.)
          <lb/>Gedruckt zu Straszburg, bey Antonio Bertram, im Jahr
          <lb/>M. D. XLI (!). (Verso blanc.)
          <lb/>In-4°, car. goth. et ital., 27 ff. non ch., sign. A-G, réclames,
          <lb/>notes marg., init. ornées B, G. P. H.
          <lb/>Fol. A 2a: Herrn Detleff! Rantzowe, Füstlichem Holsteinischen
          <lb/>Rath und Amptmann zum Ciszmar, Erbgesässen zum Kletkampff und
          <lb/>Gerubou, meinem groszgünstigen Herrn... — Datum Straszburg, den
          <lb/>1. Martii, Anno 1591.! Iohan. Pappus D. des Kirchen Con-! vents da¬
          <lb/>selbst Praeses, unnd Pfarrer im Münster.
          <lb/>R 102.318. Prov.: Ludwig Rosenthal, Munich 19/XI 1903; 6M.
          <lb/>BM Strasbourg.
          <lb/>1761
          <lb/>PAPPUS Johannes
          <lb/>Strasbourg, A. Bertram 1591
          <lb/>GERMANIAE VETERIS DE-SCRIPTIONES, EX! PROBATISSIMIS
          <lb/>AVTHORIBVS, latinis atque graecis, in usum Scholarum
          <lb/>1135
        </p>
      </div>
    </body>
  </text>
</TEI>
