<?xml version='1.0' encoding='UTF-8'?>
<?xml-model href="https://raw.githubusercontent.com/OpenITI/tei_openiti/master/tei_openiti.rng" type="application/xml" schematypens="http://relaxng.org/ns/structure/1.0"?>
<?xml-model href="https://raw.githubusercontent.com/OpenITI/tei_openiti/master/tei_openiti.rng" type="application/xml" schematypens="http://purl.oclc.org/dsdl/schematron"?>
<TEI xmlns="http://www.tei-c.org/ns/1.0">
  <teiHeader>
    <fileDesc>
      <titleStmt>
        <title/>
      </titleStmt>
      <publicationStmt>
        <p/>
      </publicationStmt>
      <sourceDesc>
        <p/>
      </sourceDesc>
    </fileDesc>
    <profileDesc>
      <calendarDesc>
        <calendar xml:id="ah">
          <p>Anno Hegirae</p>
        </calendar>
      </calendarDesc>
    </profileDesc>
    <xenoData xml:space="preserve">
CREATED: 2024-04-15T09:07:53.854483+00:00
CREATED BY: eScriptorium vpassthistobuildcmd
IMAGE FILENAME: A121078375.tif
IMAGE WIDTH: 2350
IMAGE HEIGHT: 3850
</xenoData>
  </teiHeader>
  <text>
    <body>
      <div>
        <p>
          <lb/>Exivit ignis in stabulo Pragae Palacii (apud S. Aegidium) quod erat re¬
          <lb/>pletum Stramine et feno et ignitum fuit omnino... (?) Rel. anc.
          <lb/>Ritter, Catal. BM Strasbourg n° 1778; Proctor 10096: Londres,
          <lb/>Brit. Museum; Schmidt VII n° 111; Kristeller 389.
          <lb/>Bœr, Francfort-s.-M., Catal, 5001907) n° 1334; 25 M.: Obwohl
          <lb/>nirgends erwähnt, ist der hübsche Titelholzschnitt: Die Madonna mit En¬
          <lb/>geln Hans Wechtelin zuzuweisen.
          <lb/>1967
          <lb/>RANTZAU Henrieus
          <lb/>Strasbourg, B. Jobin 1574
          <lb/>BELLI DITHMARSICI, AB INCLYTO DA-MAE REGE FRI¬
          <lb/>DERICOI. Et illustrissimis Holsa- satiae Ducibus, Johanne
          <lb/>&amp;amp; Adolpho fratri- bus, gesti, Anno post Christum natum
          <lb/>M. D. LIX, vera descriptio, Duo-bus libris comprehensa.
          <lb/>Denuò nunc, &amp;amp; de integro recognita, auctaque. (Marque typ.
          <lb/>de B. Jobin. H a B planche XXXVII n° 3.)
          <lb/>Au-dessous: ARCENTORATI Per Bernhardum Jobinum.
          <lb/>Anno 1574. (Verso blanc.)
          <lb/>In-8°, car. rom., 14 pp. ch. 4 209 pp. ch., réclames, init. ornées.
          <lb/>P. 3- 5: In commendationem! huius historiae, ad Lecto-[rem.
          <lb/>(31 dist. Verso blanc.)
          <lb/>P. 7-12:... Henrico! Ranzovio, Inclyti regis Daniae in ducatibus
          <lb/>Holsat. Slesvic. Dithmarsiae vicario... — Datum Itzohoae, Calendis! Au¬
          <lb/>gusti, Anno 1569. Christianus Cilicius Cimber. (Epistola Dedicatoria.)
          <lb/>P. 13-14:... Hen- rico Ranzovio, &amp;amp;c. Adamus Thracige-rus I. C....
          <lb/>Cancellarius... — Ex Got- torpio II. Novembris. Anno 1571.
          <lb/>R101961. Prov.: K. F. Kœhler, Leipaig 26/1 1883; 5M.
          <lb/>Notes mss.
          <lb/>Oxford, Bibl. Bodleiana.
          <lb/>Bibliographie de H. Rantzau, voir : Schottenloher II n° 17634-
          <lb/>17643.
          <lb/>1968
          <lb/>1281
          <lb/>RANTZAU Johannes
          <lb/>Strasbourg, Th. Rihel 1569
          <lb/>Warhafftige unnd kurtze Verzeychnisz des Krieges,
          <lb/>in welchem Kö- nig Friderich zu Dänemarck, &amp;amp;c. des Na¬
          <lb/>mens der ander, und ihrer Kön. Maj. Vettern, Johann
          <lb/>unnd Adolff, gebrüder, alle Hertzogen zu Sleszwick, Hol¬
          <lb/>steyn, &amp;amp;c. ! innerhalb zweyer Monaten im Maien und
          <lb/>Brachmonat des 1559, jars wider die Dietmarsen geführt.
          <lb/>Darinnen Von der Dietmarsen ursprung und her- kommen
          <lb/>meldung geschicht, deszgleichen von ihren alten gewonhey¬
          <lb/>ten und sitten, wie sie erstlich der Herrschafft unterthan,
        </p>
      </div>
    </body>
  </text>
</TEI>
