<?xml version='1.0' encoding='UTF-8'?>
<?xml-model href="https://raw.githubusercontent.com/OpenITI/tei_openiti/master/tei_openiti.rng" type="application/xml" schematypens="http://relaxng.org/ns/structure/1.0"?>
<?xml-model href="https://raw.githubusercontent.com/OpenITI/tei_openiti/master/tei_openiti.rng" type="application/xml" schematypens="http://purl.oclc.org/dsdl/schematron"?>
<TEI xmlns="http://www.tei-c.org/ns/1.0">
  <teiHeader>
    <fileDesc>
      <titleStmt>
        <title/>
      </titleStmt>
      <publicationStmt>
        <p/>
      </publicationStmt>
      <sourceDesc>
        <p/>
      </sourceDesc>
    </fileDesc>
    <profileDesc>
      <calendarDesc>
        <calendar xml:id="ah">
          <p>Anno Hegirae</p>
        </calendar>
      </calendarDesc>
    </profileDesc>
    <xenoData xml:space="preserve">
CREATED: 2024-04-15T09:07:48.681169+00:00
CREATED BY: eScriptorium vpassthistobuildcmd
IMAGE FILENAME: A121078213.tif
IMAGE WIDTH: 2304
IMAGE HEIGHT: 3848
</xenoData>
  </teiHeader>
  <text>
    <body>
      <div>
        <p>
          <lb/>1099
          <lb/>Actum &amp;amp; Decretum Montag nach Galli den xviii Okto¬
          <lb/>bris, Als man zalt... Fünffzehenhundert dreyssig und fünff
          <lb/>Jar. (Verso blanc.)
          <lb/>Placard, in-fol., car. goth., 72 lignes, init. ornée V.
          <lb/>R21 (7). Prov.: Bibl. Heitz, Strasbourg 1871.
          <lb/>1698
          <lb/>ORDONNANCE
          <lb/>Strasbourg 1535
          <lb/>WIr Egnolf Röder von Diersperg, der Meyster unnd
          <lb/>der Rath zû Straszburg, Thûndt khundt, Nach dem sich
          <lb/>die zeit und leuff, so schwerlich und sorglich zûtragen,
          <lb/>und wir als die oberkheit schuldig unser Stat und die
          <lb/>unnsern getrülichen zûversehen Darumb so bevelhen wir
          <lb/>allen.. in Stat und land...mit Ernst gepiettendt. Das
          <lb/>sich ein jeder, mit seinem harnosch unnd handtgewer an¬
          <lb/>heimsch halt, Niemantz weder zû Rosz noch fûsz
          <lb/>dienst zû ziehen oder bestellen lassen. Sonder unnsers
          <lb/>geheisz gehorsamen unnd erwarten solle.... —
          <lb/>Actum sambstag den xvi Ianuarii Anno &amp;amp;c. XXXV.
          <lb/>(Verso blanc.)
          <lb/>Placard, in-4°, car. goth., 8 lignes, init, ornée W.
          <lb/>R 21 (8). Prov.: Bibl. Heitz, Strasbourg 1871.
          <lb/>2ème ex.: R 22 (42). Même provenance. A la marge: Verordnung
          <lb/>geharnischt und gewappent erscheinen zu kommen, 1535.
          <lb/>1699
          <lb/>ORDONNANCE
          <lb/>Strasbourg 1537
          <lb/>ALs unsere Herrn Meyster und Rath yetzo augen¬
          <lb/>scheinlich sehen und vernemen, wie allenthal- ben auff
          <lb/>den stuben und wurtsheüsern, von den burgern künig¬
          <lb/>reich, kolben und andere zerungzchen und prassen
          <lb/>getriben wirt,... Haben die genan ten unsere Herrn Mey¬
          <lb/>ster und Rath sampt den Eyn und zweintzigen erkant,
          <lb/>Das hinfüro keyn Wurt noch Gasthalter, des gleichen
          <lb/>keyn Hauptkan uff den stuben in diser statt und dem
          <lb/>burck- bann, auch in Ruprechtzaw, Schiltdicken, Ilkirch,
          <lb/>oder zû Sanct Oszwald, keyn angefengt kü nigreich noch
          <lb/>kolben, oder der gleichen angelegt geschelschafft in iren
          <lb/>heüsern oder uff den stu- ben annemen.., sollen... yedes
          <lb/>mals umb. XXX. sz. pfenning... —
          <lb/>Dat. et Decret. montags den xii. Februarii. Anno &amp;amp;c.
          <lb/>xXxvii. (Verso blanc.)
        </p>
      </div>
    </body>
  </text>
</TEI>
