<?xml version='1.0' encoding='UTF-8'?>
<?xml-model href="https://raw.githubusercontent.com/OpenITI/tei_openiti/master/tei_openiti.rng" type="application/xml" schematypens="http://relaxng.org/ns/structure/1.0"?>
<?xml-model href="https://raw.githubusercontent.com/OpenITI/tei_openiti/master/tei_openiti.rng" type="application/xml" schematypens="http://purl.oclc.org/dsdl/schematron"?>
<TEI xmlns="http://www.tei-c.org/ns/1.0">
  <teiHeader>
    <fileDesc>
      <titleStmt>
        <title/>
      </titleStmt>
      <publicationStmt>
        <p/>
      </publicationStmt>
      <sourceDesc>
        <p/>
      </sourceDesc>
    </fileDesc>
    <profileDesc>
      <calendarDesc>
        <calendar xml:id="ah">
          <p>Anno Hegirae</p>
        </calendar>
      </calendarDesc>
    </profileDesc>
    <xenoData xml:space="preserve">
CREATED: 2024-04-15T09:07:54.757240+00:00
CREATED BY: eScriptorium vpassthistobuildcmd
IMAGE FILENAME: A121078408.tif
IMAGE WIDTH: 2374
IMAGE HEIGHT: 3840
</xenoData>
  </teiHeader>
  <text>
    <body>
      <div>
        <p>
          <lb/>1294
          <lb/>&amp;amp; aduersa, laudes &amp;amp; pericula omnium statuum;! Auctor
          <lb/>nobilissimi huius libri fuit dominus Rodericus! Episcopus
          <lb/>Zamorensis Castellanus, &amp;amp; Referen- darius Papae Pauli II.
          <lb/>In theologia, utroque Iure! &amp;amp; omnibus aliis bonis litteris
          <lb/>doctissimus Summus christianae religionis cultor&amp;amp;
          <lb/>defensor, Ferventissimusque &amp;amp; constantissimus salutis
          <lb/>animarum!! Zelator.
          <lb/>A la fin : Iohannes Botzhemus abstemius D. Iacobus
          <lb/>Vuymphelingius. S. pa. L. Symphorianus pollio Sacerdos
          <lb/>recognoverunt Iohannes prys Civis Argentinus in aedibus
          <lb/>lustri vulgo zum!! Thiergarten impressit. Ad morem gerendum
          <lb/>generoso domino Philippo domino in Duno &amp;amp; lapide superiori
          <lb/>Argentinensis ec- clesie Preposito. &amp;amp; ad preces Pauli Burger
          <lb/>eiusdem Summissarii :  Pridie idus Ianuarii. Anno salutis.
          <lb/>M. D. VII.
          <lb/>In-fol., car. rom., 14 ff. non ch., XCI ff. ch., titre courant, notes marg.,
          <lb/>de nombreuses init. ornées.
          <lb/>Au verso du titre : Paulo Burger, ecclesiae maioris Argen. Summissario,
          <lb/>viro! integerrimo, Ioannes Botzhemus Decretorum doctor... Datae die.
          <lb/>VI. I) Ianuarij : Anno septimo supra. M. D.
          <lb/>fol. A 2a non ch. : ... Philippo, domino in Duno &amp;amp; Lapide superiori,
          <lb/>Argentinensi... Paulus Burger... — Ex Argentina sexto Nonas octobres:
          <lb/>Anno domini. M. CCCCC. VI. En plus 5 dist. de S. Brant.
          <lb/>Suivent 4 pp. avec des dist. de Botzhemus (12), Wimpfeling (7), Phi¬
          <lb/>lesius (10), Ioannes Gallinarius (12), Simphorianus Polio (7), Beatus
          <lb/>Rhenanus (8), Beatus Arnoldus Slestatinus (8), Ioannes Castmeister
          <lb/>Iunior (4).
          <lb/>fol. A 4b non ch. : Inventarium in Speculum Vitae Humanae. (9 pp.).
          <lb/>fol. b 1a. Epistola ad Papam Paulum. II. (2 pp.)
          <lb/>fol. b 2a non ch. : Praefatio...
          <lb/>&amp;quot;R. 10.367. Prov. : Bibliothèque du Gymnase de Heilbronn, 2/IV. 1878.
          <lb/>2e ex. R. 10.599 (3), Prov. : Bibliothèque Prof. Baum, 20/1I, 1879.
          <lb/>Schmidt III, n° 59 : Jadis Bibl. de Strasbourg, Incun n° 4103, BM
          <lb/>Colmar; et Bibliothèque Saint-Guillaume, Strasbourg.
          <lb/>Ritter : Catal. BM Strasbourg, n° 1827/28.
          <lb/>2021
          <lb/>RODT Mathias
          <lb/>Strasbourg, S. Emmel, 1555
          <lb/>Das Salve Regina verteutscht und widerlegt. Durch
          <lb/>M. Matthiam Rodt Predi-ger zu Lin-daw.Mit anzeygung
          <lb/>wie die H. Junck fraw Maria, und die lieben Heyli-gen
          <lb/>recht zu ehren seyen. 4. Iohan. 5. Filioli fugite idolo¬
          <lb/>latriam, Getruckt zu Strasburg durchSamuel Emmel.
          <lb/>M. D. L. V.
          <lb/>In-4°, car. rom., 4 ff. non ch., LXIX ff. ch., 7 ff. non ch., titre courant,
          <lb/>réclames.
          <lb/>Au verso du titre :... Achill(li Pirvinio Gassero, Medico Augustano...
          <lb/>M. Matthias Rodt... Geben zû Lin-!ldaw. Anno!! 1555. ! Matthias Rodt.
          <lb/>(6 pp.)
        </p>
      </div>
    </body>
  </text>
</TEI>
