<?xml version='1.0' encoding='UTF-8'?>
<?xml-model href="https://raw.githubusercontent.com/OpenITI/tei_openiti/master/tei_openiti.rng" type="application/xml" schematypens="http://relaxng.org/ns/structure/1.0"?>
<?xml-model href="https://raw.githubusercontent.com/OpenITI/tei_openiti/master/tei_openiti.rng" type="application/xml" schematypens="http://purl.oclc.org/dsdl/schematron"?>
<TEI xmlns="http://www.tei-c.org/ns/1.0">
  <teiHeader>
    <fileDesc>
      <titleStmt>
        <title/>
      </titleStmt>
      <publicationStmt>
        <p/>
      </publicationStmt>
      <sourceDesc>
        <p/>
      </sourceDesc>
    </fileDesc>
    <profileDesc>
      <calendarDesc>
        <calendar xml:id="ah">
          <p>Anno Hegirae</p>
        </calendar>
      </calendarDesc>
    </profileDesc>
    <xenoData xml:space="preserve">
CREATED: 2024-04-15T09:07:48.261158+00:00
CREATED BY: eScriptorium vpassthistobuildcmd
IMAGE FILENAME: A121078198.tif
IMAGE WIDTH: 2302
IMAGE HEIGHT: 3846
</xenoData>
  </teiHeader>
  <text>
    <body>
      <div>
        <p>
          <lb/>1084
          <lb/>Fol. 6b: Ioan. Sturmii! Sententia, De Cognitio- ne &amp;amp; exercitatione
          <lb/>linguarum nostri se-cui: ad Cunradum Preslausky Regni] Poloniae Se¬
          <lb/>cretarium.... Arg. (27. août 1573.)
          <lb/>A la fin: des dist, latins de Jacobus Hartmannus et de Jacobus
          <lb/>Meierus Arenbergius Iurium D. et 16 vers allemands: Beschluss an
          <lb/>den Leser. Au verso de l’avant-dernier f, non ch. armoiries de la famille
          <lb/>Oelinger Insignia Oelingeriana: un grand griffon et en bas sur un écus¬
          <lb/>son un second griffon plus petit. Au-dessous: «Griffius excelsis insistit
          <lb/>Montibus Hoc est, Ingenio regitur Nobilitatis onus.»
          <lb/>R100.189. Prov.: H. Kerler, Ulm (Catal. 27 n° 856) 28/IV
          <lb/>1879; 10 M. Au recto du f. de garde: Autogr. de K. Weigand.
          <lb/>Voir: Die deutsche Grammatik des Albert Oelinger hrsg. von Willy
          <lb/>Scheel, Halle a. S., Max Niemeyer, 1897, in-80, LXII † 128 p. [— Aeltere
          <lb/>deutsche Grammatiken in Neudrucken. Bd. 41; Schottenloher I n° 16574-
          <lb/>1668
          <lb/>16578.
          <lb/>OELINGER Paul
          <lb/>Strasbourg, Bl. Fabricius 1555
          <lb/>ETHICO RVM LEGALIVM LI-]BER PRIMVS, IVXTA ORDI( nem
          <lb/>quodammodo, &amp;amp; omnino! ex verbis Aristotelis, philosopho¬
          <lb/>rum! omnium facile Principis, Legi-bus &amp;amp; Iuribus civi¬
          <lb/>libus adiectis. Explicatus per D: Paulum Olinge- rum,
          <lb/>utriusque luris Doctorem,! Argentinensem. Cui &amp;amp; in calce
          <lb/>capitum singulariter ex ethicis Ari stotelis explicatorum
          <lb/>primum, deinde vero notatu dignorum omnium index
          <lb/>accessit copiosissimus.
          <lb/>ARGENTORATI. Blas. Fabric. 1555.
          <lb/>In-8°, car. rom., 9 ff. non ch., 203 pp. ch. et 7 ff. non ch. (table),
          <lb/>titre courant, réclames, notes marg., init. à fig. S, C.
          <lb/>Au verso du titre: Effigies D. Pauli Olingeri. IC. ! A? Chri; 1554
          <lb/>A? Aeta. : Suae. 37. A? Doct. Sui 12. Au-dessous portrait d’Olinger de
          <lb/>la grandeur de la page.
          <lb/>Fol. 2a: Insignia D. Pau. Olingeri. IC: Armoiries d’Olinger; au¬
          <lb/>dessous : Griphius excelsis institit! Montibus Hoc Est, 1 Ingenio regitur
          <lb/>Nobilitatis Onus. Au-verso:... Domino Chri- stophoro, Duci Wirtenber¬
          <lb/>gensi &amp;amp; Teckensi Comiti in Mömbelligarto... (Préface.)
          <lb/>R101.210. Prov.: BN Munich 30/VI 1877; sans indic. de prix.
          <lb/>Incomplet, la fin de la préface manque.
          <lb/>1669
          <lb/>ONOMASTICON Medicinae. Voir: BRUNFELS Otto
          <lb/>OPPIANUS
          <lb/>Strasbourg, J. Cammerlander 1534
          <lb/>OPPIANI POETAE ALIEVTICON, SIVE DE PISCIBVS,! Libri
          <lb/>quinque è graeco traducti ad Antonium Imperatorem.
        </p>
      </div>
    </body>
  </text>
</TEI>
