<?xml version='1.0' encoding='UTF-8'?>
<?xml-model href="https://raw.githubusercontent.com/OpenITI/tei_openiti/master/tei_openiti.rng" type="application/xml" schematypens="http://relaxng.org/ns/structure/1.0"?>
<?xml-model href="https://raw.githubusercontent.com/OpenITI/tei_openiti/master/tei_openiti.rng" type="application/xml" schematypens="http://purl.oclc.org/dsdl/schematron"?>
<TEI xmlns="http://www.tei-c.org/ns/1.0">
  <teiHeader>
    <fileDesc>
      <titleStmt>
        <title/>
      </titleStmt>
      <publicationStmt>
        <p/>
      </publicationStmt>
      <sourceDesc>
        <p/>
      </sourceDesc>
    </fileDesc>
    <profileDesc>
      <calendarDesc>
        <calendar xml:id="ah">
          <p>Anno Hegirae</p>
        </calendar>
      </calendarDesc>
    </profileDesc>
    <xenoData xml:space="preserve">
CREATED: 2024-04-15T09:07:49.780464+00:00
CREATED BY: eScriptorium vpassthistobuildcmd
IMAGE FILENAME: A121078251.tif
IMAGE WIDTH: 2304
IMAGE HEIGHT: 3846
</xenoData>
  </teiHeader>
  <text>
    <body>
      <div>
        <p>
          <lb/>PAPPUS Johannes
          <lb/>Strasbourg, Jost Martin 1592
          <lb/>Kurtzer und beständiger Bericht,Von dem rechten
          <lb/>An- fang, unnd warhafften Ursachen, der jetzigen Un¬
          <lb/>ruhe im Bistumb unnd Stifft Straszburg.Sampt einer
          <lb/>Vorrede, und notwendigen Erin-nerung, Trost und Ver¬
          <lb/>mahnung, Der Kirchendiener z4 Straszburg, an! ihre
          <lb/>liebe Zûhörer, und andere diser zeit im Elsasz von den
          <lb/>Lothringern hart bedrangte und verfolgte Christen. (Vign.)
          <lb/>Getruckt zu Straszburg, ( bei Jost Martin.! Anno M. D.
          <lb/>XCII. (Verso blanc.) A la fin, vign.
          <lb/>In-4°, car. goth., 56 pp., titre courant, réclames, init. goth. I,
          <lb/>4, notes marg.
          <lb/>P. 3- 22, préface :, Geschrieben zu Staszburg, Zinstags den 10. Oc¬
          <lb/>tobris, im! Jar nach der Geburt Christi unsers Heilandes und Erlösers,
          <lb/>Ein Tausent, Fünffhundert, und zwei und neuntzig. —Die Kirchen¬
          <lb/>diener zu Straszburg. Johannes Pappus, S. Theolog. Doctor, Praesident
          <lb/>des! Kirchenconvents, und Pfarrer im Münster.Johannes Thomae,
          <lb/>Pfarrer zu S. Niclaus. Johannes Faber, Pfarrer zu S. Thoman. etc.&amp;quot;
          <lb/>(Suivent les noms de 21 autres pasteurs de Strasbourg.) Au-dessous,
          <lb/>même vign. qu’au titre.
          <lb/>R102.264. Prov.: Bibl. Heitz, Strasbourg 1871.
          <lb/>1764
          <lb/>PAPPUS Johannes-: [Elenchus) Scriptorum Doctoris Johan¬
          <lb/>nis Pappi. Voir: ELENCHUS. Strasbourg 1596.
          <lb/>PAPPUS Johannes
          <lb/>Strasbourg, B. Jobin héritiers 1596
          <lb/>EPITOME HISTORIAE] ecclesiasticae. DE CONVERSIO¬
          <lb/>NIBVS GENTIVM, PERSECVTIONI- bus Ecclesiae, Haeresibus,
          <lb/>&amp;amp; Con- ciliis oecumenicis, Ex PRAECIPVIS SCRIPTORI- bus
          <lb/>Ecclesiasticis collecta, studio &amp;amp; opera IOHANNIS PAPPI
          <lb/>Doct. Theologi. Editio secunda emendatior.Cum Indice
          <lb/>Rerum &amp;amp; Personarum memorabilium. (Bande ornem.)
          <lb/>Au-dessous: ARGENTORATI! Typis haeredum Bernhardi
          <lb/>Iobini. ANNO M. D. XCVI. (Verso blanc.)
          <lb/>In-8°, car. rom. et ital., 8 ff. non ch. (préfaces comme dans la
          <lb/>première édition de 1584), 375 pp., 13 ff. non ch. (table à2 col.,
          <lb/>en car. ital.), titre courant, réclames, notes marg., init. ornées V, C,E,
          <lb/>R, I; titre encadré (H de B Planche XXXVII n° 6). Réimpression
          <lb/>de l&amp;#x27;édition de 1584.
          <lb/>R101482. Prov.: Donation Edouard Cunitz, Strasbourg 1886.
          <lb/>Notes mss.
          <lb/>BM Strasbourg.
          <lb/>1765
          <lb/>R.72
          <lb/>1137
        </p>
      </div>
    </body>
  </text>
</TEI>
