<?xml version='1.0' encoding='UTF-8'?>
<?xml-model href="https://raw.githubusercontent.com/OpenITI/tei_openiti/master/tei_openiti.rng" type="application/xml" schematypens="http://relaxng.org/ns/structure/1.0"?>
<?xml-model href="https://raw.githubusercontent.com/OpenITI/tei_openiti/master/tei_openiti.rng" type="application/xml" schematypens="http://purl.oclc.org/dsdl/schematron"?>
<TEI xmlns="http://www.tei-c.org/ns/1.0">
  <teiHeader>
    <fileDesc>
      <titleStmt>
        <title/>
      </titleStmt>
      <publicationStmt>
        <p/>
      </publicationStmt>
      <sourceDesc>
        <p/>
      </sourceDesc>
    </fileDesc>
    <profileDesc>
      <calendarDesc>
        <calendar xml:id="ah">
          <p>Anno Hegirae</p>
        </calendar>
      </calendarDesc>
    </profileDesc>
    <xenoData xml:space="preserve">
CREATED: 2024-04-15T09:07:53.065781+00:00
CREATED BY: eScriptorium vpassthistobuildcmd
IMAGE FILENAME: A121078351.tif
IMAGE WIDTH: 2338
IMAGE HEIGHT: 3848
</xenoData>
  </teiHeader>
  <text>
    <body>
      <div>
        <p>
          <lb/>Strasbourg [I59II
          <lb/>PROVERBIA
          <lb/>Kohelet, Canticum.
          <lb/>In-24°, car. hébreux (typis Schadaeanis), 126 ff. non ch., sign. a—q,
          <lb/>chaque page est encadrée de 4 lignes qui se croisent en angle droit. Pré¬
          <lb/>face latine d’El. Schadaeus:... Argentorati Anno M. D. XCI. 6. Sep¬
          <lb/>tembris.
          <lb/>E171447. Prov.: Simon Bloch, Schächter, Strasbourg 23/VI 1908;
          <lb/>23 M. Incomplet, le commencement de la préface manque.
          <lb/>Voir: Steinschneider M., Catalogus librorum Hebraeorum in Biblio¬
          <lb/>theca Bodleiana n° 300: ,Sine tit., ad man. sinistr. textus qui, 12 linn.
          <lb/>rhytm. dispos., linea circumdatur. Wf. I p. 409, Masch I p. 93. Expl.
          <lb/>Opp. 125 D. in titulo atram, rubro scriptum A. fert 1609 (sic)... 1934
          <lb/>PSALMEN
          <lb/>Strasbourg, W. Kœpfel 1530
          <lb/>Psalmen! gebett, und kirch- en übung, wie sie zû
          <lb/>Strasz burg gehalten werden. (Marque typ. de Kœpfel. HEB
          <lb/>planche XVIII n° 10, mais avec un autre encadrement.)
          <lb/>Bey Wolff Köpphl 1530.
          <lb/>A la fin même marque typ., mais plus grande. (HEB planche
          <lb/>XIX n° 13.)
          <lb/>In-8°, car. goth., 4 ff. non ch., 80 ff. ch.4 4 non ch., les psaumes
          <lb/>avec transcriptions des notes, tître encadré (scènes de la sainte Ecriture).
          <lb/>Au verso du titre: Wolf köpffel zum leser, de même au Ier fol.
          <lb/>ch.: Wolfgang köpfel Buch! trucker zâ Straszburg, dem Christ- lichen
          <lb/>Leser... — Z6 Straszburg am 3. Julii, 1 1530.
          <lb/>R102.241. Prov.: Adolphe Auberlen, curé à Harsfelden (Wurttem¬
          <lb/>berg) 7/XII 1899. A l&amp;#x27;intérieur de la couverture: Adolf Auberlen, Pfarrer,
          <lb/>Harsfelden, 1886.
          <lb/>1935
          <lb/>1237
          <lb/>PSALMEN
          <lb/>Strasbourg, J. Pruss 1537
          <lb/>Psalmen unnd geystliche Lieder] die man zû Strasz¬
          <lb/>burg, und auch! die man inn anderen Kirchen pflegt
          <lb/>zû singen. Form und gebett zum eynsegen der vor den
          <lb/>heiligen Tauff Abentmal! besuchung der Kranken, und be¬
          <lb/>grebnuss der abgestorbenen. Alles gemert und gebessert
          <lb/>Auch mit seinem Register.
          <lb/>Straszburg durch Hanns Preussen, In verlegung Wolff
          <lb/>Köpffel. Anno. M. D. XXXVII.
          <lb/>In-8°, car. goth., CLXXV ff. ch. (l&amp;#x27;exemplaire que j’ai est incom¬
          <lb/>plet, il va seulement jusqu’au psaume CXXXIX; le titre manque, il a
        </p>
      </div>
    </body>
  </text>
</TEI>
