<?xml version='1.0' encoding='UTF-8'?>
<?xml-model href="https://raw.githubusercontent.com/OpenITI/tei_openiti/master/tei_openiti.rng" type="application/xml" schematypens="http://relaxng.org/ns/structure/1.0"?>
<?xml-model href="https://raw.githubusercontent.com/OpenITI/tei_openiti/master/tei_openiti.rng" type="application/xml" schematypens="http://purl.oclc.org/dsdl/schematron"?>
<TEI xmlns="http://www.tei-c.org/ns/1.0">
  <teiHeader>
    <fileDesc>
      <titleStmt>
        <title/>
      </titleStmt>
      <publicationStmt>
        <p/>
      </publicationStmt>
      <sourceDesc>
        <p/>
      </sourceDesc>
    </fileDesc>
    <profileDesc>
      <calendarDesc>
        <calendar xml:id="ah">
          <p>Anno Hegirae</p>
        </calendar>
      </calendarDesc>
    </profileDesc>
    <xenoData xml:space="preserve">
CREATED: 2024-04-15T09:07:43.754449+00:00
CREATED BY: eScriptorium vpassthistobuildcmd
IMAGE FILENAME: A121078041.tif
IMAGE WIDTH: 2356
IMAGE HEIGHT: 3836
</xenoData>
  </teiHeader>
  <text>
    <body>
      <div>
        <p>
          <lb/>925
          <lb/>567; Proctor II Sectio I n° 9989: Londres Brit. Museum; Schmidt III
          <lb/>Beaulieux p. 189: BU Paris, Rés. 729; BN Paris, Rés, m. Yc.
          <lb/>p. 21 n° 71: «Jadis Bibl. de Strasbourg, Incun, n° 3164, Bibl. Munici¬
          <lb/>pale et Bibl. St. Guillaume de Strasbourg.»
          <lb/>1887
          <lb/>LUCIANUS: In calumniam oratio. Voir: MELANCHTHON Ph. :
          <lb/>De arte dicendi declamatio. Haguenau, J. Setzer s. d.
          <lb/>LUCIANUS: In cupidinem nocivum. Voir: PICUS A MIRAN¬
          <lb/>DOLA: De expellendis cupidine et venere carmen heroicum.
          <lb/>Strasbourg, J. Schott 1513.
          <lb/>LUCIANUS Samosatensis
          <lb/>Strasbourg, J. Schott 1515
          <lb/>Aouxavoõ Zanocatéoc! Osoν ôtαλoyot. LUCIANI SAMOSA¬
          <lb/>TENSIS! DEORVM DIALOGI! numero.! 70 una cum inter¬
          <lb/>pretatione e regione latina : nusquam an tea impres¬
          <lb/>si.Contenta Librorum partialium.
          <lb/>1. Deorum Supernorum, habet Dialogos 26. 2. Deo¬
          <lb/>rum Marinorum, habet Dialogos 14.! 3. Deorum inferno¬
          <lb/>rum, habet Dialogos 30.Icoxpatic. ]’Eav 7e othopatijs, éon
          <lb/>xolonabne.
          <lb/>Joannes Schottus, Argentinae studiosis elaborauit.
          <lb/>Sed relectos iudica. 1515.
          <lb/>In-40, car, grecs et rom., texte grec d’un côté et traduction latine
          <lb/>en regard; 168 ff. non ch., sign. a-x (4 ff.); les pages grecques ont
          <lb/>chacune une bordure, tître rouge et noir, init. rouges ornées A, S.
          <lb/>Au verso du titre: Othomarus Nachtgall Argentinus, Ioanni! Schotto
          <lb/>municipi suo S.... — Ex viridario s. Ioannis Argentinen.
          <lb/>R101.493. Prov.: Bibl. Ch. Schmidt, Strasbourg avec son ex-libris.
          <lb/>BN Paris, Rés. Z. 985; Schmidt II n° 31; Proctor 10277;
          <lb/>Brunet III?, 1208: «Rare; 10 à 15 frs.»
          <lb/>1388
          <lb/>LUCIANUS Samosatensis
          <lb/>Strasbourg, J. Knobloch 1517
          <lb/>EX LVCIANO QVAEDAM IAM] recens traducta. SOMNIVM
          <lb/>LVCIANI, in primis effi- cax ad studia literarum incitamen¬
          <lb/>tum. ADVERSVS eum qui inquit &amp;amp;c. NIGRINVS, boni uiri
          <lb/>similachrum com plectitur &amp;amp; mundi huius (qui in malo
          <lb/>positus est) uanitatem.... (Voir page 926.)
        </p>
      </div>
    </body>
  </text>
</TEI>
