<?xml version='1.0' encoding='UTF-8'?>
<?xml-model href="https://raw.githubusercontent.com/OpenITI/tei_openiti/master/tei_openiti.rng" type="application/xml" schematypens="http://relaxng.org/ns/structure/1.0"?>
<?xml-model href="https://raw.githubusercontent.com/OpenITI/tei_openiti/master/tei_openiti.rng" type="application/xml" schematypens="http://purl.oclc.org/dsdl/schematron"?>
<TEI xmlns="http://www.tei-c.org/ns/1.0">
  <teiHeader>
    <fileDesc>
      <titleStmt>
        <title/>
      </titleStmt>
      <publicationStmt>
        <p/>
      </publicationStmt>
      <sourceDesc>
        <p/>
      </sourceDesc>
    </fileDesc>
    <profileDesc>
      <calendarDesc>
        <calendar xml:id="ah">
          <p>Anno Hegirae</p>
        </calendar>
      </calendarDesc>
    </profileDesc>
    <xenoData xml:space="preserve">
CREATED: 2024-04-15T09:07:47.011685+00:00
CREATED BY: eScriptorium vpassthistobuildcmd
IMAGE FILENAME: A121078154.tif
IMAGE WIDTH: 2306
IMAGE HEIGHT: 3846
</xenoData>
  </teiHeader>
  <text>
    <body>
      <div>
        <p>
          <lb/>1040
          <lb/>Thomas murner. Desiderio desideravi hoc pascha mandu¬
          <lb/>care vobiscum an- tequam patiar.
          <lb/>Johannes wœnrher (Wœrnherl Baro dnsque Jn Morsperg
          <lb/>et befordt. ad Thomam Murner praeceptorem suum Disti¬
          <lb/>chon. (Dist. Verso blanc.)
          <lb/>In-4°, car. goth., 23 ff. non ch., sign. a-c, notes marg.
          <lb/>R100.143. Prov. inconnue.
          <lb/>BM Strasbourg; Schmidt, Histoire littéraire I1 420 n° 311.
          <lb/>Bibliographie de Th. Murner, voir: Schottenloher I n° 16094—
          <lb/>1601
          <lb/>16133.
          <lb/>MURNER Thomas
          <lb/>[Strasbourg, M. Hupfuff] 1502
          <lb/>Thome Murner Argentini ! ordinis... (Voir grav. sur bois
          <lb/>p. 1041.) Verso blanc.
          <lb/>In-40, car. goth., 16 ff. non ch., verso du dernier f. blanc, sign.
          <lb/>A-C, init. d’attente. La Germania va jusqu’à fol. 9a; vient ensuite:
          <lb/>Oratio ad capitulum.
          <lb/>Fol. A 2a: Thomas murner Argen- tinus. Hieronymo Happmacher
          <lb/>bone indolis!Adolescenti. S-P. D.... — Ex Conventu nostro argentino.
          <lb/>R100.631. Prov.: Don de H. Richter, Strasbourg 14/x 1908.
          <lb/>Ch. Schmidt, Histoire litt. de l’Alsace II, 220, annotation 31, re¬
          <lb/>marque sur la rareté du livre :,La bibliothèque de Strasbourg en avait
          <lb/>possédé un exemplaire. M. de Liebenau en a découvert plusieurs dans
          <lb/>divers dépots (?). Gérard, «Un alsatique qui n’existe plus», dans le Biblio¬
          <lb/>graphe Alsacien, 1865, p. 97, croit que le traité a été imprimé par Gru¬
          <lb/>ninger; d’après la forme des caractères, il est plutôt sorti de la presse
          <lb/>de Hupfuff. Comme Gérard en parle sans l’avoir vu, on comprend aussi
          <lb/>qu’il ait pu se tromper dans ses conjectures sur le contenu.&amp;quot;
          <lb/>Liebenau, Murner p. 23 note 1 dit :» Der Originaldruck soll sich
          <lb/>nur mehr in einem Exemplare, früher der Klosterbibliothek Rheinau, nun
          <lb/>aber der Züricher Kantonsbibliothek gehörig, erhalten haben.
          <lb/>Borries: Wimpfeling und Murner p. 191-197.
          <lb/>1602
          <lb/>MURNER Thomas
          <lb/>Strasbourg, J. Schott 1509
          <lb/>Thomas Mur-ner de augusti-niana hierony miana¬
          <lb/>que reformatione poetarum.
          <lb/>A la fin: Impressum Argentine anno salutis. M. D. IX.
          <lb/>(Verso blanc.)
          <lb/>In-40, car, rom., titre et premières lignes des chapitres car. goth.,
          <lb/>XLV ff. ch., 7 ff. non ch., sign. a-i, titre courant, notes marg., init.
          <lb/>ornée f au titre, et init. d’attente.
        </p>
      </div>
    </body>
  </text>
</TEI>
