<?xml version='1.0' encoding='UTF-8'?>
<?xml-model href="https://raw.githubusercontent.com/OpenITI/tei_openiti/master/tei_openiti.rng" type="application/xml" schematypens="http://relaxng.org/ns/structure/1.0"?>
<?xml-model href="https://raw.githubusercontent.com/OpenITI/tei_openiti/master/tei_openiti.rng" type="application/xml" schematypens="http://purl.oclc.org/dsdl/schematron"?>
<TEI xmlns="http://www.tei-c.org/ns/1.0">
  <teiHeader>
    <fileDesc>
      <titleStmt>
        <title/>
      </titleStmt>
      <publicationStmt>
        <p/>
      </publicationStmt>
      <sourceDesc>
        <p/>
      </sourceDesc>
    </fileDesc>
    <profileDesc>
      <calendarDesc>
        <calendar xml:id="ah">
          <p>Anno Hegirae</p>
        </calendar>
      </calendarDesc>
    </profileDesc>
    <xenoData xml:space="preserve">
CREATED: 2024-04-15T09:07:51.839770+00:00
CREATED BY: eScriptorium vpassthistobuildcmd
IMAGE FILENAME: A121078316.tif
IMAGE WIDTH: 2318
IMAGE HEIGHT: 3850
</xenoData>
  </teiHeader>
  <text>
    <body>
      <div>
        <p>
          <lb/>1202
          <lb/>Fol. 4a. Ad gloriam immortalem Leonis papae decimi... Nicolai Ger¬
          <lb/>bellii Carmen. (6 dist.)
          <lb/>Fol. 4b : Othmari Nachtgall Argentini de zelo! Leonis papae de¬
          <lb/>cimi... Parenesis, (11 dist.)
          <lb/>Beruinuis durr Sului
          <lb/>In quaCandide Lector continentur.
          <lb/>Grauamina germanicę Nationis,
          <lb/>Confutatio eorundem cum replicie,
          <lb/>De concilio Constantien. &amp;amp; Basilieñ.
          <lb/>Describuntur hic Vrbes, Ciuitatez, Ecclesie,
          <lb/>Episcopatus Abbacię, Principatus, &amp;amp; no
          <lb/>bilissime familie Germanotum,
          <lb/>latione benesicio℟, cũ Replicis, inbulla Le
          <lb/>onis,x. de Ecclesia reformãda fundatis,
          <lb/>De Concordads Principum.
          <lb/>De officio Papę, &amp;amp; suis offidalibus,
          <lb/>De veritate Christianɇ religionie,
          <lb/>Profectio lacobi Marchionis Badensis: ad
          <lb/>vrbem Romã Eiusoraciuncula ad Pa
          <lb/>pam:eius responsio:cu litteris cõmen
          <lb/>daticijs Friderici. III. &amp;amp; Maximiliani
          <lb/>ceteroru germanie Principum.
          <lb/>De duobus Falsarijs Romę sub
          <lb/>Innocentio. VIIl, combustis.
          <lb/>Cum gratia et priunlegio
          <lb/>&amp;amp;
          <lb/>Cesatee HHaiestatis.
          <lb/>C
          <lb/>S
          <lb/>(Voir p. 1201 Titre.)
        </p>
      </div>
    </body>
  </text>
</TEI>
