<?xml version='1.0' encoding='UTF-8'?>
<?xml-model href="https://raw.githubusercontent.com/OpenITI/tei_openiti/master/tei_openiti.rng" type="application/xml" schematypens="http://relaxng.org/ns/structure/1.0"?>
<?xml-model href="https://raw.githubusercontent.com/OpenITI/tei_openiti/master/tei_openiti.rng" type="application/xml" schematypens="http://purl.oclc.org/dsdl/schematron"?>
<TEI xmlns="http://www.tei-c.org/ns/1.0">
  <teiHeader>
    <fileDesc>
      <titleStmt>
        <title/>
      </titleStmt>
      <publicationStmt>
        <p/>
      </publicationStmt>
      <sourceDesc>
        <p/>
      </sourceDesc>
    </fileDesc>
    <profileDesc>
      <calendarDesc>
        <calendar xml:id="ah">
          <p>Anno Hegirae</p>
        </calendar>
      </calendarDesc>
    </profileDesc>
    <xenoData xml:space="preserve">
CREATED: 2024-04-15T09:07:54.420098+00:00
CREATED BY: eScriptorium vpassthistobuildcmd
IMAGE FILENAME: A121078399.tif
IMAGE WIDTH: 2374
IMAGE HEIGHT: 3842
</xenoData>
  </teiHeader>
  <text>
    <body>
      <div>
        <p>
          <lb/>1285
          <lb/>fol. K 2b : Mensium latinorum!) &amp;amp; Aegyptiacorum labores!] Per!]
          <lb/>Ioachimum Camerarium. (12 dist.)
          <lb/>fol. K 3a-K 7b : Anagram- mata (en tout 18).
          <lb/>Insignia Reusnerorum.
          <lb/>cy
          <lb/>He
          <lb/>Cœlitis ingenij, atque animæ exardentis Olympum,
          <lb/>Vestrum ôREVSNERI, sidus hoc, instar habet.
          <lb/>At neque vos cassos animo, &amp;amp; vi pectoris esse,
          <lb/>Irâ animo́ potens, id Leo testis ait.
          <lb/>Felix conjugium: si non sapientia robur
          <lb/>Destituit: &amp;amp; quod jure coronat honos.
          <lb/>Ianus Ferschius Vratisl. Med&amp;#x27;
          <lb/>R. 100.8872. Prov. : Bibl. de la ville de Heilbronn. Au bas du titre :
          <lb/>autographe de Johannes Lauterbachius Poeta coronatus qui avait reçu
          <lb/>l’exemplaire de Johannes Posthius.
          <lb/>2004
          <lb/>REUSNER Nicolas
          <lb/>Strasbourg, B. Jobin, 1587
          <lb/>Icones!! sive Imagines viro-rum literis illustrium
          <lb/>Quorum fide et do- ctrinà religionis &amp;amp; bonarum lite- rarum
          <lb/>studia, nostrâ patrumque memo-riâ, in Germania prae¬
          <lb/>sertim, in integrum resti- tuta.Additis eorundem elogiis
          <lb/>diversorum auctorum.Recensente Nicolao Reusnero Ic.
        </p>
      </div>
    </body>
  </text>
</TEI>
