<?xml version='1.0' encoding='UTF-8'?>
<?xml-model href="https://raw.githubusercontent.com/OpenITI/tei_openiti/master/tei_openiti.rng" type="application/xml" schematypens="http://relaxng.org/ns/structure/1.0"?>
<?xml-model href="https://raw.githubusercontent.com/OpenITI/tei_openiti/master/tei_openiti.rng" type="application/xml" schematypens="http://purl.oclc.org/dsdl/schematron"?>
<TEI xmlns="http://www.tei-c.org/ns/1.0">
  <teiHeader>
    <fileDesc>
      <titleStmt>
        <title/>
      </titleStmt>
      <publicationStmt>
        <p/>
      </publicationStmt>
      <sourceDesc>
        <p/>
      </sourceDesc>
    </fileDesc>
    <profileDesc>
      <calendarDesc>
        <calendar xml:id="ah">
          <p>Anno Hegirae</p>
        </calendar>
      </calendarDesc>
    </profileDesc>
    <xenoData xml:space="preserve">
CREATED: 2024-04-15T09:07:46.133724+00:00
CREATED BY: eScriptorium vpassthistobuildcmd
IMAGE FILENAME: A121078123.tif
IMAGE WIDTH: 2312
IMAGE HEIGHT: 3848
</xenoData>
  </teiHeader>
  <text>
    <body>
      <div>
        <p>
          <lb/>MELANCHTHON Philippus
          <lb/>Strasbourg, Crato Mylius 1542
          <lb/>DEFENSIO CONJVGII SACERDOTVM PIA) et erudita, missa
          <lb/>ad Regem Angliae. collecta à Philippo Me- lanthone. (!)
          <lb/>AAEZTOTA. REFVTATIO ABVSVVM COE- nae Domini. ERV¬
          <lb/>DITA ET VTILIS DISPV- tatio de potestate Pon- tificia.
          <lb/>A la fin: ARGENTORATI APVD CRA TONEM MYLIVM AN.
          <lb/>M. D. XLII. MENSE MARTIO.
          <lb/>In-80, car, rom., 140 pp., titre courant, réclames, init. à fig. M,0,E.
          <lb/>Au verso du titre 10 dist.: Querela animarum... de Tyrannis....
          <lb/>R 100.872. Prov. : Bibl. du Prof. Baum 20/11 1879.
          <lb/>BN Paris, Z. Payen, 495 (3) ; Bibl. St. Guillaume, Strasbourg.
          <lb/>1539
          <lb/>MELANCHTHON. Philippus
          <lb/>Strasbourg, Crato Mylius 1542
          <lb/>PHILIPPI MELANCHTHONIS ELE ] mentorum Rheto- rices
          <lb/>libri duo. RECENS RECOGNITI AB! ipso Autore. CVM
          <lb/>INDICE AD LIBRI CAL-) cem adiecto. (Marque typ. de Crato Mylius.
          <lb/>H&amp;amp;B Planche XXVII n° 5; Silvestre n° 1264.) Verso blanc.
          <lb/>A la fin : ARGENTORATI APVD CRA] TONEM MYLIVM AN.
          <lb/>M. D.XLII. MENSE IANVARIO. (Au verso, marque typ. de Crato
          <lb/>Mylius. H &amp;amp; B Planche XXVIII n° 11; Silvestre n° 1266.)
          <lb/>In-8°, car. ital. et rom., 238 pp., 5 ff. non ch. (table), titre cou¬
          <lb/>rant, réclames, notes marg., init. à fig.
          <lb/>Fol. A 2a: Philippus Me lanchthon Studiosis Ado) lescentibus Al¬
          <lb/>berto &amp;amp; Ioanni Reifen- stein. Guilielmi filiis... (5 pp.)
          <lb/>R101.212. Prov.: L. Rosenthal, Munich 11/1x1889, 6M.
          <lb/>Au-dessus du titre: 1545. Cas. eisenreich; au milieu : «Coenobij
          <lb/>S. Iacobi Scotorum Ratisbonae.»
          <lb/>1540
          <lb/>1009
          <lb/>MELANCHTHON Philippus
          <lb/>Strasbourg, Crato Mylius 1544
          <lb/>PHILIPPI MELANCHTHONIS PHILO sophiae moralis Epi¬
          <lb/>tomes libri duo emendati et aucti. NAM TRES VIRTVTES
          <lb/>ADDI- tae, Quintus Aristotelis totus immutatus, ac- cessit
          <lb/>etiam tractatus De auctoritate prin cipum, &amp;amp; alter De
          <lb/>arbore consan¬ guinitatis &amp;amp; affinitatis, &amp;amp; index copio¬
          <lb/>sus. (Marque typ. de Crato Mylius. H A B Planche XXVII n° 5;
          <lb/>Silvestre n° 1264.) Anno M. D. XLIIII. Cum gratia &amp;amp; Privi¬
          <lb/>legio Imp. (Verso blanc.)
          <lb/>A la fin: ARGENTORATI APVD CRATONEM MYLIVM AN.
          <lb/>M. D. XLIIII. MEN- SE SEPTEMB.
          <lb/>R. 54
        </p>
      </div>
    </body>
  </text>
</TEI>
