<?xml version='1.0' encoding='UTF-8'?>
<?xml-model href="https://raw.githubusercontent.com/OpenITI/tei_openiti/master/tei_openiti.rng" type="application/xml" schematypens="http://relaxng.org/ns/structure/1.0"?>
<?xml-model href="https://raw.githubusercontent.com/OpenITI/tei_openiti/master/tei_openiti.rng" type="application/xml" schematypens="http://purl.oclc.org/dsdl/schematron"?>
<TEI xmlns="http://www.tei-c.org/ns/1.0">
  <teiHeader>
    <fileDesc>
      <titleStmt>
        <title/>
      </titleStmt>
      <publicationStmt>
        <p/>
      </publicationStmt>
      <sourceDesc>
        <p/>
      </sourceDesc>
    </fileDesc>
    <profileDesc>
      <calendarDesc>
        <calendar xml:id="ah">
          <p>Anno Hegirae</p>
        </calendar>
      </calendarDesc>
    </profileDesc>
    <xenoData xml:space="preserve">
CREATED: 2024-04-15T09:07:48.636558+00:00
CREATED BY: eScriptorium vpassthistobuildcmd
IMAGE FILENAME: A121078210.tif
IMAGE WIDTH: 2304
IMAGE HEIGHT: 3846
</xenoData>
  </teiHeader>
  <text>
    <body>
      <div>
        <p>
          <lb/>1096
          <lb/>verruckterjaren den Huszfuerern ein Ordnung geben
          <lb/>haben, welcher massen sy eim yeden, so inen zubachen
          <lb/>gibt, der pillicheyt unnd notdurfft nach, das syn bachen
          <lb/>und versehen sollen. Und aber sich der gmeyn man be¬
          <lb/>clagt, alsz ob die Huszfürer der selbi gen ordnung nit
          <lb/>stattlichen nachkommen, oder gelebt hetten... so haben
          <lb/>wir ge-ordent, und wöllen, das die Huszfuerer hinfurter
          <lb/>von montags nach aller heyligen tag an, nächst nach dato
          <lb/>kommende, niemands keyn meel meer beuttelen, sonder
          <lb/>sollen eym yeden der das an sie begeret, syn gebeuttelt
          <lb/>oder ungebeutelt meel, wie im das zebachen befolhen,
          <lb/>und bey dem gewicht, laut nachgeschribner Ordnung uber¬
          <lb/>livert wurt, zu gûtem brot ba- chen... by der pen dreis¬
          <lb/>sig schilling... —
          <lb/>Actum et decretum Mitwoch nach Lamperti. Anno &amp;amp;c.
          <lb/>XXXI. (Verso blanc.)
          <lb/>Placard, in-fol,, car. goth., 51 lignes, init. ornée N.
          <lb/>R 21 (5). Prov. : Bibl. Heite, Strasbourg 1871.
          <lb/>2ème ex.: R 22 (4). Même provenance.
          <lb/>1693
          <lb/>ORDONNANCE
          <lb/>Strasbourg 1531
          <lb/>WIr Iacob Zorn zum Riedt der Meyster, und der Rathe
          <lb/>z0 Straszburg, thûn kundt : Nach dem wir! hievor auff
          <lb/>möntag nach Reminiscere den vierzehenden Martii, des
          <lb/>dreissigsten lares, erkhandt, und durch unser offen
          <lb/>Mandat gepietten lassen haben, das keiner unser Burger,
          <lb/>oder Burgers sün, er were von Constoflern, Burgern,
          <lb/>handtwercken oder der gemeyn... in Statt oder Land,...
          <lb/>keynem herrn, wer der were, zwüschen dato desselbigen
          <lb/>Mandats, und sanct Michaels tag schierstkommend, z0
          <lb/>dienst zûziehen, reiten, oder von yemandt sich bestellen
          <lb/>las-sen, es were zu rosz, oder zû fûsz, sonder sich ge¬
          <lb/>rüst, mit ihrem harnasch und gewer, anhevmsch halten
          <lb/>sol ten, etc. Dasselbig auch mitwoch den letsten Augusti
          <lb/>ernewern, und bis Liechtmesz desselbigen lahres erstrecker
          <lb/>lassen haben... So befelhen wir allen... das sich ein yeder
          <lb/>fürther unnd bis sanct! Michaels tag nechstkommend,...
          <lb/>niemants zû dienst zûziehen, oder sich bestellen lassen,
          <lb/>... Rali
        </p>
      </div>
    </body>
  </text>
</TEI>
