<?xml version='1.0' encoding='UTF-8'?>
<?xml-model href="https://raw.githubusercontent.com/OpenITI/tei_openiti/master/tei_openiti.rng" type="application/xml" schematypens="http://relaxng.org/ns/structure/1.0"?>
<?xml-model href="https://raw.githubusercontent.com/OpenITI/tei_openiti/master/tei_openiti.rng" type="application/xml" schematypens="http://purl.oclc.org/dsdl/schematron"?>
<TEI xmlns="http://www.tei-c.org/ns/1.0">
  <teiHeader>
    <fileDesc>
      <titleStmt>
        <title/>
      </titleStmt>
      <publicationStmt>
        <p/>
      </publicationStmt>
      <sourceDesc>
        <p/>
      </sourceDesc>
    </fileDesc>
    <profileDesc>
      <calendarDesc>
        <calendar xml:id="ah">
          <p>Anno Hegirae</p>
        </calendar>
      </calendarDesc>
    </profileDesc>
    <xenoData xml:space="preserve">
CREATED: 2024-04-15T09:07:47.872324+00:00
CREATED BY: eScriptorium vpassthistobuildcmd
IMAGE FILENAME: A121078186.tif
IMAGE WIDTH: 2300
IMAGE HEIGHT: 3844
</xenoData>
  </teiHeader>
  <text>
    <body>
      <div>
        <p>
          <lb/>1072
          <lb/>Disputabitur 28. Martii hora ante meridiem septima. (Marque
          <lb/>typ. de A. Bertram. H 4 B Planche XLV n° 2; Silvestre n° 1022.)
          <lb/>Argentorati excudebat Antonius Bertramus. M. D. XC.
          <lb/>(Verso blanc.)
          <lb/>In-4°, car. ital., 32 ff. non ch., sign. A-I, réclames, init. ornée P.
          <lb/>Fol. A 2a:... Wolfgango Theodorico, Archiepiscopo Salisburgensi,
          <lb/>Sedis Apostolicae Legato &amp;amp;c.... — Scripsi 28. Martii 1590, ex Musaeo.
          <lb/>Ioannes Remboldus Funccius, (5 pp. en car, rom.)
          <lb/>A la fin, dist. de Mauritius Disdorpius Holsatus.
          <lb/>R10.561. Prov.: BN Munich 15/x 1877.
          <lb/>1647
          <lb/>OBRECHT Georgius
          <lb/>Strasbourg, A. Bertram 1590
          <lb/>DISPVTATIO DE PRAESCRIPTIO- NIBVS.) In Inclyta Ar¬
          <lb/>gentoratensium Academia publici exercitii causa propo¬
          <lb/>sita. à GEORGIO OBRECHTO IC.Respondente M. Mel¬
          <lb/>chisedech Pontano Austriaco. Disputabitur 31. Ianuar.
          <lb/>(Marque typ. de A. Bertram. HAB Planche XLV n° 2; Silvestre
          <lb/>n° 1022.)
          <lb/>Argentorati excudebat Antonius Bertramus. M. D. XC.
          <lb/>In-4°, car. ital., 20 ff. non ch., sign. A-E, notes marg. Au verso
          <lb/>du titre : ... Richardo Streinio: Baroni Schvartzenavio... sacrae caes.
          <lb/>maiest. consiliario... Melchisedech Pontanus Vöcklapurgensis Austrius.
          <lb/>R 10.551. Prov.: BN Munich 15/x 1877.
          <lb/>1648
          <lb/>OBRECHT Georgius
          <lb/>Strasbourg, A. Bertram 1590
          <lb/>DISPVTATIONES HI. IVRIDICAE: PRIOR DE PRINCIPIIS BELLI
          <lb/>ET EIVS CONSTITVTIONE : EX INTEGRO TRACTATV DE BELLO
          <lb/>excerpta: &amp;amp; in inclyta Argentoratensium! Academia ad
          <lb/>disputandum! proposita à GEORGIO OBRECHTO IC.] REIPVB.
          <lb/>ARGENTINENSIS ( Advocato, &amp;amp; Iurium Antecessore. ! Respon¬
          <lb/>dente GENEROSO ET ILLVSTRI DOMINO, D. Stanislao Comite
          <lb/>Ostrorogano &amp;amp;c. Polono. POSTÉRIOR DE MILITARI DISCIPLI¬
          <lb/>NA, QVAE ADMINISTRATIONIS BELLI! praecipuam partem con¬
          <lb/>tinet: in eadem Academia &amp;amp; ab eo- dem publici exercitii
          <lb/>gratia proposita Respondente ILLVSTRI ET GENEROSO-DO¬
          <lb/>MINODn. Ioanne Skumyn P. N. Capitaneo Breslau-viensi
          <lb/>&amp;amp;c. Lithuano.
          <lb/>ARGENTORATI, Excudebat Antonius Bertramus Aca¬
          <lb/>demiae Typographus. (Verso blanc.)
        </p>
      </div>
    </body>
  </text>
</TEI>
