<?xml version='1.0' encoding='UTF-8'?>
<?xml-model href="https://raw.githubusercontent.com/OpenITI/tei_openiti/master/tei_openiti.rng" type="application/xml" schematypens="http://relaxng.org/ns/structure/1.0"?>
<?xml-model href="https://raw.githubusercontent.com/OpenITI/tei_openiti/master/tei_openiti.rng" type="application/xml" schematypens="http://purl.oclc.org/dsdl/schematron"?>
<TEI xmlns="http://www.tei-c.org/ns/1.0">
  <teiHeader>
    <fileDesc>
      <titleStmt>
        <title/>
      </titleStmt>
      <publicationStmt>
        <p/>
      </publicationStmt>
      <sourceDesc>
        <p/>
      </sourceDesc>
    </fileDesc>
    <profileDesc>
      <calendarDesc>
        <calendar xml:id="ah">
          <p>Anno Hegirae</p>
        </calendar>
      </calendarDesc>
    </profileDesc>
    <xenoData xml:space="preserve">
CREATED: 2024-04-15T09:07:49.061907+00:00
CREATED BY: eScriptorium vpassthistobuildcmd
IMAGE FILENAME: A121078227.tif
IMAGE WIDTH: 2306
IMAGE HEIGHT: 3848
</xenoData>
  </teiHeader>
  <text>
    <body>
      <div>
        <p>
          <lb/>andere ort, dann uff den Weinmerckt gefüret werden, und
          <lb/>da marckt halten.... —
          <lb/>Actum et Decretum Montag nach Galli den xviii Oc¬
          <lb/>tobris, Als man zalt... Fünffzehenhundert dreyssig und
          <lb/>fünff iar. (Verso blanc.)
          <lb/>Placard, in-fol., car. goth., 79 lignes, init. ornée V.
          <lb/>R 22 (49). Prov. : Bibl. Heitz, Strasboura 1871. Au-dessous du
          <lb/>texte, note ms. : Renoviert und durch unsere Herren die Fünftzehen er¬
          <lb/>kannt dieszer ordnung hinfüro Zugeleben und nachzukommen bey den
          <lb/>Peenen darinne begriffen. Actum Mittwoch den ersten Octobris Anno.
          <lb/>LXXii. unterschrieben Hans Ortel xv. Meister mit Handzug. Au verso
          <lb/>blanc: 1535. Weinmarkts-Ordnung.
          <lb/>1724
          <lb/>ORDONNANCE
          <lb/>Strasbourg 1574
          <lb/>WIR Heinrich von Mülnheim, Der Meister unnd
          <lb/>der Rhat zû Straszburg, Thûn kundt me-iglichen. Nach
          <lb/>dem nûn ettliche Jar einher, nicht allein inn unserer
          <lb/>Statt, sonder auch fast durch ausz im gantzenLand,
          <lb/>ein grosser mangel an Fleisch gewesen, wie noch, son der
          <lb/>zweiffel fürnemlich von wegen der Winckel Metzger und
          <lb/>das in Stetten unnd Dörffern ein ungleicher Fleisch
          <lb/>kauff und Ordnung gehalten worden. Das solchem, so vil
          <lb/>immer möglich zû begegnen, gemeine Ständ und Oberkei ten
          <lb/>dises Lands under Elsas hernach benannt, auff Don-ners¬
          <lb/>tag den Sibenden disz Monats May, durch ire Rhät, Bott¬
          <lb/>schafften und Abgesandte, bey einander allhie an ge¬
          <lb/>wonlichen orten erschinnen, und welcher massen den
          <lb/>Metz-gern ein gleichmessige Ordnung zûgeben sein möchte
          <lb/>con- sultiert, gerhatschlagt, und sich letstlich mit einander
          <lb/>einer gemeinen Landsmetzger oder Fleischordnung ein¬
          <lb/>hellig- lich verglichen.... — (Suit le règlement.)
          <lb/>Actum et Decretum Mitt-wochs den dreyzehenden
          <lb/>May, Anno 1574. (Verso blanc.)
          <lb/>In-fol., car. goth., 4 ff. non ch., sign. A, init. ornée W.
          <lb/>R 22(8). Prov.: Bibl. Heite, Strasbourg 1871.
          <lb/>1725
          <lb/>1113
          <lb/>ORDONNANCE
          <lb/>Strasbourg 1581
          <lb/>WIR Georg lacob Bock von Erleburg, der Maister und
          <lb/>der Rhat der Freyen Reichs Statt Straszburg, sampt un¬
          <lb/>sern Freunden den Ein und zwentzigen, Thun kundt, Nach
        </p>
      </div>
    </body>
  </text>
</TEI>
