<?xml version='1.0' encoding='UTF-8'?>
<?xml-model href="https://raw.githubusercontent.com/OpenITI/tei_openiti/master/tei_openiti.rng" type="application/xml" schematypens="http://relaxng.org/ns/structure/1.0"?>
<?xml-model href="https://raw.githubusercontent.com/OpenITI/tei_openiti/master/tei_openiti.rng" type="application/xml" schematypens="http://purl.oclc.org/dsdl/schematron"?>
<TEI xmlns="http://www.tei-c.org/ns/1.0">
  <teiHeader>
    <fileDesc>
      <titleStmt>
        <title/>
      </titleStmt>
      <publicationStmt>
        <p/>
      </publicationStmt>
      <sourceDesc>
        <p/>
      </sourceDesc>
    </fileDesc>
    <profileDesc>
      <calendarDesc>
        <calendar xml:id="ah">
          <p>Anno Hegirae</p>
        </calendar>
      </calendarDesc>
    </profileDesc>
    <xenoData xml:space="preserve">
CREATED: 2024-04-15T09:07:49.046279+00:00
CREATED BY: eScriptorium vpassthistobuildcmd
IMAGE FILENAME: A121078226.tif
IMAGE WIDTH: 2304
IMAGE HEIGHT: 3846
</xenoData>
  </teiHeader>
  <text>
    <body>
      <div>
        <p>
          <lb/>1112
          <lb/>ORDONNANCE
          <lb/>Strasbourg 1569
          <lb/>WIR Heinrich Füll von Geispoltzheim der Meister,
          <lb/>und der Raht, Thun kundt, Demnach derAllmechtige
          <lb/>güttige Gott,... uns nûhn etliche zeit einher, mit wol¬
          <lb/>verdienter, jedoch gnediger und vätterlicher straff, Alsz
          <lb/>mit schweren und sorglichen kriegsleuffen...heimge¬
          <lb/>sucht, Darzu...mit der erschrockenlichen kranckheit
          <lb/>der Pestilentz und sterbenden läuffen angreiffen thût...
          <lb/>So ha- ben wir mit und neben unsern Freunden den
          <lb/>Einundzwentzigen,... uns dahin entschlossen,...! unsere
          <lb/>hievor auszgangene und publieirte Mandata die Hochzeitten
          <lb/>betreffend... L. etlicher gestalt einzf̂ziehen.
          <lb/>Und gebieten und verbieten hierauff allen und jeden
          <lb/>unsern Burgern... inn Stadt und Lande hiemit. Das
          <lb/>hinfüro bisz auff unser weiter erlauben,... weder bey
          <lb/>Hochzeitten noch sonsten,... für sich selbs keinen dantz
          <lb/>halten, noch inn seinem hausz, Herberg, Zunffstuben oder
          <lb/>wohnung, andern zuhalten...
          <lb/>Letzstlich ist unser will..., Das es auszerhalb jetz
          <lb/>erzelter beyder puncten, sonst bey allen andern Ordnun¬
          <lb/>gen, Satzungen, und articuln, wie die inn dem des M. D.
          <lb/>LX. iars im truck auszgangen Hochzeit Mandat begriffen,
          <lb/>aller dings verbleiben,... soll... —
          <lb/>Actum &amp;amp; Decretum Montags den viertzehenden No¬
          <lb/>vembris. Anno. M. D. LXIX, (Verso blanc.)
          <lb/>Placard, in-fol., car. goth., 35 lignes, init. ornée W.
          <lb/>R 22 (26). Prov. : Bibl. Heitz 1871. Au verso blanc : 79. Hochzeit
          <lb/>Mandat. 14. Nov. 1569.
          <lb/>1723
          <lb/>ORDONNANCE
          <lb/>Strasbourg 1572 (?)
          <lb/>UNnsere Herren Meister und Rhat, und die Einund¬
          <lb/>zwentzig, haben usz ehehafften bewegenden ursachen,
          <lb/>und fürnemlichen gemeiner Burgerschafft zû gûtem, vol¬
          <lb/>gende des Weinmarckts ordnung bedacht und fürgenom¬
          <lb/>men, wöllen und gepietten auch, das solliche hinfürter
          <lb/>von menniglichem bey Penen und straffen darinn ver¬
          <lb/>leibt, gehalten werde. Namlichen unnd zûm ersten sollen
          <lb/>alle wein die hiedisseit Rheins vom Land uff wägen oder
          <lb/>kerchen, herinn zû mackt (!)komen, hinfürter an kein
        </p>
      </div>
    </body>
  </text>
</TEI>
