<?xml version='1.0' encoding='UTF-8'?>
<?xml-model href="https://raw.githubusercontent.com/OpenITI/tei_openiti/master/tei_openiti.rng" type="application/xml" schematypens="http://relaxng.org/ns/structure/1.0"?>
<?xml-model href="https://raw.githubusercontent.com/OpenITI/tei_openiti/master/tei_openiti.rng" type="application/xml" schematypens="http://purl.oclc.org/dsdl/schematron"?>
<TEI xmlns="http://www.tei-c.org/ns/1.0">
  <teiHeader>
    <fileDesc>
      <titleStmt>
        <title/>
      </titleStmt>
      <publicationStmt>
        <p/>
      </publicationStmt>
      <sourceDesc>
        <p/>
      </sourceDesc>
    </fileDesc>
    <profileDesc>
      <calendarDesc>
        <calendar xml:id="ah">
          <p>Anno Hegirae</p>
        </calendar>
      </calendarDesc>
    </profileDesc>
    <xenoData xml:space="preserve">
CREATED: 2024-04-15T09:07:52.600095+00:00
CREATED BY: eScriptorium vpassthistobuildcmd
IMAGE FILENAME: A121078334.tif
IMAGE WIDTH: 2328
IMAGE HEIGHT: 3850
</xenoData>
  </teiHeader>
  <text>
    <body>
      <div>
        <p>
          <lb/>1220
          <lb/>POLITIANUS Angelus
          <lb/>Strasbourg, M. Schurer 1513
          <lb/>ANGELI POLITIANI (&amp;amp; aliorum virorum illustrium)
          <lb/>Epistolarum libri duodecim. EIVSDEM Praefatio in Sue¬
          <lb/>tonii Tranquilli expositionem.
          <lb/>LECTOR EME, LEGE! ET GAVDEBIS. (Marque typ. de Matth.
          <lb/>Schurer. HeB planche XII n° 2.)
          <lb/>Fol. CXCIIIb: Argentorati, Ex officina Schüreriana,
          <lb/>Mense Augusto, ANN. M. D. XIII. Regnan. Caesa. Maxi¬
          <lb/>miliano,P. F. Aug.
          <lb/>In-40, car, rom., 4 ff. non ch. (table), CXCIII ff. ch. suit fol.
          <lb/>CLXXXVI en double, puis 8 ff. non ch. (Praefatio in Suetonii expo¬
          <lb/>sitionem.), titre courant, de nombreuses init. d’attente. Au verso du titre:
          <lb/>S. Murrho Junior Studiosis. (18 lignes.)
          <lb/>*R101047. Prov.: BN Munich 9/1I1 1878, 3 M. Notes mss.
          <lb/>Jème ex. *R101.196 (2). Prov.: Abbé Cromer, Saverne 29/VII 1879.
          <lb/>Notes mss.
          <lb/>Proctor II Sectio I n° 10.214: Londres, British Museum; BM
          <lb/>de Strasbourg, incun. 539; Schmidt VIII n° 108: Bibl. vadiana S. Gall.
          <lb/>et Bibl. du Consistoire, Colmar.
          <lb/>1905
          <lb/>POLITIANUS Angelus. Voir: ATHANASIUS : Opera. Strasbourg,
          <lb/>J. Knobloch 1522. N0 106.
          <lb/>POLIZEI-ORDNUNG
          <lb/>Strasbourg, W. Rihel 1552
          <lb/>Auff Römischer Keiser- licher Maiestat, unnd der
          <lb/>Stenden des heiligen Reichs auszgangne Policey, auch
          <lb/>deren halben in vergangnem Einundfünfftzigsten Jare auff¬
          <lb/>gerichtem Augspurgischen Reichs und Wormbsichen Rei¬
          <lb/>nischen Kreisz Abscheiden, verrer begriffne versehung,
          <lb/>der Stenden und oberkeiten in Elsasz, weithere verglei¬
          <lb/>chung unnd Ordnungen, Anno &amp;amp;c. LII beschlossen.
          <lb/>(3 feuilles de lierre.)
          <lb/>Gedruckt zû Straszburg durch Wendel! Rihel, Im Jar
          <lb/>M. D. LH. (Verso blanc.)
          <lb/>In-fol., car. goth., 12 ff. non ch. dans mon exemplaire, qui est in¬
          <lb/>complet, sign. A-C, titre courant, réclames, init, goth. Z.
          <lb/>R 89. Prov.: Bibl. Heitz, Strasbourg 1871.
          <lb/>BM de Colmar.
          <lb/>1906
        </p>
      </div>
    </body>
  </text>
</TEI>
