<?xml version='1.0' encoding='UTF-8'?>
<?xml-model href="https://raw.githubusercontent.com/OpenITI/tei_openiti/master/tei_openiti.rng" type="application/xml" schematypens="http://relaxng.org/ns/structure/1.0"?>
<?xml-model href="https://raw.githubusercontent.com/OpenITI/tei_openiti/master/tei_openiti.rng" type="application/xml" schematypens="http://purl.oclc.org/dsdl/schematron"?>
<TEI xmlns="http://www.tei-c.org/ns/1.0">
  <teiHeader>
    <fileDesc>
      <titleStmt>
        <title/>
      </titleStmt>
      <publicationStmt>
        <p/>
      </publicationStmt>
      <sourceDesc>
        <p/>
      </sourceDesc>
    </fileDesc>
    <profileDesc>
      <calendarDesc>
        <calendar xml:id="ah">
          <p>Anno Hegirae</p>
        </calendar>
      </calendarDesc>
    </profileDesc>
    <xenoData xml:space="preserve">
CREATED: 2024-04-15T09:07:51.314876+00:00
CREATED BY: eScriptorium vpassthistobuildcmd
IMAGE FILENAME: A121078301.tif
IMAGE WIDTH: 2316
IMAGE HEIGHT: 3850
</xenoData>
  </teiHeader>
  <text>
    <body>
      <div>
        <p>
          <lb/>rieure, où sur un feston est perchée une chouette; à gauche et à droite
          <lb/>des oiseaux becquetant des fruits; en bas, écu avec l’aigle impérial;
          <lb/>init. ornées et init. d’attente. Au verso du fol. a ab, grande grav. l&amp;#x27;As¬
          <lb/>cension de Jésus Christ, en bas monogramme d’Urs Graf. Au verso du
          <lb/>titre: Antonius Verlus Vicentinus christianis salutem... (1 p.)
          <lb/>Fol. a 24: Prologus. Fol. 239b- Fol. 252b : Tabula totius operis (à
          <lb/>3 col.)
          <lb/>R10.433. Prov.: BN Munich 19/VI 1977; 2 M. Notes mss., au¬
          <lb/>dessous du titre: Pro Conventu Salisburgensi Fratrum minorum Strictiore
          <lb/>Observantiae; au-dessus du titre, timbre: Bibliotheca Regia Monacensis
          <lb/>Duplum.
          <lb/>Schmidt VI p. 28, n° 37 : Jadis Bibl. de Strasbourg, incun. n°
          <lb/>3808; autre exemplaire Grand Séminaire de Strasbourg, incun. O 24.
          <lb/>1856
          <lb/>PETRUS OE PONTE : De abitu et reditu pacis Carmen, Voir:
          <lb/>BAPTISTA MANTUANUS: De fortuna Francisci Marchionis
          <lb/>Carmen. Strasbourg, M. Schurer 1510. N° 136.
          <lb/>1187
          <lb/>PETRUS DE RACLIS: Sermo de sancto et patientissimo Job.
          <lb/>Voir: HEROLT Joh.: Sermones. Haguenau, H. Gran 1514. No
          <lb/>1157.
          <lb/>PETRUS DE VINEIS
          <lb/>Haguenau, J. Secer 1529
          <lb/>QVERI-MONIA FRIDERI] CI HI. IMP. QVA SE À Ro] mano
          <lb/>Pontifice, et Cardinalibus im- merito persecutum, et im¬
          <lb/>perio! deiectum esse, osten dit.A Doctissimo Viro
          <lb/>D. Petro de Vi! neis, eiusdem Friderici II. Cancel! lario,
          <lb/>Anno M. CC. XXX.] conscripta.
          <lb/>A la fin: Haganoe, per Johannem Secerium. Anno
          <lb/>M. D. XXIX. (Au-dessous : Marque typ. de Secer. HŒB planche
          <lb/>LXXI n° 9; Silvestre n° 567.)
          <lb/>In-8°, car, rom., 120 ff. non ch. dont le dernier f. blanc, sign.
          <lb/>A–P, titre courant entre 2 traits rouges, le texte est bordé par 4 lignes
          <lb/>rouges, réclames, init, à fig. C avec un cheval et son cavalier au milieu.
          <lb/>Titre encadré avec monogr. de Secer en bas. (HE B planche LXIX
          <lb/>n° 1.)
          <lb/>R101732. Prov. : Bœr, Francfort-s.-M. 20/XII 1888; 18M.
          <lb/>Annotations mss, au recto du dernier f. blanc et au f. A 3b.
          <lb/>Oxford, Bibl. Bodleiana.
          <lb/>1857
        </p>
      </div>
    </body>
  </text>
</TEI>
