<?xml version='1.0' encoding='UTF-8'?>
<?xml-model href="https://raw.githubusercontent.com/OpenITI/tei_openiti/master/tei_openiti.rng" type="application/xml" schematypens="http://relaxng.org/ns/structure/1.0"?>
<?xml-model href="https://raw.githubusercontent.com/OpenITI/tei_openiti/master/tei_openiti.rng" type="application/xml" schematypens="http://purl.oclc.org/dsdl/schematron"?>
<TEI xmlns="http://www.tei-c.org/ns/1.0">
  <teiHeader>
    <fileDesc>
      <titleStmt>
        <title/>
      </titleStmt>
      <publicationStmt>
        <p/>
      </publicationStmt>
      <sourceDesc>
        <p/>
      </sourceDesc>
    </fileDesc>
    <profileDesc>
      <calendarDesc>
        <calendar xml:id="ah">
          <p>Anno Hegirae</p>
        </calendar>
      </calendarDesc>
    </profileDesc>
    <xenoData xml:space="preserve">
CREATED: 2024-04-15T09:07:55.062476+00:00
CREATED BY: eScriptorium vpassthistobuildcmd
IMAGE FILENAME: A121078414.tif
IMAGE WIDTH: 2382
IMAGE HEIGHT: 3838
</xenoData>
  </teiHeader>
  <text>
    <body>
      <div>
        <p>
          <lb/>1300
          <lb/>Holzschnitte zur Architektur und zum Vitruvius deutsch des Walter
          <lb/>Rivius. Mit 25 Abbildungen auf 14 Tafeln und 1 Abb. im Text. Strasburg,
          <lb/>J. H. Ed. Heitz, 1914, in-8°, 51 p.-14 Planches. [= Studien zur deutschen
          <lb/>Kunstgeschichte, Bd. 1671.
          <lb/>2030
          <lb/>RYFF Walter Herm.
          <lb/>Strasbourg, B. Beck, 1540
          <lb/>WArhafflige, künstliche und!! gerechte underweisung und
          <lb/>anzeygung,!! Alle Latwergen, Confect, Conserven, ! eynbeyt¬
          <lb/>zungen und einmachungen, vonmancherley früchten,
          <lb/>blumen, kreüttern unnd wurtzlen, ( sampt andern künstlichen
          <lb/>unnd anmüttigen stucken, wie! solche in den Apotecken
          <lb/>gemacht, und in grossem werd ge!! halten und verkaufft
          <lb/>werden, wie die selbigen ein yeder für sich selbs, mit ringem
          <lb/>kosten, kleiner mühe, auff das ge rechtest und best zu
          <lb/>bereytten und zu der notturft behal-ten soll. Auch nützliche
          <lb/>erklärung der natur, kräfft vnnd würckung diser stuck,
          <lb/>warzu ein yedes nutzlich gebraucht! werden mög, zeytlichs
          <lb/>leben zuerhalten, und schwe- re kranckheyt zuvertreiben.
          <lb/>Ausz sunderlichem ge-neygtem willen, gemeynem nutz
          <lb/>zugut unnd!] wolfart, fleissig vnnd ernstlich an tag! geben,
          <lb/>Durch M. Gwalthe- II rum H. Ryff.
          <lb/>Mit einer fast kurtzen, aber nützlichen und bewerten
          <lb/>underrichtung, wie[! man sich in zeyt vergiffts luffts, sterbend
          <lb/>und pestilentz, halten und bewaren soll. dergleichen in
          <lb/>Teütscher sprach nit gesehen. Register aller stuck in disem
          <lb/>büchlin begriffen, wie sy bereyt unnd gemachtwerden
          <lb/>sollen, findestu am andern blat verzeychnet.
          <lb/>Mit Küniglicher Maiestat freiheyt.M. D. XL. (Verso
          <lb/>blanc.)
          <lb/>A la fin de la Ire partie : Getruckt zu Straszburg bey Bal¬
          <lb/>thassar Beck. (Verso blanc.)
          <lb/>In-4°, car. goth., 1re partie, 7 ff. non ch., XCVIII ff. ch. et 5 ff. non ch.
          <lb/>(Table), IIe partie : Der ander theyl der! kleynern Teütschen Apoteck,
          <lb/>con] fect oder Latwergenbüchlins, M. Gual-[Itheri H. Ryff... M. D. XLII:
          <lb/>4 ff. non ch., CLV ff. ch. et 9 ff. non ch., dont le dernier blanc (table).
          <lb/>Titre courant, réclames, init. goth.
          <lb/>fol. A 2a non ch. : Zu dem Leser... — G. H. Ryff.
          <lb/>fol. B 1a non ch. : Der... Für !! stin unnd frawen, frawen Anna, geborne
          <lb/>Marckgrafin! zù Brandenburg... — Datum Straszburg am montag nach
          <lb/>Jacobi des heyligen!! Apostels... M. Gwaltherus H. Riff 1 Argentinus.
          <lb/>(Préface de 6 pp.)
          <lb/>IIe partie, fol. A 2a non ch. : Dem günstigen Leser... — M. Gualtherus
          <lb/>H. Ryff. Argentinus, Medicus. (Préface de 6 pp.)
          <lb/>R. 100.123. Prov. : Théodore Ungerer, Strasbourg, 17/x1 1919.
          <lb/>A l’intérieur du ler plat : Daz puoch gehert In daz Closter zum heiligen
          <lb/>Creutz in Regenspurg.
          <lb/>Notes mss. au verso du f. de garde. Nitide conservatum exemplar libri
        </p>
      </div>
    </body>
  </text>
</TEI>
