<?xml version='1.0' encoding='UTF-8'?>
<?xml-model href="https://raw.githubusercontent.com/OpenITI/tei_openiti/master/tei_openiti.rng" type="application/xml" schematypens="http://relaxng.org/ns/structure/1.0"?>
<?xml-model href="https://raw.githubusercontent.com/OpenITI/tei_openiti/master/tei_openiti.rng" type="application/xml" schematypens="http://purl.oclc.org/dsdl/schematron"?>
<TEI xmlns="http://www.tei-c.org/ns/1.0">
  <teiHeader>
    <fileDesc>
      <titleStmt>
        <title/>
      </titleStmt>
      <publicationStmt>
        <p/>
      </publicationStmt>
      <sourceDesc>
        <p/>
      </sourceDesc>
    </fileDesc>
    <profileDesc>
      <calendarDesc>
        <calendar xml:id="ah">
          <p>Anno Hegirae</p>
        </calendar>
      </calendarDesc>
    </profileDesc>
    <xenoData xml:space="preserve">
CREATED: 2024-04-15T09:07:53.083918+00:00
CREATED BY: eScriptorium vpassthistobuildcmd
IMAGE FILENAME: A121078352.tif
IMAGE WIDTH: 2338
IMAGE HEIGHT: 3848
</xenoData>
  </teiHeader>
  <text>
    <body>
      <div>
        <p>
          <lb/>1238
          <lb/>été réproduit à l’encre, d’après Th. Wackernagel.) Bibliogr. p. 145 f.
          <lb/>comme l’indique une annotation ms. au Ier f. blanc. Au-dessous: [Hat
          <lb/>gegenwärtig zu gelten als älteste Quelle von 14 Melodien. Signé Zahn.]
          <lb/>Notes marg., neumes.
          <lb/>R102.405. Prov.: Friedrich Hommel, Munich 28/1 1898. In¬
          <lb/>complet.
          <lb/>Schmidt III p. 41 n° *46.
          <lb/>1936
          <lb/>PSALMEN
          <lb/>Strasbourg, G. Messerschmidt 1541
          <lb/>Psalmen, und Geistliche! lieder, die man zu Strasz¬
          <lb/>burg, und auch die man inn anderen Kirchen pflägt
          <lb/>zû singen. Form ond gebet zum einsegnen der Ee, dem
          <lb/>heilgen Tauff, Abentmal, besuchung der! Krancken, und
          <lb/>begrebnüs der abgestorbnen. Alles! gemert und gebes¬
          <lb/>sert. Das Erst Teyl. M. D. XLI.
          <lb/>A la fin: Gedruckt zû Strasz-burg, durg Georgen
          <lb/>Messer- schmid, In verlegung Wolffgang Köph. (Entre
          <lb/>2 bandes ornem.) Au verso du f. suivant, marque typ. de W Kœpfel.
          <lb/>(H eB planche XVIII n° 9; Silvestre n° 1018.
          <lb/>In-80, car. goth., 40 ff. non ch., sign. Aa-Ee, COCXXXI pp. ch.,
          <lb/>réclames, titre encadré; les pages contiennent les psaumes avec des neumes.
          <lb/>Au verso du dernier f. non ch.: grav. sur bois, la descente du
          <lb/>Saint Esprit à Pâques en forme de colombe, la Ste Vierge entourée des
          <lb/>apôtres.
          <lb/>Fol. Aa: Wolffgang köphl. Bûch- trucker zû Strasz¬
          <lb/>burg, dem! Christlichen Leser.
          <lb/>R102.406 (1). Prov. : Bibliothécaire Muller, Strasbourg 10/x
          <lb/>1883, 150M.
          <lb/>1937
          <lb/>PSALMEN
          <lb/>Strasbourg, Chr. Muller 1568
          <lb/>Psalmen und Geystliche Gesäng, so in der Gemein
          <lb/>Gottes fürnem- lich geübt, und gesungen! werden. (Petite
          <lb/>grav. sur bois: Le roi David agenouillé, en prière, Dieu lui apparaît
          <lb/>dans les nuages.)
          <lb/>Au-dessous: Psalm 146. Ich will den Herrn loben, so
          <lb/>lang ! ich lebe, und meinem Gott lobsin-gen dieweil ich
          <lb/>hie bin. 1 M.! D. LXVIII. (Verso blanc.)
          <lb/>A la fin: Getruckt zû Straszburg) am Kornmarckt, bey
          <lb/>Chri-stian Müller, Anno! 1568.
          <lb/>Au-dessus marque typ. de Chr. Muller, inconnue àHEB, l&amp;#x27;en¬
          <lb/>fant Jésus nimbé assis, tenant dans sa main gauche le globe surmonté
        </p>
      </div>
    </body>
  </text>
</TEI>
