<?xml version='1.0' encoding='UTF-8'?>
<?xml-model href="https://raw.githubusercontent.com/OpenITI/tei_openiti/master/tei_openiti.rng" type="application/xml" schematypens="http://relaxng.org/ns/structure/1.0"?>
<?xml-model href="https://raw.githubusercontent.com/OpenITI/tei_openiti/master/tei_openiti.rng" type="application/xml" schematypens="http://purl.oclc.org/dsdl/schematron"?>
<TEI xmlns="http://www.tei-c.org/ns/1.0">
  <teiHeader>
    <fileDesc>
      <titleStmt>
        <title/>
      </titleStmt>
      <publicationStmt>
        <p/>
      </publicationStmt>
      <sourceDesc>
        <p/>
      </sourceDesc>
    </fileDesc>
    <profileDesc>
      <calendarDesc>
        <calendar xml:id="ah">
          <p>Anno Hegirae</p>
        </calendar>
      </calendarDesc>
    </profileDesc>
    <xenoData xml:space="preserve">
CREATED: 2024-04-15T09:07:43.209332+00:00
CREATED BY: eScriptorium vpassthistobuildcmd
IMAGE FILENAME: A121078021.tif
IMAGE WIDTH: 2366
IMAGE HEIGHT: 3844
</xenoData>
  </teiHeader>
  <text>
    <body>
      <div>
        <p>
          <lb/>In-4°, car. goth., 67 ff. non ch., sign. A-M.
          <lb/>Fol. J 4a: Hie endet sich sant Anne leben...
          <lb/>Au verso: Hie nach volget ein schon büchlin von
          <lb/>dem rosenkrantz der jungfrauwen got- tes mûtter Marie,
          <lb/>vnd von der erneüerung der brû- derschafft, in dem Jare
          <lb/>noch cristi geburt. M. ccec.! Ixxxi.... (Au-dessous, gravure sur
          <lb/>bois: La ste. Vierge avec l’enfant Jésus sur les bras, des fidèles age¬
          <lb/>nouillés à ses pieds, aux 4 coins les emblèmes des 4 évangélistes.)
          <lb/>Fol. L 2a: Hie fohet an das leben sant Matern Evcharii
          <lb/>Valerii disz lands aposteler.
          <lb/>20 ff. et 7 gravures se rapportant au texte. La tère édition de ce
          <lb/>livre a été imprimée, d’après Schmidt IV p. 7 n° 17, vers 1501 par
          <lb/>Barthélemy Kistler. L’édition 1509 manque chez Schmidt.
          <lb/>R100.491. Prov.: Trubner, Strasbourg (Vente Zimberlin n° 447)
          <lb/>29/IV 1886; 2 M. 40. Au recto du f. de garde: «Verfasser dieses Bu¬
          <lb/>ches ist einer der mynst von den mynner Brâdern der Heyligen obser¬
          <lb/>uantz; vide pag. 3. Es wurde gedruckt im Haus der Johanniter, auf dem
          <lb/>grünen Werd bei Straszburg; vide pag. 92.» En voici le texte: ez6̂ der
          <lb/>heylig! en kirchen des huszes Johanser ordens zù dem grün! en werde
          <lb/>genant, z6 Straszburg gelegen, von wölch em husz disez tütsch bûchlin
          <lb/>ist vszgangen.»
          <lb/>Proctor II Sectio I n° 10.045: Londres Brit. Museum; Walter:
          <lb/>Sélestat n° 6i7.
          <lb/>1350
          <lb/>LEITNER Johannes. Voir: CALAMINUS Georgius n° 396
          <lb/>LE MANGEUR Pierre. Voir: PETRUS COMESTOR
          <lb/>LEO X
          <lb/>[Strasbourg] 1519
          <lb/>Illustrissimo serenissimo ac Catholico principi et do¬
          <lb/>mino domino Carolo... Episcopis... Prioribus... Et pre¬
          <lb/>sertim cuidam Johanni Murnar ciui Argentinensi...
          <lb/>A la fin: ... die decimaseptima mensis Octobris: Ponti¬
          <lb/>ficatus sacratissimi in Christo patris. &amp;amp; domini nostri do¬
          <lb/>mini Leonis Papae decimi Anno eius septimo presentibus,
          <lb/>dominis Anthonio de Allexiis et Joanne frumenti dicte
          <lb/>Curiae Notariis Scribisque nostris...
          <lb/>Lettre d’excommunication lancée par le pape contre Jean Murner
          <lb/>pour avoir injurié les frères Wolf, chanoines de St. Pierre le Jeune à
          <lb/>Strasbourg. Grande feuille pliée. Verso blanc.
          <lb/>R102.284. Prov.: Bibl. Heitz, Strasbourg 1871.
          <lb/>1351
          <lb/>905
        </p>
      </div>
    </body>
  </text>
</TEI>
