<?xml version='1.0' encoding='UTF-8'?>
<?xml-model href="https://raw.githubusercontent.com/OpenITI/tei_openiti/master/tei_openiti.rng" type="application/xml" schematypens="http://relaxng.org/ns/structure/1.0"?>
<?xml-model href="https://raw.githubusercontent.com/OpenITI/tei_openiti/master/tei_openiti.rng" type="application/xml" schematypens="http://purl.oclc.org/dsdl/schematron"?>
<TEI xmlns="http://www.tei-c.org/ns/1.0">
  <teiHeader>
    <fileDesc>
      <titleStmt>
        <title/>
      </titleStmt>
      <publicationStmt>
        <p/>
      </publicationStmt>
      <sourceDesc>
        <p/>
      </sourceDesc>
    </fileDesc>
    <profileDesc>
      <calendarDesc>
        <calendar xml:id="ah">
          <p>Anno Hegirae</p>
        </calendar>
      </calendarDesc>
    </profileDesc>
    <xenoData xml:space="preserve">
CREATED: 2024-04-15T09:07:44.910950+00:00
CREATED BY: eScriptorium vpassthistobuildcmd
IMAGE FILENAME: A121078080.tif
IMAGE WIDTH: 2326
IMAGE HEIGHT: 3844
</xenoData>
  </teiHeader>
  <text>
    <body>
      <div>
        <p>
          <lb/>966
          <lb/>R102.190. Prov.: Prof. Er. Hommel, Munich 9/1 1901; sans
          <lb/>indication de prix. Notes mss. Au recto du f. de garde :,Zum Glück¬
          <lb/>seligenn Neüenn Jahr des 15.82.! Der Wolgebornnen Unnd! Edlenn
          <lb/>Frauen, Frauen Magdalenen Gebornne von Regenstein Greffin von
          <lb/>Hohnstein, Wittwe, Meiner gnedigen! Frauen, und geliebten Frau Bathin.&amp;quot;
          <lb/>Au-dessous, d’une autre main:,Magdalena Ernstin.
          <lb/>A l’intérieur du 1er plat: Meiner freundlichen lieben Schwägerin,
          <lb/>(Prénom illisible) Syvers, übersende ich diszes Betbüchlein. Actum in den
          <lb/>heyligen Pfingsten. Anno 1621. Simon Barth.
          <lb/>1454
          <lb/>LUTZ Reinhard
          <lb/>Strasbourg, Chr. Muller 1566
          <lb/>Verzaichnus, und kur- tzer begriff der Kätzerischen,
          <lb/>und ver dampten Leer Martin Steinbachs, des verflûchten
          <lb/>Gotslesterers, und was sei- ne zûhörer, und Jünger, die
          <lb/>sich nennen Liechtseher, unnd Erleuchte, glau- ben, und
          <lb/>halten; auch wie mit, und gegen ihnen ge-handlet.
          <lb/>Gestellet durch Renhardum Lutz Erytropolitanum.
          <lb/>Hieremiae Cap. 17. Verflûcht sey der mensch...
          <lb/>(4 lignes.)
          <lb/>Getruckt zû Straszburg am Korn-markt bey Chri¬
          <lb/>stian Müller, 1566.
          <lb/>A la fin : feuille de lierre entre deux bandes d’ornement. (Verso
          <lb/>blanc.)
          <lb/>In-4°, car. goth., 17 pp., réclames, notes marg.
          <lb/>Au verso du titre: Der Personen Nammen so ausz- getriben und
          <lb/>verschickt worden. Wyszhans des Martin Stainbachs Tochtermann.
          <lb/>Laurentius Cuder. Marx Dieterich, und sein frow, » Aurelius Müller, und
          <lb/>sein frow, Jörg Jäckler, und sein frow, Artz Els Michel bechten frow,
          <lb/>Christina Kegler, ain Wittfrow,! Hieronymi Kasselmans wittib,! Hans
          <lb/>schûsters frow Anna genant, ! Sophia des blinden kempffen frow.! Vin¬
          <lb/>cens hailmans wittib. (Bandes d’ornement.)
          <lb/>Fol. A 2a:... Herrn Christophero Welsin-] ger Gnad, und hail....
          <lb/>— Z6 Schlettstatt den 20. Februarii, 1566.... Renhardus Lutz.
          <lb/>Fol. A 3a : Dem Ehrnhafften Carle Acker, burger und! bûchfürer
          <lb/>zù Straszburg unserm lieben freundt... — Datum! den ersten Martii,
          <lb/>anno, etc. 66. Burgermeyster und Rath des heyligen! Reichs Statt
          <lb/>Schlettstatt in Elsasz.
          <lb/>R102.335. Prov. : Bibl. Heitz, Strasbourg 1871.
          <lb/>Voir: 1) Freyther, L. et E. C. Scherer: Neue Beiträge 2um Le¬
          <lb/>bensbilde des Pfarrers Reinhard Lutz von Schlettstadt. I. R. Lutz als
          <lb/>Stiftskaplan von Basel. — II. Das Todesjahr des Pfarrers Lutz. Dans:
          <lb/>Archiv für elsâss. Kirchengeschichte 5(1930), p. 375-377; 2) Paulus,
          <lb/>Nicolaus: R. Lute, cin Schlettstadter Pfarrer des 16. Jahrh. Dans:
          <lb/>Archiv fur elsäss. Kirchengesch. IV (1929), p. 137-150.
          <lb/>Ribliographie de R. Lutz, voir: Schottenloher I n° 14627-14631.
          <lb/>1455
        </p>
      </div>
    </body>
  </text>
</TEI>
