<?xml version='1.0' encoding='UTF-8'?>
<?xml-model href="https://raw.githubusercontent.com/OpenITI/tei_openiti/master/tei_openiti.rng" type="application/xml" schematypens="http://relaxng.org/ns/structure/1.0"?>
<?xml-model href="https://raw.githubusercontent.com/OpenITI/tei_openiti/master/tei_openiti.rng" type="application/xml" schematypens="http://purl.oclc.org/dsdl/schematron"?>
<TEI xmlns="http://www.tei-c.org/ns/1.0">
  <teiHeader>
    <fileDesc>
      <titleStmt>
        <title/>
      </titleStmt>
      <publicationStmt>
        <p/>
      </publicationStmt>
      <sourceDesc>
        <p/>
      </sourceDesc>
    </fileDesc>
    <profileDesc>
      <calendarDesc>
        <calendar xml:id="ah">
          <p>Anno Hegirae</p>
        </calendar>
      </calendarDesc>
    </profileDesc>
    <xenoData xml:space="preserve">
CREATED: 2024-04-15T09:07:54.700627+00:00
CREATED BY: eScriptorium vpassthistobuildcmd
IMAGE FILENAME: A121078405.tif
IMAGE WIDTH: 2374
IMAGE HEIGHT: 3834
</xenoData>
  </teiHeader>
  <text>
    <body>
      <div>
        <p>
          <lb/>1291
          <lb/>Marque typ. de Math. Apiarius. (H. &amp;amp; B., Planche XXIV,
          <lb/>No 2.)
          <lb/>Argentorati apud Ma- thiam Apiarium M. D. XXXV.
          <lb/>(Verso blanc.)
          <lb/>A la fin : Argentorati!! Apud Mathiam Apiarium!! Anno
          <lb/>Domini Millesi-mo Quingentesimo! Tricesimo quinto
          <lb/>die quarta Martii
          <lb/>Au verso, marque typ. de M. Apiarius. (H. &amp;amp; B.,
          <lb/>Planche XXIV, No I; Silvestre n° 587.)
          <lb/>In-4°, car, rom., 2 col., 18 ff. nonch., dont le dernier blanc, 605 pp. ch.,
          <lb/>19 ff. non ch. (4 col. Altera pars apparatus.), titre courant, réclames, init.
          <lb/>à fig.
          <lb/>fol. 2a non ch. : Bartholo-maeus Riccius Aloisio Cornelio
          <lb/>Ioanni F. patritio Veneto... (2 pp.).
          <lb/>fol. 3a non ch. : Bartholomaeus Riccius! Lectori... (5 pp.)
          <lb/>Suivent I1 ff. non ch. à 9 colonnes : Index Ciceronis Exempla. I! rium
          <lb/>ab Aldo, Cratandro, Et Hervagio!! impressorum, collationem continens.
          <lb/>R 101.900. Prov. : BN Munich, 4/VII, 1878; 1 M. Annotation au
          <lb/>crayon : « Duplum bibl. regiae Monacensis».
          <lb/>2015
          <lb/>RIEDRER Fridericus
          <lb/>Strasbourg, J. Prüss. 1505
          <lb/>Spiegel der waren retoric!! Usz Marco Tulio Cicerone, und
          <lb/>andern getütscht!! Mit iren glidern Cluger reden, Sandt¬
          <lb/>brieffen, und Formen mencher Contract, seltzam, Reguliertz
          <lb/>Tütsch!! und nutzbar Exempliert, mit Fügen, uff Göttlich
          <lb/>und Keyserlich schryfft und recht gegründet : Nüw- ]] lich
          <lb/>(und vormaln in gemein nye gesehen) yetz lob-lich vszgangen.
          <lb/>Au-dessous : gravure sur bois, le poète lauréat assis à un
          <lb/>pupitre le livre ouvert devant lui, empruntée au Horace de
          <lb/>Grüninger de 1498.
          <lb/>A la fin : Rhetorischer Spiegel... Durch den fürsichtigen
          <lb/>rechtgeübten : meister Fridrichen Riedrer, versamelt,
          <lb/>Gedruckt zu Straszburg durch Johannem prüszzum Thier¬
          <lb/>garten. Anno. xV. hundert. v.
          <lb/>In-fol., car. goth., 6 ff. non ch., à 2 col. (titre et table); CLI ff. ch.,
          <lb/>sign. A-Z, Aa-Bb, titre courant, notes marg., grande et belle init. à fig. D.
          <lb/>Au verso du titre : un professeur en chaire, devant lui 4 jeunes gens
          <lb/>debout. Gravure du titre de Brunschwig, vom vergift der pestilentz,
          <lb/>Grüninger 1500, empruntée à la Chirurgia de 1497.
          <lb/>Au verso du fol. VI non ch., après la table, armoiries de Strasbourg,
          <lb/>encadrées.
          <lb/>fol. Ia ch. : Vorred. Den würdigen... herren, Rector, unnd universitet !!
          <lb/>der Hohenschul, Burgermeister, Schultheissen!! Rat und gericht zu
          <lb/>Fryburg im Bryszgow, mynen!! günstigen lieben herren. Embüt ich
          <lb/>Friderich riedrer (I von Mülhusen in Hegow Myn... dienst...
          <lb/>R. 10.456. Prov. : Veuve Levi, Strasbourg, 3/IV, 1889, 16 M.
          <lb/>Incomplet, fol. II à fol. V manquent.
          <lb/>Schmidt. III, n° 53.: BN de Munich.
          <lb/>2016
        </p>
      </div>
    </body>
  </text>
</TEI>
