<?xml version='1.0' encoding='UTF-8'?>
<?xml-model href="https://raw.githubusercontent.com/OpenITI/tei_openiti/master/tei_openiti.rng" type="application/xml" schematypens="http://relaxng.org/ns/structure/1.0"?>
<?xml-model href="https://raw.githubusercontent.com/OpenITI/tei_openiti/master/tei_openiti.rng" type="application/xml" schematypens="http://purl.oclc.org/dsdl/schematron"?>
<TEI xmlns="http://www.tei-c.org/ns/1.0">
  <teiHeader>
    <fileDesc>
      <titleStmt>
        <title/>
      </titleStmt>
      <publicationStmt>
        <p/>
      </publicationStmt>
      <sourceDesc>
        <p/>
      </sourceDesc>
    </fileDesc>
    <profileDesc>
      <calendarDesc>
        <calendar xml:id="ah">
          <p>Anno Hegirae</p>
        </calendar>
      </calendarDesc>
    </profileDesc>
    <xenoData xml:space="preserve">
CREATED: 2024-04-15T09:07:47.830727+00:00
CREATED BY: eScriptorium vpassthistobuildcmd
IMAGE FILENAME: A121078183.tif
IMAGE WIDTH: 2302
IMAGE HEIGHT: 3848
</xenoData>
  </teiHeader>
  <text>
    <body>
      <div>
        <p>
          <lb/>OBRECHT Georgius
          <lb/>Strasbourg, A. Bertram s. d.
          <lb/>Disputatio DE PATROCINIO PVPILLORVM:Qua diffusa,
          <lb/>utilis &amp;amp; quotidiana tutelarum materia, brevi Methodo
          <lb/>conscripta continetur. In inclyta Argentoratensium Aca¬
          <lb/>demia publici ex- ercitii causa proposita à GEORGIO
          <lb/>OBRECHTO IC. Respondente lOANNE MICHAELE BEVTERO
          <lb/>Argentinensi. (Vign.)
          <lb/>ARGENTORATI, Excudebat Antonius Bertramus, (Verso
          <lb/>blanc.)
          <lb/>In-4°, car. ital., 36 ff. non ch., sign. A-I, réclames, init. ornée I.
          <lb/>R 10.580. Prov. inconnue.
          <lb/>1642
          <lb/>OBRECHT Georgius
          <lb/>Strasbourg, A. Bertram 1585
          <lb/>Exercitium luris Practicum: E QVO ORDOET FOR¬
          <lb/>MVLAE IVDICII MAGNA EX PARTE COGNOSCI POSSVNT : ] IN
          <lb/>INCLYTA ARGENTORATEN- sium Academia publicè institutum
          <lb/>A GEORGIO OBRECHTO I C. &amp;amp; Academiae Antecessore.
          <lb/>Nunc autem studio &amp;amp; opera STEPHANI BERCH- toldi U. I.
          <lb/>Candidati editum. (Marque typ. de Bertram. HEB Planche XIV
          <lb/>n° 1; Silvestre n° 1023.)
          <lb/>ARGENTORATI Excudebat Antonius Bertramus CIO.
          <lb/>ID. XVC. (Verso blanc.)
        </p>
      </div>
    </body>
  </text>
</TEI>
