<?xml version='1.0' encoding='UTF-8'?>
<?xml-model href="https://raw.githubusercontent.com/OpenITI/tei_openiti/master/tei_openiti.rng" type="application/xml" schematypens="http://relaxng.org/ns/structure/1.0"?>
<?xml-model href="https://raw.githubusercontent.com/OpenITI/tei_openiti/master/tei_openiti.rng" type="application/xml" schematypens="http://purl.oclc.org/dsdl/schematron"?>
<TEI xmlns="http://www.tei-c.org/ns/1.0">
  <teiHeader>
    <fileDesc>
      <titleStmt>
        <title/>
      </titleStmt>
      <publicationStmt>
        <p/>
      </publicationStmt>
      <sourceDesc>
        <p/>
      </sourceDesc>
    </fileDesc>
    <profileDesc>
      <calendarDesc>
        <calendar xml:id="ah">
          <p>Anno Hegirae</p>
        </calendar>
      </calendarDesc>
    </profileDesc>
    <xenoData xml:space="preserve">
CREATED: 2024-04-15T09:07:47.085821+00:00
CREATED BY: eScriptorium vpassthistobuildcmd
IMAGE FILENAME: A121078159.tif
IMAGE WIDTH: 2310
IMAGE HEIGHT: 3850
</xenoData>
  </teiHeader>
  <text>
    <body>
      <div>
        <p>
          <lb/>Schmidt V n° 95 signale en outre un exemplaire qui lui apparte¬
          <lb/>nait; il se trouve maintenant à la BN de Strasbourg RI00.321, le titre
          <lb/>et 5 ff. du texte qui manguaient ont été reproduits en facsimilé.
          <lb/>Cet exemplaire contient l&amp;#x27;ex-libris de Karajan et celui de Ch. Schmidt
          <lb/>avec de nombreuses annotations mss. au commencement et à la fin, entre
          <lb/>autres de la main de Ch. Schmidt, qui signale un exemplaire dans le
          <lb/>1606
          <lb/>Catal. de Cohn à Berlin 1879 n° CXXIV, coté 290 fr.
          <lb/>MURNER Thomas
          <lb/>Strasbourg, [M. Hupfuff 15121
          <lb/>Der schelmen zunfftAnzeigüng alles Weltleuffigen
          <lb/>mut wils. Schalckheiten, und bieberyen diser zeyt. Durch
          <lb/>den hochgelerten herren doctor Thomas ! mürner von
          <lb/>Straszburg, schimpfflichen erdichtet, und zû Franckfurt
          <lb/>an dem meyn mit ernstlichem fürnemen geprediget. (Grav.
          <lb/>sur bois: un moine, portant lunettes, assis à une table, une plume à la
          <lb/>main, parlant à un lansquenet.) Verso blanc.
          <lb/>A la fin: Getruckt zù Straszburg (1512 ou 1513 par Mat¬
          <lb/>thias Hupfuffl.
          <lb/>In-4°, car. goth., 56 ff. non ch., sign. a-k, titre courant, deux
          <lb/>bordures à chaque page. Réimpression de la première édition, que Beatus
          <lb/>Murner, frère de l’auteur, avait publiée en 1512 à Francfort; elle est
          <lb/>selon toute apparence, de la même année; l’auteur y a ajouté quelques
          <lb/>pièces et les chapitres sont mis dans un ordre un peu différent, proba¬
          <lb/>blement par quelque négligence. Les gravures sont les mêmes que dans
          <lb/>l’édition originale; y compris celle du titre il y en a 32, dont 5 revien¬
          <lb/>nent 2 fois, en tout 37. Vers la fin on en a ajouté 3 nouvelles.
          <lb/>Au dessous de l’explicit, une grav, qui varie selon les exemplaires;
          <lb/>dans celui de la BN, c’est un jeune homme parlant à 2 femmes, image
          <lb/>tirée de Morolf, fol. e 4b, éd. 1499 et reproduite au titre des songes de
          <lb/>Daniel édition 1511; dans celui de Ch. Schmidt, qui est maintenant à
          <lb/>la BN de Strasbourg, R100.325, ce sont 2 petits bois, l&amp;#x27;un à côté de
          <lb/>l’autre: à gauche, un prêtre avec une brebis, à droite un paysan avec
          <lb/>un cochon.
          <lb/>Fol. a 2a: Die vorred der Schelmen zunfft.
          <lb/>R100.324. Prov. : Bibl. Théodore Karajan avec son ex-libris et
          <lb/>son autographe: Aus der gräfl. Königsackerschen versteigerung in Wien
          <lb/>erstanden am 13. 6. 56 um 7 fl. c. m.
          <lb/>gème ex.: R 100.825. Prov.: Bibl. Ch. Schmidt avec son ex-libris
          <lb/>et des annotations mss. de sa main. Les 2 exemplaires ont des varia¬
          <lb/>tions dans le texte et dans l’emploi des gravures.
          <lb/>En 1875 Bœr a offert un exemplaire au prix de 52 M.
          <lb/>Schmidt V n0 94; Weller, Rep. 726.
          <lb/>Spanier M., Schelmenzunft 1925 p. 7-14.
          <lb/>1607
          <lb/>1045
        </p>
      </div>
    </body>
  </text>
</TEI>
