<?xml version='1.0' encoding='UTF-8'?>
<?xml-model href="https://raw.githubusercontent.com/OpenITI/tei_openiti/master/tei_openiti.rng" type="application/xml" schematypens="http://relaxng.org/ns/structure/1.0"?>
<?xml-model href="https://raw.githubusercontent.com/OpenITI/tei_openiti/master/tei_openiti.rng" type="application/xml" schematypens="http://purl.oclc.org/dsdl/schematron"?>
<TEI xmlns="http://www.tei-c.org/ns/1.0">
  <teiHeader>
    <fileDesc>
      <titleStmt>
        <title/>
      </titleStmt>
      <publicationStmt>
        <p/>
      </publicationStmt>
      <sourceDesc>
        <p/>
      </sourceDesc>
    </fileDesc>
    <profileDesc>
      <calendarDesc>
        <calendar xml:id="ah">
          <p>Anno Hegirae</p>
        </calendar>
      </calendarDesc>
    </profileDesc>
    <xenoData xml:space="preserve">
CREATED: 2024-04-15T09:07:54.041535+00:00
CREATED BY: eScriptorium vpassthistobuildcmd
IMAGE FILENAME: A121078387.tif
IMAGE WIDTH: 2360
IMAGE HEIGHT: 3848
</xenoData>
  </teiHeader>
  <text>
    <body>
      <div>
        <p>
          <lb/>*RI01.099. Prov.: BN Munich 28/XII 1883. En haut du titre:
          <lb/>In usum M. Philippi Lamparter Landspergensis. Annotations mss. dans
          <lb/>le texte.
          <lb/>Beaulieux p. 253: BU de Paris, Rés. 710; Proctor II Sectio I
          <lb/>n° 11718: Londres, British Museum; Schmidt II n° 9: Jadis Bibl. de
          <lb/>Strasbourg, incun. n° 4046; Ritter, Catal. BM de Strasbourg n° 1791.
          <lb/>Un ex. dans le Catal. XX de l’Art ancien, Zurich 1937, n° 170
          <lb/>pour 500 frs. suisses :Second original edition, revised and enlarged,
          <lb/>with 16 new woodcuts (including a view of Freiburg). The first modern
          <lb/>encyclopedia of any note... Proctor 11.718, Kristeller 448, Muther 635,
          <lb/>Smith p. 82, Choulant-Frank p. 126. Nordenskiöld pl. XXXI, Harisse 82.
          <lb/>Sabin’s list of editions of the Marg. Phil. (1886), p. 3.a
          <lb/>Rosenthal, Munich, Catal. 135 11914) n° 1985: 400 M., Cette édi¬
          <lb/>tion a été décrite dans Leipz. Litt. Zeitung 1804. Intell.-Bl. p. 122 à cause
          <lb/>de ses gravures s. b. anatomiques. Elle contient aussi Sign. F IXXXVIII:
          <lb/>De modo legendi et intelligendi Hebraeum, dont l’auteur est Conr. Pelli¬
          <lb/>can. C’est la première Grammaire hébr. Voy. Eberh. Nestle, Nigri, Böhm,
          <lb/>et Pellican, Tübingen 1893, où la grammaire entière est reproduite.&amp;quot;
          <lb/>Bœr, Francfort-s.-M., Catal. 500 (1907), n° 1110; 150 M.:. Mit
          <lb/>43 Holzschnitten.... Mit 16 neuen, die nicht in der ersten Ausgabe sind,
          <lb/>darunter eine Ansicht von Freiburg.&amp;quot;
          <lb/>1985
          <lb/>REISCH Gregorius
          <lb/>Strasbourg. J. Gruninger 1512
          <lb/>Margarita Phi losophica nova cui insunt sequentia.
          <lb/>EPIGRAMMATA IN! commendationem operis.! Institutio Gram¬
          <lb/>maticae latinae Praecepta Logices Rhetoricae informa¬
          <lb/>tio... Argentine (9 lignes) 1512.
          <lb/>A la fin: Accipe... Margaritam Philosophicam jam denuo
          <lb/>recogni tam... Industrius vir Grüningerus operis excusor
          <lb/>...Ex Argentorato veteri Pridie Kalendas Junij Anno... duo
          <lb/>decimo supra mille quingentos. (L’erso blanc).
          <lb/>Suit avec un nouveau titre encadré comme le titre principal:
          <lb/>Appendix Mathe! seos... ! Sequuntur... Grecarum litterarum
          <lb/>institutiones.! Hebraicarum litterarum ru! dimenta.! Musicae
          <lb/>figuratae institutiones. Figura quadrantis poligonalis.
          <lb/>A la fin, répétition de l’explicit.
          <lb/>In-4°, car. goth., titre courant, notes marginales, mnit. ornées, titre
          <lb/>encadré: en haut, feston; des 2 côtés, insectes, mascarons; en bas, 2 génies
          <lb/>ailés, assis entre 2 fleurs. Mémes grav, que dans l’édition de 1508, dans
          <lb/>un ordre un peu différent de celles de l’éd. de 1504; 3 sont supprimées,
          <lb/>d’autres sont ajoutées.
          <lb/>260 ff. non ch. pour la Margarita, 60-4 ff. non ch. pour l’appendix.
          <lb/>L’ouvrage n’est complet qu’avec l’appendix. Le tout est une nouvelle éd.
          <lb/>des contrefaçons des éd. de 1504 et 1508 de Grüninger.
          <lb/>R101151. Prov.: Recteur Müller de Quedlinbourg, 15 mai 1889.
          <lb/>Kristeller 96, Proctor II, section I, n° 9924; Schmidt I, n° 124.
          <lb/>1086
          <lb/>1273
        </p>
      </div>
    </body>
  </text>
</TEI>
