<?xml version='1.0' encoding='UTF-8'?>
<?xml-model href="https://raw.githubusercontent.com/OpenITI/tei_openiti/master/tei_openiti.rng" type="application/xml" schematypens="http://relaxng.org/ns/structure/1.0"?>
<?xml-model href="https://raw.githubusercontent.com/OpenITI/tei_openiti/master/tei_openiti.rng" type="application/xml" schematypens="http://purl.oclc.org/dsdl/schematron"?>
<TEI xmlns="http://www.tei-c.org/ns/1.0">
  <teiHeader>
    <fileDesc>
      <titleStmt>
        <title/>
      </titleStmt>
      <publicationStmt>
        <p/>
      </publicationStmt>
      <sourceDesc>
        <p/>
      </sourceDesc>
    </fileDesc>
    <profileDesc>
      <calendarDesc>
        <calendar xml:id="ah">
          <p>Anno Hegirae</p>
        </calendar>
      </calendarDesc>
    </profileDesc>
    <xenoData xml:space="preserve">
CREATED: 2024-04-15T09:07:50.223563+00:00
CREATED BY: eScriptorium vpassthistobuildcmd
IMAGE FILENAME: A121078264.tif
IMAGE WIDTH: 2306
IMAGE HEIGHT: 3846
</xenoData>
  </teiHeader>
  <text>
    <body>
      <div>
        <p>
          <lb/>1150
          <lb/>Getruckt zu Straszburg, durch Christian Müllers Er¬
          <lb/>ben.! M. D. LXXXII. (Verso blanc.)
          <lb/>In-8°, car. goth., 6 ff. non ch., 499 pp. ch., titre courant, réclames,
          <lb/>init. goth.; titre rouge et noir.
          <lb/>reich... — Datum Straszburg, den ersten Martii, Anno 1570.. Michael
          <lb/>Fol. A 2a non ch. :... Herrn Ferdinando, Ertzhertzogen) zu Oster¬
          <lb/>Toxites Medi- cus Argentoratensis. (Préface 6 ff.)
          <lb/>RI01.293 (2). Prov. : Bibl. Menzel à Stuttgart 1874.
          <lb/>BN Paris.
          <lb/>1784
          <lb/>PARACELSUS Theophrastus
          <lb/>Strasbourg, B. Jobin 1584
          <lb/>DE NATVRA Rerum, IX Bücher. PH. THEOPHRASTI
          <lb/>von Hohenheim, genant Paracelsi. Jetzunder ausz dem
          <lb/>Original Cor-rigiert und mit zweyen büchern gemeh- ret,
          <lb/>so vorhin nie getruckt.! Durch Lucam Bathodium Fürst¬
          <lb/>lichen Pfaltz-gräffischen Veldentzischen Medicum! zu
          <lb/>Pfaltzburg. (Marque typ. de Bern. Jobin. H aB Planche XXXVII
          <lb/>n° 1.) CVM PRIVILEGIO CAES. MAI. Getruckt zu Straszburg,
          <lb/>bey Bern- hart Iobin Anno 1584.
          <lb/>In-8°, car. goth., 16 ff. non ch., 105 ff. ch., 2 ff. blancs, titre cou¬
          <lb/>rant, réclames, init. goth.
          <lb/>Au verso du titre: In Chemicae Ar-tis contemptores. (4 dist. lat.)
          <lb/>Fol. 2a non ch.: Vorrede. Dem Hochwürdigen Für- sten und
          <lb/>Herren, Herren Iohann! Bischoffen zu Straszburg und Land-! graffen in
          <lb/>Elsasz, &amp;amp;c.... — Datum Pfaltzburg den 5. Martii. Anno 1584. Lucas
          <lb/>Bathodius.
          <lb/>Fol. 45b non ch. : Vorrede. Dem Ersamen... Hans Winckel-
          <lb/>steiner zu Fryburg in Uchtland, mei-nem lieben vertrawten Freund... —
          <lb/>Datum zu Villach, im 1537. Jar. Theophrastus von Hohenheim.
          <lb/>Fol. A 8b non ch. : Portrait de Paracelsus.
          <lb/>R101.279. Prov. inconnue.
          <lb/>1785
          <lb/>PARATUS
          <lb/>[Strasbourg, J. Knobloch) 1503
          <lb/>Sermones parati de tempore et de sanctis, cum In¬
          <lb/>ventario quodam uti li nuper superaddito. (Verso blanc.)
          <lb/>A la fin: Paratus continens sermones de san- ctis per
          <lb/>anni circulum una cum inventario perutili Argentine
          <lb/>felicem sortitus est fi-nem Anno. 1503. Septimo kalendas
          <lb/>aprilis. (Verso blanc.)
          <lb/>In-4°, car. goth., 2 col., 286 ff. ch., sign. a—, A-R, titre cou¬
          <lb/>rant, init. d’attente.
        </p>
      </div>
    </body>
  </text>
</TEI>
