<?xml version='1.0' encoding='UTF-8'?>
<?xml-model href="https://raw.githubusercontent.com/OpenITI/tei_openiti/master/tei_openiti.rng" type="application/xml" schematypens="http://relaxng.org/ns/structure/1.0"?>
<?xml-model href="https://raw.githubusercontent.com/OpenITI/tei_openiti/master/tei_openiti.rng" type="application/xml" schematypens="http://purl.oclc.org/dsdl/schematron"?>
<TEI xmlns="http://www.tei-c.org/ns/1.0">
  <teiHeader>
    <fileDesc>
      <titleStmt>
        <title/>
      </titleStmt>
      <publicationStmt>
        <p/>
      </publicationStmt>
      <sourceDesc>
        <p/>
      </sourceDesc>
    </fileDesc>
    <profileDesc>
      <calendarDesc>
        <calendar xml:id="ah">
          <p>Anno Hegirae</p>
        </calendar>
      </calendarDesc>
    </profileDesc>
    <xenoData xml:space="preserve">
CREATED: 2024-04-15T09:07:43.321717+00:00
CREATED BY: eScriptorium vpassthistobuildcmd
IMAGE FILENAME: A121078027.tif
IMAGE WIDTH: 2362
IMAGE HEIGHT: 3852
</xenoData>
  </teiHeader>
  <text>
    <body>
      <div>
        <p>
          <lb/>LIBALTUS Johannes
          <lb/>Strasbourg, B. Jobin héritiers 1598
          <lb/>XV. Bücher! Von dem Feld! baw und recht volkom-
          <lb/>mener Wolbestellung eines bekömmli- chen Landsitzes,
          <lb/>unnd geschicklich angeordneten! Meyerhofs oder Landguts,
          <lb/>Sampt allem, was demsel- ben Nutzes und Lusts halben
          <lb/>anhängig... (Texte de l’édition précédente.)
          <lb/>Gedruckt zu Straszburg, bey Bernhart Jobins! (seligen).
          <lb/>Erben, Jm Jar 1598. Mit Röm. Key. May. Freyheit. (Verso
          <lb/>blanc.)
          <lb/>In-fol., car. goth., 8 ff. non ch., 763 pp. ch., 18 ff. non ch. à 2 col.
          <lb/>(Table), titre courant, réclames, notes marg., init. goth,, titre rouge et
          <lb/>noir, encadré comme dans les éditions précédentes. Gravures: scènes de
          <lb/>la vie des champs, animaux, chasse au loup etc. Préfaces et vers alle¬
          <lb/>mands comme dans l’édition de 1592.
          <lb/>R10.387. Prov. inconnue.
          <lb/>1358
          <lb/>LIBELLUS
          <lb/>Strasbourg, J. Knobloch 1510
          <lb/>Libellus metricus! De Contemptu mundi.! Moralitates
          <lb/>Faceti.Parabole Alani
          <lb/>Cum familiari commentariolo
          <lb/>constructioneque diligen- tius impresse. Codex ad Lec¬
          <lb/>rem. (2 dist.)
          <lb/>A la fin: Impressum Argentine per honestum virum
          <lb/>Ioan- nem knoblouchum, altera die post Purifi! cationis
          <lb/>gloriose virginis Marie.Anno domini Millesimo quingen¬
          <lb/>tesimo decimo.
          <lb/>In-4°, car. rom., titres en car. goth., 86 ff. non ch., dont 38 ff.,
          <lb/>sign. A-F pour le livre De Contemptu mundi, 18 ff., sign. a-c pour le
          <lb/>livre des facéties et 30 ff., sign. Aa-Ee pour les Parabolae Alani; titre
          <lb/>courant, init. d’attente.
          <lb/>R102.017. Prov. : Bibl. Ch. Schmidt avec son ex-libris et des
          <lb/>notes mss.
          <lb/>Schmidt VII n° 68.
          <lb/>1359
          <lb/>911
          <lb/>LIBELLUS
          <lb/>Strasbourg, S. Emmel vers 1560
          <lb/>DE CHEMIA SENIORIS ANTIQUIS SIMI PHILOSOPHI, LIBEL¬
          <lb/>LUS, UT BREVIS, ITA) artem discentibus, &amp;amp; exercentibus,
          <lb/>uti- lissimus, &amp;amp; verè aureus, nunc primum in lucem
          <lb/>aeditus.
        </p>
      </div>
    </body>
  </text>
</TEI>
