<?xml version='1.0' encoding='UTF-8'?>
<?xml-model href="https://raw.githubusercontent.com/OpenITI/tei_openiti/master/tei_openiti.rng" type="application/xml" schematypens="http://relaxng.org/ns/structure/1.0"?>
<?xml-model href="https://raw.githubusercontent.com/OpenITI/tei_openiti/master/tei_openiti.rng" type="application/xml" schematypens="http://purl.oclc.org/dsdl/schematron"?>
<TEI xmlns="http://www.tei-c.org/ns/1.0">
  <teiHeader>
    <fileDesc>
      <titleStmt>
        <title/>
      </titleStmt>
      <publicationStmt>
        <p/>
      </publicationStmt>
      <sourceDesc>
        <p/>
      </sourceDesc>
    </fileDesc>
    <profileDesc>
      <calendarDesc>
        <calendar xml:id="ah">
          <p>Anno Hegirae</p>
        </calendar>
      </calendarDesc>
    </profileDesc>
    <xenoData xml:space="preserve">
CREATED: 2024-04-15T09:07:54.738683+00:00
CREATED BY: eScriptorium vpassthistobuildcmd
IMAGE FILENAME: A121078407.tif
IMAGE WIDTH: 2374
IMAGE HEIGHT: 3840
</xenoData>
  </teiHeader>
  <text>
    <body>
      <div>
        <p>
          <lb/>1293
          <lb/>In-8°, car. ital., grec. et goth., 49 ff. non ch., sign. A-F, titre courant,
          <lb/>notes marg., init. à fig. C.
          <lb/>Au verso du titre : Matthias! Daver (I chusi (I us. ! Lectori... Ex
          <lb/>Annaemonte, Idi ] bus Febr. An. à natali Christiano M. D. XXIX.
          <lb/>fol. A 3b : Io Rivius Attendorien-Isis. D. Ch. Eringio... Eringe huma¬
          <lb/>nissime !! ex aedibus nostris. V. KL Ianuar. Anno à uirginis !] partu.
          <lb/>M. CCCCC. XXVIII. (2 pp.)
          <lb/>R. 101.917. Prov. : H. Kerler, Ulm, 19/x. 1878; 2 M. Bibliographie
          <lb/>voir : Schottenloher II, n° 18170-18178.
          <lb/>2019
          <lb/>RIVIUS Johannes, Castigationes plurimorum ex Terentio locorum.
          <lb/>Voir: TERENTIUS, Comoediae sex. Strasbourg, W. Rihel, 1548
          <lb/>RIVIUS Johannes, Voir: SCHORUS, De ratione discendae
          <lb/>docendaeque linguae latinae et graecae.
          <lb/>Strasbourg, Josias Rihel, 1596
          <lb/>RIVIUS Gualtherus. Voir: RYFF Walter Hermann.
          <lb/>ROBERTUS Lincolensis. Voir : TESTAMENTUM duodecim
          <lb/>Patriarcharum.
          <lb/>Haguenau, J. Secer, 1532
          <lb/>ROBERTUS Regiensis
          <lb/>Strasbourg, M. Apiarius, 1534
          <lb/>Ex sacris literis ! observationes de mensuris li quidorum &amp;amp;
          <lb/>leguminum, conscri ptae per Robertum theologum, Episcopum
          <lb/>Regiensem. Addita est collatio earum ad mensuras urbis
          <lb/>Argentinensis, perutilis omnibus penitius literas sa-cras
          <lb/>intelligere cupientibus.
          <lb/>Argentinae apud Matthiam Apia rium, Anno M. D.
          <lb/>XXXIIII (Répété à la fin).
          <lb/>In-4°, car. rom., 16 ff. non ch., sign. a-d, titre courant, réclames, notes
          <lb/>marg., init. à fig. A avec 2 enfants nus.
          <lb/>Au verso du titre : Candido lectori Matthias !! Apiarius S. D.
          <lb/>Ex Gallia nuper ad nos hic libellus perlatus est... Habes denique in
          <lb/>calcem supputationem iuxta rationem calcuti Argentinensis, quod ea
          <lb/>mihi ceu patria !! sit, &amp;amp; quod ex notissima illa quisque pro patriae suae
          <lb/>modo facilè omnia definiet. Vale.
          <lb/>R. 102.327. Prov. : Butsch, Augsbourg, 27/VI, 1881; 8 M. Walter Séles¬
          <lb/>tat : n° 2159.
          <lb/>2020
          <lb/>ROEDER VON THIERSBERG Egenolf. Voir : Ordonnance
          <lb/>Strasbourg, 1523, R 2262; 1532, R 223; 1535, R 218 et 1539,
          <lb/>R 2113.
          <lb/>RODERICUS Zamorensis
          <lb/>Strasbourg, J. Prüss, 1507
          <lb/>Speculum vite humane!! in quo discutiuntur commoda &amp;amp;
          <lb/>incommoda, dulcia &amp;amp; amara, solatia &amp;amp; miseriae, prospera
        </p>
      </div>
    </body>
  </text>
</TEI>
