<?xml version='1.0' encoding='UTF-8'?>
<?xml-model href="https://raw.githubusercontent.com/OpenITI/tei_openiti/master/tei_openiti.rng" type="application/xml" schematypens="http://relaxng.org/ns/structure/1.0"?>
<?xml-model href="https://raw.githubusercontent.com/OpenITI/tei_openiti/master/tei_openiti.rng" type="application/xml" schematypens="http://purl.oclc.org/dsdl/schematron"?>
<TEI xmlns="http://www.tei-c.org/ns/1.0">
  <teiHeader>
    <fileDesc>
      <titleStmt>
        <title/>
      </titleStmt>
      <publicationStmt>
        <p/>
      </publicationStmt>
      <sourceDesc>
        <p/>
      </sourceDesc>
    </fileDesc>
    <profileDesc>
      <calendarDesc>
        <calendar xml:id="ah">
          <p>Anno Hegirae</p>
        </calendar>
      </calendarDesc>
    </profileDesc>
    <xenoData xml:space="preserve">
CREATED: 2024-04-15T09:07:49.398387+00:00
CREATED BY: eScriptorium vpassthistobuildcmd
IMAGE FILENAME: A121078237.tif
IMAGE WIDTH: 2306
IMAGE HEIGHT: 3848
</xenoData>
  </teiHeader>
  <text>
    <body>
      <div>
        <p>
          <lb/>tenant une bannière avec le monogramme d’Urs Graf. Tout en bas, sur
          <lb/>une dalle oblongue l’inscription suivante : Imper. Caes. Maximiliano.
          <lb/>P. F. Aug. Patri Patriae. Liber! tatisque adsertori. Beat. Rhenanus. F. C.
          <lb/>En plus, deux bordures latérales, montant jusqu’à la partie supérieure,
          <lb/>composées d’armoiries; dans celle de droite se trouve aussi le mono¬
          <lb/>gramme de Graf.
          <lb/>Fol. Aa 2a non ch.: Copia Privilegii Maximiliani, signée Ia. de
          <lb/>Bannisiis.
          <lb/>Fol. Aa 2b non ch. : Reverendo patri ac domino D. Iacobo de
          <lb/>Bannisiis, Divi Caes. Consiliario ac Secretario, viro optimo, lIo. Cuspinia¬
          <lb/>nus... Ex Vienna Pannoniae prima Martii, Anno. M. D. XHII.
          <lb/>Fol. Aa 3a non ch. : Iacobo de Bannisiis... Frater Benedictus
          <lb/>Chelidonius Noricus, tunc Viennae ad Scotos monachus (21 dist. latins),
          <lb/>puis 7 dist. latins du même Benedictus Chelidonius au lecteur; suivent
          <lb/>9 ff. table.
          <lb/>*R10.076. Prov.: Butsch, Augsbourg IY/III 1879; 10 M. Au
          <lb/>verso du titre est collée une feuille imprimée,... Ex iis, quae vir pietati,
          <lb/>prudentia et virtute praestantissimus Dn. Laurentius Hemmigk, Suhlensis,
          <lb/>Anno Christi 1592, die 12. Iunii, in Christo pie defunctus, morituriens,
          <lb/>ad pias causas testamento legavit in usum ministerii, ecclesiae et scholae
          <lb/>Swinfurtensis, emebatur hic liber Anno Christi 1606. Calend. Augusti.&amp;quot;
          <lb/>2ème ex. *R 10.532. Prov. : Bibl. W. Menzel, Stuttgart 20/III
          <lb/>1874 avec son autographe. Notes mes. En bas du titre :,Editio prin¬
          <lb/>ceps, ed. Ios. Cuspinianus.&amp;quot; A l&amp;#x27;intérieur de la couverture, armoiries im¬
          <lb/>périales encadrées, au-dessous :,Stephanus Rosinus canonicus Patavien¬
          <lb/>sist, au recto du f. de garde, l’autogr. de ce dernier, au verso des no¬
          <lb/>tices sur Otton de Freisingen.
          <lb/>3ème ex. R 10.597. Prop.: Friedrichs-Gymnasium Franéfort-s.-M.
          <lb/>14/X11 1888. Au verso du f. de garde, en haut : M. H. Nerger 1758,
          <lb/>en bas: Prof. Pesler. Rel. anc.
          <lb/>Beaulieux, p. 219; BU Paris (Rés. 163); Schmidt VIII n° 152:
          <lb/>Jadis Bibl. de Strasbourg, incun. n° 82 et BM Sélestat; Walter : Sé¬
          <lb/>lestat; n° 1967. Kristeller 541. Olschki, Florence, Catal. LXXXI (1912)
          <lb/>n° 151: deux larges et magnifiques encadrements de titre par Urs Graf
          <lb/>et Ioh. Wächtelin, nombreuses init. ornées sur fond criblé. 250 frs. Avec
          <lb/>2 facsimilés p. 184 et 185; Bœr, Francfort-s.-M., Catal, 500 (1907)
          <lb/>n° 861; 40 M., et n° 862: 36 M.
          <lb/>Brunet IV2, 258: Édition rare, et la première de ces histoires;
          <lb/>on y a suivi un manuscrit de Vienne.
          <lb/>1739
          <lb/>1123
          <lb/>OVIDIUS
          <lb/>Strasbourg, M. Schurer s. d.
          <lb/>PVBLII OVIDHI NASONISDe Remedio amoris, Libri
          <lb/>Duo.! De Philomela, Elegia. (Au-dessous marque typ. de Schurer.
          <lb/>(H a B Planche XII n° 2. Verso blanc.)
          <lb/>In-4°, car. rom,, titre courant, init, ornées L, H. T. D.
        </p>
      </div>
    </body>
  </text>
</TEI>
