<?xml version='1.0' encoding='UTF-8'?>
<?xml-model href="https://raw.githubusercontent.com/OpenITI/tei_openiti/master/tei_openiti.rng" type="application/xml" schematypens="http://relaxng.org/ns/structure/1.0"?>
<?xml-model href="https://raw.githubusercontent.com/OpenITI/tei_openiti/master/tei_openiti.rng" type="application/xml" schematypens="http://purl.oclc.org/dsdl/schematron"?>
<TEI xmlns="http://www.tei-c.org/ns/1.0">
  <teiHeader>
    <fileDesc>
      <titleStmt>
        <title/>
      </titleStmt>
      <publicationStmt>
        <p/>
      </publicationStmt>
      <sourceDesc>
        <p/>
      </sourceDesc>
    </fileDesc>
    <profileDesc>
      <calendarDesc>
        <calendar xml:id="ah">
          <p>Anno Hegirae</p>
        </calendar>
      </calendarDesc>
    </profileDesc>
    <xenoData xml:space="preserve">
CREATED: 2024-04-15T09:07:54.299806+00:00
CREATED BY: eScriptorium vpassthistobuildcmd
IMAGE FILENAME: A121078392.tif
IMAGE WIDTH: 2360
IMAGE HEIGHT: 3848
</xenoData>
  </teiHeader>
  <text>
    <body>
      <div>
        <p>
          <lb/>REUCHLIN Johannes
          <lb/>Haguenau, Th. Anshelm 1519
          <lb/>JOHANNIS REUCHLIN PHORCEN SIS SCAENICA PRO
          <lb/>GYMNASMA TA. HOC ESTLudicra praeexercitamenta,
          <lb/>cum ! explanatione Jacobi Spiegel! Selestani. Caes. Secret.
          <lb/>A la fin: Hagenoae, apud Thomann Anshelmum Badensem.! Anno
          <lb/>M. D. XIX. Mense Maio. Au-dessous, marque typ. de Th. Anshelm.
          <lb/>(H. « B., Planche LXII, N° 2, Sulvestre N° 771.) (Verso blanc.)
          <lb/>In-40, car, rom., LXXVI ff. ch., 3 ff. non ch., dont les 5 pre¬
          <lb/>mières pp. à 4 col. contiennent la table; titre courant, notes marg.,
          <lb/>titre encadré: bordure supérieure, deux griffons tenant chacun une corne
          <lb/>d’abondance; bordures latérales, des pilliers ornés; bordure inférieure
          <lb/>au milieu, 5 génies tirant et poussant un sixième couché sur un plat.
          <lb/>Au verso du titre: Jacobo Lempo... Jacobus Spiegel Selestanus...
          <lb/>Tubinga ex aedicula nostra philosophica! XXiiii. Januarii. M. D. XII.
          <lb/>R. 102.019. Prov.: Don de F. Butsch fils, antiquaire à Augs¬
          <lb/>bourg, 1871.
          <lb/>Proctor II, Sectio I, N° 11.701: Londres, British Museum.
          <lb/>2e ex. R 102. 234. Prov. : Bibl. Böcking. Incomplet, les 7 derniers
          <lb/>ff. manquent. Notes mss. A l&amp;#x27;intérieur du ler plat: Paedologia haec
          <lb/>edita quoque Moguntiae ex aedibus Johannis Scheffer, sed castrata est
          <lb/>haec editio et praeter alia omissus plane est ultimus Dialogus... Petri
          <lb/>Mosellani Paedalogiam et Hegendorphini Dialogos Robertus Stephanus
          <lb/>primus Parisiis in 8° edidit junctim 1531.
          <lb/>1994
          <lb/>REUCHLIN Johannes. Voir: ATHANASIUS, Opera.
          <lb/>Strasbourg, J. Knobloch 1522, n° 106.
          <lb/>REUSCHEL Caspar
          <lb/>Strasbourg, B. Jobin 1593
          <lb/>HIPPIATRIA. Gründtlicher! und eigentlicher! Bericht
          <lb/>von Art und Eygenschaff- ten der Pferde, allerhand Zeu¬
          <lb/>mung und Abrichtung dersel- ben, und darzu gehörigen
          <lb/>Stangen und Mundstucken; So dann auch zufällen und
          <lb/>Kranckheiten, und deroselbigen bewehrten Chur und Artz¬
          <lb/>neyen.
          <lb/>Alles ausz langwiriger Erfahrung unnd übung an Chur- Fürsten
          <lb/>und Graffen Höfen, auch in anderer Herrschafften Diensten erlehrnet,
          <lb/>observiert, fleissig und trewlich, doch auffs kürtzest zusamen gesetzt und
          <lb/>gemeynen! besten zu nutz jetzo zum erstenmahl in Truck verfertiget.
          <lb/>Durch den erfahrnen und wol geübten Caspar Reuschlein von Hagenaw,
          <lb/>alten Stallmeister des Heiligen Reichs Freystatt Straszburg.
          <lb/>Allen und jeden Rittermässigen, Reisigen und der Reuterey zu ge¬
          <lb/>thanen, nicht allein! sehr nutzlich, sondern auch nohtwendig zu wissen.
          <lb/>Marque typ. de Bern. Jobin. (H. &amp;amp; B, planche XXXVII, n° 7)
          <lb/>avec les mots: Sapientia Constans aux côtés.
        </p>
      </div>
    </body>
  </text>
</TEI>
