<?xml version='1.0' encoding='UTF-8'?>
<?xml-model href="https://raw.githubusercontent.com/OpenITI/tei_openiti/master/tei_openiti.rng" type="application/xml" schematypens="http://relaxng.org/ns/structure/1.0"?>
<?xml-model href="https://raw.githubusercontent.com/OpenITI/tei_openiti/master/tei_openiti.rng" type="application/xml" schematypens="http://purl.oclc.org/dsdl/schematron"?>
<TEI xmlns="http://www.tei-c.org/ns/1.0">
  <teiHeader>
    <fileDesc>
      <titleStmt>
        <title/>
      </titleStmt>
      <publicationStmt>
        <p/>
      </publicationStmt>
      <sourceDesc>
        <p/>
      </sourceDesc>
    </fileDesc>
    <profileDesc>
      <calendarDesc>
        <calendar xml:id="ah">
          <p>Anno Hegirae</p>
        </calendar>
      </calendarDesc>
    </profileDesc>
    <xenoData xml:space="preserve">
CREATED: 2024-04-15T09:07:53.631724+00:00
CREATED BY: eScriptorium vpassthistobuildcmd
IMAGE FILENAME: A121078373.tif
IMAGE WIDTH: 2348
IMAGE HEIGHT: 3846
</xenoData>
  </teiHeader>
  <text>
    <body>
      <div>
        <p>
          <lb/>RADEVICUS Phrisingensis: Libri duo de Friderici Imp. gestis.
          <lb/>Voir: OTTO Phrisingensis: Rerum ab origine mundi... ge¬
          <lb/>starum. Strasbourg, M. Schurer 1515.
          <lb/>RAMINGEN Jacob von
          <lb/>Strasbourg, Chr. Mylius hér. 1580
          <lb/>Von den Aromaten und wolschmäckenden, gantz
          <lb/>krefftigen, 1 und hailsamen Specereyen (wie mans in) ge¬
          <lb/>meinem brauch pflegt zu nennen) so ausz fremb-den
          <lb/>landen, zû uns Teutschen, gebracht werden, Von ihren
          <lb/>edlen Tugendten, unergründtlichen, unnd unauszsprechli¬
          <lb/>chenKräfften, und vilen wunderbarlichen heylsamen
          <lb/>würcklich- keyten, Nicht allein solcher Aromaten, sonder
          <lb/>auch etlicher,! Simplicien, so in Teutschen landen wachsen,
          <lb/>und darinnen wol zuzeügen und zâ bekommen seyen,
          <lb/>und gleicher kräfft und würcklichkeyt, Die aber nicht so
          <lb/>lange zeit, als frembder lan- den Aromata, wehren, und
          <lb/>würcken seyen, Ausz vilen erfar- nen der wachsenden
          <lb/>dingen Naturen und kräfften, unnd der Artzneyen, und
          <lb/>ihrer Professionen, hochgelehrten Do- ctoren, zù gemeynem
          <lb/>der Menschen nutzen und wolfart zûsamen gezogen, ge¬
          <lb/>tra- gen, und beschriben, Von dem Edlen und Ehrnve¬
          <lb/>sten! Jacoben von Ramingen, von und zû Lüblachsperg,
          <lb/>dem ältern. Kauff und lese mich, Erweg, probier alls
          <lb/>fleisziglich Fürwar es wird nicht gerewen dich. M. D.
          <lb/>LXXX. (Verso blanc.)
          <lb/>A la fin: Gedruckt zâ Straszburg bey! Christian Müllers
          <lb/>Erben. M. D. LXXX. (Au-dessus, marque typ. de Chr. Muller.
          <lb/>HEB planche XXVIII n° 1. Verso blanc.)
          <lb/>In-8°, car, goth., 63 ff. non ch., titre courant, réclames, init. goth.,
          <lb/>vign. fol. B 5a et E2a.
          <lb/>Fol. A 2a : ... Frawen Anna Pfaltzgrävin bey! Rhein, Hertzogin
          <lb/>in Bayern, und Grävin za Veldentz und Lützelstain, &amp;amp;c. geborne Prin¬
          <lb/>zes-] sin des Königreichen Schweden, Gothen, und! Wenden, &amp;amp;c. meiner
          <lb/>gnädigsten Fürstin unnd Frawen, Entbeut ich Jacob von Ramingen
          <lb/>von! und z6 Lüblachsperg der älter, mein... dienst... — Datum! Strasz¬
          <lb/>burg, an dem tag wie ich ge- boren, in dise welt kommen, und 70.
          <lb/>jar alt worden, Im jar... 1580.Jacob à Ramingen Se- nior à Lüb¬
          <lb/>lachsperg. (Epistola dedicatoria, 12 pp.) Suit une préface de II pp. par
          <lb/>le même.
          <lb/>R102.196. Prov.: K. J. Trubner, Strasbourg 5/VII 1880, 12M.
          <lb/>A l&amp;#x27;intérieur du Ier plat ex-libris, au-dessus: Z Ksiegozbiorn Zygmunta
          <lb/>Czarneckiego; au-dessous, la devise:,Crux mihi certa salus.
          <lb/>1965
          <lb/>1259
        </p>
      </div>
    </body>
  </text>
</TEI>
