<?xml version='1.0' encoding='UTF-8'?>
<?xml-model href="https://raw.githubusercontent.com/OpenITI/tei_openiti/master/tei_openiti.rng" type="application/xml" schematypens="http://relaxng.org/ns/structure/1.0"?>
<?xml-model href="https://raw.githubusercontent.com/OpenITI/tei_openiti/master/tei_openiti.rng" type="application/xml" schematypens="http://purl.oclc.org/dsdl/schematron"?>
<TEI xmlns="http://www.tei-c.org/ns/1.0">
  <teiHeader>
    <fileDesc>
      <titleStmt>
        <title/>
      </titleStmt>
      <publicationStmt>
        <p/>
      </publicationStmt>
      <sourceDesc>
        <p/>
      </sourceDesc>
    </fileDesc>
    <profileDesc>
      <calendarDesc>
        <calendar xml:id="ah">
          <p>Anno Hegirae</p>
        </calendar>
      </calendarDesc>
    </profileDesc>
    <xenoData xml:space="preserve">
CREATED: 2024-04-15T09:07:52.144667+00:00
CREATED BY: eScriptorium vpassthistobuildcmd
IMAGE FILENAME: A121078320.tif
IMAGE WIDTH: 2322
IMAGE HEIGHT: 3848
</xenoData>
  </teiHeader>
  <text>
    <body>
      <div>
        <p>
          <lb/>1206
          <lb/>PLAUTUS
          <lb/>Strasbourg, J. Gmuningen 1511
          <lb/>CONTINENTVR IN HOC LIBELLO QVATTVOR PLAVTI COMOE
          <lb/>DIAE AMPHTRVO: AV-FLVLARIA DVO CAPTIVI: &amp;amp; MENECH.
          <lb/>Familiaribus annotatio nibus declaratae.
          <lb/>A la fin de l’Aulularia: Opera Joannis Grü-ninger Ar¬
          <lb/>gentin.
          <lb/>A la fin du livre: Explicit commentatio Joannis Baptistae
          <lb/>pii:Bononiensis in Menechmos. In Vigilia Bartholomei.
          <lb/>Anno Jhesu. Undecimo.
          <lb/>Im-4°, car. rom. et goth., CLE ff. ch., titre courant, quelgues an¬
          <lb/>notations marg., init. d’attente; grav. fol. 4b, 49a et sous le titre de:
          <lb/>Comedia duorum captivorum entre fol, 85 et 86.
          <lb/>RIOLTAt. Prov: Bibk du Prof. Baum 20/1 1879. Annctations
          <lb/>mes, au verso du f. de gurde :,Sidigitus in libro quem scrinsit de Por¬
          <lb/>tiss: quid de iis sentiat etc.&amp;quot;, puis 13 vers lat.; au recto du titre:,Eremit.
          <lb/>S. P. Augustini Friburgi Brisgo, et de nombreuses annotations dans le
          <lb/>texte:
          <lb/>Sohmidt E n° 122; Walter: Sélestat n° 2047.
          <lb/>1894
          <lb/>PLAUTUS
          <lb/>Stracbourg, M. Schurer rare
          <lb/>M. Actii Plauti Asinii COMTer CLARISE simi Comoediae
          <lb/>quinque! 1 Amphitryo.! 2 Asinaria. 3 Aulularia. 4 Cap¬
          <lb/>tivi duo.! 5 Curculio. Cum lucubratiunculis ex commen¬
          <lb/>tariis Pylade Brixiani, ornati. Cum privilegio Imperato¬
          <lb/>rio, ad sexennium.
          <lb/>A la fin: Argentorati. Ex Aedibus Matthiae Schürerii
          <lb/>Mense Augusto. Anno Christi Sal ! vatoris. M. D. XIIII.
          <lb/>REGNANTE IMPERATORE † CAES. MÆXIMILIANO ] P. F. AVG. P. P.
          <lb/>(Verso blanc.)
          <lb/>In-4°, car. rom., 8 ff. non ch., CLVI ff. ch., titre courant, init.
          <lb/>ornées; titre rouge et noir.
          <lb/>Au verso du titre: Plauti verba exposita in Prologo Poenuli, quo
          <lb/>loco Ari- starchi Achillem nominat, contra imperitorum! sententiam, ex
          <lb/>Petro Crinito. Suit une table à 3 col. de I1 pp.
          <lb/>Fol, a 7b non ch.: Hieronymus Gebvuilerus, literariae pubi, syn-
          <lb/>cerum ad literas animum optat... — Argentorati. in Nonas Septembris.
          <lb/>Anno M. D. XIIII.
          <lb/>Fol. a Sa non ch.: M. Plauti, vita, ex Petro Crinito.
          <lb/>R 102.157. Prov.: Don de Fidelis Butsch fils, antiquaire, Augs¬
          <lb/>bourg 1871. En haut du titre: Georgius Agricola, en bas la date 1574;
          <lb/>de nombreuses notes mss. dans le texté.
          <lb/>2ème ex. R 102.443 (1). Prov. inconnue. Très endommagé et incom¬
          <lb/>plet, de nombreuses annotations mss.
          <lb/>Schmidt VIII n° 137: BM Strasbourg.
          <lb/>1885
        </p>
      </div>
    </body>
  </text>
</TEI>
