<?xml version='1.0' encoding='UTF-8'?>
<?xml-model href="https://raw.githubusercontent.com/OpenITI/tei_openiti/master/tei_openiti.rng" type="application/xml" schematypens="http://relaxng.org/ns/structure/1.0"?>
<?xml-model href="https://raw.githubusercontent.com/OpenITI/tei_openiti/master/tei_openiti.rng" type="application/xml" schematypens="http://purl.oclc.org/dsdl/schematron"?>
<TEI xmlns="http://www.tei-c.org/ns/1.0">
  <teiHeader>
    <fileDesc>
      <titleStmt>
        <title/>
      </titleStmt>
      <publicationStmt>
        <p/>
      </publicationStmt>
      <sourceDesc>
        <p/>
      </sourceDesc>
    </fileDesc>
    <profileDesc>
      <calendarDesc>
        <calendar xml:id="ah">
          <p>Anno Hegirae</p>
        </calendar>
      </calendarDesc>
    </profileDesc>
    <xenoData xml:space="preserve">
CREATED: 2024-04-15T09:07:54.720596+00:00
CREATED BY: eScriptorium vpassthistobuildcmd
IMAGE FILENAME: A121078406.tif
IMAGE WIDTH: 2374
IMAGE HEIGHT: 3834
</xenoData>
  </teiHeader>
  <text>
    <body>
      <div>
        <p>
          <lb/>1292
          <lb/>RIEDRER Fridericus
          <lb/>Strasbourg, J. Prüss, 1509
          <lb/>Spiegel der waren rhetoric! Usz Marco Tulio Cicerone, etc.
          <lb/>Comme dans l’édition de 1505 avec la même gravure.
          <lb/>A la fin : ... Getruckt zu Straszburg durch Johannem prüsz
          <lb/>zum Thiergarten. Anno. xv. hundert ix.
          <lb/>In-fol., car, goth., 6 ff. non ch. à 2 col. (titre et table), CLI ff. ch.,
          <lb/>sign. A-Z, Aa-Bb, titre courant, notes marg., grande et belle init. à fig. D.
          <lb/>Au verso du titre, même gravure que dans l’édition de 1505, dont le
          <lb/>livre est une réimpression littérale.
          <lb/>Au verso du fol. VI non ch. après la table, armoiries de Strasbourg,
          <lb/>encadrées.
          <lb/>fol. Ia chiffré : Vorred.
          <lb/>R. 10.457. Prov. : Bibl. Böcking.
          <lb/>Proctor II, Sectio I, n° 9991 : Londres, British Museum; Schmidt III,
          <lb/>n° 78, Ritter Catal. BM Strasbourg, n° 1822.
          <lb/>2017
          <lb/>RIEDRER Fridericus
          <lb/>Strasbourg, J. Knobloch, 1517
          <lb/>SPiegel der waren Rhe  toric... etc.
          <lb/>A la fin : Rhetorischer Spiegel... Durch den Fürsichtigen
          <lb/>rechtgeübten meister Fridrichen Riedrer versamelt. Ge¬
          <lb/>truckt und volendet zu Straszburg durchJohannem
          <lb/>Knobloch, und Pau- ] lum Götzen, Uff Gregorii An-no,
          <lb/>Tausent Fünffhun dert und Syben-zhen.
          <lb/>In-fol., car. goth., 6 ff. non ch. à 2 col. (titre et table), CLIII ff. ch.,
          <lb/>titre courant, notes marg., init. ornée D.
          <lb/>fol. 1a ch. : Vorred.
          <lb/>R. 10.458. Prov. : Karl J. Trübner, Strasbourg (Vente Noiriel), 4/IV, 1874.
          <lb/>Schmidt VII, no 136 cite d’après un exemplaire de la librairie Freies¬
          <lb/>leben à Strasbourg, 1877, qui aurait d’après Schmidt 158 ff. non ch.,
          <lb/>probablement erreur pour 153.
          <lb/>2018
          <lb/>RIGEL Iohannes. Voir: CARMINA gratulatoria.
          <lb/>Strasbourg, Nic. Wyriot, 1583, n° 452
          <lb/>RINGMANN Matthias, Passio Christi. Voir: GEILER.
          <lb/>RITTER VOM THURN. Voir: MARQUART VOM STEIN.
          <lb/>RIVIUS Iohannes
          <lb/>Strasbourg, W. Köpfel, 1529
          <lb/>Jn Andriam! Terentii! Ad Lecto! rem. (4 dist.)
          <lb/>Argen. apud Vuolffum Coephaleum, An. 1529.
          <lb/>A la fin : Excusum Argentorati apud Vuolffium! Cephalaeum
          <lb/>Ann. a Christo Nato supra sesquimillesimum, vigesi- mo
          <lb/>Nono. Mense Au- Il gusto.
          <lb/>Au verso du f. suivant, marque typ. de W. Köpfel. (H. &amp;amp; B.,
          <lb/>Planche XVIII, No 9; Silvestre No 1018.)
        </p>
      </div>
    </body>
  </text>
</TEI>
