<?xml version='1.0' encoding='UTF-8'?>
<?xml-model href="https://raw.githubusercontent.com/OpenITI/tei_openiti/master/tei_openiti.rng" type="application/xml" schematypens="http://relaxng.org/ns/structure/1.0"?>
<?xml-model href="https://raw.githubusercontent.com/OpenITI/tei_openiti/master/tei_openiti.rng" type="application/xml" schematypens="http://purl.oclc.org/dsdl/schematron"?>
<TEI xmlns="http://www.tei-c.org/ns/1.0">
  <teiHeader>
    <fileDesc>
      <titleStmt>
        <title/>
      </titleStmt>
      <publicationStmt>
        <p/>
      </publicationStmt>
      <sourceDesc>
        <p/>
      </sourceDesc>
    </fileDesc>
    <profileDesc>
      <calendarDesc>
        <calendar xml:id="ah">
          <p>Anno Hegirae</p>
        </calendar>
      </calendarDesc>
    </profileDesc>
    <xenoData xml:space="preserve">
CREATED: 2024-04-15T09:07:44.100098+00:00
CREATED BY: eScriptorium vpassthistobuildcmd
IMAGE FILENAME: A121078052.tif
IMAGE WIDTH: 2346
IMAGE HEIGHT: 3846
</xenoData>
  </teiHeader>
  <text>
    <body>
      <div>
        <p>
          <lb/>938
          <lb/>In-4°, car. rom., 74 ff. non ch., sign. A-M, titre courant, notes
          <lb/>marg., initiales.
          <lb/>Au verso du titre: Illustrissimo Saxoniae Duci Friderico... Jacobus
          <lb/>Wym- phelingus sese commendat.
          <lb/>Fol. 2b non ch.: Ad lectorem.... Claruit (Lupoldus de Bebenburgl
          <lb/>temporibus Ludouici imperatoris quarti: &amp;amp; Be! nedicti papae xii. Anno
          <lb/>domini M. CCC. ac. XL.
          <lb/>Fol. 3a non ch.: Reuerendissimo in Christo patri... domino ! Bal¬
          <lb/>devuino sanctae Treuerensis ecclesiae Archi-] episcopo... Lupoldus de
          <lb/>Bebenburg...
          <lb/>&amp;quot;R100423. Prov, inconnue. Notes mss.
          <lb/>BN Paris, M 3957; Proctor II Sectio I n° 10.165: Londres Bri¬
          <lb/>tish Museum; Schmidt VIII n° 3: Jadis Bibl. de Strasbourg, Incun.
          <lb/>n° 689; Walter: Sélestat n° 1743. Braus-Riggenbach, Basel, Cat. 452
          <lb/>(1936) n° 217 :,Erstausgabe dieser wichtigen, um 1338 entstandenen
          <lb/>Schrift, die verkündet, dass der zum römischen König Gewählte, unab¬
          <lb/>hängig von der päpstlichen Bestätigung, in seinen Landern dieselbe Ge¬
          <lb/>walt habe wie der Kaiser; die päpstliche Salbung und Krönung verleihe
          <lb/>dazu noch den Kaisertitel u. die Kaisergewalt für alle übrigen Lander.&amp;quot;
          <lb/>1407
          <lb/>LUPOLDUS DE EGLOFFSTEIN. Voir: LUPOLDUS DE BEBEN¬
          <lb/>BURG.
          <lb/>LUPUS Johannes
          <lb/>Strasbourg, J. Schott 1511
          <lb/>De libertate ec clesiastica: tractatus Jo hannis Lupi
          <lb/>apo. stolicae) se. [dis] protonotarii.Eiusdem tracta! tus
          <lb/>dialogicus: de confedera tione principum et potentatum.
          <lb/>Una cum que-stionibus aureis notatuque dignissimis, in
          <lb/>fine ad nu! merum chartarum quotatis.
          <lb/>A la fin, avant l&amp;#x27;Index (fol. 70): Argentine ex officina Jo¬
          <lb/>hannis ! Schotti. Tertia Februarii! Anno christi. M. D. XI.
          <lb/>In-4°, car. goth., 70 ff. ch., titre courant, titre rouge et noir, en¬
          <lb/>cadré de quatre pièces juxtaposées: la bordure supérieure est formée par
          <lb/>un feston; celle d’en bas contient 4 enfants, les 2 du milieu se combat¬
          <lb/>tent, les 2 autres se tiennent des 2 côtés, ils ont chacun comme jouet un
          <lb/>moulin à vent, celui de gauche sonne en outre de la trompette, sur celle
          <lb/>de droite des instruments de musique suspendus à une hampe ornée;
          <lb/>sur celle de gauche des armes suspendues de même. Le tout imprimé en
          <lb/>clair-obscur. Sur les traits noirs de la gravure est appliquée une teinte
          <lb/>rouge, laissant les lumières en blanc. L’encadrement est attribué à Wech¬
          <lb/>telin.
          <lb/>Au verso du titre:... Domino Francisco sancte romane ecclesie
          <lb/>sancti Eustachii dyacono... Johannes! Lupi Sedis apostolice protonotarius
        </p>
      </div>
    </body>
  </text>
</TEI>
