<?xml version='1.0' encoding='UTF-8'?>
<?xml-model href="https://raw.githubusercontent.com/OpenITI/tei_openiti/master/tei_openiti.rng" type="application/xml" schematypens="http://relaxng.org/ns/structure/1.0"?>
<?xml-model href="https://raw.githubusercontent.com/OpenITI/tei_openiti/master/tei_openiti.rng" type="application/xml" schematypens="http://purl.oclc.org/dsdl/schematron"?>
<TEI xmlns="http://www.tei-c.org/ns/1.0">
  <teiHeader>
    <fileDesc>
      <titleStmt>
        <title/>
      </titleStmt>
      <publicationStmt>
        <p/>
      </publicationStmt>
      <sourceDesc>
        <p/>
      </sourceDesc>
    </fileDesc>
    <profileDesc>
      <calendarDesc>
        <calendar xml:id="ah">
          <p>Anno Hegirae</p>
        </calendar>
      </calendarDesc>
    </profileDesc>
    <xenoData xml:space="preserve">
CREATED: 2024-04-15T09:07:53.556625+00:00
CREATED BY: eScriptorium vpassthistobuildcmd
IMAGE FILENAME: A121078368.tif
IMAGE WIDTH: 2348
IMAGE HEIGHT: 3846
</xenoData>
  </teiHeader>
  <text>
    <body>
      <div>
        <p>
          <lb/>1254
          <lb/>bachius S. D.... — Vitenbergae. IIl. Calend. Martias.
          <lb/>Anno Dn. M. D. XXXIX. (Dédicace.)
          <lb/>bronn 2/IV 1878. Rel. anc.
          <lb/>R102.235 (3). Prov.: Échange avec la Bibl. du gymnase de Heil¬
          <lb/>Bibl. St-Guillaume, Strasbourg; BN Paris R 9032. 1900
          <lb/>QUADRAGESIMALE BIGAE SALUTIS. Voir: MICHAEL DE
          <lb/>UNGARIA
          <lb/>QUARINUS Andreas, Voir: GUARNA Andreas
          <lb/>QUINTUS AEMILIANUS (Cimbriacus). Voir: AEMILIANUS
          <lb/>QUINTUS CURTIUS. Voir: CURTIUS QUINTUS
        </p>
      </div>
    </body>
  </text>
</TEI>
