<?xml version='1.0' encoding='UTF-8'?>
<?xml-model href="https://raw.githubusercontent.com/OpenITI/tei_openiti/master/tei_openiti.rng" type="application/xml" schematypens="http://relaxng.org/ns/structure/1.0"?>
<?xml-model href="https://raw.githubusercontent.com/OpenITI/tei_openiti/master/tei_openiti.rng" type="application/xml" schematypens="http://purl.oclc.org/dsdl/schematron"?>
<TEI xmlns="http://www.tei-c.org/ns/1.0">
  <teiHeader>
    <fileDesc>
      <titleStmt>
        <title/>
      </titleStmt>
      <publicationStmt>
        <p/>
      </publicationStmt>
      <sourceDesc>
        <p/>
      </sourceDesc>
    </fileDesc>
    <profileDesc>
      <calendarDesc>
        <calendar xml:id="ah">
          <p>Anno Hegirae</p>
        </calendar>
      </calendarDesc>
    </profileDesc>
    <xenoData xml:space="preserve">
CREATED: 2024-04-15T09:07:46.081051+00:00
CREATED BY: eScriptorium vpassthistobuildcmd
IMAGE FILENAME: A121078120.tif
IMAGE WIDTH: 2314
IMAGE HEIGHT: 3846
</xenoData>
  </teiHeader>
  <text>
    <body>
      <div>
        <p>
          <lb/>1006
          <lb/>conscripta. Haganoe, per Johan. Secer. An. M. D. XXXI.
          <lb/>(Verso blanc.)
          <lb/>A la fin: Excudebat Hagenoæ, Iohannes Secerius. Anno
          <lb/>salutis M. D. XXX. (Verso blanc.)
          <lb/>In-86, car. rom., 8 ff. non ch. dont le dernier blanc (table), 136 ff.
          <lb/>ch., titre courant, réclames, notes marg., titre encadré (HeB Planche
          <lb/>LXIX n° 2).
          <lb/>F. 1a: Epistola... Duci Megelbur- gensi &amp;amp;c. Episcopo Suermensi
          <lb/>Philippus Melanch. S. D.... Vuittenberga, Anno M. D. XXIX.
          <lb/>100.869 (2). Prov. inconnue. Notes mss.
          <lb/>1532
          <lb/>MELANCHTHON Philippus
          <lb/>(Haguenau, J. Secerl 1533
          <lb/>GRAM- MATICA GRÆCA) à Philippo Melanch, iam denuo
          <lb/>re cognita, atque multis in locis locupletata. (Suit un dist.
          <lb/>de Nicol. Gerbelius et un de J. Secerius.)
          <lb/>M. D. XXXIII.
          <lb/>In-8°, car. rom. et grecs, 148 ff. non ch. dont le dernier blanc,
          <lb/>sign. A-T, titre courant, réclames, init. ornées; titre encadré (HEB
          <lb/>Planche LXIX n° 1). Encadrement de J. Secer.
          <lb/>Fol. A 2a: Philippus! Melanchthon Studioso Lectori.... — Vui¬
          <lb/>tember gae in Saxonibus.
          <lb/>R101246. Prov.: Volckmann, Rostock 1/1X 1893; 10 M. A l&amp;#x27;in¬
          <lb/>térieur de la couverture: Ex Libris Jacobi Manzoni avec son ex-libris.
          <lb/>1533
          <lb/>MELANCHTHON Philippus
          <lb/>Haguenau, V. Kobian 1538
          <lb/>ORATIONES ALIQVOT LECTV DI gnissimae, a Philippo
          <lb/>Mel.atque aliis doctissimis qui busdam in publica
          <lb/>Vuittenbergen! sium schola pronun- ciatae. His addita
          <lb/>est Oratio pro M. Marcello diligenter admodum ab eodem
          <lb/>Phi. Mel. in sua membra distributa. Titulos Orationum
          <lb/>versa pagina candide Lector reperies. Haganoae ex offi¬
          <lb/>cina Kobiana. Anno XXXIII. Mense Septembri.
          <lb/>A la fin: Haganoae impressum, per Valen- tinum Ko¬
          <lb/>bian, Mense Se- ptembri. Anno M. D. XXXIII.
          <lb/>In-8°, car. rom., 128 ff. non ch., sign. A-O, réclames, deux gran¬
          <lb/>des, belles init. à fig. C, D et de nombreuses petites init. à fig.
          <lb/>Fol. A 2a: Philippus Me- Lanchthon Simoni Grineo... (17 pp.)
          <lb/>R 102.000. Prov.: K. Th. Vœlcker, Francfort-s.-M. 15/111 1897;
          <lb/>6M.
          <lb/>BN Paris, Rés. X. 2474.
          <lb/>1534
        </p>
      </div>
    </body>
  </text>
</TEI>
