<?xml version='1.0' encoding='UTF-8'?>
<?xml-model href="https://raw.githubusercontent.com/OpenITI/tei_openiti/master/tei_openiti.rng" type="application/xml" schematypens="http://relaxng.org/ns/structure/1.0"?>
<?xml-model href="https://raw.githubusercontent.com/OpenITI/tei_openiti/master/tei_openiti.rng" type="application/xml" schematypens="http://purl.oclc.org/dsdl/schematron"?>
<TEI xmlns="http://www.tei-c.org/ns/1.0">
  <teiHeader>
    <fileDesc>
      <titleStmt>
        <title/>
      </titleStmt>
      <publicationStmt>
        <p/>
      </publicationStmt>
      <sourceDesc>
        <p/>
      </sourceDesc>
    </fileDesc>
    <profileDesc>
      <calendarDesc>
        <calendar xml:id="ah">
          <p>Anno Hegirae</p>
        </calendar>
      </calendarDesc>
    </profileDesc>
    <xenoData xml:space="preserve">
CREATED: 2024-04-15T09:07:44.162626+00:00
CREATED BY: eScriptorium vpassthistobuildcmd
IMAGE FILENAME: A121078056.tif
IMAGE WIDTH: 2344
IMAGE HEIGHT: 3844
</xenoData>
  </teiHeader>
  <text>
    <body>
      <div>
        <p>
          <lb/>942
          <lb/>Gravure sur bois: Un cheval chargé de livres, un poète lauréat,
          <lb/>un porc debout sur ses pieds de derrière, coiffé d’un chapeau et portant
          <lb/>un manteau. (Voir p. 941.)
          <lb/>A la fin, au verso du dernier f. blanc: ARGENTINÆ APVD Io¬
          <lb/>HANNEM] KNOBLOVCHVM, MENSE! DECEMBRI. ANNO M. D.
          <lb/>XXII; au recto, marque typ. de J. Knobloch. (HAB Planche IX n° 2;
          <lb/>Silvestre n° 635.)
          <lb/>In-8°, car. ital., 59 ff. ch. et 1 f. non ch., titre courant, réclames,
          <lb/>notes marg., init.
          <lb/>Au verso du titre:... Literarum! unico Mœcenati SEBA¬
          <lb/>STIA-No Episcopo Brixinensi: Ottomarus Luscinius
          <lb/>Argentinus... Argen- torati Kal. Martii. Anno redditae
          <lb/>salutis M. D. XXII.
          <lb/>*RI0I.203. Prov.: Don de Fid. Butsch fils, antiquaire à Augs¬
          <lb/>bourg 1871. Au bas du titre, autographe d’O. Luscinius: Magnifico
          <lb/>D. D. Cuspiniano O. Luscinius sano (?) mittit.
          <lb/>Oxford Bibl. Bodleiana; BN Paris, Rés. 2. 4115; Schmidt VII
          <lb/>n° 232: BM de Strasbourg et son exemplaire.
          <lb/>Emil Schaareschild, Amsterdam a offert à la BN de Strasbouro
          <lb/>1412
          <lb/>un exemplaire le 12/XI 1935 pour 22 florins.
          <lb/>LUSCINIUS Ottomar
          <lb/>[Strasbourg?1 1524
          <lb/>(Feuille de lierre.) IOCL AC] SALES MIRE FESTIVI, AB OT
          <lb/>tomaro Luscinio Argentino partim sele- cti ex bonorum
          <lb/>utriusque linguae au thorum mundo, partim lon-gis
          <lb/>peregrinationibus visi &amp;amp; auditi, ac in Centurias! duas
          <lb/>di- gesti. AD LECTOREM. (6 vers latins.)
          <lb/>CVM GRATIA ET PRI- (uilegio Caesareo, ad sex annos.
          <lb/>(Verso blanc.)
          <lb/>In-8°, car. ital., 64 ff. non ch., sign. A-N (d’après mon exemplaire,
          <lb/>auquel manquent quelques ff. à la fin), titre courant, init. O, S et une
          <lb/>grande et belle init. à figure D.
          <lb/>Fol. A ija: Sebastiano Ylsung: Iaco! bo Heinrichmann Canonico
          <lb/>Vicarioque Augustensi &amp;amp; Wolphango Rem ab Khœtz... Ottomarus Lusci¬
          <lb/>nius Argentinus. S. D.... — Augustae! Vindelicorum, Nonis Ianuarii,
          <lb/>Anno... M. D. XXIV. (Préface, 2 ff.)
          <lb/>RI01034. Prov.: BN Munich 9/II1 1878.
          <lb/>1413
          <lb/>LUSCINIUS Ottomar
          <lb/>Strasbourg, J. Schott 1542
          <lb/>MUSURGIA! seu Praxis Musicae.! Illius primò quae
          <lb/>Instrumentis agitur certa ratio, ab Ottomaro! Luscinio Ar¬
        </p>
      </div>
    </body>
  </text>
</TEI>
