<?xml version='1.0' encoding='UTF-8'?>
<?xml-model href="https://raw.githubusercontent.com/OpenITI/tei_openiti/master/tei_openiti.rng" type="application/xml" schematypens="http://relaxng.org/ns/structure/1.0"?>
<?xml-model href="https://raw.githubusercontent.com/OpenITI/tei_openiti/master/tei_openiti.rng" type="application/xml" schematypens="http://purl.oclc.org/dsdl/schematron"?>
<TEI xmlns="http://www.tei-c.org/ns/1.0">
  <teiHeader>
    <fileDesc>
      <titleStmt>
        <title/>
      </titleStmt>
      <publicationStmt>
        <p/>
      </publicationStmt>
      <sourceDesc>
        <p/>
      </sourceDesc>
    </fileDesc>
    <profileDesc>
      <calendarDesc>
        <calendar xml:id="ah">
          <p>Anno Hegirae</p>
        </calendar>
      </calendarDesc>
    </profileDesc>
    <xenoData xml:space="preserve">
CREATED: 2024-04-15T09:07:45.715754+00:00
CREATED BY: eScriptorium vpassthistobuildcmd
IMAGE FILENAME: A121078109.tif
IMAGE WIDTH: 2316
IMAGE HEIGHT: 3848
</xenoData>
  </teiHeader>
  <text>
    <body>
      <div>
        <p>
          <lb/>A la fin: Hagnoae ex Academia Anshelmiana, An no
          <lb/>M. D. XVIII. Mense Maio. (Marque typ. de Th. Anshelm. H e B
          <lb/>Planche LXII n° 2; Silvestre n° Tr1.)
          <lb/>Cum Privilegio Impertali.
          <lb/>In-4°, car, rom. et grecs, 61 ff. non ch., sign. a-p. Au verso du
          <lb/>titre: annotation sur les dialectes grecs, au-dessous un dist. de Joannes
          <lb/>Secerius.
          <lb/>Fol. a 2a: Philippus Melanchthon Bernardo Mauro... — Hage¬
          <lb/>noae Fran corum. M. D. XVIII. (2 pp.)
          <lb/>R101.247. Prov.: BN Munich T/V 1877; 0,30 M.
          <lb/>Rosenthal, Munich, Catal. 135 (1914) n° 1504, 100 M. 62 ff.
          <lb/>9ème ex.: R102.101 (2). Prov.: Echange de la bibl. du gymnase
          <lb/>de Heilbronn 2/IV 1878. Notes mss.
          <lb/>1504
          <lb/>MELANCHTHON Philippus
          <lb/>Haguenau, Th. Anshelm 1519
          <lb/>ELEGAN TISSIMA QVAE DAM OPVSCVLAPILIPPO&amp;#x27; ME
          <lb/>lanchthone Brettano edita. Sermo habitus apud iuventu¬
          <lb/>tem Acade miae Wittemberg, de corrigendis Adu lescen¬
          <lb/>tiae studiis.Luciani Samosatensis Sophistae in Calu
          <lb/>mniam Oratio, latine reddita. De Nota Pythagorica, qua
          <lb/>hospitem Hi rundinem recipi nolebant, Ex Plutarcho Chae¬
          <lb/>ronensi.
          <lb/>A la fin: Hagenoae, Ex Officina Anshelmiana Mense
          <lb/>Ianuario. Salutis anno M. D. XIX. (Verso blanc.)
          <lb/>In-8°, car, rom. et grecs, 32 ff. non ch., sign. A-D, titre courant,
          <lb/>belles init. à fig. N, P, S.
          <lb/>Au verso du titre: Io. de os. pomeranus Eques Iuventuti Saxo¬
          <lb/>nicae. (6 dist.)
          <lb/>Fol. A 2a: ... Othoni! Beckmann, Iurisc. Canonico Wit! temburg.
          <lb/>Philippus Melan- chthon Sal. D.... — Wittembergae Mense Octobri
          <lb/>Anno M. D. XVIII. (2 pp. et demie).
          <lb/>Fol. B 7b: Ad venerabilem patrem marti num luther,! Vere
          <lb/>Pium Theologum, Phi! lippus Melanchthon. Brettanus (20 vers grecs.)
          <lb/>Fol. D 3b : Philippus melan chthon bret! tanus, Bernardo Mauro
          <lb/>S.... (1 p.)
          <lb/>R102.192. Prov.: Rohrbacher, Tinz 22/V 1896; 4 M. 1505
          <lb/>MELANCHTHON Philippus
          <lb/>Strasbourg, J. Herwagen 1522
          <lb/>PHILIPPI] MELANCHTHONIS DE clamatiunculae duae in
          <lb/>Divi PAVLI doctrinam. Eiusdem Epistola ad Ioannem
          <lb/>Hessum Theologum.
          <lb/>995
        </p>
      </div>
    </body>
  </text>
</TEI>
