<?xml version='1.0' encoding='UTF-8'?>
<?xml-model href="https://raw.githubusercontent.com/OpenITI/tei_openiti/master/tei_openiti.rng" type="application/xml" schematypens="http://relaxng.org/ns/structure/1.0"?>
<?xml-model href="https://raw.githubusercontent.com/OpenITI/tei_openiti/master/tei_openiti.rng" type="application/xml" schematypens="http://purl.oclc.org/dsdl/schematron"?>
<TEI xmlns="http://www.tei-c.org/ns/1.0">
  <teiHeader>
    <fileDesc>
      <titleStmt>
        <title/>
      </titleStmt>
      <publicationStmt>
        <p/>
      </publicationStmt>
      <sourceDesc>
        <p/>
      </sourceDesc>
    </fileDesc>
    <profileDesc>
      <calendarDesc>
        <calendar xml:id="ah">
          <p>Anno Hegirae</p>
        </calendar>
      </calendarDesc>
    </profileDesc>
    <xenoData xml:space="preserve">
CREATED: 2024-04-15T09:07:45.765880+00:00
CREATED BY: eScriptorium vpassthistobuildcmd
IMAGE FILENAME: A121078112.tif
IMAGE WIDTH: 2314
IMAGE HEIGHT: 3844
</xenoData>
  </teiHeader>
  <text>
    <body>
      <div>
        <p>
          <lb/>998
          <lb/>courant, réclames, 2 belles et grandes init. à fig. I et 9, dont la der¬
          <lb/>nière signée CC, titre encadré comme le titre de la table.
          <lb/>Au verso du tître : (Feuille de lierre.) Marti! nus Lnther Philippo
          <lb/>Me-] lanchthoni... — Vittenbergae Vicesima Nona Iulii. An. M. D. XXII.
          <lb/>Réimpression de l&amp;#x27;édition précédente de 1523, en plus la table.
          <lb/>R100.444. Prov.: H. Kerler, Ulm 26/XI 1883; 9 M. De nom¬
          <lb/>breuses annotations mss.; au bas du titre: Johannis Volperti Eberi ex
          <lb/>Bibliotheca Hartlaubiana.
          <lb/>Bibl. St. Guillaume, Strasbourg.
          <lb/>1510
          <lb/>MELANCHTHON Philippus
          <lb/>Strasbourg, J. Herwagen 1523
          <lb/>(Feuille de lierre.) COM] PENDIARIA DIA- LECTICES RATIO
          <lb/>AVTORE PHILIP PO MELAN. (ARGENTORATI. (Verso blanc.)
          <lb/>A la fin: ARGENTORATI APVD IOHANNEM HERVAGIVM
          <lb/>MENSE IANVA. ANNO M. D. XXIII. (Verso blanc.)
          <lb/>In-80, car. ital., 40 ff. ch., titre courant, réclames, notes marq., init.
          <lb/>d’attente et grande, belle init. D avec un génie au milieu; titre encadré.
          <lb/>Fol. A 2a: D. Ioanni Svertfe! ger Iuris Consulto,! Philippus Me¬
          <lb/>lanchthon... — Vuitten! bergae, Mense Martio, Anno) M. D. XX.
          <lb/>RI01215. Prov.: Hugo Barbeck, Nuremberg 30/VII 1880; 2M.
          <lb/>1511
          <lb/>MELANCHTHON Philippus
          <lb/>Strasbourg, J. Herwagen 1523
          <lb/>(Feuille de lierre.) INSTI TVTIONES RHE-TORCAE PHI
          <lb/>LP. MEL.! Argentorati mense lanuario.) Anno M. D. XXIII.
          <lb/>A la fin: ARGENTORATI APVD IOHAN NEM HERVAGIVM
          <lb/>MEN] SE IANVARIO ANNO! M. D. XXIII.
          <lb/>In-8°, car. ital., 27 ff. non ch., sign. A-D, titre courant, récla¬
          <lb/>mes, grande init. à fig. P, init. d’attente, titre encadré.
          <lb/>Au verso du titre: Phippus (!) Melanch- thon Iohanni Isleben Sal.
          <lb/>(5 lignes.)
          <lb/>RI01.216. Prov.: Hugo Barbeck, Nuremberg 30/VII1880; 2M.
          <lb/>1512
          <lb/>MELANCHTHON Philippus
          <lb/>Strasbourg, J. Herwagen 1523
          <lb/>(Feuille de lierre.) LOCI COMMVNES SEV HYPOTYPOSES
          <lb/>THEOLOGICAE] PHIL. MEL. Recognitae ab autore.
          <lb/>Argentorati mense Ianuario Anno M. D. XXIII.
          <lb/>A la fin: ARGENTORATI APVD IOHAN-) NEM HERVAGIVM
          <lb/>MEN-(SE IANVA. ANNO M. D. XXIII.
        </p>
      </div>
    </body>
  </text>
</TEI>
