<?xml version='1.0' encoding='UTF-8'?>
<?xml-model href="https://raw.githubusercontent.com/OpenITI/tei_openiti/master/tei_openiti.rng" type="application/xml" schematypens="http://relaxng.org/ns/structure/1.0"?>
<?xml-model href="https://raw.githubusercontent.com/OpenITI/tei_openiti/master/tei_openiti.rng" type="application/xml" schematypens="http://purl.oclc.org/dsdl/schematron"?>
<TEI xmlns="http://www.tei-c.org/ns/1.0">
  <teiHeader>
    <fileDesc>
      <titleStmt>
        <title/>
      </titleStmt>
      <publicationStmt>
        <p/>
      </publicationStmt>
      <sourceDesc>
        <p/>
      </sourceDesc>
    </fileDesc>
    <profileDesc>
      <calendarDesc>
        <calendar xml:id="ah">
          <p>Anno Hegirae</p>
        </calendar>
      </calendarDesc>
    </profileDesc>
    <xenoData xml:space="preserve">
CREATED: 2024-04-15T09:07:43.740218+00:00
CREATED BY: eScriptorium vpassthistobuildcmd
IMAGE FILENAME: A121078040.tif
IMAGE WIDTH: 2358
IMAGE HEIGHT: 3850
</xenoData>
  </teiHeader>
  <text>
    <body>
      <div>
        <p>
          <lb/>924
          <lb/>*R102.176 et R 102.177. Prov, inconnue.
          <lb/>Schmidt II n° 74: Bibl. St. Guillaume, Strasbourg. Voir: RÖH¬
          <lb/>1385
          <lb/>RICH: Geschichte der Reformation im Elsass I, 271.
          <lb/>LONICERUS Johannes. Voir: LUTHER: De Christi Iesu ex
          <lb/>Iudaeis ortu. Strasbourg 1525.
          <lb/>LONTZEN Johannes
          <lb/>Strasbourg, A. Bertram 1599
          <lb/>DISPVTATIO de dominio &amp;amp; modu acquirendi natu¬
          <lb/>ralibus: In Inclyta Argentoratensium Aca- demia habita
          <lb/>à ! GEORGIO OBRECHTO I C. ( Respondente IOANNE LONTZEN
          <lb/>Aquisgranensi. (Vign.)
          <lb/>ARGENTORATI] Excudebat Antonius Bertramus. (Verso
          <lb/>blanc.)
          <lb/>In-4°, car. rom., 24 ff. non ch. dont le dernier blanc, sign. A-F,
          <lb/>réclames, titre encadré (ornements).
          <lb/>R 10.548/9). Prov.: Kubasta &amp;amp; Voigt, Vienne 25/x1 1896.
          <lb/>Voir: OBRECHT Georgius: Selectissimae disputationes ex juris ci¬
          <lb/>vilis materiis. Strasbourg, A. Bertram 1599.
          <lb/>1386
          <lb/>LOOSBUCH. Voir: PAMBST Paul
          <lb/>LOPEZ Juan. Voir: LUPUS Johannes
          <lb/>LUCANUS Marcus Annaeus
          <lb/>Strasbourg, J. Pruss 1509
          <lb/>Marci Annei Lucani Cor dubensis, Poetae; Pharsa¬
          <lb/>liae, seu belli ciuilis libri:! Sulpitiana interpretatione ex¬
          <lb/>planati. Jamque denuo longe accuratim reuisi. Epigramma
          <lb/>ad Lectorem, (4 dist. lat.)
          <lb/>A la fin: Opera Ioannis Prüss, chalcographi Argentini,
          <lb/>... XVI. Kal. Aprilis. Anno salutis. M. CCCCC. IX. Au-dessous:
          <lb/>Marque typ. de Pruss. H&amp;amp;B Planche VIII n° 2.)
          <lb/>In-4°, car, rom., 212 ff. non ch., sign. A-2, a-q, titre courant,
          <lb/>notes marg., qui encadrent le texte du commencement à la fin, initiales
          <lb/>ornées M, C, I.
          <lb/>R 101729. Prov.: Bibl. du Prof. F. A. Menke à Brême 1873,
          <lb/>dont le nom est inscrit au recto du f. de garde.
        </p>
      </div>
    </body>
  </text>
</TEI>
