<?xml version='1.0' encoding='UTF-8'?>
<?xml-model href="https://raw.githubusercontent.com/OpenITI/tei_openiti/master/tei_openiti.rng" type="application/xml" schematypens="http://relaxng.org/ns/structure/1.0"?>
<?xml-model href="https://raw.githubusercontent.com/OpenITI/tei_openiti/master/tei_openiti.rng" type="application/xml" schematypens="http://purl.oclc.org/dsdl/schematron"?>
<TEI xmlns="http://www.tei-c.org/ns/1.0">
  <teiHeader>
    <fileDesc>
      <titleStmt>
        <title/>
      </titleStmt>
      <publicationStmt>
        <p/>
      </publicationStmt>
      <sourceDesc>
        <p/>
      </sourceDesc>
    </fileDesc>
    <profileDesc>
      <calendarDesc>
        <calendar xml:id="ah">
          <p>Anno Hegirae</p>
        </calendar>
      </calendarDesc>
    </profileDesc>
    <xenoData xml:space="preserve">
CREATED: 2024-04-15T09:07:50.342116+00:00
CREATED BY: eScriptorium vpassthistobuildcmd
IMAGE FILENAME: A121078271.tif
IMAGE WIDTH: 2308
IMAGE HEIGHT: 3846
</xenoData>
  </teiHeader>
  <text>
    <body>
      <div>
        <p>
          <lb/>98-102 manquent, il n’y a que 102 ff., titre courant, contient 41 his¬
          <lb/>In-fol., car. goth., 2 col., CVI ff. ch., mais comme les chiffres
          <lb/>toires dont 21 nouvelles; 36 grav. de Hans Baldung, du maître HF
          <lb/>et d’autres. Au verso du titre: Die Vorred disz Bûchs... Geben z6̂
          <lb/>Tann, nach der geburt Christi unsers seligmachers. M. D. XIX. jars.
          <lb/>R 10.063. Prov.: C. Detloff, Bâle (Catal. 29 n° 634) 17/VI 1879;
          <lb/>75M.
          <lb/>Voir: Johannes Pauli, Schimpf u. Ernst, hrsg. von Joh. Bolte.
          <lb/>Teil I: Die älteste Ausgabe von 1522, 418 pp.; Teil II : Paulis Fort¬
          <lb/>setzer u. Uebersetzer, 512 pp. Berlin, Herberth Stubenrauch 1924, in-80.
          <lb/>Bibliographie de J. Pauli, voir: Schottenloher I n° 16 999-17018.
          <lb/>1798
          <lb/>PAULI Johannes
          <lb/>Strasbourg, Barth. Gruninger 1535.
          <lb/>Schimpff unndErnst würth das Bûch genant:
          <lb/>Wölchs durchlaufft der welt händel mit vilen schönen
          <lb/>und kurtzweiligen Gleichnüssen. Auch etlichen ernstlichen
          <lb/>Geschichten nit minder! nutzlich dann kurtzweilig, Jetzund
          <lb/>von Neuwem wider getruckt, unnd mit schönen figuren
          <lb/>durchauss geziert, deren vormalss keyne darinn gewesen.
          <lb/>Auch uff das fleissigest uberlesen, gemert unnd gebessert,
          <lb/>mit vil neuwen Exemplen, und einem kurtzen Register, wo
          <lb/>vedes zû finden, Jetz hinzu gethan. M. D. XXXV. Au-dessous:
          <lb/>la même grav, que dans l&amp;#x27;édition de 1533.
          <lb/>A la fin : Getruckt zû Straszburg durch Bartholome! um
          <lb/>Grieninger, und volendet uff unser lieben frawen! tag der
          <lb/>liechtmessen, In dem jar nach der geburt Christi unsers
          <lb/>herrenn Tausent, funffhundert, dreissig und funff! Jar.
          <lb/>In-fol., car. goth., 2 col., CII ff. ch., verso du dernier f. blanc,
          <lb/>titre courant, 44 grav. de H. Baldung Grien, Burgkmaier, Schäuflin
          <lb/>et d’autres, 545 histoires et la table; la grav. fol. 32 recto est signée
          <lb/>HF et porte en bas la date 1516.
          <lb/>Au verso du titre: Die Vorred disz Buchs, comme dans l’édition
          <lb/>de 1533, mais sans la fin: Geben zu Tann etc. Au-dessous : Zum Leser:
          <lb/>Lieber Leser, so dir dise yetzt gegenwertig arbeit angenem sein würth,
          <lb/>hab ich dir nit verhal- ten wöllen dass ich in willens bin noch einen
          <lb/>theil zu disem Bûch zu trucken, Welcher theil mit fil grössern fleiss,
          <lb/>müe und arbeit zusamen bracht ist. mit vil yetzund weltleuffigen, Exem¬
          <lb/>plen, Historien und fablen, vorhin in kheinem truck nie aussgangen.
          <lb/>R10.060. Prov, inconnue. La partie droite de la colonne fol. 97
          <lb/>est découpée.
          <lb/>BN Paris, Rés. g. Y2. 42.
          <lb/>1799
          <lb/>PAULI Johannes. Voir: GEILER: Die Brösamlin, Strasbourg, J. Gru¬
          <lb/>ninger 1517.
          <lb/>1157
        </p>
      </div>
    </body>
  </text>
</TEI>
