<?xml version='1.0' encoding='UTF-8'?>
<?xml-model href="https://raw.githubusercontent.com/OpenITI/tei_openiti/master/tei_openiti.rng" type="application/xml" schematypens="http://relaxng.org/ns/structure/1.0"?>
<?xml-model href="https://raw.githubusercontent.com/OpenITI/tei_openiti/master/tei_openiti.rng" type="application/xml" schematypens="http://purl.oclc.org/dsdl/schematron"?>
<TEI xmlns="http://www.tei-c.org/ns/1.0">
  <teiHeader>
    <fileDesc>
      <titleStmt>
        <title/>
      </titleStmt>
      <publicationStmt>
        <p/>
      </publicationStmt>
      <sourceDesc>
        <p/>
      </sourceDesc>
    </fileDesc>
    <profileDesc>
      <calendarDesc>
        <calendar xml:id="ah">
          <p>Anno Hegirae</p>
        </calendar>
      </calendarDesc>
    </profileDesc>
    <xenoData xml:space="preserve">
CREATED: 2024-04-15T09:07:48.396315+00:00
CREATED BY: eScriptorium vpassthistobuildcmd
IMAGE FILENAME: A121078206.tif
IMAGE WIDTH: 2302
IMAGE HEIGHT: 3846
</xenoData>
  </teiHeader>
  <text>
    <body>
      <div>
        <p>
          <lb/>1092
          <lb/>besorgenden nachteyl und schaden! so darausz erwachsen
          <lb/>möcht, Wo gebürlichs gespart, zûverhütten. So gebietten
          <lb/>wir und unsere freünde, die, xxi. allen und yeden,.
          <lb/>Und besunder unsern malern, bûchtruckern, bûchfürern,
          <lb/>oder an- dern, so solich schmachbücher, schrifften, oder
          <lb/>gemäls dichten, schreyben, drucken, spylen, malen, oder
          <lb/>feyl haben,...!... das ir dheiner... fürthyn kein schmach.
          <lb/>oder laster bûch oder ge- schrifften, auch dhein spyl oder
          <lb/>gemäls, dardurch der gemeyn Christen mensch seynem
          <lb/>neben Christen menschen, zù anreytzung, gespöt oder
          <lb/>ergernüsz bewegt wirt.., dichten, schreyben, syngen, spre¬
          <lb/>chen, drucken, feyl haben... solle... —
          <lb/>Datum Montags den zwölfften Septembris. Anno 1524.
          <lb/>(Verso blanc.)
          <lb/>Placard, in fol, car. goth,, 20 lignes, init, ornée W.
          <lb/>R22 (60). Prov.: Bibl. Heitz, Strasbourg 1871. Au verso blanc:
          <lb/>1684
          <lb/>1524. Pasquil und lästerschrifft verbotten.
          <lb/>ORDONNANCE
          <lb/>Strasbourg 1525
          <lb/>UNser Herren: Meister und Rhadt; auch die Einund¬
          <lb/>zwentzig! diszer Statt Straszburg, haben erkandt, So inn
          <lb/>diszer geschwinden sorgveltigen zeit, in diszer Statt der
          <lb/>Sturm geschlagen, oder sich sonst ein geschöll, oder uff¬
          <lb/>lauff begibt, das Gott lang verhütten wöll, Es sey tag
          <lb/>oder nacht, das da alle burgers frauwen und kinder, des
          <lb/>gleichen alle mann und frauwen, personen!... in iren
          <lb/>häuszern und herbergen, wo sye dann enthalten werden,
          <lb/>anheymsch, und in den selbigen bleiben, unnd nit dar¬
          <lb/>ausz, weder under die thüren, noch auff die gasz gan
          <lb/>sollen... —
          <lb/>Datum freytag den xix. May. M. D. XXV. (Verso blanc.)
          <lb/>Placard, in-4°, car. goth., 17 lignes, init. ornée W.
          <lb/>R 22 (18). Prov. : Bibl. Heitz, Strasbourg 1871. A la marge:
          <lb/>Verordnung wie man sich bei einem Geschöll (Sturm) zu gehalten hat.
          <lb/>1685
          <lb/>ORDONNANCE
          <lb/>Strasbourg 1526
          <lb/>DIwol unser Herrn Meister unnd Rath diser statt Strasz¬
          <lb/>burg verschynen. xxiii. Jars usz gantz Christenlicher unnd
          <lb/>getrüwer meynung, zû fürderung der ere Gottes und me¬
          <lb/>rung brûderlicher liebe, ein offenlich gebot usz geen lassen,
        </p>
      </div>
    </body>
  </text>
</TEI>
