<?xml version='1.0' encoding='UTF-8'?>
<?xml-model href="https://raw.githubusercontent.com/OpenITI/tei_openiti/master/tei_openiti.rng" type="application/xml" schematypens="http://relaxng.org/ns/structure/1.0"?>
<?xml-model href="https://raw.githubusercontent.com/OpenITI/tei_openiti/master/tei_openiti.rng" type="application/xml" schematypens="http://purl.oclc.org/dsdl/schematron"?>
<TEI xmlns="http://www.tei-c.org/ns/1.0">
  <teiHeader>
    <fileDesc>
      <titleStmt>
        <title/>
      </titleStmt>
      <publicationStmt>
        <p/>
      </publicationStmt>
      <sourceDesc>
        <p/>
      </sourceDesc>
    </fileDesc>
    <profileDesc>
      <calendarDesc>
        <calendar xml:id="ah">
          <p>Anno Hegirae</p>
        </calendar>
      </calendarDesc>
    </profileDesc>
    <xenoData xml:space="preserve">
CREATED: 2024-04-15T09:07:47.939418+00:00
CREATED BY: eScriptorium vpassthistobuildcmd
IMAGE FILENAME: A121078190.tif
IMAGE WIDTH: 2300
IMAGE HEIGHT: 3846
</xenoData>
  </teiHeader>
  <text>
    <body>
      <div>
        <p>
          <lb/>1076
          <lb/>ARGENTORATI Excudebat Antonius Bertramus, Anno
          <lb/>M. D. XCVII.
          <lb/>réclames, init. ornées 0, E; titre encadré de 4 festons de fleurs, toutes
          <lb/>In-4°, car. ital., 13 f. non ch. dont le dernier blanc, sign. A-C,
          <lb/>les pages ont un encadrement, composé de 4 pièces d’ornement. Au verso
          <lb/>du titre: Plato in Protagoram. (7 lignes.)
          <lb/>simi Principis, Electoris Bran- deburgici Consiliario intimo &amp;amp; fidelissimo,
          <lb/>Fol. A 2a:... Dn. Ioanni à Kötteritz, illu-] strissimi ac Potentis¬
          <lb/>gentinae, 7. Idus Februar.Anno reparatae salutis. M. D.XCVII.A. T.
          <lb/>Oseq. Filius! Ioannes à Kötteritz junior. (Vign.) (4 pp. en car. rom.)
          <lb/>R 10.557 (1). Prov.: «Domänen-Kanzlei, Wertheim» 4/V 1891.
          <lb/>1655
          <lb/>OBRECHT Georgius
          <lb/>Strasbourg, A. Bertram 1597
          <lb/>DISPVTATIO FEVDALIS SECVNDA: EX PRIMO LIBRO SCHO¬
          <lb/>LARVM FEVDA- LIVM DESVMTA (!); ET IN INCLYTA ARGENTO¬
          <lb/>ratensium Academia publici exercitii causa proposita,
          <lb/>à GEORGIO OBRECHTO IC. Respondente:! M. VALENTINO
          <lb/>STEINMETZ LIPSICO.Disputabitur mense Martio. (Vign.)
          <lb/>ARGENTORATI Excudebat Antonius Bertramus, Anno
          <lb/>M. D. XCVII.
          <lb/>In-4°, car. ital., 23 ff. non ch. dont le dernier blanc, sign. A-F,
          <lb/>réclames, init. ornées C. I, titre ainsi que toutes les pages encadrés de
          <lb/>4 pièces d’ornement; celles du titre sont plus larges.
          <lb/>Au verso du titre :... Dn. Davidi Pei-] fero Lipsensi &amp;amp;c. I. U. D.
          <lb/>&amp;amp; illustris- simi Septemviratus Saxonici Cancellario,! Studiorum meo¬
          <lb/>rum Mecoenati S. P. D.... — Dat. Argentinae. Mense Febr. exeunte.
          <lb/>Anno M. D. XCVII. Respondens. (3 pp. en car, rom.)
          <lb/>A la fin, 5 dist. de Ioannes Hœnstenius Fr. P. L.
          <lb/>R10.557 (2). Prov.: «Domänen-Kanzlei Wertheim» 4/V 1891.—
          <lb/>1656
          <lb/>OBRECHT Georgius
          <lb/>Strasbourg, A. Bertram 1597
          <lb/>DISPVTATIO FEVDALIS TERTIA : EX SECVNDO LI- BRO
          <lb/>SCHOLARVM FEV-! DALIVM DESVMTA (!) :) ET IN INCLYTA AR¬
          <lb/>GENTO- ratensium Academia publici exercitii causa pro¬
          <lb/>posita à GEORGIO OBRECHTO IC.Respondente: NOBI¬
          <lb/>LISSIMO Dn. ABRAHAMO à WARNSDORFF SILESIO. Disputa¬
          <lb/>bitur mense Martio. (Vign.)
          <lb/>ARGENTORATI Excudebat Antonius Bertramus, Anno
          <lb/>M. D. XCVII.
        </p>
      </div>
    </body>
  </text>
</TEI>
