<?xml version='1.0' encoding='UTF-8'?>
<?xml-model href="https://raw.githubusercontent.com/OpenITI/tei_openiti/master/tei_openiti.rng" type="application/xml" schematypens="http://relaxng.org/ns/structure/1.0"?>
<?xml-model href="https://raw.githubusercontent.com/OpenITI/tei_openiti/master/tei_openiti.rng" type="application/xml" schematypens="http://purl.oclc.org/dsdl/schematron"?>
<TEI xmlns="http://www.tei-c.org/ns/1.0">
  <teiHeader>
    <fileDesc>
      <titleStmt>
        <title/>
      </titleStmt>
      <publicationStmt>
        <p/>
      </publicationStmt>
      <sourceDesc>
        <p/>
      </sourceDesc>
    </fileDesc>
    <profileDesc>
      <calendarDesc>
        <calendar xml:id="ah">
          <p>Anno Hegirae</p>
        </calendar>
      </calendarDesc>
    </profileDesc>
    <xenoData xml:space="preserve">
CREATED: 2024-04-15T09:07:42.908143+00:00
CREATED BY: eScriptorium vpassthistobuildcmd
IMAGE FILENAME: A121078016.tif
IMAGE WIDTH: 2372
IMAGE HEIGHT: 3848
</xenoData>
  </teiHeader>
  <text>
    <body>
      <div>
        <p>
          <lb/>900
          <lb/>LAURIMANUS Cornelius
          <lb/>Strasbourg, A. Bertram 1596
          <lb/>ESTHERA REGINA COMŒDIA SACRA ADVERSVS OMNEM
          <lb/>IMPIETATEM atque! arrogantiam potissimùm con- scripta,
          <lb/>CORNELIO LAVRIMANO VItraiectino autore. Pro Theatro
          <lb/>Argentinensi. (Marque typ. d’Ant. Bertram. HER Planche XLIV
          <lb/>n° 1; Silvestre n° 1023.)
          <lb/>G et 27 (sign. A-C), explications et Prologue (en allemand, car. goth.)
          <lb/>In-8°, car. ital., 98 ff. non ch., dont 51 pour la Comédie, sign. A¬
          <lb/>avec un nouveau titre: SEQVVNTVR EA QVAE COMŒEDIAE
          <lb/>ESTHERAE ORNATVS! causa agendum accesserunt. VNA
          <lb/>CVM PROLOGO&amp;amp; Epilogo, Argumentis item singulorum
          <lb/>actuum vernaculo! sermone rithmicè! conscriptis. (Vign.)
          <lb/>Argentorati, excudebat Antonius Bertramus.Anno
          <lb/>M. D. XCVI.
          <lb/>Au verso du titre: Pièce d&amp;#x27;encadrement. Au-dessous: Ad Lecto¬
          <lb/>rem candidum. (18 vers latins.)
          <lb/>R 100.131. Prov.: Bibl. Heite, Strasbourg 1871.
          <lb/>1341
          <lb/>LAUTERBACH Johannes
          <lb/>Strasbourg, A. Bertram 1589
          <lb/>AENIGMATA JOHANNIS LAVTERBACHII POETAE NOBILIS
          <lb/>ET LAVRO CORONATI. AD MAGNIFICVM ET HI-  LVSTREM
          <lb/>DOMINVM, HENRICVM Ranzouium, Regium Holsatiae Vica¬
          <lb/>rium, Bredebergae Domi-num etc.Additis Symphosii
          <lb/>veteris Poëtae Aenigmatis: Item &amp;amp; IVL. CAES. SCALIGERI,
          <lb/>H. EOB. Hessi, Ioach. Camerarii, Hadr. Iunii, &amp;amp; quorun¬
          <lb/>dam aliorum. Omnia simul edita studio NICOLAI REVSNERI
          <lb/>IC. &amp;amp; P. C.
          <lb/>ARGENTORATI Apud Antonium Bertramum. CIO ID
          <lb/>XIC. (Verso blanc.)
          <lb/>In-8°, car. ital., f. du titre 4 62 pp. ch., titre courant, réclames.
          <lb/>Fol. 1a:... HENRICO RANTSO! uio... Ioannes Lauterba¬
          <lb/>chius Poeta Coronatus, (8 distiques.) Au verso, 22 vers au même.
          <lb/>R100.998. Prov.: K. Th. Völcker, Francfort s. M. 29/IV 1909
          <lb/>(Catal. 274 n° 1026); 6M.
          <lb/>Bibliogr. de Lauterbach, voir: Schottenloher I n° 10451-10455.
          <lb/>1342
          <lb/>LAVACRUM
          <lb/>Strasbourg, J. Prüss fils 1515
          <lb/>LAuacrum con- scientie Omnibus sa cerdotibus &amp;amp;
          <lb/>Clericis tam vtilis quamnecessarius. Et diuiditur hoc
        </p>
      </div>
    </body>
  </text>
</TEI>
