<?xml version='1.0' encoding='UTF-8'?>
<?xml-model href="https://raw.githubusercontent.com/OpenITI/tei_openiti/master/tei_openiti.rng" type="application/xml" schematypens="http://relaxng.org/ns/structure/1.0"?>
<?xml-model href="https://raw.githubusercontent.com/OpenITI/tei_openiti/master/tei_openiti.rng" type="application/xml" schematypens="http://purl.oclc.org/dsdl/schematron"?>
<TEI xmlns="http://www.tei-c.org/ns/1.0">
  <teiHeader>
    <fileDesc>
      <titleStmt>
        <title/>
      </titleStmt>
      <publicationStmt>
        <p/>
      </publicationStmt>
      <sourceDesc>
        <p/>
      </sourceDesc>
    </fileDesc>
    <profileDesc>
      <calendarDesc>
        <calendar xml:id="ah">
          <p>Anno Hegirae</p>
        </calendar>
      </calendarDesc>
    </profileDesc>
    <xenoData xml:space="preserve">
CREATED: 2024-04-15T09:07:53.502460+00:00
CREATED BY: eScriptorium vpassthistobuildcmd
IMAGE FILENAME: A121078365.tif
IMAGE WIDTH: 2346
IMAGE HEIGHT: 3846
</xenoData>
  </teiHeader>
  <text>
    <body>
      <div>
        <p>
          <lb/>Oxford, Bibl. Bodleiana; Schmidt II n° 21 : Jadis Bibl. de Strasbourg
          <lb/>incun. 3969, BM Colmar, Bâle. Oischki, Florence, Catal. LXXXI (1912)
          <lb/>n° 175 avec facsimilé p. 210: 1800 fr. ; Rosenthal, Munich, Catal, 135
          <lb/>(1914) n° 1924: 1600 M.: On y trouve la plus ancienne carte géographi¬
          <lb/>que de la Suisse et N° 1925 : 1800 M. Augmenté d’une seconde carte
          <lb/>géographique de l’Angleterre en clair-obscur. Brunet IV2 955: C’est la
          <lb/>traduction de Jac. Angelus, mais corrigée avec le secours d’un manuscrit
          <lb/>1957
          <lb/>grec.
          <lb/>Strasbourg, J. Gruninger 1522
          <lb/>PTOLEMAEUS Claudius
          <lb/>CLAVDH PTOLEMAEI ALEXANDRINI Mathematicorum
          <lb/>principis, opus Geographiae noviter castigatum &amp;amp; emen¬
          <lb/>datum additionibus raris et inusis, necnon! cum tabularum
          <lb/>in dorso iucunda explanatione. Registro quoque totius
          <lb/>operis, tam Geographico, quam etiam historiali. facilimum
          <lb/>introitum prebenti, (en rouge.)
          <lb/>ORDO CONTENTO! RVM IN HOC LIBRO TOTALI. (en noir.)
          <lb/>Octo libri Geographiae... (Suivent 16 lignes de texte, 7 en
          <lb/>rouges, 9 en noirs.)
          <lb/>Hec bona mente Laurentius Phrisius artis Appollineae
          <lb/>doctor &amp;amp; mathematicarum artium clientulus, in lucem
          <lb/>iussit prodire. Agamemnonis puteoli plurimum delicati:
          <lb/>(en rouge. Verso blanc.)
          <lb/>A la fin: Joannes Grieninger civis Argentoratensis
          <lb/>opera et expensis propriis id opus insigne aereis notulis
          <lb/>excepit, Laudabilique fine perfecit XII. die Marcii Anno.
          <lb/>M. D. XXII. (Verso blanc.)
          <lb/>Grand in-fol., car. grecs et rom., quelques pages en goth., tantôt
          <lb/>à deux, tantôt à une colonne, 100 ff. ch. sign. A-R et 2 ff. non ch.
          <lb/>Après le texte viennent 51 cartes avec texte, sans signatures, dont
          <lb/>les premières pages et parfois aussi les secondes ont des bordures et des
          <lb/>viguettes saus cadre, d’un style qui diffère absolument des encadrements
          <lb/>habituels de Gruninger; ce sont des ornements composés avec beaucoup
          <lb/>d’art, et ressemblant à des oucrages de ciselure ou d’orfèvrerie. Dans
          <lb/>une des vignettès, qui revient plusieurs fois, on voit les init. I, H, dans
          <lb/>une autre, répétée deux fois, N. K. Les deux premières de ces initiales
          <lb/>désignent peut-être le peiutre strasbourgeois Jean Herbst ou Herbster,
          <lb/>dont le fils, qui prit le nom d’Oporinus, devint imprimeur à Bâle. Au
          <lb/>dos des cartes, Phries a mis. d’un côté, des extraits du 8ème livre de
          <lb/>Ptolémée relatifs à chacune d’elles, et de l’autre des observations sur les
          <lb/>particularités des pays et des habitants. — 16 gravures, sur les pages
          <lb/>de texte de quelques cartes, elles sont censées représenter principalement
          <lb/>des indigènes des contrées non-européennes, entre autres des cannibales
          <lb/>1251
        </p>
      </div>
    </body>
  </text>
</TEI>
