<?xml version='1.0' encoding='UTF-8'?>
<?xml-model href="https://raw.githubusercontent.com/OpenITI/tei_openiti/master/tei_openiti.rng" type="application/xml" schematypens="http://relaxng.org/ns/structure/1.0"?>
<?xml-model href="https://raw.githubusercontent.com/OpenITI/tei_openiti/master/tei_openiti.rng" type="application/xml" schematypens="http://purl.oclc.org/dsdl/schematron"?>
<TEI xmlns="http://www.tei-c.org/ns/1.0">
  <teiHeader>
    <fileDesc>
      <titleStmt>
        <title/>
      </titleStmt>
      <publicationStmt>
        <p/>
      </publicationStmt>
      <sourceDesc>
        <p/>
      </sourceDesc>
    </fileDesc>
    <profileDesc>
      <calendarDesc>
        <calendar xml:id="ah">
          <p>Anno Hegirae</p>
        </calendar>
      </calendarDesc>
    </profileDesc>
    <xenoData xml:space="preserve">
CREATED: 2024-04-15T09:07:52.680864+00:00
CREATED BY: eScriptorium vpassthistobuildcmd
IMAGE FILENAME: A121078339.tif
IMAGE WIDTH: 2332
IMAGE HEIGHT: 3850
</xenoData>
  </teiHeader>
  <text>
    <body>
      <div>
        <p>
          <lb/>PONTANUS Melchisedech. Voir: CARMINA gratulatoria. Stras¬
          <lb/>bourg, A. Bertram 1585. N° 456.
          <lb/>PONTANUS Melchisedech. Voir: OBRECHT Georgius: Disputa¬
          <lb/>tio de praescriptionibus. Strasbourg, A. Bertram 1590. N° 1648.
          <lb/>PONTANUS Melchisedech
          <lb/>Strasbourg, A. Bertram 1599
          <lb/>DISPVTATIO DE PRAESCRIPTIO-INIBVS. In Inclyta Ar¬
          <lb/>gentoratensium Academia publici exercitia (!) causa pro¬
          <lb/>posita. à GEORGIO OBRECHTO IC. Respondente. M. Mel¬
          <lb/>chisedech Pontano Austriaco. (Marque typ. de Bertram. HAB
          <lb/>planche XLIV n° 2; Silvestre n° 1022.)
          <lb/>ARGENTORATI Excudebat Antonius Bertramus (1599.)
          <lb/>(Verso blanc. A la fin, vign.)
          <lb/>In-4°, car. ital., 20 ff. non ch., sign. A-E, réclames.
          <lb/>R 10.548 (7). Prov.: Kubasta &amp;amp; Voigt, Vienne 25/x1 1896.
          <lb/>Voir aussi: OBRECHT Georgius: Selectissimae disputa¬
          <lb/>tiones ex juris civilis materiis. Strasbourg, A. Bertram 1599.
          <lb/>N° 1658.
          <lb/>1914
          <lb/>1225
          <lb/>PONTUS ET SIDONIA
          <lb/>Strasbourg, M. Flach 1509
          <lb/>Hie fahet an das buch und lob liche histori von dem
          <lb/>edlen kün- nigs sûn ausz Galicia genant Pontus. Auch
          <lb/>von der schon-nen künigin Sydonia eins künigs tochter
          <lb/>ausz Pritania. wölche history gar lustig und kurtzweilig
          <lb/>zû̀ hören ist. (Grav. sur bois: paysage, au fond une ville, à gauche
          <lb/>un troupe de cavaliers dont l’un porte la bannière impériale; à droite
          <lb/>un cavalier qui, l’épée haute, s’avance vers la troupe; au fond 4 person¬
          <lb/>nes qui le suivent des yeux. Verso blanc.)
          <lb/>A la fin: Disses bûchlein Pontus ist getruckt durch
          <lb/>Mar- tinum flach in der keyserlichen stat Straszburg.
          <lb/>anno tausent fünffhundert und neün. Jore. (Verso blanc.)
          <lb/>In-4°, car. goth., 96 ff. non ch., sign. A-R, chaque chapitre est
          <lb/>précédé d’une grav, médiocre, plusieurs se répètent, quelques-unes sont
          <lb/>composées de deux bois.
          <lb/>R 100.204. Prov.: A. Cohn, Berlin 26/VIII 1878; 150M. En
          <lb/>haut du titre date 1515, en bas 1694.
          <lb/>Brunet IV2, 812. Schmidt VI, p. 23, n° 21.
          <lb/>1915
        </p>
      </div>
    </body>
  </text>
</TEI>
