<?xml version='1.0' encoding='UTF-8'?>
<?xml-model href="https://raw.githubusercontent.com/OpenITI/tei_openiti/master/tei_openiti.rng" type="application/xml" schematypens="http://relaxng.org/ns/structure/1.0"?>
<?xml-model href="https://raw.githubusercontent.com/OpenITI/tei_openiti/master/tei_openiti.rng" type="application/xml" schematypens="http://purl.oclc.org/dsdl/schematron"?>
<TEI xmlns="http://www.tei-c.org/ns/1.0">
  <teiHeader>
    <fileDesc>
      <titleStmt>
        <title/>
      </titleStmt>
      <publicationStmt>
        <p/>
      </publicationStmt>
      <sourceDesc>
        <p/>
      </sourceDesc>
    </fileDesc>
    <profileDesc>
      <calendarDesc>
        <calendar xml:id="ah">
          <p>Anno Hegirae</p>
        </calendar>
      </calendarDesc>
    </profileDesc>
    <xenoData xml:space="preserve">
CREATED: 2024-04-15T09:07:53.023389+00:00
CREATED BY: eScriptorium vpassthistobuildcmd
IMAGE FILENAME: A121078348.tif
IMAGE WIDTH: 2330
IMAGE HEIGHT: 3850
</xenoData>
  </teiHeader>
  <text>
    <body>
      <div>
        <p>
          <lb/>1234
          <lb/>LII HHUIIH HIPTH
          <lb/>lin han purch dir naturlithen
          <lb/>meister Plristorilem!Pluicẽnam /Oalienũ!
          <lb/>ARertum vnd̀ andern natürlic en mei¬
          <lb/>stern[von mãcherley seltzamen fragen
          <lb/>beschribenn sonnd der mens lien
          <lb/>hatut gar nußliGen jũ vissen.
          <lb/>Propleumata Hristotilto.
          <lb/>PROBLEMATA
          <lb/>(Titre du n° 1928)
          <lb/>Probleumata Aristotelis Avicenne Ga! leni, und Al¬
          <lb/>berti Magni, darinn! menschlicher und thierlicher na- tur
          <lb/>eygenschafften durch frag- stück begriffen, Auch manch
          <lb/>er handt Artzneien den men schen zû gût angezeygt
          <lb/>Strasbourg, J. Cammerlander 1543
        </p>
      </div>
    </body>
  </text>
</TEI>
