<?xml version='1.0' encoding='UTF-8'?>
<?xml-model href="https://raw.githubusercontent.com/OpenITI/tei_openiti/master/tei_openiti.rng" type="application/xml" schematypens="http://relaxng.org/ns/structure/1.0"?>
<?xml-model href="https://raw.githubusercontent.com/OpenITI/tei_openiti/master/tei_openiti.rng" type="application/xml" schematypens="http://purl.oclc.org/dsdl/schematron"?>
<TEI xmlns="http://www.tei-c.org/ns/1.0">
  <teiHeader>
    <fileDesc>
      <titleStmt>
        <title/>
      </titleStmt>
      <publicationStmt>
        <p/>
      </publicationStmt>
      <sourceDesc>
        <p/>
      </sourceDesc>
    </fileDesc>
    <profileDesc>
      <calendarDesc>
        <calendar xml:id="ah">
          <p>Anno Hegirae</p>
        </calendar>
      </calendarDesc>
    </profileDesc>
    <xenoData xml:space="preserve">
CREATED: 2024-04-15T09:07:44.529628+00:00
CREATED BY: eScriptorium vpassthistobuildcmd
IMAGE FILENAME: A121078068.tif
IMAGE WIDTH: 2336
IMAGE HEIGHT: 3842
</xenoData>
  </teiHeader>
  <text>
    <body>
      <div>
        <p>
          <lb/>954
          <lb/>A la fin: Argentorati apud Iohannem Knoblochum
          <lb/>Anno M. D. XXVI. (Verso blanc.)
          <lb/>In-8°, car, ital., 72 ff. non ch., sign. a-i, dernier f. blanc; au verso
          <lb/>marque typ. de Knobloch (HER Planche IX n° 2; Silvestre n° 635.),
          <lb/>titre courant, réclames, notes marg., init. ornées O, E, P; titre encadré
          <lb/>(HAB Planche XI n° 10).
          <lb/>Fol. a 2a—a 3a :... Iohanni Man-[ tel, Parocho Hyssizensi, in Christia¬
          <lb/>nissi! mi principis D. domini Philippi Mar! chionis Badensis &amp;amp;c: dictione,)
          <lb/>suo in Christo dulcissi- mo, Iohannes Lo! nicerus... — Argent. ] M. D.
          <lb/>XXVI.
          <lb/>Fol. a 3b-a 5b: In Ionam Pro-] phetam M. Lutheri ! Praefatio....
          <lb/>*RI01.156. Prov.: Bibl. Bœcking 1872.
          <lb/>Schmidt VII n° 310: Bibl. de Berne.
          <lb/>1433
          <lb/>LUTTER Martin
          <lb/>Strasbourg [J. Knoblochl 1526
          <lb/>Der Prophet Jona, auszgelegt! durch Mart.! Luther.
          <lb/>(Feuille de lierre.) 1526. (Verso blanc.)
          <lb/>A la fin: Getruckt zû straszburg. M. D. xxvi.
          <lb/>In-80, car. goth., 67 ff. non ch., sign. A-I, titre courant, réclames,
          <lb/>init. ornées W, E, D; titre encadré, encadrement de Knobloch (HEB
          <lb/>Flanche X n° 6.) (Dans la bordure inférieure un paquet d’aulx.)
          <lb/>Fol. A 2a-44b: Vorrede auff den Propheten Jona....
          <lb/>*R101155. Prov. : Trubner, Strasbourg 21/XI 1891; 5M.
          <lb/>Il y en a qui l&amp;#x27;attribuent à W. Kœpfel.
          <lb/>BN Paris, Rés. A. 7019; Schmidt VII RO 311 : Bibl, consistoriale
          <lb/>de Colmar et Bibl. St. Guillaume de Strasbourg.
          <lb/>1434
          <lb/>LUTHER Martin
          <lb/>Strasbourg, J. Herwagen 1527
          <lb/>DE CHRI-ISTO IESV PVERO NATO ! ex nono lesaiae ca¬
          <lb/>pite va- ticinium, cum Annota tionibus! Martini Lutheri.
          <lb/>ARGENTORATI, ANNO, M. D. XXVII. (Verso blanc.)
          <lb/>A la fin: ARGENTORATI APVD ] Iohannem Herva-] gium
          <lb/>Mense la- nuario. Anno! M. D. XXVII.
          <lb/>In-8°, car. ital., 35 ff. ch., titre courant, réclames, notes marg.,
          <lb/>init. à fig. A.
          <lb/>Fol. A2a: ... Domino Sigismundo. Comiti ab alta flamma, Collegii!
          <lb/>summae Argentoratensis sacrae aedis! Decano... Iohannes Lonicerus...
          <lb/>Argento) rati, 1527.
          <lb/>En haut de f. A 3a et A4b: bande d&amp;#x27;ornement.
          <lb/>*RI01.158. Prov.: Rosenthal, Munich 15/VI11885, 5M. 1435
        </p>
      </div>
    </body>
  </text>
</TEI>
