<?xml version='1.0' encoding='UTF-8'?>
<?xml-model href="https://raw.githubusercontent.com/OpenITI/tei_openiti/master/tei_openiti.rng" type="application/xml" schematypens="http://relaxng.org/ns/structure/1.0"?>
<?xml-model href="https://raw.githubusercontent.com/OpenITI/tei_openiti/master/tei_openiti.rng" type="application/xml" schematypens="http://purl.oclc.org/dsdl/schematron"?>
<TEI xmlns="http://www.tei-c.org/ns/1.0">
  <teiHeader>
    <fileDesc>
      <titleStmt>
        <title/>
      </titleStmt>
      <publicationStmt>
        <p/>
      </publicationStmt>
      <sourceDesc>
        <p/>
      </sourceDesc>
    </fileDesc>
    <profileDesc>
      <calendarDesc>
        <calendar xml:id="ah">
          <p>Anno Hegirae</p>
        </calendar>
      </calendarDesc>
    </profileDesc>
    <xenoData xml:space="preserve">
CREATED: 2024-04-15T09:07:53.122486+00:00
CREATED BY: eScriptorium vpassthistobuildcmd
IMAGE FILENAME: A121078354.tif
IMAGE WIDTH: 2338
IMAGE HEIGHT: 3848
</xenoData>
  </teiHeader>
  <text>
    <body>
      <div>
        <p>
          <lb/>1240
          <lb/>Christ dans le fleuve du Jordan par st. Jean; dans les 4́ coins les em¬
          <lb/>blèmes des Evangélistes; dans la bordure latérale de gauche Adam, dans
          <lb/>celle de droite Eve tenant dans la main une pomme, qu’elle montre à Adam;
          <lb/>toutes les pages du livre sont encadrées. De nombreux neumes; le livre
          <lb/>contient 6 parties, dont la deuxième a 7 petites grav.; au-dessous du
          <lb/>titre de la 3ème partie, petite grav.: David avec la harpe.
          <lb/>Fol. 2a non ch.:¿An den Christlichen Leser“ (Préface
          <lb/>de 3 ff.)
          <lb/>RI01.972. Prov.: Adolphe Auberlen, curé à Harsfelden (Wurttem¬
          <lb/>berg), 7/XII 1899, 20 M. Note ms. au recto du f. de garde:,Autogr.
          <lb/>des Dichters Alb. Knapp.“ Au-dessous: Adolf Auberlen Pfr. Harsfelden
          <lb/>Wurtt. 1870. Fol. XVII est endommagé.
          <lb/>1939
          <lb/>PSALMEN
          <lb/>Strasbourg, Th. Rihel 1589
          <lb/>Psalmen,
          <lb/>Geystliche Liederund Lobgesänge.
          <lb/>D. Martin Luth. Auch! Anderer Gottseliger! Lebrer und
          <lb/>Männer, auffs
          <lb/>fleissigest von newem zuge-richt, und in
          <lb/>eyne richtige
          <lb/>Ordnung gebracht.Getruckt zu Strasz¬
          <lb/>burg, durch Theodosium Rihel. M. D. LXXXIX. (Verso
          <lb/>blanc.)
          <lb/>A la fin: Getruckt zu Straszburg, durch Theodosium
          <lb/>Rihel.
          <lb/>In-80, car. goth., 4 ff. non ch., CCLXXIII ff. ch., 12 fr. non ch.,
          <lb/>titre courant; titre rouge et noir, encadré, dans les 4 coins, emblèmes
          <lb/>des Evangélistes, au milieu de la bordure supérieure, un agneau, au
          <lb/>milieu de la bordure inférieure, un crâne; dans chaque bordure laté¬
          <lb/>rale, un homme debout; toutes les pages sont encadrées; de nombreux
          <lb/>neumes.
          <lb/>Fol. 2a non ch.:,An den Christli-chen Leser.&amp;quot; (Préface
          <lb/>de 3 ff.)
          <lb/>R101.973. Prov.: Don de la ville de Schweinfurt 1871. Notes mss.
          <lb/>Au-dessous du titre:,H. Bausch. Md. 1636e; à Pintérieur de la
          <lb/>couverture:,Constat 10 9. Sum ex libris Hannonis.&amp;quot;
          <lb/>1940
          <lb/>PSALMI. Sacrorum Psalmorum libri quinque.., in Latinum tra¬
          <lb/>ducti... per Aretium Felinum. Strasbourg, G. Ulricher, 1532.
          <lb/>Voir: BUCER Martin. No 363.
          <lb/>PSALTERIUM
          <lb/>Strasbourg, J. Pruss 1509
          <lb/>Psalterium chorale: secundum morem et consuetu¬
          <lb/>dinem! sancte Romane ecclesie: cum hym nis : antipho¬
        </p>
      </div>
    </body>
  </text>
</TEI>
