<?xml version='1.0' encoding='UTF-8'?>
<?xml-model href="https://raw.githubusercontent.com/OpenITI/tei_openiti/master/tei_openiti.rng" type="application/xml" schematypens="http://relaxng.org/ns/structure/1.0"?>
<?xml-model href="https://raw.githubusercontent.com/OpenITI/tei_openiti/master/tei_openiti.rng" type="application/xml" schematypens="http://purl.oclc.org/dsdl/schematron"?>
<TEI xmlns="http://www.tei-c.org/ns/1.0">
  <teiHeader>
    <fileDesc>
      <titleStmt>
        <title/>
      </titleStmt>
      <publicationStmt>
        <p/>
      </publicationStmt>
      <sourceDesc>
        <p/>
      </sourceDesc>
    </fileDesc>
    <profileDesc>
      <calendarDesc>
        <calendar xml:id="ah">
          <p>Anno Hegirae</p>
        </calendar>
      </calendarDesc>
    </profileDesc>
    <xenoData xml:space="preserve">
CREATED: 2024-04-15T09:07:46.169616+00:00
CREATED BY: eScriptorium vpassthistobuildcmd
IMAGE FILENAME: A121078125.tif
IMAGE WIDTH: 2312
IMAGE HEIGHT: 3846
</xenoData>
  </teiHeader>
  <text>
    <body>
      <div>
        <p>
          <lb/>veteri... — Argen! torati ex aedibus nostris XVIII. Novemb. Anno
          <lb/>F. AA 2a : Nicolaus Ger- belius Petro Heldungo Ami- co per¬
          <lb/>M. D. XLIII. (Préface de 5 pp.)
          <lb/>rieur de la couverture: «Ad Conventum Monacensem. Ord. Erem. S. Augu¬
          <lb/>R100.875 (2). Prov. : BN Munich T/V, 1877; 2 M. A l&amp;#x27;inté¬
          <lb/>stini. 1731.» Oxford, Bibl. Bodleiana.
          <lb/>1543
          <lb/>MELANCHTHON Philippus
          <lb/>Strasbourg, Crato Mylius 1545
          <lb/>PHILIPPI] MELANTHONIS] DE DIALECTI-ca libri quatuor,
          <lb/>postre- mo recogniti &amp;amp; aucti.Accesserunt enim caeteris
          <lb/>aeditionibus prae-ter Regulae consequentiarum. Regulae
          <lb/>de causis. Formae distinctionum, &amp;amp; Locus insignis Thy¬
          <lb/>cididis. Argentorati apud Cratonem Mylium. Anno M.D.
          <lb/>XLV.
          <lb/>A la fin: ARGENTORATI APVD CRATONEM MYLIVM. AN.
          <lb/>M. D. XLV. ME-NSE SEPTEMB.
          <lb/>In-8°, car. ital., 8 ff. non ch., 236 pp. êt 25 ff. non ch., sign. R-T.
          <lb/>(De ratione studii, Epistola Rodolphi Agricolae Jacobo Barbiriano, Index),
          <lb/>titre courant, réclames, init. à fig., les 3 derniers ff. blancs; au verso
          <lb/>du dernier, marque typ. de Crato Mylius (Hè B Planche XXVII
          <lb/>n° 6; Silvestre n° 626). Au verso du titre: Epigramma Io annis Stigelii
          <lb/>(8 dist.).
          <lb/>Fol. A 2: Ioannes Sturmius Guilielmo Sturmio Patri... — Argen¬
          <lb/>tinae, Cal. Februariis Anno M. D. XXXVIII; fol. A 3 verso: Paulus
          <lb/>Eberus Studiosis... Mense Iulio. Anno M.D.XLII. (8 pp.)
          <lb/>F. A7b: Préface de Mélanchthon à Guillaume Reiffenstein. (3 pp.)
          <lb/>R100.877 (U). Prov, inconnue. A l&amp;#x27;intérieur de la couverture:
          <lb/>Sum Johannis Andreæ Dittenbergensis alias Caüponis.... — Frider. Aug.
          <lb/>Menke 1831; les 9 premières pages sont annotées.
          <lb/>1544
          <lb/>MELANCHTHON Philippus
          <lb/>Strasbourg, Crato Mylius 1546
          <lb/>PHILIPPI MELANTHONISElementorum Rhetorices li¬
          <lb/>bri duo recens recogni ti ab autore. CVM INDICE AD libri
          <lb/>Calcem adiecto. (Marque typ. de Crato Mylius. HE B Planche
          <lb/>XXVII n° 5; Silvestre n° 1264.)
          <lb/>ARGENTORATI M. D. XLVI. (Verso blanc.)
          <lb/>In-8°, car. ital. et rom., 238 pp. et 8 ff. non ch. (table), titre
          <lb/>courant, réclames, notes marg., init. à fig.
          <lb/>Fol. A 2a : Philippus Me- lanthon Studiosis adolescentibus, Al¬
          <lb/>berto &amp;amp; Ioanni Reif-fenstein Guilielmi filiis. S. D.... (Epistola nuncupa¬
          <lb/>toria 5 pp.)
          <lb/>R100.877 (2). Prov. inconnue. Incomplet, il manque 1 f. 1545
          <lb/>1011
        </p>
      </div>
    </body>
  </text>
</TEI>
