<?xml version='1.0' encoding='UTF-8'?>
<?xml-model href="https://raw.githubusercontent.com/OpenITI/tei_openiti/master/tei_openiti.rng" type="application/xml" schematypens="http://relaxng.org/ns/structure/1.0"?>
<?xml-model href="https://raw.githubusercontent.com/OpenITI/tei_openiti/master/tei_openiti.rng" type="application/xml" schematypens="http://purl.oclc.org/dsdl/schematron"?>
<TEI xmlns="http://www.tei-c.org/ns/1.0">
  <teiHeader>
    <fileDesc>
      <titleStmt>
        <title/>
      </titleStmt>
      <publicationStmt>
        <p/>
      </publicationStmt>
      <sourceDesc>
        <p/>
      </sourceDesc>
    </fileDesc>
    <profileDesc>
      <calendarDesc>
        <calendar xml:id="ah">
          <p>Anno Hegirae</p>
        </calendar>
      </calendarDesc>
    </profileDesc>
    <xenoData xml:space="preserve">
CREATED: 2024-04-15T09:07:55.225571+00:00
CREATED BY: eScriptorium vpassthistobuildcmd
IMAGE FILENAME: A121078422.tif
IMAGE WIDTH: 2388
IMAGE HEIGHT: 3834
</xenoData>
  </teiHeader>
  <text>
    <body>
      <div>
        <p>
          <lb/>1308
          <lb/>werden sollen, fin-destu am andern blat verzeychnet. !
          <lb/>M. D. LXII. (Verso blanc.)
          <lb/>A la fin de la Ire partie : Getruckt zu Straszburg, durch
          <lb/>Samuel Emmel.
          <lb/>Pour la 2e partie, nouveau titre : Der ander theyl der
          <lb/>kleynern Teütschen Apo teck... (21 lignes.)
          <lb/>M. D. LIX.
          <lb/>A la fin : Getruckt zu Strasz- burg durch Samuel Em¬
          <lb/>mel, Anno &amp;amp;c. II M. D. LIX.
          <lb/>In-4°, car. goth. Ire partie: 8 ff. non ch., CX ff. ch., 5 ff. non ch. (Index),
          <lb/>2e partie: 4 ff. non ch., CLV ff. ch., 4 ff. non ch., titre courant, réclames,
          <lb/>init. goth.
          <lb/>fol. A 2a non ch. : Zu dem Leser... — G. H. Ryff. Suit un index de 4 pp.
          <lb/>fol. A 4b non ch. : Der... Frawen Anna, geborne Marggräffin !! zu Bran¬
          <lb/>denburg... — Datum!! Straszburg am Montag nach Jacobi des heyli¬
          <lb/>gen Apostels : ]] M. Gualtherus H. Ryff! Argentinus. (Dédicace de 9 pp.
          <lb/>fol. A 2a non ch. de la 2e partie : Dem günstigen Leser heyl... — M.
          <lb/>Gualtherus H. Riff. 11 Argentinus Medicus. (Préface de 6 pp.)
          <lb/>R.101.938. Prov. inconnue.
          <lb/>Note mss au recto du I er f. de garde : Anno 1595 hab ich Hanns Uberer
          <lb/>dis buch kaufft den 17 tag Decembris. Zu Heitersheim umb 9 batz.
          <lb/>Ritter, Catal. BM Strasbourg, n° 1851/3.
          <lb/>2048
          <lb/>RYFF Walter Herm.
          <lb/>Strasbourg, J. Rihel, 1573
          <lb/>Reformierte! Deütsche Apotek (!)!! Darinnen Eigentliche
          <lb/>Contrafactur der Für- nemsten und Gebreüchlichsten
          <lb/>Kreütter, sampt jhrer Un-derscheidung, Art, Natur,
          <lb/>Krafft, Vermögen unnd Würckung. Auch was I von den selbi¬
          <lb/>gen von Apoteckischen stucken, unnd dergleichen vilfaltigen
          <lb/>Vermi-schungen, der Speis und Artznei dienstlich, bereidt
          <lb/>werden mögen, als Syrup, Lattwergen, Confect, Einbeitzung
          <lb/>oder Einlegung von Conserven... (5 lignes.)
          <lb/>ItemBeschreibung der Eltisten Lattwergen oder Confec¬
          <lb/>ten, des gerechten Tiriacks und Mithridats, sampt vilen
          <lb/>andern alten, gebreüch- lichen zusamen gesetzten und
          <lb/>vermischten stucken... (9 lignes.)
          <lb/>Alles Durch den Wolgelehrten M. Gualtherum. H. Ryff,
          <lb/>Argent. Medicum beschriben, und zuvor im Truck !] nie
          <lb/>auszgangen.! Mit Römischer Key. May. Freiheit, auff viii jar.
          <lb/>Getruckt zu Straszburg durch! Josiam Rihel. M. D.
          <lb/>LXXIII. (Verso blanc.)
          <lb/>A la fin : Getruckt in der Freien Statt! Straszburg, durch
          <lb/>Josiam Rihel.  M. D. LXXIII. (Verso blanc.)
          <lb/>Grand in-fol., car. goth., 10 ff. non ch., 1re partie, 269 ff. ch., 15 ff.
          <lb/>non ch. à 2 col. (Registre) et 1 f. blanc, 2e et 3e partie, 128 ff. ch., 6 ff. non
          <lb/>ch. à 2 col. (Registre), titre courant, réclames, de nombreuses init. goth.,
        </p>
      </div>
    </body>
  </text>
</TEI>
