<?xml version='1.0' encoding='UTF-8'?>
<?xml-model href="https://raw.githubusercontent.com/OpenITI/tei_openiti/master/tei_openiti.rng" type="application/xml" schematypens="http://relaxng.org/ns/structure/1.0"?>
<?xml-model href="https://raw.githubusercontent.com/OpenITI/tei_openiti/master/tei_openiti.rng" type="application/xml" schematypens="http://purl.oclc.org/dsdl/schematron"?>
<TEI xmlns="http://www.tei-c.org/ns/1.0">
  <teiHeader>
    <fileDesc>
      <titleStmt>
        <title/>
      </titleStmt>
      <publicationStmt>
        <p/>
      </publicationStmt>
      <sourceDesc>
        <p/>
      </sourceDesc>
    </fileDesc>
    <profileDesc>
      <calendarDesc>
        <calendar xml:id="ah">
          <p>Anno Hegirae</p>
        </calendar>
      </calendarDesc>
    </profileDesc>
    <xenoData xml:space="preserve">
CREATED: 2024-04-15T09:07:44.613543+00:00
CREATED BY: eScriptorium vpassthistobuildcmd
IMAGE FILENAME: A121078073.tif
IMAGE WIDTH: 2326
IMAGE HEIGHT: 3842
</xenoData>
  </teiHeader>
  <text>
    <body>
      <div>
        <p>
          <lb/>R10.540. Prov.: Ferdinand Steinkopf, Stuttgart 4/V1896, 15 M.
          <lb/>Annotations mes. A l&amp;#x27;intérieur de la couverture:
          <lb/>In raritatem hujus operis lusisse
          <lb/>Memini aliquem his numeris :
          <lb/>Quod rarum, carum, quod carum, dulcius usu
          <lb/>Fit rara sua si probitate probat:
          <lb/>Istos ergo tuum consumito Lector in usum
          <lb/>Sermones et eris carior usque Deo.
          <lb/>Nam quotquot toto per vostra tecuntur in orbe
          <lb/>1442
          <lb/>Horum rara omnes dexteritas superat.
          <lb/>LUTHER Martin
          <lb/>Haguenau, J. Secer 1533
          <lb/>Enarrati-ones doctissimae) &amp;amp; lectu utilissimae Doc¬
          <lb/>toris Mar-tini Lutheri incomparabilis The- ologi, in
          <lb/>Quintum, Sextum, &amp;amp; Septimum capita! Matthaei procon¬
          <lb/>cionibus pro-nunciatae &amp;amp;exceptae. Per Vincentium
          <lb/>Obsopœum in lati-num sermonem traductae.
          <lb/>Haganoe, ex Officina Seceriana.! M. D. XXXIII. (Verso
          <lb/>blanc.)
          <lb/>A la fin: Haganoe, ex officina Seceriana.) M. D. XXXIII.
          <lb/>Mense Augusto. (Au-dessous marque typ. de Secer. HEB Planche
          <lb/>LXX n° 7; Silvestre n° 683.)
          <lb/>In-4°, car. goth., 4 ff. non ch., 174 ff. ch. et 2 ff. non ch. Verso
          <lb/>du dernier f. blanc, titre courant, récl, init. à fig. 0, H. C, titre en¬
          <lb/>cadré, la bande de droite orne le recto du f. 1.
          <lb/>Fol. A 2a: Reverendo... Domino Iohanni Abbati in Heylsprun...
          <lb/>Vincentius Obsopœus... — Onoltzpachii men! se Iunio. Anno à! Christo
          <lb/>nato. M. D. XXXIII.
          <lb/>*RI01.231. Prov.: C. H. Beck, Nœrdlingen 13/X11883, 7 M. 50.
          <lb/>Au bas du titre à l&amp;#x27;encre: «Clemens Babst Creishelmius.» Au verso:
          <lb/>&amp;quot;Karl Constant in Kraukling 1820.»
          <lb/>Londres Brit. Museum 3226. d. f. 24; Oxford, Ribl. Bodleiana.
          <lb/>1443
          <lb/>LUTHER Martin
          <lb/>Strasbourg, G. Ulricher 1535
          <lb/>ENARRATIONES SEV] POSTILLAE MARTINI LVTHERI (e in
          <lb/>Lectiones, quae ex Evangelicis historiis, Aposto- lorum
          <lb/>scriptis, aliisque Sacrae Scripturae literis desumptae, per
          <lb/>universum annum, tam in diebus Domini- ! cis, quam Di¬
          <lb/>vorum sacris, super! Missam faciendum, recitantur, fidelius
          <lb/>atque! diligentius quàm ante hac recognitae &amp;amp; excusae.
          <lb/>(Feuille de lierre.) Marque typ. de G. Ulricher. (HaB Planche XXII
          <lb/>n° 6; Silvestre n° 737.)
          <lb/>959
        </p>
      </div>
    </body>
  </text>
</TEI>
