<?xml version='1.0' encoding='UTF-8'?>
<?xml-model href="https://raw.githubusercontent.com/OpenITI/tei_openiti/master/tei_openiti.rng" type="application/xml" schematypens="http://relaxng.org/ns/structure/1.0"?>
<?xml-model href="https://raw.githubusercontent.com/OpenITI/tei_openiti/master/tei_openiti.rng" type="application/xml" schematypens="http://purl.oclc.org/dsdl/schematron"?>
<TEI xmlns="http://www.tei-c.org/ns/1.0">
  <teiHeader>
    <fileDesc>
      <titleStmt>
        <title/>
      </titleStmt>
      <publicationStmt>
        <p/>
      </publicationStmt>
      <sourceDesc>
        <p/>
      </sourceDesc>
    </fileDesc>
    <profileDesc>
      <calendarDesc>
        <calendar xml:id="ah">
          <p>Anno Hegirae</p>
        </calendar>
      </calendarDesc>
    </profileDesc>
    <xenoData xml:space="preserve">
CREATED: 2024-04-15T09:07:52.753251+00:00
CREATED BY: eScriptorium vpassthistobuildcmd
IMAGE FILENAME: A121078343.tif
IMAGE WIDTH: 2330
IMAGE HEIGHT: 3848
</xenoData>
  </teiHeader>
  <text>
    <body>
      <div>
        <p>
          <lb/>ris postulati, primatis Germaniae; Marchionis Brandenbur¬
          <lb/>gici, Borussiae, Sedinorum, Pomeraniae, Cassubiorum,
          <lb/>Henetorum &amp;amp; Crosnae in Silesia, &amp;amp;c. Ducis; Burggravii
          <lb/>HANNIS-GEORGII, sacri Rom. Imperii Archicamerarii &amp;amp; Elec¬
          <lb/>toris, Marchionis Brandenburgensis, &amp;amp;c. nepotem:Dn.
          <lb/>suum clementiss. Episcopum Argentinensem, &amp;amp; Alsatiae
          <lb/>Landgravium unanimibus reverendi, illustriss. &amp;amp; illustris
          <lb/>Capituli suffragiis Argentinae solemniter electum &amp;amp; confir¬
          <lb/>matum, XIII. KLD. Junias, Anno o IDXCII. humilimae
          <lb/>observantiae ergò facta à Bernh. Praetorio, Jespurg. Catto,
          <lb/>P. L. &amp;amp; LL. Stud. (Armoiries de Johannes Georgius. Au-dessous, en
          <lb/>2 col., 90 vers lat.)
          <lb/>En bas: ARGENTORATI excudebat Antonius Bertramus,
          <lb/>Academiae Typographus. (Verso blanc.)
          <lb/>Placard, in-fol., car. rom., encadré de 4 pièces ornem.
          <lb/>R 102.265. Prov.: Bibl. Heite, Strasbourg 1871.
          <lb/>1920
          <lb/>PRAETORIUS Martinus
          <lb/>Strasbourg, B. Jobin hér. 1594
          <lb/>DE PRINCIPATV] SALVTARITER AD- MINISTRANDO OPVS¬
          <lb/>CVLVM, Cum Praeceptis Politicis, tùm exemplis histori¬
          <lb/>cis maximè illustribus &amp;amp; me- morabilibus refertum, inque
          <lb/>quatuor li- bros, secundum virtutes, uti vocant,! Cardi¬
          <lb/>nales quatuor, distri- butum. AvTORE(MARTINO PRAETO¬
          <lb/>RIO SILESIO. (Armoiries).
          <lb/>Argentorati. Apud Haeredes Bernhardi Jobini: M. D.
          <lb/>XCHII. (Verso blanc.)
          <lb/>In-4°, car. rom., 36 ff. non ch., sign. A-H, grandes vign. à la fin
          <lb/>et bandes ornem. au commencement de chaque livre, titre courant, init.
          <lb/>ornées M et I.
          <lb/>Fol. 2a: Ad illustrissimum Principem... Johannem Sigismun¬
          <lb/>dum Marchionem Brandenburgensem:.. Carmen Dedicatorium. (3 ff.)
          <lb/>R 100.154. Prov.: L. Rosenthal, Munich 30/XII1914;8M.
          <lb/>1921
          <lb/>PREDIGT
          <lb/>Strasbourg, Chr. Muller 1577
          <lb/>Ein Schöne, Christ-liche, und in Gottes wort gegründ¬
          <lb/>te Predigt, vom Hochwürdigen Sacrament, unsers Herrn
          <lb/>unnd Heylands Jhesu! Christi h. Abendtmal. (Grav, sur bois:
          <lb/>la sainte cène.
          <lb/>1229
        </p>
      </div>
    </body>
  </text>
</TEI>
