<?xml version='1.0' encoding='UTF-8'?>
<?xml-model href="https://raw.githubusercontent.com/OpenITI/tei_openiti/master/tei_openiti.rng" type="application/xml" schematypens="http://relaxng.org/ns/structure/1.0"?>
<?xml-model href="https://raw.githubusercontent.com/OpenITI/tei_openiti/master/tei_openiti.rng" type="application/xml" schematypens="http://purl.oclc.org/dsdl/schematron"?>
<TEI xmlns="http://www.tei-c.org/ns/1.0">
  <teiHeader>
    <fileDesc>
      <titleStmt>
        <title/>
      </titleStmt>
      <publicationStmt>
        <p/>
      </publicationStmt>
      <sourceDesc>
        <p/>
      </sourceDesc>
    </fileDesc>
    <profileDesc>
      <calendarDesc>
        <calendar xml:id="ah">
          <p>Anno Hegirae</p>
        </calendar>
      </calendarDesc>
    </profileDesc>
    <xenoData xml:space="preserve">
CREATED: 2024-04-15T09:07:46.270468+00:00
CREATED BY: eScriptorium vpassthistobuildcmd
IMAGE FILENAME: A121078131.tif
IMAGE WIDTH: 2314
IMAGE HEIGHT: 3850
</xenoData>
  </teiHeader>
  <text>
    <body>
      <div>
        <p>
          <lb/>MELANCHTHON Philippus
          <lb/>Strasbourg, S. Emmel 1569
          <lb/>SELECTA- RVM DECLAMATIONVM PHILIP- pi Melanthonis,
          <lb/>quas conscripsit, &amp;amp;partim ipse in schola Vuitebergensi
          <lb/>recita-vit, partim aliis recitandas exhibuit Tomus pri¬
          <lb/>mus. (Marque typ. de Sam. Emmel. HÆB Planche XXV n° 2; Sil¬
          <lb/>vestre n° 1288.)
          <lb/>Cum Gratia et Privilegio. ARGENTORATI ANNO M. D.
          <lb/>LXIX. (Verso blanc.)
          <lb/>A la fin: ARGENTINAE! Per Samuelem Emmel, &amp;amp; Theo¬
          <lb/>bal! dum Dieterich. Anno Domini.! M. D. LXIX. (Verso blanc.)
          <lb/>In-80, ear. ital., 688 pp., 16 ff. non ch. (table), titre courant, ré¬
          <lb/>clames, notes marg., init. ornées.
          <lb/>F. A 2a: Doctori Iacobo, Mylichio, nobili Medico &amp;amp; Mathematico,
          <lb/>Nicolaus Gerbelius... — Argentorati, Calend. Januarii Anno M. D. XLI.
          <lb/>(6 pp.)
          <lb/>R101.883 (t). Prov.: Lindner, Strasbourg (Vente Huber) Q/VII
          <lb/>1885; 36 M., les 7 volumes. Au f. blanc qui précède le titre, note ms.
          <lb/>allemande, qui dit que le livre est très rare et que Strobel, Vita Melanch¬
          <lb/>thonis de Camararius, en parle p. 509-521.
          <lb/>1556
          <lb/>1017
          <lb/>MELANCHTHON Philippus
          <lb/>Strasbourg, S. Emmel 1569
          <lb/>PHILIPPI! MELANCHTHONIS CVM PRAE- fationum in quod¬
          <lb/>dam illustres autores: tum Orationum de clarissimorum
          <lb/>vi- rorum vitis. (Selectarum declamationum] TOMVS SE¬
          <lb/>CVNDVS. (Marque typ. de Sam. Emmel. HŒ B Planche XXXV n° 2.)
          <lb/>ARGENTORATI ANNO M. D. LXIX. (Verso blanc.)
          <lb/>In-8°, car, ital., 3 ff. non ch., 773 pp. ch., 21 pp. non ch. (Prae¬
          <lb/>fationum Catalogus et Index rerum, ce dernier à 2 col.), titre courant,
          <lb/>réclames, notes marg, en car. rom., init, à fig. et init, ornées de diffé¬
          <lb/>rente grandeur.
          <lb/>Fol. AA 2a non ch.: Nicolaus Ger- belius Petro Haldungo! Amico
          <lb/>perveteri. S. D.... — Argentorati ex aedibus nostris,xviiï. Novemb.
          <lb/>Anno. M. D. XLHIII. (Epistola nuncupatoria, 4 pp. en car. rom.)
          <lb/>R109.219 (2). Prov.: Echange avec le Bibliothécaire List, Stras¬
          <lb/>bourg 31/x 1895 contre Buck, Oberdeutsches Flurnamenbuch, Stuttgart
          <lb/>1880. En bas du titre, autographe: v. Raumer; au verso du f. de garde:
          <lb/>,cf. Vogt, pag. 570f. Annotations &amp;#x27;mss.
          <lb/>1557
          <lb/>MELANCHTHON Philippus
          <lb/>Strasbourg, Th. Rihel (1570]
          <lb/>Declamationum D. PHILIPPI MELANTHONIS, omnium,
          <lb/>quae ab ipso, &amp;amp; aliis, in Academia Vuitebergensi recita¬
        </p>
      </div>
    </body>
  </text>
</TEI>
