<?xml version='1.0' encoding='UTF-8'?>
<?xml-model href="https://raw.githubusercontent.com/OpenITI/tei_openiti/master/tei_openiti.rng" type="application/xml" schematypens="http://relaxng.org/ns/structure/1.0"?>
<?xml-model href="https://raw.githubusercontent.com/OpenITI/tei_openiti/master/tei_openiti.rng" type="application/xml" schematypens="http://purl.oclc.org/dsdl/schematron"?>
<TEI xmlns="http://www.tei-c.org/ns/1.0">
  <teiHeader>
    <fileDesc>
      <titleStmt>
        <title/>
      </titleStmt>
      <publicationStmt>
        <p/>
      </publicationStmt>
      <sourceDesc>
        <p/>
      </sourceDesc>
    </fileDesc>
    <profileDesc>
      <calendarDesc>
        <calendar xml:id="ah">
          <p>Anno Hegirae</p>
        </calendar>
      </calendarDesc>
    </profileDesc>
    <xenoData xml:space="preserve">
CREATED: 2024-04-15T09:07:51.218441+00:00
CREATED BY: eScriptorium vpassthistobuildcmd
IMAGE FILENAME: A121078295.tif
IMAGE WIDTH: 2310
IMAGE HEIGHT: 3846
</xenoData>
  </teiHeader>
  <text>
    <body>
      <div>
        <p>
          <lb/>PERGER Bernardus
          <lb/>Haguenau, H. Gran 1511
          <lb/>Grammatica Nova Magistri Bernardi Pergerii viri
          <lb/>doctissimi. Et modo vere nova paucis pro uberiori uti¬
          <lb/>liori et neces! saria puerorum institutione additis una cum
          <lb/>tractatu examus- sim de orthographia conscripto. Mendis
          <lb/>prorsus omnibus ex- punctis: Rem profecto non solum
          <lb/>pueris sed etiam senibus non minus necessariam quam
          <lb/>utilem et iucundam.! Grammatices Latine lingue Studiosis
          <lb/>pueris. (4 dist.) (Verso blanc.)
          <lb/>A la fin: Impressum (expensis circumspecti viri et ar¬
          <lb/>chibibliopo- le Joannis Rynman de Oringaw) in imperiali
          <lb/>oppido Hagenaw in offi cina industrii Henrici Gran ibi¬
          <lb/>dem civis: Annoque virginei partus M. d. xi.n festo
          <lb/>sancti Thome aquinatis finitum feliciter.
          <lb/>In-4°, car. goth. 4 ff. non ch., LXXXVII ff. ch., titre courant,
          <lb/>notes marg., init. d’attente.
          <lb/>Fol. a 2a : Tabula Alphabetica. (2 ff. à 3 col.)
          <lb/>Fol. a 4a: Prefatio! Joannis Lassis civis wiennensis: cui presens
          <lb/>opusculum ad! imprimendum traditum est : Prefatiuncula.
          <lb/>R 101.590. Prov, inconnue.
          <lb/>1847
          <lb/>1181
          <lb/>PEROTTI Nicolao
          <lb/>Strasbourg, J. Pruss 1506
          <lb/>CORNUCOPIAE! AD LECTOREM.
          <lb/>Habes amice ac studiose lector, insigne opus commen¬
          <lb/>tariorum lin- guae latinae : quod ob multiplices atque
          <lb/>beatas verborum &amp;amp; rerum diviti- as, quas continet; prae¬
          <lb/>clarissimus eius auctor, Reverendus pater domi nus NI¬
          <lb/>COLAVS PEROTTVS, Pontifex sipontinus, vir romane facun¬
          <lb/>diae, &amp;amp; totius latinae subtilitatis facile princeps, CORNVCO¬
          <lb/>PIAE intitulavit: Nuper (adiunctis pluribus vocabulis) opera
          <lb/>soller! tissimorum virorum paresiensium revisum: Ex uni¬
          <lb/>versis praeceden- tibus exemplaribus castigatum &amp;amp; non¬
          <lb/>nunquam ex originalibus: si quid (quod frequentius ac¬
          <lb/>cidit) deerat, diligentissime perfectum: &amp;amp; ab omni menda
          <lb/>purgatum : Cum textu Martialis longe castigatius quam
          <lb/>prius, suis in locis adiecto.... (Suivent 9 lignes.)
          <lb/>A la fin: Explicit praeclarum opus Nicolai Perotti eru¬
          <lb/>ditis- simi viri Cornucopiae seu Commentariorum lin
          <lb/>guae latinae. Una cum commentariis seu expo! sitionibus
          <lb/>ipsius Nicolai in Caii Plinii! secundi proemium: summa
        </p>
      </div>
    </body>
  </text>
</TEI>
