<?xml version='1.0' encoding='UTF-8'?>
<?xml-model href="https://raw.githubusercontent.com/OpenITI/tei_openiti/master/tei_openiti.rng" type="application/xml" schematypens="http://relaxng.org/ns/structure/1.0"?>
<?xml-model href="https://raw.githubusercontent.com/OpenITI/tei_openiti/master/tei_openiti.rng" type="application/xml" schematypens="http://purl.oclc.org/dsdl/schematron"?>
<TEI xmlns="http://www.tei-c.org/ns/1.0">
  <teiHeader>
    <fileDesc>
      <titleStmt>
        <title/>
      </titleStmt>
      <publicationStmt>
        <p/>
      </publicationStmt>
      <sourceDesc>
        <p/>
      </sourceDesc>
    </fileDesc>
    <profileDesc>
      <calendarDesc>
        <calendar xml:id="ah">
          <p>Anno Hegirae</p>
        </calendar>
      </calendarDesc>
    </profileDesc>
    <xenoData xml:space="preserve">
CREATED: 2024-04-15T09:07:51.819821+00:00
CREATED BY: eScriptorium vpassthistobuildcmd
IMAGE FILENAME: A121078315.tif
IMAGE WIDTH: 2318
IMAGE HEIGHT: 3850
</xenoData>
  </teiHeader>
  <text>
    <body>
      <div>
        <p>
          <lb/>PISTORIUS Johannes. Voir: GOTHOFREDUS Dionysius : Dis¬
          <lb/>putatio de jurejurando. Strasbourg, A. Bertram 1592. N° 1023.
          <lb/>PIUS II Papa
          <lb/>Strasbourg, J. Gruninger 1507
          <lb/>ENEAS SILVIVS DE PRA]VIS MVLIERIBVS EPITAPHIA CLA¬
          <lb/>RORVM  VIRORVM. ET ALIA MVLTA. (Marque typ. de J. Gruninger.
          <lb/>HeB planche I n° 3.)
          <lb/>In-8°, car. goth., 32 ff. non ch., sign. a-d, titre courant, init.
          <lb/>d’attente. Au verso du titre : In Libellum Enee Silvii Ponti ! ficis maximi
          <lb/>de pravis mulieribus Ele- giacum. I. A. M. A. Hoannes Adelphus Mulingus
          <lb/>Argentinensis.] (6 dist.)
          <lb/>Fol. a 2a:... D. Henrico menn. Ad edemDivi Castoris urbis
          <lb/>Confluentin. Joannes Adelphus MulingusArgentinensis sese commen¬
          <lb/>dat... — ex Tre! veri. Anno huius seculi septimo. (2 pp.)
          <lb/>R 100.062 (3). Prov.: Lippert, Halle 16/1 1888.
          <lb/>Schmidt I n° 83.
          <lb/>1877
          <lb/>Strasbourg, Ren. Beck 1515
          <lb/>PIUS II Papa
          <lb/>Germania Enee Silvii In qua... (Voir reproduction
          <lb/>p. 1202.)
          <lb/>A la fin: Excusum in inclita urbe Argentinensi per Re¬
          <lb/>natum! Beck in edibus zum Tiergarten. Anno vir! ginei
          <lb/>partus. Sesquimillesimo. XV. XVI. Kal. Iulii. (Marque typ.
          <lb/>de R. Beck. HAB planche XIV n° 3; Silvestre n° 627. Verso blanc.)
          <lb/>In-4°, car, rom., 82 ff. non ch., sign. A-P, notes marg., de nom¬
          <lb/>breuses init. ornées, titre rouge et noir, encadré d’ornements et de sujets
          <lb/>de fantaisie, principalement caractérisé par une femme nue poursuivie
          <lb/>par un homme barbu, au bas de la bordure latérale de droite.
          <lb/>Au verso du titre : Decem gravamina! Germanicae nationis... —
          <lb/>Ex Haschaffenburga pridie Kalendis Septembris. Mcccc.lvii.
          <lb/>Fol. 2a : Maximilianus... Imperator... nostro &amp;amp; imperii sacri fideli
          <lb/>di- lecto Renato Beck Civi &amp;amp; calco! grapho Argentinensi. Gratiam! no¬
          <lb/>stram Cesaream &amp;amp; omne bonum... — Datum in Civitate nostra Impe¬
          <lb/>riali Augusta die Decima quarta Mensis Aprilis. Anno! domini Millesimo
          <lb/>quingentesimo Quinto decimo. Regnorum! nostrorum Romani Tricesimo.
          <lb/>Hungariae vero Vicesimo sexto. Per Cesarem. Ad Mandatum Cesaree
          <lb/>Maiestatis proprium. laco. Spiegel. (2 pp.) Au-dessous: Io. Gn. (2 stro¬
          <lb/>phes à 4 vers.)
          <lb/>Fol. 3a : ... Alberto Brandenburgio Maguntinae &amp;amp; Mag deburgensis
          <lb/>ecclesiarum Archiepiscopo... laco. Vuym! phelingius de Selesta dio...
          <lb/>Ex eremo, xiïi. kal. Iunii. Anno... XV. post millesimum quingentesi¬
          <lb/>mum. (2 pp.)
          <lb/>R.76
          <lb/>1201
        </p>
      </div>
    </body>
  </text>
</TEI>
