<?xml version='1.0' encoding='UTF-8'?>
<?xml-model href="https://raw.githubusercontent.com/OpenITI/tei_openiti/master/tei_openiti.rng" type="application/xml" schematypens="http://relaxng.org/ns/structure/1.0"?>
<?xml-model href="https://raw.githubusercontent.com/OpenITI/tei_openiti/master/tei_openiti.rng" type="application/xml" schematypens="http://purl.oclc.org/dsdl/schematron"?>
<TEI xmlns="http://www.tei-c.org/ns/1.0">
  <teiHeader>
    <fileDesc>
      <titleStmt>
        <title/>
      </titleStmt>
      <publicationStmt>
        <p/>
      </publicationStmt>
      <sourceDesc>
        <p/>
      </sourceDesc>
    </fileDesc>
    <profileDesc>
      <calendarDesc>
        <calendar xml:id="ah">
          <p>Anno Hegirae</p>
        </calendar>
      </calendarDesc>
    </profileDesc>
    <xenoData xml:space="preserve">
CREATED: 2024-04-15T09:07:44.439772+00:00
CREATED BY: eScriptorium vpassthistobuildcmd
IMAGE FILENAME: A121078062.tif
IMAGE WIDTH: 2342
IMAGE HEIGHT: 3842
</xenoData>
  </teiHeader>
  <text>
    <body>
      <div>
        <p>
          <lb/>948
          <lb/>Fol. dd 5b non ch.:.... herren Friderich, des Römischen Reychs
          <lb/>Churfürst, Her-(zog zût Sachsen... Martinus Luther... — Geben zâ Wit¬
          <lb/>tenberg, am! dritten tag Martii, in der zal! Christi. M. D. xxi. (3 pp.)
          <lb/>R10.578. Prov.: Albert Cohn, Berlin (Cat. 131 n° 94) 28/11
          <lb/>1880; 100 M. Au milieu du titre: «Ex Bibliotheca Academiae Iuliae
          <lb/>1420
          <lb/>Carolinae Helmstadt.» Rel, anc.
          <lb/>LUTHER Martin
          <lb/>Strasbourg, J. Herwagen 1523
          <lb/>In Epi- stolam Pauli ad Galatas Marti. Luthe. Com¬
          <lb/>mentarius per Autorem! recognitus. (Feuille de lierre.) Argen¬
          <lb/>torati Anno. M. D. XXIII.
          <lb/>A la fin: Argentorati apud Iohannem Hervagium Quarto
          <lb/>Nonas Novembres. Anno! M. D. XXIII.
          <lb/>In-8°, car. ital., 136 ff. ch., titre courant, réclames.
          <lb/>*R101.230. Prov.: Rettig, Strasbourg 12/1x 1898; 2 M. 50. De
          <lb/>nombreuses notes mss; les 2 premiers ff. manquent. Au recto du f. de
          <lb/>garde: Joh. Georg. Klein 1764.
          <lb/>Oxford, Bibl. Bodleiana.
          <lb/>1421
          <lb/>LUTHER Martin
          <lb/>Strasbourg, J. Herwagen 1594
          <lb/>ENARRA TIONES MARTINI LVTHE-] ri in Epistolas D. Petri
          <lb/>duas, &amp;amp; Iudae unam, in quibus quicquid omnino ad
          <lb/>Christianismum per! tinet, consumatiss. dige-stum leges.
          <lb/>Argentorati apud Iohan. Hervagi um, quarto Nonas
          <lb/>Iulias. An. 1 M. D. XXIIII.
          <lb/>A la fin: Argentorati apud Iohannem Herva-gium,
          <lb/>Mense Iulio. Anno! M. D. XXHIII. (Verso blanc.)
          <lb/>In-8°, car. ital., 164 ff. ch., titre courant, réclames, notes marg.,
          <lb/>grandes init. à fig. P, D; titre encadré, ornements, en bas à gauche
          <lb/>Minerve avec un instrument de musique, à droite Mercure tenant en
          <lb/>main une branche.
          <lb/>Au verso du titre: MARTINVS BVCERVS CHRI] stiano Lectori...
          <lb/>Fol. 113a: (Bande d’ornement.) PRAEFATIO] MARTINI LVTHERI
          <lb/>IN! Epistolam D. Petri posteriorem.
          <lb/>Traduction de l&amp;#x27;allemand par M. Bucer.
          <lb/>&amp;quot;R100.467. Proo.: BN Munich I5/IV 1879; 0.40 M. Au haut
          <lb/>du titre: «Soc. Iesu Monacensis.»
          <lb/>Londres Brit. Museum 3265. a. 22(2).
          <lb/>1422
        </p>
      </div>
    </body>
  </text>
</TEI>
