<?xml version='1.0' encoding='UTF-8'?>
<?xml-model href="https://raw.githubusercontent.com/OpenITI/tei_openiti/master/tei_openiti.rng" type="application/xml" schematypens="http://relaxng.org/ns/structure/1.0"?>
<?xml-model href="https://raw.githubusercontent.com/OpenITI/tei_openiti/master/tei_openiti.rng" type="application/xml" schematypens="http://purl.oclc.org/dsdl/schematron"?>
<TEI xmlns="http://www.tei-c.org/ns/1.0">
  <teiHeader>
    <fileDesc>
      <titleStmt>
        <title/>
      </titleStmt>
      <publicationStmt>
        <p/>
      </publicationStmt>
      <sourceDesc>
        <p/>
      </sourceDesc>
    </fileDesc>
    <profileDesc>
      <calendarDesc>
        <calendar xml:id="ah">
          <p>Anno Hegirae</p>
        </calendar>
      </calendarDesc>
    </profileDesc>
    <xenoData xml:space="preserve">
CREATED: 2024-04-15T09:07:53.540677+00:00
CREATED BY: eScriptorium vpassthistobuildcmd
IMAGE FILENAME: A121078367.tif
IMAGE WIDTH: 2348
IMAGE HEIGHT: 3846
</xenoData>
  </teiHeader>
  <text>
    <body>
      <div>
        <p>
          <lb/>1522, les cartes sont aussi les mêmes. A partir de la sign. P, la géo¬
          <lb/>graphie n’a plus d’ornements, les frais devenant trop considérables.
          <lb/>Au verso du titre: AMPLISSIMO PRINCIPI AC REVERENDIS¬
          <lb/>SIMO DOMINO SEBASTIANO EPISCOPO BRIXINENSI, BILIBAL¬
          <lb/>DVS PIRCKHEYMER USS. D... — Norenbergae. Kalendis Sep¬
          <lb/>tembris. Anno Sa- lutis nostrae. M. D. XXIV.
          <lb/>R61. Prov.: Fr. J. Olivier, Bruxelles 30/IV 1884; 40 fr. Anno¬
          <lb/>tations mss.: en bas du titre :,Bibliothecae Collegii S. Antonii de Padua
          <lb/>ff. Minorum Hibernorum Lovanii. Procuravit Iv. Dionysius Magiure Guar¬
          <lb/>dianus Anno 1758.* Au milieu du titre au crayon::,Ein Brief von Grü¬
          <lb/>ninger an Koberger über diese Ausgabe V. LEMPERTZ, Bilderhefte Ad.&amp;quot;
          <lb/>Oxford, Bibl. Bodleiana; BN Paris, Rés. Ge. DD. 1013; Schmidt
          <lb/>I n° 222: Bibl. de Bâle et Jadis Bibl. de Strasbourg, incun. n° 3970.
          <lb/>Olschki, Florence, Catal. LXXXI (1912) n° 176 avec facsimilés p. 211—
          <lb/>213: 1500 fr.; Rosenthal, Munich, Catal. 135 (1914) n° 1926. 900 M.
          <lb/>Bœr, Francfort-s.-M., Catal. 500 (1907) n° 773; 600 M.
          <lb/>Brunet IV2, 955: J. Huttichius passe pour avoir dirigé cette édi¬
          <lb/>tion, d’après laquelle Michel Servet a donné la sienne: 40 fr. Walcke¬
          <lb/>naer.
          <lb/>1959
          <lb/>1253
          <lb/>PUPILLA oculi. Voir: BURGO Joh. de
          <lb/>PURLILLARUM Comes Jacobus, Voir: PORCIA Jacobus Comes
          <lb/>PYTHAGORAS ET PHOCYLIDES
          <lb/>Strasbourg, Cr. Mylius 1539
          <lb/>POEMATA PYTHAGORAE ET PHO-] CYLIDIS GRAECA. ] CVM
          <lb/>DVPLICI INTERPRE- tatione Viti Amerbachii. (Marque typ. de
          <lb/>Cr. Mylius. H æ B planche XXVII n° 5; Silvestre n° 1264.)
          <lb/>Cum gratia &amp;amp; Privil. M. D. XXXIX. (Verso blanc.)
          <lb/>A la fin: ARGENTORATI APVD CRATONEM MYLIVM ( MENSE
          <lb/>SEPT. 1 ANNO ] M. D. XXXIX.
          <lb/>In-8°, car. grecs (texte) et ital. (commentaires), 176 pp., 2 ff. non
          <lb/>ch. (errata), titre courant, réclames, init. à fig.; au verso du dernier f.
          <lb/>autre marque typ. de Cr. Mylius. (HÆ B planche XXVII n° 6; Sil¬
          <lb/>vestre n° 626.)
          <lb/>P10....PRNcipibus Johanni Fridrico maiori natu,
          <lb/>&amp;amp; Johanni! Guielmo, Saxoniae Ducibus... Vi- tus Amer¬
        </p>
      </div>
    </body>
  </text>
</TEI>
