<?xml version='1.0' encoding='UTF-8'?>
<?xml-model href="https://raw.githubusercontent.com/OpenITI/tei_openiti/master/tei_openiti.rng" type="application/xml" schematypens="http://relaxng.org/ns/structure/1.0"?>
<?xml-model href="https://raw.githubusercontent.com/OpenITI/tei_openiti/master/tei_openiti.rng" type="application/xml" schematypens="http://purl.oclc.org/dsdl/schematron"?>
<TEI xmlns="http://www.tei-c.org/ns/1.0">
  <teiHeader>
    <fileDesc>
      <titleStmt>
        <title/>
      </titleStmt>
      <publicationStmt>
        <p/>
      </publicationStmt>
      <sourceDesc>
        <p/>
      </sourceDesc>
    </fileDesc>
    <profileDesc>
      <calendarDesc>
        <calendar xml:id="ah">
          <p>Anno Hegirae</p>
        </calendar>
      </calendarDesc>
    </profileDesc>
    <xenoData xml:space="preserve">
CREATED: 2024-04-15T09:07:46.703960+00:00
CREATED BY: eScriptorium vpassthistobuildcmd
IMAGE FILENAME: A121078146.tif
IMAGE WIDTH: 2308
IMAGE HEIGHT: 3846
</xenoData>
  </teiHeader>
  <text>
    <body>
      <div>
        <p>
          <lb/>1032
          <lb/>MOLL Christoph
          <lb/>Strasbourg, Chr. Muller 1575
          <lb/>Ein Predig von dem Ave Maria, und von anrûf¬
          <lb/>fung der Heyligen. Gestellet durch Christoff Mollen von
          <lb/>Augsburg, Evangelischen Kirchen- diener zû Gernspach.
          <lb/>(Petite gravure en bois : l’annonciation à Marie par l’ange Gabriel, au¬
          <lb/>dessus de la Vierge, le Saint Esprit en forme de colombe.)
          <lb/>Au-dessous: Johan. 16.So ir den Vatter etwas bitten
          <lb/>in meinem namen, so wird ers euch geben.
          <lb/>Getruckt zû Straszburg am Kornmarckt durch Chri¬
          <lb/>stian Müller. 1575. (Verso blanc.)
          <lb/>A la fin: Getruckt zû Straszburg durchChristian
          <lb/>Müller. (Au-dessus, marque typ. de Chr. Muller. H AB Planche
          <lb/>XXVIII n° 1.)
          <lb/>In-4°, car. goth., 17 ff. non ch., sign. A-D, titre courant, récla¬
          <lb/>mes, notes marg., init. goth.
          <lb/>Fol. A 2a:... Herren Ludwigen von Fleckenstein, Freyherrn zû
          <lb/>Dachstûl, &amp;amp;c.... — Datum Anno reparatae salutis, 1575. am tage Jo¬
          <lb/>hannis des Teuffers. Christoff Moll von Aug spurg, Evangelischer Kir¬
          <lb/>chen! diener zû Gernspach. (Préface de 4 pp.)
          <lb/>R102.185. Prov.: L. Rosenthal, Munich 8/XII 1893; 3 M. 50.
          <lb/>1587
          <lb/>MONTANUS Jacobus
          <lb/>Strasbourg, M. Schurer 1513
          <lb/>Odarum Spiritualium Liber. Clarissimo viro Ioanni
          <lb/>Elio Illu strissimi Episcopi Monasteriensis Cancellario
          <lb/>per Christi sa- cerdotem Iacobum Mon- tanum Spiren¬
          <lb/>sem,! nuncupatus. &amp;quot;&amp;quot; LECTOR, EME, LEGE, ET JVDICABIS.
          <lb/>T.O.
          <lb/>A la fin: Argentorati, Ex Aedibus Schurerii.Mense
          <lb/>Martio. Anno. M. D. XIII. REGNANTE IMPERATORE CAES.
          <lb/>MAXIMILIANO PIO FOELICI AVG.) P. P. (Au-dessous, marque typ.
          <lb/>de M. Schurer. H A B Planche XII n° 2.) Verso blanc.
          <lb/>In-4°, car, rom., 37 ff. non ch., sign. A-F, titre courant, init.
          <lb/>d’attente.
          <lb/>R 101028. Prov.: Bibl. Ch. Schmidt avec son ex-libris à l&amp;#x27;inté¬
          <lb/>rieur de la couverture et l’annotation suivante au recto du f. de garde
          <lb/>(de la main de Ch. Schmidt):Jac. Montanus de Gersbach (?), reçu en
          <lb/>1486 dans la maison des frères de la vie commune à Herford, se déclara
          <lb/>en 1520 pour la Réformation. Auteur de divers ouvrages, entre autre
          <lb/>d’une vie de ste Elisabeth.&amp;quot;
          <lb/>Proctor II Sectio I n° 10.210 : Londres, Brit. Museum; Schmidt
          <lb/>VIII n° 97.
          <lb/>Bibliographie de J. Montanus, voir: Schottenloher I n° 15794—
          <lb/>15796.
          <lb/>1588
        </p>
      </div>
    </body>
  </text>
</TEI>
