<?xml version='1.0' encoding='UTF-8'?>
<?xml-model href="https://raw.githubusercontent.com/OpenITI/tei_openiti/master/tei_openiti.rng" type="application/xml" schematypens="http://relaxng.org/ns/structure/1.0"?>
<?xml-model href="https://raw.githubusercontent.com/OpenITI/tei_openiti/master/tei_openiti.rng" type="application/xml" schematypens="http://purl.oclc.org/dsdl/schematron"?>
<TEI xmlns="http://www.tei-c.org/ns/1.0">
  <teiHeader>
    <fileDesc>
      <titleStmt>
        <title/>
      </titleStmt>
      <publicationStmt>
        <p/>
      </publicationStmt>
      <sourceDesc>
        <p/>
      </sourceDesc>
    </fileDesc>
    <profileDesc>
      <calendarDesc>
        <calendar xml:id="ah">
          <p>Anno Hegirae</p>
        </calendar>
      </calendarDesc>
    </profileDesc>
    <xenoData xml:space="preserve">
CREATED: 2024-04-15T09:07:53.100821+00:00
CREATED BY: eScriptorium vpassthistobuildcmd
IMAGE FILENAME: A121078353.tif
IMAGE WIDTH: 2338
IMAGE HEIGHT: 3848
</xenoData>
  </teiHeader>
  <text>
    <body>
      <div>
        <p>
          <lb/>d’une croix, encadré comme le n° 8, planche XXXI de HaB, marque
          <lb/>de Theodosius Rihel, excepté que le monogramme en bas du cadre est
          <lb/>celui de Chr. Muller et non de Rihel, comme dans la marque de Muller
          <lb/>H a B planche XXVIII n° 1. Au-dessus de la marque, bande ornem.
          <lb/>In-8°, car. goth., CCCXCI pp. ch. ★ 6 pp. non ch. (table des psau¬
          <lb/>mes) et 1 f. blanc avec l’explicit et la marque typ. au recto, réclames,
          <lb/>titre rouge et noir, encadré (colonnes portées par des hommes nus), au
          <lb/>milieu de la bande inférieure écusson vide tenu par 2 génies; toutes les
          <lb/>pages sont encadrées (ornements), de nombreuses bandes ornem. soit à
          <lb/>la fin soit au commencement des psaumes; neumes. Dans la Bème et
          <lb/>3ème partie de petites grav. se rapportant au texte.
          <lb/>RI00.700 (1). Prov.: Dr Eichhorn, Strasbourg 24/V 1897, 25 M.
          <lb/>Notes mes. Au verso du f. de garde :, Vgl. K. Budde. Ein bisher un¬
          <lb/>bekanntes Strassburger, Gesangbuch, in : Zeitschrift für praktische Theo¬
          <lb/>logie. XII (1890). S. 224-229.&amp;quot; A l’intérieur du Ier plat une carte postale
          <lb/>du Prof. Kesselring de Zurich, datée de Paris, 11 juin 1879...., Das Ge¬
          <lb/>sangbuch, welches Sie die Güte hatten mir mitzutheilen, ist allerdings
          <lb/>sonst noch nicht weiter bekannt, insbesondere ist es in dem bibliogra¬
          <lb/>phischen Werke von Phil. Wackernagel nicht angeführt. Es hat in seinem
          <lb/>Inhalt grosse Verwandtschaft mit den Gesangbuchdrucken der Strass¬
          <lb/>burger Firmen Berger um 1560 und Rihel um 1570, weniger mit dem in
          <lb/>subjekktiver Auswahl gar sehr erweiterten Gesangbuch von Acker 1568.
          <lb/>Wie jene ersteren stellt es in Texten und Melodien wesentlich den Be¬
          <lb/>stand des unter Bucers Oberleitung 1545 bearbeiteten Gesangbuches dar,
          <lb/>und enthält insbesondere fast die ganze vor-marbach’sche hymnolog. Pro¬
          <lb/>duction Strassburgs. Dem Buche eigen ist das gegen Ende desselben ste¬
          <lb/>hende Kindergebetlied von Jo (hannes) Fli (tner), dem lutherischen Strass¬
          <lb/>burger Prediger bisher nur handschriftlich bekannt und von Mittelberger
          <lb/>mit hypothet. Jahrzahl in sein Gesangbuch aufgenommen. Wenn Sie das
          <lb/>Buch abtreten wollen, so sollte es meiner Ansicht nach von der Univer¬
          <lb/>sitäts-Bibliothek oder der Stadtbibliothek erworben werden, da beide keine
          <lb/>Denkmale der höchst bedeutenden Strassburger hymnolog. Produktion be¬
          <lb/>1938
          <lb/>sitzen. Ergebenst Kesselring.&amp;quot;
          <lb/>1239
          <lb/>PSALMEN
          <lb/>Strasbourg, Th. Rihel 1575
          <lb/>Psalmen, geystliche Liederund Gesänge, sambt
          <lb/>et- lichen Gebetten. D. Mar. Luth.AuchAnderer
          <lb/>Gottseliger Lehrer unnd Männer, auffs fleiszigest von ne¬
          <lb/>wem zugericht, und in evne rich- tige ordnung gebracht.
          <lb/>Getruckt zu Straszburg. M. D. LXXV. (Verso blanc.)
          <lb/>A la fin: Getruckt zu Straszburg, durch! Theodosium
          <lb/>Rihel, im Jar M. D. LXXV.
          <lb/>In-8°, car. goth., 4 ff. non ch., CCLV ff. ch., 5 ff. non ch. (table),
          <lb/>titre courant, titre rouge et noir, encadré: au milieu de la bordure su¬
          <lb/>périeure, Dieu le père dans les nuages, au-dessous de lui, le Saint-Esprit
          <lb/>en forme de colombe; au milieu de la bordure inférieure, baptême du
        </p>
      </div>
    </body>
  </text>
</TEI>
