<?xml version='1.0' encoding='UTF-8'?>
<?xml-model href="https://raw.githubusercontent.com/OpenITI/tei_openiti/master/tei_openiti.rng" type="application/xml" schematypens="http://relaxng.org/ns/structure/1.0"?>
<?xml-model href="https://raw.githubusercontent.com/OpenITI/tei_openiti/master/tei_openiti.rng" type="application/xml" schematypens="http://purl.oclc.org/dsdl/schematron"?>
<TEI xmlns="http://www.tei-c.org/ns/1.0">
  <teiHeader>
    <fileDesc>
      <titleStmt>
        <title/>
      </titleStmt>
      <publicationStmt>
        <p/>
      </publicationStmt>
      <sourceDesc>
        <p/>
      </sourceDesc>
    </fileDesc>
    <profileDesc>
      <calendarDesc>
        <calendar xml:id="ah">
          <p>Anno Hegirae</p>
        </calendar>
      </calendarDesc>
    </profileDesc>
    <xenoData xml:space="preserve">
CREATED: 2024-04-15T09:07:43.722923+00:00
CREATED BY: eScriptorium vpassthistobuildcmd
IMAGE FILENAME: A121078039.tif
IMAGE WIDTH: 2358
IMAGE HEIGHT: 3850
</xenoData>
  </teiHeader>
  <text>
    <body>
      <div>
        <p>
          <lb/>In-fol., car. goth., 2 col., 252 ff. non ch., sign. a-2, A-I, titre
          <lb/>courant, init. d’attente. Réimpression de l’édition de 1501.
          <lb/>R10.332. Prov.: BN Munich 15/IV 1879; 1 M. Note ms. au
          <lb/>verso du f. de garde :,Duplum Bibliothecae reg. Monacensis.&amp;quot;
          <lb/>1383
          <lb/>LOCI aliquot prioribus castigationibus additi. Voir: TERENTIUS:
          <lb/>Comœdiae sex. Strasbourg, W. Rihel 1548.
          <lb/>LONICERUS Johannes
          <lb/>[Strasbourg, J. Schott] 1523
          <lb/>CATECHE-]SIS! De bona DEi uoluntate, erga quemuis
          <lb/>Chri- stianum. Deque SANCTORVM cultu &amp;amp; inuocatione.
          <lb/>10. LONICERI.
          <lb/>In-4°, car, rom., 36 ff. non ch., sign. a–i, titre courant, notes marg.,
          <lb/>titre encadré de 4 pièces juxtaposées; en haut feston, en bas deux en¬
          <lb/>fants qui se querellent, aux deux extrémités deux autres enfants, tenant
          <lb/>chacun un jouet, dit moulin à vent; celui de gauche a en outre une sorte
          <lb/>de cuirasse et sonne de la trompette. Dans la bordure droite, instruments
          <lb/>de musique, suspendus à une hampe ornée; sur celle de gauche, un tro¬
          <lb/>phée d’armes suspendu de même. Encadrement de J. Schott. Au-dessous
          <lb/>de l’encadrement texte grec: ó xaoyónevos èv to xopío xaoyaoo.
          <lb/>Au verso du titre: ... Ioanni Machtolfio Iuriconsulto Esselingen
          <lb/>amico suo, loannes Lonicerus gratiam et pacem... — Eszelingae. vii.
          <lb/>Calen. Iunias, An. Christi. xxiii. (Préface d’une p.)
          <lb/>R 102.175. Prov.: BN Munich 14/XI11876; 0.40 M. A l&amp;#x27;inté¬
          <lb/>rieur de la couverture, Ex-libris d’un évêque avec la date 1798; en bas
          <lb/>les lettres H. P. C. R.
          <lb/>Cohn, Catal. 206 n° 88, l’attribue à Laz. Schurer, Sélestat.
          <lb/>Bibliographie de Lonicer. Voir Schottenloher I n° 10758-10762.
          <lb/>1384
          <lb/>LONICERUS Johannes
          <lb/>[Strasbourg, J. Schott] 1523
          <lb/>Bericht bûch lin. Wie das ein yegklich Christen
          <lb/>mensch gewisz sey der gnaden, huld vnd! gûten willen
          <lb/>Gottes! gegen ym. Dazû von der Eer vnd! Anrúffung
          <lb/>der abgestor benen Heyligen. Jo. Loniceri. (Verso blanc.)
          <lb/>In-4°, car. goth. 38 ff. non ch. dont le dernier blanc, sign. a-i,
          <lb/>titre courant, notes marg., titre encadré; (Voir n° 9) l’encadrement est
          <lb/>répété au verso de l’avant dernier f. avec la la légende: Das wort
          <lb/>Gottes bleibt ewig- klich.
          <lb/>Fol. a2a: Dem wolgelerten herr Johann Machtolfft, der Rechten
          <lb/>erfarnen zû Esselingen... Johann Lonicerr... — Geben zâ Esselingen
          <lb/>am. xXvi. tag des Meyens. Anno. M. D. xxiiï. (Préface de 2 pp.)
          <lb/>923
        </p>
      </div>
    </body>
  </text>
</TEI>
