<?xml version='1.0' encoding='UTF-8'?>
<?xml-model href="https://raw.githubusercontent.com/OpenITI/tei_openiti/master/tei_openiti.rng" type="application/xml" schematypens="http://relaxng.org/ns/structure/1.0"?>
<?xml-model href="https://raw.githubusercontent.com/OpenITI/tei_openiti/master/tei_openiti.rng" type="application/xml" schematypens="http://purl.oclc.org/dsdl/schematron"?>
<TEI xmlns="http://www.tei-c.org/ns/1.0">
  <teiHeader>
    <fileDesc>
      <titleStmt>
        <title/>
      </titleStmt>
      <publicationStmt>
        <p/>
      </publicationStmt>
      <sourceDesc>
        <p/>
      </sourceDesc>
    </fileDesc>
    <profileDesc>
      <calendarDesc>
        <calendar xml:id="ah">
          <p>Anno Hegirae</p>
        </calendar>
      </calendarDesc>
    </profileDesc>
    <xenoData xml:space="preserve">
CREATED: 2024-04-15T09:07:52.974289+00:00
CREATED BY: eScriptorium vpassthistobuildcmd
IMAGE FILENAME: A121078345.tif
IMAGE WIDTH: 2330
IMAGE HEIGHT: 3848
</xenoData>
  </teiHeader>
  <text>
    <body>
      <div>
        <p>
          <lb/>Fol, a 2a: Prefatio Ad inclytum comitem militemque clarissimum
          <lb/>Ludowicum Thi ! eneum Vincentinum Reverendi patris Magistri! Silvestri
          <lb/>Prieratis: almi ordinis Pre! dicatorum... (3 pp.)
          <lb/>de la couverture: ,Tegriensis Monasterii ego sum emptus ab heredibus
          <lb/>R102.082. Prov.: BN Munich 8/IV 1878. Note ms. à l&amp;#x27;intérieur
          <lb/>Venerabilis viri domini Joannis pächleri Vicarii in Egern. Qui anno a
          <lb/>Christo nato quinto et trigesimo super sesquimillesimum ex hac vallé
          <lb/>lacrymarum migravit. 1535. 8. die Junii obiit.&amp;quot; Prix noté au crayon
          <lb/>2 M. 50.
          <lb/>Voir: Michalski, Franz: De Sylvestri Prieriatis Ord. Praed, ma¬
          <lb/>gistri sacri Palatii (1456-1523) vita et scriptis. Particula I. Diss. Mun¬
          <lb/>ster i. W. 1892, in-8°, 34 pp.
          <lb/>Bibliographie de Prierias Silvestre, voir: Schottenloher II n° 17506-
          <lb/>17509.
          <lb/>1924
          <lb/>PRIERIAS Silvester de
          <lb/>Strasbourg, J. Grúninger 1518
          <lb/>Summa sum- marum que Sylvestrina dicitur.Ex
          <lb/>favore &amp;amp; speciali per! missu authoris impressa, quam alio¬
          <lb/>qui sub excommunicationis pena late sententie. S. D. N.
          <lb/>Leonis pape decimi ne- mini infra decennium imprimere
          <lb/>licet. Ottomari Luscinii Argentini epigramma. ad lecto¬
          <lb/>rem. liber loquitur. (3 dist.) Cum novo Privilegio! et gratia
          <lb/>imperiali.
          <lb/>A la fin: ... Argentoraci Opera et impensis Ingenui viri
          <lb/>Joannis Grieninger se cundario impressa: atque summo
          <lb/>studio vigilantissime revisa et emendata. Cum additi one
          <lb/>mane salutis. M. D. XVIII. in vigilia Matthie. Leone de¬
          <lb/>cimo Pontifice maximo Regnante, (Verso blanc.)
          <lb/>In-fol., car. goth., 2 col., CCCCLXXX ff. ch., 8 ff. non ch. (table
          <lb/>à 3 col.), titre courant, init. ornées; titre rouge et noir, encadré: en
          <lb/>haut et aux côtés, ornements et feuillages, au milieu de chacune des
          <lb/>2 bandes tatérales, un génie ailé jouant avec un petit moulin à vent,
          <lb/>en bas, 2 hommes à mi-corps, posés sur des vases et s’attaguant avec
          <lb/>des lances munies de tampons; au milieu, un vase posé sur un homme
          <lb/>sauvage accroupi.
          <lb/>Au verso du titre: Patri... Balthasari Gerhardo domus s. Joan! nis
          <lb/>viridis insule argentinensis, mendatori meritissimo! Ottomarus Luscinius
          <lb/>Argentinus....
          <lb/>Fol. 2a:... Leoni Pont. Max. ! Frater Silvester de Prierio ex pre¬
          <lb/>dicatorum ordi! ne vite regularis. congregationis Lom! bardie... Au verso.
          <lb/>Fratris Baptiste Massiliensis In Sylvestrinam Summam Carmen, (8 dist.)
          <lb/>Au-dessus: Privilège impérial.
          <lb/>Fol. 3a, petite grav, encadrée: un évêque avec un livre ouvert,
          <lb/>à ses pieds un petit enfant nu avec un placard où se trouvent les mots
          <lb/>1231
        </p>
      </div>
    </body>
  </text>
</TEI>
