<?xml version='1.0' encoding='UTF-8'?>
<?xml-model href="https://raw.githubusercontent.com/OpenITI/tei_openiti/master/tei_openiti.rng" type="application/xml" schematypens="http://relaxng.org/ns/structure/1.0"?>
<?xml-model href="https://raw.githubusercontent.com/OpenITI/tei_openiti/master/tei_openiti.rng" type="application/xml" schematypens="http://purl.oclc.org/dsdl/schematron"?>
<TEI xmlns="http://www.tei-c.org/ns/1.0">
  <teiHeader>
    <fileDesc>
      <titleStmt>
        <title/>
      </titleStmt>
      <publicationStmt>
        <p/>
      </publicationStmt>
      <sourceDesc>
        <p/>
      </sourceDesc>
    </fileDesc>
    <profileDesc>
      <calendarDesc>
        <calendar xml:id="ah">
          <p>Anno Hegirae</p>
        </calendar>
      </calendarDesc>
    </profileDesc>
    <xenoData xml:space="preserve">
CREATED: 2024-04-15T09:07:55.083968+00:00
CREATED BY: eScriptorium vpassthistobuildcmd
IMAGE FILENAME: A121078415.tif
IMAGE WIDTH: 2386
IMAGE HEIGHT: 3840
</xenoData>
  </teiHeader>
  <text>
    <body>
      <div>
        <p>
          <lb/>1301
          <lb/>Hallero ignorati. Ergo ob raritatem in honore habendus liber. Tum et
          <lb/>ad historiam litterariam patriam spectant Libri omnes Ryffii. Nomen
          <lb/>legendum est Reiff. ita enim etiam scriptum lego... Belle rel. anc.
          <lb/>2031
          <lb/>RYFF Walther Herm.
          <lb/>Strasbourg, B. Beck, 1541
          <lb/>Des aller fürtreff- lichsten, höchsten unnd adelich- sten
          <lb/>gschöpffs aller Creaturen, von Got dem Herren, schöpffer
          <lb/>aller ding auff er-den, erschaffen, Das ist, der menschen,!
          <lb/>(oder dein selbst) warhafftige beschreibung oder Anatomi,
          <lb/>seines wunderbarlichen ursprungs, entpfängknisz, schöpffung
          <lb/>inn mutter leib, und sorglicher geburt, sampt künstlicher
          <lb/>und artlicher Contra-factur, aller eüsserlicher und innerlicher
          <lb/>glider unnd glidstuck, ausz welchen der mensch wunder¬
          <lb/>barlich zusamen gesetzt ist, mit gnugsa-mer, eygentlicher
          <lb/>und gründtlicher erklärung irer vilfaltigen nutz-barkeyt,
          <lb/>krefft, würckung, natur und vermögen, warzu sy von Got
          <lb/>dem Almechtigen verordnet seind... erstmals inn Teütsche
          <lb/>sprach verfasset und an tag geben. Vormals weder! gesehen
          <lb/>noch gelesen worden. Durch M. Gualtherum Hermenium
          <lb/>Ryff(] Argentinum, Medicum.! M. D. XLI. Il Mit Künigklicher
          <lb/>Maie. Freiheyt.
          <lb/>A la fin : Zu Straszburg bey Balthassar Beck.
          <lb/>In-fol., car. goth., 6 ff. non ch., LXXIII ff. ch., titre courant, réclames,
          <lb/>de grandes init. goth.
          <lb/>25 grandes grav. de la grandeur d’une page (anatomie du corps humain)
          <lb/>et de nombreuses petites grav. d’anatomie.
          <lb/>fol. A 2a non ch. Vorred. Dem Durchleüchtigstenn Hochgebornen
          <lb/>Fürsten und Herren, herren Albrechten, Hörtzogen zu Mecklenburg... —
          <lb/>Datum !! Straszburg, den ersten Septembris, M. D. XLI... M. Gualtherus
          <lb/>H. 11 Ryff, Argentinus Medicus.
          <lb/>R. 10.176 (2). Prov. : Kirchhoff &amp;amp; Wigand, Leipzig (Catal. 590, n° 94),
          <lb/>15/VI, 1880; 50 M.
          <lb/>2032
          <lb/>RYFF Walther Herm.
          <lb/>Strasbourg, Balth. Beck, 1541
          <lb/>REchter und nutzlicher ge- brauch, ordenliche vermischung
          <lb/>und zu I] bereyttung aller Laxativen, purgie-render oder
          <lb/>treibender artzney, eynfa-cher gemeyner unvermischter
          <lb/>stuck, auch vermischterund zusamen gesetzter, treibender
          <lb/>artzney, mancherley! Compositzen von Latwergen, täflin,
          <lb/>getränck, pulver! Clyster, stulzäpflin, Pillen unnd dergleichen
          <lb/>vermi-schung, den leib zu reynigen und purgieren, wie
          <lb/>solche di ser zeyt bey den erfarnesten artzten im brauch,
          <lb/>unnd in allen rechtgeschaffnenAotecken bereyttet
          <lb/>werden... Zu neüwer Re-] formation der Apotheckerey, vast
          <lb/>nutzlich, und hoch von nöten.
        </p>
      </div>
    </body>
  </text>
</TEI>
