<?xml version='1.0' encoding='UTF-8'?>
<?xml-model href="https://raw.githubusercontent.com/OpenITI/tei_openiti/master/tei_openiti.rng" type="application/xml" schematypens="http://relaxng.org/ns/structure/1.0"?>
<?xml-model href="https://raw.githubusercontent.com/OpenITI/tei_openiti/master/tei_openiti.rng" type="application/xml" schematypens="http://purl.oclc.org/dsdl/schematron"?>
<TEI xmlns="http://www.tei-c.org/ns/1.0">
  <teiHeader>
    <fileDesc>
      <titleStmt>
        <title/>
      </titleStmt>
      <publicationStmt>
        <p/>
      </publicationStmt>
      <sourceDesc>
        <p/>
      </sourceDesc>
    </fileDesc>
    <profileDesc>
      <calendarDesc>
        <calendar xml:id="ah">
          <p>Anno Hegirae</p>
        </calendar>
      </calendarDesc>
    </profileDesc>
    <xenoData xml:space="preserve">
CREATED: 2024-04-15T09:07:55.429897+00:00
CREATED BY: eScriptorium vpassthistobuildcmd
IMAGE FILENAME: A121078423.tif
IMAGE WIDTH: 2386
IMAGE HEIGHT: 3838
</xenoData>
  </teiHeader>
  <text>
    <body>
      <div>
        <p>
          <lb/>titre rouge et noir, de nombreuses grav. de plantes, dans la première partie.
          <lb/>fol. a 2a non ch. Herrn Johann Erwöhltem Bischoffe!! zu Straszburg,
          <lb/>vnd Lantgraffen inn Elsasz, &amp;amp;c... — Datum Straszburg den 21. Au-Il gusti.
          <lb/>M. D. LXXIII. Josias Rihel.
          <lb/>fol. G non ch. : table de toutes les 3 parties (4 ff. à 2 col.).
          <lb/>R 62. Prov. : Bibliothèque Hermann. Strasbourg. Annotations mss,
          <lb/>au recto du f. de garde: Erdman, au verso : Est prima editio. 2044
          <lb/>Strasbourg, Iosias Rihel, 1594
          <lb/>RYFF Walter Herm.
          <lb/>Kurtzes Handt-büchlein, und Experiment,vieler
          <lb/>Artzneyen, durch den gan tzen Cörper desz Menschens, [I von
          <lb/>dem Haupt bisz auff! die Füsz.!Sampt lebendiger Abcontra¬
          <lb/>factur etlicher der fürnembsten und gebreuch-lichsten
          <lb/>1309
          <lb/>Kraüter, und darausz Gebrannten! und Distillierten Wassern,
          <lb/>Krafft und Tugend. Durch den Hochgelehrten D. !l Apolli¬
          <lb/>narem selbs erfahren unnd bewehret. Ietzundt von newem
          <lb/>mit vielen Kräutern! und Experimenten gemehret !] und
          <lb/>gebessert. Sampt dem Experimentbüchlin von! xx. Pesti¬
          <lb/>lentz wurtzlen, des HochgelehrtenTarquinii Ocyori.Mit
          <lb/>Röm. Kays. May. Freiheyt.Gedruckt zu Straszburg, durch
          <lb/>Iosiam Rihel. M. D. XCIIII. (Verso blanc.)
          <lb/>In-8°, car. goth., 2 ff. non ch.; CCXIII (par erreur CCXIIII), ff. ch.,
          <lb/>12 ff. non ch., 1 f. blanc, titre courant, réclames, titre rouge et noir, de
          <lb/>nombreuses grav. de fleurs et de plantes.
          <lb/>fol. A 2a-A 2b : Vorrede.
          <lb/>R. 102.602. Prov. : Oskar Gerschel, Stuttgart (Vente Gutekunst),
          <lb/>2045
          <lb/>19. V. 1886; 3 M. 50.
        </p>
      </div>
    </body>
  </text>
</TEI>
