<?xml version='1.0' encoding='UTF-8'?>
<?xml-model href="https://raw.githubusercontent.com/OpenITI/tei_openiti/master/tei_openiti.rng" type="application/xml" schematypens="http://relaxng.org/ns/structure/1.0"?>
<?xml-model href="https://raw.githubusercontent.com/OpenITI/tei_openiti/master/tei_openiti.rng" type="application/xml" schematypens="http://purl.oclc.org/dsdl/schematron"?>
<TEI xmlns="http://www.tei-c.org/ns/1.0">
  <teiHeader>
    <fileDesc>
      <titleStmt>
        <title/>
      </titleStmt>
      <publicationStmt>
        <p/>
      </publicationStmt>
      <sourceDesc>
        <p/>
      </sourceDesc>
    </fileDesc>
    <profileDesc>
      <calendarDesc>
        <calendar xml:id="ah">
          <p>Anno Hegirae</p>
        </calendar>
      </calendarDesc>
    </profileDesc>
    <xenoData xml:space="preserve">
CREATED: 2024-04-15T09:07:45.856711+00:00
CREATED BY: eScriptorium vpassthistobuildcmd
IMAGE FILENAME: A121078118.tif
IMAGE WIDTH: 2318
IMAGE HEIGHT: 3850
</xenoData>
  </teiHeader>
  <text>
    <body>
      <div>
        <p>
          <lb/>1004
          <lb/>Haganoae per lohan. Secerium Anno M. D. XXVII.
          <lb/>Mense Augusto. (Verso blanc.)
          <lb/>A la fin: Haganoae per Iohannem Secerium, Anno
          <lb/>M. D. XXVHI. Mense Septembri. (Verso blanc.)
          <lb/>rant, réclames, notes marg., init. à fig. O de l’alphabet des morts, titre
          <lb/>In-80, car. ital., 69 ff. ch., 3 ff. non ch. à 2 col. (table), titre cou¬
          <lb/>encadré (H e B Planche LXIX n° 2).
          <lb/>S. D.... (2 pp.)
          <lb/>Fol. A 2a: Philippus Melanchthon, Alex-andro Drachsta- dio
          <lb/>R101238. Prov.: Harrassowvite, Leipaig 25/VIII 1917; 7 M. 20.
          <lb/>1526
          <lb/>MELANCHTHON Philippus
          <lb/>Haguenau, J. Secer 1528
          <lb/>FARRA GO ALIOVOT EPI-] GRAMMATVM, ! Philippi Melanch¬
          <lb/>thonis,&amp;amp; aliorum quorundam eruditorum.! Opusculum
          <lb/>sane elegans! ac novum.! Haganoe per lohannem Sece¬
          <lb/>rium. An. M. D. XXVIII. Mense Ianuario. (Verso blanc.)
          <lb/>A la fin: Haganoe per lohannem Secerium Anno M. D.
          <lb/>XXVIII. Au-dessous, marque typ. de Secer. (H è B Planche LXXI
          <lb/>n° 9; Silvestre n° 567.) Verso blanc.
          <lb/>In-8, car. ital. et grecs, 89 ff. non ch., titre encadré. (HÆB
          <lb/>Planche LXIX n° 1.)
          <lb/>R 100.946. Prov.: Bibl. Baum 20/11 1879.
          <lb/>1527
          <lb/>MELANCHTHON Philippus
          <lb/>Haguenau, J. Secer 1529
          <lb/>EPISTO la Philippi Melanch thonis, ad Iohan-nem
          <lb/>Oecolampa dium, de Cœna Domi-ni.Haganoe, per
          <lb/>Iohan. Sec.Anno M. D. XXIX. (Verso blanc.)
          <lb/>A la fin: Haganoe, per Iohannem Secerium, Anno M. D.
          <lb/>XXIX. Au-dessous, marque typ. de J. Secer, (H a B Planche LXXI
          <lb/>n° 9; Silvestre n° 567.)
          <lb/>In-8°, car. rom., 7 ff. non ch., sign. A, init. à fig. A; titre en¬
          <lb/>cadré (H &amp;amp; B Planche LXIX n° 2).
          <lb/>R100.866. Prov.: Recteur Muller, Quedlinbourg 15/V 1889. 1528
          <lb/>MELANCHTHON Philippus
          <lb/>Haguenau, [J. Secer] 1531
          <lb/>IN ARI- stotelis aliquot Li-bros Politicos, Philippi
          <lb/>Melanch- thonis Com-mentaria.
          <lb/>Hagenoæ, Anno M. D. XXXI.
        </p>
      </div>
    </body>
  </text>
</TEI>
