<?xml version='1.0' encoding='UTF-8'?>
<?xml-model href="https://raw.githubusercontent.com/OpenITI/tei_openiti/master/tei_openiti.rng" type="application/xml" schematypens="http://relaxng.org/ns/structure/1.0"?>
<?xml-model href="https://raw.githubusercontent.com/OpenITI/tei_openiti/master/tei_openiti.rng" type="application/xml" schematypens="http://purl.oclc.org/dsdl/schematron"?>
<TEI xmlns="http://www.tei-c.org/ns/1.0">
  <teiHeader>
    <fileDesc>
      <titleStmt>
        <title/>
      </titleStmt>
      <publicationStmt>
        <p/>
      </publicationStmt>
      <sourceDesc>
        <p/>
      </sourceDesc>
    </fileDesc>
    <profileDesc>
      <calendarDesc>
        <calendar xml:id="ah">
          <p>Anno Hegirae</p>
        </calendar>
      </calendarDesc>
    </profileDesc>
    <xenoData xml:space="preserve">
CREATED: 2024-04-15T09:07:48.791327+00:00
CREATED BY: eScriptorium vpassthistobuildcmd
IMAGE FILENAME: A121078220.tif
IMAGE WIDTH: 2302
IMAGE HEIGHT: 3848
</xenoData>
  </teiHeader>
  <text>
    <body>
      <div>
        <p>
          <lb/>1106
          <lb/>ORDONNANCE
          <lb/>Strasbourg 1546
          <lb/>WIr Hiltprand von Mülnheim, der Meister und der
          <lb/>Rhatz Straszburg. Thûon kunth, daz wir jetziger ge¬
          <lb/>schwinder sorglicher leuff halb, zû unser undunserer
          <lb/>verwandten notturfft, gegenwertigen brieffs beweiser, etlich
          <lb/>kriegsvolck zûbewer ben abgefertigt. Ist darumb an jede,
          <lb/>was Stands oder wesens die seind, oder an wen es gelangt,
          <lb/>Unser dienstlich, freündtlich bit und begeren sie wollen
          <lb/>ihne an sollichem nit ver hinderen, sonder günstiglich
          <lb/>passieren und werben, auch zû fürderung bevolhen sein
          <lb/>las- sen. Das seind wir umb ein jeden der gepür, dienst¬
          <lb/>lich, gutwillig unnd freündtlich, z6̂- verdienen und be¬
          <lb/>schulden geneigt. Geben under unserm zûruck auffgetruck¬
          <lb/>tem Secret, Sambstags den Sechs und zwentzigsten lunii.
          <lb/>Anno &amp;amp;c. Viertzig und Sechs. (Verso blanc.)
          <lb/>Placard, in-4°, car. goth., 9 lignes, init. ornée W.
          <lb/>R22(32). Prov. : Bibl) Heitz, Strasbourg 1871. A la marge:
          <lb/>1546. Werb patent.
          <lb/>2ème ex. R 22 (33). Même provenance. Notes mss. : «Procuration
          <lb/>de l’enrõlement militaire pour la ville de Strasbourg de l’année 1546.»
          <lb/>Au-dessous: « Ce Hiltprant de Mülnheim fut Stettmeister de Strasbourg
          <lb/>dans les années 1537, 1538, 1540, 1541, 1543, 1544, 1546, 1547, 1549),
          <lb/>1550, 1551, 1552, 1558, 1555 et 1556.
          <lb/>1712
          <lb/>ORDONNANCE
          <lb/>Strasbourg 1546
          <lb/>WIr Hiltprandt von Mülnheim der Meister und der
          <lb/>Rath zu Straszburg, Thun kundt meniglichem hiemit,
          <lb/>Als wir und unsere Freünd die Einundzwentzig verschiner
          <lb/>zeit,... allen und jeden Hauptkannen, Gasthaltern und
          <lb/>Offnen Würten, bei einer genanten Penen verbotten und
          <lb/>gebotten, das sie durch sich selbs ir weib, Kind oder
          <lb/>Gesind keine junge Spinferlin auff den Zunfftstuben, in
          <lb/>den Herbergen, und Würtzheusern brüen, sonder dieselben
          <lb/>in das Ge- mein Brühausz tragen, daselbst bruen lassen,
          <lb/>und von dem geschwornen Brüer, nach dem der selb die
          <lb/>zûgebrachten junge Ferlin gût oder schad- hafft erkennen
          <lb/>mag, bescheidt erwarten.... —
          <lb/>Erkandt und geben Sambstag den vierundzwentzigsten
          <lb/>Aprilis... Fünffze-henhundert viertzig und sechs jar.
          <lb/>(Verso blanc.)
          <lb/>Placard, in-4°, car. goth., 30 lignes, init, ornée W. —
        </p>
      </div>
    </body>
  </text>
</TEI>
