<?xml version='1.0' encoding='UTF-8'?>
<?xml-model href="https://raw.githubusercontent.com/OpenITI/tei_openiti/master/tei_openiti.rng" type="application/xml" schematypens="http://relaxng.org/ns/structure/1.0"?>
<?xml-model href="https://raw.githubusercontent.com/OpenITI/tei_openiti/master/tei_openiti.rng" type="application/xml" schematypens="http://purl.oclc.org/dsdl/schematron"?>
<TEI xmlns="http://www.tei-c.org/ns/1.0">
  <teiHeader>
    <fileDesc>
      <titleStmt>
        <title/>
      </titleStmt>
      <publicationStmt>
        <p/>
      </publicationStmt>
      <sourceDesc>
        <p/>
      </sourceDesc>
    </fileDesc>
    <profileDesc>
      <calendarDesc>
        <calendar xml:id="ah">
          <p>Anno Hegirae</p>
        </calendar>
      </calendarDesc>
    </profileDesc>
    <xenoData xml:space="preserve">
CREATED: 2024-04-15T09:07:47.789853+00:00
CREATED BY: eScriptorium vpassthistobuildcmd
IMAGE FILENAME: A121078180.tif
IMAGE WIDTH: 2304
IMAGE HEIGHT: 3846
</xenoData>
  </teiHeader>
  <text>
    <body>
      <div>
        <p>
          <lb/>1066
          <lb/>decretoriis aureus li- ber ad Vicentium Quirinupa¬
          <lb/>tritium Vene tum.! Ad lectorem. (2 dist. Verso blanc.)
          <lb/>A la fin: (feuille de lierre) Argentorati per Henricum Sey¬
          <lb/>bold. (Au-dessous: Vign. Verso blanc.)
          <lb/>init. à fig. I et init, ornées S. C.
          <lb/>In-8°, car. rom., 60 ff. non ch., sign. A-H, réclames, notes marg.,
          <lb/>tium Quirinum patritium Praefatio...
          <lb/>Fol. A 2a: Augustini Nyphi Suessani de diebus ! Criticis ad Vicen¬
          <lb/>bourg 1871.
          <lb/>R101.141. Prov.: Don de Fid. Butsch fils, antiquaire à Augs¬
          <lb/>BN Paris, R. 44899 et 80 Tdio, 9.
          <lb/>1637
          <lb/>NOGAROLUS H. : Oratio. Voir: VALERIANUS: Epistola de ho¬
          <lb/>noribus... Strasbourg, M. Schurer 1513.
          <lb/>NONNUS Petrus. Voir: NUNEZ Petrus Johannes
          <lb/>NONNUS PANOPOLITANUS
          <lb/>Haguenau, J. Secer 1527
          <lb/>NÓNNOY ( HOIHTOY HANO- Hohítoo peraßohn toõ xara
          <lb/>Ioávvoo áytoo Eò l ayyelioo.
          <lb/>NONNI POETAE PANOPOLI-] tani tralatio Sancti Evan¬
          <lb/>gelii,) secundum Ioannem.
          <lb/>Haganoe per Johan. Sec. Anno M. D. XXVII. Mense
          <lb/>Augusto.
          <lb/>Au verso du dernier f. marque typ. de J. Secer. (HCB Planche
          <lb/>LXXI n° 9; Silvestre n° 567.) Au-dessus: Haganoe per loannern
          <lb/>Secerium. Anno. M. D. XXVII.! Mense Septembri.
          <lb/>In-8°, ear. gr., 133 pp. ch., réclames, titre encadré (4 pièces, orne¬
          <lb/>ments fleurs, oiseaux, enfants nus dans la bordure droite). Au verso
          <lb/>du titre :... Patri D. Fri derico, apud S. Egidium Norinbergae Abbati
          <lb/>Phil. Mol. S. (en ital.).
          <lb/>R101506. Prov.: Quaritsch, Londres I0/IV 1895; 8 M. Anno¬
          <lb/>tations mes., au Bème f. de garde: This book was given me by Professor
          <lb/>Iañus McCallogh (?) - while a student. in Iuin : Coll : Pub. J had it
          <lb/>bound in Enneskillen in 1839. Mathes Jung; au-dessous, au crayon:
          <lb/>Westell. Rare 12 fr.; au f. suivant remarque bibliogr, sur Nonnus.
          <lb/>Londres, British Museum 3227. bb. 36.
          <lb/>Brunet IV2, 98: Cette édition [Paris, Bogard, 1541/21 paraît êvre
          <lb/>une réimpression de celle de Haguenau, 1527/8 dont le texte a été im¬
          <lb/>primé par les soins de Phil. Melanchton.
          <lb/>1638
        </p>
      </div>
    </body>
  </text>
</TEI>
