<?xml version='1.0' encoding='UTF-8'?>
<?xml-model href="https://raw.githubusercontent.com/OpenITI/tei_openiti/master/tei_openiti.rng" type="application/xml" schematypens="http://relaxng.org/ns/structure/1.0"?>
<?xml-model href="https://raw.githubusercontent.com/OpenITI/tei_openiti/master/tei_openiti.rng" type="application/xml" schematypens="http://purl.oclc.org/dsdl/schematron"?>
<TEI xmlns="http://www.tei-c.org/ns/1.0">
  <teiHeader>
    <fileDesc>
      <titleStmt>
        <title/>
      </titleStmt>
      <publicationStmt>
        <p/>
      </publicationStmt>
      <sourceDesc>
        <p/>
      </sourceDesc>
    </fileDesc>
    <profileDesc>
      <calendarDesc>
        <calendar xml:id="ah">
          <p>Anno Hegirae</p>
        </calendar>
      </calendarDesc>
    </profileDesc>
    <xenoData xml:space="preserve">
CREATED: 2024-04-15T09:07:49.431781+00:00
CREATED BY: eScriptorium vpassthistobuildcmd
IMAGE FILENAME: A121078239.tif
IMAGE WIDTH: 2306
IMAGE HEIGHT: 3844
</xenoData>
  </teiHeader>
  <text>
    <body>
      <div>
        <p>
          <lb/>In-4°, car, rom., 8 ff. non ch. (Index fabularum), 243 ff. ch., 1f.
          <lb/>non ch. (verso blanc), titre courant, notes marg., init. ornées; titre rouge
          <lb/>et noir. Encadrement du titre voir n° 6 et 9, mais sans l’inscription
          <lb/>de la banderole.
          <lb/>R101.810 (2). Prov. : Don de Fidelis Butsch fils, antiquaire à
          <lb/>Augsbourg 1871. Notes mss.
          <lb/>Schmidt II n° 29 : Jadis Bibl. de Strasbourg, incun. n° 3605 et
          <lb/>BM Strasbourg (exemplaire incomplet).
          <lb/>Kraus Hans P., Fifty Old books, Catal. XVI (Vienne 1937) n° 33
          <lb/>(275 frs. suisses):, This is one of the earliest specimens of the Chia¬
          <lb/>roscuro-technique used only in a few very rare cases for book-illustration
          <lb/>at the beginning of the XVI. century. It is reproduced by Butsch I, pl. 68
          <lb/>(other state) who ascribes it to Hans Wächtelin; by. Johnson, Titles¬
          <lb/>Borders pl. 2 and by Geisberg, Die deutsche Buchillustration pl. 131&amp;quot;
          <lb/>(qui attribue l’encadrement à Hans Baldung-Grien); Bœr, Francfort¬
          <lb/>1743
          <lb/>s.-M., Catal. 500 (1907) n° 1333, 15M.
          <lb/>OVIDIUS
          <lb/>Strasbourg, M. Schurer 1515
          <lb/>P. Ovidii Nasonis de Tristibus Libri Quinque. (Marque
          <lb/>typ. de Math. Schurer. HEB Planche XII n° 2.) Au-dessous: Sub
          <lb/>umbra alarum tuarum protege nos. (Verso blanc.)
          <lb/>4 la fin : Argentorati, Ex Aedibus Schurerii Mense
          <lb/>Maio M. D. XV.
          <lb/>In-4°, car, rom., 77 ff. non ch., sign. a-n, titre courant, initiales
          <lb/>ornées.
          <lb/>*R101734. Prov.: Albert Cohn, Berlin 16/111 1894; 7 M. An¬
          <lb/>notations mss.
          <lb/>Manque chez Schmidt.
          <lb/>1744
          <lb/>1125
          <lb/>OVIDIUS
          <lb/>Strasbourg, M. Schurer 1519
          <lb/>P. OVIDII] NASONIS FASTORVM! LIBRI SEX] VITA AVTHO¬
          <lb/>RIS Index praeterea (quo quisque quae in) singulis Fa¬
          <lb/>storum libris cogno scere volet, facile citraque lon- ge
          <lb/>inquisitionis laborem, quamprimum inveniat) a no bis
          <lb/>adiunctus. (Verso blanc.)
          <lb/>A la fin: Argentorati ex Aedibus Schurerianis, Mense,
          <lb/>Maio.! Anno M. D. XIX.
          <lb/>In-4°, car. rom., 97 ff. non ch., sign. A-Q, titre courant, init.
          <lb/>filigranes color. T, I, B, A, 0, H, P; titre encadré, 4 pièces juxta¬
          <lb/>posées avec des fous, dont quelques-uns sur des animaux.
          <lb/>*R101.735. Prov.: Max Harrassowitz, Berlin 6/1 1897, 10 M. 80.
          <lb/>Manque chez Schmidt.
          <lb/>1745
        </p>
      </div>
    </body>
  </text>
</TEI>
