<?xml version='1.0' encoding='UTF-8'?>
<?xml-model href="https://raw.githubusercontent.com/OpenITI/tei_openiti/master/tei_openiti.rng" type="application/xml" schematypens="http://relaxng.org/ns/structure/1.0"?>
<?xml-model href="https://raw.githubusercontent.com/OpenITI/tei_openiti/master/tei_openiti.rng" type="application/xml" schematypens="http://purl.oclc.org/dsdl/schematron"?>
<TEI xmlns="http://www.tei-c.org/ns/1.0">
  <teiHeader>
    <fileDesc>
      <titleStmt>
        <title/>
      </titleStmt>
      <publicationStmt>
        <p/>
      </publicationStmt>
      <sourceDesc>
        <p/>
      </sourceDesc>
    </fileDesc>
    <profileDesc>
      <calendarDesc>
        <calendar xml:id="ah">
          <p>Anno Hegirae</p>
        </calendar>
      </calendarDesc>
    </profileDesc>
    <xenoData xml:space="preserve">
CREATED: 2024-04-15T09:07:53.578034+00:00
CREATED BY: eScriptorium vpassthistobuildcmd
IMAGE FILENAME: A121078370.tif
IMAGE WIDTH: 2348
IMAGE HEIGHT: 3848
</xenoData>
  </teiHeader>
  <text>
    <body>
      <div>
        <p>
          <lb/>1256
          <lb/>Getruckt zû Straszburg, durch! Samuel Emmel. ] M. D.
          <lb/>LIIII. (Verso blanc.)
          <lb/>In-4°, car. goth., 7 parties dont chacune a un titre à part.
          <lb/>fère partie, 7 ff. non ch., CCLIV ff. ch. et 2 ff. non ch. à 2 col. (table).
          <lb/>2ème partie, 8 ff. non ch., CCCV ff. ch. et 3 ff. non ch. à 2 col.
          <lb/>(table) avec un explieit: Getruckt zû Straszburg durch! Samuel
          <lb/>Emmel.  M. D. LIIII.
          <lb/>3vme partie, 16 ff. non ch., CCXXXV ff. ch. et 1 f. non ch. (table)
          <lb/>avec explicit: Getruckt zû Straszburg durch Samuel Emmel.
          <lb/>M. D. LVII. (Verso blanc.)
          <lb/>4ème partie, 12 ff. non ch., CCXCV ff. ch. et 4ff. non ch. (table)
          <lb/>avec explicit : Getruckt zù Straszburg durch Samuel Em¬
          <lb/>mel. Im Jar. M. D. LVII. (Verso blanc.)
          <lb/>5ème et Gème parties manquent.
          <lb/>7ème partie, 8 ff. non ch., CCLVI ff. ch. et 1 f, non ch. (table)
          <lb/>avec explicit: Getruckt zû Strasz- burg durch Samuel Em¬
          <lb/>mel. M. D. LVII.
          <lb/>Titre courant, réclames, notes marg., init. goth.; titres rouges et
          <lb/>noirs; chaque partie a une préface à part et contient des grav. qui ont
          <lb/>rapport au texte.
          <lb/>La préface de la 3ème partie est dédiée à: Israel! Minckell, dem
          <lb/>Bergkherrn zt Straszburg.
          <lb/>R101676. Prov.: Don de Matthias Eymer, Jungbauer v. Hain¬
          <lb/>berg, Gemeinde Ortenburg, 1871. Annotations, mss., à l&amp;#x27;intérieur du
          <lb/>2ème plat de la 4mme partie: Sebastianus Röttinger 1563; au recto du
          <lb/>titre de la 7ème partie:¿1558 15 Cal. februarii. Sum Christophori Thunn
          <lb/>Emptus Salzburgi 35 kp.&amp;quot; Rel. anc.
          <lb/>Bibliographie de Lud. Rabus, voir : Schottenloher II n° 17593—
          <lb/>1962
          <lb/>17598.
          <lb/>RABUS Ludovicus
          <lb/>Strasbourg, S. Emmel 1555
          <lb/>Historien Der Heyligen Auszer- wölten Gottes Zeü¬
          <lb/>gen, Bekennern und Martyrern etc. (Comme l’édition de 1554.
          <lb/>Verso blanc.)
          <lb/>A la fin: Getruckt zû Straszburg durch! Samuel Em¬
          <lb/>mel. M. D. LV.
          <lb/>In-4°, car. goth., 8 ff. non ch. (préface), CCLVII ff. ch., 3 ff.
          <lb/>non ch. dont le dernier blanc; 2ème partie, nouveau titre, en bas: Der
          <lb/>Ander Thevl. M. D. LVI. (Verso blanc.)
          <lb/>A la fin: Getruckt zâ Straszburg! durch Samuel! Em¬
          <lb/>mel. M. D. LVI. (Verso blanc.)
        </p>
      </div>
    </body>
  </text>
</TEI>
