<?xml version='1.0' encoding='UTF-8'?>
<?xml-model href="https://raw.githubusercontent.com/OpenITI/tei_openiti/master/tei_openiti.rng" type="application/xml" schematypens="http://relaxng.org/ns/structure/1.0"?>
<?xml-model href="https://raw.githubusercontent.com/OpenITI/tei_openiti/master/tei_openiti.rng" type="application/xml" schematypens="http://purl.oclc.org/dsdl/schematron"?>
<TEI xmlns="http://www.tei-c.org/ns/1.0">
  <teiHeader>
    <fileDesc>
      <titleStmt>
        <title/>
      </titleStmt>
      <publicationStmt>
        <p/>
      </publicationStmt>
      <sourceDesc>
        <p/>
      </sourceDesc>
    </fileDesc>
    <profileDesc>
      <calendarDesc>
        <calendar xml:id="ah">
          <p>Anno Hegirae</p>
        </calendar>
      </calendarDesc>
    </profileDesc>
    <xenoData xml:space="preserve">
CREATED: 2024-04-15T09:07:47.122804+00:00
CREATED BY: eScriptorium vpassthistobuildcmd
IMAGE FILENAME: A121078161.tif
IMAGE WIDTH: 2308
IMAGE HEIGHT: 3844
</xenoData>
  </teiHeader>
  <text>
    <body>
      <div>
        <p>
          <lb/>In-4°, car. goth., 120 ff. non ch. dont le dernier blanc, sign. a—2,
          <lb/>A-C, titre courant, 26 grandes gravures (armoiries et personnages),
          <lb/>de nombreuses petites figures, d’après Schmidt des signes de cartes
          <lb/>à jouer.
          <lb/>Au verso du titre : Intimatio 1515, facta in! universitate Trevi¬
          <lb/>rensi, in die! sancti Andreae apostoli.
          <lb/>Fol. a 2a : Thomas Murner iuridice! facultatis studiosis salutem...
          <lb/>Datum Argen. Au-dessous: Prefatio. (8 lignes.)
          <lb/>R100.607. Pror.: Butsch, Augsbourg 5/VII 1878, 120M.
          <lb/>Proctor 11 Sectio I n° 10.328: Londres, Brit. Museum; Schmidt
          <lb/>VII n° 168 et III p. 34 n° 15 mentionne en outre Bibl. Mazarine
          <lb/>Paris et un exemplaire à lui.
          <lb/>Brunet III2, 1954.
          <lb/>1609
          <lb/>MURNER Thomas
          <lb/>Strasbourg, J. Gruninger 1520
          <lb/>An den Grosz- mechtigsten und Durchlüchtigsten
          <lb/>adel tüt- scher nation das sye den! christlichen glauben
          <lb/>be- schirmen, wyder denzerstörer des glaubens christi,
          <lb/>Martinum luther, einen verfie-rer der einfel- tigen chri¬
          <lb/>sten. (Verso blanc.)
          <lb/>A la fin: Getruckt von Johanne Grie! ninger in dem iar
          <lb/>Tausent. CCCCC. Und! xx. Uff den Cristabent mit Kei¬
          <lb/>serlichem Privilegium, in ein em iar niemans nach! trucken
          <lb/>sol. &amp;amp;. c. . (Verso blanc.)
          <lb/>In-4°, car. goth., 40 ff. non ch., sign. A-K, titre courant, init.
          <lb/>ornées, titre encadré: en haut, un feston; des deux côtés, ornements,
          <lb/>insectes, mascarons; en bas, deux génies ailés, assis entre des fleurs.
          <lb/>Encadrement souvent employé par Gruninger.
          <lb/>Fol. A 2a :... herrn Ka! rolo erweltem römischen keiser...
          <lb/>Fol. B b. Ein vorred zu Doctor! Martino luther...
          <lb/>R100313. Prov.: Bibl. Bœcking 1/11 i8re. Annotation ms. au
          <lb/>verso du f. de garde.
          <lb/>Proctor II Sectio I n° 9959: Londres, Brit. Museum; Schmidt
          <lb/>I n° 178.
          <lb/>1610
          <lb/>MURNER Themas
          <lb/>Strasbourg, J. Gruninger 1520
          <lb/>Von dem bab- stenthum das! ist von der höchsten
          <lb/>ober keyt Christlichs glau-ben wyder doctorMartinum
          <lb/>Luther, (Verzo blanc.)
          <lb/>A la fin: Datum in der löblichen stat Strasz burg in
          <lb/>dem iar nach der geburt christi unsers herren M. D. XX.
          <lb/>1047
        </p>
      </div>
    </body>
  </text>
</TEI>
