<?xml version='1.0' encoding='UTF-8'?>
<?xml-model href="https://raw.githubusercontent.com/OpenITI/tei_openiti/master/tei_openiti.rng" type="application/xml" schematypens="http://relaxng.org/ns/structure/1.0"?>
<?xml-model href="https://raw.githubusercontent.com/OpenITI/tei_openiti/master/tei_openiti.rng" type="application/xml" schematypens="http://purl.oclc.org/dsdl/schematron"?>
<TEI xmlns="http://www.tei-c.org/ns/1.0">
  <teiHeader>
    <fileDesc>
      <titleStmt>
        <title/>
      </titleStmt>
      <publicationStmt>
        <p/>
      </publicationStmt>
      <sourceDesc>
        <p/>
      </sourceDesc>
    </fileDesc>
    <profileDesc>
      <calendarDesc>
        <calendar xml:id="ah">
          <p>Anno Hegirae</p>
        </calendar>
      </calendarDesc>
    </profileDesc>
    <xenoData xml:space="preserve">
CREATED: 2024-04-15T09:07:51.756195+00:00
CREATED BY: eScriptorium vpassthistobuildcmd
IMAGE FILENAME: A121078312.tif
IMAGE WIDTH: 2318
IMAGE HEIGHT: 3850
</xenoData>
  </teiHeader>
  <text>
    <body>
      <div>
        <p>
          <lb/>1198
          <lb/>A la fin: Getruckt zû Straszburg. (Verso blanc.)
          <lb/>In-4°, car. goth., 6 ff. non ch., sign. a, init, ornées. Au verso du
          <lb/>titre : Dem Edlen und vesten Junckher! Hans von Schönaw dem jun¬
          <lb/>gern... Jacob Wympffelling von Schlestat Licenciat... — Datum Fryburg
          <lb/>feria quinta penthecostes. Anno domini milesimo quingentesimo nono &amp;amp;c.
          <lb/>Fol. a 2a: Joannes Picus Grave zû Miran-) del Joanni Francisco
          <lb/>seines brûders sur Entbüttet grûsz und heil.... — Geben zû Ferrer
          <lb/>am Fünzehenden tag des Meiens. An! no domini dusent vierhundert zwey
          <lb/>und Nüntzig. &amp;amp;c.
          <lb/>R102.029. Prov.: Bibl. Ch. Schmidt. Annotations mss. à l&amp;#x27;inté¬
          <lb/>rieur de la couverture:,S. Pancer, Zusätze zu den Annalen p. 111 No
          <lb/>635b, dessen Angaben jedoch nicht ganz zu diesem Exemplar stimmen;
          <lb/>Ch. Schmidt, hist. lit. H. S. 326.&amp;quot;
          <lb/>1872
          <lb/>PICUS a MIRANDOLA Johannes *4 Strasbouro, J. Gruninger 1509
          <lb/>IOANNIS FRANCISCI PICI MIRANDV-]LAE DOMIMI. CONCOR¬
          <lb/>DIAEQVE COMITIS: LIBER DE PROVI-] DENTIA CONTRA PHI¬
          <lb/>LOSOPHA-ISTROS. (Verso blane.)
          <lb/>A la fin: ANNO A PARTV VIRGINIS. M. D. IX. KALEN.
          <lb/>Septemb. In Urbe Argentina, sub divi Maximiliani Cae¬
          <lb/>saris Imperio. Librum hunc de providentia dei! contra
          <lb/>philosophastros : compositum editumque ab lo. Francisco
          <lb/>Pico Mirandulae domino! Ingeniosus Ioan- nes Grünin¬
          <lb/>ger exscripsit: stamneis usus calamis; usus &amp;amp; diligen¬
          <lb/>tia tanta : ne ab autographo decideret exem- plari: ut si
          <lb/>etiam minuta fortasse quaepiam omissa! commissave sint:
          <lb/>absit tamen ab ea culpa: qua notati antea! quidam! Arti¬
          <lb/>fices. qui in plerisque ipsi-us authoris operibus excu¬
          <lb/>dendis: aut clausulam quandoque inter ! coeperint: aut verba
          <lb/>omiserint inverterintve:! aut orthographiae rationem post¬
          <lb/>habuerint. Iohannes Adelphus Recognovit, (Au-dessous: mar¬
          <lb/>que typ. de B. Dulcibello: un vaisseau, sur le pavillon duguel se trou¬
          <lb/>vent les initiales de Dulcibello: B, D. C&amp;#x27;est une contrefaçon de l’édition
          <lb/>originale qui avait paru en 1508 chez Benedicte Dulcibello in Sub¬
          <lb/>urbio Novi.)
          <lb/>In-fol., car, rom. et grecs, 38 ff. non ch. dont le dernier f. blanc,
          <lb/>sign. A-G, titre courant, notes marg., init. ornées.
          <lb/>Fol. G 4a: Hermolaus Barbarus Pontifex Vero 1 nensis Anthonio
          <lb/>Donato Canodasino Praestanti Cau sidico Felicitatem! Et Facem... —
          <lb/>Verone. Idibus Novembris. M.CCCC. LVI. Suivent 2 dist. du même auteur.
          <lb/>L’ouvrage contient un asses grand nombre de passages grecs, im¬
          <lb/>primés avec des caractères très-mauvais, dans le genre de la Margarita
          <lb/>philosophica de 1504, imprimé chez Gruninger.
          <lb/>R 10.230. Prov. : Bibl. Bœcking.
          <lb/>Proctor II Sectio I n° 9917a: Londres, British Museum; Schmidt
          <lb/>I n° 105.
          <lb/>1873
        </p>
      </div>
    </body>
  </text>
</TEI>
