<?xml version='1.0' encoding='UTF-8'?>
<?xml-model href="https://raw.githubusercontent.com/OpenITI/tei_openiti/master/tei_openiti.rng" type="application/xml" schematypens="http://relaxng.org/ns/structure/1.0"?>
<?xml-model href="https://raw.githubusercontent.com/OpenITI/tei_openiti/master/tei_openiti.rng" type="application/xml" schematypens="http://purl.oclc.org/dsdl/schematron"?>
<TEI xmlns="http://www.tei-c.org/ns/1.0">
  <teiHeader>
    <fileDesc>
      <titleStmt>
        <title/>
      </titleStmt>
      <publicationStmt>
        <p/>
      </publicationStmt>
      <sourceDesc>
        <p/>
      </sourceDesc>
    </fileDesc>
    <profileDesc>
      <calendarDesc>
        <calendar xml:id="ah">
          <p>Anno Hegirae</p>
        </calendar>
      </calendarDesc>
    </profileDesc>
    <xenoData xml:space="preserve">
CREATED: 2024-04-15T09:07:46.098122+00:00
CREATED BY: eScriptorium vpassthistobuildcmd
IMAGE FILENAME: A121078121.tif
IMAGE WIDTH: 2312
IMAGE HEIGHT: 3852
</xenoData>
  </teiHeader>
  <text>
    <body>
      <div>
        <p>
          <lb/>MELANCHTHON Philippus
          <lb/>Strasbourg, J. Albrecht 1536
          <lb/>LOCI COM MVNES THEOLOGICI, RE- cens collecti &amp;amp;
          <lb/>recogni ti a Philippo Me- lanchtho- ne. AcCESSIT Epi¬
          <lb/>TIONI HVIC Index locupletissimus. ARGENTORATI, ANNO
          <lb/>M. D. XXXVI. (Verso blanc.)
          <lb/>A la fin, entre deux bandes d’ornement: Ex LIBERA ARGENTINA
          <lb/>PER] IOHANNEM ALBERTVM! MENSE MARTIO.  ANNO M. D.
          <lb/>XXXVI.
          <lb/>In-8°, car. ital., 8 ff. non ch., 281 ff. ch., 16 ff. non ch. (table),
          <lb/>titre courant, réclames, init. à fig. 9, S, A.
          <lb/>Fol. A 2a non ch.:... Principi D. Henrico octavo, Angliae &amp;amp;
          <lb/>Franciae Regi... Anno M. D. XXXV. (Préface de 7 fr.)
          <lb/>R101.865. Prov.: Don de la Bibl. Univ. de Heidelberg 1871.
          <lb/>Oxford, Bibl. Bodleiana.
          <lb/>1535
          <lb/>MELANCHTHON Philippus: De Officio Concionatoris. Voir:
          <lb/>CORVINUS: Postilla in Evangelia Dominicalia. Strasbourg,
          <lb/>W. Kœpfel 1537.
          <lb/>MELANCHTHON Philippus
          <lb/>Strasbourg, Crato Mylius 1539
          <lb/>PHILIPPI MELANCHTHONIS DE DIALE ctica libri qua¬
          <lb/>tuor, ab autore postremo recogniti, &amp;amp; in plerisque locis
          <lb/>de integro conscripti, id quod in telliget lector, si ea quae
          <lb/>de relatione in hoc libro scripta sunt, conferet (!) cum
          <lb/>omnibus iis, quae in aliis aeditionibus continentur.
          <lb/>(Marque typ. de Crato Mylius. H AB Planche XXVI n° 1a). Au¬
          <lb/>dessous: M. D. XXXVIII.Cum Gratia &amp;amp; Privilegio Imper.
          <lb/>(Verso blanc.)
          <lb/>A la fin, avant les errata: ARGENTORATI APVD CRA- TONEM
          <lb/>MYLIVM, AN. M. D. XXXIX MENSe MART. (Feuille de lierre.)
          <lb/>Au verso du dernier f., autre marque typ. de Crato Mylius. (HEB
          <lb/>Planche XXVI n° 4.)
          <lb/>In-8°, car. ital., 12 ff. non ch., 220 pp., 2 ff. non ch., titre cou¬
          <lb/>rant, réclames, init. à fig.
          <lb/>Fol. « 2a: Iohannes! Sturmius Gulielmo Sturmio Patri! S. P. D....
          <lb/>— Argentinae Cal.! Februariis.! Anno M. D. XXXVIII. (Feuille de
          <lb/>lierre.) Dédicace de 3 pp. en car. rom. Suit une table de 16 pp.
          <lb/>Fol. 8 3b : Philippus Melanchthon Guilielmo! Reiffenstein... —
          <lb/>Ex Viteberga, Calendis Iuliï. (F,E) (3 pp.)
          <lb/>Pages 211-220: De Sedibus! Argumentorum, Pari- terque argu¬
          <lb/>mentis, Georgio! Valla autore. (Notes marg.)
          <lb/>1007
        </p>
      </div>
    </body>
  </text>
</TEI>
