<?xml version='1.0' encoding='UTF-8'?>
<?xml-model href="https://raw.githubusercontent.com/OpenITI/tei_openiti/master/tei_openiti.rng" type="application/xml" schematypens="http://relaxng.org/ns/structure/1.0"?>
<?xml-model href="https://raw.githubusercontent.com/OpenITI/tei_openiti/master/tei_openiti.rng" type="application/xml" schematypens="http://purl.oclc.org/dsdl/schematron"?>
<TEI xmlns="http://www.tei-c.org/ns/1.0">
  <teiHeader>
    <fileDesc>
      <titleStmt>
        <title/>
      </titleStmt>
      <publicationStmt>
        <p/>
      </publicationStmt>
      <sourceDesc>
        <p/>
      </sourceDesc>
    </fileDesc>
    <profileDesc>
      <calendarDesc>
        <calendar xml:id="ah">
          <p>Anno Hegirae</p>
        </calendar>
      </calendarDesc>
    </profileDesc>
    <xenoData xml:space="preserve">
CREATED: 2024-04-15T09:07:53.167626+00:00
CREATED BY: eScriptorium vpassthistobuildcmd
IMAGE FILENAME: A121078357.tif
IMAGE WIDTH: 2338
IMAGE HEIGHT: 3850
</xenoData>
  </teiHeader>
  <text>
    <body>
      <div>
        <p>
          <lb/>lectorem Tetrasticon Joannis Gallinarii, (2 dist.)) Quae omnia
          <lb/>vox laudet dominum Pa-negiricon Joannis Gallinarii. B.
          <lb/>(3 dist.)
          <lb/>A la fin: Psalterium davidicum diligenter revisum et
          <lb/>ca- stigatum: perque Joannem prüs iuniorem) in Argen¬
          <lb/>toraci urbe ac edibus lu- stri: vulgo: zum thiergarten
          <lb/>impressum. An-no M. ceccc. ] xii.
          <lb/>In-4°, (car. goth., CXXVII ff. ch., titre courant, notes marg.,
          <lb/>grandes init. à fig. B, D, S. E, C, titre rouge et noir, beaucoup de
          <lb/>lettres rouges dans le texte; au-dessus des psaumes et des hymnes, des
          <lb/>lignes rouges pour y placer des neumes. Au verso du titre, table à 2 col.
          <lb/>(4 pp.)
          <lb/>R 192.079. Proy, inconnue. Notes mss., en bas du titre:, Dieses
          <lb/>Buch hat H. Christian Gebhard Scheuchler Bürger und Gold-Schmid in
          <lb/>die neu aufgerichtete Schul Bibliothek zu Doelitzsch verehret. Den 18
          <lb/>Febr. 1718.&amp;quot;
          <lb/>Schmidt III p. 29 n° 1.
          <lb/>1943
          <lb/>PSALTERIUM
          <lb/>Strasbourg, Beck 1519
          <lb/>Hoc Psalterium in nomine domini impressum cum
          <lb/>aliis correqui- sitis, secundum consuetudinem ordinis
          <lb/>Carthusiensium pro divis laudibus! et horis dicendis. ad
          <lb/>honorem et gloriam!... Jhesu christi cujus gratia et
          <lb/>usque in finem perductum est in domo montis beate
          <lb/>Marie Virginis prefati ordinis prope Argen. Anno M.ccccc.
          <lb/>xix... (Gravure: portique, au-dessous l’enfant Jésus sur un cousin,
          <lb/>étendu dans un pré, tenant de la main gauche un globe surmonté de la
          <lb/>croix, tandis que la main droite est levée pour bénir.)
          <lb/>A la fin: Explicit Libellus, cuilibet Monacho Carthu¬
          <lb/>siensis! ordinis, pro divino et diurno officio Horarum
          <lb/>Canonicarum, in Cellis de more persolven- darum, neces¬
          <lb/>sarius... Impressus in ea den domo. Anno M. D. XVIII.
          <lb/>In-4°, car. goth. noirs et rouges, 16 ff. non ch., sign. a-d. (titre
          <lb/>et calendrier) 4 CLVI ff. ch. (chiffres romains rouges), sign. A-Z, a-c.
          <lb/>Fol. Ia, grande init. à fig. B (haute de 98 mm. et large, de 80 mm.,
          <lb/>renfermant David à genoux), beaucoup d’init, ornées, d’autres, dont la
          <lb/>place avait été laissée vide, ont été ajoutées au pinceau en rouge.
          <lb/>Le Psautier est suivi des, Antiphonae ad horas diei per
          <lb/>totum annum&amp;quot;, 76 ff. ch. en noir, sign. AM; Schmidt IV p. 26
          <lb/>n° 30 attribue le livre à Beck, disant:»Il n’est guère probable que les
          <lb/>Chartreux eussent établi dans leur maison une imprimerie permanente;
          <lb/>on ne coùnait, pour avoir été publié chez eux, que ce Psautier suivi de
          <lb/>l’Antiphonaise. Les initiales ornées sont les mêmes que celles dont s’est
          <lb/>servi Beck dans l’édition d’Enée Silvius du 16 juin 1515. Je suppose que
          <lb/>1243
        </p>
      </div>
    </body>
  </text>
</TEI>
