<?xml version='1.0' encoding='UTF-8'?>
<?xml-model href="https://raw.githubusercontent.com/OpenITI/tei_openiti/master/tei_openiti.rng" type="application/xml" schematypens="http://relaxng.org/ns/structure/1.0"?>
<?xml-model href="https://raw.githubusercontent.com/OpenITI/tei_openiti/master/tei_openiti.rng" type="application/xml" schematypens="http://purl.oclc.org/dsdl/schematron"?>
<TEI xmlns="http://www.tei-c.org/ns/1.0">
  <teiHeader>
    <fileDesc>
      <titleStmt>
        <title/>
      </titleStmt>
      <publicationStmt>
        <p/>
      </publicationStmt>
      <sourceDesc>
        <p/>
      </sourceDesc>
    </fileDesc>
    <profileDesc>
      <calendarDesc>
        <calendar xml:id="ah">
          <p>Anno Hegirae</p>
        </calendar>
      </calendarDesc>
    </profileDesc>
    <xenoData xml:space="preserve">
CREATED: 2024-04-15T09:07:42.723554+00:00
CREATED BY: eScriptorium vpassthistobuildcmd
IMAGE FILENAME: A121078005.tif
IMAGE WIDTH: 2376
IMAGE HEIGHT: 3850
</xenoData>
  </teiHeader>
  <text>
    <body>
      <div>
        <p>
          <lb/>LACTANTIUS: Ex Lactantio quaedam pulcherrima. Voir:
          <lb/>WIMPFELING: Adolescentia. Strasbourg, M. Hupfuff 1515.
          <lb/>LAMBERTUS Franciscus
          <lb/>Strasbourg, J. Herwagen s. d.
          <lb/>IN IOHE LEM PROPHETAM, qui è duodecim secundus
          <lb/>est,) Francisci Lamberti Aveni-onensis Commentarii.
          <lb/>Cum gratia &amp;amp; priuilegio Caesareo ad triennium.
          <lb/>In-8°, car. ital, et rom., 60 ff. ch., titre courant, réclames, init.,
          <lb/>bandes d’ornement; encadrement du titre propre à Herwagen (avec Mi¬
          <lb/>nerve et Mercure à la bande inférieure).
          <lb/>Au verso du titre:... D. SIGISMVNDO Co miti ab Hohen¬
          <lb/>loe... insi-gnis Ecclesiae Argentinensis Decano... Francis.
          <lb/>Lamber... (Dédicace de 5 pp.)
          <lb/>R101.149(3). Prov.: Bibl. Ed. Reuss, Strasbourg 1891. Pème ex.
          <lb/>R102.139. Prov.: Bibl. Ch. Schmidt avec son ex-libris.
          <lb/>Bibliographie de Fr. Lambert. Voir: Schottenloher I n° 10223-
          <lb/>10233.
          <lb/>1322
          <lb/>LAMBERTUS Franciscus
          <lb/>Strasbourg, Joh. Knobloch vers 1523
          <lb/>CHRISTIA NISSIMI DOC. MARTINI! Lutheri, &amp;amp; Annemundi
          <lb/>Cocti Equitis Galli, pro sequentibus commentariis Epi¬
          <lb/>stolae. EVANGELICI IN MINO- ritarum Regulam Commen¬
        </p>
      </div>
    </body>
  </text>
</TEI>
