<?xml version='1.0' encoding='UTF-8'?>
<?xml-model href="https://raw.githubusercontent.com/OpenITI/tei_openiti/master/tei_openiti.rng" type="application/xml" schematypens="http://relaxng.org/ns/structure/1.0"?>
<?xml-model href="https://raw.githubusercontent.com/OpenITI/tei_openiti/master/tei_openiti.rng" type="application/xml" schematypens="http://purl.oclc.org/dsdl/schematron"?>
<TEI xmlns="http://www.tei-c.org/ns/1.0">
  <teiHeader>
    <fileDesc>
      <titleStmt>
        <title/>
      </titleStmt>
      <publicationStmt>
        <p/>
      </publicationStmt>
      <sourceDesc>
        <p/>
      </sourceDesc>
    </fileDesc>
    <profileDesc>
      <calendarDesc>
        <calendar xml:id="ah">
          <p>Anno Hegirae</p>
        </calendar>
      </calendarDesc>
    </profileDesc>
    <xenoData xml:space="preserve">
CREATED: 2024-04-15T09:07:47.907728+00:00
CREATED BY: eScriptorium vpassthistobuildcmd
IMAGE FILENAME: A121078188.tif
IMAGE WIDTH: 2300
IMAGE HEIGHT: 3846
</xenoData>
  </teiHeader>
  <text>
    <body>
      <div>
        <p>
          <lb/>1074
          <lb/>OBRECHT Georgius
          <lb/>Strasbourg, A. Bertram 1592
          <lb/>DISPVTATIO DE MILITARI DISCIPLINA, QVAE ADMINI-STRA¬
          <lb/>TIONIS BELLI PRIMAM ET ] praecipuam partem continet :
          <lb/>Inclyta Argentoratensium Academia publici! exereitii causa
          <lb/>proposita à GEORGIO OBRECHTO. I. C. Respondente
          <lb/>ILLVSTRI ET GENEROSO DOMINO, Domino Ioanne Skumyn,
          <lb/>P. N. Capita- neo Braslaviensi, etc. Li- thuano. (Marque tup.
          <lb/>d’Ant. Bertram. HŒB Planche XLIV n° 2; Silvestre n° 1022.)
          <lb/>ARGENTORATI! Excudebat Antonius Bertramus. M. D.
          <lb/>XCII. (Verso blane.)
          <lb/>In-4°, car, rom. et ital., 62 ff. non ch., sign. A-P, réclames, init.
          <lb/>ornées D, M; 2 bandes d’ornement.
          <lb/>Fo. A 2 :... Dominó Ioanni Sku- myn... — Scriptum! die Lunae
          <lb/>post festum Paschae Anno Christi M. D. XCH. Argentorati... G. Obrech¬
          <lb/>tus I. C. (5 pp.)
          <lb/>R101519. Prov. inconnue. Au dessous du titre: Andreas Birk.
          <lb/>1651
          <lb/>OBRECHT Georgius
          <lb/>Strasbourg, A. Bertram 1594
          <lb/>DISPVTATIO PRIMA, ] EX OBRECHTIA- NIS SCHOLIS LIBRI
          <lb/>PRIMI DE! Iudiciis, tàm ex veteri, quàm novo, moribus &amp;amp;
          <lb/>Im- perii ordinationibus recepto &amp;amp; approbatolure de¬
          <lb/>sumpta :Et in Inclyta Argentoratensium Academia pu¬
          <lb/>blici! exercitii causa proposita. à GEORGIO OBRECHTO
          <lb/>ic. Respondente M. MELCHIORE IVNIO, MAGNIFICI VIRI
          <lb/>Melchioris Iunii, Academiae Argentoratensis Rectoris Fi¬
          <lb/>lio. Disputabitur mense Aprili. (Vign., répétée à la fin.)
          <lb/>Argentorati, Excudebat Antonius Bertramus.! CIO. ID.
          <lb/>XCIV.
          <lb/>In-40, car. ital., 12 ff. non ch., sign. A-C, réclames, init, ornée D,
          <lb/>titre encadré (ornements), toutes les pages sont encadrées de même; à la
          <lb/>fin bande d’ornement.
          <lb/>Au verso du titre :... Dominis, ! D. Friderico, D. Wolfgango Er¬
          <lb/>nesto,! D. Ioanni Theodorico, Comitibus à Leonstein, Wertheim &amp;amp;
          <lb/>Rutschen- fort, Dominis in Scharpfeneck &amp;amp;̀ Breuberg: D. D. Fratribus
          <lb/>Germanis, Dominis suis Clementibus. Hanc, ex Obrechtianis scholis
          <lb/>libri primi de Iudiciis... disputationem de- sumptam!... dedicat. M. Mel¬
          <lb/>chior Iunius Iunior. Respondens.
          <lb/>Fol. C 3b: Ode Christophori Coleri, Franci, (28 vers.)
          <lb/>Fol. C 4a: 14 dist. de M. Paul Virdung. (Verso blanc.)
          <lb/>R10.565. Prov. inconnue.
          <lb/>1652
        </p>
      </div>
    </body>
  </text>
</TEI>
