<?xml version='1.0' encoding='UTF-8'?>
<?xml-model href="https://raw.githubusercontent.com/OpenITI/tei_openiti/master/tei_openiti.rng" type="application/xml" schematypens="http://relaxng.org/ns/structure/1.0"?>
<?xml-model href="https://raw.githubusercontent.com/OpenITI/tei_openiti/master/tei_openiti.rng" type="application/xml" schematypens="http://purl.oclc.org/dsdl/schematron"?>
<TEI xmlns="http://www.tei-c.org/ns/1.0">
  <teiHeader>
    <fileDesc>
      <titleStmt>
        <title/>
      </titleStmt>
      <publicationStmt>
        <p/>
      </publicationStmt>
      <sourceDesc>
        <p/>
      </sourceDesc>
    </fileDesc>
    <profileDesc>
      <calendarDesc>
        <calendar xml:id="ah">
          <p>Anno Hegirae</p>
        </calendar>
      </calendarDesc>
    </profileDesc>
    <xenoData xml:space="preserve">
CREATED: 2024-04-15T09:07:45.748988+00:00
CREATED BY: eScriptorium vpassthistobuildcmd
IMAGE FILENAME: A121078111.tif
IMAGE WIDTH: 2314
IMAGE HEIGHT: 3844
</xenoData>
  </teiHeader>
  <text>
    <body>
      <div>
        <p>
          <lb/>In-80, car. ital., titre des chapitres car. rom., 144 ff. ch., titre
          <lb/>courant, réclames, grande init. à fig. Q avec le monogr. CC, le reste init.
          <lb/>d’attente; titre encadré.
          <lb/>Fol. A 2a : Martinus Luther Philippo Melanchthoni Gratiam et
          <lb/>Pacem in Christo.... Vittenbergae Vicesima Nona Iulii. AN. M. D. XXII.
          <lb/>R101.237. Prov.: Oscar Rauthe, Berlin 3/II 1914; 16 M. An¬
          <lb/>notations mss.
          <lb/>2ème ex.: R 100.869. Prov.: Bibl. Ed. Reuss avec son ex-libris
          <lb/>1891. Au recto du f. de garde : Zürich. b. Hainke, Nov. 1845. 1 fr.
          <lb/>Ed. Reuss.
          <lb/>1508
          <lb/>MELANCHTHON Philippus
          <lb/>Strasbourg, J. Herwagen 1523
          <lb/>ANNO TATIONES PHILIPPI Melanchthonis in Epistolam
          <lb/>Pau! li ad Romanos unam, Et ad! Corinthios duas. (Feuille
          <lb/>de lierre.)
          <lb/>ARGENTORATI APVD IOHAN-NEM HERVAGIVM TERTIO
          <lb/>NONAS MAH ANNO! M. D. XXIII. (Verso blanc.)
          <lb/>In-8°, car. ital., 144 ff. ch., titre courant, réclames, 2 grandes et
          <lb/>belles init. à fig. I et 9, la dernière signée CC; titre encadré, en haut
          <lb/>Dieu le père dans les nuages, à sa droite St. Pierre avec les clefs, à sa
          <lb/>gauche St. Paul; dans les bordures latérales, les Évangélistes, dans la
          <lb/>bordure inférieure d’un côté Mercure, de l’autre Minerve.
          <lb/>Au verso du titre: (Feuille de lierre.) Marti! nus Luther Philippo
          <lb/>Me- lanchthoni... Vittenbergae Vicesima Nona Iulii. An. M. D. XXII.
          <lb/>R100.443. Prov.: Rosenthal, Munich 11/VI 1889; 8M. 1509
          <lb/>MELANCHTHON Philippus
          <lb/>Strasbourg, J. Herwagen 1523
          <lb/>ANNO- TATIONES PHILIPPI Melanchthonis in Epistolam
          <lb/>Pauli ad Romanos unam. Et ad Corinthi os duas. dili¬
          <lb/>gentissime recognitae. CVM INDICE AD CALCEM Libelli
          <lb/>addito perquàm utile. (Feuille de lierre.)
          <lb/>ARGENTORATI apud Iohannem Hervagium. Anno.
          <lb/>M. D. XXIII.
          <lb/>A la fin avant la table: ARGENTORATI APVD IOHAN NEM
          <lb/>HERVAGIVM SEXTO CA- LENDAS SEPTEMBRES ANNO M. D.
          <lb/>XXIII. (Verso blanc.)
          <lb/>In-8°, car. ital., 144 ff. ch., 8 ff. non ch. (INDEX! INSIGNIVM
          <lb/>ET MEMORA bilium Locorum ferè omnium, qui in! Episto.
          <lb/>ad Roman, &amp;amp; utràmque ad! Corinthios continentur.) (3 feuilles
          <lb/>de lierre et titre encadré, les bordures supérieure et latérales ornements
          <lb/>de fleurs, bordure inférieure à gauche Minerve, à droite Mercure), titre
          <lb/>997
        </p>
      </div>
    </body>
  </text>
</TEI>
