<?xml version='1.0' encoding='UTF-8'?>
<?xml-model href="https://raw.githubusercontent.com/OpenITI/tei_openiti/master/tei_openiti.rng" type="application/xml" schematypens="http://relaxng.org/ns/structure/1.0"?>
<?xml-model href="https://raw.githubusercontent.com/OpenITI/tei_openiti/master/tei_openiti.rng" type="application/xml" schematypens="http://purl.oclc.org/dsdl/schematron"?>
<TEI xmlns="http://www.tei-c.org/ns/1.0">
  <teiHeader>
    <fileDesc>
      <titleStmt>
        <title/>
      </titleStmt>
      <publicationStmt>
        <p/>
      </publicationStmt>
      <sourceDesc>
        <p/>
      </sourceDesc>
    </fileDesc>
    <profileDesc>
      <calendarDesc>
        <calendar xml:id="ah">
          <p>Anno Hegirae</p>
        </calendar>
      </calendarDesc>
    </profileDesc>
    <xenoData xml:space="preserve">
CREATED: 2024-04-15T09:07:54.337650+00:00
CREATED BY: eScriptorium vpassthistobuildcmd
IMAGE FILENAME: A121078394.tif
IMAGE WIDTH: 2356
IMAGE HEIGHT: 3848
</xenoData>
  </teiHeader>
  <text>
    <body>
      <div>
        <p>
          <lb/>1280
          <lb/>fol. 3b, armoiries comme au n° précédent.
          <lb/>70 grandes grav. d’une page entière (chevaux, mors, etc.)
          <lb/>R10.192. Prov. : Société des Sciences: Agriculture et Arts de
          <lb/>Strasbourg; 6-1.1932.
          <lb/>2e ex. R 10.384(2). Prov. : Bibl. Hammeriana.
          <lb/>Ritter: Catal. B M Strasbourg n° 1805. Baer, Francfort s. M.,
          <lb/>Catalogue 500 (1907), n° 1076; 60 M.:»Die interessanten Holzschnitte
          <lb/>stehen stilistisch Jost Amman nahe. Einer derselben ist CM (Nagler
          <lb/>Mon. II 148, 414, Christoph Murer) bezeichnet, ein anderer von einem,
          <lb/>1996
          <lb/>Nagler unbekannten Formschneider NB geschnitten.&amp;quot;
          <lb/>REUSNER Bartholomaeus
          <lb/>Strasbourg, A. Bertram 1599
          <lb/>DISPUTATIO DE TRADITI-] ONIBUS MODO ADQUI¬
          <lb/>RENDI DOMINII NATURALI! &amp;amp; FREQUENTI : ] IN INCLYTA AR¬
          <lb/>GEN- TORATENSIUM. Academia publici exer-citij causâ
          <lb/>proposita à GEORGIO OBRECHTO JC. Respondente
          <lb/>BARTHOLOMEO REUSNERO] Vratislaviensi Silesio.) (Vignette)
          <lb/>ARGENTORATI Excudebat Antonius Bertramus. 11599).
          <lb/>In-4°, car, rom., 4 ff. non ch., sign. A, réclames, init. ornée F,
          <lb/>titre encadré de 4 pièces d’ornement.
          <lb/>R10.548 (8) et R10.548 (14). Prov. Kubasta « Voigt, Vienne,
          <lb/>25-x.11896.
          <lb/>Voir: OBRECHT Georgius, Selectissimae diputationes ex
          <lb/>juris civilis materiis. Strasbourg, A. Bertram, 1599.
          <lb/>1997
          <lb/>REUSNER Christophorus
          <lb/>Strasbourg, B. Jobin 1587
          <lb/>Contrafacturbuch.! Ware und Leben- dige Bildnussen
          <lb/>etlicher weit- berhümbten und Hochgelehrten, Männer
          <lb/>in Teutschland. So beide die Religion auch gu- te
          <lb/>Künste und Sprachen, mit Lehren und schreiben, an
          <lb/>Liechtstag widerumb gebracht, ! in der Christenheit er¬
          <lb/>weitert und fort- gepflantzt haben. Sampt angehengten
          <lb/>kurtzen Elogiis und Lobsprüchen in vier Reim gefasset.
          <lb/>Durch Christophorum Reusnerum, der Keys. Statt Lewe¬
          <lb/>berg in Schlesy Syndicum.
          <lb/>Marque typ. de B. Jobin. (H e B, planche XXXVII, n° 5).
          <lb/>Alles mit bearbeitung und verlag, Bernhart Jobins. Mit Röm. Keys.
          <lb/>Mayestet Freyheit. Des 2 côtés de la marque 1587 ainsi que les mots
          <lb/>SAPIENTIA CONSTANS. (Verso blanc.)et à la fin: Cul de lampe avec la
          <lb/>marque de Jobin au milieu en miniature. Manque chez Heits e Barack.
          <lb/>In-8°, car. goth., 7 ff. non ch. (Préface), 102 ff. ch., 2 ff. non ch.
          <lb/>à 2 col. (Table), titre rouge et noir, encadré de 3 lignes; cet encadre¬
        </p>
      </div>
    </body>
  </text>
</TEI>
