<?xml version='1.0' encoding='UTF-8'?>
<?xml-model href="https://raw.githubusercontent.com/OpenITI/tei_openiti/master/tei_openiti.rng" type="application/xml" schematypens="http://relaxng.org/ns/structure/1.0"?>
<?xml-model href="https://raw.githubusercontent.com/OpenITI/tei_openiti/master/tei_openiti.rng" type="application/xml" schematypens="http://purl.oclc.org/dsdl/schematron"?>
<TEI xmlns="http://www.tei-c.org/ns/1.0">
  <teiHeader>
    <fileDesc>
      <titleStmt>
        <title/>
      </titleStmt>
      <publicationStmt>
        <p/>
      </publicationStmt>
      <sourceDesc>
        <p/>
      </sourceDesc>
    </fileDesc>
    <profileDesc>
      <calendarDesc>
        <calendar xml:id="ah">
          <p>Anno Hegirae</p>
        </calendar>
      </calendarDesc>
    </profileDesc>
    <xenoData xml:space="preserve">
CREATED: 2024-04-15T09:07:45.023669+00:00
CREATED BY: eScriptorium vpassthistobuildcmd
IMAGE FILENAME: A121078088.tif
IMAGE WIDTH: 2324
IMAGE HEIGHT: 3846
</xenoData>
  </teiHeader>
  <text>
    <body>
      <div>
        <p>
          <lb/>974
          <lb/>ten, und Rhät,) in oberm Elsäsz, auch Stattvogt, Schulthaisz,unnd Rhat
          <lb/>Fol. A 2a.... Meinen aller genedigisten herren, Landvogt, Regen¬
          <lb/>der Statt Ensisheim mei- nen gnedigen Herren... Ensishaim dex 15. Julii
          <lb/>desz 41. Jars... Georg! Maler der artztney! Doctor. (Verso blanc.)
          <lb/>R101257. Prov.: Trubner, Strasbourg 1/V 1888; 15 M.
          <lb/>1466
          <lb/>MALER Wolfgang. Voir: BRENTIUS Joh. n° 267.
          <lb/>MALLINIUS Casparus
          <lb/>Strasbourg, B. Jobin 1575
          <lb/>latrotheologonomicomachia! Carmen! Quo me- dicinae
          <lb/>excellen- tia, refutatis quibusdam obiectionibus osten¬
          <lb/>ditur. Per Casparum Mallinium Polonumin Caspari
          <lb/>Mallinii, iuvenis doctissimi, iatro theologonomicomachiam,
          <lb/>M. Iohan- nis Hasleri Bernatis, parpoo, pigramma.
          <lb/>(4 vers latins et 1 vers grec.)
          <lb/>Argentorati apud Bernhardum Iobinum. Anno, 1575.
          <lb/>(Verso blanc.)
          <lb/>In-8°, car. ital., 19 ff. non ch., sign. A-C, réclames.
          <lb/>Fol. 4 2: Magnifico... Iohanni Sario Zamoscio, Benfelsi, Zame¬
          <lb/>chensi, Knyschinensique etc....
          <lb/>R101.000. Prov.: Don des héritiers du Dr Tiemann par l&amp;#x27;inter¬
          <lb/>médiaire d’Albert Delius, Bielefeld 26/1x 1876.
          <lb/>1467
          <lb/>MAMERANUS: Fleyssige erzelung rhumreycher geschichten...
          <lb/>Voir: SABINUS : Beschreybung etlicher rathschlegen...
          <lb/>Mulhouse, P. Schmid 1561.
          <lb/>MANARDUS Jo.
          <lb/>Strasbourg, J. Schott 1529
          <lb/>Medici nales! epistolae! lo. Manardi Medici Ferrarien.
          <lb/>do- ctis., Recentiorum errata, &amp;amp; Antiquo rum decreta
          <lb/>penitissime referantes. Epistola Huberti Barlandi ad Medi¬
          <lb/>cinae apud Lovanienses studio- sam iuventutem. Index
          <lb/>operi adiectus...Argentorati apud Iohannem Schot- tum
          <lb/>1529.... (Verso blanc.)
          <lb/>A la fin: Argentorati in aedibus lo. Schotti Librarii.
          <lb/>M. D. XXIX.
          <lb/>In-8°, car. rom., 15 ff. non ch. — 130 ch. ★ 2 non ch., titre courant.
          <lb/>*R101.024. Prov.: L. Rosenthal, Munich /II 1894; 10M.
          <lb/>Au titre: «Bibl. Univers. Lips. Duplum.»
          <lb/>Oxford, Bibl. Bodleiana; Schmidt II n° 112: Munich; BN Paris,
          <lb/>80, Tagi. 5.
          <lb/>1468
        </p>
      </div>
    </body>
  </text>
</TEI>
