<?xml version='1.0' encoding='UTF-8'?>
<?xml-model href="https://raw.githubusercontent.com/OpenITI/tei_openiti/master/tei_openiti.rng" type="application/xml" schematypens="http://relaxng.org/ns/structure/1.0"?>
<?xml-model href="https://raw.githubusercontent.com/OpenITI/tei_openiti/master/tei_openiti.rng" type="application/xml" schematypens="http://purl.oclc.org/dsdl/schematron"?>
<TEI xmlns="http://www.tei-c.org/ns/1.0">
  <teiHeader>
    <fileDesc>
      <titleStmt>
        <title/>
      </titleStmt>
      <publicationStmt>
        <p/>
      </publicationStmt>
      <sourceDesc>
        <p/>
      </sourceDesc>
    </fileDesc>
    <profileDesc>
      <calendarDesc>
        <calendar xml:id="ah">
          <p>Anno Hegirae</p>
        </calendar>
      </calendarDesc>
    </profileDesc>
    <xenoData xml:space="preserve">
CREATED: 2024-04-15T09:07:44.028793+00:00
CREATED BY: eScriptorium vpassthistobuildcmd
IMAGE FILENAME: A121078048.tif
IMAGE WIDTH: 2352
IMAGE HEIGHT: 3840
</xenoData>
  </teiHeader>
  <text>
    <body>
      <div>
        <p>
          <lb/>932
          <lb/>A la fin du second volume: èv t ] άγαvός ôro rétpoο Bpoo¬
          <lb/>Baxyíoo, etet! co ythiooq revtixoctoco tet] αxooo répxto. Mnvi
          <lb/>Bap-1TqMövt iogpévo. (Verso blanc.)
          <lb/>In-8°, car. grecs, réclames, init. Vol. 1; 2 ff. non ch., 848 pp. ch.,
          <lb/>marque typ. de Brubach (HEB Planche LXIX n° 4); vol. 2: 970 pp.
          <lb/>ch., marque typ. de Brubach (HEB Planche LXX n° 5).
          <lb/>R101487. Prov. inconnue. Timbre: Duplum e Bibl. Reg. Regio¬
          <lb/>montana. Annotations mss. Vol. 1 : Urbanus Stormius Marieburgensis.
          <lb/>Vol. 2: Aus der Bibliothek des Stiftes Sct. Vinzenz zu Breslau. Biblio¬
          <lb/>thecae S. Vincentii Ord. Prem. 1755.
          <lb/>2ème ex. du 2ème vol.: R 101.488 avec quelques variantes. Prov.:
          <lb/>Treuttel e Wurte, Strasbourg II/VI 1894; 3 M. Annotations mss.:
          <lb/>Sum Joannis Tigurini 15.36. — Henricus Otto Gsœll 1795 Landaviensis.
          <lb/>BN Paris 239150-39151; BM Strasbourg. Brunet III2, 1207:
          <lb/>Texte d&amp;#x27;Alde.
          <lb/>1398
          <lb/>LUCIANUS
          <lb/>Strasbourg, W. Rihel 1549
          <lb/>Spiegel der Mensch-ichen blödigkeit.Warhafftige
          <lb/>ab contrafactur al- ler menschlichen stenden auff Erden,
          <lb/>unnd das! under allen kein wanckelbarer, schwecherer,
          <lb/>unnd sorgfel- tigerer standt sey, dann aller Oberkeit, biss
          <lb/>auff den Schult heiss, Drei schöner Gesprech des Dichters
          <lb/>Lucia-ni, Sampt andern lustigen und nutz- lichen Histo¬
          <lb/>rien. (Au-dessous, gravure sur bois: Jézabel adultère.)
          <lb/>Jetzund von newem verteutscht und ausgangen. Durch
          <lb/>J. Vielfeldt.
          <lb/>A la fin: Getruckt zû Straszburg bei Wendel Rihel,
          <lb/>Anno M. D. xlix.
          <lb/>In-4°, car. goth., 8 ff. non ch., XXXII ff. ch., titre courant, ré¬
          <lb/>clames au verso des ff., notes marg., tître encadré de 3 bandes juxta¬
          <lb/>posées, init. ornées D, I, 4 grav. sur bois; celle du f. 4b non ch. repré¬
          <lb/>sente un crâne humain avec la légende suivante:,Der Egyptier ge¬
          <lb/>brauch. In allem wolleben vnnd zechen liessen die Egyptier ein todten
          <lb/>bildlin eins eln-bogen lang vmbher tragen, zeigtens eim jeden in der
          <lb/>Zech mit disen worten, Sihe! disen an, iss, trinck, vnd sey frölich, also
          <lb/>wirstu auch nach deim todt werden.&amp;quot;
          <lb/>Fol. XXIb grande gravure (un vaisseau) avec les vers suivants:
          <lb/>Das Todten Schifflin bin ich genant,
          <lb/>Vnd fare hin durch alle landt,
          <lb/>Für bald vber reich vnd armen,
          <lb/>Vnd kann mich niemands erbarmen,
          <lb/>Sie müssen all mit mir zum gricht,
          <lb/>On verzuck, das ist mein verpficht.
          <lb/>*R101.498. Prov. inconnue.
          <lb/>BM Strasbourg.
          <lb/>1309
        </p>
      </div>
    </body>
  </text>
</TEI>
