<?xml version='1.0' encoding='UTF-8'?>
<?xml-model href="https://raw.githubusercontent.com/OpenITI/tei_openiti/master/tei_openiti.rng" type="application/xml" schematypens="http://relaxng.org/ns/structure/1.0"?>
<?xml-model href="https://raw.githubusercontent.com/OpenITI/tei_openiti/master/tei_openiti.rng" type="application/xml" schematypens="http://purl.oclc.org/dsdl/schematron"?>
<TEI xmlns="http://www.tei-c.org/ns/1.0">
  <teiHeader>
    <fileDesc>
      <titleStmt>
        <title/>
      </titleStmt>
      <publicationStmt>
        <p/>
      </publicationStmt>
      <sourceDesc>
        <p/>
      </sourceDesc>
    </fileDesc>
    <profileDesc>
      <calendarDesc>
        <calendar xml:id="ah">
          <p>Anno Hegirae</p>
        </calendar>
      </calendarDesc>
    </profileDesc>
    <xenoData xml:space="preserve">
CREATED: 2024-04-15T09:07:52.167210+00:00
CREATED BY: eScriptorium vpassthistobuildcmd
IMAGE FILENAME: A121078321.tif
IMAGE WIDTH: 2324
IMAGE HEIGHT: 3846
</xenoData>
  </teiHeader>
  <text>
    <body>
      <div>
        <p>
          <lb/>PLIENINGER Lambertus, Floridus
          <lb/>Strasbourg, J. Rihel 1583
          <lb/>Kurtz BedenckenVon der Emendation deszJars,
          <lb/>durch Bapst Gregorium den XIII.fürgenomen, und von
          <lb/>seinem Kalender, nach ihm Kalendarium Gregorianum
          <lb/>perpetuum intituliert. Ob solcher den Protestierenden
          <lb/>Ständen anzûnemen seie odercht. Mit angehencktem
          <lb/>Prognostico inn was zei- ten wir seien, ausz den Pro¬
          <lb/>pheten Daniele, Zacharia, und Apocalypsi Johannis! her¬
          <lb/>gefürt, und was wir zûge- warten haben. Gestellt! Durch
          <lb/>Lambertum Floridum Plieningerum, im Jar M. D. LXXXIII
          <lb/>im Monat Januario, zûr Warnung und auffmunderung der
          <lb/>Christen- heyt, sonderlich Deutscher Nation. Esaiae 66
          <lb/>sagt der Herr. (2 lign.)
          <lb/>Gedruckt zû Straszburg, durchJiam Rihel. (Verso
          <lb/>blanc.)
          <lb/>In-4°, car. goth., 8 ff. non ch. dont le dernier blane, 96 pp., ré¬
          <lb/>clames, notes marg., init. ornées D, E. Fol. A 2a non ch.: Vorred an
          <lb/>den Leser. (6 ff.)
          <lb/>R100.849. Prov, inconnue.
          <lb/>2ème ex. R102.194. Prov. inconnue. Annotations mss. En haut
          <lb/>du fol. A 2a non ch.: ,Legi 28 Octobr. Anno 1617.
          <lb/>BM Strasbourg.
          <lb/>1886
          <lb/>1207
          <lb/>PLINIUS Secundus Cajus (major)
          <lb/>Haguenau, Th. Anshelm 1518
          <lb/>C. PLYNU SE CVNDI NATVRAE HL] STORIARVM LIBRI
          <lb/>XXXVH. L E CASTIGATIONIRVS HERMO! LAL BARBARI QVAM
          <lb/>EMEN DATISSIME EDITI.) Adiectus est ad maiorem Studio¬
          <lb/>sorum commoditatem, Index! Joannis Camertis Minoritani,
          <lb/>quo Plinius ipse totus brevi mora temporis edisci potest.
          <lb/>Ap LECTOREM. (5 dist.)) CAVTVM MAXAEMIL. AVG.Decreto
          <lb/>Privilegio, ne quis intra Sexennium excudat.
          <lb/>4 la fin: Excusum, Hagenoae, typis ac formulis Tho¬
          <lb/>mae Anshelmi Badensis, Ductu &amp;amp; auspicio, Providi viri
          <lb/>LVCAE Alantseae Viennensis incolae. Anno a Christi natali.
          <lb/>M. D. XVIHI. Mense) Novembri. Caesare Max, aemiliano ha¬
          <lb/>benas moderante. (Marque typ. de Th. Anshelm. H a B planche
          <lb/>LXII n° 2; Silvestre n° 771. Verso blanc.)
          <lb/>In-fol, car, rom, CCLXXXVI ff. ch., et 96 ff, non ch. à 3 col.
          <lb/>(table avec un titre encadré pour la Ière partie et un titre non encadré
          <lb/>pour la Rème partie), titre courant, réclames, notes marg., belles et gran¬
        </p>
      </div>
    </body>
  </text>
</TEI>
