<?xml version='1.0' encoding='UTF-8'?>
<?xml-model href="https://raw.githubusercontent.com/OpenITI/tei_openiti/master/tei_openiti.rng" type="application/xml" schematypens="http://relaxng.org/ns/structure/1.0"?>
<?xml-model href="https://raw.githubusercontent.com/OpenITI/tei_openiti/master/tei_openiti.rng" type="application/xml" schematypens="http://purl.oclc.org/dsdl/schematron"?>
<TEI xmlns="http://www.tei-c.org/ns/1.0">
  <teiHeader>
    <fileDesc>
      <titleStmt>
        <title/>
      </titleStmt>
      <publicationStmt>
        <p/>
      </publicationStmt>
      <sourceDesc>
        <p/>
      </sourceDesc>
    </fileDesc>
    <profileDesc>
      <calendarDesc>
        <calendar xml:id="ah">
          <p>Anno Hegirae</p>
        </calendar>
      </calendarDesc>
    </profileDesc>
    <xenoData xml:space="preserve">
CREATED: 2024-04-15T09:07:50.790210+00:00
CREATED BY: eScriptorium vpassthistobuildcmd
IMAGE FILENAME: A121078283.tif
IMAGE WIDTH: 2308
IMAGE HEIGHT: 3848
</xenoData>
  </teiHeader>
  <text>
    <body>
      <div>
        <p>
          <lb/>mier, a–2, A–K pour le second livre, titre courant, réclames, init.
          <lb/>In-fol., car. goth., 2 col., 416 ff. non ch., sign. a-y pour le pre¬
          <lb/>d’attente. Le second livre a un nouveau titre: Secundus liber Rosarii
          <lb/>The- ologie aurei: ad Sententiarum se cundum librum accomodatissi¬
          <lb/>mum... (5 lignes.)
          <lb/>R10.354. Prov.: Bœr è Co, Francfort-s.-M. 20/1 1880; 12 M.
          <lb/>Notes mss. A l&amp;#x27;intérieur, armoiries d’un évêque; au-dessus BAZW.
          <lb/>gème ex. du fer et 2ème livre: R10.351 (1) et RI0.351 (2). Prov.:
          <lb/>Butsch fils (Vente Bibl. Buxheim), Augsbourg 22/x 1883; 12 M. Note
          <lb/>ms. en haut du titre: Cartusiae Buxheim.
          <lb/>BM Strasbourg et Grand Séminaire, Strasbourg, Inc. A 84.
          <lb/>1821
          <lb/>PELBARTUS DE THEMESWAR
          <lb/>Haguenau, H. Gran 1504
          <lb/>Expositio compendiosa et familiaris; sen- sum littera¬
          <lb/>lem et mysticum complectens : Libri Psalmorum: Qui ex
          <lb/>prae- stanti exuberanti quoque copiositate dei laudisona
          <lb/>multifa- riam inscribitur Scilicet! Psalterium! Liber hym¬
          <lb/>norum Regii Pro phete! Liber Soliloquiorum.Quam
          <lb/>expositionem Religiosus pater sacre Theologie Pro! fessor
          <lb/>Ordinis Minorum de Observantia Frater Pelbartus de
          <lb/>Themeswar zelotypia divini cultus estuans: mancipatorum
          <lb/>divinis officiis prohpudor inscicie pigricieique succurrere
          <lb/>sa-tagens: ex suorum thesaurorum gazophylatio faven¬
          <lb/>tissime profert Item Expo(sitiol Canticorum vefteris)
          <lb/>tes [tamenti) Canticorum no. [vil tes. [tamenti.] Symboli
          <lb/>Athanasii Hymni universalis crea- turae. (Verso blanc.)
          <lb/>A la fin: ... Impensis Circum- specti viri Joannis Ryn¬
          <lb/>man de Oringaw in Of! ficina Industrii Henrici Gran Civis
          <lb/>Imperia lis oppidi Hagenawen. Pridie Kal. Junii An no
          <lb/>virginei partus. 1504. optatum nacta est finem.
          <lb/>In-fol, car. goth., 2 col., OXXXIX ff. ch., titre courant, init.
          <lb/>d’attente.
          <lb/>R10.342. Prov.: Don de Fidelis Butsch fils, antiquaire à Augs¬
          <lb/>bourg 1871. Note ms. en haut du titre: Monasterii Ranshoven.
          <lb/>2ème ex. R10.360 (1). A l’intérieur du Ier plat ex-libris, au-dessous:
          <lb/>Iste Liber est Monasterii SS. Salvatoris &amp;amp; S. Crucis in Polling. Prix noté
          <lb/>au crayon 4M.
          <lb/>BN Paris, Rés. A 1043.
          <lb/>1822
          <lb/>PELBARTUS DE THEMESWAR
          <lb/>Haguenau, H. Gran 1504
          <lb/>Sermones Pomerii fratris Pelbarti de Themeswar di
          <lb/>vi Ordinis sancti Francisci.De tempore. (Verso blanc.)
          <lb/>R. 74
          <lb/>1169
        </p>
      </div>
    </body>
  </text>
</TEI>
