<?xml version='1.0' encoding='UTF-8'?>
<?xml-model href="https://raw.githubusercontent.com/OpenITI/tei_openiti/master/tei_openiti.rng" type="application/xml" schematypens="http://relaxng.org/ns/structure/1.0"?>
<?xml-model href="https://raw.githubusercontent.com/OpenITI/tei_openiti/master/tei_openiti.rng" type="application/xml" schematypens="http://purl.oclc.org/dsdl/schematron"?>
<TEI xmlns="http://www.tei-c.org/ns/1.0">
  <teiHeader>
    <fileDesc>
      <titleStmt>
        <title/>
      </titleStmt>
      <publicationStmt>
        <p/>
      </publicationStmt>
      <sourceDesc>
        <p/>
      </sourceDesc>
    </fileDesc>
    <profileDesc>
      <calendarDesc>
        <calendar xml:id="ah">
          <p>Anno Hegirae</p>
        </calendar>
      </calendarDesc>
    </profileDesc>
    <xenoData xml:space="preserve">
CREATED: 2024-04-15T09:07:44.595116+00:00
CREATED BY: eScriptorium vpassthistobuildcmd
IMAGE FILENAME: A121078072.tif
IMAGE WIDTH: 2334
IMAGE HEIGHT: 3848
</xenoData>
  </teiHeader>
  <text>
    <body>
      <div>
        <p>
          <lb/>958
          <lb/>vent, bisz auff den Ersten Sontag nach Epyphanie. Mit
          <lb/>II.] Das Erst theyl vom Er- sten Sontag an, im Ad¬
          <lb/>Eyner Christlichen Vorreden, und Register.
          <lb/>XXXI.
          <lb/>Truckt zû Straszburg bey Wolff. Köphl. L ANNO. M. D.
          <lb/>die Epistelen unnd! Evangelien vom Ersten Sontag im Ad¬
          <lb/>A la fin de cette première partie: Ende der Postillen über
          <lb/>vent, bisz an den Er-] sten Sontag nach der heyligen drey
          <lb/>König tag. Ge- druckt zû Straszburg bey Wolff Köpphel,
          <lb/>und! volendet im Hornung, im iar als man! zalt von der
          <lb/>geburt unsers Herren Jesu Christi.! M. D. XXIX.
          <lb/>In-fol., car. goth., 12 ff. non ch., COXL ff. ch., titre courant, récl.,
          <lb/>notes marg., titre rouge et noir, encadré: au milieu de la bande infé¬
          <lb/>rieure, marque typ. de Kœpfel (H e B Planche XVIII n° 11), les
          <lb/>3 autres bordures sont composées d’armes diverses, suspendues.
          <lb/>Au verso du dernier f, marque typ. de Kœpfel. (HOB Planche
          <lb/>XVIII n° 8.)
          <lb/>Au verso du titre:... Herrn Albrecht Graffen z6̂ Manszfelt, Herrn
          <lb/>zu Schrappeln und Heldrungen &amp;amp;c. meinem gnä! digen Herren. Martinus
          <lb/>Luther.... — Geben! in der wüsten am tag Sanct Elizabeth. Anno &amp;amp;c.
          <lb/>1521. (Préface, 2 pp. et demie.)
          <lb/>III.] Das ander teyle der Postillen: oder Auszle- gung
          <lb/>der Episteln und Evangelien:Von dem ersten Sontag
          <lb/>nach Epi! phanie an, bitz auff den er-! sten Sontag im
          <lb/>Ad-vent mit seinem! Register. D. Martin Luthers.
          <lb/>Zù Straszburg bei Wolff! Köpphl. Anno M. D. XXXI.
          <lb/>In-fol., car. goth., 12 ff. non ch. (Index à 2 col.), CCXLI f, ch.
          <lb/>et 1 f. blanc, titre courant, récl., notes marg., init. ornées, titre encadré
          <lb/>comme le titre principal. Au verso du titre: Wolff Kœpphl! dem Christ¬
          <lb/>lichen Leser. (Comme dans l’édition de 1544.)
          <lb/>IIII.] Das dritte teyl! der Postillen oder Auszle! gung
          <lb/>der Evangelien an den fürnemisten Festen im gantzen
          <lb/>Jar, geprediget durch Doctor! Martinum Luther. ANNO.
          <lb/>M. D. XXXII. (Verso blanc.)
          <lb/>A la fin: Gedruckt zû Straszburg bey Wolff! Köpphl.
          <lb/>Nach der geburt Christi, als man zalt. M. D. XXXII.
          <lb/>In-fol., car. goth., 7 ff. non ch., CLV ff. ch., 2 ff. blancs, dont le
          <lb/>premier contient au verso la marque typ. de Kœpfel. (H AB Planche
          <lb/>XVIII n° 9), même encadrement du titre qu’au titre principal).
          <lb/>Fol. AA 2a non ch.: Vorrede Martin Luthers. (19 lignes.) Au¬
          <lb/>dessous: Stephanus Rodt dem Leser.... Die Summen so bey eim yeglichen
          <lb/>Evangelion stehen, seind ausz der! Latinischen Postillation Johan Bugen¬
          <lb/>hagen Pomers verteutschet. Suivent 9 pp. de table à 2 col.
        </p>
      </div>
    </body>
  </text>
</TEI>
