<?xml version='1.0' encoding='UTF-8'?>
<?xml-model href="https://raw.githubusercontent.com/OpenITI/tei_openiti/master/tei_openiti.rng" type="application/xml" schematypens="http://relaxng.org/ns/structure/1.0"?>
<?xml-model href="https://raw.githubusercontent.com/OpenITI/tei_openiti/master/tei_openiti.rng" type="application/xml" schematypens="http://purl.oclc.org/dsdl/schematron"?>
<TEI xmlns="http://www.tei-c.org/ns/1.0">
  <teiHeader>
    <fileDesc>
      <titleStmt>
        <title/>
      </titleStmt>
      <publicationStmt>
        <p/>
      </publicationStmt>
      <sourceDesc>
        <p/>
      </sourceDesc>
    </fileDesc>
    <profileDesc>
      <calendarDesc>
        <calendar xml:id="ah">
          <p>Anno Hegirae</p>
        </calendar>
      </calendarDesc>
    </profileDesc>
    <xenoData xml:space="preserve">
CREATED: 2024-04-15T09:07:48.761933+00:00
CREATED BY: eScriptorium vpassthistobuildcmd
IMAGE FILENAME: A121078218.tif
IMAGE WIDTH: 2306
IMAGE HEIGHT: 3848
</xenoData>
  </teiHeader>
  <text>
    <body>
      <div>
        <p>
          <lb/>1104
          <lb/>jar her gantz sorglich und gfärlich gewesen, Derwegen wir
          <lb/>die gepott so unsere vorfarn, unnd wir von vilen jaren
          <lb/>her gethan. Als nemblich das dhein burger... in dhein
          <lb/>reis oder krieg reitten.., soll... So aber vill desselben un¬
          <lb/>geacht in krieg und vheindtschafft gezogen... Derhalben
          <lb/>so gepietten und verpietten wir abermals allen... das ir
          <lb/>dheiner... inn dheinen krieg ziehen... sollen noch wöllen... —
          <lb/>Actum et decretum sampstags den sechsten lanuarui
          <lb/>Anno Viertzig und drei. (Verso blanc.)
          <lb/>Placard, in-4°, car. goth., 19 lignes, init. ornée W.
          <lb/>R 21 (17). Prov. : Bibl. Heitz, Strasbourg 1871. Au-dessus du
          <lb/>texte: Jo. Mayer, Prothonotarius, Subscripsit.
          <lb/>2ème ex. R 22 (38). Même provenance et même signature. Au verso
          <lb/>1708
          <lb/>blanc: Verbot in den Krieg zu fahren oder zu gehen.
          <lb/>ORDONNANCE
          <lb/>Strasbourg 1544
          <lb/>WIr Hiltbrand von Mülnheim der Meister und der Raht
          <lb/>zû Straszburg, thûn! kundt, nach dem vergangner jaren,
          <lb/>unsere vorfaren Meister und Raht, sampt den ein und
          <lb/>zwentzigen,... ordnung und masz geben, wie es in diser
          <lb/>statt Straszburg, mit den hochzeiten und braut- lauffen
          <lb/>soll gehalten werden, damit der uberflüssig kosten so des
          <lb/>orts gebraucht... Gebieten und verbieten also! und wöllen
          <lb/>auch, das kein burger noch einwoner... nun hinfüro kein
          <lb/>hochzeit, bei keinem würt, gasthalter noch hauptkannen,
          <lb/>in oder ausserthalb in der statt oberkeit verdingen... soll,
          <lb/>bei einer peen fünff pfund pfennig... —
          <lb/>Erkandt und geben sambstags den sibenzehenden Maiens,
          <lb/>...fünffzehenhundert viertzig und vier jar. (Verso blanc.)
          <lb/>Placard, in-fol., car. goth., 22 lignes, init. goth. W.
          <lb/>R 21 (18). Prov. : Bibl. Heîte, Strasboura 1871.
          <lb/>2ème ex. R 22 (23), 3ème ex. R 22 (24). Même provenance. L’exem¬
          <lb/>plaire 22 (24) est signé: Jo. Mayer, Prothonotarius Subscripsit. 1709
          <lb/>ORDONNANCE
          <lb/>Strasbourg 1545
          <lb/>DEm nach sich nun vil mal zûtragen und sich ye
          <lb/>mehr einreissen und beschehen will, das an einem Son¬
          <lb/>tag, der doch dem Almechtigen heilig sein... solt, Das
        </p>
      </div>
    </body>
  </text>
</TEI>
