<?xml version='1.0' encoding='UTF-8'?>
<?xml-model href="https://raw.githubusercontent.com/OpenITI/tei_openiti/master/tei_openiti.rng" type="application/xml" schematypens="http://relaxng.org/ns/structure/1.0"?>
<?xml-model href="https://raw.githubusercontent.com/OpenITI/tei_openiti/master/tei_openiti.rng" type="application/xml" schematypens="http://purl.oclc.org/dsdl/schematron"?>
<TEI xmlns="http://www.tei-c.org/ns/1.0">
  <teiHeader>
    <fileDesc>
      <titleStmt>
        <title/>
      </titleStmt>
      <publicationStmt>
        <p/>
      </publicationStmt>
      <sourceDesc>
        <p/>
      </sourceDesc>
    </fileDesc>
    <profileDesc>
      <calendarDesc>
        <calendar xml:id="ah">
          <p>Anno Hegirae</p>
        </calendar>
      </calendarDesc>
    </profileDesc>
    <xenoData xml:space="preserve">
CREATED: 2024-04-15T09:07:44.151912+00:00
CREATED BY: eScriptorium vpassthistobuildcmd
IMAGE FILENAME: A121078055.tif
IMAGE WIDTH: 2344
IMAGE HEIGHT: 3844
</xenoData>
  </teiHeader>
  <text>
    <body>
      <div>
        <p>
          <lb/>Johannes Knoblouchus typis ex- cussit Argentorati.
          <lb/>1521. (Feuille de lierre.) (Verso blanc.)
          <lb/>In-8°, ear, grecs et rom., 14 ff. non ch., 87 f. ch. et 14 ff. non
          <lb/>ch. (Auctuarium), réclames.
          <lb/>Fol. a 2a-b 6b: Epistola nuncupatoria de Luscinius à Jean de
          <lb/>Botzheim, chanoine à Constance, datée: Argentorati Kalen.! Martii. Anno...
          <lb/>M. D. XXI. Au-dessous 3 feuilles de lierre.
          <lb/>*R100.033. Prov.: BN Munich, 15/1V 1879; 0,40 M.
          <lb/>BM Strasbourg. Schmidt VII n° 225: Bibl. St. Guillaume Stras¬
          <lb/>bourg.
          <lb/>1411
          <lb/>LUSCINIUS Ottomar
          <lb/>Strasbourg, J. Knobloch 1522
          <lb/>IR
          <lb/>VS SOPHISTA SIVE PELA¬
          <lb/>gus humanæ miserie, OttomartLe
          <lb/>scinij Argentini Iurec quodo¬
          <lb/>ceuur utrius naturauduu¬
          <lb/>temetfelicitatem propius
          <lb/>aordat, hominis,
          <lb/>an brutiani
          <lb/>mantis.
          <lb/>M,GRVN.
          <lb/>ni] Corocottæ Testamentum¬
          <lb/>941
          <lb/>3
        </p>
      </div>
    </body>
  </text>
</TEI>
