<?xml version='1.0' encoding='UTF-8'?>
<?xml-model href="https://raw.githubusercontent.com/OpenITI/tei_openiti/master/tei_openiti.rng" type="application/xml" schematypens="http://relaxng.org/ns/structure/1.0"?>
<?xml-model href="https://raw.githubusercontent.com/OpenITI/tei_openiti/master/tei_openiti.rng" type="application/xml" schematypens="http://purl.oclc.org/dsdl/schematron"?>
<TEI xmlns="http://www.tei-c.org/ns/1.0">
  <teiHeader>
    <fileDesc>
      <titleStmt>
        <title/>
      </titleStmt>
      <publicationStmt>
        <p/>
      </publicationStmt>
      <sourceDesc>
        <p/>
      </sourceDesc>
    </fileDesc>
    <profileDesc>
      <calendarDesc>
        <calendar xml:id="ah">
          <p>Anno Hegirae</p>
        </calendar>
      </calendarDesc>
    </profileDesc>
    <xenoData xml:space="preserve">
CREATED: 2024-04-15T09:07:43.618857+00:00
CREATED BY: eScriptorium vpassthistobuildcmd
IMAGE FILENAME: A121078033.tif
IMAGE WIDTH: 2360
IMAGE HEIGHT: 3850
</xenoData>
  </teiHeader>
  <text>
    <body>
      <div>
        <p>
          <lb/>In-fol., car. goth., CCCXLVI ff. ch., titre courant, init.; 100 grav.
          <lb/>outre celle du titre, plus 72 composée chacune de deux bois, en tout
          <lb/>244 bois; beaucoup se repètent 5 ou 6 fois; il n’y en a de différentes
          <lb/>que 113. 46 sont tirées du Virgile de 1502; 28 se rencontrent dans
          <lb/>d’autres publications de Gruninger antérieures à ce volume; 39, y com¬
          <lb/>pris celle du titre, sont des copies plus ou moins libres de celles de l&amp;#x27;édi¬
          <lb/>tion de Mayence. La traduction a été commencée à Mavence par Ber¬
          <lb/>nard Schöfferlin et achevée par le chanoine Yvon Wittig; elle a paru
          <lb/>d’abord à Mayence chez Schöffer en 1505, in-fol.
          <lb/>R 10.490. Prov, inconnue. Annotations mss.
          <lb/>Proctor 11 Sectio I n° 9902; Schmidt I n° 79; Bœr, Francfort
          <lb/>s. M., Catal. 500 (1907) n° 868: ,150 M. Mit 254 Holzschnitten, darunter
          <lb/>1372
          <lb/>114 verschiedene.&amp;quot;
          <lb/>LIVIUS Titus
          <lb/>Strasbourg, J. Rihel 1562
          <lb/>Titi Livii desz! Wolberedesten und Hoch-] berümpte¬
          <lb/>sten Geschichtschreibers Römische Historien.! Welche
          <lb/>allen Rittermässigen, Gewaltigen und Regenten, so sich
          <lb/>in Tugendt, Mannheyt, oder Ritter-! lichen Thaten under¬
          <lb/>stehen zuüben, nicht allein zû! lesen lustig, Sonder auch
          <lb/>einem jeden menschen gemeynes standts, vast nutzlich,
          <lb/>und zû̀ wissen not-wendig. Jetzundt auffs neüw, nach
          <lb/>dem Lateinischen mit besonderem fleisz besichtiget und
          <lb/>gebes- sert, Sampt einem vollkom- menem Register.! Mit
          <lb/>Röm. Kay. Mayestat freiheyt auff Acht Jar.
          <lb/>Getruckt zû Straszburg im Jar M. D. LXII. (Verso
          <lb/>blanc.)
          <lb/>A la fin: Getruckt zû Straszburg, durch Josiam Rihel
          <lb/>und Sa- muel Emmel, im Jar! M. D. LXII. (Verso blanc.)
          <lb/>In-fol., car. got., 18 ff. non ch., CCCCXVI ff. ch. pour les 3 pre¬
          <lb/>mières parties, LXXXVI ff. ch. pour la 4e partie et 3 ff. blancs dont
          <lb/>le premier contient l’explicit au recto, titre courant, réclames, init. ornées,
          <lb/>titre rouge et noir, les 2e, 3e et 4e parties ont un titre à part, encadré;
          <lb/>bande d’ornement à la fin de chaque partie; de nombreuses gravures,
          <lb/>se rapportant au texte, empruntées à des éditions antérieures.
          <lb/>Fol. 2a non ch.: Dédicace à l’empereur. (2 pp.)
          <lb/>Fol. 1a ch. : Vorred. Ein kurtze Vorred der rechten! waren Römi¬
          <lb/>schen Historien, desz Hochge- lehrten Keyserlicher Rechten Doctor,
          <lb/>Bern- hardts Schöfferlin. (2 pp.)
          <lb/>R 10.492. Prov.: Prof. F. A. Menke, Brême 1873 avec l’autogr.
          <lb/>de Menke et la date 1809. Incomplet, 2 ff. de la table manquent.
          <lb/>1373
          <lb/>917
        </p>
      </div>
    </body>
  </text>
</TEI>
