<?xml version='1.0' encoding='UTF-8'?>
<?xml-model href="https://raw.githubusercontent.com/OpenITI/tei_openiti/master/tei_openiti.rng" type="application/xml" schematypens="http://relaxng.org/ns/structure/1.0"?>
<?xml-model href="https://raw.githubusercontent.com/OpenITI/tei_openiti/master/tei_openiti.rng" type="application/xml" schematypens="http://purl.oclc.org/dsdl/schematron"?>
<TEI xmlns="http://www.tei-c.org/ns/1.0">
  <teiHeader>
    <fileDesc>
      <titleStmt>
        <title/>
      </titleStmt>
      <publicationStmt>
        <p/>
      </publicationStmt>
      <sourceDesc>
        <p/>
      </sourceDesc>
    </fileDesc>
    <profileDesc>
      <calendarDesc>
        <calendar xml:id="ah">
          <p>Anno Hegirae</p>
        </calendar>
      </calendarDesc>
    </profileDesc>
    <xenoData xml:space="preserve">
CREATED: 2024-04-15T09:07:48.745694+00:00
CREATED BY: eScriptorium vpassthistobuildcmd
IMAGE FILENAME: A121078217.tif
IMAGE WIDTH: 2306
IMAGE HEIGHT: 3848
</xenoData>
  </teiHeader>
  <text>
    <body>
      <div>
        <p>
          <lb/>ein zeit her die fewr und Handtbüchsen durch aller me¬
          <lb/>niglich zu Rosz und fusz gefueret und getragen, auch in
          <lb/>diser statt darmit geschossen worden... So haben wir unns
          <lb/>deszhalben mit unnsern freunden! den ein und zwentzigen
          <lb/>endschlossen, Und haruff gepieten und verpieten wir allen...
          <lb/>Das von künfftigen Sanct Gallen tag an und hinfüro dhei¬
          <lb/>ner... dhein fewr oder handtbüchs abschiessen... solle... —
          <lb/>Erkant Samb- stags den achten Octobris Anno Thu¬
          <lb/>sent funffhundert Vierzig und eins. (Verso blanc.)
          <lb/>Placard, in-fol., car. goth., 34 lignes, init. ornée W.
          <lb/>R 12 (15). Prov. : Bibl. Heitz. Strasbourg 1871. Un peu endom¬
          <lb/>magé. Signé: Jo. Mayer, Prothonotarius Subscripsit.
          <lb/>2ème ex. R 22 (43). Même provenance et même signature. 1706
          <lb/>ORDONNANCE
          <lb/>Strasbourg 1542
          <lb/>DEmnach unsere Herren Räth und Ainundzwaintzig
          <lb/>nun ettliche vil jarher! gepieten und verpieten, auch allen
          <lb/>burgern järlichs auff iren zunffstuben vorlesen lassen, Das
          <lb/>kein burger, Ein! woner, oder zugewanter diser Stat Strasz¬
          <lb/>burg, in kein reisz oder krieg reyten, geen, oder faren,
          <lb/>noch auch zu kainen geschäfften dienen soll, das zu
          <lb/>Feindtschafft komen mag, ohne ir erlaubung. So seind doch
          <lb/>vil, die uber sollichs die burger und die iren mit gelt
          <lb/>und sonstes bewegen, das die gerurter gebott unnd ver¬
          <lb/>bott ungeacht, in krieg zuziehen und in frem- der Herren
          <lb/>dienst sich zubegeben bewegen lassen.... So ernewern
          <lb/>alle vorgeganngne Mandaten, und gepieten und verpieten
          <lb/>die obgemelte unsere Herren Maister, Rath und die Ain¬
          <lb/>undzwaintzig hiemit ernstlich unnd wöllen, das! nyemandt,
          <lb/>...... in ainichen krieg oder frembden Poten- taten
          <lb/>zuzeziehen ufwicklen... —
          <lb/>Actum Freytags den dreyze-henden Octobris Anno
          <lb/>Funffzehenhundert Vierzig zwei. (Verso blanc.)
          <lb/>Placard, in-fol., car. goth., 17 lignes, init. ornée D.
          <lb/>R 21 (16). Prov. : Bibl. Heitz, Strasbourg 1871.
          <lb/>2ème ex. R 22 (37). Même provenance. Au verso blanc: 1542.
          <lb/>Verbot in den Krieg zu fahren, reiten, gehen etc.
          <lb/>1707
          <lb/>1103
          <lb/>ORDONNANCE
          <lb/>Strasbourg 1543
          <lb/>WIr Claus Zorn zum Rieth der Meister und der Raht
          <lb/>zu Straszburgk. Thun kundt demnach die leuff nun ettlich
        </p>
      </div>
    </body>
  </text>
</TEI>
