<?xml version='1.0' encoding='UTF-8'?>
<?xml-model href="https://raw.githubusercontent.com/OpenITI/tei_openiti/master/tei_openiti.rng" type="application/xml" schematypens="http://relaxng.org/ns/structure/1.0"?>
<?xml-model href="https://raw.githubusercontent.com/OpenITI/tei_openiti/master/tei_openiti.rng" type="application/xml" schematypens="http://purl.oclc.org/dsdl/schematron"?>
<TEI xmlns="http://www.tei-c.org/ns/1.0">
  <teiHeader>
    <fileDesc>
      <titleStmt>
        <title/>
      </titleStmt>
      <publicationStmt>
        <p/>
      </publicationStmt>
      <sourceDesc>
        <p/>
      </sourceDesc>
    </fileDesc>
    <profileDesc>
      <calendarDesc>
        <calendar xml:id="ah">
          <p>Anno Hegirae</p>
        </calendar>
      </calendarDesc>
    </profileDesc>
    <xenoData xml:space="preserve">
CREATED: 2024-04-15T09:07:46.669618+00:00
CREATED BY: eScriptorium vpassthistobuildcmd
IMAGE FILENAME: A121078144.tif
IMAGE WIDTH: 2308
IMAGE HEIGHT: 3848
</xenoData>
  </teiHeader>
  <text>
    <body>
      <div>
        <p>
          <lb/>1030
          <lb/>Bœr, Francfort-s.-M., Catal, 500 (1907) n° 597; 200 M.: »Im
          <lb/>Texte die prachtvollen Alphabete eines unbekannten Regensburger Künst¬
          <lb/>lers, welche P. Heitz veröffentlicht hat. (Die Zierinitialen des Thomas
          <lb/>Anshelm 1894 n° 1—3.)&amp;quot;
          <lb/>1582
          <lb/>MISSALE
          <lb/>Strasbourg 1517
          <lb/>Missale Jtineran- tium seu Misse peculiares valde de¬
          <lb/>vote que sequuntur.*De dulcissimo nomine Jesu
          <lb/>Officium De quinque vulneribus Christi OfficiumDe
          <lb/>compassione dolorose virginis marie. Officium De sanc¬
          <lb/>tissima Anna matre Marie. Officium... (8 lignes de texte.)
          <lb/>A la fin: Finiunt misse peculiares cum orationi- bus
          <lb/>devotis Argentine Jmpresse. Anno domini M. CCCCC. xvii.
          <lb/>In-8°, car. goth. et rom., 28 ff. non ch, sign. A-D, titre cou¬
          <lb/>rant, init. ornées G et T; au verso du f. blanc à la fin, grav. sur bois:
          <lb/>Jésus crucifié, sous la croix la mère et l’apôtre St. Jean.
          <lb/>R101.967. Prov.: Bibliothécaire W. Teichmann, Strasbourg 9/11
          <lb/>1909; 45 M.
          <lb/>1583
          <lb/>MODESTUS Johannes Antonius
          <lb/>Strasbourg, M. Schurer 1510
          <lb/>IOANNIS ANTONI MODESTI UMBRI CARMEN AD INVIC¬
          <lb/>TISSIMVM CAESAREM MAXI MILIANVM.
          <lb/>A la fin: Argentorati in libraria officinaMatthiae
          <lb/>Schurerii! Artium doctoris! Mense! Marti!oM.D.X.
          <lb/>REGNANTE IMP. CAES. ! MAXIMILIANO PIO FOELICI] AvG.
          <lb/>(Verso blanc.)
          <lb/>In-4°, car, rom., 12 ff. non ch., sign. A-C, init, d’attente. Au
          <lb/>verso du titre: Beatus Rhenanus Selestatinus lectori bñ. agere.
          <lb/>Fol. A 2a : Invictissimo Imperatori Caesari Maximiliano Ioannes
          <lb/>Antonius Modestus Umber. (26 vers lat.)
          <lb/>R101027. Prov.: Bibl. Ed. Bœcking avec son ex-libris à l’inté¬
          <lb/>rieur de la couverture; au recto du f. de garde :, Vgl. Hutteni Epistola
          <lb/>Italiae u. Eob. Hessi Responsio.&amp;quot;
          <lb/>BM Strasbourg 704.
          <lb/>Proctor II Sectio I n° 10.175: Londres, Brit. Museum; Schmidt
          <lb/>VIII n° 33.
          <lb/>Voir: Lauchert, Friedrich: Johannes Antonius Modestus. Dans:
          <lb/>Friedr. Lauchert, Die ital. literar. Gegner Luthers. Freiburg i. Br.
          <lb/>1912, pp. 216-221; Paulus Nic.: Hat der Italiener Joh. A. Modestus
          <lb/>1521 einen offenen Brief an Luther gerichtet? Dans: Der Katholik
          <lb/>80 (1900) pp. 90-95.
          <lb/>1584
        </p>
      </div>
    </body>
  </text>
</TEI>
