<?xml version='1.0' encoding='UTF-8'?>
<?xml-model href="https://raw.githubusercontent.com/OpenITI/tei_openiti/master/tei_openiti.rng" type="application/xml" schematypens="http://relaxng.org/ns/structure/1.0"?>
<?xml-model href="https://raw.githubusercontent.com/OpenITI/tei_openiti/master/tei_openiti.rng" type="application/xml" schematypens="http://purl.oclc.org/dsdl/schematron"?>
<TEI xmlns="http://www.tei-c.org/ns/1.0">
  <teiHeader>
    <fileDesc>
      <titleStmt>
        <title/>
      </titleStmt>
      <publicationStmt>
        <p/>
      </publicationStmt>
      <sourceDesc>
        <p/>
      </sourceDesc>
    </fileDesc>
    <profileDesc>
      <calendarDesc>
        <calendar xml:id="ah">
          <p>Anno Hegirae</p>
        </calendar>
      </calendarDesc>
    </profileDesc>
    <xenoData xml:space="preserve">
CREATED: 2024-04-15T09:07:55.022140+00:00
CREATED BY: eScriptorium vpassthistobuildcmd
IMAGE FILENAME: A121078412.tif
IMAGE WIDTH: 2368
IMAGE HEIGHT: 3842
</xenoData>
  </teiHeader>
  <text>
    <body>
      <div>
        <p>
          <lb/>1298
          <lb/>Bernhard Jobin.Jm Jahr M. D. XCIII. (Vign. et bande
          <lb/>ornem.)
          <lb/>In-8°, car. goth., 8 ff. non ch., 235 pp. ch., titre courant, réclames,
          <lb/>notes marg., init. ornées, vign., titre rouge et noir.
          <lb/>fol. 2a non ch. : Epigramma! Pandulphi Lemii!! I. C. summam
          <lb/>totius O-peris carptim complectens. (4 dist.)
          <lb/>Au-dessous: Ad lectorem candi-[Idum Iustini othonis! LL. carmen
          <lb/>(10 dist.).
          <lb/>fol. 3a non ch. : Herren Philipsen Graffen zu Hanav... wünsch ich
          <lb/>Helisseus Röszlin Medicus... viel glück vnd heyl... — Datum Hagenaw
          <lb/>den ersten Augusti 1593.... Helisaeus Röszlin Medicus. (Préface de 7 p.)
          <lb/>R. 102.439. Prov. : Bibl. Heitz, Strasbourg. Au recto du premier f. de
          <lb/>garde : « rarissimum». Au-dessous : « Nach des Autors eigner Aussage
          <lb/>ist dieses Werckchen ein Supplement zu Bernhard Hertzogs Chronik:
          <lb/>(S. Vorrede) u. sollte dies stets in Verbindung mit jenem gelesen werden.
          <lb/>A. W. Strobel. — Siehe Rec. dieses seltenen Buchs in Hummels Neue
          <lb/>Bibliothek I. Theil, p. 452 ». Au verso du 4e f. de garde : « Quinti
          <lb/>Walchij 1615 ». Ritter, Catal. BM Strasbourg n° 1837.
          <lb/>2027
          <lb/>ROSSLIN Helisaeus
          <lb/>Strasbourg, B. Jobin hér., 1597
          <lb/>Tractatus! Meteorastrologiphysicus. Das ist,!! Ausz
          <lb/>richtigem lauff der Co-meten, zusammenleuchtung der
          <lb/>Planeten,  etlicher Herrn Nativiteten, 1] Natürliche Vermu¬
          <lb/>tungen und] ein Weissagung.Von Veränderungen der
          <lb/>Regimenten in König-reichen unnd Fürstenthumben der
          <lb/>Welt, und andern wichtigenWunderlichen, Politischen,
          <lb/>Weltlichen und Kriegssachen, So sich kurtz künfftig innerhalb
          <lb/>wenig Jaren begeben werden, von jetzt an bisz1604, nach
          <lb/>Christi Geburt unnd etwas hernach, Allen Christlichen
          <lb/>Potentaten unnd hohen!! Oberkeiten unnd jedermenniglichen
          <lb/>zurWarnung unnd Auffmunterung GestelltDurch
          <lb/>Helisaeum Röszlin der Artzney!! Doctorn und Physicum der
          <lb/>Reichs —Statt Hagnaw.
          <lb/>Getruckt zu Strasburg, bey Bernhart Jo-bins (seligen)
          <lb/>Erben.Anno M. D. XCVII. (Verso blanc.)
          <lb/>In-4°, car. goth., 4 ff. non ch., 32 ff. ch., titre courant, réclames, notes
          <lb/>marg., init. goth.
          <lb/>fol. 2a non ch. : (bande d’ornement)... Herrn Friderichen Grafen zu
          <lb/>Fürstenberg, Hey- ligenberg und Werdenberg, Landgrafen in Baar,
          <lb/>Herrnzu Hausen im Kinziger Thal etc Röm. Kay. May. Raht]
          <lb/>vnnd Landtvogt inn Unter Elsasz... — Datum Hagnaw den 1. Januarii
          <lb/>Anno 1597. Helisseus Röszlin. (Préface de 4 pp.)
          <lb/>R. 101.145. Prov. inconnue.
          <lb/>2028
          <lb/>RUELLIUS Io. Voir : DIOSCORIDES, 1529, No 658.
          <lb/>RUFFINUS. Voir : HEDIO Caspar, Chronica, 1530.
        </p>
      </div>
    </body>
  </text>
</TEI>
