<?xml version='1.0' encoding='UTF-8'?>
<?xml-model href="https://raw.githubusercontent.com/OpenITI/tei_openiti/master/tei_openiti.rng" type="application/xml" schematypens="http://relaxng.org/ns/structure/1.0"?>
<?xml-model href="https://raw.githubusercontent.com/OpenITI/tei_openiti/master/tei_openiti.rng" type="application/xml" schematypens="http://purl.oclc.org/dsdl/schematron"?>
<TEI xmlns="http://www.tei-c.org/ns/1.0">
  <teiHeader>
    <fileDesc>
      <titleStmt>
        <title/>
      </titleStmt>
      <publicationStmt>
        <p/>
      </publicationStmt>
      <sourceDesc>
        <p/>
      </sourceDesc>
    </fileDesc>
    <profileDesc>
      <calendarDesc>
        <calendar xml:id="ah">
          <p>Anno Hegirae</p>
        </calendar>
      </calendarDesc>
    </profileDesc>
    <xenoData xml:space="preserve">
CREATED: 2024-04-15T09:07:51.172917+00:00
CREATED BY: eScriptorium vpassthistobuildcmd
IMAGE FILENAME: A121078292.tif
IMAGE WIDTH: 2312
IMAGE HEIGHT: 3852
</xenoData>
  </teiHeader>
  <text>
    <body>
      <div>
        <p>
          <lb/>1178
          <lb/>In-fol., car. goth., 2 col., CXXXIX ff. ch., 4 ff. blancs, titre cou¬
          <lb/>rant, init. d’attente. Fol. a 2a: Table (2 pp.)
          <lb/>R10.372(3): Prov.: Butsch fils (Vente Bibl. Buxheim), Augsbourg
          <lb/>12/x 1883.
          <lb/>1840
          <lb/>PELBARTUS DE THEMESWAR
          <lb/>Haguenau, H. Gran 1515
          <lb/>Pomerium Sermonum de beata! virgine dei genitrice.
          <lb/>VelStellarium Corone beate virginis pro singularum
          <lb/>festivitatum eiusdem! predicationibus coaptatum. Et est
          <lb/>in libellos duodecim partitum. (Suit l’énumération des têtres des
          <lb/>12 livres. Verso blanc.)
          <lb/>A la fin, avant la table: Opus perutile... impressumque
          <lb/>ac emendatum impensis circumspe-cti viri archibibliopole
          <lb/>Joannis Rynman de Orin gaw in officina industrii Henrici
          <lb/>Gran: civis in imperiali oppido Hagnaw: Finit feliciter
          <lb/>Anno vir-ginei partus. M. D. XV. pridie Kal. Septembris.
          <lb/>In-fol,, car. goth., 2 col., CXLI ff. ch., 2 ff. non ch. (table) et
          <lb/>2 ff. blancs, titre courant, init. ornées; titre rouge et noir, encadré.
          <lb/>(H &amp;amp;B Planche LXIII n° I.)
          <lb/>Fol. 2a : Prologus et divisio huius libri.
          <lb/>Réimpression de l&amp;#x27;édition de 1511.
          <lb/>R10.534(3). Prov.: BN Munich 28/XII 1877; queloues notes
          <lb/>mss.
          <lb/>1841
          <lb/>PELBARTUS DE THEMESWAR
          <lb/>Haguenau, H. Gran 1515
          <lb/>Pomerium Sermonum! Quadragesimalium! Et est ob
          <lb/>temporis exigentiam et christifide- lium necessariam eru¬
          <lb/>ditionem triplicatum! Primum! De Penitentia et eius par¬
          <lb/>tibus Secundum De Vitiis in Genere et Specie. Ter¬
          <lb/>tium De decalogi preceptis.
          <lb/>A la fin: Sermones... diligenter emen- dati, expensis
          <lb/>circumspecti viri archibibliopole Joan-nis Rynman de
          <lb/>Oringaw: in officina industrii Hen rici Gran Finiunt feli¬
          <lb/>citer Anno salutis nostre Mille simo quingentesimo quin¬
          <lb/>decimo; mense Octobri.
          <lb/>In-fol., car. goth., 2 col., 96 ff. non ch., sign. a-q, titre courant,
          <lb/>init. ornées, titre encadré. (HRB Planche LXIII n° 1.)
          <lb/>R10.343 (2). Prov.: Don de la Bibl. Rég. de Dusseldorf 1871.
          <lb/>1842
        </p>
      </div>
    </body>
  </text>
</TEI>
