<?xml version='1.0' encoding='UTF-8'?>
<?xml-model href="https://raw.githubusercontent.com/OpenITI/tei_openiti/master/tei_openiti.rng" type="application/xml" schematypens="http://relaxng.org/ns/structure/1.0"?>
<?xml-model href="https://raw.githubusercontent.com/OpenITI/tei_openiti/master/tei_openiti.rng" type="application/xml" schematypens="http://purl.oclc.org/dsdl/schematron"?>
<TEI xmlns="http://www.tei-c.org/ns/1.0">
  <teiHeader>
    <fileDesc>
      <titleStmt>
        <title/>
      </titleStmt>
      <publicationStmt>
        <p/>
      </publicationStmt>
      <sourceDesc>
        <p/>
      </sourceDesc>
    </fileDesc>
    <profileDesc>
      <calendarDesc>
        <calendar xml:id="ah">
          <p>Anno Hegirae</p>
        </calendar>
      </calendarDesc>
    </profileDesc>
    <xenoData xml:space="preserve">
CREATED: 2024-04-15T09:07:48.713675+00:00
CREATED BY: eScriptorium vpassthistobuildcmd
IMAGE FILENAME: A121078215.tif
IMAGE WIDTH: 2304
IMAGE HEIGHT: 3848
</xenoData>
  </teiHeader>
  <text>
    <body>
      <div>
        <p>
          <lb/>misch, pleiben und unse- rer vorderen, und unsers be¬
          <lb/>schaydts erwarten solten... So gepieten unnd verbieten wir
          <lb/>abermals hiemit bei obgemelten beschehenen ge- potten
          <lb/>und auch darzû schwerer straff leibs und gûts... das dhei¬
          <lb/>ner unser burger... sich hinfüro von nieman bestellen
          <lb/>lassen, noch mit jeman, noch für sich selbs, zû dheinem
          <lb/>krieg ziehen soll, sonder anhaimisch gerüst sich zû halten
          <lb/>unsers beschaids jedesmals zûgewarten... —
          <lb/>Actum et decretum zinstag den dreissigsten Decem¬
          <lb/>bris... funfftzehen-] hundert dreissig und neün Jar. (Verso
          <lb/>blanc.)
          <lb/>Placard, in-40, car. goth., 17 lignes, init, ornée W.
          <lb/>R 21 (13). Prov. : Bibl. Heitz, Strasbourg 1871.
          <lb/>1702
          <lb/>ORDONNANCE
          <lb/>Strasbourg 1539
          <lb/>WIr Peter Sturm der Maister und der Rhat zû Strasz¬
          <lb/>burg, Entbieten allen und jeden unsern burgern... zû
          <lb/>vernemen. Nach dem verschiener jaren unsere vorfaren
          <lb/>durch offentliche gebott gepieten, und verkhünden haben
          <lb/>lassen, das dheiner, dheinen khauff noch verkhauff, weder
          <lb/>umb wein, korn, oder andere früchten, dweil die noch
          <lb/>uff dem veldt stohnt, und nit eingemacht seind, auff einen
          <lb/>sonderen schlag thon, oder bereden sollen. Und aber wir
          <lb/>ietzo glaublichen berichtet seind, das etliche den armen
          <lb/>leüthen uff die wein und früchten lang vor herbst, und
          <lb/>auch der ernd zeiten, gelt geluhen und geben... Und dar¬
          <lb/>umben so gepiethen und verpieten wir eüch allen, unnd
          <lb/>ewer jedem in sonders, das ewer dheiner nûn hinfüro vor
          <lb/>herbst, und der ernd zeiten, dheinen wein, noch auch
          <lb/>dheinerley getraid, als waissen, korn, gestern, habern,
          <lb/>erbsen, linsen, bonen, oder dergleichen frücht,... verkhauf¬
          <lb/>fen... solle... —
          <lb/>Actum et decretum Samstag den dreitzehenden Sep¬
          <lb/>tembris... fünffzehenhundert dreissig und neün jar. (Verso
          <lb/>blanc.)
          <lb/>Placard, in-fol., car. goth., 36 lignes, init, ornée W.
          <lb/>R 21 (11). Prov.: Babl. Heitz, Strasbourg 1871. Note ms. au verso
          <lb/>blanc: Wein und Früchten sollen nicht vor Herbst und vor der Ernd
          <lb/>verkaufft werden.
          <lb/>2ème ex.: R 22 (15). Même provenance.
          <lb/>17os
          <lb/>HI01
        </p>
      </div>
    </body>
  </text>
</TEI>
