<?xml version='1.0' encoding='UTF-8'?>
<?xml-model href="https://raw.githubusercontent.com/OpenITI/tei_openiti/master/tei_openiti.rng" type="application/xml" schematypens="http://relaxng.org/ns/structure/1.0"?>
<?xml-model href="https://raw.githubusercontent.com/OpenITI/tei_openiti/master/tei_openiti.rng" type="application/xml" schematypens="http://purl.oclc.org/dsdl/schematron"?>
<TEI xmlns="http://www.tei-c.org/ns/1.0">
  <teiHeader>
    <fileDesc>
      <titleStmt>
        <title/>
      </titleStmt>
      <publicationStmt>
        <p/>
      </publicationStmt>
      <sourceDesc>
        <p/>
      </sourceDesc>
    </fileDesc>
    <profileDesc>
      <calendarDesc>
        <calendar xml:id="ah">
          <p>Anno Hegirae</p>
        </calendar>
      </calendarDesc>
    </profileDesc>
    <xenoData xml:space="preserve">
CREATED: 2024-04-15T09:07:53.594936+00:00
CREATED BY: eScriptorium vpassthistobuildcmd
IMAGE FILENAME: A121078371.tif
IMAGE WIDTH: 2348
IMAGE HEIGHT: 3848
</xenoData>
  </teiHeader>
  <text>
    <body>
      <div>
        <p>
          <lb/>In-4°, car. goth., 8 ff. non ch. (préface), CCCV ff. ch., 3 ff. non
          <lb/>ch., verso du dernier f. blane; grav. réclames, notes marg.
          <lb/>R 101.677. Prov.: K. Th. Vœlcker, Francfort-s.-M. 18/111 1897;
          <lb/>8 M. A l&amp;#x27;intérieur du Ier plat: Leonardus Kulnues (2) Anno 1663.
          <lb/>Constat 15 x. Rel. anc.
          <lb/>miers.
          <lb/>La BM de Strasbourg possède les volumes 3-6, sans les 2 pre¬
          <lb/>BN Paris H 4940.
          <lb/>1963
          <lb/>RABUS Ludovicus
          <lb/>Strasbourg, Josias Rihel 1571
          <lb/>Historien derMartyrer.
          <lb/>von den Heyligen, Auszer-wölten Gottes Zeugen, Beken¬
          <lb/>nern unnd! Martyrern (unnd nemlich deren, so von an¬
          <lb/>fang der Welt, bisz auff die zûkunfft unsers Heylands
          <lb/>Jesu Chri- sti, und dann von der selbigen, bisz inn die
          <lb/>nechst nach-folgende 500 Jar hernacher, inn der Streit¬
          <lb/>tenden Kirchen, des Alten und Newen Testaments ge¬
          <lb/>wesen) nach ordnung begriffen, Auch etwas fleisziger,
          <lb/>wie auch weitleüffiger unnd auszfürlicher (dann) in den
          <lb/>vorigen auszgangnen Tomis bes schehen) mit angehenck¬
          <lb/>ter, ordent- licher Jars Rechnung, be- schriben worden,
          <lb/>seind. Durch Ludovicum Rabus, der H. Schrifft! Doctor,
          <lb/>unnd der Kirchen zù! Ulm Superintendenten. Psalm 44.
          <lb/>Rom. 8. (4 lignes.)
          <lb/>Mit Röm. Kei. M. ] Freiheit auff vi Jar.
          <lb/>A la fin: Getruckt zû Straszburg durch! Josiam Rihel,
          <lb/>den 22 Marcii, im jar M. D. LXXI.
          <lb/>In-fol., car. goth. 12 ff. non ch., 375 ff. ch., 10 ff. non ch. à 2 col.
          <lb/>(table), titre courant, réclames, notes marg., init. goth.; titre rouge et
          <lb/>noir, encadré: dans la partie supérieure au milieu : Historien der
          <lb/>Martvrer en rouge, entouré d’ornements, dans les coins deux génies
          <lb/>ailés, de même dans la partie inférieure Le privilège impérial en rouge
          <lb/>est entouré d’ornements et de génies ailés dans les coins; dans la bor¬
          <lb/>dure latérale de gauche Jésus-Christ, tenant de la main gauche la croix,
          <lb/>dans la bordure de droite, la Vierge tenant une bannière, sous ses pieds
          <lb/>le serpent; en outre de nombreuses grav. se rapportant au texte.
          <lb/>Au verso du titre grande grav, avec les armoiries de la ville d’Ulm
          <lb/>dans la partie supérieure et la date M. D. LXXI au-dessus; au-dessous
          <lb/>la ville d’Ulm, et en bas, dans un encadrement 4 vers latins, dont les
          <lb/>lettres du commencement et de la fin des vers donnent chaque fois le mot
          <lb/>ULMA.
          <lb/>Fol. 92a : Den Edlen... Herrn Eltern, Herrn Burgermeister,! und
          <lb/>Rath der Löblichen des H. Reichs Stat Ulm... — Datum Ulm! den 26
          <lb/>Jenners, Anno 1571... Ludwig Rabus. (Préface 7 ff. Verso blanc.)
          <lb/>1257
        </p>
      </div>
    </body>
  </text>
</TEI>
