<?xml version='1.0' encoding='UTF-8'?>
<?xml-model href="https://raw.githubusercontent.com/OpenITI/tei_openiti/master/tei_openiti.rng" type="application/xml" schematypens="http://relaxng.org/ns/structure/1.0"?>
<?xml-model href="https://raw.githubusercontent.com/OpenITI/tei_openiti/master/tei_openiti.rng" type="application/xml" schematypens="http://purl.oclc.org/dsdl/schematron"?>
<TEI xmlns="http://www.tei-c.org/ns/1.0">
  <teiHeader>
    <fileDesc>
      <titleStmt>
        <title/>
      </titleStmt>
      <publicationStmt>
        <p/>
      </publicationStmt>
      <sourceDesc>
        <p/>
      </sourceDesc>
    </fileDesc>
    <profileDesc>
      <calendarDesc>
        <calendar xml:id="ah">
          <p>Anno Hegirae</p>
        </calendar>
      </calendarDesc>
    </profileDesc>
    <xenoData xml:space="preserve">
CREATED: 2024-04-15T09:07:49.801939+00:00
CREATED BY: eScriptorium vpassthistobuildcmd
IMAGE FILENAME: A121078252.tif
IMAGE WIDTH: 2304
IMAGE HEIGHT: 3846
</xenoData>
  </teiHeader>
  <text>
    <body>
      <div>
        <p>
          <lb/>1138
          <lb/>PAPPUS Johannes
          <lb/>Strasbourg, B. Jobin héritiers 1597
          <lb/>CONTRADICTIONES DOCTORVM NVNC ROMANAE EC-] CLE¬
          <lb/>SIAE. INDICE ET TESTE RO! BERTO BELLARMINO POLITIANO,
          <lb/>societatis IEsv. Cum Praefatione Doct. Iohannis Pappi,
          <lb/>Theologi Argentoratensis. ET ELENCHO gemino; uno. Quae¬
          <lb/>stionum controversarum; altero,! Authorum, quorum sen¬
          <lb/>tentias BELLARMINVS! improbat &amp;amp; refellit. (3 feuilles de trèfle.)
          <lb/>ARGENTORATI, ! Apud HAEREDES BERNHARDI IOBINI, Anno
          <lb/>CDID XCVII.
          <lb/>In-40, car. rom., 4 ff. non ch., 203 pp., 13 pp. non ch., titre
          <lb/>courant, réclames, notes marg. (en car. ital.), init. ornées I, N; de
          <lb/>nombreuses bandes ornem., titre encadré; bordures latérales, sur un
          <lb/>socle à gauche Eve nue avec le serpent, à droite Marie avec le st. esprit
          <lb/>en forme de colombe au-dessus de sa tête; bordure inférieure, au milieu
          <lb/>écu avec les lettres i. h. s. Jin hoc signol, entre 2 anges.
          <lb/>Fol. 2a non ch.: ... Dn. Antonio Gun- thero, Comiti Aldenburgensi
          <lb/>... Perscriptum Argentorati, 6. Idus Martias, Anno Christi Ser-vatoris,
          <lb/>CIO. I0. XCVII. Iohannes Pappus D. Praeses Con- ventus Ecclesiastici
          <lb/>Argento- ratensis.
          <lb/>R 101.867. Prov. : Bibl. paroissiale de la ville de Schleie T/VI
          <lb/>1876. Notes mss.
          <lb/>2ème ex.: R 102.178 (1). Prov. : Bibl. Heitz, Strasbourg 1871.
          <lb/>Notes mes. En bas du titre:, M. I. L. Froereisenii Arg. An. 1683.&amp;quot;
          <lb/>Oxford, Bibl. Bodleiana; Bibl. St-Guillaume, Strasbourg. 1766
          <lb/>PARACELSUS Theophrastus
          <lb/>Strasbourg, J. Gruninger 1529
          <lb/>Ein clarer bericht! yetzt nüw von dem holtz Guaiaco
          <lb/>wie dann bis her davon gehört/ das sich einer mit rat
          <lb/>der doctoren yn-legt/ das dann die menschen erquickt
          <lb/>unnd geholffen/ usz vil krank-heiten/ hat auch usz¬
          <lb/>wendig ires leibs /alte schaden wunden und löcher ge¬
          <lb/>heilet. Und ist aber hie angezögt/ dz ein ietliches im
          <lb/>selber helffen mag on grossen kostenn/ die es nit ver¬
          <lb/>mögen die disz ietzund got dancken. So aber dise kunst
          <lb/>des holtzes vilmal brobiert und gerecht ist/ so hat si ch
          <lb/>ein gût fründ bedacht/ woltz doch nun gûten fründen be¬
          <lb/>halten hon/ Und hat allen menschen zû gût hie usz las¬
          <lb/>sen gon ein bad mit krütern ze machen mit kleinen ko¬
          <lb/>sten zû baden in. X. tagen so wol/ als wer eins vier
          <lb/>wochen in eim wiltbad gesin. Es wörmbt und sterkt im
          <lb/>sein glid/ als weren im zwentz-ig jar abgenumen. Item
        </p>
      </div>
    </body>
  </text>
</TEI>
