<?xml version='1.0' encoding='UTF-8'?>
<?xml-model href="https://raw.githubusercontent.com/OpenITI/tei_openiti/master/tei_openiti.rng" type="application/xml" schematypens="http://relaxng.org/ns/structure/1.0"?>
<?xml-model href="https://raw.githubusercontent.com/OpenITI/tei_openiti/master/tei_openiti.rng" type="application/xml" schematypens="http://purl.oclc.org/dsdl/schematron"?>
<TEI xmlns="http://www.tei-c.org/ns/1.0">
  <teiHeader>
    <fileDesc>
      <titleStmt>
        <title/>
      </titleStmt>
      <publicationStmt>
        <p/>
      </publicationStmt>
      <sourceDesc>
        <p/>
      </sourceDesc>
    </fileDesc>
    <profileDesc>
      <calendarDesc>
        <calendar xml:id="ah">
          <p>Anno Hegirae</p>
        </calendar>
      </calendarDesc>
    </profileDesc>
    <xenoData xml:space="preserve">
CREATED: 2024-04-15T09:07:53.946109+00:00
CREATED BY: eScriptorium vpassthistobuildcmd
IMAGE FILENAME: A121078381.tif
IMAGE WIDTH: 2358
IMAGE HEIGHT: 3850
</xenoData>
  </teiHeader>
  <text>
    <body>
      <div>
        <p>
          <lb/>A la fin: Getruckt zâ Straszburg, durch Johannem
          <lb/>knoblouch Nach! Christus gebûrt. Im fünff-tzehundertsten
          <lb/>Unnd achtzehenden jar.
          <lb/>de 4 pièces juxtaposées, avec des feuillages; dans la pièce de gauche il
          <lb/>In-4°, car. goth, 17 ff. non ch., sign. a-d, titre encadré, composé
          <lb/>y a des oiseaux, dans celle de droite un ours.
          <lb/>*R102.328. Prov.: Trubner (Vente Noiriel), Strasbourq 4/IV
          <lb/>1874; sans indic. de prix.
          <lb/>Schmidt VII n° 166: Bibl. St-Guillaume, Strasbourg. 1977
          <lb/>RED UND WIDERRED eines Ackermanns. Voir: ACKERMANN
          <lb/>REFORMATION
          <lb/>1571
          <lb/>REformation, Ord-nung, und Satzungen eines Er¬
          <lb/>samen Rhats des Heiligen Reichs Cammer, und Statt
          <lb/>Hagenaw, Wie forthien Gott dem Almech tigen zû Lob
          <lb/>und Ehren, auch erhaltung eines Er- barn und Christli¬
          <lb/>chen lebens, die verachtung und nit besûchung des Hei¬
          <lb/>ligen wort Gottes, auch das Gotteslestern, Flûchen,
          <lb/>Schwören, Ehebruch,! Hûrerey, Kupplerey, Zù und Voll¬
          <lb/>trincken, Spi- len, unnd andere dergleichen Laster, unnd
          <lb/>unordnung abgeschafft, gerügt und gestrafft werden sollen
          <lb/>&amp;amp;c. M. D. LXXI. (Verso blanc.)
          <lb/>A la fin: Actum &amp;amp; decretum Hagenaw, Montags Post
          <lb/>Simonis &amp;amp; Judae Apostolorum. Anno M. D. LXXI.
          <lb/>In-fol., car. goth., 8 ff. non ch., réclames, init. ornées.
          <lb/>Fol. A 24: DEM Almechti- gen Gott zà Lob... I haben unsere
          <lb/>Herren, Meister und Rhat, desz Heiligen Reichs Cammer unnd Statt
          <lb/>Hagenaw, vol- gende Ordnung... fürgenommen, und auffgesatzt...
          <lb/>R 84 Prov.: Lud, St. Goar, Francfort-s.-M. II/II1 1878. 1978
          <lb/>1267
          <lb/>REFUGIUM
          <lb/>Strasbourg, J. Schott 1510
          <lb/>Refugium Ad vocatorum.Contenta in hoc! opus¬
          <lb/>culo. Summa Odofredi de for¬mandis libellis.Summa
          <lb/>Hermanni, centum libellorum.! In arborem iudiciariam
          <lb/>Jo! annis de Grassis scriptum domesticum.
          <lb/>A la fin: ARGENTORACI Ex officina Joannis Schotti:
          <lb/>Impensis vero Egregii J. V. Doctoris Georgii Maxilli (alias
        </p>
      </div>
    </body>
  </text>
</TEI>
