<?xml version='1.0' encoding='UTF-8'?>
<?xml-model href="https://raw.githubusercontent.com/OpenITI/tei_openiti/master/tei_openiti.rng" type="application/xml" schematypens="http://relaxng.org/ns/structure/1.0"?>
<?xml-model href="https://raw.githubusercontent.com/OpenITI/tei_openiti/master/tei_openiti.rng" type="application/xml" schematypens="http://purl.oclc.org/dsdl/schematron"?>
<TEI xmlns="http://www.tei-c.org/ns/1.0">
  <teiHeader>
    <fileDesc>
      <titleStmt>
        <title/>
      </titleStmt>
      <publicationStmt>
        <p/>
      </publicationStmt>
      <sourceDesc>
        <p/>
      </sourceDesc>
    </fileDesc>
    <profileDesc>
      <calendarDesc>
        <calendar xml:id="ah">
          <p>Anno Hegirae</p>
        </calendar>
      </calendarDesc>
    </profileDesc>
    <xenoData xml:space="preserve">
CREATED: 2024-04-15T09:07:51.801749+00:00
CREATED BY: eScriptorium vpassthistobuildcmd
IMAGE FILENAME: A121078314.tif
IMAGE WIDTH: 2318
IMAGE HEIGHT: 3848
</xenoData>
  </teiHeader>
  <text>
    <body>
      <div>
        <p>
          <lb/>1200
          <lb/>PICUS a MIRANDOLA Johannes
          <lb/>Strasbourg, J. Schott 1513
          <lb/>IOANNIS FRANCISCI] MIRANDVLAE DN. De expellendis
          <lb/>VENERE &amp;amp;! CVPIDINE Carmen heroicum.! Eiusdem hymnus
          <lb/>de divo LAV] RENTIO.] BAPTISTAE MANTVA] NI Elegia in
          <lb/>AMOREM. Eiusdem in VENEREM heroicum.! In CVPIDINEM
          <lb/>nocivum Carmen LVCIANI.
          <lb/>A la fin: Ioannes Schottus Argentinae pressit. 1513.
          <lb/>(Verso blanc.)
          <lb/>In-4°, car, rom., 14 ff. non ch., sign. a-c. Au verso du titre:
          <lb/>Ioannes Franciscus Picus Mirandule domi! nus etc. Cuonrado Peütingero
          <lb/>iurecon- sulto... — Romae Idibus Novem bris. M. D. XII. (2 pp.)
          <lb/>R101.025. Prov.: Bibl. Bœcking.
          <lb/>Proctor II Sectio I n° 10273: Londres, Brit. Museum; Schmidt
          <lb/>11 n° 23.
          <lb/>1875
          <lb/>PICUS a MIRANDOLA Johannes
          <lb/>Haguenau, Th. Anshelm 1520
          <lb/>(Feuille de lierre.) IOANNIS ( FRANCISCI PICI MIRANDV
          <lb/>LAE DOMINI, ET] Concordiae Comitis.) Ad Leonem Pont.
          <lb/>Max. &amp;amp; Concil.Lateran. de reforman dis Mo ribus
          <lb/>ora! tio.Eiusdem hymni tres D. Mar tino, Magdalenae
          <lb/>&amp;amp; Anto! nio decantati.
          <lb/>A la fin: Hagenoe, ex aedibus Thomae Anshelmi. Anno
          <lb/>M. D. XX. Mense Marcio. (Au-dessous, marque typ. de Th. Ans¬
          <lb/>helm. H4 B planche LXII n° 2; Silvestre n° T7I.)
          <lb/>In-40, car, rom., 19 ff. non ch., sign. Aa-Ee, titre courant, grande
          <lb/>belle init. à fig. S fol. Aa 2a. Bel encadrement de titre (architecture),
          <lb/>dans la bordure inférieure un génie à terre, 5 autres tombent sur lui
          <lb/>et le trainent par terre. (Knobloch.)
          <lb/>Au verso du titre: Ioannes Franciscus Picus Mirandulae... Bilibaldo
          <lb/>Pirckheimero suo Salutem... Mirandulae Calend. Aprilis.! Anno Salutis
          <lb/>M. D. XVH.
          <lb/>Fol. Aa 2a: Ad Leonem X.) Pont. Max. et Con cil. Lateran. Iohan
          <lb/>nis Francisci Pici Mirandulae Domini, de Refor mandis Moribus oratio.
          <lb/>R101.026. Prov.: Bibl. Bœcking.
          <lb/>BN Paris, Rés. Z640/3); Proctor II Sectio I n° 11707: Lon¬
          <lb/>dres, British Museum; Grand Séminaire, Strasbburg, incun. A 175;
          <lb/>Walter: Sélestat n° 1888. Il met à l&amp;#x27;explicit «Aushelmi» avec point
          <lb/>d’exclamation et «Mense Martio», tandis que dans mon ex, il y a,Ans¬
          <lb/>helmi, Mense Marcio&amp;quot;.
          <lb/>1876
          <lb/>PIERIUS Valerianus. Voir: VALERIANUS Johannes Pierius.
        </p>
      </div>
    </body>
  </text>
</TEI>
