<?xml version='1.0' encoding='UTF-8'?>
<?xml-model href="https://raw.githubusercontent.com/OpenITI/tei_openiti/master/tei_openiti.rng" type="application/xml" schematypens="http://relaxng.org/ns/structure/1.0"?>
<?xml-model href="https://raw.githubusercontent.com/OpenITI/tei_openiti/master/tei_openiti.rng" type="application/xml" schematypens="http://purl.oclc.org/dsdl/schematron"?>
<TEI xmlns="http://www.tei-c.org/ns/1.0">
  <teiHeader>
    <fileDesc>
      <titleStmt>
        <title/>
      </titleStmt>
      <publicationStmt>
        <p/>
      </publicationStmt>
      <sourceDesc>
        <p/>
      </sourceDesc>
    </fileDesc>
    <profileDesc>
      <calendarDesc>
        <calendar xml:id="ah">
          <p>Anno Hegirae</p>
        </calendar>
      </calendarDesc>
    </profileDesc>
    <xenoData xml:space="preserve">
CREATED: 2024-04-15T09:07:52.769532+00:00
CREATED BY: eScriptorium vpassthistobuildcmd
IMAGE FILENAME: A121078344.tif
IMAGE WIDTH: 2330
IMAGE HEIGHT: 3848
</xenoData>
  </teiHeader>
  <text>
    <body>
      <div>
        <p>
          <lb/>1230
          <lb/>In-4°, car. goth., 25 ff. ch., réclames, notes marg.
          <lb/>R101979. Prov.: Rosenthal, Munich 10/VII 1896; 6 M. Notes
          <lb/>mss. dans le texte.
          <lb/>1922
          <lb/>PREMERUS Johannes
          <lb/>Strasbourg, N. Wyriot 1575
          <lb/>CARMEN ELEGIACVM IN NVPTIAS ILLVSTRISSIMI, ET
          <lb/>GENEROSISSIMI PRINCIPIS AC( DOMINI. D. LVDOVICI, Ducis
          <lb/>Wirtembergici, &amp;amp; Teccensis, Comitis Montbelgardi, etc.
          <lb/>Et Incly- tae DOROTHEAE VRSVLAE illustriss. Prin- cipis
          <lb/>ac Domini, D. Caroli Marchionis Badensis &amp;amp; Hochbergen¬
          <lb/>sis, Landgravii Susembergensis, Domini in Roette-len
          <lb/>&amp;amp; Badenweiler &amp;amp;c. Filiae. In quo familiae utriusque
          <lb/>vetustas, &amp;amp; amplitudo breviter ostenditur. AVTORE
          <lb/>IOANNE PREMERO SENATORE! Durlacense.
          <lb/>ARGENTORATI Excudebat Nicolaus Wyriot. Anno 1575.
          <lb/>(Verso blanc.)
          <lb/>In-4°, car. ital., 20 ff. non ch., sign. A-E, notes marg., titre en¬
          <lb/>cadré (ornem.).
          <lb/>R101.051. Prov.: Jos. Bœr è Co., Francfort-s.-M. 20/111 1904;
          <lb/>10 M. Annotation ms, en bas du titre : Venerando viro D. M. Sebastiano
          <lb/>Tridelio... Valentinus Wagnerus, pastor in Rucholsheim (?). A. d. 1575.
          <lb/>1923
          <lb/>PRIERIAS Silvester
          <lb/>Haguenau, H. Gran 1516
          <lb/>Aurea Rosa id est pre clarissima expositio super
          <lb/>evangelia to tius anni; de Tempore et de San ctis. tam
          <lb/>secundum ordinem Predicatorum! quam secundum Curiam:
          <lb/>continens Flo- res et Rosas omnium expositio! num sanc¬
          <lb/>torum doctorum antiquorum Preclarissimi et excellentis¬
          <lb/>simi sacre Theologie do ctoris Magistri Silve stri de Prie¬
          <lb/>rio: pe! demontani : sacri! ordinis fratrum Predicato
          <lb/>rum de Ob servan tia. (Verso blanc.)
          <lb/>A la fin, avant la table : Opus perutile intitulatum Rosa
          <lb/>aurea :... sollerti cura emendatum atque impressum in
          <lb/>imperi- ali oppido Hagenaw per industrium Hen-ricum
          <lb/>Gran calcographum inibi incolam im pensis sumptibusque
          <lb/>providi viri Joannis Rynman de Oringaw archibibliopo( le
          <lb/>Finit feliciter Anno salutis nostre. M. d. xvi. Die vero
          <lb/>undecima Octobris. (Verso blanc.)
          <lb/>In-4°, car. goth., 2 col., 386 ff. non ch., sign. a-2, A-Z. A4—
          <lb/>BB, titre courant, init. ornées N, C, P, Q et init. d’attente; titre en
          <lb/>rouge, encadré. (H &amp;amp; B planche LXIV n° 2.)
        </p>
      </div>
    </body>
  </text>
</TEI>
