<?xml version='1.0' encoding='UTF-8'?>
<?xml-model href="https://raw.githubusercontent.com/OpenITI/tei_openiti/master/tei_openiti.rng" type="application/xml" schematypens="http://relaxng.org/ns/structure/1.0"?>
<?xml-model href="https://raw.githubusercontent.com/OpenITI/tei_openiti/master/tei_openiti.rng" type="application/xml" schematypens="http://purl.oclc.org/dsdl/schematron"?>
<TEI xmlns="http://www.tei-c.org/ns/1.0">
  <teiHeader>
    <fileDesc>
      <titleStmt>
        <title/>
      </titleStmt>
      <publicationStmt>
        <p/>
      </publicationStmt>
      <sourceDesc>
        <p/>
      </sourceDesc>
    </fileDesc>
    <profileDesc>
      <calendarDesc>
        <calendar xml:id="ah">
          <p>Anno Hegirae</p>
        </calendar>
      </calendarDesc>
    </profileDesc>
    <xenoData xml:space="preserve">
CREATED: 2024-04-15T09:07:44.946426+00:00
CREATED BY: eScriptorium vpassthistobuildcmd
IMAGE FILENAME: A121078083.tif
IMAGE WIDTH: 2328
IMAGE HEIGHT: 3850
</xenoData>
  </teiHeader>
  <text>
    <body>
      <div>
        <p>
          <lb/>MAECARDUS Johannes
          <lb/>Strasbourg, Chr. Mylius 1565
          <lb/>HOMILIAE DVAE, QVIBVS PVR- gatorii papistici figmen¬
          <lb/>tum! ex sacrorum literarum &amp;amp; S. Patrum Testimoniis
          <lb/>confutatur. Authore D. Iohanne Maecardo,! olim Pastore
          <lb/>purioris Ecclaesiae in Inclyta Urbe Augusta Vindelico¬
          <lb/>rum. His adiunctae sunt non dissimilis argumen- ti Theses,
          <lb/>de invocatione sanctorum, &amp;amp; Satisfactione. (Verso
          <lb/>blanc.)
          <lb/>A la fin: Argentinae Christianus Mylius exprimebat,
          <lb/>Anno, 1565. (Verso blanc.)
          <lb/>In-8°, car, rom., 122 pp., titre courant, réclames, init. C, O.
          <lb/>P. 1-26: ... Melchiori Linck... Georgius Maecardus,
          <lb/>Evangelicae Ecclesiae in Urbe Augusta Minister, (Préface.)
          <lb/>R101.857. Prov.: Caspar Haugg, Augsbourg 26/IP 1890; 5M.
          <lb/>Oxford, Bibl. Bodleiana; Bibl. St. Guillaume, Strasbourg. 1457
          <lb/>MACARIUS Mutius
          <lb/>Strasbourg, M. Schurer 1509
          <lb/>MACARIVS MVTIVS EQVES! CAMERS DE TRIVM- PHO CHRI¬
          <lb/>STI. MATTHAEI BOSSI VERONENSIS CANONICI REGVLARIS! DE
          <lb/>PASSIONE JE SV CHRI STI SERMO.
          <lb/>A la fin: Argentoraci in aedibus Matthiae Schürerii Helve¬
          <lb/>tensis, Artium doctoris. Mense lunio. An. M. D. IX.
          <lb/>In-49, car. rom., 24 ff. non ch., sign. A-E, notes marg., initiales
          <lb/>d’attente.
        </p>
      </div>
    </body>
  </text>
</TEI>
