<?xml version='1.0' encoding='UTF-8'?>
<?xml-model href="https://raw.githubusercontent.com/OpenITI/tei_openiti/master/tei_openiti.rng" type="application/xml" schematypens="http://relaxng.org/ns/structure/1.0"?>
<?xml-model href="https://raw.githubusercontent.com/OpenITI/tei_openiti/master/tei_openiti.rng" type="application/xml" schematypens="http://purl.oclc.org/dsdl/schematron"?>
<TEI xmlns="http://www.tei-c.org/ns/1.0">
  <teiHeader>
    <fileDesc>
      <titleStmt>
        <title/>
      </titleStmt>
      <publicationStmt>
        <p/>
      </publicationStmt>
      <sourceDesc>
        <p/>
      </sourceDesc>
    </fileDesc>
    <profileDesc>
      <calendarDesc>
        <calendar xml:id="ah">
          <p>Anno Hegirae</p>
        </calendar>
      </calendarDesc>
    </profileDesc>
    <xenoData xml:space="preserve">
CREATED: 2024-04-15T09:07:48.310394+00:00
CREATED BY: eScriptorium vpassthistobuildcmd
IMAGE FILENAME: A121078201.tif
IMAGE WIDTH: 2302
IMAGE HEIGHT: 3846
</xenoData>
  </teiHeader>
  <text>
    <body>
      <div>
        <p>
          <lb/>Fol. A Ia: Disz bûch ist getruckt mit pri vilegien von Kayser¬
          <lb/>licher und Hyspanischer maye- stat durch gnaden erlangt, das niemans
          <lb/>nachtrucken sol in, iij. iaren, und ob es nach truckt wurd, die nie¬
          <lb/>man verkauffen sol in dem heilgen römschen reich bei! verlierung. X.
          <lb/>marck lötigs golds... (Verso blanc.)
          <lb/>Fol. A 4a: Préface de 6 pp.: Ordenung und sondere ge satze
          <lb/>des heiligen römischen reichs Rotweilischen hofgerichts mit vorgender
          <lb/>histori, wie und was verdienen wylet künig Cunradt hertzog zû schwa
          <lb/>ben &amp;amp;c. das selbig künigklich oder Kayserlich hofgericht einer Stat
          <lb/>Rotweil gne- digklich zûgestelt begabet und gegeben hat...
          <lb/>R10.278. Prov.: Th. v. Liebenau, archiviste, Bern 23/X1 1874;
          <lb/>11 M. 23.
          <lb/>Schmidt I n° 199; Bibl. Nat. Munich.
          <lb/>1673
          <lb/>ORDNUNG
          <lb/>[Strasbourg] 1525
          <lb/>Ordnung des herren Nachtmal: so man die Mesz
          <lb/>nennet, sampt der Tauff und Insegung der Ee, Wie yetzt
          <lb/>die diener des wort gottes zû Straszburg, Erneü¬wert,
          <lb/>und nach göttlicher! geschrifft gebessert haben! usz ur¬
          <lb/>sach in nach- gender Epistel gemeldet. M. D. XXV.
          <lb/>(Grav. sur bois, grande init. B entourée de 3 pièces d’ornement, en haut
          <lb/>Dieu, en bas un fidèle agenouillé, en prière.)
          <lb/>BEati omnes qui timent dominum, qui ambulant in viis eius.
          <lb/>In-4°, car. goth., 12 ff. non ch., sign. A-C, init. ornées; fol. A 2b,
          <lb/>A 4b, B 4a et B 4b: notes de musique.
          <lb/>Fol. A 2a : grav. sur bois, Résurrection de Jésus-Christ; au verso
          <lb/>du dernier f. 4 personnes jouant des instruments de musique, au-dessous:
          <lb/>Lobet den herren mit pusaunen hal. Lobet in mit psalter und harpffen...
          <lb/>La page est entourée de 4 pièces d’ornement.
          <lb/>Au verso du titre: Allen liebhabern des wort gottes : wünsch ich
          <lb/>Johannes Schwan Burger zâ Straszburg. Gnad und freyd...
          <lb/>R100.640. Prov.: Albert Cohn, Berlin 6/11 1879; 100 M.
          <lb/>1674
          <lb/>ORDNUNG
          <lb/>[Strasbourgl 1529
          <lb/>Ordnung ainer Ersa- men Oberkait zû Straszburg,
          <lb/>wie offentliche ergerliche la ster daselbst, mit Christ
          <lb/>lichem Ernst ge- strafft wer- den. (Feuille de trèfle.)
          <lb/>A la fin : Actum et decretum, Mitwoch den XXV.
          <lb/>Augusti, Anno &amp;amp;c. XXIX.
          <lb/>In-40, car. goth., 8 ff. non ch., sign. A-B, init. goth. W, titre en¬
          <lb/>cadré. Bande supérieure, 2 monstres marins tenant dans leur bouche
          <lb/>1087
        </p>
      </div>
    </body>
  </text>
</TEI>
