<?xml version='1.0' encoding='UTF-8'?>
<?xml-model href="https://raw.githubusercontent.com/OpenITI/tei_openiti/master/tei_openiti.rng" type="application/xml" schematypens="http://relaxng.org/ns/structure/1.0"?>
<?xml-model href="https://raw.githubusercontent.com/OpenITI/tei_openiti/master/tei_openiti.rng" type="application/xml" schematypens="http://purl.oclc.org/dsdl/schematron"?>
<TEI xmlns="http://www.tei-c.org/ns/1.0">
  <teiHeader>
    <fileDesc>
      <titleStmt>
        <title/>
      </titleStmt>
      <publicationStmt>
        <p/>
      </publicationStmt>
      <sourceDesc>
        <p/>
      </sourceDesc>
    </fileDesc>
    <profileDesc>
      <calendarDesc>
        <calendar xml:id="ah">
          <p>Anno Hegirae</p>
        </calendar>
      </calendarDesc>
    </profileDesc>
    <xenoData xml:space="preserve">
CREATED: 2024-04-15T09:07:54.430643+00:00
CREATED BY: eScriptorium vpassthistobuildcmd
IMAGE FILENAME: A121078400.tif
IMAGE WIDTH: 2374
IMAGE HEIGHT: 3842
</xenoData>
  </teiHeader>
  <text>
    <body>
      <div>
        <p>
          <lb/>1286
          <lb/>Curante Bernardo Iobino: Privilegio Caesareo.Argentorati.]
          <lb/>CID. ID. XIII C. (1587) (Verso blanc avec encadrement.)
          <lb/>In-8°, car. ital., 204 ff. non ch., sign. A-Z, a-c, titre encadré (H. &amp;amp; B.,
          <lb/>Planche XXXVII, N° 6), chaque page a en outre un encadrement composé
          <lb/>d’ornements, 103 grav. d’hommes illustres.
          <lb/>fol. 2a : Préface de Nic. Reusner au prince Fréderic II, roi de Danemark...
          <lb/>Argentorati Calendis Aprilis, anno Salutis Christianae CID. I9. XIIIC
          <lb/>fol. 7 : Ode à Reusner par Hieronymus Treutlerus Silesius, datée
          <lb/>Argentinae IIX. Eid. Ian. CIO. ID. XIIIC.
          <lb/>fol. VIIIb, : Librarius Lectori.
          <lb/>R. 100,903. Prov. : Bibliothèque Cunitz, Strasbourg, 1886. Au milieu
          <lb/>du titre : Joh. Seb. Mitternacht.
          <lb/>Ritter : Catal. BM. Strasbourg n° 1807 et BM Colmar; Bibl. Bodleiana
          <lb/>Oxford.
          <lb/>Andresen III, p. 67 et suiv., Baer, Francfort s. M., Catalogue 500 (1907),
          <lb/>n° 1276; 100 M. et n° 1277; 75 M. : « Erste Ausgabe... mit Portraits aller
          <lb/>berühmten Gelehrten u. Schriftsteller nach Zeichnungen von Tobias
          <lb/>Stimmar, C. Maurer, Nicolaus Manuel Teutsch u. Rudolf Manuel».
          <lb/>Brunet IV2, 1255: « Ce vol. renferme 100 portr. gravés sur bois, et très
          <lb/>nettement, par Tob. Stimmer. Vend. 35 fr. 75 c. exemplaire de De Thou,
          <lb/>Courtois; autre en mar, r. 65 fr. Veinant. Ce livre existe sous le titre
          <lb/>Contrafacturbuch, sous la même date. Les éditions de Strasbourg, 1590,
          <lb/>et Francfort, 1620, in-8°, sont inférieures à celle-ci.»
          <lb/>2005
          <lb/>REUSNER Nicolaus
          <lb/>Strasbourg, A. Bertram, 1588
          <lb/>Anagrammata De Nomine magnifici et illustris! viri,
          <lb/>D. Henrici Ranzovii equ. regii Daniae Vicarii, Praefecti
          <lb/>Segebergae, Domini Brede-bergae, &amp;amp;c. (Scripta à
          <lb/>Nicolao ReusneroAu-dessous, marque typ. de Bertram.
          <lb/>(H. &amp;amp; B. Planche XLIV. No 1 ; Silvestre, No 1022.) Argento¬
          <lb/>rati Apud Antonium Bertramum.M. D. LXXXVIII.
          <lb/>In-8°, car, rom. et ital.. 8 ff. non ch., réclames, ornements, fol. A6b,
          <lb/>vignette, fol. A7a : arbre généalogique « famille Ranzau».
          <lb/>R. 100.887 (5). Prov. : Bibl. de la ville de Heilbronn; 2/IV. 1878.
          <lb/>2006
          <lb/>REUSNER Nicolaus
          <lb/>Strasbourg, B Jobin, 1589
          <lb/>Nicolai Reusneri Agalmatum! AureolorumLiber
          <lb/>sin-gularis. I. Septem Virtutes.. Septem Artes.
          <lb/>III. Quatuor artes maiores.IV. Novem Musae V. Tres
          <lb/>gratiae. VI. Septem PlanetaeVII. XII. Anni Tempora.
          <lb/>Ad! Serenissimum Prin-cipem D. Ioannem, Nor- vegiae
          <lb/>Haeredem, Friderici II. Reg. Daniae F.
          <lb/>Argentorati Cum Privilegio.Apud Bernardum Iobinum.
          <lb/>In-8°, car. rom., ital. et goth., 48 ff. non ch., sign. I-O., petites init.
          <lb/>ornées.
          <lb/>Chaque page est encadrée de 4 pièces d’ornement (Voir figure ci-jointe).
          <lb/>fol. I. 2a : Ad... Ioannem, Norvegiae haeredem (12 vers), signé
          <lb/>Nicolaus Reusnerus, Ienae ex Academia Salana, Idib. Martii Anno,
        </p>
      </div>
    </body>
  </text>
</TEI>
