<?xml version='1.0' encoding='UTF-8'?>
<?xml-model href="https://raw.githubusercontent.com/OpenITI/tei_openiti/master/tei_openiti.rng" type="application/xml" schematypens="http://relaxng.org/ns/structure/1.0"?>
<?xml-model href="https://raw.githubusercontent.com/OpenITI/tei_openiti/master/tei_openiti.rng" type="application/xml" schematypens="http://purl.oclc.org/dsdl/schematron"?>
<TEI xmlns="http://www.tei-c.org/ns/1.0">
  <teiHeader>
    <fileDesc>
      <titleStmt>
        <title/>
      </titleStmt>
      <publicationStmt>
        <p/>
      </publicationStmt>
      <sourceDesc>
        <p/>
      </sourceDesc>
    </fileDesc>
    <profileDesc>
      <calendarDesc>
        <calendar xml:id="ah">
          <p>Anno Hegirae</p>
        </calendar>
      </calendarDesc>
    </profileDesc>
    <xenoData xml:space="preserve">
CREATED: 2024-04-15T09:07:52.994552+00:00
CREATED BY: eScriptorium vpassthistobuildcmd
IMAGE FILENAME: A121078346.tif
IMAGE WIDTH: 2330
IMAGE HEIGHT: 3848
</xenoData>
  </teiHeader>
  <text>
    <body>
      <div>
        <p>
          <lb/>1232
          <lb/>Pap. silve: la page entière a en outre 4 bordures qui, comme la
          <lb/>gravure, semblent, d’après Schmidt I n° 158, imitées d’une édition
          <lb/>italienne.
          <lb/>R 10382. Prov.: BN Munich 8/IV 1878; 2 M. 50. En haut du
          <lb/>titre:, Michael auer possessor.&amp;quot;
          <lb/>Schmidt I n° 158: Jadis Bibl. de Strasbourg, incun. 4376, BM
          <lb/>de Strasbourg et BM de Colmar; Kristeller 101, 167.
          <lb/>Bœr, Francfort-s.-M., Catal, 500 (1907) n° 1335; 60 M., et n°
          <lb/>1336; 45 M.: ,80 ff. ch., 8 ff. non ch.... Mit 2 Randleisten u. 2 Holz¬
          <lb/>schnitten, vielen Initialen.... Obwohl die schöne Titelbordüre mit den
          <lb/>wilden Männern und Engeln (Kristeller Abb. 22) von Bartsch, Passavant
          <lb/>u. Nagler nicht erwähnt wird, lässt sie sich mit guten Gründen... Wäch¬
          <lb/>1925
          <lb/>telin zuweisen.&amp;quot;
          <lb/>PROBIER-Büchlein
          <lb/>Strasbourg, Chr. Egenolph 1530
          <lb/>Probir Bü-chlin, Auff Goldt, Silber, AlleErtz und
          <lb/>Metall. Mit vil kostbarlichen Alchimeijschen Künsten.
          <lb/>Sampt al! lem zugehör und Instrumen- ten dar zû dien¬
          <lb/>lich.&amp;quot;Die Bergknamen, für die newen, angohnde
          <lb/>Bergkleut. Register sûch am End. (Instruments de chimie.)
          <lb/>Zà Straszburg, Bei Christian Egenolph.
          <lb/>A la fin: Zû Straszburg, Bei Christian Ege- nolphen,
          <lb/>im Herbstmon, Des JarsM. D. XXX. (Verso blanc.)
          <lb/>In-8°, car. goth., 46 ff. ch., 2 ff. non ch., verso du dernier f.
          <lb/>blanc, réclames.
          <lb/>R 101.17. Prov.: Rosenthal, Munich 21/XII 1894; 24 M.
          <lb/>1926
          <lb/>PROBLEMATA
          <lb/>Strasbourg, J. Cammerlander, s. d.
          <lb/>PROBLEMATA. Fragstuck Aristotelis... (Voir reproduction
          <lb/>p. 1233.)
          <lb/>In-4°, car. goth., 24 ff. non ch., sign. A-F, réclames, en outre
          <lb/>4 grav., dont trois de la grandeur d’une page, une au verso du titre,
          <lb/>les deux autres fol. F 3b et F4a; celle de fol. F 2b est plus petite.
          <lb/>Au verso du dernier f., marque typ. de J. Cammerlander. (HCB
          <lb/>planche XXIV n° I, mais avee encadrement, composé de quatre pièces
          <lb/>juxtaposées.)
          <lb/>R 102.440. Prov, inconnue.
          <lb/>1927
          <lb/>PROBLEMATA
          <lb/>Strasbourg, M. Hupfuff 1515
          <lb/>Ein hüpsch biech- lin... (Voir reproduction p. 1234.) Au¬
          <lb/>dessous, grav. sur bois: un jeune homme et un vieillard, chacun en
          <lb/>buste. (Verso blanc.) Dans les,vir Angeltugente, même année par
          <lb/>Hupfuff, la grav, représente Socrate et un disciple.
        </p>
      </div>
    </body>
  </text>
</TEI>
