<?xml version='1.0' encoding='UTF-8'?>
<?xml-model href="https://raw.githubusercontent.com/OpenITI/tei_openiti/master/tei_openiti.rng" type="application/xml" schematypens="http://relaxng.org/ns/structure/1.0"?>
<?xml-model href="https://raw.githubusercontent.com/OpenITI/tei_openiti/master/tei_openiti.rng" type="application/xml" schematypens="http://purl.oclc.org/dsdl/schematron"?>
<TEI xmlns="http://www.tei-c.org/ns/1.0">
  <teiHeader>
    <fileDesc>
      <titleStmt>
        <title/>
      </titleStmt>
      <publicationStmt>
        <p/>
      </publicationStmt>
      <sourceDesc>
        <p/>
      </sourceDesc>
    </fileDesc>
    <profileDesc>
      <calendarDesc>
        <calendar xml:id="ah">
          <p>Anno Hegirae</p>
        </calendar>
      </calendarDesc>
    </profileDesc>
    <xenoData xml:space="preserve">
CREATED: 2024-04-15T09:07:44.545567+00:00
CREATED BY: eScriptorium vpassthistobuildcmd
IMAGE FILENAME: A121078069.tif
IMAGE WIDTH: 2336
IMAGE HEIGHT: 3844
</xenoData>
  </teiHeader>
  <text>
    <body>
      <div>
        <p>
          <lb/>LUTHER Martin
          <lb/>Strasbourg [J. Knoblochl 1527
          <lb/>Ob Kriegsleüt) auch in seligem stande seyn kün¬
          <lb/>den. Mar. Luther.
          <lb/>Zû Straszburg.  M. D. XXVII. (Feuille de lierre.)
          <lb/>In-80, car. goth., 36 ff. non ch., sign. a-e, titre courant, réclames,
          <lb/>init. à fig. G, A; titre encadré (HRB Planche X n° 6). Encadrement
          <lb/>de Knobloch.
          <lb/>Au verso du titre: Dem Gestrengen unnd! Ernvesten Assa von
          <lb/>Kram Ritter &amp;amp;c. I meinem günstigen Herrn! unnd freünde Mar-] tinus
          <lb/>Luther... (Préface de 2 pp. et demie.)
          <lb/>*R101.957. Prov.: Bibl. Heitz, Strasbourg 1871.
          <lb/>1436
          <lb/>LUTHER Martin
          <lb/>Strasbourg, J. Herwagen 1527
          <lb/>SERMO DE! FINE PRÆCEPTORVM DEI, 71 atque de vero Legis
          <lb/>usu, iuxtà ac abusu, in quo bona pars primi capitis ex
          <lb/>Epistola ad Timoth, priore feliciter explicatur. Exegesis
          <lb/>in locum D. Pauli 1. Timoth. 2.! Deus vult omnes homi¬
          <lb/>nes salvos l fieri, &amp;amp;c. M. LVTHERO AVTORE.
          <lb/>ARGENTORATI, ANNO M. D. XXVI.
          <lb/>A la fin: ARGENTORATI, APVD IOHANNEM HERVAGI-VM,
          <lb/>MENSE IANVARIO, L ANNO, M. D. XXVII.
          <lb/>In-8°, car. ital., 29 ff. ch. et 1 f. blanc avec l’explicit au verso,
          <lb/>titre courant, récl., init. à fig. N et init. ornées I, H.
          <lb/>Au verso du titre:...D. Iohanni Menlisho-I fero, medico Constan¬
          <lb/>tiensi, Iacobus Bed! rotus Pluden.... — Ex Argentorato &amp;amp;c. (1 p.)
          <lb/>R102.189. Prov.: L. Rosenthal, Munich 9/x 1883, 4 M. Anno¬
          <lb/>tations mss.
          <lb/>1437
          <lb/>955
          <lb/>LUTHER Martin
          <lb/>Haguenau, J. Secer 1527
          <lb/>MARTI  NI LVTHERI SERMO ELE gantissimus, super
          <lb/>Sacra! mento Corporis &amp;amp; Sanguinis Christi, in quo re
          <lb/>spondetur obiter et eius dem Sacramenti ca- lumniatori¬
          <lb/>bus. Et alia quaedam, quorum Indi! cem in pagella se¬
          <lb/>quenti reperies.
          <lb/>Haganoæ per Ioh. Sece.! Anno M. D. XXVII.
          <lb/>In-8°, car. ital. et rom., 75 ff. non ch., sign. a-k, titre courant,
          <lb/>récl., notes marg., init. ornées; titre encadré (HŒB Planche LXIX n° 2).
          <lb/>Au verso du dernier f., marque typ. de J. Secer. (HEB Planche
          <lb/>LXXI n° 9.)
        </p>
      </div>
    </body>
  </text>
</TEI>
