<?xml version='1.0' encoding='UTF-8'?>
<?xml-model href="https://raw.githubusercontent.com/OpenITI/tei_openiti/master/tei_openiti.rng" type="application/xml" schematypens="http://relaxng.org/ns/structure/1.0"?>
<?xml-model href="https://raw.githubusercontent.com/OpenITI/tei_openiti/master/tei_openiti.rng" type="application/xml" schematypens="http://purl.oclc.org/dsdl/schematron"?>
<TEI xmlns="http://www.tei-c.org/ns/1.0">
  <teiHeader>
    <fileDesc>
      <titleStmt>
        <title/>
      </titleStmt>
      <publicationStmt>
        <p/>
      </publicationStmt>
      <sourceDesc>
        <p/>
      </sourceDesc>
    </fileDesc>
    <profileDesc>
      <calendarDesc>
        <calendar xml:id="ah">
          <p>Anno Hegirae</p>
        </calendar>
      </calendarDesc>
    </profileDesc>
    <xenoData xml:space="preserve">
CREATED: 2024-04-15T09:07:49.077427+00:00
CREATED BY: eScriptorium vpassthistobuildcmd
IMAGE FILENAME: A121078228.tif
IMAGE WIDTH: 2306
IMAGE HEIGHT: 3848
</xenoData>
  </teiHeader>
  <text>
    <body>
      <div>
        <p>
          <lb/>1114
          <lb/>dem kurtz verschienner tagen, ein sehr leidiger und gantz
          <lb/>erbärmlicher unfall allhie sich begeben, dessen al- lein die
          <lb/>Ursach gewesen, das Sebastian Illtis der Pulvermacher der
          <lb/>Ordnung zuwider und entgegen sein Pulver inn seinem
          <lb/>Haus bereitet,... ... Gebieten und Verbieten auch hier¬
          <lb/>auff allen...Das hinfüro keiner mehr, und niemand,
          <lb/>er sey wer der wölle, sich des Pulvermachens understehn
          <lb/>noch an- nemmen soll, in welchen weg das were, ohn
          <lb/>sonderbare unsere erlaubnus... —
          <lb/>Actum &amp;amp; Decretum Sambstags den an- dern Decem¬
          <lb/>bris, als man zalt... Tausent, Fünffhundert, Achtzig und
          <lb/>ein Jahr. (Verso blanc.)
          <lb/>Placard, in-fol., car. goth., 42 lignes, init. ornée W.
          <lb/>R 22 (45). Prov.: Bibl. Heitz, Strasbourg 1871. Au verso blanc:
          <lb/>1726
          <lb/>1581. Verordnung wegen- der Fabrication des Pulvers.
          <lb/>Strasbourg 1582
          <lb/>ORDONNANCE
          <lb/>WIr Georg Ioham (!) von Mundoltzheim der Maister,
          <lb/>unnd der Raht, sampt unseren Freunden den Einund¬
          <lb/>zwentzigen diser desz H. Rö.Reichs Freyen Stat Strasz¬
          <lb/>burg, Thûn! kundt menigklich; Als uns kurtz verruckter
          <lb/>tagen unsere Burger und handelsleut, so mit dem Häring
          <lb/>handlen, supplicando fürgebracht, Wie das ein falsch er¬
          <lb/>dicht geschrey auszge- braitet, als ob der Häring, dises
          <lb/>jetzige, nicht wie vorige iar, gerechtund gut, sonder
          <lb/>kleine Schlangen darinne, unnd also geschaffen sein solte,
          <lb/>das man dessen ohne gefahr und schaden nit möchte ge¬
          <lb/>niessen... —
          <lb/>So ist uns newlicher tagen von unsern lieben und
          <lb/>gûten freun- den Burgermaister und Raht der Stat Cöllen,
          <lb/>eben dises gescheffts halben zugeschriben, und ire, bey
          <lb/>drey und viertzig glaubhafften, dern ding verstendigen
          <lb/>personen, mittel Eyds eingenomne kundtschafft, so! Wir
          <lb/>zû mehrer urkundt hiernach trucken lassen, zugeschickt
          <lb/>worden, Darausz gleicher gestalt der urgrund dises er¬
          <lb/>dichten geschreys, und wie es mit dem Häring gelegen¬
          <lb/>heit habe, eigentlich zuvernem-men... —
          <lb/>Actum &amp;amp; Decretum Mit-woch den xiiii. Februarii,
          <lb/>Anno 1582.
        </p>
      </div>
    </body>
  </text>
</TEI>
