<?xml version='1.0' encoding='UTF-8'?>
<?xml-model href="https://raw.githubusercontent.com/OpenITI/tei_openiti/master/tei_openiti.rng" type="application/xml" schematypens="http://relaxng.org/ns/structure/1.0"?>
<?xml-model href="https://raw.githubusercontent.com/OpenITI/tei_openiti/master/tei_openiti.rng" type="application/xml" schematypens="http://purl.oclc.org/dsdl/schematron"?>
<TEI xmlns="http://www.tei-c.org/ns/1.0">
  <teiHeader>
    <fileDesc>
      <titleStmt>
        <title/>
      </titleStmt>
      <publicationStmt>
        <p/>
      </publicationStmt>
      <sourceDesc>
        <p/>
      </sourceDesc>
    </fileDesc>
    <profileDesc>
      <calendarDesc>
        <calendar xml:id="ah">
          <p>Anno Hegirae</p>
        </calendar>
      </calendarDesc>
    </profileDesc>
    <xenoData xml:space="preserve">
CREATED: 2024-04-15T09:07:43.672848+00:00
CREATED BY: eScriptorium vpassthistobuildcmd
IMAGE FILENAME: A121078036.tif
IMAGE WIDTH: 2362
IMAGE HEIGHT: 3836
</xenoData>
  </teiHeader>
  <text>
    <body>
      <div>
        <p>
          <lb/>920
          <lb/>Au verso du titre: SVMMA PRIVILEGII] CAESAREI... —
          <lb/>Datum in Arce Regia Pragae, vigesima secun da die Mensis
          <lb/>Martij. Anno M. D. LXXI. Au-dessous: SVMMA PRIVILEGH
          <lb/>ELECTO RS SAXONIAE... — Datum Dresdae, nona die
          <lb/>Mensis Martij. Anno M. D. LXXIIII. Augustus Churfürst.
          <lb/>Fol. 2a: ... Herren Maximiliano dem Andern des Nam¬
          <lb/>mens : — Geben zu Straszburg den 18. tag Martij, im Jar
          <lb/>1574.1 Theodosius Rihel. (Préface de 4 ff.) Suivent 9 ff.: Liuische
          <lb/>Chronica.
          <lb/>n° 828), 11/V11879;5M.
          <lb/>R10.494. Prov.: K. Th. Völcker, Francfort s. M. (Catal. 68,
          <lb/>1376
          <lb/>LIVIUS Titus
          <lb/>Strasbourg, Th. Rihel 1581
          <lb/>Titus Liuius,VndLucius Florus,! Von Ankunfft
          <lb/>vnnd Vrsprung des! Römischen Reichs... (Titre comme dans
          <lb/>l’édition 1574, de même la préface et la «Livische Chronica». Le privi¬
          <lb/>lège au verso du titre manque.)
          <lb/>A la fin: même explicit et même marque typographique que dans
          <lb/>l&amp;#x27;édition 1574, la date au-dessous de la marque est M. D. LXXXI.
          <lb/>Réimpression de l’édition 1574 avec le même texte et les mêmes
          <lb/>gravures.
          <lb/>R65. Prov.: BN Munich 15/IV 1879; 3 M.
          <lb/>Au milieu du titre: Seemans-hausen. — A l&amp;#x27;intérieur du 2e plat:
          <lb/>Sum Ludouig Tijttenens (?) 1612.
          <lb/>1377
          <lb/>LIVIUS Titus
          <lb/>Strasbourg, Th. Rihel 1587
          <lb/>Titus Liuius, VndLucius Florus,!Von Ankunfft
          <lb/>vnnd Vrsprung desRömischen Reichs etc. (Même titre et
          <lb/>même encadrement que dans les éditions de 1574 et 1581.)
          <lb/>A la fin même explieit, il n’y a que la date sous la marque typo¬
          <lb/>graphique qui est changée en: M. D. LXXXVII.
          <lb/>In-fol., car. goth., 504 ff. non ch., sign. a-b, A-Z, a-g, aa-2z, a-k,
          <lb/>Aaa-Oqq, A-B, titre courant, réclames, notes marg., initiales goth., de
          <lb/>nombreuses gravures se rapportant à l’histoire romaine, mais différentes
          <lb/>de celles des autres éditions. Le texte du privilège impérial au verso
          <lb/>du titre manque. La préface de l’imprimeur Rihel manque, à sa place
          <lb/>il y a la préface de Georges Rab et Sigmund Feierabend.
          <lb/>Fol. a 2a:... Herrn Bürgermeister vnd Raht der...
          <lb/>Statt Nürnberg... — Geben in Franckfurt am Mayn, 1568.
          <lb/>den 6. Aprilis... Georg Rab, vnd Sigmund Feyerabend,
          <lb/>beyde Bür- ger vnd Buchhändler zu Franckfurt am Mayn.
          <lb/>R63. Prov.: Hauwite, Berlin 18/40 1917; 45 M.
          <lb/>1378
        </p>
      </div>
    </body>
  </text>
</TEI>
