<?xml version='1.0' encoding='UTF-8'?>
<?xml-model href="https://raw.githubusercontent.com/OpenITI/tei_openiti/master/tei_openiti.rng" type="application/xml" schematypens="http://relaxng.org/ns/structure/1.0"?>
<?xml-model href="https://raw.githubusercontent.com/OpenITI/tei_openiti/master/tei_openiti.rng" type="application/xml" schematypens="http://purl.oclc.org/dsdl/schematron"?>
<TEI xmlns="http://www.tei-c.org/ns/1.0">
  <teiHeader>
    <fileDesc>
      <titleStmt>
        <title/>
      </titleStmt>
      <publicationStmt>
        <p/>
      </publicationStmt>
      <sourceDesc>
        <p/>
      </sourceDesc>
    </fileDesc>
    <profileDesc>
      <calendarDesc>
        <calendar xml:id="ah">
          <p>Anno Hegirae</p>
        </calendar>
      </calendarDesc>
    </profileDesc>
    <xenoData xml:space="preserve">
CREATED: 2024-04-15T09:07:53.032717+00:00
CREATED BY: eScriptorium vpassthistobuildcmd
IMAGE FILENAME: A121078349.tif
IMAGE WIDTH: 2336
IMAGE HEIGHT: 3848
</xenoData>
  </teiHeader>
  <text>
    <body>
      <div>
        <p>
          <lb/>werden, jtzunt von ne- wem gemert, gebes- sert, und
          <lb/>das on- nütz herausz getilckt.
          <lb/>«Getruckt zû Straszburg bey M. Jacob Cammer Lan¬
          <lb/>der. Anno. M. D. XLIII.
          <lb/>In-4°, car. goth., 24 ff. non ch., sign. A-F, réclames; titre en¬
          <lb/>cadré de 4 pièces juxta-posées, empruntées à des bordures de Cammer¬
          <lb/>lander. Au verso du titre, planche anatomique d’une femme enceinte,
          <lb/>répétée au verso de l’avant-dernier f.; au recto du dernier f., planche
          <lb/>anatomique de Thomme et au verso marque typ. de J. Cammerlander.
          <lb/>(H a B planche XXIV n° 1; Silvestre n° 816.)
          <lb/>R 101.112. Prov.: Trubner, Strasbourg 111 1881; 9 M. 1929
          <lb/>PROBLEMATA
          <lb/>Strasbourg, J. Cammerlander 1545
          <lb/>Probleummata Aristotelis, Avicenne, Ga! leni, und
          <lb/>Alberti Magni... (Même titre que dans l’édition de 1543.)
          <lb/>Getruckt zû Straszburgkbey M. Jacob Cammer¬
          <lb/>Lander. Anno. M. D. XLV.
          <lb/>In-40, car. goth., 23 ff. non ch., sign. A-F, réclames. Réimpres-
          <lb/>sion de l&amp;#x27;édition de 1543 avec les mêmes planches, excepté que celle de
          <lb/>la femme enceinte ne se trouve qu’au verso du titre, celle de l&amp;#x27;homme
          <lb/>avec la marque typ. au verso est collée derrière la feuille du titre; les
          <lb/>2 pièces latérales de l’encadrement ne sont pas les mêmes que dans l&amp;#x27;édi¬
          <lb/>tion de 1543.
          <lb/>R101.13. Prov.: Th. Ackermann, Munich 30/111 1886,7M.
          <lb/>1930
          <lb/>1235
          <lb/>PROBUS Aemilius. Voir: NEPOS Cornelius
          <lb/>PROCESSUS
          <lb/>(Strasbourg, J. Schott 1525]
          <lb/>PROCESSVS CONSISTORIALIS! Martyrii Jo. Hvss, cum
          <lb/>corre- spondentia Legis Gratiae, ad ius Papisticum,
          <lb/>in Simoniacos &amp;amp; fornicatores Papistas. ET DE VICTORIA
          <lb/>CHRISTI, Deque Antichristi degradatione, ac de- posi¬
          <lb/>tione.Ad vetustatis typum excusus. A sanctuario meo
          <lb/>incipite, dicit Dominus. Ezech. IX.
          <lb/>In-4°, car, rom., 22 ff. non ch. dont le dernier blanc, sign. a-e,
          <lb/>titre courant, notes marg. Mêmes grav, que dans le Geistlicher Blut¬
          <lb/>handel Johanns Husz, 115251, mais au lieu de 27 il y a 28 grav. assez
          <lb/>grossières; fol. d 3b, Jésus-Christ entrant à Jérusalem, tiré de la, Postill&amp;quot;
        </p>
      </div>
    </body>
  </text>
</TEI>
