<?xml version='1.0' encoding='UTF-8'?>
<?xml-model href="https://raw.githubusercontent.com/OpenITI/tei_openiti/master/tei_openiti.rng" type="application/xml" schematypens="http://relaxng.org/ns/structure/1.0"?>
<?xml-model href="https://raw.githubusercontent.com/OpenITI/tei_openiti/master/tei_openiti.rng" type="application/xml" schematypens="http://purl.oclc.org/dsdl/schematron"?>
<TEI xmlns="http://www.tei-c.org/ns/1.0">
  <teiHeader>
    <fileDesc>
      <titleStmt>
        <title/>
      </titleStmt>
      <publicationStmt>
        <p/>
      </publicationStmt>
      <sourceDesc>
        <p/>
      </sourceDesc>
    </fileDesc>
    <profileDesc>
      <calendarDesc>
        <calendar xml:id="ah">
          <p>Anno Hegirae</p>
        </calendar>
      </calendarDesc>
    </profileDesc>
    <xenoData xml:space="preserve">
CREATED: 2024-04-15T09:07:47.472442+00:00
CREATED BY: eScriptorium vpassthistobuildcmd
IMAGE FILENAME: A121078172.tif
IMAGE WIDTH: 2304
IMAGE HEIGHT: 3846
</xenoData>
  </teiHeader>
  <text>
    <body>
      <div>
        <p>
          <lb/>1058
          <lb/>durch ein kleines c bezeichnet, was zur Vermutung Anlass gab, dass der
          <lb/>Verleger Jacob Cammerlander, der selbst Formschneider war, dieselben
          <lb/>angefertigt habe. (Naumanns Archiv II, 135.) Andererseits wird ein Teil
          <lb/>der Formschnitte von Röttinger (S. 106, 87) dem Hans Weiditz zuge¬
          <lb/>wiesen u. Cammerlander nur als ausführender Holzschneider bezeichnet.
          <lb/>1623
          <lb/>NEPOS Cornelius
          <lb/>Strasbourg, J. Pruss 1505
          <lb/>Hic subnotata continentur. Vita M. Catonis. Sextus
          <lb/>Aurelius de vitis Caesarum. Benevenutus de eadem re.
          <lb/>Philippi Beroaldi &amp;amp; Thomae Wol- phii Iunioris disceptatio.
          <lb/>de nomine! imperatorio. Epithoma rerum Germanicarum
          <lb/>usque! ad nostra tempora. Thomae aucuparii Distichon.
          <lb/>A la fin: Johannes Prüs in aedibus Thiergarten Argenti
          <lb/>nae imprimebat. Mathias Schürer recognovit.) Anno M. D. V,
          <lb/>quinto Idus Martii.Conrado Duntzenhemio Dictatore Ar¬
          <lb/>gentinensi.
          <lb/>In-4°, car. rom., 34 ff. non ch., sign. A-G, 4 41 ff. ch., sign.
          <lb/>H-P, 1 ff. non ch., notes marg., init. d’attente.
          <lb/>Au verso du titre: Thomas Wolphius, Laurentio Hell ! aedis divi
          <lb/>Petri Iunioris Argentinensis, Decano et iureconsulto... S. P. D. ...
          <lb/>Argenti nae cursim ex aedibus nostris, X. kal. Martii. Anno christi. M.
          <lb/>CCCCC. V. Thomas Aucuparius Argentinensis In Epithoma Germanorum.
          <lb/>(3 dist. latins.)
          <lb/>Fol. A ij: Index Sexti Aurelii (à 2 col.).
          <lb/>Fol. A iij: Vita Cathonis Maioris per Cornelium Nepotem.
          <lb/>Fol. B: De vita et moribus Imperatorum Romanorum libel- lus
          <lb/>excerptus et breviatus ex libris Sexti aurelii victoris a Caesare Augusto
          <lb/>usque ad Theodosium.
          <lb/>Fol. E: Libellus qui dicitur Augustalis.
          <lb/>Fol. G v: Thomae Wolphii Iunioris epistola ad Bero aldum.
          <lb/>Fol. G vj: Responsio Philippi Beroaldi.
          <lb/>Fol. I : Epithoma Germanorum Iacobi wympfelingii, et suorum
          <lb/>opera contextum....
          <lb/>Au verso du dernier fol. : armoiries de Thomas Wolff junior,
          <lb/>occupant toute la page; au-dessous : Thomas Wolphius Iunior Pontificii
          <lb/>Iuris Doctor.
          <lb/>*RI01733. Prov.: A. Cohn, Berlin 28/XI1 1877; 12 M.
          <lb/>Proctor II Sectio I n° 9973: Londres, Brit. Museum; BN Paris,
          <lb/>Rés. M. 477.
          <lb/>Schmidt III n° 49: BM de Strasbourg; St-Guillaume, Strasbourg,
          <lb/>et un exemplaire qu’il possédait lui-même dans sa bibliothèque.
          <lb/>1624
        </p>
      </div>
    </body>
  </text>
</TEI>
