<?xml version='1.0' encoding='UTF-8'?>
<?xml-model href="https://raw.githubusercontent.com/OpenITI/tei_openiti/master/tei_openiti.rng" type="application/xml" schematypens="http://relaxng.org/ns/structure/1.0"?>
<?xml-model href="https://raw.githubusercontent.com/OpenITI/tei_openiti/master/tei_openiti.rng" type="application/xml" schematypens="http://purl.oclc.org/dsdl/schematron"?>
<TEI xmlns="http://www.tei-c.org/ns/1.0">
  <teiHeader>
    <fileDesc>
      <titleStmt>
        <title/>
      </titleStmt>
      <publicationStmt>
        <p/>
      </publicationStmt>
      <sourceDesc>
        <p/>
      </sourceDesc>
    </fileDesc>
    <profileDesc>
      <calendarDesc>
        <calendar xml:id="ah">
          <p>Anno Hegirae</p>
        </calendar>
      </calendarDesc>
    </profileDesc>
    <xenoData xml:space="preserve">
CREATED: 2024-04-15T09:07:48.346039+00:00
CREATED BY: eScriptorium vpassthistobuildcmd
IMAGE FILENAME: A121078203.tif
IMAGE WIDTH: 2302
IMAGE HEIGHT: 3848
</xenoData>
  </teiHeader>
  <text>
    <body>
      <div>
        <p>
          <lb/>In-4°, car. goth., 12 ff. non ch. dont le dernier blanc, sign. a-e,
          <lb/>réclames, init. goth. W.
          <lb/>Fol. A 2a: WIr Erasmus von! Gottes gnaden Bestetigter der
          <lb/>Stifft Straszburg und Landtgrave z6 Elsass. Entbieten! allen... Un
          <lb/>sern freüntlichen grusz.... A la fin: Datum in unser Statt Zabern, under
          <lb/>unserm zt Ende ingedrucktem Secret uff Montag nach unnser lieben
          <lb/>Frauwen Liechtmesz, unnd Christi unsers lieben! Herrn und Seligmachers
          <lb/>geburt im Fünff- tzehen hurdertsten (!), Neün unnd! Viertzigsten Jare.
          <lb/>(Ordonnance contre blasphémies etc.)
          <lb/>R102.278. Prov.: Bibl. Heitz, Strasbourg 1871.
          <lb/>1677
          <lb/>ORDNUNG
          <lb/>S. l. 1561
          <lb/>Ordnung vnnd Pollicey, &amp;amp;c.der Herrschafft Rap¬
          <lb/>poltzstein, Wie sich alle Underthonen, derselbigen halten
          <lb/>und erzeigen sollen. De Anno, &amp;amp;cc.M. D. LXI.
          <lb/>WIR Egennolff Herr zû Rappoltzstein, zû Hohennack,
          <lb/>und Geroltzeckh am Waszichin, &amp;amp;c....
          <lb/>A la fin: So geben und beschehen Rappoltzweiller, den
          <lb/>acht und zweintzigsten tag desz Monats Junii, Nach Chri¬
          <lb/>sti unsers lieben Herrn, einigen Er- lösers und Seligma¬
          <lb/>chers gebûrt gezelt, Tausent fünffhundert Sechzig und ein
          <lb/>Jar.
          <lb/>Placard, in-fol. plié en trois.
          <lb/>R8 (2).. Prov.: Bibl. Straub, Strasbourg S/VII 1892. 1678
          <lb/>1089
          <lb/>ORDNUNG
          <lb/>Strasbourg 1594
          <lb/>Ordnung welchermassen hin- füro Frembde Manns¬
          <lb/>personen, mit Wit-wen und ledigen Töchtern verheürath
          <lb/>werden sollen.
          <lb/>A la fin: Actum &amp;amp; Decretum Mittwoch den acht und
          <lb/>zwentzigsten Augusti, Im Jar nach Christi unsers Selig¬
          <lb/>machers geburt, Tausent, Fünffhundert, Neuntzig unnd
          <lb/>Vier.
          <lb/>Placard, in-fol., car. goth., réclame, init. ornée W. A la suite du
          <lb/>titre: WIR Hugo Sturm der Meister, und der Raht zû Straszburg, sampt
          <lb/>unsern! Freunden den Ein und zwentzigen, Thun! kund....
          <lb/>R79 (2); 3ème ex. R 80 (2). Prov. inconnue; probablement :
          <lb/>Heitz, Strasbourg.
          <lb/>1679
          <lb/>R. 69=
        </p>
      </div>
    </body>
  </text>
</TEI>
