<?xml version='1.0' encoding='UTF-8'?>
<?xml-model href="https://raw.githubusercontent.com/OpenITI/tei_openiti/master/tei_openiti.rng" type="application/xml" schematypens="http://relaxng.org/ns/structure/1.0"?>
<?xml-model href="https://raw.githubusercontent.com/OpenITI/tei_openiti/master/tei_openiti.rng" type="application/xml" schematypens="http://purl.oclc.org/dsdl/schematron"?>
<TEI xmlns="http://www.tei-c.org/ns/1.0">
  <teiHeader>
    <fileDesc>
      <titleStmt>
        <title/>
      </titleStmt>
      <publicationStmt>
        <p/>
      </publicationStmt>
      <sourceDesc>
        <p/>
      </sourceDesc>
    </fileDesc>
    <profileDesc>
      <calendarDesc>
        <calendar xml:id="ah">
          <p>Anno Hegirae</p>
        </calendar>
      </calendarDesc>
    </profileDesc>
    <xenoData xml:space="preserve">
CREATED: 2024-04-15T09:07:51.291073+00:00
CREATED BY: eScriptorium vpassthistobuildcmd
IMAGE FILENAME: A121078299.tif
IMAGE WIDTH: 2312
IMAGE HEIGHT: 3846
</xenoData>
  </teiHeader>
  <text>
    <body>
      <div>
        <p>
          <lb/>PETRUS Hispanus. Voir: Murner Thomas: Logica memorativa.
          <lb/>Strasbourg, J. Gruninger 1509. N° 1604.
          <lb/>PETRUS Hispanus
          <lb/>Strasbourg, (M. Hupfuff] 1511
          <lb/>AIAIA IIINO
          <lb/>urcim Prtri Dyspani.
          <lb/>1185
          <lb/>8
          <lb/>7i
          <lb/>V
          <lb/>—
          <lb/>Grav. sur bois: à gauche, 3 poètes lauréats, dont l&amp;#x27;un montre
          <lb/>le ciel étoilé, au milieu, bande avec le mot : Poeten; à droite, trois
          <lb/>hommes coiffés de turbans, celui du milieu tient une banderole: Heid¬
          <lb/>nisch philosophi. (Verso blanc.)
          <lb/>A la fin: Viri doctrinatini Petri Hyspani summule sive
          <lb/>isagoge in are- stotelicos dyalectice libros cura pervigili
          <lb/>revise atque emendis qui- bus scatebant erepte: Impresse
          <lb/>R. 75
        </p>
      </div>
    </body>
  </text>
</TEI>
