<?xml version='1.0' encoding='UTF-8'?>
<?xml-model href="https://raw.githubusercontent.com/OpenITI/tei_openiti/master/tei_openiti.rng" type="application/xml" schematypens="http://relaxng.org/ns/structure/1.0"?>
<?xml-model href="https://raw.githubusercontent.com/OpenITI/tei_openiti/master/tei_openiti.rng" type="application/xml" schematypens="http://purl.oclc.org/dsdl/schematron"?>
<TEI xmlns="http://www.tei-c.org/ns/1.0">
  <teiHeader>
    <fileDesc>
      <titleStmt>
        <title/>
      </titleStmt>
      <publicationStmt>
        <p/>
      </publicationStmt>
      <sourceDesc>
        <p/>
      </sourceDesc>
    </fileDesc>
    <profileDesc>
      <calendarDesc>
        <calendar xml:id="ah">
          <p>Anno Hegirae</p>
        </calendar>
      </calendarDesc>
    </profileDesc>
    <xenoData xml:space="preserve">
CREATED: 2024-04-15T09:07:45.667862+00:00
CREATED BY: eScriptorium vpassthistobuildcmd
IMAGE FILENAME: A121078106.tif
IMAGE WIDTH: 2314
IMAGE HEIGHT: 3850
</xenoData>
  </teiHeader>
  <text>
    <body>
      <div>
        <p>
          <lb/>992
          <lb/>domini fünfftzehenhundert und im achtzehenden unserer
          <lb/>Ryche des Römischen im dry unddrysigisten und des Hun¬
          <lb/>gerischen im Nünundzwentzigisten Jaren. Per Cesarem
          <lb/>Ad mandatum Cesaree! Maiestatis proprium! Sertiner.
          <lb/>Zà undertäniger gehorsamy R. K. Maiestat unsers aller gnädigisten
          <lb/>herren, Gebieten wir Meister und Rat und die Ein- undzweintzig der Stat
          <lb/>Straszburg, allen unsern Burgern...y einer peen fünff pfundt pfennig
          <lb/>Straszburger werung, daz sie sich solchs Mandats und Keyserlichen ver¬
          <lb/>biettung brieff halten und die angezeigten Fürpüchssen hinfürter weder
          <lb/>machen, verkauffen zù Rosz oder fûsz füren tragen, oder gebruchen.... —
          <lb/>Datum donerstag nach Simonis und Jude Apostolorum. Anno M. D.
          <lb/>xviü. (Verso blanc.)
          <lb/>Feuille unique, in-fol., car. goth., 32 lignes, init. ornée W.
          <lb/>R 22 (41). Prov.: Collection Heite, Strasbourg 1871. Au verso
          <lb/>blanc: Verbot von Feuerbüchsen so sich selbst zünden.
          <lb/>1499
          <lb/>MAXIMUS Confessor
          <lb/>Haguenau, J. Secer 1531
          <lb/>TOF ATIOY! MAEIMOY EKATON-] zoòss té.................
          <lb/>... (Feuille de lierre.): SANCTI MAXIMI, CENTVRÍAE! qua¬
          <lb/>tuor de Charitate, opera Vincentii Obsopœi versae &amp;amp;
          <lb/>æditae. PRAETEREA ALIQVOT! Psalmi καραφρωςιο͂ς tractati
          <lb/>carmine elegiaco, per eundem Vinc.Obsopœum.
          <lb/>Haganoe, per Johannem Secerium, Anno M. D. XXXI.
          <lb/>(Verso blanc.)
          <lb/>A la fin: Haganoe, per Johannem SeceriumAnno
          <lb/>M. D. XXXI.
          <lb/>In-80, car. grecs et ital.. 123 ff. non ch., 56 ff. pour le texte grec,
          <lb/>sign. A-G, 67 ff. pour le texte latin, sign. AA-II, titre courant, ré¬
          <lb/>clames au verso des ff, init. ornées D, I, A, E, C, feuilles de lierre.
          <lb/>Fol. A2a: Iohanni, Abbati in Heylsprun,... Vincentius Ob- sopœus,
          <lb/>Salutem.... — Ex Onoltzpachio, pridie Kalen-[ das Iunii. Anno! M. D. XXXI.
          <lb/>(Dédicace, 3 ff.)
          <lb/>R101311. Prov.: G. Schoder, Stuttgart 30/XI1917; 6M. Au
          <lb/>milieu du titre, timbre rouge: Doublette der K. U. Bibl. Erfurt.
          <lb/>2ème ex.: R101.312. Prov.: A. Cohn, Berlin 29/XI11877; 3 M.50.
          <lb/>1509
          <lb/>MAXIMUS VALERIUS. Voir: VALERIUS Maximus
          <lb/>MECKBACH Reinhardus Wilhelmus, Voir: GRASECKIUS Pau¬
          <lb/>lus: De tertia principali personarum divisione. Strasbourg,
          <lb/>A. Bertram 1589.
        </p>
      </div>
    </body>
  </text>
</TEI>
