<?xml version='1.0' encoding='UTF-8'?>
<?xml-model href="https://raw.githubusercontent.com/OpenITI/tei_openiti/master/tei_openiti.rng" type="application/xml" schematypens="http://relaxng.org/ns/structure/1.0"?>
<?xml-model href="https://raw.githubusercontent.com/OpenITI/tei_openiti/master/tei_openiti.rng" type="application/xml" schematypens="http://purl.oclc.org/dsdl/schematron"?>
<TEI xmlns="http://www.tei-c.org/ns/1.0">
  <teiHeader>
    <fileDesc>
      <titleStmt>
        <title/>
      </titleStmt>
      <publicationStmt>
        <p/>
      </publicationStmt>
      <sourceDesc>
        <p/>
      </sourceDesc>
    </fileDesc>
    <profileDesc>
      <calendarDesc>
        <calendar xml:id="ah">
          <p>Anno Hegirae</p>
        </calendar>
      </calendarDesc>
    </profileDesc>
    <xenoData xml:space="preserve">
CREATED: 2024-04-15T09:07:47.955083+00:00
CREATED BY: eScriptorium vpassthistobuildcmd
IMAGE FILENAME: A121078191.tif
IMAGE WIDTH: 2302
IMAGE HEIGHT: 3844
</xenoData>
  </teiHeader>
  <text>
    <body>
      <div>
        <p>
          <lb/>In-4°, car. ital., 14 ff. non ch., sign. A-D, réclames, init. ornée S.
          <lb/>titre encadré d’ornements ainsi que toutes les pages, l’encadrement du
          <lb/>titre est plus large que celui des pages.
          <lb/>Au verso du titre:... Dn. Ioanni Zangero IC. &amp;amp; in illustri Wite¬
          <lb/>bergensi Academia Ante- cessori... nec non et...Dn. Friderico
          <lb/>Tileman- no I. V. D. ... inque Academia Witeber- gensi Historiarum
          <lb/>Professori! Publico... Respondens.
          <lb/>A la fin dist. latins de : Henricus a Wallenrodt, Aegidius Hooft¬
          <lb/>mann ab Artzelar, Belga, Hugold Beher et Theodoricus Steinmetz
          <lb/>Lipsiensis.
          <lb/>R10.597 (3). Pror.: «Domänen Kanzlei» Wertheim 4/V 1891.
          <lb/>1657
          <lb/>OBRECHT Georgius
          <lb/>Strasbourg, A. Bertram 1599
          <lb/>SELECTISSIMAE DISPVTATIONES, EX IVRIS CIVILIS MATE¬
          <lb/>RIIS! VT DIFFICILLIMIS, ITA IN FORO FRE- quentissimis
          <lb/>μeboòtxõs conscriptae, &amp;amp; Argenti-nensi in Academia pu¬
          <lb/>blici exercitii gratia ad disputandum propositae à CLA¬
          <lb/>RISSIMO CONSVLTISSIMOQVE] VIRO : ! D. GEORGIO OBRECHTO
          <lb/>IC. Argentinensis Reipub. Advocato, &amp;amp; Academiae! Ante¬
          <lb/>cessore celeberrimo.! Elenchum harum Disputationum mon¬
          <lb/>strabit sequens pagina. (Vign.)
          <lb/>ARGENTINAE! Typis Antonii Bertrami Academiae Typo¬
          <lb/>graphi. M. D. XCIX.
          <lb/>In-4°, car. ital. et rom., 434 ff. non ch., réclames, init. ornées, vign.
          <lb/>Au verso du titre: Typographus aequo! lectori S.... multi me compel¬
          <lb/>larunt, ut disputationes Clarissimi IC Dni. D. Georgii Obrechti,ob
          <lb/>penuriam exemplarium denuò ederem...! praelo subieci omnes illas dis¬
          <lb/>putationes, quae ad manus mihi fuère...
          <lb/>Fol. A 2a: (Bande d’ornement) Epigramma! Ad Praesidem... —
          <lb/>Erasmus Moritz Magdeb.Saxo. (7 dist.)
          <lb/>Fol. A 2b: Elenchus disputationum.
          <lb/>Breves commentarii in tit. C de probationibus &amp;amp;c. De forma actionis &amp;amp;
          <lb/>libelli. De Institutione heredum. De Substitutionibus. De usucapionibus.
          <lb/>De praescriptionibus. De traditionibus, modo adquirendi dominii naturali.
          <lb/>De dominio et modis adquirendi naturalibus. De compensationibus. Ex
          <lb/>l. iii. ff. de iustitia &amp;amp; iure. Ex l. ii. C. de rescind. vend. De commodato.
          <lb/>De furto. De rerum divisione &amp;amp; qualitate.
          <lb/>R10.548. Prov.: Kubasta « Voigt, Vienne 25/X11896; GM.
          <lb/>1658
          <lb/>OBRECHT Georgius
          <lb/>Strasbourg, A. Bertram 1599
          <lb/>(Bande d’ornement.) Exercitia II. juridica publice Argen¬
          <lb/>tinensi in Academia instituta.
          <lb/>1077
        </p>
      </div>
    </body>
  </text>
</TEI>
