<?xml version='1.0' encoding='UTF-8'?>
<?xml-model href="https://raw.githubusercontent.com/OpenITI/tei_openiti/master/tei_openiti.rng" type="application/xml" schematypens="http://relaxng.org/ns/structure/1.0"?>
<?xml-model href="https://raw.githubusercontent.com/OpenITI/tei_openiti/master/tei_openiti.rng" type="application/xml" schematypens="http://purl.oclc.org/dsdl/schematron"?>
<TEI xmlns="http://www.tei-c.org/ns/1.0">
  <teiHeader>
    <fileDesc>
      <titleStmt>
        <title/>
      </titleStmt>
      <publicationStmt>
        <p/>
      </publicationStmt>
      <sourceDesc>
        <p/>
      </sourceDesc>
    </fileDesc>
    <profileDesc>
      <calendarDesc>
        <calendar xml:id="ah">
          <p>Anno Hegirae</p>
        </calendar>
      </calendarDesc>
    </profileDesc>
    <xenoData xml:space="preserve">
CREATED: 2024-04-15T09:07:46.902579+00:00
CREATED BY: eScriptorium vpassthistobuildcmd
IMAGE FILENAME: A121078147.tif
IMAGE WIDTH: 2308
IMAGE HEIGHT: 3846
</xenoData>
  </teiHeader>
  <text>
    <body>
      <div>
        <p>
          <lb/>MONTANUS Martinus
          <lb/>Strasbourg, P. Messerschmidt vers 1560
          <lb/>Ein Neuves sehr schönes, lustigs,! und aus der
          <lb/>massen kurtzwei ligs, auch cläglichs Spil voneinem
          <lb/>Graven, wie der von der Köni gin vonn Franckreich,
          <lb/>fälschlich, mitweyen kindlin, in das ellend vertriben
          <lb/>und veriagt, doch letstlich sein un- schuld an tag kame,
          <lb/>wider in sein ersten stand ge setzt warde. Newlich
          <lb/>durch Mar- tinum Montanum zûsa-men gesetzt, und
          <lb/>in druck geben. Gedruckt zû Straszburg durch Pau¬
          <lb/>lum Messer- schmidt.
          <lb/>A la fin: Gedruckt zû Straszburg durch Paulum Mes¬
          <lb/>serschmidt. (Feuille de lierre.)
          <lb/>In-8°, car. goth., 32 ff. non ch., sign. A-D, dernier f. blanc,
          <lb/>avec la marque typ. de Paul Messerschmidt au recto (H a B Planche
          <lb/>XXIV n° 1), réclames, titre rouge et noir.
          <lb/>Fol. A 2a: An den Leser und son- derlich, die dises Spil anzd!
          <lb/>richten gesinnet sind.
          <lb/>R i00.306. Prov.: Albert Cohn, Berlin 28/11 1880; 80 M.
          <lb/>Voir: Martin Montanus&amp;#x27; Schwankbücher (1557-1566) hrsg. von
          <lb/>Johannes Bolte. Tubingen 1889, in-80, XL, 686 pp. (— Bibliothek
          <lb/>des Literarischen Vereins in Stuttgart, Vol. 217.) — Schottenloher I
          <lb/>n° 15797-15802.
          <lb/>1589
          <lb/>1083
          <lb/>MONTANUS Martinus
          <lb/>Strasbourg, P. Messerschmidt vers 1560
          <lb/>Ein untrew Knecht. Ein Neuwes, unnd fast kurtz¬
          <lb/>weiligs Spiel von einem jungen, wie der von Bûlschafft
          <lb/>wegen gehnBoloni ritte, Sich in knechts form zû der
          <lb/>frawen man, die er huldet! verdingt, sie beschlieff, Und
          <lb/>letstlich den man ubel schlûg.Durch Martinum Mon¬
          <lb/>tanum in druck geben.
          <lb/>Gedruckt zû Strasz burg, durch PaulumMesser¬
          <lb/>schmidt. (Verso blanc.)
          <lb/>In-80, car. goth., 16 ff. non ch. dont le dernier blanc, sign. A-B,
          <lb/>réclames, titre rouge et noir.
          <lb/>R100.307. Prov.: Hefner, Rome 28/VIII 1894; 10 M. Au verso
          <lb/>du titre, timbre de la Bibl, royale de Berlin.
          <lb/>1590
          <lb/>MONTANUS Martinus
          <lb/>Strasbourg, P. Messerschmidt vers 1560
          <lb/>Von zweien Römern Tito Quinto Fulvio und Gi¬
          <lb/>sippo,! Ein newes lu stigs, und sehr schönes Spiel, aus
        </p>
      </div>
    </body>
  </text>
</TEI>
