<?xml version='1.0' encoding='UTF-8'?>
<?xml-model href="https://raw.githubusercontent.com/OpenITI/tei_openiti/master/tei_openiti.rng" type="application/xml" schematypens="http://relaxng.org/ns/structure/1.0"?>
<?xml-model href="https://raw.githubusercontent.com/OpenITI/tei_openiti/master/tei_openiti.rng" type="application/xml" schematypens="http://purl.oclc.org/dsdl/schematron"?>
<TEI xmlns="http://www.tei-c.org/ns/1.0">
  <teiHeader>
    <fileDesc>
      <titleStmt>
        <title/>
      </titleStmt>
      <publicationStmt>
        <p/>
      </publicationStmt>
      <sourceDesc>
        <p/>
      </sourceDesc>
    </fileDesc>
    <profileDesc>
      <calendarDesc>
        <calendar xml:id="ah">
          <p>Anno Hegirae</p>
        </calendar>
      </calendarDesc>
    </profileDesc>
    <xenoData xml:space="preserve">
CREATED: 2024-04-15T09:07:53.140634+00:00
CREATED BY: eScriptorium vpassthistobuildcmd
IMAGE FILENAME: A121078355.tif
IMAGE WIDTH: 2340
IMAGE HEIGHT: 3846
</xenoData>
  </teiHeader>
  <text>
    <body>
      <div>
        <p>
          <lb/>nis et versiculis, an nexisque vigiliis mortuorum: una
          <lb/>cum directorio psal! morum.
          <lb/>Fol. 168a: Impressit Joannes bryse civis Ar gentin.
          <lb/>Anno quingentesimo nono.
          <lb/>In-fol., car. goth. de missel, rouges et noirs, 7 ff. non ch.4 CLXVIII
          <lb/>ff. ch.48 ff. non ch. Titre rouge; le premier mot, commençant par une
          <lb/>grande init. ornée, est gravé sur bois; beaucoup d’init. semblables dans
          <lb/>le corps de l’ouvrage. Titre encadré (arabesques). Au verso du titre
          <lb/>grav. d’Urs Graf, qui se trouve aussi dans le Leben Jesu, Knobloch
          <lb/>1508; autre grav. f. 128b, l&amp;#x27;enfant Jésus adoré par Marie et Joseph;
          <lb/>f. 168b, la Vierge au croissant et l’enfant dans une gloire. Lignes por¬
          <lb/>tées pour la musique, mais sans les notes.
          <lb/>R10.420. Prov.: Albert Cohen fils, Berlin 31/XI1 1884; 225 M.
          <lb/>Notes mes. En bas du titre: Aulae Cartusiana B. V. Mariae in Bux¬
          <lb/>heim; au-dessous timbre, Bibl. Buxheim.
          <lb/>Schmidt III, p. 22 n° 75.
          <lb/>1941
          <lb/>PSALTERIUM
          <lb/>Strasbourg, M. Hupfuff 1506
          <lb/>PSalterium cum ap! paratu vulgari... (Voir reproduction
          <lb/>p. 1242.)
          <lb/>Petite grav. sur bois, encadrée de 3 pièces juxtaposées: David
          <lb/>agenouillé, habillé en chevalier, avec un sabre turc (la harpe par terre
          <lb/>à côté), au-dessus dans un nuage à gauche Dieu, à droite un ange avec
          <lb/>une épée. Au-dessous de la grav.: Lateinisch Psalter mit dem
          <lb/>Teütschen da bey getrucket. (Verso blanc.)
          <lb/>A la fin: Psalterium... Argentine impressum per hone
          <lb/>stum virum Mathiam Hupfuff. Anno. M CCCCC. vi.... ge¬
          <lb/>truckt zû Strasz burg, durch Mathis hupfuff in dem Jar
          <lb/>als man zalt. Fünffzehenhundert und. vi.
          <lb/>In-4°, car. goth., 6 ff. non ch. (Calendrier), CXXVIII ff. ch. et
          <lb/>2 ff. non ch., titre courant, le texte latin au milieu des pages, l&amp;#x27;allemand
          <lb/>en marge et en bas; titre rouge. Fol. I grande et belle init. B (le roi
          <lb/>David en prière, au-dessus de lui Dieu); quelques init, ornées.
          <lb/>*R101.082 (2). Prov.: Butsch, Augsbourg 24/X1 1879; 15 M.
          <lb/>Annotations mes. En haut du titre: Monasterii Ranshoven.
          <lb/>2ème ex. *R 102.156. Prov.: Bibl. Ed. Reuss, Strasbourg 1891
          <lb/>avec son ex-libris et son autographe; à côté de celui-ci :, Bei Antiquar
          <lb/>Kirbiller, 1833. Constat 1 fr. 50, lig. 0,80.&amp;quot; En bas du titre:, Pro Con¬
          <lb/>ventu Caesarimontano F. F. Minorum Strictae Observantiae.&amp;quot; Notes mss.
          <lb/>Proctor II Sectio I /n0 9980: British Museum, Londres; Schmidt
          <lb/>V n° 51: Bâle; un autre ex. dans la Bibl. de son Altesse Royale le
          <lb/>Duc de Parme. Bœr, Francfort-s.-M., Catal. 500 (1907) n° 1162, 20M.
          <lb/>1942
          <lb/>1241
        </p>
      </div>
    </body>
  </text>
</TEI>
