<?xml version='1.0' encoding='UTF-8'?>
<?xml-model href="https://raw.githubusercontent.com/OpenITI/tei_openiti/master/tei_openiti.rng" type="application/xml" schematypens="http://relaxng.org/ns/structure/1.0"?>
<?xml-model href="https://raw.githubusercontent.com/OpenITI/tei_openiti/master/tei_openiti.rng" type="application/xml" schematypens="http://purl.oclc.org/dsdl/schematron"?>
<TEI xmlns="http://www.tei-c.org/ns/1.0">
  <teiHeader>
    <fileDesc>
      <titleStmt>
        <title/>
      </titleStmt>
      <publicationStmt>
        <p/>
      </publicationStmt>
      <sourceDesc>
        <p/>
      </sourceDesc>
    </fileDesc>
    <profileDesc>
      <calendarDesc>
        <calendar xml:id="ah">
          <p>Anno Hegirae</p>
        </calendar>
      </calendarDesc>
    </profileDesc>
    <xenoData xml:space="preserve">
CREATED: 2024-04-15T09:07:48.244169+00:00
CREATED BY: eScriptorium vpassthistobuildcmd
IMAGE FILENAME: A121078197.tif
IMAGE WIDTH: 2302
IMAGE HEIGHT: 3846
</xenoData>
  </teiHeader>
  <text>
    <body>
      <div>
        <p>
          <lb/>au verso du titre bande ornem., au verso du dernier f. grande gra¬
          <lb/>In-4°, car. goth., 4 ff. non ch., sign. A, notes marg., init. ornée E,
          <lb/>vure, le Christ sur la croix, sous la croix sa mère et l’apôtre st. Jean
          <lb/>à gauche; 2 soldats à droite. Imprimé probablement chez Pruss en 1525,
          <lb/>d’après la bande ornem, au verso du titre.
          <lb/>R 101787. Prov.: Bœr d Co., Francfort-s.-M. 16/11 1899;
          <lb/>22 M. 50.
          <lb/>Manque chez Schmidt.
          <lb/>Bibliographie de L. Oeler, voir : Schottenloher I n° 16568-16569.
          <lb/>1666
          <lb/>OELER Ludwig
          <lb/>[Strasbourg, J. Prussl 1525
          <lb/>Von dem Jubel Jargenant das gulden Jar. (Bande
          <lb/>d’ornement employé chez Pruss; au-dessous les 6 vers allemands qui se
          <lb/>trouvent dans l’édition précédente. En plus 4 vers allemands et la date:
          <lb/>M. D. XXV. (Vign.)
          <lb/>In-4°, car. goth., 4 ff. non ch., verso du dernier f, blanc, notes
          <lb/>marg., init. ornée E, le verso du titre a au côté gauche la même bor¬
          <lb/>dure que l’édition précédente; l’init. E est aussi la même dans les deux
          <lb/>éditions.
          <lb/>R101798. Prov. : Trubner, Strasbourg 11/11 1881; 15 M.
          <lb/>1667
          <lb/>OELINGER Albertus
          <lb/>Strasbourg, N. Wyriot 1574
          <lb/>Underricht der Hoch Teutschen Spraach: GRAMMA¬
          <lb/>TICA] SEV INSTITVTIO VERAE! Germanicae linguae, in qua
          <lb/>Etymo- logia, Syntaxis &amp;amp; reliquae partes omnes suo
          <lb/>ordine breviter tra- ctantur.  IN USVM IVVENTVTIS! ma¬
          <lb/>xime Gallicae, ante annos aliquot conscripta, nunc! autem
          <lb/>quorundam instinctu in lucem edita, plae- risque vicinis
          <lb/>nationibus, non minus utilis quàm necessaria.Cum
          <lb/>D. Ioan. Sturmii sententia, de cognitione ex! exercitatione
          <lb/>linguarum nostri saeculi. ABERTO OELINGERO ARGENT.
          <lb/>Notario publico Autore. (Marque typ. de N. Wyriot. HAB Planche
          <lb/>XLIII n° 2; Silvestre n° 763.) Argentorati, excudebat Nicolaus
          <lb/>Wyriot. M. D. LXXIIII. (Verso blanc.)
          <lb/>A la fin: ARGENTORATI! Excudebat Nicolaus! Wyriot.
          <lb/>Anno M. D. LXXIII.
          <lb/>In-8°, car, rom. et goth., 8 ff. non ch., 201 pp., 3 ff. non ch.,
          <lb/>titre courant, réclames, init. à fig. C, N.
          <lb/>Fol. 2a: Ad! Illustríssi-mum Principem Cala- briae &amp;amp; Lotharin¬
          <lb/>giae Ducem, &amp;amp;c. Alberti Oelingeri Notarii Praefatio.... — Argenti¬
          <lb/>nae pridie Nonarum Septembris.) Anno 1573. (Epistola dedicatoria.)
          <lb/>1083
        </p>
      </div>
    </body>
  </text>
</TEI>
