<?xml version='1.0' encoding='UTF-8'?>
<?xml-model href="https://raw.githubusercontent.com/OpenITI/tei_openiti/master/tei_openiti.rng" type="application/xml" schematypens="http://relaxng.org/ns/structure/1.0"?>
<?xml-model href="https://raw.githubusercontent.com/OpenITI/tei_openiti/master/tei_openiti.rng" type="application/xml" schematypens="http://purl.oclc.org/dsdl/schematron"?>
<TEI xmlns="http://www.tei-c.org/ns/1.0">
  <teiHeader>
    <fileDesc>
      <titleStmt>
        <title/>
      </titleStmt>
      <publicationStmt>
        <p/>
      </publicationStmt>
      <sourceDesc>
        <p/>
      </sourceDesc>
    </fileDesc>
    <profileDesc>
      <calendarDesc>
        <calendar xml:id="ah">
          <p>Anno Hegirae</p>
        </calendar>
      </calendarDesc>
    </profileDesc>
    <xenoData xml:space="preserve">
CREATED: 2024-04-15T09:07:46.218887+00:00
CREATED BY: eScriptorium vpassthistobuildcmd
IMAGE FILENAME: A121078128.tif
IMAGE WIDTH: 2314
IMAGE HEIGHT: 3846
</xenoData>
  </teiHeader>
  <text>
    <body>
      <div>
        <p>
          <lb/>1014
          <lb/>modatiores. ITEM. ENARRATIO ALI- quot librorum Ethi¬
          <lb/>corum Aristotelis,  ad intelligentiam reliquorum eius- dem
          <lb/>authoris scriptorum! mire condu- cens sc. Primi Se¬
          <lb/>cundi Tertii &amp;amp; Quinti.
          <lb/>ARGENTORATI APVD PAV lum Machaeropœum.) ANNo
          <lb/>M. D. LIX.
          <lb/>In-8°, car. ital. et rom., 8 ff. non ch., 407 pp., titre courant, ré¬
          <lb/>clames, notes marg., init. ornées.
          <lb/>Au verso du titre: Lectori S. (22 lignes.)
          <lb/>F. A 2a : Préface de Melanchthon à Arnoldus Burenius, datée
          <lb/>du mois d’octobre 1550. (12 pp.)
          <lb/>R100.884 (2). Prov. : J. Windprecht, Augsbourg 14/XI 1887;
          <lb/>1 M. 50.
          <lb/>1549
          <lb/>MELANCHTHON Philippus
          <lb/>Strasbourg, S. Emmel 1559
          <lb/>SELECTA- RVM DECLAMATIO! num... Tomus tertius.
          <lb/>(Marque typ. de S. Emmel. H a B Planche XXXV n° 1; Silvestre
          <lb/>n° 822.)
          <lb/>ARGENTORATI, ANNO M. D. LIX. (Verso blanc.)
          <lb/>In-80, car. ital., 4 ff. non ch., 865 pp., 16 ff. non ch. (Catalogus
          <lb/>et Index), titre courant, réclames, notes marg., init. ornées.
          <lb/>F. A 2a: Nicolao Bromio, viro consulari in Inclita Germanica Urbe,
          <lb/>cuius no! men est a Traiectu Francorum ad Moenum... Caspar Peuce¬
          <lb/>rus... — Vui- tebergae Calendis Au-guti, Anno 1557. (Préface
          <lb/>de 7 pp.)
          <lb/>R100.883 (3). Prov. : Lindner, Strasbourg (Vente Huber), 9/VII
          <lb/>1889.
          <lb/>1550
          <lb/>MELANCHTHON Philippus
          <lb/>Strasbourg, Blasius Fabricius 1561
          <lb/>PHILIPPI! MELANTHONIS! PHILOSOPHIAE Mo-] ralis libri
          <lb/>duo, ad usum Studiosorum paulò quàm antè accomoda¬
          <lb/>tiores. ITEM. ENARRATIO ALI- quot librorum Ethicorum
          <lb/>Aristotelis ad intelligentiam reliquorum eius dem autho¬
          <lb/>ris scriptorum mirè conducens...
          <lb/>Argentorati apud Blasium Fabricium. ANNo. M. D.
          <lb/>LXI. Gratia &amp;amp; privilegio Imp.
          <lb/>In-8°, car. ital. et rom., 8 ff. non ch., 407 pp., titre courant, ré¬
          <lb/>clames, notes marg., init. ornées E, Q.
          <lb/>Au verso du titre: Lectori S. (18 lignes.)
        </p>
      </div>
    </body>
  </text>
</TEI>
