<?xml version='1.0' encoding='UTF-8'?>
<?xml-model href="https://raw.githubusercontent.com/OpenITI/tei_openiti/master/tei_openiti.rng" type="application/xml" schematypens="http://relaxng.org/ns/structure/1.0"?>
<?xml-model href="https://raw.githubusercontent.com/OpenITI/tei_openiti/master/tei_openiti.rng" type="application/xml" schematypens="http://purl.oclc.org/dsdl/schematron"?>
<TEI xmlns="http://www.tei-c.org/ns/1.0">
  <teiHeader>
    <fileDesc>
      <titleStmt>
        <title/>
      </titleStmt>
      <publicationStmt>
        <p/>
      </publicationStmt>
      <sourceDesc>
        <p/>
      </sourceDesc>
    </fileDesc>
    <profileDesc>
      <calendarDesc>
        <calendar xml:id="ah">
          <p>Anno Hegirae</p>
        </calendar>
      </calendarDesc>
    </profileDesc>
    <xenoData xml:space="preserve">
CREATED: 2024-04-15T09:07:46.064499+00:00
CREATED BY: eScriptorium vpassthistobuildcmd
IMAGE FILENAME: A121078119.tif
IMAGE WIDTH: 2314
IMAGE HEIGHT: 3846
</xenoData>
  </teiHeader>
  <text>
    <body>
      <div>
        <p>
          <lb/>In-80, car, ital., 76 ff. ch., sign. A-K, titre courant, réclames,
          <lb/>titre encadré (H &amp;amp; B Planche LXIX «° 2 Encadrement de Secer,
          <lb/>avec son monogramme au milieu de la bordure inférieure.
          <lb/>R100.867. Prov.: BN Munich 7/V 1877; O M. 30.
          <lb/>1529
          <lb/>MELANCHTHON Philippus
          <lb/>Haguenau, J. Secer 1531
          <lb/>PH. MEL (ANCHTHONIS DE ARTE DICEN DI Declamatio.
          <lb/>Eiusdem de corrigendis studiis sermo. Rodolphi Agricolae
          <lb/>de formandis stu diis Epistola doctissima. Luciani in
          <lb/>Calumniam oratio, latine reddita à Melanchthone. Item
          <lb/>Luciani opusculum ad indoctum &amp;amp; multos libros ementem.
          <lb/>Ex Fœlicissima Haganoa per lohan. Secerium.
          <lb/>In-8°, car. ital, 67 ff. non ch., sign. A–I, titre courant, réclames,
          <lb/>notes marg., init. à fig., bandes d’ornement; titre encadré (HeB
          <lb/>Flanche LXIX n° 1). Au verso du dernier f. marque typ. de J. Secer.
          <lb/>(H æ B Planche LXX n° 6.)
          <lb/>Au verso du titre: Simoni Gryneo suo Phil. Mel. S.... — Vitem¬
          <lb/>bergae.
          <lb/>R100.869 (1). Prov.: Bœr, Francfort-s.-M. I0/III 1883; 9 M.
          <lb/>Notes mss.
          <lb/>1530
          <lb/>1005
          <lb/>MELANCHTHON Philippus
          <lb/>Haguenau, J. Secer 1531
          <lb/>IN EVAN GELIVM MAT- thaei, inque Passionem Do¬
          <lb/>mini, Philippi Melanch. An-notationes. Item in eun¬
          <lb/>dem Evangelistam, &amp;amp; in Lucam eruditi cuiusdam, brevia
          <lb/>quidem! sed docta Scholia, quibus ceu indice, quid po¬
          <lb/>tissimum in Evangelii historia sequa-ris, uti queus, antea
          <lb/>nunquàm aedita. Cum Indice. Anno M. D. XXXI.
          <lb/>A la fin: Haganoe, per Iohannem SeceriumAnno
          <lb/>M. D. XXXI. Au-dessous, marque typ. de Secer. (H e B Planche LXXI
          <lb/>n° 9; Silvestre n° 567.)
          <lb/>In-8°, car. ital, et rom., 150 ff. ch., 4 ff. non ch. (table), titre
          <lb/>courant, réclames, notes marq, init. à fig. O; titre encadré (HeB
          <lb/>Planche LXIX R° 1).
          <lb/>R100868. Prov.: J. Beguin, Strasbourg 27/VII 1878. 1531
          <lb/>MELANCHTHON Philippus
          <lb/>Haguenau, J. Secer 1531
          <lb/>NOVA SCHOLIA PHI- lippi Melanchthonis, in Pro¬
          <lb/>verbia Salomonis, ad iusti penè com- mentarii modum
        </p>
      </div>
    </body>
  </text>
</TEI>
