<?xml version='1.0' encoding='UTF-8'?>
<?xml-model href="https://raw.githubusercontent.com/OpenITI/tei_openiti/master/tei_openiti.rng" type="application/xml" schematypens="http://relaxng.org/ns/structure/1.0"?>
<?xml-model href="https://raw.githubusercontent.com/OpenITI/tei_openiti/master/tei_openiti.rng" type="application/xml" schematypens="http://purl.oclc.org/dsdl/schematron"?>
<TEI xmlns="http://www.tei-c.org/ns/1.0">
  <teiHeader>
    <fileDesc>
      <titleStmt>
        <title/>
      </titleStmt>
      <publicationStmt>
        <p/>
      </publicationStmt>
      <sourceDesc>
        <p/>
      </sourceDesc>
    </fileDesc>
    <profileDesc>
      <calendarDesc>
        <calendar xml:id="ah">
          <p>Anno Hegirae</p>
        </calendar>
      </calendarDesc>
    </profileDesc>
    <xenoData xml:space="preserve">
CREATED: 2024-04-15T09:07:46.250980+00:00
CREATED BY: eScriptorium vpassthistobuildcmd
IMAGE FILENAME: A121078130.tif
IMAGE WIDTH: 2314
IMAGE HEIGHT: 3848
</xenoData>
  </teiHeader>
  <text>
    <body>
      <div>
        <p>
          <lb/>1016
          <lb/>— Argentorati, XVIII. Novemb., Anno M. D. XLHl. (Préface de 4 pp.)
          <lb/>F. A42a: Nicolaus Ger- belius Petro Heldungo Amico perveteri...
          <lb/>R100.883 (2). Prov.: Lindner (Vente Huber), 9/VII 1889.
          <lb/>BN Paris, Z. 12.910.
          <lb/>1553
          <lb/>MELANCHTHON Philippus
          <lb/>Strasbourg, (S. Emmell 1566
          <lb/>SELECTA- rum Declamationum... TOMVS QVARTVS.
          <lb/>(Marque typ. de S. Emmel. HAB Planche XXXV n° 1; Silvestre
          <lb/>n° 822.)
          <lb/>ARGENTORATI ANNO! M. D. LXVI. (Verso blanc.)
          <lb/>clames, notes marg., de nombreuses init.
          <lb/>In-8°, car. ital., 4 ff. non ch., 844 pp., 17 ff. non ch. (table), ré¬
          <lb/>xoniae Augusti... Caspar Peucerus... — Cal. Septemb. Anni M. D. LVIII.
          <lb/>F. A 2a: Doctori Ul-rico Mordisin, Consiliario incliti Ducis Sa¬
          <lb/>(Préface de 5 pp.)
          <lb/>R100.883 (4). Prov.: Lindner (Vente Huber), Strasbourg 9/VII
          <lb/>1889.
          <lb/>2ème ex.: R 102.219. Prov.: Echange avec le Bibliothécaire List,
          <lb/>Strasbourg 31/x 1895 contre Buck: Oberdeutsches Flurnamenbuch,
          <lb/>Stuttgart 1880. En bas du titre, autographe: von Raumer, Au verso
          <lb/>du f. de garde: Cf. Vogt, p. 570.
          <lb/>Le tome V a été imprimé à Wittemberg 1572 chez Clemens Schleich
          <lb/>et Antoine Schœne; le VIeme à Francfort-s.-M. chez Jean Wechel en
          <lb/>1583 et le VIIème à Serveste chez Bonaventure Faber en 1586.
          <lb/>BN Paris, Rés. Z. 4196-4197. Brunet III?, 1581: Tome I-IV
          <lb/>Argentorati 1566-1569, tome V et VI Witteb. 1571 et 1572, tome VII
          <lb/>Servestae 1586; en tout 7 vol. petit in-8°.
          <lb/>1554
          <lb/>MELANCHTHON Philippus
          <lb/>Strasbourg, [S. Emmel] 1567
          <lb/>SELECTA RVM DECLAMATI onum. TOMVS TERTIVS. (Mar¬
          <lb/>que typ. de Samuel Emmel. H Œ B Planche XXXV n° 1; Silvestre
          <lb/>n° 822.
          <lb/>Cum Gratia &amp;amp; Privilegio. ARGENTORATI ANNO M. D.
          <lb/>LXVII. (Verso blanc.)
          <lb/>In-80, car, ital., 5 ff. non ch., 818 pp., 22 ff. non ch., dont le
          <lb/>dernier blanc (table), titre courant, réclames, notes marg., init. ornées.
          <lb/>Fol. A 2a non ch.:... D. Nicolao Bromio, Viro Consulari in In¬
          <lb/>clita Germaniae Urbe, cuius nomen! est a Traeictu Francorum ad Mœ¬
          <lb/>num, amico &amp;amp; patrono! suo colendo, Caspar Peucerus, S. D.... —
          <lb/>Vuitebergae. Calendis Augusti, Anno 1557. (Préface de 8 pp., en
          <lb/>car. rom.)
          <lb/>P. 814-818: Epicedion scriptum] à Ioanne Chesselio. (Vers grecs.)
          <lb/>R102.109. Prov.: ¿Duplum e Bibliotheca reg. Regiom.&amp;quot;
          <lb/>1555
        </p>
      </div>
    </body>
  </text>
</TEI>
