<?xml version='1.0' encoding='UTF-8'?>
<?xml-model href="https://raw.githubusercontent.com/OpenITI/tei_openiti/master/tei_openiti.rng" type="application/xml" schematypens="http://relaxng.org/ns/structure/1.0"?>
<?xml-model href="https://raw.githubusercontent.com/OpenITI/tei_openiti/master/tei_openiti.rng" type="application/xml" schematypens="http://purl.oclc.org/dsdl/schematron"?>
<TEI xmlns="http://www.tei-c.org/ns/1.0">
  <teiHeader>
    <fileDesc>
      <titleStmt>
        <title/>
      </titleStmt>
      <publicationStmt>
        <p/>
      </publicationStmt>
      <sourceDesc>
        <p/>
      </sourceDesc>
    </fileDesc>
    <profileDesc>
      <calendarDesc>
        <calendar xml:id="ah">
          <p>Anno Hegirae</p>
        </calendar>
      </calendarDesc>
    </profileDesc>
    <xenoData xml:space="preserve">
CREATED: 2024-04-15T09:07:48.821593+00:00
CREATED BY: eScriptorium vpassthistobuildcmd
IMAGE FILENAME: A121078222.tif
IMAGE WIDTH: 2304
IMAGE HEIGHT: 3848
</xenoData>
  </teiHeader>
  <text>
    <body>
      <div>
        <p>
          <lb/>1108
          <lb/>Placard, in-4°, car. goth., 8 lignes, init. ornée N.
          <lb/>Prothonotarius, Subscripsit.
          <lb/>R 21 (25). Prov.: Bibl. Heitz, Strasbourg 187i. Signé: Jo. Mayer
          <lb/>sème ex. R 22 (21). 3ème ex. R 22 (22). Mêmes provenances.
          <lb/>1715
          <lb/>ORDONNANCE
          <lb/>Strasbourg 1547
          <lb/>Nach dem einen Ersamen Rath diser Statt Straszburgk
          <lb/>angelangt, Wie das veill burger harnasch unnd handt¬
          <lb/>gewehr, auch anders zû kriegszgeschefften gehörig, hin
          <lb/>unnd wi-der wo Musterplätz gewesen seind, gefürt haben
          <lb/>sollen, daher dann gemeiner Statt, unnd der burger- schafft
          <lb/>leichtlichen schaden unnd nachthyl endtspringen unnd zû¬
          <lb/>stehn möcht... !... Gebieten und verbieten harauff unnd
          <lb/>hiemit allen unnd jeden iren burgern,... das hinfüro ir
          <lb/>keiner, weder harnasch, handtgewehr, oder iehtzig anders,
          <lb/>so zû kriegszgeschäfften gehörig, oder zû denselben ge¬
          <lb/>braucht werden möcht, auff keinen Musterplatz, noch ier¬
          <lb/>gents hin füren... —
          <lb/>Decretum Montag den zwölfften Septembris, Anno &amp;amp;c.
          <lb/>viertzig und siben. (Verso blanc.)
          <lb/>Placard, in-4°, car. goth., 18 lignes, init. ornée N.
          <lb/>R 22 (44). Prov.: Bibl. Heitz, Strasbourg 1871. Signé: Jo. Mayer
          <lb/>Prothonotarius Subscripsit.
          <lb/>1716
          <lb/>ORDONNANCE
          <lb/>Strasbourg 1547
          <lb/>WIr Hiltprand von Mülnheim, der Meister und der
          <lb/>Rath zû Straszburg, Thun kundt, als wir ver schinen
          <lb/>vier und viertzigsten jars geordnet und gebotten haben,
          <lb/>das kein burger noch inwohner diser statt Straszburg, kein
          <lb/>hochzeit bei keinem würt, Gasthalter noch hauptkannen,
          <lb/>in oder ausserhalb diser Statt und der selben Oberkeit
          <lb/>verdingen,... soll.... Derhalben wir verursacht worden
          <lb/>das oban gezogen gebot und Mandat zû̀ endern... Das
          <lb/>welcher nun hinfüro,... also ein hochzeit oder Brautlauffen
          <lb/>verdingen würt, das er zû derselben nit uber vier tisch
          <lb/>voll frawen, jungkfrawen, menner und gesellen laden,...
          <lb/>soll.... —
          <lb/>Decretum montag den vi. Iunii, Anno &amp;amp;c. xlvii. (Verso
          <lb/>blanc.)
        </p>
      </div>
    </body>
  </text>
</TEI>
