<?xml version='1.0' encoding='UTF-8'?>
<?xml-model href="https://raw.githubusercontent.com/OpenITI/tei_openiti/master/tei_openiti.rng" type="application/xml" schematypens="http://relaxng.org/ns/structure/1.0"?>
<?xml-model href="https://raw.githubusercontent.com/OpenITI/tei_openiti/master/tei_openiti.rng" type="application/xml" schematypens="http://purl.oclc.org/dsdl/schematron"?>
<TEI xmlns="http://www.tei-c.org/ns/1.0">
  <teiHeader>
    <fileDesc>
      <titleStmt>
        <title/>
      </titleStmt>
      <publicationStmt>
        <p/>
      </publicationStmt>
      <sourceDesc>
        <p/>
      </sourceDesc>
    </fileDesc>
    <profileDesc>
      <calendarDesc>
        <calendar xml:id="ah">
          <p>Anno Hegirae</p>
        </calendar>
      </calendarDesc>
    </profileDesc>
    <xenoData xml:space="preserve">
CREATED: 2024-04-15T09:07:43.275038+00:00
CREATED BY: eScriptorium vpassthistobuildcmd
IMAGE FILENAME: A121078025.tif
IMAGE WIDTH: 2366
IMAGE HEIGHT: 3850
</xenoData>
  </teiHeader>
  <text>
    <body>
      <div>
        <p>
          <lb/>In-fol., car. goth., 6 ff. non ch., 643 pp. ch., 18 ff. non ch. à 2 col.
          <lb/>(Index), titre courant, réclames, notes marg., init. goth., titre rouge et
          <lb/>noir, encadré, bordures latérales: colonnes; bordure supérieure: un homme,
          <lb/>2 femmes et 2 enfants assis, à leurs pieds des fruits, en haut à gauche
          <lb/>&amp;quot;Labor,, à droite «Agenopia»; bordure inférieure: un jardin dans lequel
          <lb/>des gens travaillent. Quelques gravures: scènes de la vie champêtre,
          <lb/>chasses, animaux par Tobias Stimmer et autres.
          <lb/>Fol. 2a non ch.: ... Herrn Ludwigen, Pfaltz-graffen bei
          <lb/>Rein... Datum inn Straszburg den! letzten Martii. Anno
          <lb/>1579. Melchior Sebizius, der! Artzenei Doctor zu Strasz¬
          <lb/>burg. (Préface 6 pp.)
          <lb/>Fol. 5a non ch.: Fürtreffliches artliches Lob, des Land¬
          <lb/>lustes... ausz desz Horatii Epodo, Beatus! ille, &amp;amp;c gezogen
          <lb/>und verteutchset (!). D. J. F. G. M. (Vers allemands, 2 pp. à 2 col.)
          <lb/>Fol. 6a non ch.: Lob der Meverei. (Vers allemands, 1 p. à 2 col.)
          <lb/>Au verso, grav. sur bois de la grandeur d’une page, portrait de Sebitz,
          <lb/>au-dessous: Hac facie vivit Doctor Sebizius, annis Ter tribus
          <lb/>&amp;amp; decies ternis aetate peractis.
          <lb/>R 10.389. Prov. : Bibliotheca Hammeriana. Au verso du
          <lb/>1er f. de garde: «Seguier dans la Bibliotheca botanica parle de deux édi¬
          <lb/>tions de cette traduction de la Maison rustique d’Etienne et Liebhault
          <lb/>par le premier des Sebitz, l’une de 1592, l’autre de 1607. Mais cet exem¬
          <lb/>plaire fait voir que la première édition a paru dès l’année 1579. A moins
          <lb/>donc qu’il n’y ait eu trois éditions, l’indication de celle de 1592 est erronée.
          <lb/>Quant à l’épître en ode en vers allemands qui se trouve à la suite
          <lb/>de la préface, elle ne peut avoir été faite, ni en 1579, ni en 1592, mais
          <lb/>à l’occasion de la seconde de 1607, car le portrait de Sebitz appliqué sur
          <lb/>la 4e page ne peut avoir été gravé sur bois qu’en 1608. Il y est dit
          <lb/>qu’il représente Sebitz à l’âge de soixante et neuf ans et il est né en 1539.
          <lb/>L’épouse de M. Hammer est la fille de Jean Hermann et descend
          <lb/>au 8e degré de Sebitz par sa grand’-mère paternelle née Eisenmann, dont
          <lb/>la grand’-mère paternelle était la fille de Melchior Sebitz, quatrième pro¬
          <lb/>fesseur de médecine de ce nom à l’Université de Strasbourg, mort en
          <lb/>1704. Par sa fille il était le Grand père de J. Henri Eisenmann aussi
          <lb/>professeur de médecine à Strasbourg, et grand oncle de J. Hermann.
          <lb/>J. F. H-n.»
          <lb/>1355
          <lb/>LIBALTUS Johannes
          <lb/>Strasbourg, B. Jobin 1580
          <lb/>Siben-Bücher Von dem Feld-bau, und vollkomme¬
          <lb/>ner bestellung eynes ordenlichen May-erhofs oder Land¬
          <lb/>guts... (Titre comme dans l’édition de 1579, avec le même encadrement.)
          <lb/>Getruckt zu Straszburg, bei Bernhard Jobin, 1580.
          <lb/>A la fin: Getruckt zu Straszburg bei Bernhard Jobin.
          <lb/>1580. (Au-dessus: Marque typ. de B. Jobin. H«B Planche XXXVII
          <lb/>n° 7.)
          <lb/>909
        </p>
      </div>
    </body>
  </text>
</TEI>
