<?xml version='1.0' encoding='UTF-8'?>
<?xml-model href="https://raw.githubusercontent.com/OpenITI/tei_openiti/master/tei_openiti.rng" type="application/xml" schematypens="http://relaxng.org/ns/structure/1.0"?>
<?xml-model href="https://raw.githubusercontent.com/OpenITI/tei_openiti/master/tei_openiti.rng" type="application/xml" schematypens="http://purl.oclc.org/dsdl/schematron"?>
<TEI xmlns="http://www.tei-c.org/ns/1.0">
  <teiHeader>
    <fileDesc>
      <titleStmt>
        <title/>
      </titleStmt>
      <publicationStmt>
        <p/>
      </publicationStmt>
      <sourceDesc>
        <p/>
      </sourceDesc>
    </fileDesc>
    <profileDesc>
      <calendarDesc>
        <calendar xml:id="ah">
          <p>Anno Hegirae</p>
        </calendar>
      </calendarDesc>
    </profileDesc>
    <xenoData xml:space="preserve">
CREATED: 2024-04-15T09:07:55.103408+00:00
CREATED BY: eScriptorium vpassthistobuildcmd
IMAGE FILENAME: A121078416.tif
IMAGE WIDTH: 2386
IMAGE HEIGHT: 3840
</xenoData>
  </teiHeader>
  <text>
    <body>
      <div>
        <p>
          <lb/>1302
          <lb/>Durch M. Gualtherum Hermenium Ryff, Argen-tinum,
          <lb/>Medicum, beschriben und in Truck verord- net, vil schwerer
          <lb/>missbreüch und tödtliche!! gefärligkeyt zuwenden. !!Zu end
          <lb/>einem volkummenen Register alles innhalt. M. D. XLI.
          <lb/>Mit Künigklicher Maiestat freyheyt. (Verso blanc.)
          <lb/>A la fin : Getruckt zu Straszburg, beyBalthassar Beck.
          <lb/>In-4°, car. goth., 4 ff. non ch., CLXIII fr. ch., 4 ff. non ch. (Registre),
          <lb/>titre courant, réclames.
          <lb/>fol. A 2a non ch. Vorred. Dem ersamen... Johan Grupenhagen, Burger
          <lb/>unnd Radtsfreündt der statt Güstraw im landt zu Mecklenburg, Meinem
          <lb/>günstigen Herren und freündt... — Datum Strassburg, den abendt
          <lb/>Jacobi Apostoli. M. D. XLI... M. Gualtherus H. Ryff Ar II gentinus,
          <lb/>etwan Fürstlicher gnaden von Mecklenburg Apotecker zu Güstraw.
          <lb/>R. 101.747. Prov. : Ph. Michel, Munich, 24/VII, 1884; 3, M. 50.
          <lb/>2033
          <lb/>RYFF Walther Herm.
          <lb/>Strasbourg, Balth. Beck, 1541
          <lb/>EJn wolgegründt nutzlich vnd heylsam handtbüchlin,
          <lb/>gemeyner Practick (] der gantzen leibartzney, wie solche bey
          <lb/>den Il ältesten und nammhafftigsten, Griechischen, Latei¬
          <lb/>nischen,  und Arabischen, auch yetzigen fürnämbsten und
          <lb/>erfar! nesten leib ärtzten, im brauch und übung. Alle innerli¬
          <lb/>che und eüsserliche kranckheyt, zufall, mängel und ge¬
          <lb/>presten des gantzen leibs, auch eins yeden glids und orts!
          <lb/>in sunderheit, Solche eigentlich zu erkennen, ordenlichu
          <lb/>underscheyden, und mit warhafftiger Cur zuwenden!! und zu
          <lb/>heilen, durch heilsame und bewerte artzney, eyn- facher und
          <lb/>gemeyner stuck, auch gebreüchlicher Com-position oder
          <lb/>vermischungen. Allen denen zunutz, trost-und hilff, die
          <lb/>mit kranckheytten und gepresten desleibs beladen seind,
          <lb/>auss sunderlichem ge-neygtem willen, in Teütsche sprach!
          <lb/>verfasszt und in Truck!] geben. Durch M. Gwaltherum
          <lb/>H. Ryff. Mit kurtzem aber eygentlichem und notwen¬
          <lb/>digem bericht und er-klärung aller mass, zal und gewicht,
          <lb/>So in ordenlicher vermischung und zusamensetzung eynfacher
          <lb/>stuck, nach rechter art unnd proportion, gemeynklich
          <lb/>gebraucht werden, hinden angehenckt, sampt einem voll¬
          <lb/>kummnen Register. M. D. XLI.
          <lb/>A la fin : Getruckt zu Strassburg, bey Balthassar Beck.
          <lb/>In-4°, car. goth., 364 ff. non ch. (dernier blanc), sign. A-Z, a-z, aa-pp,
          <lb/>titre courant, réclames.
          <lb/>Au verso du titre : Dises Handtbüchlin der gantzen!! leibartzney, ist
          <lb/>in vier teyl verfasset ]! und getheylet. (Suivent les titres des 4 parties.)
          <lb/>fol. A 2a : Gemeyne vorred zum leser. (6 pp.).
          <lb/>R. 101.746. Prov. : Vente Reiber, Strasbourg, du 11 mai au 19 juin 1896;
          <lb/>sans indic. du prix.
        </p>
      </div>
    </body>
  </text>
</TEI>
