<?xml version='1.0' encoding='UTF-8'?>
<?xml-model href="https://raw.githubusercontent.com/OpenITI/tei_openiti/master/tei_openiti.rng" type="application/xml" schematypens="http://relaxng.org/ns/structure/1.0"?>
<?xml-model href="https://raw.githubusercontent.com/OpenITI/tei_openiti/master/tei_openiti.rng" type="application/xml" schematypens="http://purl.oclc.org/dsdl/schematron"?>
<TEI xmlns="http://www.tei-c.org/ns/1.0">
  <teiHeader>
    <fileDesc>
      <titleStmt>
        <title/>
      </titleStmt>
      <publicationStmt>
        <p/>
      </publicationStmt>
      <sourceDesc>
        <p/>
      </sourceDesc>
    </fileDesc>
    <profileDesc>
      <calendarDesc>
        <calendar xml:id="ah">
          <p>Anno Hegirae</p>
        </calendar>
      </calendarDesc>
    </profileDesc>
    <xenoData xml:space="preserve">
CREATED: 2024-04-15T09:07:46.686005+00:00
CREATED BY: eScriptorium vpassthistobuildcmd
IMAGE FILENAME: A121078145.tif
IMAGE WIDTH: 2308
IMAGE HEIGHT: 3846
</xenoData>
  </teiHeader>
  <text>
    <body>
      <div>
        <p>
          <lb/>MODESTUS Johannes Antonius
          <lb/>Strasbourg [J. Gruninger) 1521
          <lb/>Joiannis (!) ] Antonii mo DeSTI ORATIO AD CAROLVM
          <lb/>CAESAREM CONTRA MARTIINVM! LV] TERVM. (Verso blanc.)
          <lb/>A la fin: Excussum Argentine in Die Apoloniae Anno
          <lb/>Domi ni. M. D. XXI. Die X. mensis februarii.
          <lb/>In-40, car, rom., 18 ff. non ch., sign. A-D, init. ornée C, titre
          <lb/>encadré d&amp;#x27;ornements, en bas 2 génies ailés, assis entre 2 fleurs, en haut
          <lb/>un feston, des deux côtés, ornements (insectes, mascarons). L’encadre¬
          <lb/>ment se rencontre fréquemment chez Gruninger.
          <lb/>R100.855. Prov. : Bibl. Ed. Bœcking.
          <lb/>BN Paris, D 5835 (4); Oxford, Bibl. Bodleiana; Schmidt I
          <lb/>n° 180.
          <lb/>1585
          <lb/>MODUS
          <lb/>Haguenau, H. Gran 1506
          <lb/>Modus legendi abbrevia- turas in utroque iure. Sive
          <lb/>Processus iuris. (Verso blanc.)
          <lb/>A la fin: Liber plurimorum tractatuum Juris. Jmpen
          <lb/>sus (!) in imperiali oppido Hagenaw, per industri um Hen¬
          <lb/>ricum Gran Finit feliciter: Anno sa! lutis nostrae, 1506.
          <lb/>v. die Februarii.
          <lb/>In-fol, car. goth., 126 ff. non ch. dont le dernier blanc, sign. a-v,
          <lb/>titre courant, init. d’attente.
          <lb/>Fol. d 4b: Jncipit processus iu diciarius eximii doctoris iuris ca¬
          <lb/>nonici Jo- annis de Urbach.
          <lb/>Fol. k 2b : Incipit summa magistri Dominici de ci! vitate Visentina:
          <lb/>qualiter notarii archiepisco-] rum et episcoporum debeant notarie offi¬
          <lb/>cium exercere.
          <lb/>Fol. t 2b : Incipit tractatus praescriptionum compositus per! do¬
          <lb/>minum Dinum de mugilo legum doctorem.
          <lb/>Fol. » 3a : Incipit tractatus de tabellionibus per dominum! Bar
          <lb/>compilatus.
          <lb/>R10.541 (41). Prov. : Don de Fid. Butsch fils, Augsbourg 1871.
          <lb/>Notes mss. A l&amp;#x27;intérieur de la couverture:, M. Leonardi Gett. Pigine¬
          <lb/>mii. A la fin, en haut de la couverture:,Antonius Tegernseer Alema¬
          <lb/>nus Bavarus possessor huius Codicis Bononiae die 29 septembris 1516
          <lb/>cum Joa. Seb. Hyrnhamm (?) in scholis statim penetravit.“ Au-dessous:
          <lb/>Veni ego Ant. Tegernseer Alamanus in contubernium Vincentii Malta¬
          <lb/>chelis eius Bononensis die 17 Julii 1516 cui solvi pro expensis anno
          <lb/>philipp. aureos seu ducatos 32.&amp;quot;
          <lb/>1586
          <lb/>1031
        </p>
      </div>
    </body>
  </text>
</TEI>
