<?xml version='1.0' encoding='UTF-8'?>
<?xml-model href="https://raw.githubusercontent.com/OpenITI/tei_openiti/master/tei_openiti.rng" type="application/xml" schematypens="http://relaxng.org/ns/structure/1.0"?>
<?xml-model href="https://raw.githubusercontent.com/OpenITI/tei_openiti/master/tei_openiti.rng" type="application/xml" schematypens="http://purl.oclc.org/dsdl/schematron"?>
<TEI xmlns="http://www.tei-c.org/ns/1.0">
  <teiHeader>
    <fileDesc>
      <titleStmt>
        <title/>
      </titleStmt>
      <publicationStmt>
        <p/>
      </publicationStmt>
      <sourceDesc>
        <p/>
      </sourceDesc>
    </fileDesc>
    <profileDesc>
      <calendarDesc>
        <calendar xml:id="ah">
          <p>Anno Hegirae</p>
        </calendar>
      </calendarDesc>
    </profileDesc>
    <xenoData xml:space="preserve">
CREATED: 2024-04-15T09:07:53.159306+00:00
CREATED BY: eScriptorium vpassthistobuildcmd
IMAGE FILENAME: A121078356.tif
IMAGE WIDTH: 2340
IMAGE HEIGHT: 3846
</xenoData>
  </teiHeader>
  <text>
    <body>
      <div>
        <p>
          <lb/>1212
          <lb/>Salteriumman
          <lb/>laratu uulgari fir
          <lb/>1
          <lb/>titer appeello.
          <lb/>RE
          <lb/>8
          <lb/>Latrinisth plaltrr
          <lb/>mit dem Lrurscen
          <lb/>da bry geiruthet,
          <lb/>(Titre du n° 1942.)
          <lb/>PSALTERIUM
          <lb/>Psalterium Davidicum: Can- tica et Hymni. cum ge¬
          <lb/>heribus
          <lb/>Carminum; et aucto- ribus eorun- dem.
          <lb/>Ad
          <lb/>Strasbourg, J. Pruss 1512
        </p>
      </div>
    </body>
  </text>
</TEI>
