<?xml version='1.0' encoding='UTF-8'?>
<?xml-model href="https://raw.githubusercontent.com/OpenITI/tei_openiti/master/tei_openiti.rng" type="application/xml" schematypens="http://relaxng.org/ns/structure/1.0"?>
<?xml-model href="https://raw.githubusercontent.com/OpenITI/tei_openiti/master/tei_openiti.rng" type="application/xml" schematypens="http://purl.oclc.org/dsdl/schematron"?>
<TEI xmlns="http://www.tei-c.org/ns/1.0">
  <teiHeader>
    <fileDesc>
      <titleStmt>
        <title/>
      </titleStmt>
      <publicationStmt>
        <p/>
      </publicationStmt>
      <sourceDesc>
        <p/>
      </sourceDesc>
    </fileDesc>
    <profileDesc>
      <calendarDesc>
        <calendar xml:id="ah">
          <p>Anno Hegirae</p>
        </calendar>
      </calendarDesc>
    </profileDesc>
    <xenoData xml:space="preserve">
CREATED: 2024-04-15T09:07:49.357953+00:00
CREATED BY: eScriptorium vpassthistobuildcmd
IMAGE FILENAME: A121078235.tif
IMAGE WIDTH: 2302
IMAGE HEIGHT: 3844
</xenoData>
  </teiHeader>
  <text>
    <body>
      <div>
        <p>
          <lb/>A la fin: Gedruckt zû Straszburg, durchMathiam
          <lb/>Apiarium. Anno. 1534.
          <lb/>In-8°, car. goth., 27 ff. non ch.41 f. blanc, sign. A-D, réclames,
          <lb/>notes marg.
          <lb/>Fol. B 5a: Ein kurtzer bericht, wie man sich bey den krancken
          <lb/>und sterbenden halten soll, Für die kirch zu Esslingen...
          <lb/>R101990. Prov.: J. Noiriel, Strasbourg 5/111 1881; 4M.
          <lb/>Voir: Sussan, Hermann: Jacob Otter, ein Beitrag zur Geschichte
          <lb/>der Reformation. Diss. Freiburg i. Br. Carlsruhe, Lang 1893, in-8°,
          <lb/>70 pp.
          <lb/>Bibliographie de J. Otter, voir : Schottenloher I n° 16776-16779.
          <lb/>1736
          <lb/>OTTHENTHALER Paulus
          <lb/>Strasbourg, Chr. Muller héritiers 1569
          <lb/>Schmorotzer Trost. Ein schön unnd nutzlich Büch¬
          <lb/>levn, eyns theyls ausz Luciano dem alten Leh- rer ge¬
          <lb/>zogen, und in reimen weisz gestelt:darinnen klärlich
          <lb/>probiert ist, das die Schmorotze- rey nit alleyn eyn kunst,
          <lb/>sonder die aller fürtreff- lichst under allen Künsten sey.
          <lb/>Zum ersten! im truck auszgangen durch Pau-! lum Otthen¬
          <lb/>thaler.
          <lb/>Grav, sur bois: Un roi et une reine, assis à une table, à la droite
          <lb/>du roi deux hommes, dont l&amp;#x27;un, debout, présente au roi un vase pré¬
          <lb/>cieux, l’autre, assis par terre, tient les mains jointes, comme s’il faisait
          <lb/>une prière. Au-dessous : Allen Schmorotzenbrüdern Tröst- lich, unnd
          <lb/>Lieblich z6 Lesen. (Verso blanc.)
          <lb/>A la fin entre 2 bandes d’ornement: Getruekt zù Straszburg,
          <lb/>am Kornmarckt, bey Christian Müllers Erben, 1569.
          <lb/>In-8°, car. goth., 15 ff. non ch., sign. A-B, titre courant, récla¬
          <lb/>mes. Fol. A2a: Vorred.
          <lb/>R102.162. Prov. inconnue. Gœdeke, Grundriss 1I? p. 284 n° 66.
          <lb/>1737
          <lb/>OTTO VON PASSAU
          <lb/>Strasbourg, J. Knobloch 1508
          <lb/>Die vier undzwenzig alten.
          <lb/>Grav. sur bois, prenant environ la moitié de la page : le Christ
          <lb/>sur un trône, tenant de la gauche un livre, sur son sein sept étoiles,
          <lb/>à ses pieds le livre avec les sept sceaux, sur lequel un agneau nimbé;
          <lb/>en bas, d’un côté un ange, de l’autre un saint agenouillé; le trône est
          <lb/>surmonté des symboles des 4 évangélistes, des deux côtés les 24 anciens.
          <lb/>A la fin: Getruckt und volendet durch Jo- hannem Kno¬
          <lb/>blouch zû Straszburg am Freytag nach Valentini. Anno
          <lb/>M. CCCCC, und viii. Jare. (Verso blanc.)
          <lb/>R.71
          <lb/>1121
        </p>
      </div>
    </body>
  </text>
</TEI>
