<?xml version='1.0' encoding='UTF-8'?>
<?xml-model href="https://raw.githubusercontent.com/OpenITI/tei_openiti/master/tei_openiti.rng" type="application/xml" schematypens="http://relaxng.org/ns/structure/1.0"?>
<?xml-model href="https://raw.githubusercontent.com/OpenITI/tei_openiti/master/tei_openiti.rng" type="application/xml" schematypens="http://purl.oclc.org/dsdl/schematron"?>
<TEI xmlns="http://www.tei-c.org/ns/1.0">
  <teiHeader>
    <fileDesc>
      <titleStmt>
        <title/>
      </titleStmt>
      <publicationStmt>
        <p/>
      </publicationStmt>
      <sourceDesc>
        <p/>
      </sourceDesc>
    </fileDesc>
    <profileDesc>
      <calendarDesc>
        <calendar xml:id="ah">
          <p>Anno Hegirae</p>
        </calendar>
      </calendarDesc>
    </profileDesc>
    <xenoData xml:space="preserve">
CREATED: 2024-04-15T09:07:53.973146+00:00
CREATED BY: eScriptorium vpassthistobuildcmd
IMAGE FILENAME: A121078383.tif
IMAGE WIDTH: 2358
IMAGE HEIGHT: 3848
</xenoData>
  </teiHeader>
  <text>
    <body>
      <div>
        <p>
          <lb/>1269
          <lb/>A la fin: Impressum Argentine per Mathiam hüpf! uff
          <lb/>In dem Füntzehundersten und in dem! sechsten Jare.
          <lb/>mands; règles de l’école de Salerne.
          <lb/>In-40, car. goth., 11 ff. non ch., sign. a–b, vers latins et alle¬
          <lb/>Notes mss. Incomplet, fol. bI manque.
          <lb/>RIO1780. Prov.: Vente Rettig, Strasbourg 2/xI 1894; 17 M. 50.
          <lb/>Schmidt V n° 52.
          <lb/>1980
          <lb/>REGIMEN sanitatis
          <lb/>Strasbourg, M. Hupfuff 1513
          <lb/>Regimen sanitatis. (Grav, sur bois, la même qu’à l&amp;#x27;édition de
          <lb/>1506.)
          <lb/>Das ist ein Regiment der gesuntheit durch alle Mo¬
          <lb/>nadt des Gantzen Jares, wie man sich halten sol mit
          <lb/>essen und auch mit trincken und saget auch von ader¬
          <lb/>lassen.
          <lb/>A la fin: Getruckt in der Freyen statt Strasz-burg
          <lb/>durch Mathis Hupfuff In dem jar als man zalt von der
          <lb/>geburt Cristi unsers lieben herren. M. D.c Xiii.
          <lb/>In-4°, car. goth., 10 ff. non ch., sign. a-b. Réimpression de l&amp;#x27;édi¬
          <lb/>tion de 1506.
          <lb/>RI01781. Prov.: J. Noiriel, Strasbourg 4/III 1881; 15M.
          <lb/>Schmidt V 2° 107.
          <lb/>1981
          <lb/>Regimen sanitatis. Voir aussi: MAGNINUS
          <lb/>REGIUS. Voir: RHEGIUS
          <lb/>REGULAE
          <lb/>Strasbourg, M. Hupfuff 1502
          <lb/>Regulae grammaticales antiquo rum cum earundem
          <lb/>declarationibus et multis argumen tis positis circa unam¬
          <lb/>quamque regulam in speciali. Argentine. (Marque typ. de
          <lb/>M. Hupfuff. H e B planche VII n° 1.)
          <lb/>A la fin: Expliciunt regule... Impresse Argentine per
          <lb/>Mathiam hupfuff Anno Milesimo quingentesimo secundo.
          <lb/>(Verso blanc.)
          <lb/>In-4°, car. goth., 36 ff. non ch., sign. A-F, titre courant, init.
          <lb/>d’attente.
          <lb/>R101.591. Prov. : Don de Fid. Butsch fils, antiquaire à Augs¬
          <lb/>bourg 1871.
          <lb/>Schmidt V n° 17.
          <lb/>1982
        </p>
      </div>
    </body>
  </text>
</TEI>
