<?xml version='1.0' encoding='UTF-8'?>
<?xml-model href="https://raw.githubusercontent.com/OpenITI/tei_openiti/master/tei_openiti.rng" type="application/xml" schematypens="http://relaxng.org/ns/structure/1.0"?>
<?xml-model href="https://raw.githubusercontent.com/OpenITI/tei_openiti/master/tei_openiti.rng" type="application/xml" schematypens="http://purl.oclc.org/dsdl/schematron"?>
<TEI xmlns="http://www.tei-c.org/ns/1.0">
  <teiHeader>
    <fileDesc>
      <titleStmt>
        <title/>
      </titleStmt>
      <publicationStmt>
        <p/>
      </publicationStmt>
      <sourceDesc>
        <p/>
      </sourceDesc>
    </fileDesc>
    <profileDesc>
      <calendarDesc>
        <calendar xml:id="ah">
          <p>Anno Hegirae</p>
        </calendar>
      </calendarDesc>
    </profileDesc>
    <xenoData xml:space="preserve">
CREATED: 2024-04-15T09:07:52.732703+00:00
CREATED BY: eScriptorium vpassthistobuildcmd
IMAGE FILENAME: A121078342.tif
IMAGE WIDTH: 2332
IMAGE HEIGHT: 3850
</xenoData>
  </teiHeader>
  <text>
    <body>
      <div>
        <p>
          <lb/>1228
          <lb/>PRACTICA
          <lb/>Strasbourg, J. Cammerlander s. d.
          <lb/>Alle alten Propheceien von Keyserlicher Maiestat.
          <lb/>(Feuille de lierre.) Keyserliche Practica! unnd prognosti¬
          <lb/>cation, ausz allen alten! Weissagungen, von CCC. jaren
          <lb/>her zûsamengeschrie! ben, unnd mit diser zeit vergliechen,
          <lb/>das eben der onüberwindtlichst! K. K. Carolus V. der sei,
          <lb/>so reformiren, und allein das regiment,! von Orient bisz
          <lb/>in Occident erobern soll &amp;amp;c. Auch werden hie in vil
          <lb/>wundergeschichten in der wellt zûkünfftig durch den
          <lb/>hochgelerten Maister Alofresant zû Rhodis practi-cirt,
          <lb/>Auch wie der virdt Erb Hertzog Johans von Burgund
          <lb/>alle mawern, sie seien gleich eisen! oder stäheln erobern
          <lb/>werd, klarlich an- gezeygt.
          <lb/>Grav, sur bois encadrée de 2 bandes ornem.: l’empereur à genoux,
          <lb/>le globe et le sceptre en main; au verso l’empereur assis sur le trône,
          <lb/>le globe et le sceptre en main, à ses pieds, écusson avec l’aigle impériale,
          <lb/>le tout encadré de 4 pièces ornem, juxta-posées (colonnes).
          <lb/>A la fin : Getruckt zâ Straszburg bei M. Jacob Camm.
          <lb/>[erlander), au-dessous, bande ornem.: un cep de vigne, où se trou¬
          <lb/>vent des oiseaux becquétant des raisins et un enfant nu.
          <lb/>In-4°, car. goth., 12 ff. non ch. dont 2 ff. blancs, sign. A-C, ré¬
          <lb/>clames, en tout 6 grav.; fol. B 2b, l&amp;#x27;empereur avec son armée devant
          <lb/>Rome, le clergé en fuite, au fond la ville de Rome; cette grav, est ré¬
          <lb/>pétée au recto de l’avant-dernier f. blanc; fol. B 4b, 2 écussons avec
          <lb/>l’aigle, fol. CIa: Methodius devant l’empereur; au verso, le loup par¬
          <lb/>lant à l&amp;#x27;aigle, au fond le tronc d’un arbre.
          <lb/>Fol. a 2a: Zûm Leser. Au verso: Vorred M. Alofresant.
          <lb/>Au verso du dernier f., marque typ. de J. Cammerlander. (HER
          <lb/>planche XXIV no 1; Silvestre n° 816.)
          <lb/>R101165. Prov.: Trubner, Strasbourg 19/1 1883; 10 M. 50.
          <lb/>En bas du titre : D. Gustav Klemm.
          <lb/>1919
          <lb/>PRACTICA. Voir aussi: 1) HUGGELINUS, 2) BRUNFELS: Alma¬
          <lb/>nach, 1526.
          <lb/>PRAETORIUS Bern.
          <lb/>Strasbourg, A. Bertram 1592
          <lb/>ACCLAMATIO GRATVLATORIA, AD REVERENDISS. ET ILLV¬
          <lb/>STRISS. I PRINCIPEM AC DOMINVM, DN. IOHANNEM-GEORGIVM;
          <lb/>REVERENDISS. ET CELSISSIMORVM PP. AC DD. DN. IOACHIMI¬
          <lb/>FRIDERICI, Archiepiscopatus Magdeburgensis Administrato¬
        </p>
      </div>
    </body>
  </text>
</TEI>
