<?xml version='1.0' encoding='UTF-8'?>
<?xml-model href="https://raw.githubusercontent.com/OpenITI/tei_openiti/master/tei_openiti.rng" type="application/xml" schematypens="http://relaxng.org/ns/structure/1.0"?>
<?xml-model href="https://raw.githubusercontent.com/OpenITI/tei_openiti/master/tei_openiti.rng" type="application/xml" schematypens="http://purl.oclc.org/dsdl/schematron"?>
<TEI xmlns="http://www.tei-c.org/ns/1.0">
  <teiHeader>
    <fileDesc>
      <titleStmt>
        <title/>
      </titleStmt>
      <publicationStmt>
        <p/>
      </publicationStmt>
      <sourceDesc>
        <p/>
      </sourceDesc>
    </fileDesc>
    <profileDesc>
      <calendarDesc>
        <calendar xml:id="ah">
          <p>Anno Hegirae</p>
        </calendar>
      </calendarDesc>
    </profileDesc>
    <xenoData xml:space="preserve">
CREATED: 2024-04-15T09:07:45.652266+00:00
CREATED BY: eScriptorium vpassthistobuildcmd
IMAGE FILENAME: A121078105.tif
IMAGE WIDTH: 2314
IMAGE HEIGHT: 3850
</xenoData>
  </teiHeader>
  <text>
    <body>
      <div>
        <p>
          <lb/>991
          <lb/>MATTHAEUS Vindocinensis
          <lb/>Strasbourg, J. Knobloch, 1510
          <lb/>Historia thobie cum moralitatibus eiusdem: per
          <lb/>Matheum vin docinensem elegiaco carmine diligenti casti¬
          <lb/>gatione descripta. Ad Lectorem. Quid valeat virtus
          <lb/>morali dogmate tersa. Hic lector discas semper amieus
          <lb/>vale. (Verso blanc.)
          <lb/>A la fin: Impressum Argentine per honestum virum
          <lb/>Iohan nem Knolouch (!), tertia feria post Adriani! Anno
          <lb/>domini M. CCCCC. X. (Verso blanc.)
          <lb/>In-40, car. rom., 124 ff. non ch., sign. a-r, titre courant, init.
          <lb/>d’attente.
          <lb/>FRI01413. Prov.: BN Munich, 28/X11 1877, 1 M. Ex-libris:
          <lb/>Ex Electorali Bibliotheca Sereniss. Utriusque Bavariae Ducum.
          <lb/>2ème ex.: RI01.020. Prov.: BN Munich T/V 1877; 1 M. A l&amp;#x27;in¬
          <lb/>térieur de la couverture, ex-libris avec la devise: «Honos erit huic quo¬
          <lb/>que luto» en haut et le nom du possesseur en bas: Andreae Felicis (Efely.
          <lb/>Monacensis. Au verso du f. de garde: Duplum Bibliothecae regiae Mona¬
          <lb/>censis.
          <lb/>Proctor II Sectio I n° 10.074: Londres, Brit. Museum; Schmidt
          <lb/>VII n° 68; BM Strasbourg.
          <lb/>1498
          <lb/>MATTHIEU DE VENDÔME. Voir: MATTHAEUS VINDOCINEN¬
          <lb/>SIS
          <lb/>MAXENTIUS Johannes; Opera. Voir: FULGENTIUS: Opera.
          <lb/>MAXIMIANUS Episcopus (Cornelius): Elegiarum fragmenta. Voir:
          <lb/>GREGORIUS Tifernas: Opuscula. Strasbourg, M. Schurer 1509.
          <lb/>MAXIMILIEN Ier
          <lb/>Strasbourg 1518
          <lb/>WIr Maximilian von gots genaden Erwölter Römischer
          <lb/>Keyser,... ..Embieten allen...Unnser gnad...
          <lb/>Nach dem durch die Püchssen, so sich selbst zünden...
          <lb/>... mergklich und grosz beschedigung beschehen sind...
          <lb/>.. haben wir die, in allen unsern Erblich Fürstenthumben
          <lb/>unnd Landen, die nit mer zûmachen noch auch zû! rosz
          <lb/>noch zûfusz zûführen noch zûtragen by schweren peenen
          <lb/>ernstlich verbotten... —
          <lb/>Geben in unser und des heyligen Rychs Stat Augs¬
          <lb/>purg am achtundzweintzigsten tag des Monats Julii Anno
        </p>
      </div>
    </body>
  </text>
</TEI>
