<?xml version='1.0' encoding='UTF-8'?>
<?xml-model href="https://raw.githubusercontent.com/OpenITI/tei_openiti/master/tei_openiti.rng" type="application/xml" schematypens="http://relaxng.org/ns/structure/1.0"?>
<?xml-model href="https://raw.githubusercontent.com/OpenITI/tei_openiti/master/tei_openiti.rng" type="application/xml" schematypens="http://purl.oclc.org/dsdl/schematron"?>
<TEI xmlns="http://www.tei-c.org/ns/1.0">
  <teiHeader>
    <fileDesc>
      <titleStmt>
        <title/>
      </titleStmt>
      <publicationStmt>
        <p/>
      </publicationStmt>
      <sourceDesc>
        <p/>
      </sourceDesc>
    </fileDesc>
    <profileDesc>
      <calendarDesc>
        <calendar xml:id="ah">
          <p>Anno Hegirae</p>
        </calendar>
      </calendarDesc>
    </profileDesc>
    <xenoData xml:space="preserve">
CREATED: 2024-04-15T09:07:50.673722+00:00
CREATED BY: eScriptorium vpassthistobuildcmd
IMAGE FILENAME: A121078276.tif
IMAGE WIDTH: 2308
IMAGE HEIGHT: 3846
</xenoData>
  </teiHeader>
  <text>
    <body>
      <div>
        <p>
          <lb/>1162
          <lb/>des vorliegenden Werkes gewesen wäre. Der Drucker Bertram dürfte
          <lb/>sich mithin geirrt haben, und die in einem der Berliner Exemplare be¬
          <lb/>findliche handschriftliche Notiz, dass Melchior Schönfeldt sich unter dem
          <lb/>«anonymen Phylomusus, verborgen habe, richtig sein. Das Buch wurde
          <lb/>übrigens während des XVII. Jahrhunderts noch dreimal in Nürnberg auf¬
          <lb/>gelegt und erschien 1739 nochmals in Tübingen.&amp;quot;
          <lb/>In der Festschrift für Leidinger zum 60. Geburtstag (München, Hugo
          <lb/>Schmidt 1930) weist Fritz Hommel in seinem Artikel, Philomusus ano¬
          <lb/>nymus&amp;quot; S. 119-121 nach, dass Martinus Pegius, Jurist und Astrolog,
          <lb/>der nach Jöcher um 1560 florierte, wahrscheinlich der Verfasser des
          <lb/>Werkes ist.
          <lb/>1807
          <lb/>PEGIUS Martinus
          <lb/>Strasbourg, L. Zetzner 1596
          <lb/>DE JVRE PROTOMISEOS CONGRVI, VEL RE- TRACTVS.
          <lb/>Vom Vorkauff, Eynstand, Kauffzugrechten. Gründlicher
          <lb/>anzeig unnd bericht, waher solcher Vorkauff seinen ur¬
          <lb/>sprung, in was für Güttern, bey welchen, und wider welche
          <lb/>Per- sonen er stat hab oder nicht, auch zu was zeit, in
          <lb/>welchem Ort, mit was Zierden oder Solennitet die ver¬
          <lb/>kündung geschehen soll, und was massen der Vorkauff
          <lb/>verwürckt. SamptEinem besonderen Buch,! De PACTO
          <lb/>DE RETROVENDENDO, SIVE DE RETRACTIBVS CONVENTIONA¬
          <lb/>LIBVS. VON VORBEHALTNEN WIDERKAUFFEN und Ablosun¬
          <lb/>gen.Wie solchs alles durch den Hochgelehrten Herrn
          <lb/>Martinum Pegium der Rechten Doctorn, etwan verteutscht,
          <lb/>und mit sonde- rem fleisz zusammen getragen worden.
          <lb/>Nun aber allen denen, so in Gericht sitzen, auch Jungen
          <lb/>Advocaten, Procuratorn, Stattschreibern, so vor Gerichten
          <lb/>zu handlen, zu nutz und frommen, von newem mit gros¬
          <lb/>sem anmut und ernst durch ein Rechtserfahrne Person an
          <lb/>vielen orten in Wörtern geendert, gemehrt, gebessert, und
          <lb/>ein jedes Buch zu sicherer gedächtnus in underschidliche
          <lb/>Capitel abgetheilt, auch deren Innhalt kurtzlichen am an¬
          <lb/>fang La- teinisch begriffen: Endlichen mit viel mühe unnd
          <lb/>arbeit in offnen Truck verfertiget. Mit Keyserlicher Ma¬
          <lb/>jestat Freyheiten nachzutrucken verbotten.
          <lb/>Straszburg, In verlegung Lazari Zetzners. M.D.XCVI.
          <lb/>(Verso blanc.)
          <lb/>In-fol., car. goth. et rom., 53 ff. ch. et 4 ff. à 3 col. non ch. (ta¬
          <lb/>ble), titre courant, réclames, notes marg., init. goth.; titre rouge et noir.
          <lb/>Bande ornem. au commencement et une vign. à la fin de chaque livre.
          <lb/>R 10.259. Prov. inconnue.
          <lb/>1808
        </p>
      </div>
    </body>
  </text>
</TEI>
