<?xml version='1.0' encoding='UTF-8'?>
<?xml-model href="https://raw.githubusercontent.com/OpenITI/tei_openiti/master/tei_openiti.rng" type="application/xml" schematypens="http://relaxng.org/ns/structure/1.0"?>
<?xml-model href="https://raw.githubusercontent.com/OpenITI/tei_openiti/master/tei_openiti.rng" type="application/xml" schematypens="http://purl.oclc.org/dsdl/schematron"?>
<TEI xmlns="http://www.tei-c.org/ns/1.0">
  <teiHeader>
    <fileDesc>
      <titleStmt>
        <title/>
      </titleStmt>
      <publicationStmt>
        <p/>
      </publicationStmt>
      <sourceDesc>
        <p/>
      </sourceDesc>
    </fileDesc>
    <profileDesc>
      <calendarDesc>
        <calendar xml:id="ah">
          <p>Anno Hegirae</p>
        </calendar>
      </calendarDesc>
    </profileDesc>
    <xenoData xml:space="preserve">
CREATED: 2024-04-15T09:07:49.448185+00:00
CREATED BY: eScriptorium vpassthistobuildcmd
IMAGE FILENAME: A121078240.tif
IMAGE WIDTH: 2306
IMAGE HEIGHT: 3844
</xenoData>
  </teiHeader>
  <text>
    <body>
      <div>
        <p>
          <lb/>1126
          <lb/>OVIDIUS
          <lb/>NGla
          <lb/>P.QVIDII
          <lb/>NASONIS LON
          <lb/>GE LEPIDISSI
          <lb/>MI QVINDE
          <lb/>CIM META
          <lb/>MORPHO
          <lb/>SEONLI
          <lb/>BRI.
          <lb/>Alphabeticũ omnium fabu
          <lb/>larũ Indicẽ illis pręmisimus.
          <lb/>Eius ipsius Vita per Aldum
          <lb/>Manu. Roma, ex operib,
          <lb/>eius, comportata.
          <lb/>Strasbourg, J. Knobloch 1519
          <lb/>A la fin: Ioannes Knoblochius; stan- neis Characteri¬
          <lb/>bus, apud prin cipem argentinam absol! vit, Tertio Nonas
          <lb/>Decembris An no M. D.
          <lb/>XIX.
        </p>
      </div>
    </body>
  </text>
</TEI>
