<?xml version='1.0' encoding='UTF-8'?>
<?xml-model href="https://raw.githubusercontent.com/OpenITI/tei_openiti/master/tei_openiti.rng" type="application/xml" schematypens="http://relaxng.org/ns/structure/1.0"?>
<?xml-model href="https://raw.githubusercontent.com/OpenITI/tei_openiti/master/tei_openiti.rng" type="application/xml" schematypens="http://purl.oclc.org/dsdl/schematron"?>
<TEI xmlns="http://www.tei-c.org/ns/1.0">
  <teiHeader>
    <fileDesc>
      <titleStmt>
        <title/>
      </titleStmt>
      <publicationStmt>
        <p/>
      </publicationStmt>
      <sourceDesc>
        <p/>
      </sourceDesc>
    </fileDesc>
    <profileDesc>
      <calendarDesc>
        <calendar xml:id="ah">
          <p>Anno Hegirae</p>
        </calendar>
      </calendarDesc>
    </profileDesc>
    <xenoData xml:space="preserve">
CREATED: 2024-04-15T09:07:46.521822+00:00
CREATED BY: eScriptorium vpassthistobuildcmd
IMAGE FILENAME: A121078135.tif
IMAGE WIDTH: 2312
IMAGE HEIGHT: 3846
</xenoData>
  </teiHeader>
  <text>
    <body>
      <div>
        <p>
          <lb/>1021
          <lb/>Fol. A 2a : Das abentheürlich bûch beweyszt uns von einer fra¬
          <lb/>wen die ist genant Melusina. Die da ein Mer fein und darzû auch ein
          <lb/>hochgeborne Künigin! und usz dem berg Awelon kommen ist. Der selb
          <lb/>berg! ligt in Franckreych. Und ward dise Merfein alle! Sambstag under¬
          <lb/>halb dem nabel ein grosser und langer wurm, dann sie ein halb gespenst
          <lb/>was. Es seind auch von ir kommen gar grosse und mechtige ge¬
          <lb/>schlechter von Künigen, Fürsten, Graven, Freyen,! Ritter und knecht..
          <lb/>R100.201. Prov. inconnue. Incomplet, Fol. N2 et N3 manquent.
          <lb/>Schmidt VII n° 332.
          <lb/>1564
          <lb/>MENGIN Nicolaus
          <lb/>(Strasbourg, J. Schott? 1517]
          <lb/>Wenediger Chronica. Mit angezöigten ursachen des
          <lb/>schäd- lichen Kryegs, do mit sye bitz här von Römi¬
          <lb/>scher Key.Maiestät so schwär lich gestrafft seind.
          <lb/>Au-dessous, marque typ. de Gautier et Nicolas Lud de St. Dié,
          <lb/>l’imprimeur au cloître. (HÈB p. 10, Planche V n° 11.) Weller 514
          <lb/>attribue l’impression à M. Flach; Scott, Suppl. à Schmidt II, p. 10
          <lb/>n° 4 à J. Schott, 1517. La même marque se rencontre aussi dans Gni¬
          <lb/>dius, Defensio Christianorum de Cruce 1521, généralement attribué à
          <lb/>J. Schott.
          <lb/>In-4°, car. goth., 24 ff. non ch., sign. a-d. Les mots Wenediger
          <lb/>Chronica du titre ainsi que la marque sont en rouge.
          <lb/>Au verso du titre: Hie nach volgt gar ein seltz ame kurtzwevlige
          <lb/>Chronick und history, harkommens unnd! weszens der Venediger. durch
          <lb/>den wolgeachten herren Nico- laum Mengin von Nanzey, Secretarien etc.
          <lb/>usz Frantzösi- scher sproch zà teütsch transferiert...
          <lb/>Au recto du dernier f.: Ein freüntliche warnung! an die Venedi¬
          <lb/>ger. (10 dist. allemands.)
          <lb/>R100.420. Prov.: Bibl. Ed. Bœcking, avec son ex-libris à l&amp;#x27;inté¬
          <lb/>rieur de la couverture.
          <lb/>BN Paris, Rés. K. 1249; Schmidt II, Suppl, p. 10, n0 4 cite en
          <lb/>outre Brit. Museum, Londres, Proctor 10.284.
          <lb/>1565
          <lb/>MENT Augustus. Voir: HAWENREUTER Joh. Lud. Strasbourg,
          <lb/>C. Kieffer 1586. R101.564 (16).
          <lb/>MESSE, Evangelische. Voir: KANTZ: Von der Evangelischen
          <lb/>Messe. 1524.
        </p>
      </div>
    </body>
  </text>
</TEI>
