<?xml version='1.0' encoding='UTF-8'?>
<?xml-model href="https://raw.githubusercontent.com/OpenITI/tei_openiti/master/tei_openiti.rng" type="application/xml" schematypens="http://relaxng.org/ns/structure/1.0"?>
<?xml-model href="https://raw.githubusercontent.com/OpenITI/tei_openiti/master/tei_openiti.rng" type="application/xml" schematypens="http://purl.oclc.org/dsdl/schematron"?>
<TEI xmlns="http://www.tei-c.org/ns/1.0">
  <teiHeader>
    <fileDesc>
      <titleStmt>
        <title/>
      </titleStmt>
      <publicationStmt>
        <p/>
      </publicationStmt>
      <sourceDesc>
        <p/>
      </sourceDesc>
    </fileDesc>
    <profileDesc>
      <calendarDesc>
        <calendar xml:id="ah">
          <p>Anno Hegirae</p>
        </calendar>
      </calendarDesc>
    </profileDesc>
    <xenoData xml:space="preserve">
CREATED: 2024-04-15T09:07:46.648872+00:00
CREATED BY: eScriptorium vpassthistobuildcmd
IMAGE FILENAME: A121078143.tif
IMAGE WIDTH: 2308
IMAGE HEIGHT: 3848
</xenoData>
  </teiHeader>
  <text>
    <body>
      <div>
        <p>
          <lb/>In-80, car. ital, et rom., 8 ff. non ch. (préface et table), 391 ff. ch.,
          <lb/>3 ff. blancs, titre courant, réclames, init. ornées. Au verso du titre:
          <lb/>Philippi Beroaldi! de hisce floribus iudicium.
          <lb/>Fol. 2a non ch. : D. Iacobi Antonii Balbi! Placentini epigramma.
          <lb/>(10 dist.) Au verso: Philippus Beroal-] dus Lectori Salutem...
          <lb/>Fol. 3b : Octaviano Arcimboldo proton. Apo¬stolico, Octavianus Mi¬
          <lb/>randula canoni! cus regularis Lateranensis....
          <lb/>R101.587. Prov. inconnue.
          <lb/>BM Strasbourg 1286.
          <lb/>1581
          <lb/>MISSALE
          <lb/>Haguenau, Th. Anshelm 1520
          <lb/>MIssale diocesis Argentinensis! denuo excusum casti¬
          <lb/>gatius.
          <lb/>Grande grav. d’une page avec plusieurs scènes du culte religieux:
          <lb/>au milieu Jésus crucifié, au pied de la croix une foule de fidèles en
          <lb/>prière, au-dessus sacrifice de la messe (Consécration, avec monogramme
          <lb/>de Hans Baldung-Grien, bordures latérales: à gauche: confession, péni¬
          <lb/>tence, confirmation par un évêque, baptême d’un enfant; à droite : ordi¬
          <lb/>nation d’un prêtre, sacrement de mariage, extrême onction; en bas, une
          <lb/>sorte d’écusson vide, tenu par 2 hommes avec le texte de Micheas VII:
          <lb/>In fine deponet! iniquitates nostras, et proiïciet in profundum! maris
          <lb/>peccata nostra. Sanctus Iudas Sanctorum communionem. Remissionem
          <lb/>peccatorum.
          <lb/>A la fin: ... Im! pressum Hagnoæ per industri! um vi¬
          <lb/>rum Thomam Ansz- hel. Baden. Anno a! Christi nativi¬
          <lb/>tate super! millesimum et quin gentesimum vi! gesimo.
          <lb/>Au-dessous: marque typ. de Thomas Anshelm. (H CB Planche LXII
          <lb/>n° 2; Silvestre n° 771.)
          <lb/>Grand in-fol., car. goth., 2 col., 9 ff. non ch., CCCII ff. ch., 21 ff.
          <lb/>non ch., titre courant, de nombreuses init. (arabesques, figures), 15 grav.
          <lb/>se rapportant au texte. Entre f. 173 et 176, 26 ff. non ch.; au verso
          <lb/>du fol. 17 non ch., grande grav. d’une page : Jésus crucifié, sous la
          <lb/>croix la mère du Christ et l’apôtre St. Jean. Plusieurs ff. avec notes de
          <lb/>musique (Chant Grégorien.) Titre en rouge, tèxte en rouge et noir.
          <lb/>Au verso du titre: Wilhelmus Dei gratia Episcopus Argentinensis
          <lb/>et Alsatiae Lantgravius Vniverso! Sacerdotum ordini per diocesim no¬
          <lb/>stram S. in domino....
          <lb/>Fol. 2a non ch. : Informationes et cautele observande prespi- tero
          <lb/>volente divina celebrare (4 pp.); suit un f. blanc, puis Calendrier (6 ff.).
          <lb/>R 93. Prov.: Trubner (Vente Ahlfeld n° 1778), Strasbourg I4/XII
          <lb/>1878, 46 M. Annotation ms, en bas du titre: Seminarii episcopalis ar¬
          <lb/>gentinensis 1773. Rel. anc.
          <lb/>Grand Séminaire Strasbourg, Inc. A 181, A 173, A 174a, 4 170;
          <lb/>Walter: Sélestat n° 189.
          <lb/>1029
        </p>
      </div>
    </body>
  </text>
</TEI>
