<?xml version='1.0' encoding='UTF-8'?>
<?xml-model href="https://raw.githubusercontent.com/OpenITI/tei_openiti/master/tei_openiti.rng" type="application/xml" schematypens="http://relaxng.org/ns/structure/1.0"?>
<?xml-model href="https://raw.githubusercontent.com/OpenITI/tei_openiti/master/tei_openiti.rng" type="application/xml" schematypens="http://purl.oclc.org/dsdl/schematron"?>
<TEI xmlns="http://www.tei-c.org/ns/1.0">
  <teiHeader>
    <fileDesc>
      <titleStmt>
        <title/>
      </titleStmt>
      <publicationStmt>
        <p/>
      </publicationStmt>
      <sourceDesc>
        <p/>
      </sourceDesc>
    </fileDesc>
    <profileDesc>
      <calendarDesc>
        <calendar xml:id="ah">
          <p>Anno Hegirae</p>
        </calendar>
      </calendarDesc>
    </profileDesc>
    <xenoData xml:space="preserve">
CREATED: 2024-04-15T09:07:47.038185+00:00
CREATED BY: eScriptorium vpassthistobuildcmd
IMAGE FILENAME: A121078156.tif
IMAGE WIDTH: 2306
IMAGE HEIGHT: 3848
</xenoData>
  </teiHeader>
  <text>
    <body>
      <div>
        <p>
          <lb/>1042
          <lb/>Fol. II: Protestatio auctoris. Thomas murner Ar gentinus ordinis
          <lb/>minorum,... Iacobo Locher... Ex academia Friburgensi.
          <lb/>Fol. i 6a : Celeberrime doctri- nae... Thomae! Murnerio, Ioannes
          <lb/>Schottus Argentinensis.... Argentinae ex officina libraria tertio nonas
          <lb/>decembres : Anno... M. D. IX. Au verso: Erudito... Ioanni Schotto Ar¬
          <lb/>gentinensi Tho. Murner...
          <lb/>Fol. i 7a : ... Thomae Murner... frater Egidius Delphin de Ame¬
          <lb/>rica.... Datis in civitate Viterbii die XXVI. Septembris. M. D. VI.Frater
          <lb/>Egidius Generalis concedit Visa et registrata. F. M. de Mantua.
          <lb/>R 100145. Prov.: Bibl. Ch. Schmidt avec son ex-libris.
          <lb/>BM Strasbourg; BM Colmar; Oxford, Bibl. Bodleiana; Proctor
          <lb/>II Sectio I n° 10.142: Londres, British Museum; Schmidt II n° 11.
          <lb/>Rosenthal, Munich, Catal. 135 (1914) n° 1643 l’attribue comme
          <lb/>Proctor à Martin Flach fils.
          <lb/>1603
          <lb/>MURNER Thomas
          <lb/>Strasbourg, Jean Gruninger 1509
          <lb/>Logica memorativa Chartiludium logice, sive totius
          <lb/>dialectice memoria: &amp;amp; novus Petri hyspani tex tus emen¬
          <lb/>datus : Cum iucundo pictasmatis! exercitio: Eruditi viri
          <lb/>f. Thome Murner Argentini: ordi nis minorum: theolo
          <lb/>gie doctoris eximii.
          <lb/>In-4°, car. goth. et rom., 79 ff. non ch., sign. A-N, dernier f.
          <lb/>blanc, titre courant, init. ornées. Au-dessous du titre: marque typ. de
          <lb/>Jean Gruninger. (He B Planche I n° 3.) 16 petites grav., une pour
          <lb/>chaque chapitre.
          <lb/>Fol. A 4b et A 5a représentent les signes employés par l’auteur
          <lb/>pour désigner les sujets des 16 chapitres.
          <lb/>Fol. A 6b, grav. d’une page, tirée de la Margarita philosophica 1504,
          <lb/>Typus logicae. En outre 51 grav. de la grandeur des cartes à jouer, sur
          <lb/>chacune l’image d’un homme ou d’une femme, accompagnée de signes et
          <lb/>de chiffres renvoyant aux différents chapitres. Voir grav. p. 1043.
          <lb/>Fol. a 2a : Prologus Thomas Murner Argen tinus... Ioanni
          <lb/>Adelpho Argentino S. P. D...., daté de Fribourg/Brisg. 1508.
          <lb/>Fol. A 4a : Exordium.
          <lb/>A la fin, fol. N 5a : Certificat délivré à Murner par l’université
          <lb/>de Cracovie:,Testimonium magistrale Cracoviensium....&amp;quot;
          <lb/>Argentine Industrius vir Ioannes grüninger impressit.
          <lb/>Anno a cristi salvatoris nativitate. M. D. IX....
          <lb/>R100.007. Prov.: Bibl. Ch. Schmidt avec son ex-libris.
          <lb/>Kristeller 95; Schmidt I n° 108: BN Paris.
          <lb/>Beaulieux, BU Paris, Rés. R. 870.
          <lb/>Bœr, Francfort-s.-M., Catal. 500 (1907) n° 869; 300 M.: 83 unnum.
          <lb/>Bll. Mit 68 blattgrossen, höchst merkwürdigen Holzschnitten.
          <lb/>Brunet III?, 1954.
          <lb/>1604
        </p>
      </div>
    </body>
  </text>
</TEI>
