<?xml version='1.0' encoding='UTF-8'?>
<?xml-model href="https://raw.githubusercontent.com/OpenITI/tei_openiti/master/tei_openiti.rng" type="application/xml" schematypens="http://relaxng.org/ns/structure/1.0"?>
<?xml-model href="https://raw.githubusercontent.com/OpenITI/tei_openiti/master/tei_openiti.rng" type="application/xml" schematypens="http://purl.oclc.org/dsdl/schematron"?>
<TEI xmlns="http://www.tei-c.org/ns/1.0">
  <teiHeader>
    <fileDesc>
      <titleStmt>
        <title/>
      </titleStmt>
      <publicationStmt>
        <p/>
      </publicationStmt>
      <sourceDesc>
        <p/>
      </sourceDesc>
    </fileDesc>
    <profileDesc>
      <calendarDesc>
        <calendar xml:id="ah">
          <p>Anno Hegirae</p>
        </calendar>
      </calendarDesc>
    </profileDesc>
    <xenoData xml:space="preserve">
CREATED: 2024-04-15T09:07:44.513788+00:00
CREATED BY: eScriptorium vpassthistobuildcmd
IMAGE FILENAME: A121078067.tif
IMAGE WIDTH: 2336
IMAGE HEIGHT: 3842
</xenoData>
  </teiHeader>
  <text>
    <body>
      <div>
        <p>
          <lb/>LUTHER Martin
          <lb/>Strasbourg 1525
          <lb/>VErzeich nungen über das Fünfft Bûch Mose,
          <lb/>Deuteronomium genandt. Welche! in einer kürtze, des
          <lb/>selben Bûchs, rechtgrundlichen verstandt vnd erclärung
          <lb/>geben.! D. Martin Luther.
          <lb/>Das Register such am) ende dises bûchs. 1525.
          <lb/>(Verso blanc.)
          <lb/>Fol. 266a, avant l’Index:... Aus dem latein erst! in das
          <lb/>deütsch bracht. Zû Straszburg M. D. XXV. (Verso blanc.)
          <lb/>In-8°, car. goth., 6 ff. non ch., CCLXVI ff. ch., 16 ff. non ch.
          <lb/>dont le dernier blanc (Index), titre courant, réclames, notes marg., init.
          <lb/>ornée D et init. à fig. D; titre encadré (ornements).
          <lb/>Fol. A 2a:... Herrn Görgen von Polentz, dem warhafftigen Bi¬
          <lb/>schof der Christlichen versamlung zu Sam! biam seinem in dem herren
          <lb/>Christo, grosz geachteten vatter... Wittemberg 1525.! Dein D. Marti¬
          <lb/>nus! Luther. (Préface de 10 pp.)
          <lb/>*R100.464. Prov.: BN Munich, 15/IV 1879, 1 M. 20. A l&amp;#x27;in¬
          <lb/>térieur de la couverture: Duplum Bibliothecae Regiae Monacensis.
          <lb/>Au recto du f. de garde:»Dauid Essinger Jst dis Bûch vnd mein
          <lb/>Groszmutter hat es mier geschenckt MDLXXII. Es ist ain guldes bâch.»
          <lb/>1431
          <lb/>LUTHER Martin
          <lb/>Haguenau, J. Secer 1526
          <lb/>(Feuille de lierre.) COM] MENTARIVS MARTINI LVTHE] ri in
          <lb/>Ionam Prophetam,  iam novissime post alio! rum tralatio¬
          <lb/>nes latinus factus à Vicentio! Obsopœo.Praefixa est
          <lb/>et nova a Luthe ro praefatio, qua perstringuntur ii, qui
          <lb/>passim sua ita vertunt, ut! prorsus evertant et depravent.
          <lb/>Haganoae, Johan. Secer.Anno XXVI.
          <lb/>In-80, car. ital, et rom., 84 ff. non ch., sign. AL, titre courant,
          <lb/>réclames, notes marg., init. à fig. G, titre encadré (HCB Planche
          <lb/>LXIX n° 2).
          <lb/>Au verso du titre: Martinus! Luther Vincentio! Obsopœo suo ! in
          <lb/>Domino... — Vuittembergae vicesima quinta Aprilis! Anno. M. D. XXVI.
          <lb/>Fol. A 2b: Praefatio! in Ionam Pro fetam.
          <lb/>Au verso du dernier f.: Marque typ. de J. Secer.
          <lb/>*R101157. Prov.: Rosenthal, Munich 9/x 1883; 6 M. 1432
          <lb/>LUTHER Martin
          <lb/>Strasbourg, J. Knobloch 1526
          <lb/>(Feuille de lierre.) IONA ] PROPHETA, CVM ] ANNOTATIO¬
          <lb/>NIBVS] M. LVTHERI. ] ANNO M. D. XXVI. (Verso blanc.)
          <lb/>953
        </p>
      </div>
    </body>
  </text>
</TEI>
