<?xml version='1.0' encoding='UTF-8'?>
<?xml-model href="https://raw.githubusercontent.com/OpenITI/tei_openiti/master/tei_openiti.rng" type="application/xml" schematypens="http://relaxng.org/ns/structure/1.0"?>
<?xml-model href="https://raw.githubusercontent.com/OpenITI/tei_openiti/master/tei_openiti.rng" type="application/xml" schematypens="http://purl.oclc.org/dsdl/schematron"?>
<TEI xmlns="http://www.tei-c.org/ns/1.0">
  <teiHeader>
    <fileDesc>
      <titleStmt>
        <title/>
      </titleStmt>
      <publicationStmt>
        <p/>
      </publicationStmt>
      <sourceDesc>
        <p/>
      </sourceDesc>
    </fileDesc>
    <profileDesc>
      <calendarDesc>
        <calendar xml:id="ah">
          <p>Anno Hegirae</p>
        </calendar>
      </calendarDesc>
    </profileDesc>
    <xenoData xml:space="preserve">
CREATED: 2024-04-15T09:07:44.482201+00:00
CREATED BY: eScriptorium vpassthistobuildcmd
IMAGE FILENAME: A121078065.tif
IMAGE WIDTH: 2338
IMAGE HEIGHT: 3844
</xenoData>
  </teiHeader>
  <text>
    <body>
      <div>
        <p>
          <lb/>A la fin: ARGENTORATI KNOBLO-] CHUS EXCUDEBAT! Anno
          <lb/>M. D. XXV. ] MENSE No-I VEMBRI.
          <lb/>notes marg., titre encadré, en haut, balustrade appuyée sur deux colon¬
          <lb/>In-8°, car. ital., 23 ff. non ch., sign. a-c, titre courant, réclames,
          <lb/>nes des bordures latérales, sur chaque colonne un enfant grimpant; en bas,
          <lb/>une sirène avec deux queues de poissons, dans les deux coins un homme
          <lb/>nu. (Voir p. 950.)
          <lb/>*RIOI.273. Prov, inconnue.
          <lb/>Oxford, Bibl. Bodleiana; Schmidt VII n° 297.
          <lb/>1426
          <lb/>LUTHER Martin
          <lb/>Strasbourg, J. Knobloch 1525
          <lb/>DEUTE-RONOMION MOSE] cum Annotatio- nibus. MART.
          <lb/>LUTHERI! adiecto Indice. (Verso blanc.)
          <lb/>A la fin: ARGENTORATI EXCUDEBAT IOHANNES KNOBLO¬
          <lb/>CHUS, 1 ANNO. M. D. XXV. MENSE MAIO. (Verso blanc.)
          <lb/>In-8°, car. ital., 187 ff. ch., 5 ff. non ch. (Index), titre courant,
          <lb/>réclames, notes marg., init. ornée D, titre encadré de 4 pièces juxta¬
          <lb/>posées; pièce supérieure, ornement d’architecture avec une tête dans les
          <lb/>coins et au milieu, des deux côtés colonne avec des enfants grimpant,
          <lb/>en bas: strène au milieu et de chaque côté un homme.
          <lb/>Fol. 2a-54: PRAEFATIO. ... D. Georgio à Polentis, verè Episco¬
          <lb/>po Sabiensis Ecclesiae... — Vuittenbergae. 1525. T. D. Martinus Luther.
          <lb/>*RI01.154. Prov.: Bibl. Heite, Strasbourg 1871. Au bas du titre:
          <lb/>E Libris Georgü Sigismundi Flösseri 1632.»
          <lb/>Manque chez Schmidt.
          <lb/>1427
          <lb/>LUTHER Martin
          <lb/>Strasbourg, J. Herwagen 1525
          <lb/>ENARRA TIONES MARTINI LU] theri in Epistolas D. Petri
          <lb/>duas, &amp;amp; Iudae unam, in quibus quicquid ! omnino ad
          <lb/>Christianismum ! pertinet, consumatiss.  digestum leges.
          <lb/>Feuille de lierre. (Verso blanc.)
          <lb/>A la fin: Argentorati apud Iohannem Herva- gium
          <lb/>Mense Maio. Anno! M. D. XXV. (Verso blanc.)
          <lb/>In-8°, car. ital., 13 ff. non ch., 160 ff. ch., titre courant, réclames,
          <lb/>notes marg., grandes init. à fig. P, D; titre encadré, ornements, en bas
          <lb/>à gauche Minerve avec un instrument de musique, à droite Mercure
          <lb/>tenant en main une branche d’arbre.
          <lb/>Fol. 2-12 non ch.: Index.
          <lb/>Fol. 13 non ch.: (Bande d’ornement.) Martinus Buce-I rus Chri¬
          <lb/>stiano! Lectori...
          <lb/>Fol. 113: (Bande d&amp;#x27;ornement.) Prae- fatio Martini Lutheri In
          <lb/>Epistolam Divi Petri posteriorem.
          <lb/>951
        </p>
      </div>
    </body>
  </text>
</TEI>
