<?xml version='1.0' encoding='UTF-8'?>
<?xml-model href="https://raw.githubusercontent.com/OpenITI/tei_openiti/master/tei_openiti.rng" type="application/xml" schematypens="http://relaxng.org/ns/structure/1.0"?>
<?xml-model href="https://raw.githubusercontent.com/OpenITI/tei_openiti/master/tei_openiti.rng" type="application/xml" schematypens="http://purl.oclc.org/dsdl/schematron"?>
<TEI xmlns="http://www.tei-c.org/ns/1.0">
  <teiHeader>
    <fileDesc>
      <titleStmt>
        <title/>
      </titleStmt>
      <publicationStmt>
        <p/>
      </publicationStmt>
      <sourceDesc>
        <p/>
      </sourceDesc>
    </fileDesc>
    <profileDesc>
      <calendarDesc>
        <calendar xml:id="ah">
          <p>Anno Hegirae</p>
        </calendar>
      </calendarDesc>
    </profileDesc>
    <xenoData xml:space="preserve">
CREATED: 2024-04-15T09:07:47.030155+00:00
CREATED BY: eScriptorium vpassthistobuildcmd
IMAGE FILENAME: A121078155.tif
IMAGE WIDTH: 2306
IMAGE HEIGHT: 3848
</xenoData>
  </teiHeader>
  <text>
    <body>
      <div>
        <p>
          <lb/>Au verso du titre: Hleronymiana: Augu stianaque pudicorum poe¬
          <lb/>matum commen datio: Impudicorum vero miranda castigatio : ab eru¬
          <lb/>dito viro doctore Thoma Murner Argentinensi. in al- ma universitate
          <lb/>Friburgensi: &amp;amp; in prophanos! poetas edita. Au-dessous 3 dist. de Beatus
          <lb/>Rhenanus.
          <lb/>Muint Mourm argeutint
          <lb/>mauinia minn sat Zhrucbat
          <lb/>calard Cracouiensis Ed rempublica Argentind̃ Mermaniz
          <lb/>noua Dratio eiusdem ad capiculũ puincie supior Hiematte
          <lb/>in Ecclesia maiori ciuiratl Solodorensis porata¬
          <lb/>VE
          <lb/>Ou
          <lb/>2
          <lb/>1041
          <lb/>—
          <lb/>219
          <lb/>R65
          <lb/>(Voir n° 1692)
        </p>
      </div>
    </body>
  </text>
</TEI>
