<?xml version='1.0' encoding='UTF-8'?>
<?xml-model href="https://raw.githubusercontent.com/OpenITI/tei_openiti/master/tei_openiti.rng" type="application/xml" schematypens="http://relaxng.org/ns/structure/1.0"?>
<?xml-model href="https://raw.githubusercontent.com/OpenITI/tei_openiti/master/tei_openiti.rng" type="application/xml" schematypens="http://purl.oclc.org/dsdl/schematron"?>
<TEI xmlns="http://www.tei-c.org/ns/1.0">
  <teiHeader>
    <fileDesc>
      <titleStmt>
        <title/>
      </titleStmt>
      <publicationStmt>
        <p/>
      </publicationStmt>
      <sourceDesc>
        <p/>
      </sourceDesc>
    </fileDesc>
    <profileDesc>
      <calendarDesc>
        <calendar xml:id="ah">
          <p>Anno Hegirae</p>
        </calendar>
      </calendarDesc>
    </profileDesc>
    <xenoData xml:space="preserve">
CREATED: 2024-04-15T09:07:43.396019+00:00
CREATED BY: eScriptorium vpassthistobuildcmd
IMAGE FILENAME: A121078031.tif
IMAGE WIDTH: 2360
IMAGE HEIGHT: 3836
</xenoData>
  </teiHeader>
  <text>
    <body>
      <div>
        <p>
          <lb/>geborne Fürstin, fraw Sy- billa, Hertzogin zû Sachsen,
          <lb/>&amp;amp;c. Durch Wenceslaum Linck- en von Colditz, Doctor.
          <lb/>Jnhalt dises büchlins, folget an dem umbgewendten
          <lb/>blatt. An. M. D. XXXIX.
          <lb/>A la fin: Getruckt zâ Straszburg, Jn dem jar als man
          <lb/>zalt nach der geburt unsers Herrn M. D. XXXIX.
          <lb/>In-4°, car. goth., 77 ff. non ch., sign. A-S, réclames, notes marg.,
          <lb/>initiales.
          <lb/>Fol. A 2a:... frawen Sibylla geborne Hertzo- gin von Jülich Kle¬
          <lb/>ven. &amp;amp;c. Hertzogin zu Sachsen... — Datum Nürenberg den ersten tage
          <lb/>Octo- bris. Anno) M. D. XXXVIII. Wentzeslaus Linck von Colditz,
          <lb/>doctor. (3 pp.)
          <lb/>Fol. 4 3b: Vorrede. (6 pp.)
          <lb/>R102.042. Prov.: Bœr, Francfort s. M. 13/111 1886; 5 M. 40.
          <lb/>Annotations mss.
          <lb/>BM Strasbourg; Oxford, Bibl. Bodleiana.
          <lb/>Cf.: 1) Reindell, Wilhelm: Doctor Wenzeslaus Linck aus Colditz
          <lb/>1483-1547, nach ungedruckten u. gedruckten Quellen dargestellt. I. Teil.
          <lb/>Bis zur reformatorischen Tätigkeit in Altenburg. Mit Bildnis u. einem
          <lb/>Anhang Documenta Linckiana 1485-1522. Marburg, Oscar Ehrhardt
          <lb/>1892. 290 pp. in-80. 2) Werke Links hrg. von Wilh. Reindell, I. Hälfte:
          <lb/>Eigene Schriften bis zur aweiten Nürnberger Wirksamkeit. Marburg,
          <lb/>Oscar Ehrhardt 1894, 357 pp. in 8°. 3) Schottenloher I n° 10663—
          <lb/>10672a.
          <lb/>1368
          <lb/>LINK Wenceslaus
          <lb/>Strasbourg, B. Beck 1543
          <lb/>Das erst teyl des al- ten Testaments.ANnotation
          <lb/>in die! fünff bücher Mosi, durch Do ctor Wentzeszlaum
          <lb/>Lincken, von Colditz. Eyn schöne Vorred, Doctoris
          <lb/>Martini Lutheri.An den Churfürsten zû Sachsen, vnd
          <lb/>seyner Chur- fürstlichen gnaden, brûdern. M. D. XLIII.
          <lb/>(Verso blanc.)
          <lb/>A la fin: Straszburg, Bey Balthassar Beck. (Verso blanc.)
          <lb/>In-4°, car. goth., 8 ff. non ch., CCXCVI ff. ch., titre courant,
          <lb/>réclames.
          <lb/>Fol. 2a : Vorred D. Martini Lutheri... (5 pp.)
          <lb/>Fol. 4b:... Herrn Johans Frideri-chen Churfürsten, und Herrn
          <lb/>Johans Ernesten, ge- brüdern, Hertzogen zà Sachsen... — Datum Nürn¬
          <lb/>berg, den 20. l Julii, Anno, 1543. (Dédicace de 9 pp.)
          <lb/>R101.152 (1). Prov.: Bibl. Heite, Strasbourg 1871.
          <lb/>1369
          <lb/>LINK Wenzeslaus
          <lb/>Strasbourg, B. Beck 1545
          <lb/>Das ander theyl des alten Testaments. ANnotation
          <lb/>Docto ris Wentzeszlai Linck von Colditz, inn die Histo¬
          <lb/>915.
        </p>
      </div>
    </body>
  </text>
</TEI>
