<?xml version='1.0' encoding='UTF-8'?>
<?xml-model href="https://raw.githubusercontent.com/OpenITI/tei_openiti/master/tei_openiti.rng" type="application/xml" schematypens="http://relaxng.org/ns/structure/1.0"?>
<?xml-model href="https://raw.githubusercontent.com/OpenITI/tei_openiti/master/tei_openiti.rng" type="application/xml" schematypens="http://purl.oclc.org/dsdl/schematron"?>
<TEI xmlns="http://www.tei-c.org/ns/1.0">
  <teiHeader>
    <fileDesc>
      <titleStmt>
        <title/>
      </titleStmt>
      <publicationStmt>
        <p/>
      </publicationStmt>
      <sourceDesc>
        <p/>
      </sourceDesc>
    </fileDesc>
    <profileDesc>
      <calendarDesc>
        <calendar xml:id="ah">
          <p>Anno Hegirae</p>
        </calendar>
      </calendarDesc>
    </profileDesc>
    <xenoData xml:space="preserve">
CREATED: 2024-04-15T09:07:42.665077+00:00
CREATED BY: eScriptorium vpassthistobuildcmd
IMAGE FILENAME: A121078001.tif
IMAGE WIDTH: 2384
IMAGE HEIGHT: 3842
</xenoData>
  </teiHeader>
  <text>
    <body>
      <div>
        <p>
          <lb/>A110
          <lb/>REPERTOIRE BIBLIOGRAPHIQUE DES LIVRES IMPRIMES
          <lb/>EN ALSACE
          <lb/>AUX XVe ET XVIe SIÈCLES
          <lb/>PAR
          <lb/>FR. RITTER
          <lb/>Ire PARTIE : XVe siècle.
          <lb/>Catalogue des Incunables de la Bibliothèque Nationale et
          <lb/>Universitaire de Strasbourg.
          <lb/>IIe PARTIE : XVIe siècle.
          <lb/>Répertoire bibliographique des livres du XVIe s. qui se trou¬
          <lb/>vent à la Bibliothèque Nationale et Universitaire de Strasbourg.
          <lb/>Vol.I :A-D
          <lb/>Vol. II : E.-K
          <lb/>Vol. III : L-R
          <lb/>Vol. IV: S-Z
          <lb/>IIIe PARTIE : XVe siècle.
          <lb/>Catalogue des Incunables ne figurant pas à la Bibliothèque
          <lb/>Nationale et Universitaire de Strasbourg.
          <lb/>IVe PARTIE : XVIe siècle.
          <lb/>Répertoire bibliographique des livres du XVIe s. ne figurant pas
          <lb/>à la Bibliothèque Nationale et Universitaire de Strasbourg.
        </p>
      </div>
    </body>
  </text>
</TEI>
