<?xml version='1.0' encoding='UTF-8'?>
<?xml-model href="https://raw.githubusercontent.com/OpenITI/tei_openiti/master/tei_openiti.rng" type="application/xml" schematypens="http://relaxng.org/ns/structure/1.0"?>
<?xml-model href="https://raw.githubusercontent.com/OpenITI/tei_openiti/master/tei_openiti.rng" type="application/xml" schematypens="http://purl.oclc.org/dsdl/schematron"?>
<TEI xmlns="http://www.tei-c.org/ns/1.0">
  <teiHeader>
    <fileDesc>
      <titleStmt>
        <title/>
      </titleStmt>
      <publicationStmt>
        <p/>
      </publicationStmt>
      <sourceDesc>
        <p/>
      </sourceDesc>
    </fileDesc>
    <profileDesc>
      <calendarDesc>
        <calendar xml:id="ah">
          <p>Anno Hegirae</p>
        </calendar>
      </calendarDesc>
    </profileDesc>
    <xenoData xml:space="preserve">
CREATED: 2024-04-15T09:07:54.354728+00:00
CREATED BY: eScriptorium vpassthistobuildcmd
IMAGE FILENAME: A121078395.tif
IMAGE WIDTH: 2362
IMAGE HEIGHT: 3846
</xenoData>
  </teiHeader>
  <text>
    <body>
      <div>
        <p>
          <lb/>ment se retrouve à chaque page. Portraits d’hommes célèbres du XVIe
          <lb/>siècle, au-dessus de chaque portrait le nom, et au-dessous 4 vers avec
          <lb/>l’année de la mort. (Voir le portrait de Grynaeus, ci-dessous).
          <lb/>Oimon Grrnaus/ber S. Otbrifft 29
          <lb/>Cebrer ju uaset.
          <lb/>1281
          <lb/>iis uu
          <lb/>O3 Seringen m aurn gebomnt
          <lb/>Gut Runstyaud Gottsmort außerforn/
          <lb/>2
          <lb/>Qu lebrn in Ocbuln pil veutsdes Sands
          <lb/>Doch Mafel laist ich mebt beistano.
          <lb/>.Starb im Sar.
          <lb/>1541.
          <lb/>9
          <lb/>fol. 2a non ch..... Herren Johann Anton Tilker geordneten Seckel¬
          <lb/>meister bei der uralten Statt Bern... — Straszburg, den 9. Junii... 1587.
          <lb/>Bernhart Jobin. Préface de 11 pp. dans laquelle il est dit entre autres
          <lb/>que « Hans Holbein und Tobias Stimmer, mein geliebter Gevatter selig»
          <lb/>R. 81
        </p>
      </div>
    </body>
  </text>
</TEI>
