<?xml version='1.0' encoding='UTF-8'?>
<?xml-model href="https://raw.githubusercontent.com/OpenITI/tei_openiti/master/tei_openiti.rng" type="application/xml" schematypens="http://relaxng.org/ns/structure/1.0"?>
<?xml-model href="https://raw.githubusercontent.com/OpenITI/tei_openiti/master/tei_openiti.rng" type="application/xml" schematypens="http://purl.oclc.org/dsdl/schematron"?>
<TEI xmlns="http://www.tei-c.org/ns/1.0">
  <teiHeader>
    <fileDesc>
      <titleStmt>
        <title/>
      </titleStmt>
      <publicationStmt>
        <p/>
      </publicationStmt>
      <sourceDesc>
        <p/>
      </sourceDesc>
    </fileDesc>
    <profileDesc>
      <calendarDesc>
        <calendar xml:id="ah">
          <p>Anno Hegirae</p>
        </calendar>
      </calendarDesc>
    </profileDesc>
    <xenoData xml:space="preserve">
CREATED: 2024-04-15T09:07:49.138711+00:00
CREATED BY: eScriptorium vpassthistobuildcmd
IMAGE FILENAME: A121078232.tif
IMAGE WIDTH: 2304
IMAGE HEIGHT: 3846
</xenoData>
  </teiHeader>
  <text>
    <body>
      <div>
        <p>
          <lb/>1118
          <lb/>niglich. Demnach wir in der erfahrung befinden, Das! die
          <lb/>von unfürdencklichen lahren, allhie vil leydlicher dann
          <lb/>sonsten bey andern Herrschafften, auffgesetzte Zölle, von
          <lb/>allerhand Wahren und Gütern, nicht so auffrichtig und
          <lb/>gebürlich, wie von Recht und billigkeyt wegen wol hette
          <lb/>sein sollen, von menniglich abgericht, Sonder gemeine
          <lb/>Statt in vil weg an ihrem Einkommen darinne vernach¬
          <lb/>theilt und betrogen worden. So haben wir dem selben zu¬
          <lb/>begegnen, mit Rath unserer Freunde der Einundzwentzig,
          <lb/>Erkandt, Gesetzt und verordnet, Auch unserm Hauszherren
          <lb/>im Kauffhausz aufferlegt und bevolhen, desto fleisziger
          <lb/>achtung darauff zugeben, die Handelsleuthe, Frembde und
          <lb/>Heymische, so Zollbare Wahren allher bringen, allhie
          <lb/>kauffen oder verkauffen, oder durchführen wöllen, zube¬
          <lb/>fragen was es für Wahren, und in was preisz dieselbige
          <lb/>verhandlet worden seien... —
          <lb/>Actum &amp;amp; Decretum Mitwoch den achtzehenden De¬
          <lb/>cembris, Anno Fünffzehenhundert Neuntzig und Vier.
          <lb/>(Verso blanc.)
          <lb/>Placard, in-fol., car. goth., 29 lignes, init. ornée W.
          <lb/>R 22 (59). Prov.: Bibl. Heitz, Strasbourg 1871. Au verso blanc:
          <lb/>1732
          <lb/>Kaufhaus Anno 1594.
          <lb/>ORIBASIUS Medicius: De Simplicibus libri quinque. Voir: HIL¬
          <lb/>DEGARDIS: Physica. Strasbourg, J. Schott 1533, p. 123-233.
          <lb/>ORIOL, Pierre. Voir: AUREOLUS Petrus
          <lb/>OROSIUS Paulus
          <lb/>Colmar, Barth. Gruninger 1539
          <lb/>Paulus Orosius.! Chronica unnd beschreybung des
          <lb/>heyligen Pauli Orosii, so er hat gethon in Latin, ausz
          <lb/>bitt! und bevelch, auch eben in der zeit und leben, des
          <lb/>aller Heiligsten Aure-lii Augustini Bischoffs zû Hyppon
          <lb/>in Aphrica, von dem umbkreyszund gelegenheit der
          <lb/>gantzen Welt, so dann in drei teil geteilt, Als nam-! lich
          <lb/>Aphrica, Asia und Europa, mit was Meer und gepürgen
          <lb/>die! umbgeben, auch was darinn von Römern und andern
          <lb/>völckern, von anfang der Weltt, biss auff erbawung der
          <lb/>Statt Rom und dann fortan bisz zû der regierung Honorii
        </p>
      </div>
    </body>
  </text>
</TEI>
