<?xml version='1.0' encoding='UTF-8'?>
<?xml-model href="https://raw.githubusercontent.com/OpenITI/tei_openiti/master/tei_openiti.rng" type="application/xml" schematypens="http://relaxng.org/ns/structure/1.0"?>
<?xml-model href="https://raw.githubusercontent.com/OpenITI/tei_openiti/master/tei_openiti.rng" type="application/xml" schematypens="http://purl.oclc.org/dsdl/schematron"?>
<TEI xmlns="http://www.tei-c.org/ns/1.0">
  <teiHeader>
    <fileDesc>
      <titleStmt>
        <title/>
      </titleStmt>
      <publicationStmt>
        <p/>
      </publicationStmt>
      <sourceDesc>
        <p/>
      </sourceDesc>
    </fileDesc>
    <profileDesc>
      <calendarDesc>
        <calendar xml:id="ah">
          <p>Anno Hegirae</p>
        </calendar>
      </calendarDesc>
    </profileDesc>
    <xenoData xml:space="preserve">
CREATED: 2024-04-15T09:07:54.664376+00:00
CREATED BY: eScriptorium vpassthistobuildcmd
IMAGE FILENAME: A121078403.tif
IMAGE WIDTH: 2376
IMAGE HEIGHT: 3834
</xenoData>
  </teiHeader>
  <text>
    <body>
      <div>
        <p>
          <lb/>1289
          <lb/>RHEGIUS Urbanus
          <lb/>Strasbourg, J. Knobloch, 1527
          <lb/>Die new Leerambs irer Verleg-ung. Durch Ur¬
          <lb/>banum Regi- um be! schri! ben. 1 M. D. XXVII. (Verso
          <lb/>blanc.)
          <lb/>A la fin : Ende der verlegung der Alten!! und Neüwenleer.
          <lb/>Verdeütscht durch!! Henrich Montprot berüffener die I] ner
          <lb/>der kirchen zu Durlach.] Im Iar. M. D. XXVII. (Verso blanc.)
          <lb/>In-8°, car. goth., 52 ff. non ch., sign. a-g, titre courant, réclames, enca¬
          <lb/>drement du titre de J. Knobloch. (H. &amp;amp; B. Planche XI, No 9.)
          <lb/>fol. a 2a : Urban Regius entbeütet einem sei- Il ner freünde, Christum
          <lb/>unser gerechtigkeit. (Préface de 5 pp.)
          <lb/>R. 102.197. Prov. : Don du doyen Buchrucker; Munich, 1871.
          <lb/>Schmidt VII, N° 316 : Bibl. du Consistoire, Colmar.
          <lb/>2011
          <lb/>RHEGIUS Urbanus
          <lb/>Haquenau, H. Secer, 1527
          <lb/>Symbo! li Christianae Fi- dei Anhootc, seu Commenta¬
          <lb/>riolus, ex intimis Scripturae di-vinae sacris depromptus,
          <lb/>sine quo!! ut hactenus latuit, articulorum!! Christianae fidei
          <lb/>germanus intel [] lectus, ita nunc maxime utilis ac!! necessarius
          <lb/>Christianis omnibus. Huic accedunt loci aliquot com¬
          <lb/>munes, quorum est apud omnes!] nunc longe maximus usus,
          <lb/>haud contemnendi. 11 D. Urb. Regio Auc.
          <lb/>A la fin: Haganoae per Ioannem SeceriumAno
          <lb/>M. D. XXVII. [I Mense Augusto. (Verso blanc.)
          <lb/>In-8°, car. ital., 83 ff. ch., 4 ff. non ch. (Index.), titre courant, réclames,
          <lb/>notes marg., init. à fig. F; titre encadré. (H. &amp;amp; B. Planche LXIX, No 3.)
          <lb/>Au verso du titre: Ioannes! Styphelus Pio!! Lectori... — Vuismariae,
          <lb/>ab orbe redempto. Anno. 11 M. D. XXVII. (Préface de 3 pp.)
          <lb/>fol. 3a-6a. Préface de l’auteur.
          <lb/>R. 101.966. Prov. : K. W. Hiersemann, Leipzig, 22/1, 1892; 10 M.
          <lb/>Note mss. au haut du titre: A patre dilectissimo Christiano Woltertorff,
          <lb/>apud Soltwedelienses ad S. Catharinae pastor primus dono datum accepit
          <lb/>Dr Godofredus Wolterstorff apud Soltwedelienses ad S. Mariae minister
          <lb/>1835.
          <lb/>2012
          <lb/>RHEGIUS Urbanus
          <lb/>Strasbourg, J. Frölich, 1538
          <lb/>Ein bedencken der Lü-neburgeschen, Ob einer Oberkeyt!
          <lb/>gezijmmen die widerteüffer, oder andere ketzer, zum! rechten
          <lb/>glauben zu dringen, und so sye! inn der ketzerey beharrend,
          <lb/>der ketze-rey halb, mit dem Schwert zurichten.Durch
          <lb/>D. Urbanum Rhegium.Celle Saxonum. Rom. 13.
          <lb/>M. D. XXXVIII. (Feuille de lierre.)
          <lb/>A la fin : Getruckt zu Straszburg, beyJacob Frölich,
          <lb/>Im Jar, II M. D. XXXVIII. (Verso blanc.)
          <lb/>Au-dessus de l’explicit, portrait d’Urb. Rhegius : Etatis
          <lb/>26 (2).
        </p>
      </div>
    </body>
  </text>
</TEI>
