<?xml version='1.0' encoding='UTF-8'?>
<?xml-model href="https://raw.githubusercontent.com/OpenITI/tei_openiti/master/tei_openiti.rng" type="application/xml" schematypens="http://relaxng.org/ns/structure/1.0"?>
<?xml-model href="https://raw.githubusercontent.com/OpenITI/tei_openiti/master/tei_openiti.rng" type="application/xml" schematypens="http://purl.oclc.org/dsdl/schematron"?>
<TEI xmlns="http://www.tei-c.org/ns/1.0">
  <teiHeader>
    <fileDesc>
      <titleStmt>
        <title/>
      </titleStmt>
      <publicationStmt>
        <p/>
      </publicationStmt>
      <sourceDesc>
        <p/>
      </sourceDesc>
    </fileDesc>
    <profileDesc>
      <calendarDesc>
        <calendar xml:id="ah">
          <p>Anno Hegirae</p>
        </calendar>
      </calendarDesc>
    </profileDesc>
    <xenoData xml:space="preserve">
CREATED: 2024-04-15T09:07:43.637659+00:00
CREATED BY: eScriptorium vpassthistobuildcmd
IMAGE FILENAME: A121078034.tif
IMAGE WIDTH: 2360
IMAGE HEIGHT: 3850
</xenoData>
  </teiHeader>
  <text>
    <body>
      <div>
        <p>
          <lb/>918
          <lb/>LIVIUS Titus
          <lb/>Strasbourg, J. Rihel 1563
          <lb/>Titi Livii von Padua desz Fürtrefflichen Wolberedten
          <lb/>und Hochberühmten Geschichtbe- schreibers Römische
          <lb/>Historien... (Comme dans l’édition de 1562.)
          <lb/>Jetzund auff das newe, gegen dem Lateinischen ! nach
          <lb/>notturffte verglichen, und zu gutter massen ge- bessert,
          <lb/>mit angehenctem Register. Mit Röm. Key. Mai. Freiheyt
          <lb/>auff Acht Jar.
          <lb/>Getruckt zu Straszburgim Jar M. D. LXIII, (Verso
          <lb/>blanc.)
          <lb/>A la fin: Getruckt zû Straszburg,) durch Josiam Rihel
          <lb/>und Sa- muel Emmel, im Jar M. D. LXII. (!)
          <lb/>In-fol., car. goth., 18 ff. non ch., CCCOXVI ff. ch. pour les 3 pre¬
          <lb/>mières parties, LXXXVI ff. pour la 4e partie et 1 f. blanc avec l’ex¬
          <lb/>plicit au recto. Réimpression de l’édition de 1562 avec même préface,
          <lb/>table, initiales, gravures et bandes d’ornement. Le f. de l&amp;#x27;explicit avec
          <lb/>la date 1562 est probablement de l’édition 1562.
          <lb/>R 10.493. Prov. : Théod. Ackermann, Munich (Cat., 93 n° 557)
          <lb/>2T/IV 1883, 12M. Ex-libris: Ex Electorali Bibliotheca Sereniss. Utrius¬
          <lb/>que Bavariae Ducum. Annotat, mss., au bas du titre:,Sum Joan. Klein
          <lb/>Pastoris in Waldkirchen.&amp;quot; Rel. anc. avec la date 1576.
          <lb/>1374
          <lb/>LIVIUS Titus
          <lb/>Strasbourg, Th. Rihel 1574
          <lb/>Titus Liuius, VndLucius Florus, Von Ankunfft
          <lb/>vnnd Vrsprung des Römischen Reichs, der alten Römer
          <lb/>herkom men, Sitten, Weiszheyt, Ehrbarkeyt, löblichem
          <lb/>Regi- ment, Ritterlichen Thaten, Victori vnnd Sig, gegen
          <lb/>jhren Feinden: Auch von allerley Händeln vnd Geschich¬
          <lb/>ten, so sich in Frid vnd Krieg, zu Rom, in Italia, vnd bei
          <lb/>andern Nationen, damit die Römer jeder zeit zu thuen
          <lb/>gehabt, fast innerhalb achthundert jaren, von Erbawung
          <lb/>der Statt an, Erstlich vnter der Könige, vnnd volgends
          <lb/>vnter der Rathesmaister Regiment, bisz auff der! ersten
          <lb/>Römischen Keyser Regierung, ver-loffen vnd zugetragen.
          <lb/>Jetzund auff dasz newe ausz dem Latein ver- teutscht,
          <lb/>vnd mit ordenlicher verzeychnisz der fürnemsten Histo¬
          <lb/>rien, Jarrechnung, kurtzer Liuischen Chronica, Re gister,
          <lb/>vnd schönen Figuren geziert, deszgleichen vor ] hin im
          <lb/>Truck nie auszgangen.Mit Römischer Keys. Maiest. Frey¬
          <lb/>heyt.
        </p>
      </div>
    </body>
  </text>
</TEI>
