<?xml version='1.0' encoding='UTF-8'?>
<?xml-model href="https://raw.githubusercontent.com/OpenITI/tei_openiti/master/tei_openiti.rng" type="application/xml" schematypens="http://relaxng.org/ns/structure/1.0"?>
<?xml-model href="https://raw.githubusercontent.com/OpenITI/tei_openiti/master/tei_openiti.rng" type="application/xml" schematypens="http://purl.oclc.org/dsdl/schematron"?>
<TEI xmlns="http://www.tei-c.org/ns/1.0">
  <teiHeader>
    <fileDesc>
      <titleStmt>
        <title/>
      </titleStmt>
      <publicationStmt>
        <p/>
      </publicationStmt>
      <sourceDesc>
        <p/>
      </sourceDesc>
    </fileDesc>
    <profileDesc>
      <calendarDesc>
        <calendar xml:id="ah">
          <p>Anno Hegirae</p>
        </calendar>
      </calendarDesc>
    </profileDesc>
    <xenoData xml:space="preserve">
CREATED: 2024-04-15T09:07:48.378486+00:00
CREATED BY: eScriptorium vpassthistobuildcmd
IMAGE FILENAME: A121078205.tif
IMAGE WIDTH: 2302
IMAGE HEIGHT: 3846
</xenoData>
  </teiHeader>
  <text>
    <body>
      <div>
        <p>
          <lb/>hüsern zù betteln oder heischen, Sunder den Armen in¬
          <lb/>wonern ein wuchenlich sture noch erheyschung irer! not¬
          <lb/>turfft zû geschickt unnd gegeben... werden sollent.... —
          <lb/>(Verso blanc.)
          <lb/>Placard, in-fol., car. goth., 59 lignes, init. ornée K.
          <lb/>R 22 (52). Prov.: Bibl. Heitz, Strasbourg 1871.
          <lb/>1682
          <lb/>ORDONNANCE
          <lb/>Strasbourg 1523
          <lb/>WIr Egenolff Röder von Diernsperg (!), der Meister und
          <lb/>der Rhat zû Straszburg, Thûn allen und veden unsern
          <lb/>Burgern...!... Nach dem sich ein zeyt har zwischen etli¬
          <lb/>chen ausz der Priesterschafft, auch etlichen weltlichen per¬
          <lb/>sonen, In unser Statt Straszburg und Oberkeit, vielerley
          <lb/>reden, reytz und schmähe wort, so durch die Predicanten
          <lb/>und Lyppriester uff den Cantzeln, der Stifft pfarren unnd
          <lb/>Klöstern, auch volgende under der Gemeyn begeben haben...
          <lb/>Gebieten und wöllen, Nemlich das Ir unnd alle die,
          <lb/>so sich Predigens, in unser Statt und Oberkeit, under¬
          <lb/>ziehen und gebruchen, uff allen Cantzeln, nichts anders,
          <lb/>dann das heylig Evangelium, und die! leer Gottes... ver¬
          <lb/>künden wölt, Unnd ander Stempenyen, dem heyligen Christ¬
          <lb/>lichen glauben ungemesz, Auch alle Reytz unnd schmähe
          <lb/>wort,...!... Euch gentzlich enthalt... — Erkant amZins¬
          <lb/>tag den ersten Decembris. Anno. 1523. (Verso blanc.)
          <lb/>Placard, in-4°, car. goth., 24 lignes, init, ornée W.
          <lb/>R 22 (62). Prov.: Bibl. Heitz, Strasbourg 1871.
          <lb/>Diernsperg faute d’impression pour Diersperg. Les Rœder de Diers¬
          <lb/>bourg ou Tiersperg, originaires de l’Ortenau, sont arrivés en Alsace au
          <lb/>15ème siècle. Egenolf fut nominé stettmeister en 1518; il fut le premier
          <lb/>des Diersbourg qui occupa cette importante charge.
          <lb/>1683
          <lb/>1091
          <lb/>ORDONNANCE
          <lb/>Strasbourg 1524
          <lb/>WIr Peter Elhart der Meister und der Rhat zû Strasz¬
          <lb/>burg. Thûn kunth. Nach dem bitzhar die schmach, und
          <lb/>lasterbüchlin, und ge- schrifften, dergleychen, solcher ge¬
          <lb/>stalt die gemälsz, sich vilfaltiger wyse, zûgetragen, und
          <lb/>zûwider göttlicher, natürlicher, auch gemeyner und ge¬
          <lb/>schribner satzung, Und in sunderheit entgegen K. M. unsers
          <lb/>aller gnedigsten Herrn, jüngst auszgangnen Mandat, gedicht,
          <lb/>getruckt, ge malt, und offentlich feyl gehabt und verkaufft
          <lb/>worden synd. Dem selbigen fürther vorzûseyn, und den
        </p>
      </div>
    </body>
  </text>
</TEI>
