<?xml version='1.0' encoding='UTF-8'?>
<?xml-model href="https://raw.githubusercontent.com/OpenITI/tei_openiti/master/tei_openiti.rng" type="application/xml" schematypens="http://relaxng.org/ns/structure/1.0"?>
<?xml-model href="https://raw.githubusercontent.com/OpenITI/tei_openiti/master/tei_openiti.rng" type="application/xml" schematypens="http://purl.oclc.org/dsdl/schematron"?>
<TEI xmlns="http://www.tei-c.org/ns/1.0">
  <teiHeader>
    <fileDesc>
      <titleStmt>
        <title/>
      </titleStmt>
      <publicationStmt>
        <p/>
      </publicationStmt>
      <sourceDesc>
        <p/>
      </sourceDesc>
    </fileDesc>
    <profileDesc>
      <calendarDesc>
        <calendar xml:id="ah">
          <p>Anno Hegirae</p>
        </calendar>
      </calendarDesc>
    </profileDesc>
    <xenoData xml:space="preserve">
CREATED: 2024-04-15T09:07:43.298649+00:00
CREATED BY: eScriptorium vpassthistobuildcmd
IMAGE FILENAME: A121078026.tif
IMAGE WIDTH: 2366
IMAGE HEIGHT: 3850
</xenoData>
  </teiHeader>
  <text>
    <body>
      <div>
        <p>
          <lb/>910
          <lb/>In-fol,, car. goth., 6 ff. non ch., 643 pp. ch., 18 ff. non ch. à 2 col.
          <lb/>(Index), titre courant, réclames, notes marg., init, goth., titre rouge et
          <lb/>noir; réimpression de l’édition de 1579 avec quelques nouvelles gravures.
          <lb/>Préface, vers allemands et portrait de Sebitz comme dans l’édition de 1579.
          <lb/>R 10.390. Prov.: Bœr, Francfort s. M. 13/V 1879; 25 M.
          <lb/>Au bas du titre: «Freiherr von Rehling. Rentenverwaltung Hain¬
          <lb/>hofen», à côté note ms.: «Liebhalte de st. Ange 1752. 24 fr.» A la cou¬
          <lb/>verture extérieure, en haut les lettres I. I. A. S., au bas 1582.
          <lb/>Andresen III p. 488 n° 162. Bœr, Francfort s. M., Catal, 500
          <lb/>1356
          <lb/>(1907) n° 1281; 60 M. et n° 1282; 45 M.
          <lb/>LIBALTUS Johannes
          <lb/>Strasbourg, B. Jobin 1592
          <lb/>XV. Bücher Von dem Feld- baw und recht volkom¬
          <lb/>mener Wolbestellung eines bekömmli-chen Landsitzes,
          <lb/>unnd geschicklich angeordneten Meierhofs oder Landguts,
          <lb/>Sampt allem, was dem- selben Nutzes und Lusts halben
          <lb/>anhängig. Deren etliche vorlängst von Carolo Ste-phano
          <lb/>und Joh. Libalto, Frantzösisch vorkommen. Welche nach¬
          <lb/>gehends ihres fürtrefflichen Nutzes halben, gemei-nem
          <lb/>Vatter Land zu frommen, theyls vom Hochgelehrten Herrn
          <lb/>Melchio-re Sebizio, der Artzney Doctore, theyls ausz
          <lb/>letsten Libaltischen zu setzen durch nachgemelten inn
          <lb/>Teutsch ge- bracht seind.! Etliche aber an jetzo auffs
          <lb/>New, erstlich ausz dem Frantzösischen letstmahls ernewer¬
          <lb/>tem und gemehrtem Exem- plar, So dann, ausz desz Herrn
          <lb/>Doctoris Georgii Marii Publicirter Gar- tenkunst, und
          <lb/>fortter, des Herrn Joh. Fischarti I. V. D. Colligirten Feld¬
          <lb/>bawrechten und Landsitzgerechtigkeiten, &amp;amp;c. zu lust und
          <lb/>lieb dem Teutschen Landmann! hinzu gethan worden.
          <lb/>Getruckt zu Straszburg, bei Bernhart Jobin, 1592.
          <lb/>Mit Röm. Key. May. Freyheit, (Verso blanc.)
          <lb/>In-fol., car. goth., 8 ff. non ch., 773 pp. ch., 22 ff. non ch. à 2 col.
          <lb/>(Index), titre courant, réclames, notes marg., init. goth., titre rouge et
          <lb/>noir, encadré comme les éditions de 1579 et 1580. Gravures: scènes de
          <lb/>la vie champêtre, animaux, chasse au loup etc.
          <lb/>Préface et vers allemands comme dans les éditions précédentes, mais
          <lb/>le portrait de Sebite manque et à sa place il y a des vers allemands:
          <lb/>«Fürtreffliches Lob der Meyerei», au-dessous : «Antwort auff die Reimen
          <lb/>vom Lob des Landlusts. D. G. Marii M. D. warnung.»
          <lb/>Fol. 7a: « Dem guthertzigen Leser, 1 neben erbietung angenemer
          <lb/>Dienst, von ! wegen desz Buchtruckers zu! vernemmen.»
          <lb/>R10.388. Prov.: Nachlass Wackernagel, par Prof. Förstemann,
          <lb/>Dresde 12/XII I8r7, 10M.
          <lb/>BM Strasbourg.
          <lb/>1357
        </p>
      </div>
    </body>
  </text>
</TEI>
