<?xml version='1.0' encoding='UTF-8'?>
<?xml-model href="https://raw.githubusercontent.com/OpenITI/tei_openiti/master/tei_openiti.rng" type="application/xml" schematypens="http://relaxng.org/ns/structure/1.0"?>
<?xml-model href="https://raw.githubusercontent.com/OpenITI/tei_openiti/master/tei_openiti.rng" type="application/xml" schematypens="http://purl.oclc.org/dsdl/schematron"?>
<TEI xmlns="http://www.tei-c.org/ns/1.0">
  <teiHeader>
    <fileDesc>
      <titleStmt>
        <title/>
      </titleStmt>
      <publicationStmt>
        <p/>
      </publicationStmt>
      <sourceDesc>
        <p/>
      </sourceDesc>
    </fileDesc>
    <profileDesc>
      <calendarDesc>
        <calendar xml:id="ah">
          <p>Anno Hegirae</p>
        </calendar>
      </calendarDesc>
    </profileDesc>
    <xenoData xml:space="preserve">
CREATED: 2024-04-15T09:07:44.004719+00:00
CREATED BY: eScriptorium vpassthistobuildcmd
IMAGE FILENAME: A121078046.tif
IMAGE WIDTH: 2348
IMAGE HEIGHT: 3844
</xenoData>
  </teiHeader>
  <text>
    <body>
      <div>
        <p>
          <lb/>930
          <lb/>A la fin: Haganoae per Iohan. Sec. Anno! M. D. XXVII.
          <lb/>Mense Iunio.
          <lb/>In-8°, car. rom., 116 ff. non ch., sign. A-P, titre courant, récla¬
          <lb/>mes, init. à fig.; titre encadré. (Voir ci-dessous.)
          <lb/>*R101495. Prov.: Baer, Francfort s. M. 26/IV 1883, sans indic.
          <lb/>1395
          <lb/>du prix. Notes mss.
          <lb/>2
          <lb/>Y
          <lb/>RIANO
          <lb/>ZΑMOΣATEΩE
          <lb/>MEPOE HPQ
          <lb/>TON
          <lb/>A N
          <lb/>1
          <lb/>SAMOSATEN
          <lb/>SIS PARS
          <lb/>PRIMA¬
          <lb/>Haganoæ, per Iohan .Secer.
          <lb/>Anno M. D. XXVI.
          <lb/>~
          <lb/>(Voir n° 1394)
        </p>
      </div>
    </body>
  </text>
</TEI>
