<?xml version='1.0' encoding='UTF-8'?>
<?xml-model href="https://raw.githubusercontent.com/OpenITI/tei_openiti/master/tei_openiti.rng" type="application/xml" schematypens="http://relaxng.org/ns/structure/1.0"?>
<?xml-model href="https://raw.githubusercontent.com/OpenITI/tei_openiti/master/tei_openiti.rng" type="application/xml" schematypens="http://purl.oclc.org/dsdl/schematron"?>
<TEI xmlns="http://www.tei-c.org/ns/1.0">
  <teiHeader>
    <fileDesc>
      <titleStmt>
        <title/>
      </titleStmt>
      <publicationStmt>
        <p/>
      </publicationStmt>
      <sourceDesc>
        <p/>
      </sourceDesc>
    </fileDesc>
    <profileDesc>
      <calendarDesc>
        <calendar xml:id="ah">
          <p>Anno Hegirae</p>
        </calendar>
      </calendarDesc>
    </profileDesc>
    <xenoData xml:space="preserve">
CREATED: 2024-04-15T09:07:50.837243+00:00
CREATED BY: eScriptorium vpassthistobuildcmd
IMAGE FILENAME: A121078286.tif
IMAGE WIDTH: 2310
IMAGE HEIGHT: 3852
</xenoData>
  </teiHeader>
  <text>
    <body>
      <div>
        <p>
          <lb/>1172
          <lb/>In-fol, car. goth., 2 col., 168 ff. non ch. sign. a–y, titre courant,
          <lb/>init. d’attente. Réimpression presque mot à mot de l’édition de 1502.
          <lb/>R10.353. Prov.: Bœr à C°, Francfort-s.-M. 20/1 1889; 9 M.
          <lb/>Notes mss., au-dessous du titre: Monasterii Weissenaw.
          <lb/>A l&amp;#x27;intérieur du Ier plat, armoiries d’un évêque, en haut les lettres
          <lb/>BAZW.
          <lb/>BN Paris, Rés. D 2256, Proctor II Sectio I n° 11627: Londres,
          <lb/>1827
          <lb/>British Museum.
          <lb/>PELBARTUS DE THEMESWAR
          <lb/>Haguenau, H. Gran 1506
          <lb/>Sermones dominicales peruti! les a quodam fratre hun¬
          <lb/>garo ordinis Minorum de obser vantia comportati Biga
          <lb/>salutis! intitulati feliciter incipiunt. (Verso blanc.)
          <lb/>A la fin : Sermones dominicales... impensis quoque et
          <lb/>sumptibus providi viri Joannis rynman de Oringawe.
          <lb/>per industrium Henricum Gran in Im periali oppido Ha¬
          <lb/>genaw inibi inco lam diligentissime emendateque impressi
          <lb/>Finiunt feliciter Anno ab incarnatione domini 1506. Die
          <lb/>vero X. Septembris. (Verso blanc.)
          <lb/>In-40, car. goth., 2 col., 124 sermons, 438 ff. non ch., sign. a–2,
          <lb/>A- Z, aa–hh, titre courant, init, d’attente. Fol, 2 non ch. : Prologus.
          <lb/>Réimpression de l’édition 1502.
          <lb/>R101420. Prov.: Kende, Vienne 29/x 1896; 5 M. Au f. du
          <lb/>titre :, Hunc librum dono accepi a Rmo domino Maximo Abbate in Rott.
          <lb/>ad perpetuam piam memoriam A. 1596.&amp;quot;
          <lb/>1828
          <lb/>PELBARTUS DE THEMESWAR
          <lb/>Strasbourg, J. Knobloch 1506
          <lb/>Sermones Quadragesimales Pomerii fratris Pelbarti
          <lb/>de! Themeswar divi ordinis sancti! Francisci. (Verso blanc.)
          <lb/>A la fin: Sermones tripartiti Quadragesimales... impressi¬
          <lb/>que ac di ligenter emendati Argen, per providum et in¬
          <lb/>dustriosum! virum magistrum Joannem Knoblouch: equa¬
          <lb/>libus expensis et sumptibus docti viri Joannis de Raves¬
          <lb/>berch Coloniensis finiunt feliciter Anno ab incar¬ natione
          <lb/>domini. Millesimo quingentesimo sexto. XX. die mensis
          <lb/>Martii.
          <lb/>In-fol., car. goth., 2 col., 96 ff. non ch. dont le dernier blanc, sign.
          <lb/>a—q, titre courant, init. d’attente.
          <lb/>Au verso du dernier f., après l’explicit: Ringmannus Philesius
          <lb/>Vogesigena) ad Lec. (10 dist.)
        </p>
      </div>
    </body>
  </text>
</TEI>
