<?xml version='1.0' encoding='UTF-8'?>
<?xml-model href="https://raw.githubusercontent.com/OpenITI/tei_openiti/master/tei_openiti.rng" type="application/xml" schematypens="http://relaxng.org/ns/structure/1.0"?>
<?xml-model href="https://raw.githubusercontent.com/OpenITI/tei_openiti/master/tei_openiti.rng" type="application/xml" schematypens="http://purl.oclc.org/dsdl/schematron"?>
<TEI xmlns="http://www.tei-c.org/ns/1.0">
  <teiHeader>
    <fileDesc>
      <titleStmt>
        <title/>
      </titleStmt>
      <publicationStmt>
        <p/>
      </publicationStmt>
      <sourceDesc>
        <p/>
      </sourceDesc>
    </fileDesc>
    <profileDesc>
      <calendarDesc>
        <calendar xml:id="ah">
          <p>Anno Hegirae</p>
        </calendar>
      </calendarDesc>
    </profileDesc>
    <xenoData xml:space="preserve">
CREATED: 2024-04-15T09:07:43.378686+00:00
CREATED BY: eScriptorium vpassthistobuildcmd
IMAGE FILENAME: A121078030.tif
IMAGE WIDTH: 2360
IMAGE HEIGHT: 3836
</xenoData>
  </teiHeader>
  <text>
    <body>
      <div>
        <p>
          <lb/>914
          <lb/>cum de profundis, &amp;amp; libera me Domine responsoriirt
          <lb/>durch Nach- folgende Colloquenten. Bischoff: Cardinal.
          <lb/>Jesuiter: Chor. Priester.Bischoffs Bawer: Landt Bawr.
          <lb/>Jm Thon, Jch Stund an einem Morgen. (Vign.)
          <lb/>Gedruckt im Jahr, M. D. XCH. (Verso blanc.)
          <lb/>24 strophes à 7 vers.
          <lb/>In-80, car. goth., 8 ff. non ch. dont le dernier blanc, réclames,
          <lb/>R102.261. Prov.: Bibl. Heitz, Strasbourg 1871.
          <lb/>BN Strasbourg.
          <lb/>1365
          <lb/>LIED
          <lb/>[Strasbourg) 1592
          <lb/>Ein schön New Lied, an alle STraszbur-gische
          <lb/>Reutter unnd Knechte, ausz! trewem Teutschen Hertzen
          <lb/>an sie ge- stellt: In jetzigem Kriegswesen kurtzweilig zu
          <lb/>singen. Jm Thon, Wolauff jhr Landsknecht alle, &amp;amp;8...
          <lb/>(Gravure sur bois.)
          <lb/>In-8°, car. goth., 7 ff. non ch., sign. A, réclames; 27 strophes
          <lb/>à 4 vers.
          <lb/>R102.260. Prov.: Bibl. Heitz, Strasbourg 1871.
          <lb/>1366
          <lb/>[Strasbourg] 1593
          <lb/>Ein New Lied, Von dem Elsasz- sischen Krieg, und
          <lb/>was dardurch gesucht und under- standen würt.! Allen
          <lb/>Geistlichen unnd Weltlichen! Frommen Teutschen zu
          <lb/>trewer warnung gesungen. Jm thon, Jch hab mein
          <lb/>Sach Gott heimgestellt, &amp;amp;c. (Vign.)
          <lb/>Gedruckt im Jahr, M. D. LXXXXIII. (Verso blanc.)
          <lb/>In-8°, car. goth., 7 ff. non ch., sign. A, réclames, 42 strophes à
          <lb/>5 vers.
          <lb/>R102.259. Prov.: Bibl. Heitz, Strasbourg 1871.
          <lb/>1367
          <lb/>LILIUS Gregorius Ziraldus, Voir: ZIRALDUS Lilius Gregorius
          <lb/>LILLY William. Voir: ERASMUS: De constructione octo partium
          <lb/>orationis. Raguenau 1522 (n° 760) et Strasbourg 1523 (n° 766).
          <lb/>LINK Wenceslaus
          <lb/>Strasbourg 1539
          <lb/>Bapsts gepreng ausz dem Cerimo- nien Bûch.! Auch
          <lb/>etliche Cerimonien der Bischoffe, ausz ihrem Pontifical
          <lb/>seer fleissig gezogen.A die Durchleuchtigste Hoch
          <lb/>LIED
        </p>
      </div>
    </body>
  </text>
</TEI>
