<?xml version='1.0' encoding='UTF-8'?>
<?xml-model href="https://raw.githubusercontent.com/OpenITI/tei_openiti/master/tei_openiti.rng" type="application/xml" schematypens="http://relaxng.org/ns/structure/1.0"?>
<?xml-model href="https://raw.githubusercontent.com/OpenITI/tei_openiti/master/tei_openiti.rng" type="application/xml" schematypens="http://purl.oclc.org/dsdl/schematron"?>
<TEI xmlns="http://www.tei-c.org/ns/1.0">
  <teiHeader>
    <fileDesc>
      <titleStmt>
        <title/>
      </titleStmt>
      <publicationStmt>
        <p/>
      </publicationStmt>
      <sourceDesc>
        <p/>
      </sourceDesc>
    </fileDesc>
    <profileDesc>
      <calendarDesc>
        <calendar xml:id="ah">
          <p>Anno Hegirae</p>
        </calendar>
      </calendarDesc>
    </profileDesc>
    <xenoData xml:space="preserve">
CREATED: 2024-04-15T09:07:49.456398+00:00
CREATED BY: eScriptorium vpassthistobuildcmd
IMAGE FILENAME: A121078241.tif
IMAGE WIDTH: 2306
IMAGE HEIGHT: 3844
</xenoData>
  </teiHeader>
  <text>
    <body>
      <div>
        <p>
          <lb/>In-4°, car, rom., 8 ff. non ch., CCXXV ff. ch., 9 ff. non ch. pour
          <lb/>la Vita; titre encadré se composant de 4 pièces juxtaposées, la pièce
          <lb/>d&amp;#x27;en haut : ornements; les pièces latérales : colonne sur laquelle grimpe
          <lb/>un enfant; la pièce en bas: un roi porté en triomphe, ornement qui
          <lb/>se trouve aussi chez Martin Flach; tître courant, quelques notes marg.,
          <lb/>init, ornées.
          <lb/>R101737. Prov.: Bœr, Francfort-s.-M. 7/1 1880, 18 M.
          <lb/>Schmidt VII n° 179: Jadis Bibl, de Strasbourg Incun, n° 3606.
          <lb/>1746
          <lb/>OVIDIUS
          <lb/>Strasbourg, J. Knobloch 1522
          <lb/>P. OVIDHI) NASONIS META- MORPHOSEON LIBRI XV. In¬
          <lb/>dex repertorius omnium Fa- bularum, ad numerum char¬
          <lb/>tarum, et seriem Al- phabeti.
          <lb/>A la fin: Argentinae in aedibus Ioannis Knoblou- chi,
          <lb/>Mense Maio, Anno M. D. XXII.
          <lb/>In-80, car. ital, 254 ff. ch., 1 f. blanc et 13 ff. non ch. (table),
          <lb/>Au verso du dernier f. blanc marque typ. de J. Knobloch (HEB
          <lb/>Planche IX n° 2; Silvestre n° 635); titre encadré (He B Planche
          <lb/>X n° 5), titre courant, réclames, init. ornées.
          <lb/>R101738. Prov.: E. Freiesleben, Strasbourg 4/IV 1879; sans
          <lb/>indic. de prix. Appartenait autrefois au couvent de Roggenbourg, dont
          <lb/>le timbre se trouve au f. du titre.
          <lb/>Schmidt VII n° 235.
          <lb/>1747
          <lb/>OVIDIUS
          <lb/>Strasbourg, J. Knobloch 1525
          <lb/>P. OVIDH! NASONIS META-IMORPHOSEON LIBRI XV. INDEX
          <lb/>repertorius omnium Fa bularum, ad numerum char¬ tarum,
          <lb/>&amp;amp; seriem Al- phabeti.
          <lb/>A la fin: Argentorati excudebat loannes Knoblo- chus,
          <lb/>Mense Iulio, Anno! M. D. XXV.
          <lb/>In-8°, car. ital., 254 ff. ch., 1 f. blanc, 12 ff. non ch. (table) et
          <lb/>1 f. blanc, titre courant, réclames, init. ornées; titre encadré. (Voir
          <lb/>n° 327.)
          <lb/>Au verso du titre: Libro. I. de tristibus. (3 dist.); au-dessous:
          <lb/>Item Libro. IlI. (3 dist.)
          <lb/>R102.105 (2). Prov.: E. Freiesleben, Strasbourg 7/VI 1879;
          <lb/>IM. A l&amp;#x27;extérieur de la couverture ex-libris doré de I. Gomez de la
          <lb/>Cortina avec armoiries et couronne, entouré de l&amp;#x27;inscription suivante:
          <lb/>en haut : I. Gomez de la Cortina et amicorum; en bas : Fallitur hora
          <lb/>legendo; le même ex-libris à l&amp;#x27;intérieur de la couverture, mais beaucoup
          <lb/>plus petit.
          <lb/>Schmidt VII n° 295, dont le renvoi de l&amp;#x27;encadrement au n° 226 ne
          <lb/>concorde pas entièrement avec l’encadrement de mon exemplaire. 1748
          <lb/>1127
        </p>
      </div>
    </body>
  </text>
</TEI>
