<?xml version='1.0' encoding='UTF-8'?>
<?xml-model href="https://raw.githubusercontent.com/OpenITI/tei_openiti/master/tei_openiti.rng" type="application/xml" schematypens="http://relaxng.org/ns/structure/1.0"?>
<?xml-model href="https://raw.githubusercontent.com/OpenITI/tei_openiti/master/tei_openiti.rng" type="application/xml" schematypens="http://purl.oclc.org/dsdl/schematron"?>
<TEI xmlns="http://www.tei-c.org/ns/1.0">
  <teiHeader>
    <fileDesc>
      <titleStmt>
        <title/>
      </titleStmt>
      <publicationStmt>
        <p/>
      </publicationStmt>
      <sourceDesc>
        <p/>
      </sourceDesc>
    </fileDesc>
    <profileDesc>
      <calendarDesc>
        <calendar xml:id="ah">
          <p>Anno Hegirae</p>
        </calendar>
      </calendarDesc>
    </profileDesc>
    <xenoData xml:space="preserve">
CREATED: 2024-04-15T09:07:44.825913+00:00
CREATED BY: eScriptorium vpassthistobuildcmd
IMAGE FILENAME: A121078075.tif
IMAGE WIDTH: 2324
IMAGE HEIGHT: 3846
</xenoData>
  </teiHeader>
  <text>
    <body>
      <div>
        <p>
          <lb/>A la fin: ARGENTORATI APVD IOHAN.Albertum, Anno,
          <lb/>M. D. XXXVI.
          <lb/>In-8°, car. ital., les titres en car, rom., 8 ff. non ch., 174 pp.,
          <lb/>1 fol. blanc avec la marque typ. de J. Albrecht au vers (HdB Planche
          <lb/>XXV n° 2 en bas; Silvestre n° 1116), titre courant, récl., init. à fig.
          <lb/>Au verso du titre: Pio Lectori salutem... (4 pp.) Suivent 11 pp.
          <lb/>d’Index.
          <lb/>*R101159. Prov.: Bibl. du Prof. Baum 1879; sans indic. de
          <lb/>1446
          <lb/>prix. Notes mss.
          <lb/>LUTHER Martin
          <lb/>Strasbourg, Cr. Mylius 1539
          <lb/>ENARRATIO PSALMORVM LI. MISE-rere mei Deus, &amp;amp;
          <lb/>CXXX. De profundis cla- mavi. PER D. MART. LVTHE¬
          <lb/>RVMNunc denuo in lucem edita. ADIECTA EST ETIAM
          <lb/>SAvo- narolae Meditatio in Psal- mum Ll. (Marque typ. de
          <lb/>Crato Mylius. HEB Planche XXVII n° 5; Silvestre n° 1264.)
          <lb/>Au-dessous: M. D. XXXIX, (Verso blanc.)
          <lb/>A la fin: ARGENTORATI APVD CRA- TONEM MYLIVM, AN.
          <lb/>M. D. XXXIX.NON. MAH. (Feuille de lierre.)
          <lb/>Au verso du dernier f. blanc: Marque typ. (HeB Planche XXVII
          <lb/>n° 6.)
          <lb/>In-80, car. ital., 308 pp. ch. — 2 ff. non ch., titre courant, récla¬
          <lb/>mes, init. ornées.
          <lb/>Fol. 3 : Bernardo &amp;amp; Hieronymo Baumgartneris, germanis fratribus,
          <lb/>Patriciis et Senatoribus Reipub. Noribergensis, Vitus Dietrich S. D.... —
          <lb/>Ex domo Sebaldina M. D. XXXVIII.
          <lb/>R100.842. Prov.: Trubner, Strasbourg 18/XI 1882, 7 M. Anno¬
          <lb/>tations mss. Au milieu du titre: Biblioth. FF. Min. in Monte Masiceno
          <lb/>Fulda.
          <lb/>1447
          <lb/>961
          <lb/>LUTHER Martin
          <lb/>Strasbourg, Cr. Mylius 1540
          <lb/>IN QVIN ! DECIM PSALMOS GRADVVM COMMENTA-rii, ex
          <lb/>praelectionibus D. Martini! Lutheri, summa fide collecti.
          <lb/>Marque typ. de Crato Mylius. (HRB Planche XXVII n0 5; Silvestre
          <lb/>n° 1264.) Des deux côtés: CRAT. MYL., en bas: M. D. XL. (Verso
          <lb/>blanc.)
          <lb/>A la fin: Finiit Lutherus Psalmos Graduum! Vuitten¬
          <lb/>bergae, anno Domini 1533. die Octobris 27, Descripti
          <lb/>autem sunt Noribergae, &amp;amp; finiti anno 1540. die lanua¬
          <lb/>rii! 26.
          <lb/>R 61
        </p>
      </div>
    </body>
  </text>
</TEI>
