<?xml version='1.0' encoding='UTF-8'?>
<?xml-model href="https://raw.githubusercontent.com/OpenITI/tei_openiti/master/tei_openiti.rng" type="application/xml" schematypens="http://relaxng.org/ns/structure/1.0"?>
<?xml-model href="https://raw.githubusercontent.com/OpenITI/tei_openiti/master/tei_openiti.rng" type="application/xml" schematypens="http://purl.oclc.org/dsdl/schematron"?>
<TEI xmlns="http://www.tei-c.org/ns/1.0">
  <teiHeader>
    <fileDesc>
      <titleStmt>
        <title/>
      </titleStmt>
      <publicationStmt>
        <p/>
      </publicationStmt>
      <sourceDesc>
        <p/>
      </sourceDesc>
    </fileDesc>
    <profileDesc>
      <calendarDesc>
        <calendar xml:id="ah">
          <p>Anno Hegirae</p>
        </calendar>
      </calendarDesc>
    </profileDesc>
    <xenoData xml:space="preserve">
CREATED: 2024-04-15T09:07:53.833532+00:00
CREATED BY: eScriptorium vpassthistobuildcmd
IMAGE FILENAME: A121078374.tif
IMAGE WIDTH: 2348
IMAGE HEIGHT: 3846
</xenoData>
  </teiHeader>
  <text>
    <body>
      <div>
        <p>
          <lb/>1260
          <lb/>RAMPIGOLLIS Antonius de
          <lb/>Strasbourg, M. Schurer 1509
          <lb/>Biblia aurea cum suis histo riis necnon exemplis
          <lb/>veteris atque novi instrumenti. (Verso blanc.)
          <lb/>A la fin: Ex edibus Mat-thie Schürerii; mense Augu¬
          <lb/>sto Anno Millesimo quin- gentesimonono: Argentoraci.
          <lb/>pour CXX), titre courant, init. d’attente. Fol. I et IIa. tabula. (3 pp).
          <lb/>In-4°, car. goth., 2 col., CXXII ff. ch. (CXXI, 2 fois, la tère fois
          <lb/>Fol. IIb: Prologus. Religiosis atque... fra- tribus studentibus
          <lb/>Neapolim : Conventus ordinis fratrum! Heremitarum sancti Augustini.
          <lb/>Frater Antonius Rampi! gollus ordinis memorati: Salutem &amp;amp;c.... (1 p.)
          <lb/>*R 100.708. Prov. inconnue.
          <lb/>2ème ex. *R102.049. Prov.: BN Munich S/IV 1878. Quelques
          <lb/>notes mss. dans le texte.
          <lb/>Répertoire VIII n° 24: BM et Bibl. St-Guillaume, Strasbourg et Jadis
          <lb/>Proctor II Sectio I n° 10171: Londres, British Museum; Schmidt,
          <lb/>Bibl. de Strasbourg, incun. n° 4000; Walter: Sélestat n° 787; Ritter, Catal.
          <lb/>BM Strasbourg n° 1777.
          <lb/>1966
          <lb/>RAMPIGOLLIS Antonius de
          <lb/>Strasbourg, J. Knobloch 1516
          <lb/>Figurarum biblie opus conducibile et perutile: Quo¬
          <lb/>niam in eo omnes mate-rie contente: per clarissimum
          <lb/>virum Anthonium de Rampegolis: ordinis sancti Au
          <lb/>gustini in Bibliam studiose applicantur.
          <lb/>Grav, sur bois: La sainte Vierge, assise, donnant le sein à l&amp;#x27;en¬
          <lb/>fant Jésus; de chaque côté deux anges; autour de la grav.: Ave sanc¬
          <lb/>tissima — Maria mater dei Regina celi — Porta paradisi. (Verso blanc.)
          <lb/>A la fin: Figurarum Biblie opus insigne; perquam utile
          <lb/>predicatoribus: curaque pervigili Argen-tine per Joannem
          <lb/>Knoblouch elaboratum Finit Anno domini. M. D. XVI.
          <lb/>Die vero. XVI. Aprilis, (Verso blanc.)
          <lb/>In-80, car. goth., 20 ff. non ch. (titre et table), CCLVI ff. ch.,
          <lb/>titre courant, init. ornées R. E et init. d’attente; titre rouge et noir;
          <lb/>fol. 176b petite grav. sur bois: Le Christ crucifié; au pied de la croix,
          <lb/>sa mère et l’apôtre St. Jean.
          <lb/>R 100.707. Prov, inconnue. Notes mss. A l&amp;#x27;intérieur du Ier plat:
          <lb/>Sum Petri Mussini O. P. 16.45; fol. Ia ch. : Anno Domini 1626
          <lb/>natus sum Bistrici 5 Miliaribus Bruna. Anno domini 1641 accepi
          <lb/>Sacrum habitum O. Pr. a R. D. Domino Lauro Provinciali Boemiae
          <lb/>Brunae die 16 Augusti. Anno domini 1643 emisi Solemnem professionem
          <lb/>pro Conventu Brunensi in manus Patris Ambrosii Sextini eiusdem
          <lb/>Conventus vicarii die 2 februarii. Anno 1643 Accepi quatuor ordines mi¬
          <lb/>nores Brunae a Domino Casparo Caros Sufraganeo Brunensi episcopo¬
          <lb/>A la fin: 1645 hora 9 noctis vigiliae SS. Simonis et Judae 8 Octobris
        </p>
      </div>
    </body>
  </text>
</TEI>
