<?xml version='1.0' encoding='UTF-8'?>
<?xml-model href="https://raw.githubusercontent.com/OpenITI/tei_openiti/master/tei_openiti.rng" type="application/xml" schematypens="http://relaxng.org/ns/structure/1.0"?>
<?xml-model href="https://raw.githubusercontent.com/OpenITI/tei_openiti/master/tei_openiti.rng" type="application/xml" schematypens="http://purl.oclc.org/dsdl/schematron"?>
<TEI xmlns="http://www.tei-c.org/ns/1.0">
  <teiHeader>
    <fileDesc>
      <titleStmt>
        <title/>
      </titleStmt>
      <publicationStmt>
        <p/>
      </publicationStmt>
      <sourceDesc>
        <p/>
      </sourceDesc>
    </fileDesc>
    <profileDesc>
      <calendarDesc>
        <calendar xml:id="ah">
          <p>Anno Hegirae</p>
        </calendar>
      </calendarDesc>
    </profileDesc>
    <xenoData xml:space="preserve">
CREATED: 2024-04-15T09:07:43.813613+00:00
CREATED BY: eScriptorium vpassthistobuildcmd
IMAGE FILENAME: A121078045.tif
IMAGE WIDTH: 2348
IMAGE HEIGHT: 3844
</xenoData>
  </teiHeader>
  <text>
    <body>
      <div>
        <p>
          <lb/>A la fin: Hagenoae in aedibus Thomae Anshelmi! Mense
          <lb/>Ianuario. Anno M. D. XX. (Marque typ. de Th. Anshelm. HEB
          <lb/>Planche LXII »° 2; Silvestre no 771.) (Verso blanc.)
          <lb/>In-4°, car. rom., 11 ff. non ch., sign. A-C, titre courant, notes
          <lb/>marg., grandes init, à fig. T. S; titre encadré, bordures latérales, grandes
          <lb/>colonnes, bordure inférieure, 5 génies poussant un sixième, couché sur
          <lb/>un plat, bordure supérieure, au milieu entre 2 génies, un vase. Voir
          <lb/>p. 945.
          <lb/>Au verso du titre: EPISTOLA NUNCVPATORIA...I HIERO¬
          <lb/>NYMO EMSERO, BI LIBALDVS PIRCKAIMERVS... (4 pp.)
          <lb/>R101.879. Prov.: Bibl. Bœcking 1872.
          <lb/>Proctor II Sectio I n° 11705: Londres, Brit. Museum. 1393
          <lb/>LUCIANUS: Encomium Musae, Voir: HEGENDORPHINUS: De¬
          <lb/>clamatio in laudem ebrietatis. (Haguenau, J. Secer 1526.)
          <lb/>LUCIANUS
          <lb/>Haguenau, J. Secer 1526
          <lb/>AOTKIANOY ( XAMOXATEQE... (Voir f. du titre, p. 930.)
          <lb/>Le second volume a le même titre, seulement le mot xootoy est changé
          <lb/>en òsotspoy et dans le texte latin il y a secunda au lieu de prima. (Au recto
          <lb/>du dernier f. blanc: marque typ. de J. Secer. HAB Planche LXXI
          <lb/>n° 9; Silvestre n° 567.)
          <lb/>In-8°, car. gr., vol. I: 3 ff. non ch. — 865 pp. ch.; vol. II: 982
          <lb/>pp. ch. † 1 f. blanc avec la marque typ. au recto; réclames, init. ornées
          <lb/>A au fer et E au 2e vol.; init, d’attente, titre encadré dans chaque vol.
          <lb/>(ornements avec feuillage et oiseaux; en outre un enfant nu au milieu
          <lb/>de la bordure droite.) Voir p. 930.
          <lb/>Au verso du titre du 1er vol.: Hieronymo Baumgartner,
          <lb/>Iohan. Secerius! S.
          <lb/>R101486. Prov.: S. E. Taussig, Prague 17/1 1879; 2 M. 20.
          <lb/>Brunet III?, 1207.
          <lb/>1394
          <lb/>LUCIANUS
          <lb/>Haguenau, J. Secer 1527
          <lb/>LUCIANI] SAMOSATENSIS! HERMOTIMUS, SEU! de Sectis,
          <lb/>Dialogus sane perque ele! gans ac festivus, Obsopoeo
          <lb/>interprete. Eiusdem item Dialogi Amatorii quatu! or, Chi¬
          <lb/>liano Mansueto interprete. Plutarchi Chaeronensis, de
          <lb/>liberorum educatione libellus, loanne Metzler interprete.
          <lb/>lam omnia haec recens versa a aedita.
          <lb/>Haganoe per Iohan. Secer.
          <lb/>R.59
          <lb/>929
        </p>
      </div>
    </body>
  </text>
</TEI>
