<?xml version='1.0' encoding='UTF-8'?>
<?xml-model href="https://raw.githubusercontent.com/OpenITI/tei_openiti/master/tei_openiti.rng" type="application/xml" schematypens="http://relaxng.org/ns/structure/1.0"?>
<?xml-model href="https://raw.githubusercontent.com/OpenITI/tei_openiti/master/tei_openiti.rng" type="application/xml" schematypens="http://purl.oclc.org/dsdl/schematron"?>
<TEI xmlns="http://www.tei-c.org/ns/1.0">
  <teiHeader>
    <fileDesc>
      <titleStmt>
        <title/>
      </titleStmt>
      <publicationStmt>
        <p/>
      </publicationStmt>
      <sourceDesc>
        <p/>
      </sourceDesc>
    </fileDesc>
    <profileDesc>
      <calendarDesc>
        <calendar xml:id="ah">
          <p>Anno Hegirae</p>
        </calendar>
      </calendarDesc>
    </profileDesc>
    <xenoData xml:space="preserve">
CREATED: 2024-04-15T09:07:44.065959+00:00
CREATED BY: eScriptorium vpassthistobuildcmd
IMAGE FILENAME: A121078050.tif
IMAGE WIDTH: 2348
IMAGE HEIGHT: 3844
</xenoData>
  </teiHeader>
  <text>
    <body>
      <div>
        <p>
          <lb/>936
          <lb/>astronomiques, au verso du dernier f. marque typ. de Cammerlander.
          <lb/>In-4°, car. goth., 40 ff. non ch., sign. A-I, réclames, 6 figures
          <lb/>(HA B Planche XXIV n° 1; Silvestre n° 816.)
          <lb/>nement.)
          <lb/>Fol. 2a: Vorred zûm leser in disz büchlin. (A la fin: bande d’or¬
          <lb/>un fol, blanc.
          <lb/>Fol. 3a: Summa dis büchlins. (Table. Bande d’ornement.) Suit
          <lb/>*R100.243. Prov.: don du poète allemand Uhland.
          <lb/>Ulm, Collection Schorbach et Collection du T&amp;#x27;rof. Stephens à Copenhaque.
          <lb/>Schorbach Karl, Lucidarius, n° 30: Berlin, Munich, Strasbouro,
          <lb/>1404
          <lb/>LUITHOLD Waremund. Voir: BUTZER M.: Vom tag zu Hagenaw.
          <lb/>1540. n° 374.
          <lb/>LULLUS Raimundus
          <lb/>Strasbourg, B. Beck 1541
          <lb/>RAIMVNDI LVLLI MAIORICI PHILO- sophi acutissimi, me¬
          <lb/>dicique celeber-rimi, De secretis naturae siue Quinta
          <lb/>essentia! libri duo. His accesserunt, ALBERTI MAGNI
          <lb/>SVMMIphilosophi, De mineralibus &amp;amp; re- bus metallicis
          <lb/>Libri quinque. Quae omnia solerti cura repurgata rerum
          <lb/>naturae studiosis recens publicata! sunt per M. Gualthe¬
          <lb/>rum H.Ryff, Argentinensem.Medicum.
          <lb/>Anno Domini M. D. XLI. ! Mense Martio.! Cum Regiae
          <lb/>Maiestatis priuilegio ad sexennium. (Verso blanc.)
          <lb/>A la fin: Argentorati apud Balthassarum Beck.Anno
          <lb/>XLI Mense Martio.
          <lb/>In-8°, car, rom., 4 ff. non ch., 183 ff. ch., 4 ff. non ch. (Index)
          <lb/>et 1 f. blanc, titre courant, réclames, init. ornées, instruments de chimie.
          <lb/>Fol. A 2a non ch.:... Philippo Imsero Mathematico...
          <lb/>Gualtherus H. Ryff, Argentinus. S. D. P.... — Argentinae
          <lb/>Mense Martio. Anno Domini M. D. XLI. (4 pp.)
          <lb/>R102188. Prov. inconnue.
          <lb/>1405
          <lb/>LULLUS Raimundus: Apertorium &amp;amp; accuratio Vegetabilium.
          <lb/>Voir: RICHARDUS Anglicus, Correctorium Alchymiae, Stras¬
          <lb/>bourg, B. Jobin 1581.
          <lb/>LULLUS Raimundus
          <lb/>Strasbourg, L. Zetzner 1598
          <lb/>RAYMVNDI! LVLLII! OPERA EA! QVAE AD ADINVEN! TAM
          <lb/>AB IPSO ARTEM VNI- VERSALEM, SCIENTIARVM ARTIVMQVE
        </p>
      </div>
    </body>
  </text>
</TEI>
