<?xml version='1.0' encoding='UTF-8'?>
<?xml-model href="https://raw.githubusercontent.com/OpenITI/tei_openiti/master/tei_openiti.rng" type="application/xml" schematypens="http://relaxng.org/ns/structure/1.0"?>
<?xml-model href="https://raw.githubusercontent.com/OpenITI/tei_openiti/master/tei_openiti.rng" type="application/xml" schematypens="http://purl.oclc.org/dsdl/schematron"?>
<TEI xmlns="http://www.tei-c.org/ns/1.0">
  <teiHeader>
    <fileDesc>
      <titleStmt>
        <title/>
      </titleStmt>
      <publicationStmt>
        <p/>
      </publicationStmt>
      <sourceDesc>
        <p/>
      </sourceDesc>
    </fileDesc>
    <profileDesc>
      <calendarDesc>
        <calendar xml:id="ah">
          <p>Anno Hegirae</p>
        </calendar>
      </calendarDesc>
    </profileDesc>
    <xenoData xml:space="preserve">
CREATED: 2024-04-15T09:07:54.645075+00:00
CREATED BY: eScriptorium vpassthistobuildcmd
IMAGE FILENAME: A121078402.tif
IMAGE WIDTH: 2378
IMAGE HEIGHT: 3830
</xenoData>
  </teiHeader>
  <text>
    <body>
      <div>
        <p>
          <lb/>1288
          <lb/>Marque typ. de Bernard Jobin (H. &amp;amp; B., Planche XXVII, No 1).
          <lb/>Au-dessous : Curante Bernhardo Iobino.!Privilegio Caesareo. Il
          <lb/>Argentorati CID ID XC.
          <lb/>In-8°, car, rom. et ital., 8 ff. non ch., 428 p. ch.--8 ff. non ch., init.
          <lb/>ornées, portraits d’hommes illustres, la plupart de Stimmer.
          <lb/>Au verso du titre, armoiries de Frédéric II de Danemark.
          <lb/>fol. 20. Préface de l’éd. de 1587.
          <lb/>A la fin, fol. 1 non ch. : Nicolao Reusnero Leorino I. C. ac poetae
          <lb/>praestant. Christophorus Witnerus... E Phoebi domo secessus mei 1588.
          <lb/>R. 100.904. Prov. : Librairie Trubner, Strasbourg, 9. XI. 1883; 40 M.
          <lb/>Rosenthal, Munich, Catalogue 135 (1914), N° 2001 : 50 M., Baer, Francfort-
          <lb/>s.-M., Catalogue 500 (1907), N° 1278; 40 M. et n° 1279; 50 M. : « Geschätzte
          <lb/>Ausgabe, in der 4 Portraits weggelassen, dagegen 2 (Orlando. Lasso u.
          <lb/>Reusner) hinzugefügt wurden».
          <lb/>Ritter, Catal. BM Strasbourg n° 1808.
          <lb/>2008
          <lb/>RHAZI Almansoris. Voir GALEATIUS.
          <lb/>RHEGIUS Ernestus
          <lb/>Strasbourg, S. Emmel, 1568
          <lb/>De Hominis Politi-ci Persona! et Officio. Ad!! Juniorem
          <lb/>Borussiae principem.Ernestus Regius.
          <lb/>Marque typ. de S. Emmel. (H. &amp;amp; B. Planche XXXV. No 2;
          <lb/>Silvestre, No 1238.)
          <lb/>Au-dessous : Argentinae Typis Samuelis Emmelii. Anno!
          <lb/>1568.
          <lb/>In-8°, car. rom., 28 ff. ch., titre courant, réclames, init. ornée S.
          <lb/>Au verso du titre : Errata...
          <lb/>fol. 2a : Ad... Fride- I1 ricum Albertum, Illustrissimi Principis ac
          <lb/>Domini, Domini Alberti Marchionis Brandeburgici... filium... Ernestus
          <lb/>Regius.
          <lb/>R. 100.945. Prov. : Rosenthal, Munich, 24/1. 1887; 8 M. 2009
          <lb/>RHEGIUS Urbanus
          <lb/>Haguenau, Secer?) 1526
          <lb/>Nova Doctrina. Per!Urbanum Re-gium. (Feuille de
          <lb/>lierre.) M. D. XXVI. Eme, Lege, Iudica.
          <lb/>In-8°, car. ital., 2 ff. non ch., 75 pp. ch., dernière page non ch., réclames,
          <lb/>petites init. ornées; titre encadré, bande supérieure, un homme et une
          <lb/>femme, terminés en queue de poisson, tenant dans la main un feston;
          <lb/>bordures latérales, piliers ornés, celui de gauche est tenu par un enfant nu,
          <lb/>celui de droite par un homme nu; bordure inférieure, ornements d’archi¬
          <lb/>tecture avec 3 têtes.
          <lb/>Au verso du titre : Urbanus Regius Cuidam Ami-!! co Christum iusti¬
          <lb/>tiam nostram. (Préface de 4 pages.)
          <lb/>R. 102.053. A l’intérieur du 1er plat : Offert à la Bibliothèque de
          <lb/>Strasbourg en souvenir de M. Frank Puaux (1844-1922). Note mss.:
          <lb/>Au bas du titre : Menradi Moltherii sum.
          <lb/>Bibliographie. Voir: Schottenloher II, Nos 17936-17964. 2010
        </p>
      </div>
    </body>
  </text>
</TEI>
