<?xml version='1.0' encoding='UTF-8'?>
<?xml-model href="https://raw.githubusercontent.com/OpenITI/tei_openiti/master/tei_openiti.rng" type="application/xml" schematypens="http://relaxng.org/ns/structure/1.0"?>
<?xml-model href="https://raw.githubusercontent.com/OpenITI/tei_openiti/master/tei_openiti.rng" type="application/xml" schematypens="http://purl.oclc.org/dsdl/schematron"?>
<TEI xmlns="http://www.tei-c.org/ns/1.0">
  <teiHeader>
    <fileDesc>
      <titleStmt>
        <title/>
      </titleStmt>
      <publicationStmt>
        <p/>
      </publicationStmt>
      <sourceDesc>
        <p/>
      </sourceDesc>
    </fileDesc>
    <profileDesc>
      <calendarDesc>
        <calendar xml:id="ah">
          <p>Anno Hegirae</p>
        </calendar>
      </calendarDesc>
    </profileDesc>
    <xenoData xml:space="preserve">
CREATED: 2024-04-15T09:07:45.373600+00:00
CREATED BY: eScriptorium vpassthistobuildcmd
IMAGE FILENAME: A121078099.tif
IMAGE WIDTH: 2320
IMAGE HEIGHT: 3848
</xenoData>
  </teiHeader>
  <text>
    <body>
      <div>
        <p>
          <lb/>Georgii Marchionis Brandenbur gensis &amp;amp;c. Cancellario, suo Mœcenati,
          <lb/>Fol. A 2a:... Domino Geor gio Voglero, Illustrissimi Principis
          <lb/>Vin! centius Obso- pœus... Onoltzpachii ex schola nostra Xiiï. Kalendas
          <lb/>Septembris. Anno M. D. XXX.
          <lb/>Au titre: ex-libris avec les init. K. L.
          <lb/>R101310. Prov.: P. Steinkopf, Stuttgart 28/X1 1887; 5M.
          <lb/>BN Paris, C. 4835; Walter: Sélestat n° 1898.
          <lb/>1187
          <lb/>(MARCUS VON LINDAU)
          <lb/>Strasbourg, Jean Gruninger 1516
          <lb/>Die zehe ge bot in disem büch erclert und uszge
          <lb/>legt durch etlich hoch berümbte lerer Und fragt der
          <lb/>iüng er den meister, der lert wie man die gebot gottes
          <lb/>halten und sich vor totsünden hüten sol, und dar-û
          <lb/>wie oder waz man betten sol daz es aller nutzlichst sy
          <lb/>mit uszlegung des hei ligen Pater no. Mit gnad keiser¬
          <lb/>licher! Privilegio) -ii. iar.
          <lb/>Fol. 60a: Hie hatt ein end dis büchlin... Und getru¬
          <lb/>ckt in der keiserlichen freien Stat Strasz burg, von Jo¬
          <lb/>hannes Grüningern, uff sant Adolffs tag, der da gefelt
          <lb/>uff sant Johannes enthaubtungs tag. Nach der geburt
          <lb/>unsers herren Jesu. 1516. (Verso blanc.)
          <lb/>Puis avec un nouveau titre: Hienach so folgt ein nütz lich
          <lb/>leer und underweisung waz und wy! man betten sol. Und
          <lb/>auszlegunge des heiligen Pater nosters. (Au-dessous grav. sur
          <lb/>bois: un jeune homme à genoux en prière, à côté de lui un écusson vide,
          <lb/>sur une banderole les lettres: ODMDTVMM; au-dessus le Christ.
          <lb/>dans les nuages, au fond un arbre sans feuillage.)
          <lb/>A la fin: ... Getruckt und vollendet in der keiserlichen
          <lb/>freien stat Straszburg von Johannes Grü ningern, auff
          <lb/>Freitag nach sant Bar- tholomeus tag, In dem iar nach
          <lb/>der geburt christi 15. 16....
          <lb/>In-fol., car. goth., 2 col., CVIII ff. ch., titre courant, de nom¬
          <lb/>breuses init.; la pagination continue à travers les deux traités, le titre
          <lb/>principal est rouge et noir, encadré.
          <lb/>Le premier traité a II grav. de Jean Baldung, dont 8 avec son
          <lb/>monogramme. La fère, fol. VHa représente Moïse à genoux recevant de
          <lb/>Dieu les tables de la loi, les autres se rapportent aux dix comman¬
          <lb/>dements.
          <lb/>Fol. IIa: Die vorred. Bernhart Grave z4 Eberstein... Dornstag
          <lb/>Jacobi apostoli. Anno. 15.15. Dem Eerenvesten Hansen von Wildeck ge¬
          <lb/>nant Warmont. L. Au verso: Préface de Hans von Wildeck genant War¬
          <lb/>mont à Bernhart Grave zt Eberstein... R. K. Ma. Cammergerichts¬
          <lb/>beisitzer.
          <lb/>985
        </p>
      </div>
    </body>
  </text>
</TEI>
