<?xml version='1.0' encoding='UTF-8'?>
<?xml-model href="https://raw.githubusercontent.com/OpenITI/tei_openiti/master/tei_openiti.rng" type="application/xml" schematypens="http://relaxng.org/ns/structure/1.0"?>
<?xml-model href="https://raw.githubusercontent.com/OpenITI/tei_openiti/master/tei_openiti.rng" type="application/xml" schematypens="http://purl.oclc.org/dsdl/schematron"?>
<TEI xmlns="http://www.tei-c.org/ns/1.0">
  <teiHeader>
    <fileDesc>
      <titleStmt>
        <title/>
      </titleStmt>
      <publicationStmt>
        <p/>
      </publicationStmt>
      <sourceDesc>
        <p/>
      </sourceDesc>
    </fileDesc>
    <profileDesc>
      <calendarDesc>
        <calendar xml:id="ah">
          <p>Anno Hegirae</p>
        </calendar>
      </calendarDesc>
    </profileDesc>
    <xenoData xml:space="preserve">
CREATED: 2024-04-15T09:07:52.563410+00:00
CREATED BY: eScriptorium vpassthistobuildcmd
IMAGE FILENAME: A121078332.tif
IMAGE WIDTH: 2324
IMAGE HEIGHT: 3848
</xenoData>
  </teiHeader>
  <text>
    <body>
      <div>
        <p>
          <lb/>1218
          <lb/>POGGIO Giovanni
          <lb/>Strasbourg, J. Schott 1513
          <lb/>POGGH FLORENTINI ORATORIS CLARISSIMI, AC SEDIS APO. ]
          <lb/>SECRETARI OPERVM. Primae partis contenta: Historia
          <lb/>disceptativa de AVARITIA.Historiae, disceptativae Con¬
          <lb/>VIVALES tres.De NoBILiTaTe liber disceptatorius. De
          <lb/>humanae conditionis MISERIA libri duo. RVINARVM urbis
          <lb/>ROMAE descriptio. AsINVS LVCIANI... in latinum versus.
          <lb/>Liber INVECTIVARVM contra Fœlicem antipapam, Francis¬
          <lb/>cum Philelphum, &amp;amp; Laurentium Vallam. Liber ORATIONVM
          <lb/>variarum.
          <lb/>Secundae partis contenta. Liber EPISTOLARVM... in
          <lb/>quibus digniora notatu sunt haec.! De laude RVRIS sive
          <lb/>rei rusticae. Balneorum BADENSIVM prope Thuregum de¬
          <lb/>scriptio. HIERONYMI haeretici obitus.... De TRAIANI cae¬
          <lb/>saris excellentia. Philippi Mariae Ducis Mediolanen, epi¬
          <lb/>stola ad Poggium et respon siva eiusdem super laudibus
          <lb/>FLORENTINORVM. In LASCIVE scribentes POeTAs. Discep¬
          <lb/>tatio pulchra super praestantia SCIPIONIS aphrica- ni, &amp;amp;
          <lb/>C. IVLII caesaris.)... de INFAELICITATE PRINCIPVM.Finem
          <lb/>his omnibus FACETIARVM sales ponunt. ... (4 lignes.) 1513.
          <lb/>A la fin, avant la table: ARGENTINAE Impensis providi
          <lb/>IOANNIS! KNOBLOVCHI : litterario praelo IOANNIS SCHOT
          <lb/>pressum hoc opus Pocoi sub annum Domini M. D. XIII.
          <lb/>Kalen. Septembris.
          <lb/>In-fol., car. rom., 184 ff. ch. et 1 non ch. (table), titre courant,
          <lb/>notes marg., belles et grandes init. à fig. et init. d’attente.
          <lb/>Fol. 88b, grande grav. d’une page d’Urs Graf: Joab tuant Amasa
          <lb/>qu’il tient à là gorge; en bas le monogramme d’Urs Graf.
          <lb/>Au verso du titre: Thomas D. Aucuparius Lau- reatus... Sebastiano
          <lb/>Brant,... — Argentoraci XXIX. Mensis Januarii. Anni. M. D. XI.
          <lb/>RI0.226. Prov.: Dr Th. von Liebenau, Berne 28/x1 1874; 12 M.
          <lb/>A l&amp;#x27;intérieur du plat : ,Bernardi Bodmeri Badensis Helvetii, 1592.
          <lb/>2ème ex. R 10.392 (2). Prov. inconnue. Incomplet, fol. 157 et suiv.
          <lb/>manquent. Note ms, en bas du titre:,Donum Joann. Schotti.&amp;quot;
          <lb/>Oxford, Bibl. Bodleiana; Proctor II Sectio I n° 10.272: Londres,
          <lb/>Brit. Museum; BN Paris, Rés. Z. 276 et Rés. m. Z. 48; Schmidt II
          <lb/>n° 22: BM de Strasbourg; il remarque que la grav. a été décrite par
          <lb/>Mr His dans sa notice sur Urs Graf, dans Jahrbücher fur Kunstwissen¬
          <lb/>schaft, 1873, p. 179, n° 305, sans l’indication de l’ouvrage où la grav.
          <lb/>se trouve.
          <lb/>Walter, Sélestat, no 2073; Olschki, Florence, Cataloque LXXXI
          <lb/>n° 170 avec reproduction de la grav. p. 204; 200 fr.
          <lb/>1902
        </p>
      </div>
    </body>
  </text>
</TEI>
