<?xml version='1.0' encoding='UTF-8'?>
<?xml-model href="https://raw.githubusercontent.com/OpenITI/tei_openiti/master/tei_openiti.rng" type="application/xml" schematypens="http://relaxng.org/ns/structure/1.0"?>
<?xml-model href="https://raw.githubusercontent.com/OpenITI/tei_openiti/master/tei_openiti.rng" type="application/xml" schematypens="http://purl.oclc.org/dsdl/schematron"?>
<TEI xmlns="http://www.tei-c.org/ns/1.0">
  <teiHeader>
    <fileDesc>
      <titleStmt>
        <title/>
      </titleStmt>
      <publicationStmt>
        <p/>
      </publicationStmt>
      <sourceDesc>
        <p/>
      </sourceDesc>
    </fileDesc>
    <profileDesc>
      <calendarDesc>
        <calendar xml:id="ah">
          <p>Anno Hegirae</p>
        </calendar>
      </calendarDesc>
    </profileDesc>
    <xenoData xml:space="preserve">
CREATED: 2024-04-15T09:07:47.972766+00:00
CREATED BY: eScriptorium vpassthistobuildcmd
IMAGE FILENAME: A121078192.tif
IMAGE WIDTH: 2302
IMAGE HEIGHT: 3844
</xenoData>
  </teiHeader>
  <text>
    <body>
      <div>
        <p>
          <lb/>1078
          <lb/>I. De commodati actione; ex quo ordo et formulae
          <lb/>judicii magna ex parte cognosci possunt. Personae quae
          <lb/>interveniunt sunt: C. Aquilius, Praetor., Marcellus I. As¬
          <lb/>sessor, Sabinus Il. Assessor, Neratius III. Assessor, Celsus
          <lb/>IV. Assessor, Papinianus IC., Pomponius Actuarius, Mœ¬
          <lb/>vius Actor, Sempronius Reus, Caius Viator.
          <lb/>II. (Bande d’ornement.) Exercitium juridicum de poema
          <lb/>militis, qui excubias in castris parum diligenter egit. Cras
          <lb/>hora octava, novo in Auditorio instituetur. In quo I. Prae¬
          <lb/>sidiis Iudicii partes sustinebit Henricus à Wallenrodt, Pru¬
          <lb/>tenus. Il. Iudicum munere fungentur Martinus Rosenberg,
          <lb/>Prutenus (suivent encore 19 noms)... Quibus generis nobilitate,
          <lb/>eruditione... cum his rogat Georgius Obrechtus IC. et an¬
          <lb/>tecessor Acad. Argentinensis. Prid. diei qui D. Ioanni Bap¬
          <lb/>tistae in fastis sacer 1597.
          <lb/>Voir: OBRECHT Georgius; Selectissimae disputationes
          <lb/>1659
          <lb/>OBRECHT Georgius: Disputatio de forma actionis et libelli,
          <lb/>quae à condita Roma usque ad nostrum saeculum in judi¬
          <lb/>ciis observata fuit, adhuc observetur, &amp;amp; observari utiliter
          <lb/>possit... Voir: OBRECHT Georgius; Selectissimae disputa¬
          <lb/>tiones ex juris civilis materiis. Strasbourg, A. Bertram 1599.
          <lb/>OBSOPOEUS Vincentius
          <lb/>Haguenau 1532
          <lb/>PRECV- LAE ALIQVOT GRAE-ce, piae et devotae, in
          <lb/>gratiam Iuventutis collectae, per Vin centium Obsopoe¬
          <lb/>um.
          <lb/>Haganoae, Anno M. D. XXXII.
          <lb/>In-8°, car. grecs, 48 ff. non ch. dont le dernier blanc, sign. AF,
          <lb/>titre courant, réclames, titre rouge et noir.
          <lb/>Au verso du titre: Theo- dosio Gerbellio per quàm eleganti
          <lb/>puero, Vin- centius Obsopoeus... — Onoltzpachii 14. Ianuarii Anno
          <lb/>D XXXII. (car, rom.)
          <lb/>RI01988. Prov.: Trubner, Strasbourg 15/1I1 1884; 12 M.
          <lb/>A l&amp;#x27;intérieur du Ier plat : Ex-libris, entouré des lettres MW. —
          <lb/>Liber. Willielmi Maskell.Clerici. Au verso du f. de garde, autogr.
          <lb/>de W. Maskell.
          <lb/>Bibliographie de V. Obsopœus, voir: Schottenloher I n° 16492—
          <lb/>16496.
          <lb/>1660
        </p>
      </div>
    </body>
  </text>
</TEI>
