<?xml version='1.0' encoding='UTF-8'?>
<?xml-model href="https://raw.githubusercontent.com/OpenITI/tei_openiti/master/tei_openiti.rng" type="application/xml" schematypens="http://relaxng.org/ns/structure/1.0"?>
<?xml-model href="https://raw.githubusercontent.com/OpenITI/tei_openiti/master/tei_openiti.rng" type="application/xml" schematypens="http://purl.oclc.org/dsdl/schematron"?>
<TEI xmlns="http://www.tei-c.org/ns/1.0">
  <teiHeader>
    <fileDesc>
      <titleStmt>
        <title/>
      </titleStmt>
      <publicationStmt>
        <p/>
      </publicationStmt>
      <sourceDesc>
        <p/>
      </sourceDesc>
    </fileDesc>
    <profileDesc>
      <calendarDesc>
        <calendar xml:id="ah">
          <p>Anno Hegirae</p>
        </calendar>
      </calendarDesc>
    </profileDesc>
    <xenoData xml:space="preserve">
CREATED: 2024-04-15T09:07:46.115252+00:00
CREATED BY: eScriptorium vpassthistobuildcmd
IMAGE FILENAME: A121078122.tif
IMAGE WIDTH: 2312
IMAGE HEIGHT: 3852
</xenoData>
  </teiHeader>
  <text>
    <body>
      <div>
        <p>
          <lb/>1008
          <lb/>Entre page 210 et 212, feuille double pliée contenant une table des
          <lb/>Actiones.
          <lb/>tions mss., au milieu du titre: Benedictus Schottius, Biennensis. Anno
          <lb/>R101213. Prov.: Rauthe, Berlin 22/XI1 1913, 15 M. Annota¬
          <lb/>Domini 1640; à l&amp;#x27;intérieur de la couverture:¿Das Buch ist Benedict
          <lb/>Wyttenbach zu Biell. 15665
          <lb/>1536
          <lb/>MELANCHTHON Philippus
          <lb/>Strasbourg, Crato Mylius 1540
          <lb/>COMMEN TARII IN EPISTO- LAM PAVLI AD ROMA) nos
          <lb/>hoc anno M. D. XL. recogniti &amp;amp; locu! pletati. Autore
          <lb/>Philippo Melanchthone. (Marque typ. de Mylius. H A B Planche
          <lb/>XXVII n° 5; Silvestre n° 1264.) Adiecta sunt Prolegomena ad¬
          <lb/>modum uti- lia, cum prefatione ad Illustris. Prin cipem
          <lb/>Hassorum.
          <lb/>A la fin: ARGENTORATI APVD CRA TONEM MYLIVM AN.
          <lb/>M. D.XL MENSE MARTIO.
          <lb/>In-8°, car. rom., 60 ff. non ch., sign. 68, a-e (8 ff.), f a ff.;
          <lb/>la pagination commence au milieu du chapitre avec sign. A, 461 pp. (de
          <lb/>nombreuses erreurs, après p. 24 il y a 8 pp. qui ne sont pas ch., puis
          <lb/>p. 25 etc.); titre courant, réclames, notes marg., init. à fig. N,D,E.
          <lb/>F. a 2: Philippo Landgravio Hassiae, Comiti in Cattenelnbogen,
          <lb/>Dietz, Nida &amp;amp; Zigenhain &amp;amp;c Phi- lippus Melan- chthon... Calend. Ia¬
          <lb/>nuarii! An. Domini M. D. XL.
          <lb/>R100.870. Prov.: L. Rosenthal, Munich 9/XII 1891; 6 M. 20.
          <lb/>1537
          <lb/>MELANCHTHON Philippus
          <lb/>Strasbourg, Crato Mylius 1541
          <lb/>LIBER SELECTA RVM DECLAMATIONVM PHILIPPI MELANCH¬
          <lb/>THONIS, QVASconscripsit, &amp;amp; partim ipse in schola Vite¬
          <lb/>bergensi recitavit, partim aliis recitandas ex hibuit.
          <lb/>Adiectae sunt eiusdem Praefationes in aliquot! illustres
          <lb/>Autores. Omnia recens in lucem ædita. (Marque typ. de
          <lb/>Mylius. H 6 B Planche XXVII n° 8.) Au dessous: Cum Gratia
          <lb/>et Privilegio. M. D. XLI.
          <lb/>A la fin: Argentorati ex officina Cratonis Mylii, mense
          <lb/>Martio, Anno! M. D. XLI. (Feuille de lierre, dont il y en a un
          <lb/>grand nombre au corps de l’ouvrage.)
          <lb/>In-4°, car. rom., 4 ff. non ch., 862 pp., titre courant, réclames en
          <lb/>bas de chaque page, notes marg., init. à fig.
          <lb/>Fol. A 3b : Iacobo Mylichio... Nicolaus Gerbelius... — Argento¬
          <lb/>rati, Calendas Ianuarii, Anno 1541. (3 pp.)
          <lb/>R100.871. Prov.: BN Munich 7/V 1877; 2 M. Annotations mss.
          <lb/>BN Paris, X. 4598; Oxford, Bibl. Bodleiana.
          <lb/>1538
        </p>
      </div>
    </body>
  </text>
</TEI>
