<?xml version='1.0' encoding='UTF-8'?>
<?xml-model href="https://raw.githubusercontent.com/OpenITI/tei_openiti/master/tei_openiti.rng" type="application/xml" schematypens="http://relaxng.org/ns/structure/1.0"?>
<?xml-model href="https://raw.githubusercontent.com/OpenITI/tei_openiti/master/tei_openiti.rng" type="application/xml" schematypens="http://purl.oclc.org/dsdl/schematron"?>
<TEI xmlns="http://www.tei-c.org/ns/1.0">
  <teiHeader>
    <fileDesc>
      <titleStmt>
        <title/>
      </titleStmt>
      <publicationStmt>
        <p/>
      </publicationStmt>
      <sourceDesc>
        <p/>
      </sourceDesc>
    </fileDesc>
    <profileDesc>
      <calendarDesc>
        <calendar xml:id="ah">
          <p>Anno Hegirae</p>
        </calendar>
      </calendarDesc>
    </profileDesc>
    <xenoData xml:space="preserve">
CREATED: 2024-04-15T09:07:51.274713+00:00
CREATED BY: eScriptorium vpassthistobuildcmd
IMAGE FILENAME: A121078298.tif
IMAGE WIDTH: 2312
IMAGE HEIGHT: 3850
</xenoData>
  </teiHeader>
  <text>
    <body>
      <div>
        <p>
          <lb/>1184
          <lb/>Henricum Gran: expen sis ac sumptibus circumspecti
          <lb/>viri Joannis ryn-! man de Oringaw Finit feliciter anno
          <lb/>virgi-nei partus. M. CCCCC. XIX. die mensis Ja- nuarii.
          <lb/>(Verso blanc.)
          <lb/>In-fol., car. goth., 2 col., 148 ff. non ch., sign. a-, A; titre cou¬
          <lb/>rant, init. ornées; titre encadré. (H a B planche LXIII n° 1.) Fol.
          <lb/>a 2a : Proemium.
          <lb/>R10.372 (2). Prov.: Butsch fils (Vente Bibl. Buxheim), Augsbourg
          <lb/>12/x 1883. Note ms.,Cartusiae Buxheim/, qui l’avait reçu en don du
          <lb/>1852
          <lb/>docteur Johannes Waschpach à Ulm.
          <lb/>PETRUS DE CRESCENTIS. Voir: CRESCENTIIS Petrus de
          <lb/>Haguenau, H. Gran 1514
          <lb/>PETRUS Hieremias Panormitanus
          <lb/>Sermones : Petri! Hieremie Panormitani ex Sicilia:
          <lb/>Fratrum conventus ordinis Predicatorum bono niensium:
          <lb/>tam preclari quam omnigene eru ditionis refertissimi:
          <lb/>omnibusque evan- gelica documenta seminantibus : et
          <lb/>gra! tiosi et necessarii : qui ea serie hoc libro continen¬
          <lb/>tur. De adventu usque ad quadra- gesimam : Quadra¬
          <lb/>gesimales de peccato:Quadragesimales de penitentia.
          <lb/>De expositione orationis dominiceDe decem preceptis
          <lb/>una cum! passione Jesu christi.De fide; quadragesi¬
          <lb/>males. De sanctis per anni circulum.! Quid quivis sermo
          <lb/>contineat: aut de qua materia tractet: Index cum folio¬
          <lb/>rum numero docebit.
          <lb/>A la fin: Imprimebat itaque hos sermones D. Joanne
          <lb/>Rynma de Oringaw expensas impendente: cura et labore
          <lb/>suo Henricus Gran: in oppido Hagenaw:mense Septem¬
          <lb/>bri. Anno salu- tis. M. D. XIIII. (Verso blanc.)
          <lb/>.In-4°, car. goth., 2 col., CCLXXI ff. ch. pour la Ière partie et
          <lb/>et OLII ff. ch. pour la IIème partie qui a un titre à part: Sanctua¬
          <lb/>rium Sive! sermones de Sanctis Petri Hie! remie Siculi: Fratrum ordinis
          <lb/>predi- catorum: Concionatoris excellen- tissimi.) Inest index in quo ex
          <lb/>ordine! Sanctos secundum anni cursum cum! foliorum numaero videbis.
          <lb/>(Même encadrement qu’au titre principal.) Titre courant, init. ornées;
          <lb/>-titre rouge et noir, encadré. (H de B planche LXIV n° 2.) Au verso
          <lb/>du titre: Frater Benedictus Britannicus Brixtanus: Fra! tri Thome Cal¬
          <lb/>visiano theologo. S. B.
          <lb/>R101412. Prov.: Don de la ville de Heilbronn 1871.
          <lb/>Proctor II Sectio I n° 11.663: Londres, British Museum. 1853
        </p>
      </div>
    </body>
  </text>
</TEI>
