<?xml version='1.0' encoding='UTF-8'?>
<?xml-model href="https://raw.githubusercontent.com/OpenITI/tei_openiti/master/tei_openiti.rng" type="application/xml" schematypens="http://relaxng.org/ns/structure/1.0"?>
<?xml-model href="https://raw.githubusercontent.com/OpenITI/tei_openiti/master/tei_openiti.rng" type="application/xml" schematypens="http://purl.oclc.org/dsdl/schematron"?>
<TEI xmlns="http://www.tei-c.org/ns/1.0">
  <teiHeader>
    <fileDesc>
      <titleStmt>
        <title/>
      </titleStmt>
      <publicationStmt>
        <p/>
      </publicationStmt>
      <sourceDesc>
        <p/>
      </sourceDesc>
    </fileDesc>
    <profileDesc>
      <calendarDesc>
        <calendar xml:id="ah">
          <p>Anno Hegirae</p>
        </calendar>
      </calendarDesc>
    </profileDesc>
    <xenoData xml:space="preserve">
CREATED: 2024-04-15T09:07:48.412446+00:00
CREATED BY: eScriptorium vpassthistobuildcmd
IMAGE FILENAME: A121078207.tif
IMAGE WIDTH: 2302
IMAGE HEIGHT: 3848
</xenoData>
  </teiHeader>
  <text>
    <body>
      <div>
        <p>
          <lb/>Under anderm inhalten.! Das alle und yede der statt Strasz¬
          <lb/>burg Burger...!... aller uffrürischen und schmach worten.
          <lb/>Und was zû beleydigung, unere oder verletzung unsers
          <lb/>Heyligen Christlichen glaubens bewegen... sich ent- halten
          <lb/>...... solten...
          <lb/>Dem selbigen vorzûsein, So gebieten gedacht unser
          <lb/>Herrn Meister unnd Raht allen.. Das sye aller unnd
          <lb/>yeder spey, schmoch und scheltwort... !... sich entschla¬
          <lb/>gen...
          <lb/>Actum et Decretum. v. Ianuarii Anno. 1526. (Verso blanc.)
          <lb/>Placard, in-40, car. goth., 19 lignes, init. ornée D.
          <lb/>1686
          <lb/>R 22 (61). Prov.: Bibl. Heitz, Strasbourg 1871.
          <lb/>ORDONNANCE
          <lb/>Strasbourg 1527
          <lb/>WIr lacob sturm der Meister und der Rathe z6̂ Strasz¬
          <lb/>burg thûn khundt, Nach dem sich diser zeit zû verhinde¬
          <lb/>rung und abwen- dung des göttlichen bevelchs, vil Secten
          <lb/>und irriger leere erheben ereügen, und nämlichen, mit
          <lb/>ettlichen personen, die wider! teüffer gnant... Dem nach
          <lb/>so gepieten wir mit hohem ernst, allen unnd yeden un¬
          <lb/>sern Burgern,... das sy sich sol- gen, deren einen noch
          <lb/>keinen bey inen husen, herbergen, etzen oder trencken,
          <lb/>noch underschleyff geben... — Actum et decretum uff
          <lb/>Sampstag, den. xxvii. Iulii, Anno. M. D. xxvii. (Verso blanc.)
          <lb/>Placard, in-4°, car. goth., 17 lignes, init. ornée W.
          <lb/>R 22 (49). Prov.: Bibl. Heitz, Strasbourg 1871.
          <lb/>1687
          <lb/>1093
          <lb/>ORDONNANCE
          <lb/>Strasbourg 1529
          <lb/>ALs bitzhär ettliche wider Gott, brüderliche liebe, unnd
          <lb/>alle pilligkeyt, früchten, weyn, korn, und andere geträg¬
          <lb/>den, diweil die noch uff dem velde gestanden und ] ge¬
          <lb/>wachsen, kaufft haben, dardurch die armen lewt im lande
          <lb/>zûver- derplichem schaden pracht worden seind, so haben
          <lb/>unsere Herren Räthe und xxi. erkandt, das hynfür nye¬
          <lb/>mands der mossen utzit kauffen soll, by! der peen x.
          <lb/>pfundt pfennig... ES soll auch kein Burger Inwoner oder
          <lb/>hyndersossz dieser Statt Straszpurg, alle dieweyl die thü¬
          <lb/>rung weret, dheinerley frucht, wie die genant, in diser
          <lb/>statt oder in dem lande, uff merschatz kauffen,... —
        </p>
      </div>
    </body>
  </text>
</TEI>
