<?xml version='1.0' encoding='UTF-8'?>
<?xml-model href="https://raw.githubusercontent.com/OpenITI/tei_openiti/master/tei_openiti.rng" type="application/xml" schematypens="http://relaxng.org/ns/structure/1.0"?>
<?xml-model href="https://raw.githubusercontent.com/OpenITI/tei_openiti/master/tei_openiti.rng" type="application/xml" schematypens="http://purl.oclc.org/dsdl/schematron"?>
<TEI xmlns="http://www.tei-c.org/ns/1.0">
  <teiHeader>
    <fileDesc>
      <titleStmt>
        <title/>
      </titleStmt>
      <publicationStmt>
        <p/>
      </publicationStmt>
      <sourceDesc>
        <p/>
      </sourceDesc>
    </fileDesc>
    <profileDesc>
      <calendarDesc>
        <calendar xml:id="ah">
          <p>Anno Hegirae</p>
        </calendar>
      </calendarDesc>
    </profileDesc>
    <xenoData xml:space="preserve">
CREATED: 2024-04-15T09:07:51.258381+00:00
CREATED BY: eScriptorium vpassthistobuildcmd
IMAGE FILENAME: A121078297.tif
IMAGE WIDTH: 2312
IMAGE HEIGHT: 3850
</xenoData>
  </teiHeader>
  <text>
    <body>
      <div>
        <p>
          <lb/>PETRUS DE ALIACO
          <lb/>Strasbourg, J. Pruss 1504
          <lb/>Tractatus Petri de Elia- co episcopi Cameracensis:
          <lb/>super li bros Metheororum: de im- pressionibus aeris.
          <lb/>Ac de hiis quae in prima: secunda: atque tertia regio¬
          <lb/>nibus aeris fiunt, sicut sunt Sydera cadentia: Stellae:
          <lb/>Comatae : Pluvia: Ros; Pruina : Nix Grando: Ventus:
          <lb/>Terremotus, deque genera tis infra terram. (Verso blanc.)
          <lb/>A la fin: Impressum a Johanne Prüs Argen tinae. in
          <lb/>aedibus Thiergarten. Anno! M. CCCCC. IIII. (Verso blanc.)
          <lb/>In-4°, car. rom., XXVI ff. ch., notes marg., init. d’attente. Fol.
          <lb/>a 2: Table à 2 col.
          <lb/>R101128. Prov.: Trubner, Strasbourg 9/XI 1883; 3 M. 50.
          <lb/>Annotations mss.
          <lb/>9ème ex. R101.424. Prov.: Bibl. du Gymnase de Heilbronn 2/IV
          <lb/>1878 (échange).
          <lb/>BN Paris, R 3069 (incomplet); Proctor II Sectio I n° 9972;
          <lb/>Londres, British Museum; Schmidt III, 47 : BM Strasbourg et Jadis
          <lb/>Bibl. de Strasbourg Incun. n° 237.
          <lb/>1850
          <lb/>1183
          <lb/>PETRUS Comestor
          <lb/>Strasbourg 1503
          <lb/>Historia Scholastica Magistri Petri comestoris sa¬
          <lb/>cre scripture seriem brevem ni- mis et obscuram eluci¬
          <lb/>dans.
          <lb/>A la fin: Scholastica historia magistri Petri co¬
          <lb/>mestoris. Impressa argentine finit feliciter. An no salutis
          <lb/>nostre Millesimo quingentesimo tertio Kalendas vero.
          <lb/>xvi. decembris.
          <lb/>In-fol., car. got., 2 col., 207 ff. non ch., sign. a-z, A-K, titre
          <lb/>courant, init. d’attente. Fol. a 2a: Proemium.
          <lb/>R10.359. Prov, inconnue.
          <lb/>Oxford, Bibl. Bodleiana; Proctor II Sectio I n° 10.001: Lon¬
          <lb/>dres, British Museum; Bibl. St. Guillaume, Strasbourg.
          <lb/>1851
          <lb/>PETRUS Comestor
          <lb/>Haguenau, H. Gran 1519
          <lb/>Scholastica historia magistri! Petri comestoris: sacre
          <lb/>scri pture seriem brevem ni- mis; et expositam ex
          <lb/>ponentis. (Verso blanc.)
          <lb/>A la fin: Historia Scholastica... in! imperiali oppido
          <lb/>Hagenaw impressa ac diligen ter revisa per industrium
        </p>
      </div>
    </body>
  </text>
</TEI>
