<?xml version='1.0' encoding='UTF-8'?>
<?xml-model href="https://raw.githubusercontent.com/OpenITI/tei_openiti/master/tei_openiti.rng" type="application/xml" schematypens="http://relaxng.org/ns/structure/1.0"?>
<?xml-model href="https://raw.githubusercontent.com/OpenITI/tei_openiti/master/tei_openiti.rng" type="application/xml" schematypens="http://purl.oclc.org/dsdl/schematron"?>
<TEI xmlns="http://www.tei-c.org/ns/1.0">
  <teiHeader>
    <fileDesc>
      <titleStmt>
        <title/>
      </titleStmt>
      <publicationStmt>
        <p/>
      </publicationStmt>
      <sourceDesc>
        <p/>
      </sourceDesc>
    </fileDesc>
    <profileDesc>
      <calendarDesc>
        <calendar xml:id="ah">
          <p>Anno Hegirae</p>
        </calendar>
      </calendarDesc>
    </profileDesc>
    <xenoData xml:space="preserve">
CREATED: 2024-04-15T09:07:48.328208+00:00
CREATED BY: eScriptorium vpassthistobuildcmd
IMAGE FILENAME: A121078202.tif
IMAGE WIDTH: 2302
IMAGE HEIGHT: 3846
</xenoData>
  </teiHeader>
  <text>
    <body>
      <div>
        <p>
          <lb/>1088
          <lb/>une boule; bandes latérales, colonnes; bande inférieure, au milieu un
          <lb/>vase avec des fleurs tenus de chaque côté par un génie nu. [Cadre em¬
          <lb/>ployé par Gruninger.]
          <lb/>Au verso du titre: WIr Peter Eln-hart der Maister und der Rat
          <lb/>zà) Straszburg, thûn kundt...
          <lb/>3ème ex.: R. 102.429. Prov.: Fréd. Cohen, Bonn 15/XI 1897, 5 M. 40.
          <lb/>R 102.279. Prov.: L. Rosenthal, Munich 8/1II 1911; 22 M.
          <lb/>1675
          <lb/>ORDNUNG
          <lb/>Strasbourg [J. Pruss fuls?) 1534
          <lb/>Ordnung und Kirchenge- breuch für die Pfarrern unnd
          <lb/>Kirchen- dienern, zû Straszburg, und der selbigen ange¬
          <lb/>hörigen, uff gehabtem Synodo fürgenommen. (Le reste de la
          <lb/>page est occupé par une grav. sur bois. Verso blanc.)
          <lb/>In-40, car. goth., 14 ff. non ch. dont le dernier et le verso de
          <lb/>l’avant-dernier blanc, sign. A-C, réclames.
          <lb/>Fol. A 2a : Nach dem hievor durch Unsere Herren, Meyster,
          <lb/>Rhädt, unnd die Ein unnd zwentzig, auch Schöffelunnd Amman diser
          <lb/>Stat Straszburg, erkennet und fürgenommen! worden, das heylsam wort
          <lb/>Gottes, nach dem rechten unnd waren ver! stand, zù leren unnd predi¬
          <lb/>gen... ausz schuldigem ampt, des verscheynenden drei und dreisigisten
          <lb/>jars, uff den eylfften tag Junii, ein gemeyne versamlung anfahen zti
          <lb/>haben, darinn von rechter einhelliger Christlicher lere, auch kirchen
          <lb/>ordnung- en unnd erforschung des lebens der vorgesetzten diener des
          <lb/>worts, z6 handlenn....
          <lb/>R 10.579. Prov.: Bibl. Ch. Schmidt avec son ex-libris à l&amp;#x27;intérieur
          <lb/>de la couverture, où se trouve en outre l’annotation suivante en allemand:
          <lb/>Erste von der Regierung ausgegangene Strasb. Kirchenordnung. Sie ist
          <lb/>äusserst selten, cf. ROHRICH, Ref. Gesch. Il, p. 42 u. 43. Dieses voll¬
          <lb/>ständige Exemplar fand sich in der Bibliothek des Prof. Ehrmann, 4 1839,
          <lb/>Schmidt remarque : «Cette note est de la main de M. Braunwald pasteur
          <lb/>à St. Thomas; j’ignore comment l’exemplaire est arrivé à Oberlin; c’est
          <lb/>là que je l’ai fait acheter en 1871.»
          <lb/>Publié par Rœhrich, Mittheilungen I, 214 et suiv.»
          <lb/>Au dessous du titre: Linh. Jorger. Au recto du dernier f. anno¬
          <lb/>tations mes.
          <lb/>1676
          <lb/>Strasbourg 1649
          <lb/>ORDNUNG
          <lb/>Uff Römisch Kay.Maiestat Unsers allergnedig- sten
          <lb/>Herrn uszgangen Pollicey, Unser Erasmus von Gottes
          <lb/>gnaden, Bestetigten der Sifft (!) Straszburg, und Land¬
          <lb/>graven inn Elsass verrer Ordnung. Anno, xlix. Uszgan¬
          <lb/>gen verkündt und uffgeschlagen. (Armoiries de l&amp;#x27;évêque de Stra¬¬
          <lb/>bourg. Verso blanc.)
        </p>
      </div>
    </body>
  </text>
</TEI>
