<?xml version='1.0' encoding='UTF-8'?>
<?xml-model href="https://raw.githubusercontent.com/OpenITI/tei_openiti/master/tei_openiti.rng" type="application/xml" schematypens="http://relaxng.org/ns/structure/1.0"?>
<?xml-model href="https://raw.githubusercontent.com/OpenITI/tei_openiti/master/tei_openiti.rng" type="application/xml" schematypens="http://purl.oclc.org/dsdl/schematron"?>
<TEI xmlns="http://www.tei-c.org/ns/1.0">
  <teiHeader>
    <fileDesc>
      <titleStmt>
        <title/>
      </titleStmt>
      <publicationStmt>
        <p/>
      </publicationStmt>
      <sourceDesc>
        <p/>
      </sourceDesc>
    </fileDesc>
    <profileDesc>
      <calendarDesc>
        <calendar xml:id="ah">
          <p>Anno Hegirae</p>
        </calendar>
      </calendarDesc>
    </profileDesc>
    <xenoData xml:space="preserve">
CREATED: 2024-04-15T09:07:52.250396+00:00
CREATED BY: eScriptorium vpassthistobuildcmd
IMAGE FILENAME: A121078325.tif
IMAGE WIDTH: 2324
IMAGE HEIGHT: 3850
</xenoData>
  </teiHeader>
  <text>
    <body>
      <div>
        <p>
          <lb/>und wolgespräch, auszgesagt.Darinn findt man nach der
          <lb/>leng, was einem yeden Römi-schen Keyser loblichen, ja
          <lb/>einem yeden Regierer, Geistli- chen oder Weltlichen in
          <lb/>seyner regierung zû thûn, Und herwiderumm Was yeden
          <lb/>als nachredlich! zû meiden und zû fliehen sey. Durch
          <lb/>herrn Dietrichen von Planingen zû Schaub eck und
          <lb/>Eysenhofen, Ritter und Doctor geteütscht. (Verso blanc.)
          <lb/>A la fin : Getruckt und vollendet in dem Jare nach der
          <lb/>ge-bûrt Unsers herren Jesu Christi. Als man zalt.) Fünff¬
          <lb/>zehundert und zwentzig Jare. Und ward disz Bûch ge¬
          <lb/>endet an! dem Achtzehenden tag des ! Hewmonadts.
          <lb/>In-fol., car. goth., 52 ff. non ch., sign. A-H; notes marg,, init.
          <lb/>ornées. Titre rouge et noir, encadré de 3 bordures; au-dessous, gravure
          <lb/>d’une demi-page représentant Dietrich de Planingen qui offre le livre
          <lb/>à l&amp;#x27;empereur. Fol. A3b marque typ. de Martin Flach (HeB planche
          <lb/>VI n° 3), puis f. blanc; f. B verso grav, avec le medaillon de Trajan.
          <lb/>Fot. 2b: explications sur la ponctuation; fol. 3a: histoire de l’em¬
          <lb/>pereur Nerva; fol. 4a: dédicace à l&amp;#x27;empereur Maximilien.
          <lb/>Fol. A recto: Préface de Dietrich de Planingen datée de Munich
          <lb/>1511.
          <lb/>La plupart des pages sont encadrées d’une ou de deux bordures.
          <lb/>&amp;quot;RI0.080. Proos: Bœr &amp;amp; Co, Francfort-s.-M. 13/V1 1916, 144M.
          <lb/>Kristeller 528; Proctor II Sectio E n° 10458 : Londres, British
          <lb/>Museum; Schmidt VI, p. 29, n° 41: Berlin. Boer, Francfort-s.-M.,
          <lb/>Catal. 500 (1907) n° 1150; 160 M.
          <lb/>1891
          <lb/>PLINIUS Secundus Cajus (junior) Strasbourg, H. Morhard 1521
          <lb/>C. PLINII SE CVNDI NOVACO mensis, De viris illustri¬
          <lb/>bus in Re militari, &amp;amp; administran-da Rep.) SVETONII
          <lb/>TRANOVIL) li De claris Grammaticis, &amp;amp; Rhetoribus. IVLII
          <lb/>OBSEQVEN tis Prodigiorum Liber.
          <lb/>4 la fin: Argentorati, Ex aedibus Hulderichi Morhardi
          <lb/>Mense Novembr. ANN. F M. D. XXI. REGNAN. IMP. CAES.
          <lb/>CAROLO P. F. Aug. P. P.
          <lb/>In-4°, car, rom., XXXV ff. ch., 2 ff. non ch. (table), titre cou¬
          <lb/>rant, grandes init. ornées P, R et init. à fig. J entre deux génies ailés;
          <lb/>titre rouge et noir, encadré. (Voir n° 497 p. 325.)
          <lb/>Au verso du titre: Beatus Rhenanus Gaspari ! Westerburgio...—
          <lb/>Ex Selezia. xii. kalendas Martias.! Anno. M. D. XIIII. (Feuille de
          <lb/>lierre.)
          <lb/>R 100.075. Prov.: Trubner, Strasbourg 15/VII 1887, 6 M.
          <lb/>Schmidt IV, p. 29, n° *6, qui n’avait pas connu d’exemplaire,
          <lb/>cite d’après Panzer 6, 97; GK (à Aurelius) VIII, 7171: BN Munich.
          <lb/>1892
          <lb/>1211
        </p>
      </div>
    </body>
  </text>
</TEI>
