<?xml version='1.0' encoding='UTF-8'?>
<?xml-model href="https://raw.githubusercontent.com/OpenITI/tei_openiti/master/tei_openiti.rng" type="application/xml" schematypens="http://relaxng.org/ns/structure/1.0"?>
<?xml-model href="https://raw.githubusercontent.com/OpenITI/tei_openiti/master/tei_openiti.rng" type="application/xml" schematypens="http://purl.oclc.org/dsdl/schematron"?>
<TEI xmlns="http://www.tei-c.org/ns/1.0">
  <teiHeader>
    <fileDesc>
      <titleStmt>
        <title/>
      </titleStmt>
      <publicationStmt>
        <p/>
      </publicationStmt>
      <sourceDesc>
        <p/>
      </sourceDesc>
    </fileDesc>
    <profileDesc>
      <calendarDesc>
        <calendar xml:id="ah">
          <p>Anno Hegirae</p>
        </calendar>
      </calendarDesc>
    </profileDesc>
    <xenoData xml:space="preserve">
CREATED: 2024-04-15T09:07:46.965943+00:00
CREATED BY: eScriptorium vpassthistobuildcmd
IMAGE FILENAME: A121078151.tif
IMAGE WIDTH: 2308
IMAGE HEIGHT: 3848
</xenoData>
  </teiHeader>
  <text>
    <body>
      <div>
        <p>
          <lb/>1037
          <lb/>MUEG Sebastian (Senior). Voir: ORDONNANCE (Diffamation),
          <lb/>Strasbourg 1590, R 22(63).
          <lb/>MULLICH Johannes Adelphus. Voir: ADELPHUS Johannes et
          <lb/>MARGARITA Facetiarum.
          <lb/>MULLER Johannes von Kœnigsberg. Voir: IOHANNES REGIO¬
          <lb/>MONTANUS
          <lb/>MULNHEIM Heinrich von. Voir: ORDONNANCE (Vente de
          <lb/>viande), Strasbourg 1573, R22(8).
          <lb/>MULNHEIM Hildebrand von. Voir: ORDONNANCE (Anabaptis-
          <lb/>tes), Strasbourg 1540, R21(14); (Armes à feu), Strasbourg
          <lb/>1541, R21(15); (Auberges), Strasbourg 1546, R21 (21); (Bâ¬
          <lb/>timents), Strasbourg 1552, R 21 (27); (Enrôlement), Stras¬
          <lb/>bourg 1546, R 22 (32); (Mariages), Strasbourg 1544, R21 (is)
          <lb/>et 1547, R22(25).
          <lb/>MUNDINUS Raimundus. Voir: ADELPHUS Johannes n° 5
          <lb/>MUNDOLSHEIM Georg Joh. Voir: ORDONNANCE (Vente de vin),
          <lb/>Strasbourg 1582, R 22(29).
          <lb/>MUNDOLSHEIM Theobald Joh. Voir: ORDONNANCE (Cherté de
          <lb/>vie), Strasbourg 1565, R22654).
          <lb/>MURNARUS
          <lb/>(Strasbourg, J. Schott) 1521
          <lb/>Murnarus LeviathanVulgo dictus, Geltnar, oder
          <lb/>Gensz Prediger. Murnarus, qui &amp;amp; Schönhenselin, oder
          <lb/>Schmutzkolb de! se ipso. Si nugae, &amp;amp; fastus, faciunt quem
          <lb/>relligiosum, Sum bonus, &amp;amp; magnus, relligiosus ego.
          <lb/>Raphaelis Musaei in gratiam Marti ni Lutheri, &amp;amp; Hutteni,
          <lb/>pro-pugnatorum Chri- stianae &amp;amp; Germa nicae liber¬
          <lb/>tatis, ad Osores Epistola.
        </p>
      </div>
    </body>
  </text>
</TEI>
