<?xml version='1.0' encoding='UTF-8'?>
<?xml-model href="https://raw.githubusercontent.com/OpenITI/tei_openiti/master/tei_openiti.rng" type="application/xml" schematypens="http://relaxng.org/ns/structure/1.0"?>
<?xml-model href="https://raw.githubusercontent.com/OpenITI/tei_openiti/master/tei_openiti.rng" type="application/xml" schematypens="http://purl.oclc.org/dsdl/schematron"?>
<TEI xmlns="http://www.tei-c.org/ns/1.0">
  <teiHeader>
    <fileDesc>
      <titleStmt>
        <title/>
      </titleStmt>
      <publicationStmt>
        <p/>
      </publicationStmt>
      <sourceDesc>
        <p/>
      </sourceDesc>
    </fileDesc>
    <profileDesc>
      <calendarDesc>
        <calendar xml:id="ah">
          <p>Anno Hegirae</p>
        </calendar>
      </calendarDesc>
    </profileDesc>
    <xenoData xml:space="preserve">
CREATED: 2024-04-15T09:07:55.164675+00:00
CREATED BY: eScriptorium vpassthistobuildcmd
IMAGE FILENAME: A121078419.tif
IMAGE WIDTH: 2390
IMAGE HEIGHT: 3838
</xenoData>
  </teiHeader>
  <text>
    <body>
      <div>
        <p>
          <lb/>1305
          <lb/>RYFF Walter Hermann
          <lb/>Strasbourg, Balth. Beck, 1543
          <lb/>Praestantis-simi medici et philosophi clarissimi
          <lb/>D. Ioannis Bauerii de Imola celeberrimi Gymna- II sii Bono¬
          <lb/>niensis olim medicinae professoris publici. Consilio- Il rum de
          <lb/>re medica sive morborum curationibus liber tum elegans,
          <lb/>tum humanae saluti perquam uti- lis &amp;amp; lectu non iniucundus,
          <lb/>diligenter abumeris mendis repurgatus, &amp;amp; vigilanti
          <lb/>cura emendatus.Per M. Gualtherum. H. Ryff.Argen¬
          <lb/>tinum. Medicum. ! Cum Indice locupletissimo omnium Consi¬
          <lb/>liorum! Bauerii quae in hoc volumine!! continentur. !! Cum
          <lb/>inclitae Regiae Maiestatis privile- gio ad annos quinque.
          <lb/>Argentinae, I1 M. D. XLIII. (Verso blanc.)
          <lb/>A la fin : Impressa in officina libraria!! Balthassari Pistoris.
          <lb/>(Feuille de lierre.)
          <lb/>In-4°, car. rom., 4 ff. non ch., dont le 4e blanc, 340 ff. ch. et 3 ff. non
          <lb/>ch. (Index), dont le dernier blanc, titre courant, réclames, petites init.
          <lb/>ornées.
          <lb/>fol. 2a non ch. : Gvaltherus Hermenius Ryff. [I. Iacobo Bryllissuero
          <lb/>Abbatiscellensi Me-] dicinae Doctori... — Argentinae v. Kalen!! das
          <lb/>Augusti. Anno... M. D. XLIII.
          <lb/>R. 100.980. Prov. : Ancienne Faculté de Médecine de Strasbourg. Anno¬
          <lb/>tations manuscrites, entre autres au milieu du titre: sum Charbonelli,
          <lb/>fol. 1 : Ite potius ad vendentes &amp;amp; emite vobis A. Charbonellus.
          <lb/>2039
          <lb/>RYFF Walther Hermann
          <lb/>Strasbourg, G. Messerschmidt, 1543
          <lb/>Recht gründtliche bewerte Cur ] des Steins, Sandt, und
          <lb/>Griesz, inn Nieren,!! Blasen unnd Lenden unnd alle schwere
          <lb/>zufell] solcher ort, ausz gemelten gebrechen verursacht,
          <lb/>unleidlichen schmertzen des Lenden wees, verhindernus !! des
          <lb/>harns und dergleichen, nit allein zu wenden und vertrey! ben,
          <lb/>sonder sich auch daruor zuverhüten unnd bewaren, ein
          <lb/>yeder so darmit behafft, oder in sonderheyt darzu geneygt,!
          <lb/>mit gutem raht, ordenlicher haltung, rechtem gebrauch er-!
          <lb/>farner und heylsamer artzney, Auch in höchster not gründt-
          <lb/>licher bericht den Stein durch meisterliche hand wirckung !] der
          <lb/>Chirurgi, auff ein newen und biszher unbewiszten gebrauch!
          <lb/>zu schneiden, alten und jungen, frawen und mans personen
          <lb/>mit warhafftiger gantz eigentlicher Contrafactur aller in¬
          <lb/>strument oder ferrament, zu solcher sorglichen handt- (wirc¬
          <lb/>kung der Chirurgi, dienstlich und von nöten, deren der
          <lb/>merer teyl diser zeit bey den gemei-nen schneidärtzten
          <lb/>frembd unnd unbe- kandtlich, auch bisz her nie im! brauch
          <lb/>gewesen. Nit allein den Chirurgis oder Schneidärtzten,
          <lb/>sondern allen! denen so mit solchen gebrechen behafft, oder
        </p>
      </div>
    </body>
  </text>
</TEI>
