<?xml version='1.0' encoding='UTF-8'?>
<?xml-model href="https://raw.githubusercontent.com/OpenITI/tei_openiti/master/tei_openiti.rng" type="application/xml" schematypens="http://relaxng.org/ns/structure/1.0"?>
<?xml-model href="https://raw.githubusercontent.com/OpenITI/tei_openiti/master/tei_openiti.rng" type="application/xml" schematypens="http://purl.oclc.org/dsdl/schematron"?>
<TEI xmlns="http://www.tei-c.org/ns/1.0">
  <teiHeader>
    <fileDesc>
      <titleStmt>
        <title/>
      </titleStmt>
      <publicationStmt>
        <p/>
      </publicationStmt>
      <sourceDesc>
        <p/>
      </sourceDesc>
    </fileDesc>
    <profileDesc>
      <calendarDesc>
        <calendar xml:id="ah">
          <p>Anno Hegirae</p>
        </calendar>
      </calendarDesc>
    </profileDesc>
    <xenoData xml:space="preserve">
CREATED: 2024-04-15T09:07:53.886236+00:00
CREATED BY: eScriptorium vpassthistobuildcmd
IMAGE FILENAME: A121078377.tif
IMAGE WIDTH: 2352
IMAGE HEIGHT: 3850
</xenoData>
  </teiHeader>
  <text>
    <body>
      <div>
        <p>
          <lb/>So dargegen andere die ubel erzogen, vilmalen verderben,
          <lb/>und eines schandtlichen todts sterben. Zà Ensisheim in
          <lb/>Obern Elsasz, durch jun! ge Knaben, welche herren M. Ja¬
          <lb/>cobi Späthen jetzigen! Schúlmeisters daselbsten Schüler
          <lb/>und lehrjungen, &amp;amp;c.Auff den 9. und 10. tag Augstmo¬
          <lb/>nats,! Anno 1573, gespilet. Ephes, 6. Und ihr Vätter...
          <lb/>(2 lignes. Grav. sur bois; au fond église et maisons d’un village, au
          <lb/>devant, à droite un jeune noble, à gauche une mère avec son enfant,
          <lb/>s’adressant au jeune homme.)
          <lb/>Gemacht durch Herrn Johann Rassern Pfarrherren.
          <lb/>dasselbsten, und ist vor niemaln gespilet worden.
          <lb/>A la fin: Getruckt zû Straszburg bey Thiebolt Berger,
          <lb/>zûm Treubel am Wynmarck. M. D. LXXIIII. (Au verso,
          <lb/>marque typ. de Th. Berger. H &amp;amp; B planche XXXVI n° 1.)
          <lb/>In-4°, car. goth., non ch., sign. A-Z, Aa-Oo, réclames, titre rouge
          <lb/>et noir. Au verso du titre: Armoiries de Fernand, archiduc d’Autriche.
          <lb/>Fol. A 2a : Dédicace de l’auteur à Fernand.
          <lb/>Fol. A 3a : Préface de l’auteur, datée d’Ensisheim le 25 octobre
          <lb/>1573. Suit une seconde préface de 16 pp. au lecteur en vers.
          <lb/>R100.643. Prov.: Dr Gust. Binz, Bâle 14/XII 1893. Une ving¬
          <lb/>taine de feuilles, la moitié en partie découpée, plusieurs en double, dé¬
          <lb/>tachées de la reliure d’un ancien volume.
          <lb/>La description est complétée d’après celle qu’en donne Gust. Bin¬
          <lb/>dans la Zeitschrift für dentsche Philologie, vol. 26 p. 480-493.
          <lb/>Bibliographie de Joh. Rasser, voir : Schottenloher II n° 17661—
          <lb/>1971
          <lb/>17666.
          <lb/>RATERSCH. Voir: RATSELBUCH
          <lb/>RATIONALE divinorum. Voir: DURANDUS
          <lb/>1263
          <lb/>[Strasbourg) s. d.
          <lb/>RATSELBUCH
          <lb/>Wölchem an kürtzweill thet zerrinnen... (Voir reproduc¬
          <lb/>tion p. 1264. Verso blanc.)
          <lb/>A la fin: Getruckt zû Straszburg.
          <lb/>In-4°, car. goth., 24 ff. non ch., sign. a-b, C-D.
          <lb/>R 100.195. Prov.: Bibl. Ch. Schmidt avec son ex-libris.
          <lb/>Schmidt V n° 87 l’attribue à Hupfuff vers 1511 et dit que l’ortho¬
          <lb/>graphe est parfois un peu différent de l’édition de 1505.
          <lb/>Voir: Straszburger Rätselbuch. Die erste ums Jahr 1505 gedruckte
          <lb/>deutsche Rätselsammlung neu hrsgb. von A. F. Butsch. Strassburg, K. J.
          <lb/>Trübner, 1876, in-80, X-38 p.:,Eine nähere Untersuchung und die Ver¬
          <lb/>gleichung mit andern gleichzeitigen und späteren Ausgaben führte mich
        </p>
      </div>
    </body>
  </text>
</TEI>
