<?xml version='1.0' encoding='UTF-8'?>
<?xml-model href="https://raw.githubusercontent.com/OpenITI/tei_openiti/master/tei_openiti.rng" type="application/xml" schematypens="http://relaxng.org/ns/structure/1.0"?>
<?xml-model href="https://raw.githubusercontent.com/OpenITI/tei_openiti/master/tei_openiti.rng" type="application/xml" schematypens="http://purl.oclc.org/dsdl/schematron"?>
<TEI xmlns="http://www.tei-c.org/ns/1.0">
  <teiHeader>
    <fileDesc>
      <titleStmt>
        <title/>
      </titleStmt>
      <publicationStmt>
        <p/>
      </publicationStmt>
      <sourceDesc>
        <p/>
      </sourceDesc>
    </fileDesc>
    <profileDesc>
      <calendarDesc>
        <calendar xml:id="ah">
          <p>Anno Hegirae</p>
        </calendar>
      </calendarDesc>
    </profileDesc>
    <xenoData xml:space="preserve">
CREATED: 2024-04-15T09:07:45.343211+00:00
CREATED BY: eScriptorium vpassthistobuildcmd
IMAGE FILENAME: A121078097.tif
IMAGE WIDTH: 2322
IMAGE HEIGHT: 3846
</xenoData>
  </teiHeader>
  <text>
    <body>
      <div>
        <p>
          <lb/>tinensi. Praeside IoHanne MARBACHIO, SACRAE THEOLO¬
          <lb/>GIAEDoctore, atque eiusdem, in eadem Academia Pu¬
          <lb/>blico Professore.
          <lb/>ARGENTORATI APVD SAMVELEM Emmel. M. D. LXVIII.
          <lb/>In-4°, car, rom., 7 ff. non ch., sign. A-B, réclames, init. à fig. I.
          <lb/>R101.860. Prov.: Bibl. Heitz, Strasbourg 1871.
          <lb/>1483
          <lb/>Oxford, Bibl. Bodleiana.
          <lb/>MARBACH Johannes
          <lb/>Strasbourg, J. Rihel 1570
          <lb/>Themata DE NATVRA HO-] MINIS, EIVSQVE FACVI-TTE
          <lb/>IN CONSEQVENDA SA- LVTE AETERNA.! De quibus disputa¬
          <lb/>bitur PRAESIDE Reverendo &amp;amp; Clarissimo Viro, Domino
          <lb/>Iohanne Marbachio Sacrae Theologiae Do- ctore, eiusque
          <lb/>filio Philippo Marbachio pro ingenii vi-ibus respondente.
          <lb/>V. Calend. Febr. Anno à nato Christo M. D. LXX. (Marque
          <lb/>typ. de Josias Rihel. I a B Planche XXXII n° 14.)
          <lb/>ARGENTORATI Excudebat Iosias Rihelius.
          <lb/>In-4°, car, rom., 8 ff. non ch., sign. A-B, réclames, init, ornée O.
          <lb/>R101862. Prov. : Bibl. Heite, Strasbourg 1871.
          <lb/>1484
          <lb/>988
          <lb/>[Strasbourg] 1571
          <lb/>MARBACH Johannes
          <lb/>Von Mirackeln undWunderzeichen. Wie man sie
          <lb/>ausz unnd nach Gottes Wort, für waar oder falsch,
          <lb/>erkennen soll.
          <lb/>Sampt Grundtlicher widerlegung des! Wunderzeichens
          <lb/>so vor einem Jar Canisius, wie er vermeint, an einem
          <lb/>besessnen Jungfrewlin gewür- cket, wie solches L. Martin
          <lb/>Eysengrein, im Bûch des Titel, Unser L. Fraw zû Alten
          <lb/>Oetting, sehr! prächtig beschribet. Allen frommen Chri¬
          <lb/>sten, sonderlich im Beyer landt und zû Augspurg, zu son¬
          <lb/>derm trost unnd sterckung! ihres waaren recht uhr alten
          <lb/>Christlichen Glaubens, wider des Antichristlichen Baps¬
          <lb/>tumbs, diser zeit durch die Mammelucken unnd Jesuiten,
          <lb/>ernewte Abgötterey, geschriben.Durch H. Johann Mar¬
          <lb/>bach der H. Schrifft! Doctor zû Straszburg. M. D. LXXI.
          <lb/>In-4°, car. goth., 136 ff. non ch., sign. a, A-L, titre courant,
          <lb/>réclames, notes marg., titre rouge et noir.
        </p>
      </div>
    </body>
  </text>
</TEI>
