<?xml version='1.0' encoding='UTF-8'?>
<?xml-model href="https://raw.githubusercontent.com/OpenITI/tei_openiti/master/tei_openiti.rng" type="application/xml" schematypens="http://relaxng.org/ns/structure/1.0"?>
<?xml-model href="https://raw.githubusercontent.com/OpenITI/tei_openiti/master/tei_openiti.rng" type="application/xml" schematypens="http://purl.oclc.org/dsdl/schematron"?>
<TEI xmlns="http://www.tei-c.org/ns/1.0">
  <teiHeader>
    <fileDesc>
      <titleStmt>
        <title/>
      </titleStmt>
      <publicationStmt>
        <p/>
      </publicationStmt>
      <sourceDesc>
        <p/>
      </sourceDesc>
    </fileDesc>
    <profileDesc>
      <calendarDesc>
        <calendar xml:id="ah">
          <p>Anno Hegirae</p>
        </calendar>
      </calendarDesc>
    </profileDesc>
    <xenoData xml:space="preserve">
CREATED: 2024-04-15T09:07:44.858657+00:00
CREATED BY: eScriptorium vpassthistobuildcmd
IMAGE FILENAME: A121078077.tif
IMAGE WIDTH: 2326
IMAGE HEIGHT: 3846
</xenoData>
  </teiHeader>
  <text>
    <body>
      <div>
        <p>
          <lb/>Advent, bisz an den Ersten Sonntag nach der heyligen
          <lb/>drey König tag. Getruckt zû Straszburg bey Wolff Köp¬
          <lb/>phel, und volendet im Hor- ung, im jar als man zalt
          <lb/>von der geburt unsers Herren Jhesu Christi. M. D. XXXIX.
          <lb/>In-fol., car. goth., 10 ff. non ch., CCXII ff. ch., titre courant,
          <lb/>réclames, nôtes marg., titre rouge et noir, encadré. (HER Planche XX,
          <lb/>n° 16.)
          <lb/>Au verso du titré:... Herrn Al- brecht Graven zâ Mansfelt, Herren
          <lb/>zù Schrappeln &amp;amp;̀ Hel- derungen &amp;amp;c. meinem gnedigen Herrn, 1 Mart. Luth....
          <lb/>— Geben inn der wüsten! am tage S. Elisabet. Anno etc. 1521. (Préface,
          <lb/>2 pp. et demie.)
          <lb/>HIE.] Das ander theile der Postil len oder Auszlegung
          <lb/>der Epistlen und Evan- gelien: von dem ersten Sontag
          <lb/>nach Epi-phanie an bisz auff den ersten Son- tag im
          <lb/>Advent, mit sei-nem Register. Mart. Luth. (Sans explicit.)
          <lb/>In-fol., car. got., 10 ff. non ch. (Table à 2 col.), CCLXI ff. ch.,
          <lb/>titre courant, réclames, notes marg., grandes init, ornées et à fig.
          <lb/>Au verso du titre: «Wolff. Köphl. dem! Christlichen Leser. DES
          <lb/>Luthers Postill durchs gantze Jar Christlicher Leser, hab ich gedruckt,
          <lb/>wie du sihest, inn drey theyl. Die weyl aber das erste theyl, vom Ad¬
          <lb/>vent bisz! auff den ersten Sontag nach Epiphanie, vorhin viel mal
          <lb/>druckt, und viel dasselbig alleyn gekaufft haben, So habe! ich das ein
          <lb/>teyl sonderlich, oder beyde theyl mit eynander, nach eynes jeden gele¬
          <lb/>genheyt. zù verkauffen, bey mir beschlossen, Auf das den jhenigen, so
          <lb/>das erste theyl, vorhin haben, desto leichter sey, den uberigen kosten
          <lb/>zûver- meiden, das ander auch zûbekummen. Da bey so seind in den
          <lb/>Sontag pre digen von Ostern an bisz wider auffs Advent, die Summarien,
          <lb/>so alle weg ! ens Johannis Pomers, und nicht des Luthers, welche Sum¬
          <lb/>marien, wie sie im Wittenbergischen Exemplar gewesen, ich auch hab
          <lb/>dabey las- sen bleiben....2
          <lb/>Fol. CXXXIVa: Am tag der himmelfart Christi. Au-dessous, petite
          <lb/>gravure sur bois: en haut, l’Ascension de Jésus-Christ, dont on ne voit
          <lb/>que les pieds; en bas, les apôtres et la sainte Vierge en prière.
          <lb/>(IIL] Das Dritte theyl der Postillen oder auszlegung
          <lb/>der! Evangelien an den fürnemmisten! Festen inn dem
          <lb/>gantzen Jar, geprediget durch Doct. Martinum Luther.
          <lb/>(Verso blanc.)
          <lb/>A la fin: Gedruckt zû Straszburg bey Wolff! Köphel.
          <lb/>Nach der geburt Christi, un- sers erlösers, als man zalt,
          <lb/>M. D. XLI. (Dans mon exempl, on a corrigé à l’encre en M. D. XLII
          <lb/>et au crayon M. D. XLIV.)
          <lb/>In-fol., car. goth., 6 ff. non ch., CLXII ff. ch., au verso du dernier
          <lb/>f, quand on le tient à la lumière, on aperçoit la marque typ. de Kœpfel
          <lb/>(HAB Planche XVIII n° 9), c’est probablement le recto d’un f. blanc,
          <lb/>collé ensemble avec fol. CLXII; titre courant, réclames, notes marg.,
          <lb/>init. ornées et à fig.; 17 grandes gravures sur bois se rapportant au
          <lb/>963
        </p>
      </div>
    </body>
  </text>
</TEI>
