<?xml version='1.0' encoding='UTF-8'?>
<?xml-model href="https://raw.githubusercontent.com/OpenITI/tei_openiti/master/tei_openiti.rng" type="application/xml" schematypens="http://relaxng.org/ns/structure/1.0"?>
<?xml-model href="https://raw.githubusercontent.com/OpenITI/tei_openiti/master/tei_openiti.rng" type="application/xml" schematypens="http://purl.oclc.org/dsdl/schematron"?>
<TEI xmlns="http://www.tei-c.org/ns/1.0">
  <teiHeader>
    <fileDesc>
      <titleStmt>
        <title/>
      </titleStmt>
      <publicationStmt>
        <p/>
      </publicationStmt>
      <sourceDesc>
        <p/>
      </sourceDesc>
    </fileDesc>
    <profileDesc>
      <calendarDesc>
        <calendar xml:id="ah">
          <p>Anno Hegirae</p>
        </calendar>
      </calendarDesc>
    </profileDesc>
    <xenoData xml:space="preserve">
CREATED: 2024-04-15T09:07:49.981817+00:00
CREATED BY: eScriptorium vpassthistobuildcmd
IMAGE FILENAME: A121078262.tif
IMAGE WIDTH: 2308
IMAGE HEIGHT: 3844
</xenoData>
  </teiHeader>
  <text>
    <body>
      <div>
        <p>
          <lb/>1148
          <lb/>n° 2), au-dessous: Getruckt zû Straszburg, am Kornmarckt,
          <lb/>bey Chri- stian Muller. Anno M. D. LXXV.
          <lb/>In-8°, car. goth., 5 ff. non ch., 99 pp. ch., titre courant, réclames,
          <lb/>init. goth. E. I.
          <lb/>Fol. A 2a:... Herrn Eraszmen Newstetter, genant Stürmer, De¬
          <lb/>chant z6̀ Chon-burg, meinem groszgünsti- gen herren.... — Da- tum
          <lb/>Hagenaw an dem Ne-wen Jars tage, An-[ no 1575. M. Toxites.
          <lb/>R1012r6. Prov.: J. Rosenthal, Munich 2/1V 1896; 18 M.
          <lb/>1780
          <lb/>PARACELSUS Theophrastus
          <lb/>Strasbourg, Nic. Wyriot 1576
          <lb/>De Peste PHILIPPI THEO-phrasti Paracelsi, des hoch¬
          <lb/>erfarnen Teutschen Philosophi, und beyder Artzney Doc¬
          <lb/>toris, an die! Statt Stertzingen geschriben. Item,
          <lb/>Etliche Consilia Theophrasti Paracelsi.Apologia Docto¬
          <lb/>ris Toxitae des Bassauischen Cantzlers tödtlichen abgang
          <lb/>belangen. Vorhin nie getruckt, jetzunder aber alles durch
          <lb/>Doctorem Toxiten gefertigt. Mit Kay. May. Freyhayt.
          <lb/>Getruckt zu Straszburg bey Niclausz! Wyriot.M.D.
          <lb/>XXVI. (Verso blanc.)
          <lb/>In-8°, car. goth., 38 ff. non ch., sign. A-E, titre courant, récla¬
          <lb/>mes, notes marg., init. goth.; titre rouge et noir.
          <lb/>Fol. A 2a:... Herrn Marquar-den Bischoven zu Speir, Tumb¬
          <lb/>probst zu Weissenburg... Auch den Wolgebornen Her-[ren Herrn De¬
          <lb/>siderio Freyherrn zu alten! unnd newen Fronhoven. Herrn Steffan
          <lb/>Hainrichen, Graven zu Eberstain... — Da- tum Hagenaw prima Iunii
          <lb/>Anno! 1576... Michael Toxites. D.
          <lb/>Fol. A 5a: Préface de Paracelsus au lecteur.
          <lb/>Fol. E 3a : Apologia! Michaelis Toxitae! Rhoeti der Artzney Doc¬
          <lb/>toris,! warhaffter Bericht, wider die nichtige und! erdichte ufflag, als
          <lb/>solte er dem... Herrn Johan Gotthar-[ten der Rechten Doctor, weiland
          <lb/>Fürstli- chen Basawischen Cantzler seligen zù seinem Todt zu Speier
          <lb/>uff dem! Reichstag ursach geben haben. Dem Edlen... Iacoben von
          <lb/>Seldeneck, des Heyligen Röm. Reichs Erbküchenmeister &amp;amp;c.... Datum
          <lb/>Margraven Baden den 16. Martii 76.... Michael Toxites! der Artznei
          <lb/>Doctor und Burger zt Ha-! genaw.
          <lb/>R101.258. Prov.: M. Spirgatis, Leipzig 13/XII 1894; 16 M. 95.
          <lb/>2ème ex.: I 149.259 (3). Prov. : Bibl. de l’ancienne Faculté de
          <lb/>médecine de Strasbourg. D’après la note ms, au f. du titre cet exem¬
          <lb/>plaire appartenait autrefois à la Bibl. de la Soc. des Pères Jésuites à
          <lb/>Molsheim :,Collegii Societatis Jesu Molshemii, 1623.&amp;quot;
          <lb/>1781
        </p>
      </div>
    </body>
  </text>
</TEI>
