<?xml version='1.0' encoding='UTF-8'?>
<?xml-model href="https://raw.githubusercontent.com/OpenITI/tei_openiti/master/tei_openiti.rng" type="application/xml" schematypens="http://relaxng.org/ns/structure/1.0"?>
<?xml-model href="https://raw.githubusercontent.com/OpenITI/tei_openiti/master/tei_openiti.rng" type="application/xml" schematypens="http://purl.oclc.org/dsdl/schematron"?>
<TEI xmlns="http://www.tei-c.org/ns/1.0">
  <teiHeader>
    <fileDesc>
      <titleStmt>
        <title/>
      </titleStmt>
      <publicationStmt>
        <p/>
      </publicationStmt>
      <sourceDesc>
        <p/>
      </sourceDesc>
    </fileDesc>
    <profileDesc>
      <calendarDesc>
        <calendar xml:id="ah">
          <p>Anno Hegirae</p>
        </calendar>
      </calendarDesc>
    </profileDesc>
    <xenoData xml:space="preserve">
CREATED: 2024-04-15T09:07:47.888540+00:00
CREATED BY: eScriptorium vpassthistobuildcmd
IMAGE FILENAME: A121078187.tif
IMAGE WIDTH: 2300
IMAGE HEIGHT: 3846
</xenoData>
  </teiHeader>
  <text>
    <body>
      <div>
        <p>
          <lb/>In-4°, car. ital., 50 ff. non ch. pour la Ière thèse (RI0.567),
          <lb/>sign. A-M, et 82 ff. non ch. pour la 2ème (R 10.568), sigu. AY, ré¬
          <lb/>clames, titre des chapitres en car, rom. ainsi que les préfaces, init. ornées.
          <lb/>Ière partie (R 10.567) fol. 2a: (Bande d’ornement) generoso atque
          <lb/>il- lustri domino, domino Stanislao Comiti ab Ostrorog, &amp;amp;c. Polono:
          <lb/>Do-] mino suo clementi &amp;amp; gratioso... — Scrip. V. Kalend. Novemb. Ar¬
          <lb/>gentorati! Anno Christiano nonagesimo.) Georg. Obrecht. (5 pp.)
          <lb/>Fol. 4b: 8 dist. de Johannes Turnovius à Stanislas.
          <lb/>Hème partie (R 10.568), nouveau titre avec marque typ. de
          <lb/>A. Bertram. (H E B Planche XLIV n° 2.) Verso blanc.
          <lb/>Fol. A 2a: (Bande d’ornement) generoso atque illustri domino,
          <lb/>domino ioanni Sku-] myn, capitaneo bratislavi- ensi, &amp;amp;c Lithuano, Domino
          <lb/>suo cle-menti &amp;amp; gratioso.... — Scriptum die Lunae post festum Paschae
          <lb/>Anno Christi M. D. XCII. Argentorati. G. Obrechtus IC. (5 pp.) Verso
          <lb/>blanc.
          <lb/>R10.568. Prov.: Kubasta e Voigt, Vienne 25/X11896; 6M.
          <lb/>1649
          <lb/>OBRECHT Georgius
          <lb/>Strasbourg, A. Bertram 1591
          <lb/>OIKONOMIA. QVA DIFFVSA ET PERPLEXA PIGNORVM MA¬
          <lb/>TERIA BREVITER ET PERSPICVE! explicata continetur: L IN
          <lb/>INCLYTA ARGENTORA- tensium Academia publici exercitii
          <lb/>causa ad! disputandum proposita, à GEORGIO OBRECHTO
          <lb/>IC. Respondente M. WILHELMO DASERO MO- NACENSE.
          <lb/>Adiectus est Dialogus, de pignoris frequenti usu quae¬
          <lb/>dam carmina! complectens. (Vign.)
          <lb/>ARGENTORATI Excudebat Antonius Bertramus, (Verso
          <lb/>blanc.)
          <lb/>In-40, car, rom, et ital., 42 ff. non ch., sign. A- K, réclames, init.
          <lb/>ornées E, D, vign. fol. a 4b et à la fin.
          <lb/>Fol. A 2a:... Domino Melchiori Iaeger a Gerte-I ringen, in Eningen
          <lb/>&amp;amp; Buchenbach, Illustrissimi D. D. Ludovici Wirtenbergici &amp;amp; Teccensis
          <lb/>Ducis, &amp;amp;c. Consiliario intimo &amp;amp; praecipuo.... — Dat; 10. Iun. ! Anno
          <lb/>Christiano M. D. XCI. [ Argentorati.! G. Obrechtus D. (Vign.; 4 pp. en
          <lb/>car. ital.)
          <lb/>Fol. 4b : Epigramma Ottonis Helmeri à Mörner in Zellin &amp;amp; Clos¬
          <lb/>sovu &amp;amp;c. Marchiaci.AdM. Wilhelmum Daserum Respondentem ami¬
          <lb/>cum. (8 dist. en car. ital.)
          <lb/>R10.555. Prov, inconnue.
          <lb/>2ème ex.: R10.556. Prov. inconnue. Avec quelques variations. Ainsi
          <lb/>au titre après Monacense: Disputabitur 19. Iunii hora 7. in
          <lb/>Novo auditorio; au lieu de la vignette il y a une bande d’ornement.
          <lb/>Au-dessous, la date: M. D. XCI. Exemplaire incomplet, n’a que les á pre¬
          <lb/>miers ff.
          <lb/>1650
          <lb/>R. 68
          <lb/>1073
        </p>
      </div>
    </body>
  </text>
</TEI>
