<?xml version='1.0' encoding='UTF-8'?>
<?xml-model href="https://raw.githubusercontent.com/OpenITI/tei_openiti/master/tei_openiti.rng" type="application/xml" schematypens="http://relaxng.org/ns/structure/1.0"?>
<?xml-model href="https://raw.githubusercontent.com/OpenITI/tei_openiti/master/tei_openiti.rng" type="application/xml" schematypens="http://purl.oclc.org/dsdl/schematron"?>
<TEI xmlns="http://www.tei-c.org/ns/1.0">
  <teiHeader>
    <fileDesc>
      <titleStmt>
        <title/>
      </titleStmt>
      <publicationStmt>
        <p/>
      </publicationStmt>
      <sourceDesc>
        <p/>
      </sourceDesc>
    </fileDesc>
    <profileDesc>
      <calendarDesc>
        <calendar xml:id="ah">
          <p>Anno Hegirae</p>
        </calendar>
      </calendarDesc>
    </profileDesc>
    <xenoData xml:space="preserve">
CREATED: 2024-04-15T09:07:49.123112+00:00
CREATED BY: eScriptorium vpassthistobuildcmd
IMAGE FILENAME: A121078231.tif
IMAGE WIDTH: 2304
IMAGE HEIGHT: 3846
</xenoData>
  </teiHeader>
  <text>
    <body>
      <div>
        <p>
          <lb/>1117
          <lb/>Actum &amp;amp; Decretum Mitwoch den 22. Iulii... im fünff¬
          <lb/>zehenhundert, und im Neuntzigsten lahr. Und publicirt
          <lb/>auff den Schwörtag Anno &amp;amp;c. Neuntzig und Eins. (Verso blanc.)
          <lb/>Placard, in-fol., car. goth., 38 lignes, init. ornée W.
          <lb/>R 21 (29). 2ème ex. R 21 (30). 3ème ex. R 22 (57). Au verso
          <lb/>blanc: 1591. Verordnung wegen den Schuldnern.
          <lb/>4ème ex. R 22 (58). Au recto blanc: Wie es in Falliment undt
          <lb/>Frönungs sachen solle gehalten werden, 22. Iulii Anno 1631. (!) Signa¬
          <lb/>ture: Hochfelder prothonotarius Subscripsit.
          <lb/>Tous les 4 exemplaires proviennent de la Bibl. Heitz, Strasbourg.
          <lb/>1871.
          <lb/>1730
          <lb/>ORDONNANCE
          <lb/>Strasbourg 1594
          <lb/>WIr Hans Philips Böcklin, der Meister und der Rath
          <lb/>diser Freien Reichs Statt Straszburg, Thun Kund men¬
          <lb/>niglich, Demnach unsere liebe Vorfahren und Wir, von
          <lb/>vilen! laren her, zum offtermal inn bedencken gestanden,
          <lb/>Wie inn diser Statt solche Werck anzûrichten, Dasz eine
          <lb/>arme Burgerschafft... !... ihr Brot mit! ihrer Handarbeyt
          <lb/>gewinnen, vom müsziggang abgehalten, unnd die Almûsen
          <lb/>solcher beschwerden desto mehr erleichtert werden möch¬
          <lb/>ten. Und wir, sampt unsern Freunden den Einundzwentzi¬
          <lb/>gen, ohnlangs vor wenig laren zû solchem ende das Bar¬
          <lb/>chant weben auff ein ver- suchens zubestellen angefangen,
          <lb/>welches zu angeregtem vorhaben und besserer underhal¬
          <lb/>tung unserer Armen Burger, unnd ihrer Kinder nicht ohn¬
          <lb/>dienstlich befunden! worden.
          <lb/>So haben Wir uns... dahin entschlossen und erkandt,
          <lb/>solchen Barchanthandel zu Continuiren, unnd in ein recht
          <lb/>wesen zubringen... —
          <lb/>Actum &amp;amp; Decretum Montag den Eilfften Novembris,
          <lb/>Anno Fünffzehenhundert Neuntzig und Vier. (Verso blanc.)
          <lb/>Placard, in-fol., car. goth., 32 lignes, init, ornée W.
          <lb/>R22(9). Prov.: Bibl. Heitz, Strasbourg 1871. Signé: Iosephus
          <lb/>Iund Prothonotarius Subscripsit. Au verso blanc: 14. Mandat wegen Fa¬
          <lb/>bricatur und Barchet Handels den die Stadt angestelt undt under nom¬
          <lb/>men. 11. Nov, 1594.
          <lb/>1731
          <lb/>ORDONNANCE
          <lb/>Strasbourg 1594
          <lb/>WIr Hans Philips Böcklin, der Meister und der Raht,
          <lb/>diser Freyen Reichs Statt Straszburg, Thun Kund men¬
        </p>
      </div>
    </body>
  </text>
</TEI>
