<?xml version='1.0' encoding='UTF-8'?>
<?xml-model href="https://raw.githubusercontent.com/OpenITI/tei_openiti/master/tei_openiti.rng" type="application/xml" schematypens="http://relaxng.org/ns/structure/1.0"?>
<?xml-model href="https://raw.githubusercontent.com/OpenITI/tei_openiti/master/tei_openiti.rng" type="application/xml" schematypens="http://purl.oclc.org/dsdl/schematron"?>
<TEI xmlns="http://www.tei-c.org/ns/1.0">
  <teiHeader>
    <fileDesc>
      <titleStmt>
        <title/>
      </titleStmt>
      <publicationStmt>
        <p/>
      </publicationStmt>
      <sourceDesc>
        <p/>
      </sourceDesc>
    </fileDesc>
    <profileDesc>
      <calendarDesc>
        <calendar xml:id="ah">
          <p>Anno Hegirae</p>
        </calendar>
      </calendarDesc>
    </profileDesc>
    <xenoData xml:space="preserve">
CREATED: 2024-04-15T09:07:49.505969+00:00
CREATED BY: eScriptorium vpassthistobuildcmd
IMAGE FILENAME: A121078245.tif
IMAGE WIDTH: 2304
IMAGE HEIGHT: 3840
</xenoData>
  </teiHeader>
  <text>
    <body>
      <div>
        <p>
          <lb/>Baldung-Grien?) ; les autres bordures, ornements. Fol. a 2a: Tabula.
          <lb/>(2 pp.)
          <lb/>FR10.370 (1). Prov. : Schaveizerisches Antiquariat, Zurich 15/X
          <lb/>1883; 15 M. Notes mss., au milieu du titre, Sum R. D. Ioannis Petri
          <lb/>fuchs (?) sae Catharine Capel, 1673*, plus bas, 1564*, en bas, 15676.
          <lb/>Manque chez Schmidt qui cite une édition de 1508 par Knobloch.
          <lb/>Proctor II Sectio I n° 10120: Londres, Brit. Museum.
          <lb/>1752
          <lb/>PAMBST Paul
          <lb/>Strasbourg, Balth. Beck 1546
          <lb/>Loosbuch, zu ehren der Rö- mischen, Ungerischen
          <lb/>unnd Böhe- mischen Künigen. (Armoiries avec l’aigle impériale,
          <lb/>au-dessus, couronne royale.)
          <lb/>Mit Röm. Künigklicher Maiestat freiheyt. M. D. XLVI.
          <lb/>Verso blanc.)
          <lb/>A la fin: Getruckt z6̂ Straszburg, bei Balthassar Beck.
          <lb/>In-4°, car. goth., 2 col., 144 pp., la pagination commence seu¬
          <lb/>lement avec le chiffre arabe 12. Fol. A3 contient au recto et au verso
          <lb/>une roue de fortune avec 21 chiffres dont la pièce mobile du milieu
          <lb/>manque dans mon exemplaire. De nombreuses petites grav. de l’ancien
          <lb/>et du nouveau Testament.
          <lb/>Chaque partie du livre contient 21 personnages, d’abord 21 du
          <lb/>père Adam à Iessé, puis 21 héros de Iosué à Adonyas, ensuite 21 rois
          <lb/>de Saül à Zorobabel, ici il y a, outre les gravures, les différentes dis¬
          <lb/>positions de 3 dés, au-dessous chaque fois un nom, occupant la moitié
          <lb/>de chaque paye. Viennent ensuite 21 prophètes de Moïse à Malachias,
          <lb/>le texte occupe ici à peu près un tiers de la page, le reste est occupé
          <lb/>par une figure: au milieu petite grav, ronde, entourée de 3 grands
          <lb/>cercles, divisés en parcelles, dont chacune contient un mot et un chiffre.
          <lb/>Fol. 65-112 renferme les 12 apôtres (évangélistes et 5 autres
          <lb/>saints du temps des apôtres, en tout 21) avec une gravure pour chaque
          <lb/>saint et 1144 sentences variant entre 2 à 20 vers. En dernier lieu vien¬
          <lb/>nent Saturne, la Lune, Jupitre, Mars, le Soleil, Venus et Mercure de
          <lb/>fol. 139 à fol. 144: 7 gravures avec 53 sentences en vers.
          <lb/>Dans la préface au verso de fol. 2 l&amp;#x27;auteur explique comment il
          <lb/>faut se servir de la roue de fortune.
          <lb/>R10.085. Don de l’antiguaire Fid. Butsch fils, Augsbourg 29/VI
          <lb/>1876. En haut du titre:,Ex Bibliotheca Ioannis Adamantis de Gladich,
          <lb/>Vienna A? 1687; pages 69 et 70 manquent.
          <lb/>1753
          <lb/>PANORMITANUS Abbas. Voir: TUDESCHIS Nicolaus de
          <lb/>PANORMITANUS Petrus Hieremiae. Voir: PETRUS Hieremias
          <lb/>Panormitanus
          <lb/>1131
        </p>
      </div>
    </body>
  </text>
</TEI>
