<?xml version='1.0' encoding='UTF-8'?>
<?xml-model href="https://raw.githubusercontent.com/OpenITI/tei_openiti/master/tei_openiti.rng" type="application/xml" schematypens="http://relaxng.org/ns/structure/1.0"?>
<?xml-model href="https://raw.githubusercontent.com/OpenITI/tei_openiti/master/tei_openiti.rng" type="application/xml" schematypens="http://purl.oclc.org/dsdl/schematron"?>
<TEI xmlns="http://www.tei-c.org/ns/1.0">
  <teiHeader>
    <fileDesc>
      <titleStmt>
        <title/>
      </titleStmt>
      <publicationStmt>
        <p/>
      </publicationStmt>
      <sourceDesc>
        <p/>
      </sourceDesc>
    </fileDesc>
    <profileDesc>
      <calendarDesc>
        <calendar xml:id="ah">
          <p>Anno Hegirae</p>
        </calendar>
      </calendarDesc>
    </profileDesc>
    <xenoData xml:space="preserve">
CREATED: 2024-04-15T09:07:52.307285+00:00
CREATED BY: eScriptorium vpassthistobuildcmd
IMAGE FILENAME: A121078328.tif
IMAGE WIDTH: 2324
IMAGE HEIGHT: 3846
</xenoData>
  </teiHeader>
  <text>
    <body>
      <div>
        <p>
          <lb/>1214
          <lb/>chen tha-ten, der aller durchleüchtigsten männer, Grie¬
          <lb/>chen und Römer, Künig, Burgermeister, und Hauptleüten,
          <lb/>als namlich, Tesei Künig zû Athen Ro- muli und Femi &amp;amp;c.
          <lb/>Deren sechs und viertzig underscheidenlich nach einander,
          <lb/>mitren leben (und wo es die noturfft erfordert) mit
          <lb/>figuren anzeigt. Namlich, durch den Fürnemen und weisen
          <lb/>Herren Hieronymum Boner! derzeit Stettmeister, der löbli¬
          <lb/>chen Reichstatt Colmar, imm! Elsasz, ausz Latein inn das
          <lb/>nachvolgend! Teütsch, gemeinem nutz zu gût ! verwendt.
          <lb/>Zû Colmar bey Barptolome Grüninger.(Vign.) M. D.
          <lb/>XLI. (entre 2 feuilles de lierre. Verso blanc.)
          <lb/>A la fin: Gedruckt in der loblichen Statt Colmar durch
          <lb/>Barptolomeum Grieninger, und vollendet den neünund
          <lb/>zweintzigsten tag Martii, im jar nach Christi! unsers selig¬
          <lb/>machers geburt M. D. XLI.
          <lb/>In-fol., car. goth., 5 ff. non ch., CCCCLXXXIV ff. ch., 1 f. non
          <lb/>ch. (table); à la suite, avec nouvelle pagination CLXI f. ch. (commen¬
          <lb/>cant avec la vie d’Alexandre et finissant avec celle de Caton); titre cou¬
          <lb/>rant, réclames, notes marg., grandes init, goth.; une vingtaine de grav.,
          <lb/>empruntées à des éditions antérieures, illustrant le texte.
          <lb/>Fol. 2a non ch.: texte du privilège impérial pour 4 années. A la
          <lb/>fin: Geben inn unserm Künigklichen Schlosz zâ Prag, den andern tag
          <lb/>des Monats Januarii. Anno &amp;amp;c. im vier und! dreissigsten, unserer Reich,
          <lb/>des Römischen im dritten, und der andern im achten. Ferdinandus. Au
          <lb/>verso : armoiries. Au-dessous :... Herrn Georgen, Gra-] ven za Wirtem¬
          <lb/>berg unnd Mumpelgart &amp;amp;c. meim Gnädigen Herren Empeüt ich Hie¬
          <lb/>ronymus Boner, diser zeit Stettmeister! zâ Colmar, mein... dienst... —
          <lb/>Datum Colmar, den 29. tag Martii. Anno 1541. Hieronymus Boner,
          <lb/>Stett-meister zû Colmar. (Dédicace de 2 pp. Il y dit entre autres que
          <lb/>l’auteur a donné la traduction de la guerre d’Espagne à l’imprimeur, il
          <lb/>y quelques années, et qu’il voulait la dédier au prince, mais comme
          <lb/>l&amp;#x27;impression a trop de retard, il lui offre le Plutarque qui vient d’être
          <lb/>imprimé.)
          <lb/>R10.453. Prov.: Bibl. Heitz, Strasbourg 1871. Ex-libris de Strobel
          <lb/>(la cathédrale de Strasbourg) à l&amp;#x27;intérieur de la couverture.
          <lb/>1896
          <lb/>Paris, Bibl. Nat., Rés. J. 878.
          <lb/>PLUTARCHUS
          <lb/>Strasbourg, J. Schott 1544
          <lb/>GUoter Sytten, xxi Bücher. Nammlich disze, Von
          <lb/>Burgerlicher Polizey unnd leben anzûrichten.Von der
          <lb/>leer und weiszheit der Fürsten.(Suivent 19 lign. de table.)
          <lb/>Au-dessous: Syttliche Hoff Sprüch der alt en Künigen,
          <lb/>Fürsten, Herren und Weiszen Philo- sophen. Mit vorgon¬
        </p>
      </div>
    </body>
  </text>
</TEI>
