<?xml version='1.0' encoding='UTF-8'?>
<?xml-model href="https://raw.githubusercontent.com/OpenITI/tei_openiti/master/tei_openiti.rng" type="application/xml" schematypens="http://relaxng.org/ns/structure/1.0"?>
<?xml-model href="https://raw.githubusercontent.com/OpenITI/tei_openiti/master/tei_openiti.rng" type="application/xml" schematypens="http://purl.oclc.org/dsdl/schematron"?>
<TEI xmlns="http://www.tei-c.org/ns/1.0">
  <teiHeader>
    <fileDesc>
      <titleStmt>
        <title/>
      </titleStmt>
      <publicationStmt>
        <p/>
      </publicationStmt>
      <sourceDesc>
        <p/>
      </sourceDesc>
    </fileDesc>
    <profileDesc>
      <calendarDesc>
        <calendar xml:id="ah">
          <p>Anno Hegirae</p>
        </calendar>
      </calendarDesc>
    </profileDesc>
    <xenoData xml:space="preserve">
CREATED: 2024-04-15T09:07:51.853270+00:00
CREATED BY: eScriptorium vpassthistobuildcmd
IMAGE FILENAME: A121078317.tif
IMAGE WIDTH: 2322
IMAGE HEIGHT: 3848
</xenoData>
  </teiHeader>
  <text>
    <body>
      <div>
        <p>
          <lb/>*R102.064. Prov.: A. Cohn, Berlin 29/XH 1877, 4 M. 50.
          <lb/>BN Paris, Rés. M. 319; Proctor 10307: Bondres, British Mu¬
          <lb/>seum; Schmidt IV p. 22 n° 21: son exemplaire et Jadis Bibl. Stras¬
          <lb/>bourg, incun, n° 117; Walter: Sélestat n° 2042. Bœr, Francfort-s.-M.,
          <lb/>Catal. 500 (1907), n° 918; 90M.
          <lb/>1878
          <lb/>PIUS II: Epistola de litterarum studiis. Voir: Wimpheling: Ado¬
          <lb/>lescentia. Strasbourg, M. Hupfuff 1515.
          <lb/>PLANETEN-BUCH
          <lb/>Strasbourg, Josias Rihel 1575
          <lb/>(Planeten-Buch.) (Titre fictif, feuille du titre manque.)
          <lb/>A la fin: Gedruckt zâ Straszburg bey Josia Rihel,! Im
          <lb/>Jar Christi. 1 M. D. LXXV.
          <lb/>In-8°, car. goth., 5 ff. non ch., CXCIV ff. ch., 1 f. non ch. (ta¬
          <lb/>ble), titre courant, réclames, init. ornées, de nombreuses petites grav.
          <lb/>se rapportant à l’astronomie, l’astrologie, la chiromancie etc.
          <lb/>La première et deuxième partie traitent des planètes f. 1 à 58.
          <lb/>La troisième partie va de f. 59-194: Das dritt Theil desz Pla-neten
          <lb/>Bâchs, darinn Phisiogno! mi und Chiromanci be-! griffen.
          <lb/>Eyn newes Complexion Büchlin, der Menschen geburt, sitten, ge¬
          <lb/>berden unnd neyglichkeyten, ausz der Phisiognomi, Chiromanci, den siben
          <lb/>Planeten, zwölff Zeychen, unnd den xxxvi. Bildern des Himmels. Auch
          <lb/>nach den zwölff Mo¬ naten, leichtlich und gründtlich zû erlernen, ausz
          <lb/>Pla tone, Aristotele, Ptolemeo, Hali Albumasar, unnd! Johanne Künigs¬
          <lb/>perger, &amp;amp;c. in fünff Büchlin kürtz- lich gezogen, Und im sechsten wer¬
          <lb/>den erzölt wunder! gestalt der leüt mit ihren sitten. (En partie ressem¬
          <lb/>blance avec le Complexion Büchlin n° 571.)
          <lb/>Fol. a 2a: Vorred inn dises Natur- büchlin, wie das die gestirn
          <lb/>nur! neigen, unnd nit nö- tigen.
          <lb/>R101143. Prov. inconnue; f. du titre mangne. A l&amp;#x27;intérieur de
          <lb/>la couverture:Johann Auxinger von Pfaffenhausen.&amp;quot;
          <lb/>1879
          <lb/>1208
          <lb/>PLATINA Baptista
          <lb/>Strasbourg, J. Knobloch 1517
          <lb/>PLATINA DE HONESTA VOLVPTA! te &amp;amp; valitudine, vel de
          <lb/>obsoniis, &amp;amp; arte Coquinaria libri decem. Othmari Lus¬
          <lb/>cinii Argentini ad Lectorem Hexastichon. (3 dist. Verso blanc.)
          <lb/>A la fin: ... Argentinae in officinaloannis Knoblouch.
          <lb/>Anno salu! tis nostrae. M. D. XVII.
          <lb/>In-4°, car, rom., 72 ff. non ch., sign. a-n, init, ornées.
          <lb/>Fol. a 2a: Platina de honesta voluptate... ad D. B. Roverellam,
          <lb/>S. Clementis presbyterum Cardinalem.
        </p>
      </div>
    </body>
  </text>
</TEI>
