<?xml version='1.0' encoding='UTF-8'?>
<?xml-model href="https://raw.githubusercontent.com/OpenITI/tei_openiti/master/tei_openiti.rng" type="application/xml" schematypens="http://relaxng.org/ns/structure/1.0"?>
<?xml-model href="https://raw.githubusercontent.com/OpenITI/tei_openiti/master/tei_openiti.rng" type="application/xml" schematypens="http://purl.oclc.org/dsdl/schematron"?>
<TEI xmlns="http://www.tei-c.org/ns/1.0">
  <teiHeader>
    <fileDesc>
      <titleStmt>
        <title/>
      </titleStmt>
      <publicationStmt>
        <p/>
      </publicationStmt>
      <sourceDesc>
        <p/>
      </sourceDesc>
    </fileDesc>
    <profileDesc>
      <calendarDesc>
        <calendar xml:id="ah">
          <p>Anno Hegirae</p>
        </calendar>
      </calendarDesc>
    </profileDesc>
    <xenoData xml:space="preserve">
CREATED: 2024-04-15T09:07:42.734752+00:00
CREATED BY: eScriptorium vpassthistobuildcmd
IMAGE FILENAME: A121078006.tif
IMAGE WIDTH: 2376
IMAGE HEIGHT: 3850
</xenoData>
  </teiHeader>
  <text>
    <body>
      <div>
        <p>
          <lb/>890
          <lb/>tarii, Qui bus, palàm sit, quid tam de illa, quàm de
          <lb/>aliis Monachorum Regulis et con! stitutionibus sentiendum
          <lb/>sit.! In Epistola, quae à libri capite est, multarum sec¬
          <lb/>tarum perditionis Ca-] talogum invenies.! FRANCISCO Lam¬
          <lb/>berto Gallo! Theologo authore. (Verso blanc.)
          <lb/>In-8, car. ital., 62 ff. non ch., 1 f. blanc, sign. a-h, titre courant,
          <lb/>réclames, notes marg., belles init. Encadrement de Knobloch avec le mot
          <lb/>AROHS dans la bande inférieure. (Voir: Gœtze A.: «Die hochdeutschen
          <lb/>Drucker.» Strasbourg 1905, p. 66 n° 22.)
          <lb/>Fol. a 2a: MARTINVS! LVTHER, PIO LECTORI... — Wittem¬
          <lb/>ber-1 gae. M. D. XXIII. (2 pp.)
          <lb/>Fol. a 3a: ANNEMVNDVS COCTVS Eques Gallus, pio Lec¬
          <lb/>tori... — Wittembergae. M. D. XXIII. (4 pp.)
          <lb/>Fol. a 5a: FRANCISCVS ] LAMBERTVS AVENION. In- utilis
          <lb/>IESV CHRISTI seruus. Charissi-mis fratribus, uniuersis
          <lb/>Minoritanae institu tionis professoribus.... — Wittem¬
          <lb/>bergae Mense Mar tio 1523. (14 pp.)
          <lb/>R102.044. Prov.: Bibl. Ch. Schmidt, avec son ex-libris et des
          <lb/>notes mss. de sa main: «Vient de la bibl. Förstemann à Halle.» «Cette
          <lb/>édition, s. l. n. d., est imprimée à Strasbourg. Comme la préface de Lam¬
          <lb/>bert est datée de Wittemberg, Mars 1523, on en a conclu que le livre
          <lb/>avait paru pour la première fois en cette ville et en cette année, et que
          <lb/>la présente édition n’est qu’une réimpression. Cependant comme personne
          <lb/>n’a vu cette prétendue édition de Wittemberg, il se pourrait fort bien
          <lb/>que la présente fut la lère. Une 2e édition, Strasb., chez Herwagen, Mai
          <lb/>1525, est augmentée de quelques pièces. Selon Gerbelius IV, 14, il y en
          <lb/>avait aussi une de Nuremberg, 1525.»
          <lb/>DOMMER A. v.: Lutherdrucke (Leipaig 1888) n° 352. 1323
          <lb/>LAMBERTUS Franciseus
          <lb/>Strasbourg, J. Herwagen 1524
          <lb/>IN CAN-] TICA CANTICO-] rum Salomonis, libellum qui¬
          <lb/>dem sen sibus altiss. in quo sublimia sacriConiugii
          <lb/>mysteria, quae in Chri sto &amp;amp; Ecclesia sunt, pertra ctan¬
          <lb/>tur, Francisci Lamb.!Auenionensis Com! mentarii, ! Wit¬
          <lb/>tembergae praelecti.
          <lb/>ARGENTORATI. An. M. D. XXIV. (Verso blanc.)
          <lb/>A la fin: ARGENTORATI APVD JO- HANNEM HERVAGIVM
          <lb/>MENSE AVGVSTO ANNO M. D.(XXIIII. (Verso blanc.)
          <lb/>In-8°, car. ital., 8 ff. non ch., 119 ff. ch., titre courant, réclames;
          <lb/>titre encadré comme le n° précédent.
          <lb/>R 102.148 (4). Prov.: Bibl. Ed. Reuss, Strasbourg 1891 avec son
          <lb/>autogr. et la note ms.: «Ulm 1885, fr. 4.»
          <lb/>1324
        </p>
      </div>
    </body>
  </text>
</TEI>
