<?xml version='1.0' encoding='UTF-8'?>
<?xml-model href="https://raw.githubusercontent.com/OpenITI/tei_openiti/master/tei_openiti.rng" type="application/xml" schematypens="http://relaxng.org/ns/structure/1.0"?>
<?xml-model href="https://raw.githubusercontent.com/OpenITI/tei_openiti/master/tei_openiti.rng" type="application/xml" schematypens="http://purl.oclc.org/dsdl/schematron"?>
<TEI xmlns="http://www.tei-c.org/ns/1.0">
  <teiHeader>
    <fileDesc>
      <titleStmt>
        <title/>
      </titleStmt>
      <publicationStmt>
        <p/>
      </publicationStmt>
      <sourceDesc>
        <p/>
      </sourceDesc>
    </fileDesc>
    <profileDesc>
      <calendarDesc>
        <calendar xml:id="ah">
          <p>Anno Hegirae</p>
        </calendar>
      </calendarDesc>
    </profileDesc>
    <xenoData xml:space="preserve">
CREATED: 2024-04-15T09:07:54.793633+00:00
CREATED BY: eScriptorium vpassthistobuildcmd
IMAGE FILENAME: A121078410.tif
IMAGE WIDTH: 2370
IMAGE HEIGHT: 3836
</xenoData>
  </teiHeader>
  <text>
    <body>
      <div>
        <p>
          <lb/>1296
          <lb/>ROSS-ARZNEIBUCH
          <lb/>Strasbourg, L. Zetzner, 1599
          <lb/>Ross Artzney Buch!Darinnen zu fin! den, wie allerhand
          <lb/>zufälli-ger Kranckheiten unnd Gebrechen der Pferd zu
          <lb/>erkennen, auch mit wolbe-! wehrten, füglichen und für¬
          <lb/>stendigen Mitteln und Artzneyen zu wenden seyen.Beyne¬
          <lb/>ben anzei- gung sonderbarer stück und fürnembster Hand¬
          <lb/>griff, so zum theil biszhero in grosser geheim! gehalten
          <lb/>worden. Allen Reuttersleuten, Hufschmiden, und! sonst
          <lb/>menniglichen, so mit Pferden umbgehen,zu nutz unnd
          <lb/>guttem beschrieben. Durch einen Anonymum der Roszartz¬
          <lb/>ney! unnd Reutterey sonderlichen Liebhabern.
          <lb/>Marque typ. de L. Zetzner. (H. &amp;amp; B., Planche XLIX,
          <lb/>No 21). Gedruckt zu Straszburg, Jnn verlegung Lazari
          <lb/>Zetzners, Jm Jar, 1599. (Verso blanc.)
          <lb/>In-8°, car. goth., 8 ff. non ch., 444 pp. ch., 14 ff. non ch. (Index), et 8 ff.
          <lb/>blancs, titre courant, réclames, titre rouge et noir.
          <lb/>fol. 2a non ch. : (Bande d’ornement)... Hansz Georgen von Brün-]]
          <lb/>nighofen Fürstlichen Würtembergi- schen Raht, und Groszhoffmeister
          <lb/>zu ]! Mümpelgart... Datum!! Mümpelgart den 24. !! Martij 1598.
          <lb/>Jacob Foillet. (5 pp.)
          <lb/>R. 101.885. Prov. : K. Th. Völcker, Francfort s. M., 15/III, 1897; 4 M.
          <lb/>De nombreuses notes mss.
          <lb/>2024
          <lb/>ROSSLIN Eucharius
          <lb/>Strasbourg, M. Flach, 1513
          <lb/>Der Swangern Frauwen undhebammen Ro! sengarten.
          <lb/>(Verso blanc.)
          <lb/>A la fin : Argentine Martinus Flach iunior impressit!! Domi¬
          <lb/>nica letare Anno. Mecccc xiii Corre-ctore Joanne Adelpho
          <lb/>physico, qui sin gula hec approbat atque commendat.
          <lb/>Cupiens in secretioribus edium partibus conseruari atque
          <lb/>cu- stodiri. Ne thesaurus mu] lierum indignis coniecetur
          <lb/>et ante porcos marga ] rite spargeretur.
          <lb/>In-4°, car. goth., 57 ff. non ch., sign. A-O, titre courant, init. d’attente,
          <lb/>encadrement du titre attribué à Wechtelin, composé de 4 pièces juxta¬
          <lb/>posées, bande supérieure, feston, bande inférieure, au milieu 2 enfants
          <lb/>qui se querellent, aux 2 extrémités deux autres enfants, tenant chacun
          <lb/>un moulin à vent; celui de gauche a en outre une sorte de cuirasse et sonne
          <lb/>la trompette; bordure de droite, instruments de musique suspendus à
          <lb/>une hampe ornée, bordure de gauche, un trophée d’armes suspendu aussi
          <lb/>à une hampe ornée. Encadrement employé aussi par J. Schott.
          <lb/>Gravure au recto du fol. A 3 : l’auteur présente son livre à Catherine de
          <lb/>Saxe, accompagnée de deux dames de sa cour, avec le monogr. Mb; fol.
          <lb/>C 4b et E 4b : une femme assise sur la chaise d’accouchement, à côté
          <lb/>la sage-femme et une servante. De nombreuses petites gravures de fœtus.
          <lb/>fol. A 2a : Privilège impérial, daté de Cologne 24 septembre 1512.
          <lb/>fol. A 3b : Der hochgebornen fürstin und !] frawen fraw Katherina
          <lb/>geborn von Sachsen, Hertzogin zù brunstzwigk... — Datum zu Worms
        </p>
      </div>
    </body>
  </text>
</TEI>
