<?xml version='1.0' encoding='UTF-8'?>
<?xml-model href="https://raw.githubusercontent.com/OpenITI/tei_openiti/master/tei_openiti.rng" type="application/xml" schematypens="http://relaxng.org/ns/structure/1.0"?>
<?xml-model href="https://raw.githubusercontent.com/OpenITI/tei_openiti/master/tei_openiti.rng" type="application/xml" schematypens="http://purl.oclc.org/dsdl/schematron"?>
<TEI xmlns="http://www.tei-c.org/ns/1.0">
  <teiHeader>
    <fileDesc>
      <titleStmt>
        <title/>
      </titleStmt>
      <publicationStmt>
        <p/>
      </publicationStmt>
      <sourceDesc>
        <p/>
      </sourceDesc>
    </fileDesc>
    <profileDesc>
      <calendarDesc>
        <calendar xml:id="ah">
          <p>Anno Hegirae</p>
        </calendar>
      </calendarDesc>
    </profileDesc>
    <xenoData xml:space="preserve">
CREATED: 2024-04-15T09:07:46.469226+00:00
CREATED BY: eScriptorium vpassthistobuildcmd
IMAGE FILENAME: A121078132.tif
IMAGE WIDTH: 2314
IMAGE HEIGHT: 3850
</xenoData>
  </teiHeader>
  <text>
    <body>
      <div>
        <p>
          <lb/>1018
          <lb/>tae ac editae sunt, nunc primum in gratiam, &amp;amp; commu¬
          <lb/>nem studio- sorum utilitatem, optimo ordine, in tres to¬
          <lb/>mos distinctae, opera &amp;amp; studio M. Iohan nis Richardii
          <lb/>I. C. &amp;amp; Mathe-matici Argentora-] tensis.! Tomus I. Philo¬
          <lb/>sophicus. (Marque typ. de Theodosius Rihel. HAB Planche XXXI
          <lb/>n° 10; Silvestre n° 854.)
          <lb/>Cum Gratia &amp;amp; Privilegio Caesareo. AGENTORATÍ
          <lb/>Excudebat Theodosius Rihelius, (Verso blanc.)
          <lb/>In-8°, car. ital., 8 ff. non ch., 788 pp., 2 ff. non ch. (table), verso
          <lb/>du dernier blanc; titre courant, réclames, notes marg., de nombreuses
          <lb/>initiales.
          <lb/>8. Cal. Septemb. 1570, quo anno 1518 venit Vuitebergam D. Philippus
          <lb/>F. 2a non ch. : Domino Augusto, Duci Saxoniae... Argentinae,
          <lb/>Melanthon. Iohannes Richardius, alias Vuinkelius. (Préface de 14 pp.)
          <lb/>R100.885 (1). Prov.: Don du pasteur Heyche à Ernsdorf près
          <lb/>Reichenbach (Silésie) 1871. Sur la couverture, en haut, les lettres EVE,
          <lb/>en bas, 1572.
          <lb/>1558
          <lb/>MELANCHTHON Philippus
          <lb/>Strasbourg, Th. Rihel (1570]
          <lb/>Declamationum D. PHILIPPI MELANTHONIS... Tomus
          <lb/>II. Medicus ac luridicus. (Verso blanc.) Marque typ. de Theod.
          <lb/>Rihel. (HEB Planche XXXI n° 10; Silvestre n° 854.)
          <lb/>Cum Gratia et Privilegio Caesareo. ARGENTORATI,
          <lb/>Excudebat Theodosius Rihelius.
          <lb/>In-8°, ear. ital, 8 ff. non ch., 874 pp., 4 ff. non ch. dont les
          <lb/>2 derniers blancs, notes marg., de nombreuses init, ornées.
          <lb/>Fol. 2a:... Domino Friderico, Palatino Rheni, Bavariae Duci... —
          <lb/>Argentinae pridie Calendas Decembris. Anno 1570... M. Johannes Ri¬
          <lb/>chardius! aliâs Vuinkelius... (7 ff.)
          <lb/>R100.885 (2). Prov.: BN Munich T/V 1877; OM. 60. A l&amp;#x27;inté¬
          <lb/>rieur de la couverture, ex-libris: Ex Electorali Bibliotheca Sereniss.
          <lb/>Utriusque Bavariae Ducum. Au verso du f. de garde : Duplum Biblio¬
          <lb/>thecae regiae Monacensis. 1 M. 20.
          <lb/>2ème ex.: R 101.022 (1). Prov.: Bibl. Ed. Bœcking, avec son ex¬
          <lb/>libris à l&amp;#x27;intérieur de la couverture.
          <lb/>3ème ex.: R 102,219. Prov.: Bibliothécaire List, Strasbourg 31/x
          <lb/>1895. Au recto du f. de garde :,Johannes Stamler Norimbergensis A. C.
          <lb/>1632.4 Sur la couverture extérieure: en haut, C. N., en bas, 1583.
          <lb/>1559
          <lb/>MELANCHTHON Philippus
          <lb/>Strasbourg, Th. Rihel (I5rOl
          <lb/>Declamationum D. PHILIPPI MELANTHONIS... Tomus
          <lb/>III. Theologicus. (Marque typ. de Theodosius Rihel. H a B Planche
          <lb/>XXXI n° 10; Silvestre n° 854.)
        </p>
      </div>
    </body>
  </text>
</TEI>
