<?xml version='1.0' encoding='UTF-8'?>
<?xml-model href="https://raw.githubusercontent.com/OpenITI/tei_openiti/master/tei_openiti.rng" type="application/xml" schematypens="http://relaxng.org/ns/structure/1.0"?>
<?xml-model href="https://raw.githubusercontent.com/OpenITI/tei_openiti/master/tei_openiti.rng" type="application/xml" schematypens="http://purl.oclc.org/dsdl/schematron"?>
<TEI xmlns="http://www.tei-c.org/ns/1.0">
  <teiHeader>
    <fileDesc>
      <titleStmt>
        <title/>
      </titleStmt>
      <publicationStmt>
        <p/>
      </publicationStmt>
      <sourceDesc>
        <p/>
      </sourceDesc>
    </fileDesc>
    <profileDesc>
      <calendarDesc>
        <calendar xml:id="ah">
          <p>Anno Hegirae</p>
        </calendar>
      </calendarDesc>
    </profileDesc>
    <xenoData xml:space="preserve">
CREATED: 2024-04-15T09:07:49.843393+00:00
CREATED BY: eScriptorium vpassthistobuildcmd
IMAGE FILENAME: A121078254.tif
IMAGE WIDTH: 2306
IMAGE HEIGHT: 3848
</xenoData>
  </teiHeader>
  <text>
    <body>
      <div>
        <p>
          <lb/>1140
          <lb/>zûvergleichen. Was kranckheiten ein yeglichs angreif¬f
          <lb/>Vorhin von niemands, mit sollichem fleysz unnd! herr¬
          <lb/>lichen grundt, underricht unnd mit nutzbarkeit an tag
          <lb/>gegeben worden. Dann hierin steckt der edel wasser¬
          <lb/>schatz, die rechte Idro mancia beschriben. (3 feuilles de trèfle.)
          <lb/>Durch den hocherfarnen Herren Theophrastum Para¬
          <lb/>celsum. Mit flevsz und müe, Doctor Adams von Boden¬
          <lb/>stein, [ zû einem gûten neuwen jar publicirt.Á
          <lb/>κat̀ dnéys.&amp;quot;»
          <lb/>Gedruckt zû Mülhausen, im oberen El- säsz, durch
          <lb/>Peter Schmid, 1562. (Verso blanc.)
          <lb/>Au verso du dernier f. marque typ. de P. Schmid. (HAB Planche
          <lb/>LXXV n° I.)
          <lb/>In-4°, car. goth., 32 ff. non ch., sign. A-H, titre courant, récla¬
          <lb/>mes, init. goth.; titre rouge et noir.
          <lb/>Fol. A 2a: (Feuille de lierre.) Dem... Herren,Melchior Dorsz,
          <lb/>Appoteckern, der weyt be- rümpten Statt Colmar, meinem vertru- weten
          <lb/>lieben Brûder... Gegeben zù Basel! den 8. Martü. Anno M. D. LXII.
          <lb/>Adam von Bodenstein, Philosophiae, auch Medicinae Doctor.
          <lb/>Fol. E 3b : Gravuve sur bois, 5 femmes nues et 3 hommes nus
          <lb/>dans une piscine, au milieu une fontaine; cette grav, est répétée fol.
          <lb/>F 2b, G 2b et G4b.
          <lb/>Fol. F 3b : Petite grav. sur bois, à gauche, sous un arbre un
          <lb/>homme embrassant une femme, à droite, sous un arbre 2 femmes nues
          <lb/>dans une baignoire, au milieu 2 enfants nus assis. (Voir la reproduc¬
          <lb/>tion ci-dessous.) De nombreuses bandes ornem.
          <lb/>R100.624. Prov.: L. Rosenthal, Munich 2/XI1888; 24 M.
          <lb/>1768
          <lb/>BN Paris 40 Teisa, 5.
          <lb/>Non Sassiner Bao.
          <lb/>8
          <lb/>Fol. F 3b
        </p>
      </div>
    </body>
  </text>
</TEI>
