<?xml version='1.0' encoding='UTF-8'?>
<?xml-model href="https://raw.githubusercontent.com/OpenITI/tei_openiti/master/tei_openiti.rng" type="application/xml" schematypens="http://relaxng.org/ns/structure/1.0"?>
<?xml-model href="https://raw.githubusercontent.com/OpenITI/tei_openiti/master/tei_openiti.rng" type="application/xml" schematypens="http://purl.oclc.org/dsdl/schematron"?>
<TEI xmlns="http://www.tei-c.org/ns/1.0">
  <teiHeader>
    <fileDesc>
      <titleStmt>
        <title/>
      </titleStmt>
      <publicationStmt>
        <p/>
      </publicationStmt>
      <sourceDesc>
        <p/>
      </sourceDesc>
    </fileDesc>
    <profileDesc>
      <calendarDesc>
        <calendar xml:id="ah">
          <p>Anno Hegirae</p>
        </calendar>
      </calendarDesc>
    </profileDesc>
    <xenoData xml:space="preserve">
CREATED: 2024-04-15T09:07:48.996530+00:00
CREATED BY: eScriptorium vpassthistobuildcmd
IMAGE FILENAME: A121078223.tif
IMAGE WIDTH: 2306
IMAGE HEIGHT: 3846
</xenoData>
  </teiHeader>
  <text>
    <body>
      <div>
        <p>
          <lb/>Placard, in-fol., car. goth., 39 lignes, init. ornée W.
          <lb/>R 22 (25). Prov.: Bibl. Heitz, Strasbourg 1871. Signé: Jo. Mayer
          <lb/>Prothonotarius Subscripsit.
          <lb/>1717
          <lb/>ORDONNANCE
          <lb/>Strasbourg 1547
          <lb/>WIr Ulman Böcklin, der Maister und der Rhat zû
          <lb/>Straszburg, Thun kundt, Nach dem wir sampt unsern
          <lb/>Freunden den Ein und zwentzigen... etlichen malen,
          <lb/>und namlich der Drei und vierzigsten und Fünff und
          <lb/>viertzigsten Jarnnechst vergangen, gebotten und ver¬
          <lb/>botten haben, das keiner unserer Burger... in keinen
          <lb/>krieg reiten, faren... soll... .... Darumb so wöllen wir
          <lb/>alle und jede Mandata und Gebott, so unsere vorfaren
          <lb/>und wir etlich jar her, wie angezogen, gethon, sampt und
          <lb/>sonders, widerumben erne-wert, erfrischet, und hiemit
          <lb/>von newen verkündt haben... —
          <lb/>Actum et Decretum montag den vierdten Aprilis,.
          <lb/>Fünffzehenhundert viertzig und siben Jar. (Verso blanc.)
          <lb/>Placard, in-fol., car. goth., 29 lignes, init. goth. W.
          <lb/>R21 (24). Prov.: Bibl. Heitz, Strasbourg 1871. Au verso: Kriegs-
          <lb/>mandat 47.
          <lb/>2ème ex. R 22(40). Même provenance. Au verso blanc: 1547.
          <lb/>Verbot sich in fremde Fehden zu mischen etc.
          <lb/>1718
          <lb/>ORDONNANCE
          <lb/>Strasbourg 1550
          <lb/>WIR Hanns lacob Widergrein von Stauffenberg der
          <lb/>Maister und der Raht zô Straszburg, Thund khund, Wie¬
          <lb/>wol wir sampt unsern Freünden den Ein und zweintzigen
          <lb/>vergangner jarn Ordnungen geben und fürgenommen, auch
          <lb/>offentlich in Truck auszgehn und auff- schlagen lassen,
          <lb/>wie es mit Brautlauffen und Hochzeiten allhie und diser
          <lb/>Statt Oberkeit gehalten werden solle...!... So haben wir
          <lb/>uns sampt unsern Freünden den Einund Zwentzigen
          <lb/>volgender Ordnung endschlossen, Und gebietten hierauff
          <lb/>allen...... sich derselben un serer Ordnung zûhalten,
          <lb/>bei den straffen und peenen, so bei einem ieden puncten
          <lb/>in derselben hernachher und underschiedlich begriffen seind.
          <lb/>(Suit le texte de l’Ordonnance.)
          <lb/>Erkant Mitwoch den fünfften Novembris, der jar...
          <lb/>Fünfftzehenhun-dert und Fünfftzig, (Verso blanc.)
          <lb/>Placard, in-fol., car. goth., 57 lignes, init, ornée W.
          <lb/>R 21 (26). Prov.: Bibl. Heitz, Strasbourg 1871. Endommagé au
          <lb/>milieu.
          <lb/>1719
          <lb/>1109
        </p>
      </div>
    </body>
  </text>
</TEI>
