<?xml version='1.0' encoding='UTF-8'?>
<?xml-model href="https://raw.githubusercontent.com/OpenITI/tei_openiti/master/tei_openiti.rng" type="application/xml" schematypens="http://relaxng.org/ns/structure/1.0"?>
<?xml-model href="https://raw.githubusercontent.com/OpenITI/tei_openiti/master/tei_openiti.rng" type="application/xml" schematypens="http://purl.oclc.org/dsdl/schematron"?>
<TEI xmlns="http://www.tei-c.org/ns/1.0">
  <teiHeader>
    <fileDesc>
      <titleStmt>
        <title/>
      </titleStmt>
      <publicationStmt>
        <p/>
      </publicationStmt>
      <sourceDesc>
        <p/>
      </sourceDesc>
    </fileDesc>
    <profileDesc>
      <calendarDesc>
        <calendar xml:id="ah">
          <p>Anno Hegirae</p>
        </calendar>
      </calendarDesc>
    </profileDesc>
    <xenoData xml:space="preserve">
CREATED: 2024-04-15T09:07:49.489364+00:00
CREATED BY: eScriptorium vpassthistobuildcmd
IMAGE FILENAME: A121078244.tif
IMAGE WIDTH: 2306
IMAGE HEIGHT: 3846
</xenoData>
  </teiHeader>
  <text>
    <body>
      <div>
        <p>
          <lb/>1130
          <lb/>In-4°, car. rom., XXXI ff. ch. et 1 f. non ch., la pagination com¬
          <lb/>mence avec chiffre V, titre courant, notes marg., init. d’attente; titre
          <lb/>1
          <lb/>encadré.
          <lb/>Au verso du titre : Nicolaus Gerbellius! Phorcensis. D. D. magni¬
          <lb/>fico viro Do. Tho- mae Truchses Canonico et scholastico ! ecclesiae Spi¬
          <lb/>rensis. S. D. P....
          <lb/>Fol. A 2a: Ad... Ricardum Norwicensem Epi scopum Anglicum
          <lb/>dignissimum Philippi! Phasianini Bononiensis. Epistola.
          <lb/>*R100.046. Prov. inconnue.
          <lb/>Proctor II Sectio I n° 10946: Londres, Brit. Museum; Schmidt
          <lb/>1750
          <lb/>VIII n° 206: Bibl, cantonale d’Aarau.
          <lb/>PALLADINO Jacopo. Voir: JACOBUS DE THERAMO
          <lb/>PALUDANUS
          <lb/>Strasbourg, J. Knobloch 1515
          <lb/>Sermones Thesau l’ri novi de Sanctis, (Verso blanc.)
          <lb/>A la fin: Opus perutile sermonum de sanctis per cir¬
          <lb/>culum anni. Thesaurus novus nuncupatum impressum
          <lb/>Argentine per lohannem Knoblouch. Anno domini M. D. XV.
          <lb/>Die duodecima mensis Marcii.
          <lb/>In-fol., car. goth., 2 col., 211 ff. non ch., sign. a—, A M, titre
          <lb/>courant, init, d’attente. Fol. a 2a: Tabula alphabetica. (8 ff.)
          <lb/>R10370(2). Prov. : Schwveizerisches Antiquariat, Zurich 15/X
          <lb/>1883.
          <lb/>1751
          <lb/>PALUDANUS
          <lb/>Strasbourg, J. Knobloch 1518
          <lb/>SErmones qua dragesimales: Thesau ri (ut aiunt)
          <lb/>novi: e sacrarum lectionum! cum quattuor evangeliarum:
          <lb/>tum totidem! ecclesie doctorum, necnon aliorum divi! ne
          <lb/>literaturae cultorum scrinio deprom! pti: saluberrimis pleni
          <lb/>doctrinis in unum velut divinum reda¬cti erarium. Huc
          <lb/>divini adeat verbi Buccinator.
          <lb/>A la fin: Opus perutile sermonum quadragesimalium
          <lb/>Thesaurus novus nuncupatum Argentine im- pressum per
          <lb/>Ioannem knoblouch. Anno domi- ni. M. d. xviẗi. Finit
          <lb/>feliciter.
          <lb/>In-fol., car. goth., 2 col., 116 ff. non ch., sign. a–t, titre courant,
          <lb/>init. ornée E et init. d’attente; titre rouge et noir, encadré :. Bordure
          <lb/>inférieure: empereur assis sur un trône, le sceptre en main, à ses pieds
          <lb/>armoiries, aigle impériale, à gauche, en bas monogramme HGB (Hans
        </p>
      </div>
    </body>
  </text>
</TEI>
