<?xml version='1.0' encoding='UTF-8'?>
<?xml-model href="https://raw.githubusercontent.com/OpenITI/tei_openiti/master/tei_openiti.rng" type="application/xml" schematypens="http://relaxng.org/ns/structure/1.0"?>
<?xml-model href="https://raw.githubusercontent.com/OpenITI/tei_openiti/master/tei_openiti.rng" type="application/xml" schematypens="http://purl.oclc.org/dsdl/schematron"?>
<TEI xmlns="http://www.tei-c.org/ns/1.0">
  <teiHeader>
    <fileDesc>
      <titleStmt>
        <title/>
      </titleStmt>
      <publicationStmt>
        <p/>
      </publicationStmt>
      <sourceDesc>
        <p/>
      </sourceDesc>
    </fileDesc>
    <profileDesc>
      <calendarDesc>
        <calendar xml:id="ah">
          <p>Anno Hegirae</p>
        </calendar>
      </calendarDesc>
    </profileDesc>
    <xenoData xml:space="preserve">
CREATED: 2024-04-15T09:07:53.613574+00:00
CREATED BY: eScriptorium vpassthistobuildcmd
IMAGE FILENAME: A121078372.tif
IMAGE WIDTH: 2348
IMAGE HEIGHT: 3848
</xenoData>
  </teiHeader>
  <text>
    <body>
      <div>
        <p>
          <lb/>1258
          <lb/>Fol. b 4a: An den Christlichen und gût-l hertzigen Leser.
          <lb/>1571, en bas 4 dist. allemands:
          <lb/>Fol, b 66: Le portrait de L. Rabus, encadré, en haut la date
          <lb/>Sechs und viertzig jar war ich alt,
          <lb/>Da man mich mahlt in diser gstalt.
          <lb/>Darinn ich siben und zwentzig jar,
          <lb/>Mit Fleisz gedient hab Christi Schaar, etc
          <lb/>III.] Ander Theil.
          <lb/>Darinn das Dritte, Vierd-] te und Fünffte Bûch, von
          <lb/>den Heyli- gen, auszerwehlten Gottes Zeügen, Be- kennern
          <lb/>und Martyrern (und nemlich deren, so von! Johann Hussen
          <lb/>zeit an, um der Streittenden Kir-chen, des Newen Te¬
          <lb/>staments, bisz auff dise jetzige unsere letste zeit gewesen)
          <lb/>nach ordnung begriffen. Auch fleissiger, wie auch weitt¬
          <lb/>leüf-figer und auszfürlicher, dann in den vo- rigen ausz¬
          <lb/>gangenen Tomis be- schehen, mit angehengter, or-! den¬
          <lb/>licher Jars rechnung! beschriben worden! seind.
          <lb/>der Kirchen zû Ulm Superintendenten. 1572.
          <lb/>A la fin: Gedruckt in der Freien Statt Straszburg,
          <lb/>durch Josiam Rihel.! M. D. LXXIl. (Verso blanc.)
          <lb/>In-fol, car. goth., 8 ff. non ch., 778 ff. ch., 10 ff. non ch. à 2 col.
          <lb/>(table), titre courant, réclames, notes marg., init, goth., titre rouge et
          <lb/>noir, encadré comme au premier volume; quelques grav. se rapportant
          <lb/>au texte, entre autres fol. 79a: portrait de Hieronymus de Prague,
          <lb/>fol. 110b Mart. Luther et fol. 226b de Matth. Zell de Keysersberg, curé
          <lb/>à la cathédrale de Strasbourg.
          <lb/>Au verso du titre: Argentina, au-dessous armoiries, et la date
          <lb/>M. D. LXXII. Puis 9 vers lat. dont les premières et les dernières lettres
          <lb/>donnent ARGENTINA.
          <lb/>Fol. A 2a : Den Gestrengen... Herrn Meister, dem Rhat, ! und
          <lb/>den Ein und Zwentzigen der Löblichen... Statt Straszburg... — Datum
          <lb/>Ulm den 9. tag Jenners, Im jar nach Christi unsers Seligmachers Ge¬
          <lb/>burt M. D. LXXII. Auff! welchen tag vor XXIIII jaren, unnd nemlich
          <lb/>im jar der mindern zahl! XLVIII der Ehrwürdige, wol unnd Gottsgelehrte
          <lb/>Mann M. Mat-theus Zell von Keysersperg (mein hertzlich geliebter Vor¬
          <lb/>fahr, Pfarrherr und Vatter)... Ludwig Rabus, (Préface, 5 ff.)
          <lb/>Fol. A 8b, portrait de Rabus comme au premier volume.
          <lb/>R 67. Prov.: Kirchhoff e Wigand, Leipeig 18/XI1873; 5M.
          <lb/>Annotations mss.: Au recto du titre du HIème volume, en haut : Sum
          <lb/>Joannis Heissii NP. Memmingensis 1636. Rel. anc.
          <lb/>Ritter, Catal. BM Strasbourg N° 1776.
          <lb/>1904
        </p>
      </div>
    </body>
  </text>
</TEI>
