<?xml version='1.0' encoding='UTF-8'?>
<?xml-model href="https://raw.githubusercontent.com/OpenITI/tei_openiti/master/tei_openiti.rng" type="application/xml" schematypens="http://relaxng.org/ns/structure/1.0"?>
<?xml-model href="https://raw.githubusercontent.com/OpenITI/tei_openiti/master/tei_openiti.rng" type="application/xml" schematypens="http://purl.oclc.org/dsdl/schematron"?>
<TEI xmlns="http://www.tei-c.org/ns/1.0">
  <teiHeader>
    <fileDesc>
      <titleStmt>
        <title/>
      </titleStmt>
      <publicationStmt>
        <p/>
      </publicationStmt>
      <sourceDesc>
        <p/>
      </sourceDesc>
    </fileDesc>
    <profileDesc>
      <calendarDesc>
        <calendar xml:id="ah">
          <p>Anno Hegirae</p>
        </calendar>
      </calendarDesc>
    </profileDesc>
    <xenoData xml:space="preserve">
CREATED: 2024-04-15T09:07:44.198043+00:00
CREATED BY: eScriptorium vpassthistobuildcmd
IMAGE FILENAME: A121078058.tif
IMAGE WIDTH: 2336
IMAGE HEIGHT: 3844
</xenoData>
  </teiHeader>
  <text>
    <body>
      <div>
        <p>
          <lb/>944
          <lb/>primum, ne allegans librum in errorem induceris. Cf. de hoc libro ejusque
          <lb/>aditionibus, &amp;amp; quae hinc inde propria &amp;amp; laudanda, quae erronea habeat
          <lb/>Haller Bibl. Botan. 1. p. 251 et 83.... Varia utique propria habet quae
          <lb/>Hallerus quoque non tetigit.... Veneta editio 1553 iconibus Fuchsianis
          <lb/>ornata est, etc.
          <lb/>Un ex, se trouvait dans la Bibl. de Vopiscus Fortunatus Plempius.
          <lb/>Voir: Tricot-Royer, Biblioth. de Vop. Fort. Plempius, Professeur de Méde¬
          <lb/>1415
          <lb/>cine au XVIIe siècle. Bruxelles 1925 n° 365.
          <lb/>LUSUS
          <lb/>Strasbourg, Chr. Mylius 1570
          <lb/>DE PODAGRAE LAVDIBVS Docro- rum hominum lusus.
          <lb/>I. Bilibaldi Birckheymeri Norici.! H. Luciani Tragedia.
          <lb/>III. Christophori Balistae. [Ed. M. Toxites.] (Marque typ. de
          <lb/>Chr. Mylius. HCB Planche XXVIII n° 1.) (Verso blanc.)
          <lb/>In-80, car. ital, et rom., 51 ff. non ch., sign. A-G, titre courant,
          <lb/>réclames, notes marg., init. ornées D, N.
          <lb/>Fol. A 2a : D. Georgio Ilsungo à Tratzberg : equiti aurato...
          <lb/>M. Toxites me- dicus Argentoratensis... Spirae ex comitiis X. Calend.
          <lb/>Octobr. 11570. [ Michael Toxites. (Verso blanc, 5 pp.)
          <lb/>*R102.003. Prov.: Kirchhoff e Wigand, Leipeig 29/X11887;
          <lb/>4M. 50.
          <lb/>1416
          <lb/>LUTHER Martin
          <lb/>Haguenau, Th. Anshelm 1520
          <lb/>Von den guten Werken... (Voir titre encadré p. 945.)
          <lb/>A la fin: Getruckt zû Hagenaw, durch Thoman Anszhelm
          <lb/>in dem Augstmonat. Nach der geburt vn- serr (1) herrn
          <lb/>Jesu Christi. Tausent fünff! hundert vnd zwentzigsten Jar.
          <lb/>Au-dessous, marque typ. de Th. Anshelm. (HAB Planche LXII n° 2;
          <lb/>Silvestre n° 771.) (Verso blane.)
          <lb/>In-4°, car. goth., 58 ff. non ch., sign. A-O, titre encadré. (Voir
          <lb/>p. 945.)
          <lb/>Au verso du titre :... herren Johannszen hertzog zû! Sachszen.
          <lb/>Landtgraff zù Düringen. Marggraff zû Meyssen, meynem gnedigen herren
          <lb/>und patron... — Z6 Wittenberg am l xxix. tag Martii. Nach Christi ge¬
          <lb/>burt Tausent funff ( hundert und im zwentzigsten Jar.! E. T. G. ! Under¬
          <lb/>theniger Capellan D. Mar! tinus Luther, Augustiner Witten! bergensis.
          <lb/>(3 pp.)
          <lb/>*R101956. Prov, inconnue.
          <lb/>2ème ex.: R 102.036. Prov.: Don de Michel Mayer, papeterie,
          <lb/>Munich 1871; incomplet, les 4 premiers ff. ainsi que le titre manquent;
          <lb/>le titre et le texte de ces ff. ont été complétés à la main: «Von den
        </p>
      </div>
    </body>
  </text>
</TEI>
