<?xml version='1.0' encoding='UTF-8'?>
<?xml-model href="https://raw.githubusercontent.com/OpenITI/tei_openiti/master/tei_openiti.rng" type="application/xml" schematypens="http://relaxng.org/ns/structure/1.0"?>
<?xml-model href="https://raw.githubusercontent.com/OpenITI/tei_openiti/master/tei_openiti.rng" type="application/xml" schematypens="http://purl.oclc.org/dsdl/schematron"?>
<TEI xmlns="http://www.tei-c.org/ns/1.0">
  <teiHeader>
    <fileDesc>
      <titleStmt>
        <title/>
      </titleStmt>
      <publicationStmt>
        <p/>
      </publicationStmt>
      <sourceDesc>
        <p/>
      </sourceDesc>
    </fileDesc>
    <profileDesc>
      <calendarDesc>
        <calendar xml:id="ah">
          <p>Anno Hegirae</p>
        </calendar>
      </calendarDesc>
    </profileDesc>
    <xenoData xml:space="preserve">
CREATED: 2024-04-15T09:07:48.361824+00:00
CREATED BY: eScriptorium vpassthistobuildcmd
IMAGE FILENAME: A121078204.tif
IMAGE WIDTH: 2302
IMAGE HEIGHT: 3848
</xenoData>
  </teiHeader>
  <text>
    <body>
      <div>
        <p>
          <lb/>1090
          <lb/>ORDNUNGEN
          <lb/>[Strasbourg] 1563
          <lb/>Der Steinmetzen Brûder- schafft Ordnungen und
          <lb/>Articul, Ernewert auff dem! tag zû Straszburg auf der
          <lb/>Haupthüt-ten, auff Michaelis, Anno! M. D. LXIII. (Armoi¬
          <lb/>ries de l’empereur Ferdinand, entouré de l’inscription suivante : Ferdi¬
          <lb/>nandus Dei Gratia Electus Ro. Imperator semper Augustus etc. Verso blanc.)
          <lb/>In-fol., car. goth., 11 ff. non ch., réclames.
          <lb/>Straszburg und Basel einhelligklich vorgeschribne ordnungen und! Articul
          <lb/>Fol. 9b : Dises seind der Meister und gesellen nammen so zû
          <lb/>helffen setzen, ordnen, erneweren und bestätigen. (72 noms de patrons,
          <lb/>30 noms d’apprentis; au-dessous 3 pièces d’ornement.)
          <lb/>R 81. Prov. inconnue.
          <lb/>lignes se terminent autrement; les ff. sont en outre chiffrés).
          <lb/>BM Strasbourg O 2398a (même titre et mêmes armoiries, mais les
          <lb/>1680
          <lb/>ORDONNANCE
          <lb/>Strasbourg 1518
          <lb/>Als unsere herren, rhäte und die Ein und zwentzigk,
          <lb/>Jüngstver rugten fünffzehenhundertsten und fünfftzehenden
          <lb/>jars, verordnet und gebotten haben. Das nun hinfürt
          <lb/>nyemands dheinen win vor herbsts zyt, uff ein gesun¬
          <lb/>derten schlag oder gebott, fürkauf fen oder bestellen soll....
          <lb/>— Actum Montags den Nündtzehenden Iulii. Anno &amp;amp;c.
          <lb/>xviii. (Verso blane.)
          <lb/>Placard, car. goth., 25 lignes, init. ornée A.
          <lb/>R 21 (2). Prov. : Bibl. Heitz, Strasbourg 1871.
          <lb/>2ème ex.: R 22 (47). Même provenance. Au-dessus du texte : Ver¬
          <lb/>bot den Wein vor dem Herbst zu verkaufen, 1518.
          <lb/>1681
          <lb/>ORDONNANCE
          <lb/>Strasbourg 1523
          <lb/>Kurtzer vergriff usz der ordenungen des gemeynen
          <lb/>Almusens, So! ein Ersamer Rat der Stat Straszburg Got
          <lb/>dem Almechtigen zû lob fürge-nommen hat, angangen
          <lb/>uff Michaelis Anno M. D. xxiii.
          <lb/>Kundt unnd wissen sii aller mengklich, Als bitzhar
          <lb/>vil ubels under dem schyn der Armût und bettels für¬
          <lb/>gangen und be- scheen, und do durch den Rechten husz
          <lb/>armen und notturfftigen das almûsen entzogen worden
          <lb/>ist....!... So habent unser herrn Rete und xxi,.....
          <lb/>verordnet, das hinfüro niemans me,... gestattet werden
          <lb/>sol vor oder inn den kirchenuff den gassen oder vor den
        </p>
      </div>
    </body>
  </text>
</TEI>
