<?xml version='1.0' encoding='UTF-8'?>
<?xml-model href="https://raw.githubusercontent.com/OpenITI/tei_openiti/master/tei_openiti.rng" type="application/xml" schematypens="http://relaxng.org/ns/structure/1.0"?>
<?xml-model href="https://raw.githubusercontent.com/OpenITI/tei_openiti/master/tei_openiti.rng" type="application/xml" schematypens="http://purl.oclc.org/dsdl/schematron"?>
<TEI xmlns="http://www.tei-c.org/ns/1.0">
  <teiHeader>
    <fileDesc>
      <titleStmt>
        <title/>
      </titleStmt>
      <publicationStmt>
        <p/>
      </publicationStmt>
      <sourceDesc>
        <p/>
      </sourceDesc>
    </fileDesc>
    <profileDesc>
      <calendarDesc>
        <calendar xml:id="ah">
          <p>Anno Hegirae</p>
        </calendar>
      </calendarDesc>
    </profileDesc>
    <xenoData xml:space="preserve">
CREATED: 2024-04-15T09:07:47.924359+00:00
CREATED BY: eScriptorium vpassthistobuildcmd
IMAGE FILENAME: A121078189.tif
IMAGE WIDTH: 2300
IMAGE HEIGHT: 3846
</xenoData>
  </teiHeader>
  <text>
    <body>
      <div>
        <p>
          <lb/>OBRECHT Georgius
          <lb/>Strasbourg, A. Bertram 1595
          <lb/>OIRONOMIA DONATIONIS Simplicis &amp;amp; relatae,! In QVIN¬
          <lb/>QVE DISPVTATIONES distincta.) Et olim! IN INCLYTA ARGEN¬
          <lb/>TORA- tensium Academia publici exercitii causa ad di¬
          <lb/>sputandum proposita: à GEORGIO OBRECHTO IC.  Respon¬
          <lb/>dentibus, IoANNE REMBOLDO FVNCCIO, Lindav. PETRO EBERTZ
          <lb/>Isnensi:! GEORGIO MARCELLO, Avvensi:] SAMVELE AFF Fran¬
          <lb/>cofurt. Marchico, &amp;amp; WERNERO EGLINGERO Aldingensi. (Vign.)
          <lb/>Argentorati, excudebat Antonius Bertramus 1595.
          <lb/>In-40, car. ital., 46 ff. non ch., sign. A-L, réclames, init. ornées,
          <lb/>vign., titre encadré de 4 pièces d’ornement.
          <lb/>Au verso du titre: Ad Lectorem... — Antonius Bertramus Acade¬
          <lb/>miae Argentinensis Typographus. (10 lignes.)
          <lb/>R10.558. Prov. inconnue.
          <lb/>1653
          <lb/>OBRECHT Georgius
          <lb/>Strasbourg, A. Bertram 1597
          <lb/>BREVIS EXPLICATIO SIN-GVLARVM LEGVM, ] TITVLI D. DE
          <lb/>OF-I FICIO EIVS, CVI MAN-] DATA EST IVRISDICTIO: ! In inclyta
          <lb/>Argentoratensium Academia publici  exercitii causa pro¬
          <lb/>posita, A GEORGIO OBRECHTO IC.[ Respondente! CASPARI
          <lb/>HVBERINO Verdens. Sax. Disputabitur mense lanuario.
          <lb/>Nazianzenus. (Suivent 2 vers grecs; au-dessous, vign.)
          <lb/>ARGENTORATI! Apud Antonium Bertramum. CIO ID
          <lb/>XCVII. (Verso blanc.)
          <lb/>In-4°, car. ital., 10 ff. non ch., sign. A-C, réclames, init, ornée
          <lb/>M, à la fin vign.
          <lb/>Fol. A 2a: Dn. Ioanni! Caselio Philosopho, Dn. Henrico Grunfeldio,
          <lb/>Dn. Iacobo! Dickio, Dn. Alberto Clampio I Ctis, amicis! &amp;amp; fautoribus meis
          <lb/>colen- dissimis. Caspar Huberinus S. D.... — Argentorat. sub. finem
          <lb/>Anni. ] XCVI.
          <lb/>R 10.559. Prov. inconnue.
          <lb/>1654
          <lb/>1075
          <lb/>OBRECHT Georgius
          <lb/>Strasbourg, A. Bertram 1597
          <lb/>(Feuille de trèfle.) DISPVTATIO FEVDALIS PRIMA: EX PRIMO
          <lb/>LIBRO! SCHOLARVM FEVDA- LIVM DESVMPTA : ] ET IN INCLYTA.
          <lb/>ARGENTORATEN- SIVM ACADEMIA, PVBLICI( exercitii causa
          <lb/>proposita, à GEORGIO OBRECHTO IC.Respondente
          <lb/>NOBILISSIMO Dn. IOANNE à KOET- TERITZ, MARCHIACO.! Dis¬
          <lb/>putabitur mense Februario. (3 feuilles de trèfle.)
        </p>
      </div>
    </body>
  </text>
</TEI>
