<?xml version='1.0' encoding='UTF-8'?>
<?xml-model href="https://raw.githubusercontent.com/OpenITI/tei_openiti/master/tei_openiti.rng" type="application/xml" schematypens="http://relaxng.org/ns/structure/1.0"?>
<?xml-model href="https://raw.githubusercontent.com/OpenITI/tei_openiti/master/tei_openiti.rng" type="application/xml" schematypens="http://purl.oclc.org/dsdl/schematron"?>
<TEI xmlns="http://www.tei-c.org/ns/1.0">
  <teiHeader>
    <fileDesc>
      <titleStmt>
        <title/>
      </titleStmt>
      <publicationStmt>
        <p/>
      </publicationStmt>
      <sourceDesc>
        <p/>
      </sourceDesc>
    </fileDesc>
    <profileDesc>
      <calendarDesc>
        <calendar xml:id="ah">
          <p>Anno Hegirae</p>
        </calendar>
      </calendarDesc>
    </profileDesc>
    <xenoData xml:space="preserve">
CREATED: 2024-04-15T09:07:42.841166+00:00
CREATED BY: eScriptorium vpassthistobuildcmd
IMAGE FILENAME: A121078012.tif
IMAGE WIDTH: 2372
IMAGE HEIGHT: 3848
</xenoData>
  </teiHeader>
  <text>
    <body>
      <div>
        <p>
          <lb/>896
          <lb/>Gedruckt im Jahr,! M. D. XCII.
          <lb/>In-8°, car. goth., 8 ff. non ch., sign. A, réclames, en tout 40 stro¬
          <lb/>phes à 9 vers.
          <lb/>1334
          <lb/>R 102.257. Prov.: Bibl. Heitz, Strasbourg 1871.
          <lb/>LASCO Oswald de. Voir: MICHAEL DE HUNGARIA
          <lb/>LASDENUS Baptista. Pseudonyme de SLEIDANUS Johannes
          <lb/>LATOMUS Bartholomaeus
          <lb/>Strasbourg, J. Knobloch 1521
          <lb/>EPISTO- LA AVSTRIAE AD CA- rolum imp. fictitia Barp¬
          <lb/>tolomeo Latomo ar nense auto-] re. (Verso blanc.)
          <lb/>A la fin: ARGENTINAE, APVD JOANNEM KNOBLOCHVM
          <lb/>MENSE I NOVEMBRI. ANNO,1 M. D. XXI. (Verso blanc.)
          <lb/>In-80, car, ital., 11 ff. ch., 1 f. non ch. (verso blanc), titre courant,
          <lb/>réclames, notes marg., titre encadré. (HEB Planche X n° 5.)
          <lb/>Fol. 2a: Jo- ANNI LVDOVICO DE HAGEN] et Gotfrido
          <lb/>Eltz cathedralis Ecclesiae Tre-ueren... Barpto- lomeus
          <lb/>Latomus... — Friburgi ex Academianostra Calend. Ia¬
          <lb/>nuariis.1An. D. XX.
          <lb/>*R100.997. Prov.: Butsch, Augsbourg 23/11 1884; 3 M.
          <lb/>Schmidt VII n° 222. BM Colmar et Zurich.
          <lb/>Cf. Rœrsch, L.: Barthélemy Latomus, le premier professeur d’élo¬
          <lb/>quence latine au Collège royal de France. Dans: Bulletins de l&amp;#x27;Académie
          <lb/>roy. de Belgique III, 14 (1887), p. 132-176. Bibliographie, voir:
          <lb/>Schottenloher I, n° 10412-10416.
          <lb/>1335
          <lb/>LATOMUS Bartholomaeus
          <lb/>Strasbourg, Crato Mylius 1539
          <lb/>ENARRA TIONES BARTHO LOMAEI LATOMI IN To! pica
          <lb/>Ciceronis, iam re! cens conscriptae &amp;amp; in ! lucem aeditae.
          <lb/>Marque typogr, de Cr. Mylius. (H EB Planche XXVI n° 1a.)
          <lb/>ARGENTORATI, APVD CRA TONEM MYLIVM.) An. M. D.
          <lb/>XXXIX.
          <lb/>A la fin: ARGENTORATI, APVD CRA TONEM MYLIVM, AN.
          <lb/>M. D. XXXIX. MEN SE MAR. (Au verso, marque typogr. de Cr. My¬
          <lb/>lius. H&amp;amp;B Planche XXVI no 3.)
          <lb/>In-8°, car. ital, et rom., 127 pp., titre courant, réclames, notes
          <lb/>marg., init. ornée et à fig. M.
        </p>
      </div>
    </body>
  </text>
</TEI>
