<?xml version='1.0' encoding='UTF-8'?>
<?xml-model href="https://raw.githubusercontent.com/OpenITI/tei_openiti/master/tei_openiti.rng" type="application/xml" schematypens="http://relaxng.org/ns/structure/1.0"?>
<?xml-model href="https://raw.githubusercontent.com/OpenITI/tei_openiti/master/tei_openiti.rng" type="application/xml" schematypens="http://purl.oclc.org/dsdl/schematron"?>
<TEI xmlns="http://www.tei-c.org/ns/1.0">
  <teiHeader>
    <fileDesc>
      <titleStmt>
        <title/>
      </titleStmt>
      <publicationStmt>
        <p/>
      </publicationStmt>
      <sourceDesc>
        <p/>
      </sourceDesc>
    </fileDesc>
    <profileDesc>
      <calendarDesc>
        <calendar xml:id="ah">
          <p>Anno Hegirae</p>
        </calendar>
      </calendarDesc>
    </profileDesc>
    <xenoData xml:space="preserve">
CREATED: 2024-04-15T09:07:55.207452+00:00
CREATED BY: eScriptorium vpassthistobuildcmd
IMAGE FILENAME: A121078421.tif
IMAGE WIDTH: 2388
IMAGE HEIGHT: 3834
</xenoData>
  </teiHeader>
  <text>
    <body>
      <div>
        <p>
          <lb/>1307
          <lb/>R. 100.622 (2). Prov. : Hugo Barbeck, Nuremberg, 30/VII, 1880;
          <lb/>1 M. 50. A l&amp;#x27;intérieur du 1er plat : 1555 Gerg. Bicholt. Cost 2 R 30 K.
          <lb/>Rel, anc.
          <lb/>2041
          <lb/>RYFF Walther Herm.
          <lb/>Strasbourg, S. Emmel, 1558
          <lb/>Troumbüchlin.Darinn warhafftig ausz Natürlichen ur¬
          <lb/>sachen, auch der alten Philosophen, und Weissagern der
          <lb/>Heyden, langwirigem brauch, und fleissiger nachtrach! tung,
          <lb/>erklärt und auszgelegt werden, alle Tröum, Erscheinungen
          <lb/>unnd] Nächtliche gesicht, die dem menschen von der Seelen,
          <lb/>wann sich der Leibzur rug begeben hatt, eingebildet und
          <lb/>fürbracht werden, dar durch künff lige zufäll, glücks unnd
          <lb/>unglücks erfaren unnd erlernet werdenmogen, ohn eynige
          <lb/>entziehung oder abbruch der krafft! Gottes. Alles durch
          <lb/>M. Gualtfe-rum (!) H. Ryff in Truck(! verordnet.
          <lb/>Jetzundt aber von neuwem uberlesen,! corrigiert, und mit
          <lb/>einem ordenlichen Register, sampt kurtzer, aber sehr
          <lb/>nutzlicher Erinnerung, von man- cherley geschlechten der
          <lb/>Tröum unnd ihrer bedeüttung, II gezogen ausz den Schriften
          <lb/>des Hochgelehrten! Herren Philippi Melanthonis (!), [ gemehret
          <lb/>unnd ge- bessert. ( Mit Röm. Kays. Mayestat Freyheyt.)
          <lb/>Getruckt zu Straszburg bey Sa-] muel Emmel, im Jar
          <lb/>M. D. LVIII.
          <lb/>A la fin : Getruckt zu Straszburg, durch!! Samuel Emmel.
          <lb/>11 M. D. LVIII.
          <lb/>In-4°, car. goth., 20 ff. non ch., CCXXIII pp. ch., 11 ff. non ch. à 2 col.
          <lb/>(Index.), titre courant, réclames, titre rouge et noir, fol. E 4a ; gravure
          <lb/>sur bois, le songe de Jacob, l’échelle tenue par Dieu le père, les anges
          <lb/>descendant sur elle.
          <lb/>fol. A 2a : Vorred zum Leser.
          <lb/>R. 101.167. Prov. : Bern. Quaritch, Londres 15/x 1894.
          <lb/>fol. 12 et I3 manquent.
          <lb/>Au bas du titre : Ex libris Carolus Wieslöch. Ritter, Catal. BM Stras¬
          <lb/>bourg no 1850, éd. 1551, Balth. Beck héritiers.
          <lb/>2042
          <lb/>RYFF Walter Herm.
          <lb/>Strasbourg, S. Emmel, 1559-1562
          <lb/>DEr Erste Theyl  der kleynen Teütschen Apo¬eck,
          <lb/>Confect oder Latwergen büchlins, darinn begrif-fen
          <lb/>warhafftige, künstliche, gerechte underweysung und anzey¬
          <lb/>gung... (12 lignes.) Durch( M. Gualtherum! H. Ryff.
          <lb/>Mit einer fast kurtzen, aber nützli-chen und bewärten
          <lb/>underrichtung, wie man sich inzeyt vergiffts luffts,
          <lb/>sterbend und Pestilentz, halten! und bewaren soll, dergleichen
          <lb/>in Teütscher spraach nicht gesehen. Register aller stuck
          <lb/>in disem büchlin begriffen, wie sie bereyt und gemacht
        </p>
      </div>
    </body>
  </text>
</TEI>
