<?xml version='1.0' encoding='UTF-8'?>
<?xml-model href="https://raw.githubusercontent.com/OpenITI/tei_openiti/master/tei_openiti.rng" type="application/xml" schematypens="http://relaxng.org/ns/structure/1.0"?>
<?xml-model href="https://raw.githubusercontent.com/OpenITI/tei_openiti/master/tei_openiti.rng" type="application/xml" schematypens="http://purl.oclc.org/dsdl/schematron"?>
<TEI xmlns="http://www.tei-c.org/ns/1.0">
  <teiHeader>
    <fileDesc>
      <titleStmt>
        <title/>
      </titleStmt>
      <publicationStmt>
        <p/>
      </publicationStmt>
      <sourceDesc>
        <p/>
      </sourceDesc>
    </fileDesc>
    <profileDesc>
      <calendarDesc>
        <calendar xml:id="ah">
          <p>Anno Hegirae</p>
        </calendar>
      </calendarDesc>
    </profileDesc>
    <xenoData xml:space="preserve">
CREATED: 2024-04-15T09:07:49.858949+00:00
CREATED BY: eScriptorium vpassthistobuildcmd
IMAGE FILENAME: A121078255.tif
IMAGE WIDTH: 2308
IMAGE HEIGHT: 3844
</xenoData>
  </teiHeader>
  <text>
    <body>
      <div>
        <p>
          <lb/>PARACELSUS Theophrastus
          <lb/>Mulhouse, P. Schmid 1562
          <lb/>Spittal Bûch.Durch den hochgeleer ten Herren,
          <lb/>Theophrastum von Ho-henheim, beider artzney Doctoren
          <lb/>geordnet. Unnd yetzt, Gott zû lob unnd allen Menschen
          <lb/>nutz, rechtschaffen. Durch den, rechter ordenlicher kunst
          <lb/>liebenden Herren, Adamen von Bodenstein, Philosophen
          <lb/>unnd der artzney! Doctorn in druck geben. Freundt¬
          <lb/>licher lieber läser, wende das blatt herumb, so erfahrst
          <lb/>du, was dises Büchlins inhalt ist,wird dich gewiszlich
          <lb/>solchen grossen Schatz, mit klei- nem geldt zu kauffen,
          <lb/>nicht gereuhen.Avéy va dréys. * Gedruckt zû Mül¬
          <lb/>hau- sen, im oberen Elsäsz, durch Peter Schmid. ANNo
          <lb/>M. D. LXII.
          <lb/>A la fin: Gedruckt zt̂ Mülhau-sen, im oberen Elsäsz,
          <lb/>durch Peter Schmid.
          <lb/>Au recto du f. suivant: Marque typ. de P. Schmid. (HRB Planche
          <lb/>LXXV n° 1.) Verso blanc.
          <lb/>In-4°, car. goth., 42 ff. non ch., sign. AL, titre courant, récla¬
          <lb/>mes, init. à fig. D et init. goth.; titre rouge et noir.
          <lb/>Fol. A 2a : ... Meister Joseph Stöckle, ordinierten und erfarnen
          <lb/>Chirurgo, der löblichen Statt Bärn inn Ucht-land, meinem alten und
          <lb/>ver-trawten gesellen. (Feuille de trèfle.)... Geben, zû Basel, den 2. tag
          <lb/>Martii. Anno M. D. LXII. Adam von Bodenstein. (Préface de 2 pp. et
          <lb/>demie en car, ital.)
          <lb/>Fol. A 3b : Doctor Theophra-! stus allen ärtzten seinen Grâsz...
          <lb/>(Préface de 6 pp.)
          <lb/>Fol. B 2b : Doctor Theophra- stus, den Reychen seinen grûsz...
          <lb/>(Préface de 7 pp. et demie.)
          <lb/>R100.617. Prov.: Albert Cohn, Berlin 9/XII 1892; 24 M. An¬
          <lb/>notation ms, au recto du dernier f. blanc, au-dessus de la marque typ.:
          <lb/>Joes, Leopoldus Wilhelmus Biederman. Med. 1774e; au-dessous : ¿Sub
          <lb/>Regimine R. Electoris Moguntini et Episcopi Bambergensis Lotharii Fran¬
          <lb/>cisci.4
          <lb/>1769
          <lb/>1141
          <lb/>PARACELSUS Theophrastus
          <lb/>Strasbourg, P. Messerschmidt 1564
          <lb/>Zwey Bücher TheophrastiParacelsi des erfar¬
          <lb/>nesten Artzets, von der! Pestilentz und ihren zôfällen.
          <lb/>Durch den Edlen und Hochgelerten Adamen von! Bo¬
          <lb/>denstein, in Druck verfertiget.! Avéys xoì dxéye. Anno
          <lb/>M. D. LXIIII. (Verso blanc.)
          <lb/>A la fin: Gedruckt zû Strasz- burg bey Paulo Mes¬
          <lb/>serschmidt. (Verso blanc.)
        </p>
      </div>
    </body>
  </text>
</TEI>
