<?xml version='1.0' encoding='UTF-8'?>
<?xml-model href="https://raw.githubusercontent.com/OpenITI/tei_openiti/master/tei_openiti.rng" type="application/xml" schematypens="http://relaxng.org/ns/structure/1.0"?>
<?xml-model href="https://raw.githubusercontent.com/OpenITI/tei_openiti/master/tei_openiti.rng" type="application/xml" schematypens="http://purl.oclc.org/dsdl/schematron"?>
<TEI xmlns="http://www.tei-c.org/ns/1.0">
  <teiHeader>
    <fileDesc>
      <titleStmt>
        <title/>
      </titleStmt>
      <publicationStmt>
        <p/>
      </publicationStmt>
      <sourceDesc>
        <p/>
      </sourceDesc>
    </fileDesc>
    <profileDesc>
      <calendarDesc>
        <calendar xml:id="ah">
          <p>Anno Hegirae</p>
        </calendar>
      </calendarDesc>
    </profileDesc>
    <xenoData xml:space="preserve">
CREATED: 2024-04-15T09:07:49.029943+00:00
CREATED BY: eScriptorium vpassthistobuildcmd
IMAGE FILENAME: A121078225.tif
IMAGE WIDTH: 2304
IMAGE HEIGHT: 3846
</xenoData>
  </teiHeader>
  <text>
    <body>
      <div>
        <p>
          <lb/>Herr Ludwig von Fleckenstein, Freiherr zû Dagstûl. Herr
          <lb/>Niclausz unnd Iohann Freiherren z6̂ Polweiler, und im
          <lb/>Weylerthal &amp;amp;c. Herr Friderich und Maximilian, herrn zû
          <lb/>Barr. Bawmeister und Amptleüt der Marck Maurszmünster,
          <lb/>von wegen irer Herr- schafften. Die Stätt Straszburg, Ha¬
          <lb/>genaw, Schletstatt, Oberehenheim, Roszheim, unnd gemeine
          <lb/>Ritterschafft in disem bezirck gesessen.
          <lb/>Geschehen zû Straszburg am! fünffzehenden tag des
          <lb/>Monats Dezembris... im Fünffzehen hundert zwey und
          <lb/>Sechzigsten jare. (Verso blanc.)
          <lb/>Placard, in-fol., car. goth., 37 lignes, init. ornée Z.
          <lb/>R 21 (28). Prov.: Bibl. Heitz, Strasbourg 1871. Au verso blanc:
          <lb/>Entschliessung derer Obrigkeiten des unteren Elsasses, nm der Theuerung
          <lb/>der fruchten für zukommen.
          <lb/>1721
          <lb/>2ème ex. R 22 (10). Même provenance.
          <lb/>ORDONNANCE
          <lb/>Strasbourg 1565
          <lb/>WIR Theobald Iohann von Mundoltzheim der Meister
          <lb/>und der Rhat zû Straszburg, Thân kundt meniglich. Wie¬
          <lb/>wol der All-mechtig Gott uns umb unserer vilfeltigen
          <lb/>Sünden und Missethat willen,... !... uber das auch durch
          <lb/>die nechst vergangne, unerhörte, langwirige und harte
          <lb/>Kelte, uns abermal angegriffen, also das neben ettlichen
          <lb/>Früchten, fürnemlich die Reben dermassen erfroren, das
          <lb/>man sie... an vielen orten, mehrtheils gantz auff dem
          <lb/>boden abziehen unnd hinweg schneiden müssen...
          <lb/>So befinden wir doch leider im werck das der böse
          <lb/>unersettige Geitz und Wucher.., noch nit feyren will...
          <lb/>So gebieten und verbieten wir demnach, allen...!...
          <lb/>das deren keiner... hinfüro und so lang wir solches nit
          <lb/>wider auffthân unnd erlauben, einichen Wein, es seye
          <lb/>lützel oder vil... auff Mehrschatz widerumb zûverkauffen
          <lb/>... —
          <lb/>Actum et decretum Sambstag den sechs und zwentzig¬
          <lb/>sten des monats Maii Als man zalt... Ein tausent fünff
          <lb/>hundert Sechtzig und fünff Jar. (Verso blanc.)
          <lb/>Placard, in-fol., car. goth., 58 lignes, init. ornée W.
          <lb/>R 22 (54). Prov.: Bibl. Heitz, Strasbourg 1871. Au verso blanc:
          <lb/>133. Mandat. Kein Wein vor Herbst-Zeit oder auch sonst auf mehr-schatz
          <lb/>kaufen. 26. May Anno 1565.
          <lb/>1722
          <lb/>1111
        </p>
      </div>
    </body>
  </text>
</TEI>
