<?xml version='1.0' encoding='UTF-8'?>
<?xml-model href="https://raw.githubusercontent.com/OpenITI/tei_openiti/master/tei_openiti.rng" type="application/xml" schematypens="http://relaxng.org/ns/structure/1.0"?>
<?xml-model href="https://raw.githubusercontent.com/OpenITI/tei_openiti/master/tei_openiti.rng" type="application/xml" schematypens="http://purl.oclc.org/dsdl/schematron"?>
<TEI xmlns="http://www.tei-c.org/ns/1.0">
  <teiHeader>
    <fileDesc>
      <titleStmt>
        <title/>
      </titleStmt>
      <publicationStmt>
        <p/>
      </publicationStmt>
      <sourceDesc>
        <p/>
      </sourceDesc>
    </fileDesc>
    <profileDesc>
      <calendarDesc>
        <calendar xml:id="ah">
          <p>Anno Hegirae</p>
        </calendar>
      </calendarDesc>
    </profileDesc>
    <xenoData xml:space="preserve">
CREATED: 2024-04-15T09:07:48.730099+00:00
CREATED BY: eScriptorium vpassthistobuildcmd
IMAGE FILENAME: A121078216.tif
IMAGE WIDTH: 2304
IMAGE HEIGHT: 3848
</xenoData>
  </teiHeader>
  <text>
    <body>
      <div>
        <p>
          <lb/>1102
          <lb/>ORDONNANCE
          <lb/>Strasbourg 1539
          <lb/>WIr Peter Sturm der Maister, und der Rath zû Strasz¬
          <lb/>burg, Thûnt kunth, Als uns jetzo manigfaltig anlangt, das
          <lb/>etliche Ju- den so sie die armen leüth inkhauffen, ver¬
          <lb/>khauffen, anleihen, und inn ander weg überfüren, und auch
          <lb/>mit groszem wûcher, unnd andern unbilligen dingen be¬
          <lb/>schweren... So gebieten und verpieten wir, allen... das
          <lb/>hinfuro nieman, er sei wer der wöll, kaine schulden vor
          <lb/>kainem Juden khauffen, tauschen, oder an sich nemmen
          <lb/>soll). ... —
          <lb/>Actum et decretum Samstag den dreitzehenden Sep¬
          <lb/>tembris... fünffzehenhundert dreissig und neün jar. (Verso
          <lb/>blanc.)
          <lb/>Placard, in-fol., car. goth., 24 lignes, init. ornée W.
          <lb/>R 21 (12). Prov.: Bibl. Heite, Strasbourg 1871. Note ms. au verso
          <lb/>blanc : Juden Wucher verbotten.
          <lb/>2ème ex. R 22 (16). Même provenance. Au verso blanc: Verbot
          <lb/>gegen den Wucher, 1539.
          <lb/>1704
          <lb/>ORDONNANCE
          <lb/>Strasbourg 1540
          <lb/>WIr Hildtbrandt von Mülnheim der Maister und der
          <lb/>Rath zû Straszburg, Thûnth kunth, Nach dem nûn etlich
          <lb/>jar här die schädlich und verfürend sect der Widertauffer
          <lb/>sich erhaben... da wir...!... allerhand Mandaten auszge¬
          <lb/>hen lassen, ... Und sonderlich, so haben wir Sampstag
          <lb/>den drey und zwentzigsten Martii des nechstverschienen
          <lb/>Acht und dreissigsten jars, under anderm, wie wir es
          <lb/>mit den jhenigen, so solcher secten behafft,... halten wol¬
          <lb/>ten gebot lassen auszgehen... So wölln wir nuhn hinfüro
          <lb/>alle die, so solcher secten seind,... an leib und leben,
          <lb/>je nach gstalt der sachen und gelegenheit des handels,
          <lb/>thûn straffen.... —
          <lb/>Actum freytag den neundten Aprilis... fünfftzehen
          <lb/>hundert unnd viertzig jar. (Verso blanc.)
          <lb/>Placard, in-fol., car. goth., 39 lignes, init. ornée W.
          <lb/>R 21 (14). Prov.: Bibl. Heitz, Strasbourq 1871.
          <lb/>2ème ex. R 22 (21). Même provenance.
          <lb/>1705
          <lb/>ORDONNANCE
          <lb/>Strasbourg 1541
          <lb/>WIr Hiltprandt von Mülnheim der Maister und der
          <lb/>Rhat zuStraszburgk. Thundt khundt. Nach dem nun
        </p>
      </div>
    </body>
  </text>
</TEI>
