<?xml version='1.0' encoding='UTF-8'?>
<?xml-model href="https://raw.githubusercontent.com/OpenITI/tei_openiti/master/tei_openiti.rng" type="application/xml" schematypens="http://relaxng.org/ns/structure/1.0"?>
<?xml-model href="https://raw.githubusercontent.com/OpenITI/tei_openiti/master/tei_openiti.rng" type="application/xml" schematypens="http://purl.oclc.org/dsdl/schematron"?>
<TEI xmlns="http://www.tei-c.org/ns/1.0">
  <teiHeader>
    <fileDesc>
      <titleStmt>
        <title/>
      </titleStmt>
      <publicationStmt>
        <p/>
      </publicationStmt>
      <sourceDesc>
        <p/>
      </sourceDesc>
    </fileDesc>
    <profileDesc>
      <calendarDesc>
        <calendar xml:id="ah">
          <p>Anno Hegirae</p>
        </calendar>
      </calendarDesc>
    </profileDesc>
    <xenoData xml:space="preserve">
CREATED: 2024-04-15T09:07:52.647802+00:00
CREATED BY: eScriptorium vpassthistobuildcmd
IMAGE FILENAME: A121078337.tif
IMAGE WIDTH: 2332
IMAGE HEIGHT: 3840
</xenoData>
  </teiHeader>
  <text>
    <body>
      <div>
        <p>
          <lb/>1223
          <lb/>POLYCARPUS: Epistola. Voir: IGNATIUS Antiochenus : Epi¬
          <lb/>stolae undecim. Strasbourg, J. Knobloch 1527.
          <lb/>POLYCHORIUS M. Voir: VIELFELD Jacobus: Sphera materialis.
          <lb/>Strasbourg, J. Cammerlander 1533.
          <lb/>POLYDORUS Vergilius. Voir: VERGILIUS Polydorus
          <lb/>POMERIUS Julianus: Contra Judaeos libri tres. Voir: Testa¬
          <lb/>mentum duodecim Patriarcharum. Haguenau, J. Secer 1532.
          <lb/>POMPONIUS Laetus
          <lb/>Strasbourg, M. Schurer 1510
          <lb/>OPERA POMPO NII LAETI. Romanae historiae compen¬
          <lb/>dium, ab interitu Gordiani Ju-nioris usque ad Justinum
          <lb/>tertium. POMPONIVS De Romanorum Magistratibus. De
          <lb/>Sacerdotiis. De Jurisperitis. De Legibus ad. M. Panta¬
          <lb/>gathum. ITEMDe Antiquitatibus urbis Romae libellus,
          <lb/>qui Pompo- nio adscribitur. POMPONI Epistolae aliquot
          <lb/>familiares. Pomponii vita, per M. Antonium Sabellicum.
          <lb/>A la fin: Argentorati in libraria officine Matthiae Schü¬
          <lb/>rerii Artium doctoris Mense Januario, Anno a foelici¬
          <lb/>tate hu-manae salutis.M. D. X. Au recto du dernier fol.
          <lb/>blanc: REGNANTE IMP. CAES. MAXIMILIANO PIO FOELICI
          <lb/>Ave.
          <lb/>In-4°, car. rom., 2 ff. non ch., LXVII ff. ch., titre courant, init.
          <lb/>d’attente.
          <lb/>Fol. A 2a: Francisco Borgiae Episcopo! Theanen. et Pontifica! lis
          <lb/>Aerarii Prae fecto Pomponius) Laetus.... (Préface 2 pp.) Au-dessous:
          <lb/>Domici Palladii Sorani! Tetrastichon. (2 dist.)
          <lb/>RI01.517. Prov.: BN Munich 19/V11873, 6M. En bas du titre:
          <lb/>Monasterii Tegernsee.
          <lb/>BM Strasbourg; BN Paris, Rés. L. 1788. Schmidt VIII n° 29:
          <lb/>Jadis Bibl. Strasbourg, incun. n° 3902; Walter, Sélestat: n° 1669.
          <lb/>1911
          <lb/>POMPONIUS Laetus
          <lb/>Strasbourg, M. Schurer 1515
          <lb/>OPERA POMPO-NII LAETI.Romanae historiae com¬
          <lb/>pendium, ab interitu Gordiani Junioris usque ad Ju¬
        </p>
      </div>
    </body>
  </text>
</TEI>
