<?xml version='1.0' encoding='UTF-8'?>
<?xml-model href="https://raw.githubusercontent.com/OpenITI/tei_openiti/master/tei_openiti.rng" type="application/xml" schematypens="http://relaxng.org/ns/structure/1.0"?>
<?xml-model href="https://raw.githubusercontent.com/OpenITI/tei_openiti/master/tei_openiti.rng" type="application/xml" schematypens="http://purl.oclc.org/dsdl/schematron"?>
<TEI xmlns="http://www.tei-c.org/ns/1.0">
  <teiHeader>
    <fileDesc>
      <titleStmt>
        <title/>
      </titleStmt>
      <publicationStmt>
        <p/>
      </publicationStmt>
      <sourceDesc>
        <p/>
      </sourceDesc>
    </fileDesc>
    <profileDesc>
      <calendarDesc>
        <calendar xml:id="ah">
          <p>Anno Hegirae</p>
        </calendar>
      </calendarDesc>
    </profileDesc>
    <xenoData xml:space="preserve">
CREATED: 2024-04-15T09:07:50.261026+00:00
CREATED BY: eScriptorium vpassthistobuildcmd
IMAGE FILENAME: A121078266.tif
IMAGE WIDTH: 2304
IMAGE HEIGHT: 3844
</xenoData>
  </teiHeader>
  <text>
    <body>
      <div>
        <p>
          <lb/>1152
          <lb/>PARATUS
          <lb/>Haguenau, H. Gran 1517
          <lb/>Sermones Parati de Tempore et de San- ctis cum
          <lb/>Inven- tario quodam superad dito.
          <lb/>A la fin: Sermones Pa- rati... summa diligentia revisi:
          <lb/>Impensisae sumptibus circumspecti viri Ioannis Ryn
          <lb/>man: In officina industrii Henrici! Gran civis in imperiali
          <lb/>òppido Ha- genaw impressi : finem sortiti sunt felicem.
          <lb/>Anno virginei partus, xvii. super Millesi-mum quingesi¬
          <lb/>mumque centesimum, ipsa vigilia na! tivitatis domini.
          <lb/>a-2, A-Q, titre courant, init, ornée P; titre rouge et noir, encadré.
          <lb/>In-4°, car. got., 2 col., 263 ff. non ch. dont le dernier blanc, sign.
          <lb/>(HRBPlanche LXIIII n° 2.)
          <lb/>R101432. Prov.: Don de Fidelis Butsch fils, antiquaire à Augs¬
          <lb/>bourg, en 1871; à l&amp;#x27;intérieur de la couverture:,Andreas Lapicidae 15428.
          <lb/>Beaulieux p. 267: BU de Paris, Réserve 765.
          <lb/>1789
          <lb/>PARATUS
          <lb/>Strasbourg, J. Knobloch 1517
          <lb/>Sermones Parati de tempore et de sanctis cum In¬
          <lb/>ventario quodam! utili superaddito. (Verso blanc.)
          <lb/>A la fin: Sermones Pa rati de Tempore et de Sanctis
          <lb/>finiunt:Impressi Argentine per Ioannem knoblouch,
          <lb/>Anno domini! M. d. xvii. In vigilia! Annunciationis! Marie.
          <lb/>In-40, car. goth., 2 col., 12 ff. non ch. (titre et table), OLVII ff.
          <lb/>ch. pour les sermons de sanctis, tître courant, init. ornée P et init.
          <lb/>d’attente.
          <lb/>R101434. Prov.: Don de la «Fürstlich Bentheim&amp;#x27;sche» Biblio¬
          <lb/>thèque du monastère de Frenswegen 1874.
          <lb/>Au milieu du titre: Fortis ut mors dilectio, 1689, 7 Septembris.
          <lb/>Fol. a 2a en haut: liber canonicorum Regularium in Vrendeszwegen.
          <lb/>Schmidt VII n° 137: Catalogue Weislinger n° 157.
          <lb/>1790
          <lb/>PARTHENIUS : Dialogus de sectione humani corporis. Dans:
          <lb/>VALLA G. : De corporis commodis. Strasbourg, H. Sybold vers
          <lb/>1529.
          <lb/>1791
          <lb/>PARVULUS
          <lb/>Haguenau, H. Gran 1513
          <lb/>Habes hic amande lector textum! Parvuli quod aiunt
          <lb/>philosophie naturalis cum commentariis eruditissimi viri
          <lb/>magistri Matthie Qualle Carniolani, et college gymnasii
        </p>
      </div>
    </body>
  </text>
</TEI>
