<?xml version='1.0' encoding='UTF-8'?>
<?xml-model href="https://raw.githubusercontent.com/OpenITI/tei_openiti/master/tei_openiti.rng" type="application/xml" schematypens="http://relaxng.org/ns/structure/1.0"?>
<?xml-model href="https://raw.githubusercontent.com/OpenITI/tei_openiti/master/tei_openiti.rng" type="application/xml" schematypens="http://purl.oclc.org/dsdl/schematron"?>
<TEI xmlns="http://www.tei-c.org/ns/1.0">
  <teiHeader>
    <fileDesc>
      <titleStmt>
        <title/>
      </titleStmt>
      <publicationStmt>
        <p/>
      </publicationStmt>
      <sourceDesc>
        <p/>
      </sourceDesc>
    </fileDesc>
    <profileDesc>
      <calendarDesc>
        <calendar xml:id="ah">
          <p>Anno Hegirae</p>
        </calendar>
      </calendarDesc>
    </profileDesc>
    <xenoData xml:space="preserve">
CREATED: 2024-04-15T09:07:50.757907+00:00
CREATED BY: eScriptorium vpassthistobuildcmd
IMAGE FILENAME: A121078281.tif
IMAGE WIDTH: 2308
IMAGE HEIGHT: 3850
</xenoData>
  </teiHeader>
  <text>
    <body>
      <div>
        <p>
          <lb/>A la fin: Sermones Pomerii de sanctis... impressi ac
          <lb/>diligenter revisi per industriumHenricum Gran in im¬
          <lb/>periali oppido Hagenaw; expen- sis ac sumptibus providi
          <lb/>Johannis Rynman Finiunt feliciter: Anno ab incarnatione
          <lb/>domini millesimo quin- gentesimo secundo In vigilia nati¬
          <lb/>vitatis Marie.
          <lb/>Suit: Historia sancti Johannis Elemosynarii, (2 pp. et demie.)
          <lb/>In-fol., car. goth., 2 col., 357 ff. non ch., 1 f. blanc, sign. a—,
          <lb/>A-Z, titre courant, init. d’attente.
          <lb/>Après les 11 ff. de table et I f. blanc au commencement, nouveau
          <lb/>titre: Sermones Pomerii de San! ctis Hyemales et Estivales. Au verso:
          <lb/>Prologus.
          <lb/>R10.350. Prov.: Butsch fils (Vente Bibl. Buxheim), Augsbourg
          <lb/>22/x 1883, 5 M. Note ms. au tître : Cartusiae Buxheim, fol. 2a, tim¬
          <lb/>bre: Bibl. Buxheim.
          <lb/>3ème ex. R10363. Prop.: Bœr à Co, Francfort-s.-M. 20/1 1880;
          <lb/>9 M. Note ms. au recto du f. de garde: Ex libris Joan. Phil. Herrmann.
          <lb/>Prix noté au crayon 12 M.
          <lb/>BM Strasbourg.
          <lb/>1818
          <lb/>1167
          <lb/>PELBARTUS DE THEMESWAR
          <lb/>Haguenau, H. Gran 1502.
          <lb/>Sermones Pomerii fratris Pelbarti de Themeswar di!
          <lb/>vi Ordinis sancti Francisci de Tempore. (Verso blanc.)
          <lb/>A la fin: Sermones Pomerii..., impressi ac diligenter
          <lb/>revisi per indu- strium Henricum Gran; in imperiali op¬
          <lb/>pido Hage-naw : expensis ac sumptibus providi Johannis
          <lb/>Ry-man Finiunt feliciter Anno salutis nostre Millesimo
          <lb/>quingentesimo secundo. iii. Nonas Augusti.
          <lb/>In-fol., car. goth., 2 col., 262 ff. non ch., sign. a–2. A-R, titre
          <lb/>courant, init. d’attente. Après les 13 ff. de table, nouveau titre : Sermo¬
          <lb/>nes Pomerii de Tem- pore Hyemales et Estivales. Au verso: Prologus.
          <lb/>R10.346 (2). Prov. : Bibl. Ch. Schmidt, Strasbourg.
          <lb/>2ème ex. R10.345. Prov.: Butsch fils (Vente Bibl. Buxheim), Augs¬
          <lb/>bourg 22/x 1883; 5 M. Notes mss., au-dessous du titre : Cartusiae
          <lb/>Buxheim.
          <lb/>3ème ex. R10.35r7 (1). Prov.: BN Munich 28/XII 1877; 1 M. 50.
          <lb/>Notes mss., au-dessous du titre: Tegriensis Monasterii sum hic liber
          <lb/>emptus ab heredibus Venerabilis viri et domini D. Joannis Pächleri Vicarii
          <lb/>in Egern. Qui obiït. Anno domini 1535. Octavo die Juniï.... Au verso du
          <lb/>titre, timbre: Bibliotheca Regia Monacensis. Prix annoté au crayon 3 M.
          <lb/>Oxford, Bibl. Bodleiana; Proctor II Sectio I n° 11.617: Londres,
          <lb/>Brit. Museum.
          <lb/>1819
        </p>
      </div>
    </body>
  </text>
</TEI>
