<?xml version='1.0' encoding='UTF-8'?>
<?xml-model href="https://raw.githubusercontent.com/OpenITI/tei_openiti/master/tei_openiti.rng" type="application/xml" schematypens="http://relaxng.org/ns/structure/1.0"?>
<?xml-model href="https://raw.githubusercontent.com/OpenITI/tei_openiti/master/tei_openiti.rng" type="application/xml" schematypens="http://purl.oclc.org/dsdl/schematron"?>
<TEI xmlns="http://www.tei-c.org/ns/1.0">
  <teiHeader>
    <fileDesc>
      <titleStmt>
        <title/>
      </titleStmt>
      <publicationStmt>
        <p/>
      </publicationStmt>
      <sourceDesc>
        <p/>
      </sourceDesc>
    </fileDesc>
    <profileDesc>
      <calendarDesc>
        <calendar xml:id="ah">
          <p>Anno Hegirae</p>
        </calendar>
      </calendarDesc>
    </profileDesc>
    <xenoData xml:space="preserve">
CREATED: 2024-04-15T09:07:51.669964+00:00
CREATED BY: eScriptorium vpassthistobuildcmd
IMAGE FILENAME: A121078307.tif
IMAGE WIDTH: 2316
IMAGE HEIGHT: 3848
</xenoData>
  </teiHeader>
  <text>
    <body>
      <div>
        <p>
          <lb/>In-8°, car. goth., 2 ff. non ch., 33 pp., titre courant, réclames,
          <lb/>notes marg.
          <lb/>Fol. A 2a: ... Herren Gal! lo Klet, Probst der gestifft Luten¬
          <lb/>bach,! Minem gebietenden Herren und Patronen... Datum den 21. Au¬
          <lb/>gusti nach der geburt Christi unsers Hey- lands, 1557. Jar.) Georgius
          <lb/>Pictorius, der Kü. May. und irer regierung Ensisz- heim bestellten
          <lb/>Physicum.
          <lb/>Ri00.621. Don du pharmacien Weber, Landau 31/V 1907.
          <lb/>Emil Hirsch, antiquaire à Munich, a offert à la BN de Stras¬
          <lb/>bourg, en février 1935, un ex, pour 25 M.
          <lb/>Bibliographie: KURZ, Ernst Georg: Georg Pictorius von Villin¬
          <lb/>gen, ein Arzt des 16. Jahrh. und seine Wissenschaft. Freiburg i. Br.-
          <lb/>Leipzig, J. C. B. Mohr, 1895, in-8°, 97 pp. — Schottenloher II n° 17246—
          <lb/>17250a.
          <lb/>1866
          <lb/>PICTORIUS Georgius
          <lb/>Mulhouse, P. Schmid 1560
          <lb/>Baderbüchlin. Gantz kurtzer be richt von aller hand
          <lb/>einfach-] ten, und 38. componierten mine-ralischen teüt¬
          <lb/>sches lands wild bädern, wie man im baden unnd dar¬
          <lb/>vor, ordnung halten solle, welchen baden gût, und wel¬
          <lb/>chen bösz, von der bäder diet, unnd wie man al- len
          <lb/>zûfälen die sich gemeinlich den badenden zûtragen, be¬
          <lb/>gegnen soll. (Feuille de trèfle.) Mit angehenckter beschrey¬
          <lb/>bung, was nutz schre-pffen bringe, welchen es füget,
          <lb/>unnd was für schaden denen so es nit gezimmet, auch
          <lb/>an welchen orten die ventosen anzûsetzen.
          <lb/>Alles durch D. Georgium Pictorium der! artzney Doc¬
          <lb/>torn, und bey der Keyserlichen regie- rung in ober Elsasz
          <lb/>bestelten Physicum, ausz den geleerten, und wie er vil
          <lb/>selber er- faren, alhär in disz büchlin zû sammen ge¬
          <lb/>tragen. (Feuille de lierre.)
          <lb/>ANNO M. D. LX. (Verso blanc.)
          <lb/>A la fin: Getruckt zû Mülhusen im oberenElsasz,
          <lb/>durch Peter Schmid. (Au verso: marque typ. de P. Schmid. HEB
          <lb/>planche LXXV n° 1.)
          <lb/>In-8°, car. goth., 3 ff. non ch., 47 ff. ch., 2 ff. non ch., titre cou¬
          <lb/>rant, réclames, notes marg.; titre rouge et noir.
          <lb/>Fol. A 2a: Der... Fraw Anna Baumgartnerin, vonn Baumgarten,
          <lb/>Freyfrauw zû) hohen Schwangenow, und Erbbach... meiner! genedigten
          <lb/>frau- wen.... — Datum den zehenden Februarii, gezalt nach der
          <lb/>mensch! werdung Christi, tausent fünffhundert unnd sechtzig jar.
          <lb/>D. Georgius Pic- torius, der Keyserlichen re gierung Ensiszheim be¬
          <lb/>stel ! ter Physicus. (Bande d’ornement.)
          <lb/>R100.625. Don du pharmacien Weber, Landau 31/V 1907. 1867
          <lb/>1193
        </p>
      </div>
    </body>
  </text>
</TEI>
