<?xml version='1.0' encoding='UTF-8'?>
<?xml-model href="https://raw.githubusercontent.com/OpenITI/tei_openiti/master/tei_openiti.rng" type="application/xml" schematypens="http://relaxng.org/ns/structure/1.0"?>
<?xml-model href="https://raw.githubusercontent.com/OpenITI/tei_openiti/master/tei_openiti.rng" type="application/xml" schematypens="http://purl.oclc.org/dsdl/schematron"?>
<TEI xmlns="http://www.tei-c.org/ns/1.0">
  <teiHeader>
    <fileDesc>
      <titleStmt>
        <title/>
      </titleStmt>
      <publicationStmt>
        <p/>
      </publicationStmt>
      <sourceDesc>
        <p/>
      </sourceDesc>
    </fileDesc>
    <profileDesc>
      <calendarDesc>
        <calendar xml:id="ah">
          <p>Anno Hegirae</p>
        </calendar>
      </calendarDesc>
    </profileDesc>
    <xenoData xml:space="preserve">
CREATED: 2024-04-15T09:07:52.287180+00:00
CREATED BY: eScriptorium vpassthistobuildcmd
IMAGE FILENAME: A121078327.tif
IMAGE WIDTH: 2324
IMAGE HEIGHT: 3846
</xenoData>
  </teiHeader>
  <text>
    <body>
      <div>
        <p>
          <lb/>Mit Keysz. Maiest. Freyheit uff fünff jor Zû̀ Strasz¬
          <lb/>burg by Hans Schotten. Anno M. D. XXXIIII. (Verso blanc.)
          <lb/>à 3 col. (table), titre courant, grandes et belles init. à fig. N, L, G, D,
          <lb/>In-fol., car. goth., 4 ff. non ch., DXCII (592) pp., 10 ff. non ch.
          <lb/>S, V; titre encadré: bordure supérieure, une femme battant son fils;
          <lb/>bordures latérales, à droite, figure en pied de Caton, à gauche, celle de
          <lb/>Phocion; bordure inférieure, Scylurus, malade, remettant trois flèches
          <lb/>à ses nombreux fils.
          <lb/>Au-dessus de l’encadrement:
          <lb/>Far hyn du ungschlacht, zaghaft geburt,
          <lb/>Warumb drattst nit ins vatters furt.
          <lb/>Au-dessous: Scylurus hat sein Kind geleert,
          <lb/>Das Eynigkeit sich sterckt und meert.
          <lb/>Fol. 2a non ch.: Dem wolgebornen herren Georgen, Graven zâ
          <lb/>Er- pach, Churfürstenthumbs der Pfaltz Erb- schencken, und Underlandt-
          <lb/>vogt im Elsasz, Entbeüt Henrich von! Eppendorff seine wil- lige dyenst...
          <lb/>Datum Straszburg, am ein und dreissigsten tag Augusti.) M. D. XXXIIII.
          <lb/>(Dédicace, 5 pp.)
          <lb/>R 10.452. Prov. inconnue. Au milieu du titre: Carthusia Molshe¬
          <lb/>mensis.
          <lb/>Paris, Bibl. Nat., Fol. J. 333; Schmidt II n° 129.
          <lb/>1894
          <lb/>PLUTARCHUS
          <lb/>Strasbourg, J. Schott 1535
          <lb/>Plutarchi von! Cheronea! gûter Sitten einund! zwent-
          <lb/>zig Bücher. Durch D. Michael Herr, der Artzney, unnd
          <lb/>Freyer Künsten! Iyebhaber newlich! verteütscht.! Mit
          <lb/>Keyszerlicher Maiestät Freyheit uff fünff jar.
          <lb/>Zù Straszburg bey! Hans Schotten.M. D. XXXV.
          <lb/>(Verso blanc.)
          <lb/>A la fin: Zû Straszburg bei Hans! Schotten. M. D.
          <lb/>XXXV. (Verso blanc.)
          <lb/>In-fol., car. goth., 4 ff. non ch. (dédicace, table et introduction),
          <lb/>CCXCVI pp., 3 ff. non ch. à 3 col. (registre), titre courant, notes marg.;
          <lb/>titre encadré: portique, en bas les armoiries du duc de Saxe, grandes
          <lb/>init. à fig. Pièces d’encadrement p. 76, 140, 151, 167, 227, 252, 276.
          <lb/>Fol. 2a non ch.:... Herrn Georgen, Hertzogen zu Saxen... —
          <lb/>Michael Herr.
          <lb/>R10.008. Prov.: Heerdegen, Nuremberg 9/VI 1877; 1 M. 30.
          <lb/>BM Strasbourg. Schmidt II n° 133.
          <lb/>1895
          <lb/>PLUTARCHUS
          <lb/>Colmar, Barth. Gruninger 1541
          <lb/>Plutarchus! von Cheroneader allernamhafftigst Grie¬
          <lb/>chisch geschichtschreiber, von den Leben und Ritterli¬
          <lb/>1213
        </p>
      </div>
    </body>
  </text>
</TEI>
