<?xml version='1.0' encoding='UTF-8'?>
<?xml-model href="https://raw.githubusercontent.com/OpenITI/tei_openiti/master/tei_openiti.rng" type="application/xml" schematypens="http://relaxng.org/ns/structure/1.0"?>
<?xml-model href="https://raw.githubusercontent.com/OpenITI/tei_openiti/master/tei_openiti.rng" type="application/xml" schematypens="http://purl.oclc.org/dsdl/schematron"?>
<TEI xmlns="http://www.tei-c.org/ns/1.0">
  <teiHeader>
    <fileDesc>
      <titleStmt>
        <title/>
      </titleStmt>
      <publicationStmt>
        <p/>
      </publicationStmt>
      <sourceDesc>
        <p/>
      </sourceDesc>
    </fileDesc>
    <profileDesc>
      <calendarDesc>
        <calendar xml:id="ah">
          <p>Anno Hegirae</p>
        </calendar>
      </calendarDesc>
    </profileDesc>
    <xenoData xml:space="preserve">
CREATED: 2024-04-15T09:07:54.258986+00:00
CREATED BY: eScriptorium vpassthistobuildcmd
IMAGE FILENAME: A121078389.tif
IMAGE WIDTH: 2358
IMAGE HEIGHT: 3850
</xenoData>
  </teiHeader>
  <text>
    <body>
      <div>
        <p>
          <lb/>RETERSCH ou RETTELSCH. Voir: RATSELBUCH.
          <lb/>REUCHLIN Johannes
          <lb/>Strasbourg, [J. Prüss père) 1504
          <lb/>Vocabularius breviloquus cum arte diphthongandi,
          <lb/>pun- ctandi et accentuandi.
          <lb/>A la fin: Finit vocabularius Breviloquus tri-!, plici alphabeto
          <lb/>diuersis ex autoribus... im pressus Argentine Anno Domini. 1504.
          <lb/>Finitus die septima Mensis Septembris.
          <lb/>In-4°, car. goth., 2 col, 364 ff. non ch., sign. a-2, A-Y, tître
          <lb/>courant, init. d’attente.
          <lb/>Au verso du titre: In praesenti libro continentur! Item ars diph¬
          <lb/>thongandi Guarini Veronensis! Idem compendiosus dialogus de arte punc¬
          <lb/>tandi. Item tractatus vtilis de accentu! Item Breviloquus vocabularius.
          <lb/>fol. A2a: De Arte diphthongandi Guarinus Veronensis Flo-I ro
          <lb/>suo salutem plurimam dicit (2 ff.)
          <lb/>R102106. Prov.: Alfred Lorenz, Leipsig, 29-XII, 1894; 25M.
          <lb/>Au milieu du titre timbre: «Conv. Nazar.» A l&amp;#x27;intérieur de la couver¬
          <lb/>ture ex-libris: Ex Bibliotheca Michaelis Chasles Acad. Scientiar. Socii.
          <lb/>Notes mss. au verso du premier f. de garde: C. A. Basset, rariss. liber.
          <lb/>Schmidt III, p. 13, N° 44 l&amp;#x27;attribue à Prüss. Il cite Bibl, can¬
          <lb/>tonale d’Aarau.
          <lb/>1990
          <lb/>1275
          <lb/>REUCHLIN Johannes
          <lb/>Strasbourg, (Prüss pèrel 1501
          <lb/>Vocabularius breviloquus cum arte diphtongandi,
          <lb/>punctandi et accentuandi.
          <lb/>A la fin: Impressus Argentine Anno Domini M. D. I. Finitus al
          <lb/>tera die post Bartholomei.
          <lb/>In-fol., car. goth., 2 col., 322 ff. non ch., sign. Aa, a-2, A-Y,
          <lb/>titre courant, init. d’attente.
          <lb/>fol. Aa 2a: Guarinus Veronensis Floro suo salutem.
          <lb/>Probablement imprimé par J. Prüss père dont les caractères res¬
          <lb/>semblent à ceux de son Vocabularius Gemma gemmarum du 15 mars 1508.
          <lb/>R 10.484. Prov.: Don de Fid. Butsch, Augsbourg 1871. Rel. anc.
          <lb/>avec armoiries de Maximilianus Udalricus Comes a Kaunitz « Ritt¬
          <lb/>berg. Note mss, en haut du titre: Samsonis Rutelij sum.
          <lb/>Schmidt III, 44 ne cite que l’éd. de 1504 de la Bibl. Cantonale
          <lb/>d’Aarau. Voir la bibliographie sur Reuchlin chez Schottenloher II,
          <lb/>n° 17841-17889.
          <lb/>1991
        </p>
      </div>
    </body>
  </text>
</TEI>
