<?xml version='1.0' encoding='UTF-8'?>
<?xml-model href="https://raw.githubusercontent.com/OpenITI/tei_openiti/master/tei_openiti.rng" type="application/xml" schematypens="http://relaxng.org/ns/structure/1.0"?>
<?xml-model href="https://raw.githubusercontent.com/OpenITI/tei_openiti/master/tei_openiti.rng" type="application/xml" schematypens="http://purl.oclc.org/dsdl/schematron"?>
<TEI xmlns="http://www.tei-c.org/ns/1.0">
  <teiHeader>
    <fileDesc>
      <titleStmt>
        <title/>
      </titleStmt>
      <publicationStmt>
        <p/>
      </publicationStmt>
      <sourceDesc>
        <p/>
      </sourceDesc>
    </fileDesc>
    <profileDesc>
      <calendarDesc>
        <calendar xml:id="ah">
          <p>Anno Hegirae</p>
        </calendar>
      </calendarDesc>
    </profileDesc>
    <xenoData xml:space="preserve">
CREATED: 2024-04-15T09:07:53.871067+00:00
CREATED BY: eScriptorium vpassthistobuildcmd
IMAGE FILENAME: A121078376.tif
IMAGE WIDTH: 2350
IMAGE HEIGHT: 3850
</xenoData>
  </teiHeader>
  <text>
    <body>
      <div>
        <p>
          <lb/>1262
          <lb/>nachmals! aber widerumb frey worden, vil ihrer Herren
          <lb/>vertriben, verjagt und erschlagen, bisz endlich gemeldte
          <lb/>trey Herren sie bezwungen, ihre! Vorfahrn an ihnen statt¬
          <lb/>lich gerochen, das Land! erobert, und zu ihrem gehorsam
          <lb/>gebracht haben. Mit Röm. Kai. Maj. Freiheyt auff zehen
          <lb/>jar.
          <lb/>Getruckt zu Straszburg, durch Theodosium Rihel.
          <lb/>M. D. LXIX. (Verso blanc.)
          <lb/>In-4°, car. goth,, 54 ff. non ch. dont le dernier blanc, segn. A–N.
          <lb/>titre courant, réclames, notes marg., init. goth.
          <lb/>Fol. A 2a: Vermahnung an den Leser, (3 pp.)
          <lb/>R101962. Prov.: Théod. Ackermann, Munich (Catal. 93 n° 1569)
          <lb/>27/1V 1883; 2 M.
          <lb/>1969
          <lb/>RASARIUS Joh. Baptista
          <lb/>Strasbourg, J. Rihel 1572
          <lb/>Io. BAPTISTAE] RASARII, DE VICTORIA CHRI-]stianorum
          <lb/>ad Echinadas, Oratio. ! ITEM, IOAN. STURMUI eadem de! RE:
          <lb/>AD PHILIPPVM HANOICVM, 1 &amp;amp; Ludovicum Witgensteinium Co¬
          <lb/>mites :  duae Epistolae, (Marque typ. de J. Rihel. H&amp;amp;B planche
          <lb/>XXXI n° 9; Silvestre n° 599.)
          <lb/>ARGENTORATI,! Impensis Josiae Rihelii.) M. D. LXXII.
          <lb/>(Versc blanc.)
          <lb/>In-8°, car. ital., 19 ff. non ch., sign. A-C, titre courant, récla¬
          <lb/>mes, init. à fig. A,E, Q.
          <lb/>Fol. A 2a: Ad Philippum! Comitem Hanoicum,! Juniorem. Au
          <lb/>verso: Joan. Sturmii! Epistola : De Societate Chri- stianorum, &amp;amp; pecunia
          <lb/>militari ad Ludovicum Comitem Witgensteinium.... — Argentorati sep¬
          <lb/>timo Idus! Januarii 1572.
          <lb/>R101.121. Prov.: M. Spirgatis, Leipeig 15/IV 1891; 1M. 50.
          <lb/>1970
          <lb/>RASIS : De simplicibus medicinis. Voir: SERAPION: De sim¬
          <lb/>plicibus medicinis. Strasbourg, G. Utricher 1531.
          <lb/>RASSER Johann
          <lb/>Strasbourg, Th. Berger 1574
          <lb/>Ein Schön Christlich new Spil von Kinderzucht, mit
          <lb/>figuren gezie- ret, und wie die kinder, die wol erzo¬
          <lb/>gen, zû groszen Ehren und Ehrlichen stande kommen,
        </p>
      </div>
    </body>
  </text>
</TEI>
