<?xml version='1.0' encoding='UTF-8'?>
<?xml-model href="https://raw.githubusercontent.com/OpenITI/tei_openiti/master/tei_openiti.rng" type="application/xml" schematypens="http://relaxng.org/ns/structure/1.0"?>
<?xml-model href="https://raw.githubusercontent.com/OpenITI/tei_openiti/master/tei_openiti.rng" type="application/xml" schematypens="http://purl.oclc.org/dsdl/schematron"?>
<TEI xmlns="http://www.tei-c.org/ns/1.0">
  <teiHeader>
    <fileDesc>
      <titleStmt>
        <title/>
      </titleStmt>
      <publicationStmt>
        <p/>
      </publicationStmt>
      <sourceDesc>
        <p/>
      </sourceDesc>
    </fileDesc>
    <profileDesc>
      <calendarDesc>
        <calendar xml:id="ah">
          <p>Anno Hegirae</p>
        </calendar>
      </calendarDesc>
    </profileDesc>
    <xenoData xml:space="preserve">
CREATED: 2024-04-15T09:07:47.546635+00:00
CREATED BY: eScriptorium vpassthistobuildcmd
IMAGE FILENAME: A121078176.tif
IMAGE WIDTH: 2304
IMAGE HEIGHT: 3846
</xenoData>
  </teiHeader>
  <text>
    <body>
      <div>
        <p>
          <lb/>1062
          <lb/>NICOLAUS DE DINCRELSPUHEL
          <lb/>Strasbourg, J. Schott 1516
          <lb/>Nycholai Dünckelspühel Tractatus hoc volumine
          <lb/>contenti. I De dilectione dei et proximi.II De preceptis
          <lb/>decalogi. III De Oratione dominica. IIl De tribus parti¬
          <lb/>bus penitentie.VDe octo beatitudinibus. VI De septem
          <lb/>peccatis mortalibus; et septem virtutibus il- lis oppositis.
          <lb/>VII Confessionale. VIII De quinque sensibus. M. Hiero¬
          <lb/>nymi Gebvilerii ad Lectorem! Carmen hexastichon. (3 dist.)
          <lb/>Privilège impérial accordé par Iac. Oesler pour 6 ans. (9 lignes.)
          <lb/>1516.
          <lb/>A la fin: Joannes Schottus Argen. 3. Kal. Septembris. Anno sa¬
          <lb/>lutis. 1516.
          <lb/>In-fol., car. goth., 2 col., 5 ff. non ch., 163 ff. ch., 1 f. non ch.,
          <lb/>titre courant, init. à fig. et init. ornées.
          <lb/>Au verso du titre, en car, rom. :... Conrado Auren. Episcopo, do¬
          <lb/>mini Guil-helmi. IIl. Argen. praesulis,... lacobus Vuimpfelingius... —
          <lb/>Ex Argentorato Kal. Septembris. Anni salutis. M. CCCCC. XVI. (1 p.
          <lb/>Suivent 6 ff. de table à 2 col.)
          <lb/>Au recto du dernier f., en car. rom.: Ad pium Lectorem Iacobus
          <lb/>Vuimpfelingius Selestaten.... — Lector vale: &amp;amp; valeat pressor Ioannes
          <lb/>Schottus, a teneris annis mihi, quam! charissimus. Argentinae ex curia
          <lb/>pietissimi Bavariae Ducis Henrici &amp;amp;c.ï. Kal. Septembris. Anno Christi
          <lb/>1516.
          <lb/>*R10.337. Prov.: E. Kamlala, Berlin 6/VI 1885, 8 M. 50. Note
          <lb/>ms. au titre: Bibliotheca S. Georgii. Augo. Vinde.
          <lb/>Proctor II Sectio I n° 10.279: Londres, Brit. Museum; Schmidt
          <lb/>1I, 36: Jadis Bibl. de Strasbourg, Incun, n° 3514, BM de Strasbourg 22
          <lb/>et BM de Colmar.
          <lb/>1631
          <lb/>NICOLAUS Leonicenus: De falsa quarundam herbarum inscrip¬
          <lb/>tione a Plinio. Voir: BRUNFELS Otto : Novi Herbarii To¬
          <lb/>mus II. Strasbourg, J. Schott 1536.
          <lb/>NICOLAUS DE NYSE
          <lb/>Haguenau, H. Gran 1510
          <lb/>Sermones Estivales De Tempore Venerandi patris:
          <lb/>fratris Nicolai deniise sacre pagine professoris : fra- trum
          <lb/>Minorum de observantia: provin cie Francie Provincialis
          <lb/>vicarii. (Verso blanc.)
          <lb/>A la fin: .. Sermones reve rendi patris fratris Nicolai
          <lb/>deniise: fratrum minorum de observantia vulgariter nun¬
          <lb/>cupatorisin conventu Rothomagensis civitatis gardia
        </p>
      </div>
    </body>
  </text>
</TEI>
