<?xml version='1.0' encoding='UTF-8'?>
<?xml-model href="https://raw.githubusercontent.com/OpenITI/tei_openiti/master/tei_openiti.rng" type="application/xml" schematypens="http://relaxng.org/ns/structure/1.0"?>
<?xml-model href="https://raw.githubusercontent.com/OpenITI/tei_openiti/master/tei_openiti.rng" type="application/xml" schematypens="http://purl.oclc.org/dsdl/schematron"?>
<TEI xmlns="http://www.tei-c.org/ns/1.0">
  <teiHeader>
    <fileDesc>
      <titleStmt>
        <title/>
      </titleStmt>
      <publicationStmt>
        <p/>
      </publicationStmt>
      <sourceDesc>
        <p/>
      </sourceDesc>
    </fileDesc>
    <profileDesc>
      <calendarDesc>
        <calendar xml:id="ah">
          <p>Anno Hegirae</p>
        </calendar>
      </calendarDesc>
    </profileDesc>
    <xenoData xml:space="preserve">
CREATED: 2024-04-15T09:07:45.701009+00:00
CREATED BY: eScriptorium vpassthistobuildcmd
IMAGE FILENAME: A121078108.tif
IMAGE WIDTH: 2314
IMAGE HEIGHT: 3846
</xenoData>
  </teiHeader>
  <text>
    <body>
      <div>
        <p>
          <lb/>994
          <lb/>Ex Fœlicissima Haganoa per lohan. Secerium.
          <lb/>In-86, car. ital., 67 ff. non ch., sign. A-I, titre courant, réclames,
          <lb/>notes marg., init. à fig., bandes d’ornement et feuilles de lierre, titre
          <lb/>encadré. (H a B Planche LXIX n° 1.)
          <lb/>LXX n° 6.)
          <lb/>Au verso du dernier f., marque typ. de Secer. (H e B Planche
          <lb/>bergae.
          <lb/>Au verso du titre: Simoni Gryneo Suo Phil. Mel. S.... — Vittem¬
          <lb/>R100.861. Prov.: Donation Cunite, Strasbourg 1886.
          <lb/>15512.
          <lb/>Bibliographie de Melanchthon, voir: Schottenloher I n° 15003—
          <lb/>1501
          <lb/>MELANCHTHON Philippus
          <lb/>Strasbourg s. d.
          <lb/>(Feuille de lierre.) DIALE- CTICES PHILIPPI ME- lanch¬
          <lb/>thonis, Libri quatuor, ab autore nuper ipso de integro
          <lb/>in lucem con scripti ac editi. EIVSDEM RETO-RCES
          <lb/>PRAECEPTIVNCV- la doctissima.
          <lb/>ARGENTORATI. Is. d.]
          <lb/>In-8°, car. ital., 92 ff. non ch., titre courant, réclames, init. ornées.
          <lb/>Au verso du titre: Ad Studiosam lite rarum Pubem, Philippus
          <lb/>Engentinus. (8 dist.)
          <lb/>Fol. A 2a : Philippus! Melanchthon, Guilielmo! Reiffenstein...
          <lb/>ex Wittember- ga. Calendis Iulii. (Epistola nuncupatoria. 3 pp.)
          <lb/>R101.214. Prov: BN Munich T/V 1877, 0,40 M.
          <lb/>1502
          <lb/>MELANCHTHON Philippus
          <lb/>(Haguenau] s. d.
          <lb/>Unterschidt zwischen weltlicher und Christ- licher
          <lb/>Fromkeyt.Philippus Melanchthon.
          <lb/>Hagenaw. [s. d.] (Verso blanc.)
          <lb/>In-4°, car. goth., 4 ff. non ch., sign. A, réclames, init. E.
          <lb/>R 100.859. Prov.: M. Spirgatis, Leipaig I7/XII 1891; 3 M.
          <lb/>2ème ex.: R 100.860. Prov.: Bibl. Bœcking.
          <lb/>1503
          <lb/>MELANCHTHON Philippus
          <lb/>Haguenau, Th. Anshelm 1518
          <lb/>INSTI TVTIONES GRAECAE GRAMMA TICAE! Accentuum
          <lb/>exquisita ratio. Etymologia. Ex Homero, Thersita &amp;amp;
          <lb/>Chelys cum scholiis.) PHIL. MELANCHT. Proderunt haec
          <lb/>non solum graeca discentibus sed iis etiam qui non tur¬
          <lb/>pissime latina tractare conantur. Tubingae.
        </p>
      </div>
    </body>
  </text>
</TEI>
