<?xml version='1.0' encoding='UTF-8'?>
<?xml-model href="https://raw.githubusercontent.com/OpenITI/tei_openiti/master/tei_openiti.rng" type="application/xml" schematypens="http://relaxng.org/ns/structure/1.0"?>
<?xml-model href="https://raw.githubusercontent.com/OpenITI/tei_openiti/master/tei_openiti.rng" type="application/xml" schematypens="http://purl.oclc.org/dsdl/schematron"?>
<TEI xmlns="http://www.tei-c.org/ns/1.0">
  <teiHeader>
    <fileDesc>
      <titleStmt>
        <title/>
      </titleStmt>
      <publicationStmt>
        <p/>
      </publicationStmt>
      <sourceDesc>
        <p/>
      </sourceDesc>
    </fileDesc>
    <profileDesc>
      <calendarDesc>
        <calendar xml:id="ah">
          <p>Anno Hegirae</p>
        </calendar>
      </calendarDesc>
    </profileDesc>
    <xenoData xml:space="preserve">
CREATED: 2024-04-15T09:07:49.154365+00:00
CREATED BY: eScriptorium vpassthistobuildcmd
IMAGE FILENAME: A121078233.tif
IMAGE WIDTH: 2302
IMAGE HEIGHT: 3850
</xenoData>
  </teiHeader>
  <text>
    <body>
      <div>
        <p>
          <lb/>1119
          <lb/>und Theodosii der Römischen Keisern, fürgangen und
          <lb/>gehandelt ist. Als grewliche Schlachten und blâtvergies¬
          <lb/>sen, grossen Theurun-en und hungers noth, schädlichen
          <lb/>feürszbrenden, erschrock- lichen Sünd und Wasserflüssen,
          <lb/>darzû grossen Erdbidem auch verfolgung und durchäch¬
          <lb/>tung der Christen, vor! mals in Teutsch nie gesehen. Und
          <lb/>aber vetzund durch den achtparn und weisen Herrn
          <lb/>Hie- ronimum Bonern diser zeit Oberster Meister der
          <lb/>loblichen Reichszstatt Colmar in obern Elsasz, in daz
          <lb/>nachfolgend Teutsch ver- dolmetscht, unnd ge- meinen
          <lb/>nutz zû gût) an tag geben.
          <lb/>Z6 Colmar bey Barptholomeo Grüninger.) M. D. XXXIX.
          <lb/>(Verso blanc.)
          <lb/>A la fin: Gedruckt in der Keyserlichen Reichszstatt
          <lb/>Colmar inn obern Elsasz, Durch den Ersamen Barptho¬
          <lb/>lomeum Grünin- ger und volendet den Ersten tag des
          <lb/>Herbst-monats, Als man zalt nach der geburtt Christi
          <lb/>unsers Herrn, tausent fünff hundert und Neün und
          <lb/>dreissyg iar. &amp;amp;c.
          <lb/>In-fol., car. goth., CXX ff. ch., 4 ff. non ch. (table), titre courant,
          <lb/>réclames, notes marg., init. ornées.
          <lb/>Fol. 2a: ... Herren Wolffen von Landtsperg, der Stifft Strassburg
          <lb/>Vitztumb meinem günstigen und gebietenden Herrn, Entbeüt ich Hiero¬
          <lb/>nimus Boner diser zeit Oberster meister z8 Colmar mein willig und un¬
          <lb/>verdrossen Dienst... — Datum Colmar den Ersten tag des Herbstmonats,
          <lb/>Anno domini M. D. XXXIX.
          <lb/>R10.017. Prov.: Don de l’antiquaire Fidelis Butsch à Augs¬
          <lb/>bourg 1871.
          <lb/>BM Strasbourg.
          <lb/>1733
          <lb/>ORTUS sanitatis. Voir: HORTUS sanitatis
          <lb/>OSIANDER Lucas
          <lb/>Strasbourg, Th. Berger 1581
          <lb/>Ein Predig Von Christlicher Ein- falt, in glaubens
          <lb/>sachen, bey deren gûthertzige Christen, welche selig z
          <lb/>werden begern, bestendig verharren sollen.Gehalten
          <lb/>zû Straszburg im Münster,
          <lb/>den 9. Iulii, Anno 1581.
          <lb/>Durch Lucam Osiandrum D. Wirten-bergischem Hoff¬
          <lb/>prediger.
          <lb/>M. D. LXXXI. (Verso blanc.)
        </p>
      </div>
    </body>
  </text>
</TEI>
