<?xml version='1.0' encoding='UTF-8'?>
<?xml-model href="https://raw.githubusercontent.com/OpenITI/tei_openiti/master/tei_openiti.rng" type="application/xml" schematypens="http://relaxng.org/ns/structure/1.0"?>
<?xml-model href="https://raw.githubusercontent.com/OpenITI/tei_openiti/master/tei_openiti.rng" type="application/xml" schematypens="http://purl.oclc.org/dsdl/schematron"?>
<TEI xmlns="http://www.tei-c.org/ns/1.0">
  <teiHeader>
    <fileDesc>
      <titleStmt>
        <title/>
      </titleStmt>
      <publicationStmt>
        <p/>
      </publicationStmt>
      <sourceDesc>
        <p/>
      </sourceDesc>
    </fileDesc>
    <profileDesc>
      <calendarDesc>
        <calendar xml:id="ah">
          <p>Anno Hegirae</p>
        </calendar>
      </calendarDesc>
    </profileDesc>
    <xenoData xml:space="preserve">
CREATED: 2024-04-15T09:07:55.144155+00:00
CREATED BY: eScriptorium vpassthistobuildcmd
IMAGE FILENAME: A121078418.tif
IMAGE WIDTH: 2388
IMAGE HEIGHT: 3838
</xenoData>
  </teiHeader>
  <text>
    <body>
      <div>
        <p>
          <lb/>1304
          <lb/>A la fin: Argentorati, ex Offi cina Knoblochiana,Per
          <lb/>Georgium Ma-cheropeum, men se Augusto, Anno, Il
          <lb/>M. D. XLII.
          <lb/>In-8°, car. ital., 94 ff. non ch., sign. a-q, titre courant, réclames ; init.
          <lb/>à figure O.
          <lb/>Au verso du titre : Index.
          <lb/>fol. a 2a Iohanni Frisio Tigurino, amico veteri, Gualth. H. Ryff. S. P. D.
          <lb/>(préface de 2 ff. en car. rom.), à la fin trois feuilles de treffle.
          <lb/>fol. a 4a : De solis et lunae !] potestate Carmen!! Tho. Venat. (16 dist.
          <lb/>latins).
          <lb/>R. 101.038. Prov. : Baillieu, Paris, 19/XII, 1893; 3 fr.
          <lb/>Oxford, Bibl. Bodleiana,
          <lb/>2036
          <lb/>RYFF Walter Hermann
          <lb/>Strasbourg, G. Messerschmidt, 1542
          <lb/>Medicinae Theoriciae et pra! cticae breve quidem, sed!
          <lb/>doctissimum pariter ac opulentum Enchiridion! totam rem
          <lb/>mire eruditis, dilucidis ac succinctisAphorismis complectens,
          <lb/>in rei Medicae studio-orum gratiam, ex doctissimorum
          <lb/>virorum libris excerptum, &amp;amp; non sine insigni delectu conge
          <lb/>stum, non modo Medicis, verum &amp;amp; Chi] rurgis accomodum
          <lb/>atque, adeonecessarium.
          <lb/>Nunc primum studio atque opera M. Gualt. H. Riff.
          <lb/>repurga-  tum atque in lucem] editum.
          <lb/>Quibus adiecimus A. Cornelii Celsi sententias elegantissi¬
          <lb/>mas ex libris ipsius diligenter selectas.
          <lb/>A la fin : Argentorati, ex Officna Knoblochiana, per
          <lb/>Georgium Mes ] serschmid. AnnoM. D. XLII. (Verso
          <lb/>blanc.)
          <lb/>In-8°, car. ital., 168 ff. non ch., sign. A-Z, Aa-Ee, titre courant, réclames.
          <lb/>Au verso du titre: Argumentum Operis. (3 dist. latins.)
          <lb/>fol. A 2a : Gualtherus. H. Ryff. Iacobo Bryllisovero Abbatiscellensi
          <lb/>Medicinae Doctori Praestantissimo, S. P. D. (Préface de 5 pp.)... Argen¬
          <lb/>torati, Kalendis Augusti. Anno. M. D. XLII (feuille de lierre.)
          <lb/>R. 101.039. Prov. : Baillieu, Paris, 19/xII, 1893; 3 fr.
          <lb/>BN Paris: T30, 3. à Ivry Jean de
          <lb/>2037
          <lb/>RYFF Walther Hermann
          <lb/>Strasbourg, Balth. Beck, 1542
          <lb/>Warhafftige künstliche, ge- rechte underweisung unnd
          <lb/>anzeygung... (comme dans l’édition de 1540.)
          <lb/>Mit Künigklicher Maiestat freiheyt. M. D. xlii. (Verso
          <lb/>blanc.)
          <lb/>A la fin : Strasburg, Balthasar Beck.
          <lb/>In-4°, car. goth., 7 ff. non chiffrés, XCVIII ff. ch., 5 ff. non ch. (Register),
          <lb/>titre courant, réclames.
          <lb/>Préface et dédicace comme dans l’édition de 1540.
          <lb/>R. 101.745. Prov. : don d’Alex. Hatzfeld née Schaum à Flacht près
          <lb/>Diez, 1871; registre incomplet, manquent environ 2 à 3 ff.
          <lb/>203s
        </p>
      </div>
    </body>
  </text>
</TEI>
