<?xml version='1.0' encoding='UTF-8'?>
<?xml-model href="https://raw.githubusercontent.com/OpenITI/tei_openiti/master/tei_openiti.rng" type="application/xml" schematypens="http://relaxng.org/ns/structure/1.0"?>
<?xml-model href="https://raw.githubusercontent.com/OpenITI/tei_openiti/master/tei_openiti.rng" type="application/xml" schematypens="http://purl.oclc.org/dsdl/schematron"?>
<TEI xmlns="http://www.tei-c.org/ns/1.0">
  <teiHeader>
    <fileDesc>
      <titleStmt>
        <title/>
      </titleStmt>
      <publicationStmt>
        <p/>
      </publicationStmt>
      <sourceDesc>
        <p/>
      </sourceDesc>
    </fileDesc>
    <profileDesc>
      <calendarDesc>
        <calendar xml:id="ah">
          <p>Anno Hegirae</p>
        </calendar>
      </calendarDesc>
    </profileDesc>
    <xenoData xml:space="preserve">
CREATED: 2024-04-15T09:07:52.544223+00:00
CREATED BY: eScriptorium vpassthistobuildcmd
IMAGE FILENAME: A121078331.tif
IMAGE WIDTH: 2324
IMAGE HEIGHT: 3848
</xenoData>
  </teiHeader>
  <text>
    <body>
      <div>
        <p>
          <lb/>A la fin: IMPRESSVM ARGENTINE PER HO nestum virum
          <lb/>Joannem Knoblouchum. IIl. Idus Februarii. Anno a na¬
          <lb/>tali Christi. M. D.X.
          <lb/>In-fol., car. rom., LXXII ff. ch. et 4 ff. non ch. (table) pour les
          <lb/>Historiae, XXIX ff. ch. pour les Facetiae, notes marg., belles et grandes
          <lb/>init. à fig. O, A, N, F et quelques grandes init, ornées; titre rouge et
          <lb/>noir, encadré: à gauche et à droite, deux ceps de vigne garnis de rai¬
          <lb/>sins et se rejoignant par le haut. En haut, à gauche, un enfant nu
          <lb/>tenant un écu; à droite, un autre enfant nu tirant une flèche. En bas,
          <lb/>à gauche, un enfant nu et un ours; à droite, un ours, et au milieu de
          <lb/>la bande inférieure un écu vide tenu par deux enfants nus. (Même en¬
          <lb/>cadrement dans : Leben der Heiligen, Hupfuff, 1513. R 10.145.)
          <lb/>Au verso du titre: Thomas D. Aucuparius Poeta Lau- reatus, excel¬
          <lb/>lenti &amp;amp; egregio viro Sebastiano Brant,... Argenti-nensi Cancellario,
          <lb/>S. P. D.... — Argen! toraci. XXIX. mensis Januarii Anni. M. D. XI.
          <lb/>K 1895(3). Prov. : Don de la ville de Nœrdlingen 1871.
          <lb/>Schmidt VII n° 66; Catal. de la Bibl. de Ch. Louis Fière, 2ème
          <lb/>vente, Paris 14-17 juin 1937, n° 365:,Édition originale rare...
          <lb/>Brunet IV2, 764: Première édition de ce recueil : 18 fr. Bonnier;
          <lb/>1 liv. 3 sh. Heber. Le même imprimeur en a donné une seconde, en 1511,
          <lb/>pet. in-fol., et une troisième plus complète en 1513, pet. in-fol. 8 flor.
          <lb/>1900
          <lb/>25 c. Meerman. Elles sont toutes trois devenues assez rares.
          <lb/>1217
          <lb/>POGGIO Giovanni
          <lb/>Strasbourg, J. Knobloch 1511
          <lb/>Poggii Florentini Ora-toris clarissimi; ae se¬
          <lb/>CRETARII APOSTOLICI HISTO RIAE CONVIVALES DISCEPTATIVAE
          <lb/>ORATIONES INVECTIVAE] EPISTOLAE DESCRIPTIO NES QVAE
          <lb/>DAM ETFa-CECIA- RVM LIBER.
          <lb/>A la fin: IMPRESSVM ARGENTINAE PER HO) nestum virum
          <lb/>Joannem Knoblouchum. III. Idus Februarii. Anno a natali
          <lb/>Christi.M. D. XI.
          <lb/>In-fol., car. rom., LXXII ff. ch., 4 ff. non ch. (table) 4 Facetiarum
          <lb/>liber numéroté à part XXIX ff. ch.; titre rouge et noir, encadré comme
          <lb/>le numéro précédent. Notes marg., grandes init. à fig.
          <lb/>Au verso du titre: Thomas D. Aucuparius poeta laureatus excel¬
          <lb/>lenti &amp;amp; egregio viro d. Sebastiano Brant... Argentoraci, XXIX mensis
          <lb/>Januarii. Anni. M. D. XI.
          <lb/>R10.082. Prov.: Bibl. du Prof. Baum 1879. Avec quelques an¬
          <lb/>notations mss. F. 37 manque.
          <lb/>Schmidt VII n° 66, en parlant de l’édition de 1510 dit :,Il existe
          <lb/>une édition du II février 1511, qui est exactement la même que celle
          <lb/>du I1 février 1510; se serait-on borné à réimprimer le dernier feuillet
          <lb/>ou 1511 est-il une faute?
          <lb/>1901
          <lb/>R.77
        </p>
      </div>
    </body>
  </text>
</TEI>
