<?xml version='1.0' encoding='UTF-8'?>
<?xml-model href="https://raw.githubusercontent.com/OpenITI/tei_openiti/master/tei_openiti.rng" type="application/xml" schematypens="http://relaxng.org/ns/structure/1.0"?>
<?xml-model href="https://raw.githubusercontent.com/OpenITI/tei_openiti/master/tei_openiti.rng" type="application/xml" schematypens="http://purl.oclc.org/dsdl/schematron"?>
<TEI xmlns="http://www.tei-c.org/ns/1.0">
  <teiHeader>
    <fileDesc>
      <titleStmt>
        <title/>
      </titleStmt>
      <publicationStmt>
        <p/>
      </publicationStmt>
      <sourceDesc>
        <p/>
      </sourceDesc>
    </fileDesc>
    <profileDesc>
      <calendarDesc>
        <calendar xml:id="ah">
          <p>Anno Hegirae</p>
        </calendar>
      </calendarDesc>
    </profileDesc>
    <xenoData xml:space="preserve">
CREATED: 2024-04-15T09:07:44.878216+00:00
CREATED BY: eScriptorium vpassthistobuildcmd
IMAGE FILENAME: A121078078.tif
IMAGE WIDTH: 2326
IMAGE HEIGHT: 3846
</xenoData>
  </teiHeader>
  <text>
    <body>
      <div>
        <p>
          <lb/>964
          <lb/>texte, entre autres St. André, Conception de la Vierge, Martyre de
          <lb/>St. Thomas, Etable de Bethléem, Martyre de St. Etienne, St. Jean l’Evan¬
          <lb/>géliste, les Saints innocents, Conversion de St. Paul etc.
          <lb/>Rodt dem Leser...Die Summen so bey eynem jeglichen Evangelion
          <lb/>Fol. 2a non ch.: Vorrede Martin Luthers. Au-dessous: Stephanus
          <lb/>stehen, seind ausz der La-! tinischen Postillation Johan Bugenhagen Po¬
          <lb/>mers verdeutschet. Suivent 8 pp. de table à 2 col.
          <lb/>R10.539. Prov.: Directeur Erichson. Strasbourg 24/V1897, 25M.
          <lb/>Notes mss. au verso du f. de garde: «Une des plus belles pièces que
          <lb/>Dr Luther commença à composer dans le temps de son exil fut la postille
          <lb/>ou les sermons sur les Evangiles de l’année qu’il regardait lui-même comme
          <lb/>le meilleur de ses livres. V. Histoire de la réformation de Seckendorff
          <lb/>1845, f. 45, tome I.» Au-dessous, d’une autre main: «Dr Christoph Mat¬
          <lb/>thäus Pfaff Cantzler in Tübingen sagt in seinen Academischen Reden über
          <lb/>das allgemeine als auch teutsch protestantische Recht cap. 9 S 19: Ich
          <lb/>lieb und halte hoch Dr Luthers Postillen, dieser theolog, so populär er
          <lb/>gepredigt hat mit so grosser Energie hat er gepredigt.»
          <lb/>1450
          <lb/>LUTHER Martin
          <lb/>Strasbourg, W. Rihel 1546
          <lb/>Warnunge! D. Martin Luther an seine lie- ben Deut¬
          <lb/>schen, vor etlichen Jaren geschriben auff disen fall, so
          <lb/>die feinde Christlicher Warheit dise Kirchen und Land,
          <lb/>darinne reine Lere des Evangelii geprediget würd, mit
          <lb/>Krieg uberziehen unnd zerstören wolten. Mit einer Vor¬
          <lb/>rede Philippi Melanthon.
          <lb/>Gedruckt zû Straszburg! bei Wendel Rihel. M. D.
          <lb/>XLVI. (Verso blanc.)
          <lb/>In-4°, car. goth., 37 ff. non ch., sign. A-K, réclames au verso des
          <lb/>feuillets, init. ornées D, I.
          <lb/>Fol. A 2a : Vorrede Philippi Me- lanthon... — Datum decima
          <lb/>Iulii. M. D. XVI.
          <lb/>R101.501. Prov.: Bibl. Heitz, Strasbourg 1871.
          <lb/>Bibl. St. Guillaume, Strasbourg.
          <lb/>1451
          <lb/>LUTHER Martin
          <lb/>Strasbourg, Chr. Muller 1563
          <lb/>Comment, oder Ausz legung, weiland des Ehrnwir¬
          <lb/>digen Herrn Doctor Martin Luthers, uber den CXXVII.
          <lb/>Psalm: Nisi Dominus aedificave-rit domum. Wo der Herr
          <lb/>nicht das hauss baw- et &amp;amp;c. Wie er zû Latein fürgelesen
          <lb/>hatt,Anno M. D. XXXIII. jetz und neüw- lich und fleissig
          <lb/>verdeütschet durch Erhard Krausz der Rechten Licenciat.
        </p>
      </div>
    </body>
  </text>
</TEI>
