<?xml version='1.0' encoding='UTF-8'?>
<?xml-model href="https://raw.githubusercontent.com/OpenITI/tei_openiti/master/tei_openiti.rng" type="application/xml" schematypens="http://relaxng.org/ns/structure/1.0"?>
<?xml-model href="https://raw.githubusercontent.com/OpenITI/tei_openiti/master/tei_openiti.rng" type="application/xml" schematypens="http://purl.oclc.org/dsdl/schematron"?>
<TEI xmlns="http://www.tei-c.org/ns/1.0">
  <teiHeader>
    <fileDesc>
      <titleStmt>
        <title/>
      </titleStmt>
      <publicationStmt>
        <p/>
      </publicationStmt>
      <sourceDesc>
        <p/>
      </sourceDesc>
    </fileDesc>
    <profileDesc>
      <calendarDesc>
        <calendar xml:id="ah">
          <p>Anno Hegirae</p>
        </calendar>
      </calendarDesc>
    </profileDesc>
    <xenoData xml:space="preserve">
CREATED: 2024-04-15T09:07:50.408467+00:00
CREATED BY: eScriptorium vpassthistobuildcmd
IMAGE FILENAME: A121078275.tif
IMAGE WIDTH: 2308
IMAGE HEIGHT: 3846
</xenoData>
  </teiHeader>
  <text>
    <body>
      <div>
        <p>
          <lb/>R10.509. Prov.: Bibliothecae Hermanianae Argentorati.
          <lb/>Notes mss., au verso du f. de garde: Carrichtero Paracelsico homini
          <lb/>librum hunc tribuit Haller Bibl. botan. 1. p. 347. Cf. quoque Meth. Stud.
          <lb/>Med. p. 179.... Toxites dicit in dedicatione se anno praeterito edidisse,
          <lb/>ergo 1575, Carrichteri herbarium parvum, cujus editionis Hallerus ex
          <lb/>Bassœo meminit. Si editionem 1573 nominat, ex Philomusi praefatione,
          <lb/>vereor ne error sit. Nam non Philomusus sed Toxites, neque in praefa¬
          <lb/>tione, sed in dedicatione dicit se anno praeterito, ergo 1575 libellum illum
          <lb/>edidisse... Schreiber, Kräuterbücher, p. XLI:Besonderer Erwähnung
          <lb/>bedarf aber noch ein Werk, das mit 58 Holzschnitten geschmückt ist, die
          <lb/>so genau mit den kleinen Fuchsschen übereinstimmen, dass ich nicht.
          <lb/>sagen kann, ob es Nachschnitte oder Clichés sind oder ob die nach Frank¬
          <lb/>reich verkauften nach Strassburg zurückkehrten. Das Werk, um das es
          <lb/>sich handelt, ist das sogenannte Carrichtersche Kräuterbuch. Es erschien
          <lb/>erstmalig bei Christian Müller in Strassburg 1576....
          <lb/>R 10.508. Prov. : Bibl. de la Faculté de Médecine de Strasbourg.
          <lb/>BN Paris, Te 130, 13. Bœr, Francfort-s.-M., Catal, 500 (1907)
          <lb/>n° 709; 48 M.
          <lb/>Bibliographie de M. Pegius, voir: Schottenloher II n° 17037-17039.
          <lb/>1806
          <lb/>(PEGIUS Martinus)
          <lb/>Strasbourg, A. Bertram 1595
          <lb/>Horn desz heyls menschlicher blödigkeit.Oder,
          <lb/>Kreütterbuch.. (comme dans, l&amp;#x27;éd. de 1576 jusqu’à anleitung ge¬
          <lb/>ben! wollen.) Puis:
          <lb/>Nochmals durch Doctorem Troxitem (!)allen Medicis,
          <lb/>Pharmacopoeis, und Chyrurgis,) auch andern zugefallen
          <lb/>in truck geben. Mit Keiserlicher Maiestat freyheit auff
          <lb/>zehen Jahr. (Marque typ. d’Ant. Bertram. H &amp;amp; B pl. XLIV n° 1;
          <lb/>Silvestre n° 1023.)
          <lb/>Getruckt zû Straszburg, bey Antoni Bertram, Im Jhar
          <lb/>Christi M. D. XCV.
          <lb/>In-fol., car. goth., 10 ff. non ch., CLXXX ff. ch., 6 ff. non ch. à
          <lb/>3 col. (table) et 1 f. blanc, titre courant, récl., notes marg., init. ornées;
          <lb/>titre rouge et noir, grav. de l’édition de 1576.
          <lb/>Fol. 2a non ch.: Vorred desz Autoris dieses Buchs.... (3 pp.)
          <lb/>Explications du zodiaque et des planètes comme dans l’édition de
          <lb/>1576, mêmes gravures.
          <lb/>R 10.510. Prov. : Don de la BU de Gœttingue 1872. Schreiber,
          <lb/>loc. cit. p. XLI: ,Eine zweite Auflage, die Antoni Bertram in Strassburg
          <lb/>1595 druckte, hat dieselbe Benennung; dagegen erschien bei ihm 1619.
          <lb/>eine dritte, welche den Titel trägt: «Bartholomaei Carrichter,... Gross
          <lb/>Kräntterbuch». Da Toxites, der in Hagenau Stadtphysicus war, in der
          <lb/>Vorrede der ersten Auflage sagt, er habe im vorhergehenden Jahre das
          <lb/>kleine Kräuterbuch des Carrichter herausgegeben, so hätte kein Grund
          <lb/>vorgelegen, diesen Namen zu verschweigen, wenn er auch der Verfasser
          <lb/>1161
        </p>
      </div>
    </body>
  </text>
</TEI>
