<?xml version='1.0' encoding='UTF-8'?>
<?xml-model href="https://raw.githubusercontent.com/OpenITI/tei_openiti/master/tei_openiti.rng" type="application/xml" schematypens="http://relaxng.org/ns/structure/1.0"?>
<?xml-model href="https://raw.githubusercontent.com/OpenITI/tei_openiti/master/tei_openiti.rng" type="application/xml" schematypens="http://purl.oclc.org/dsdl/schematron"?>
<TEI xmlns="http://www.tei-c.org/ns/1.0">
  <teiHeader>
    <fileDesc>
      <titleStmt>
        <title/>
      </titleStmt>
      <publicationStmt>
        <p/>
      </publicationStmt>
      <sourceDesc>
        <p/>
      </sourceDesc>
    </fileDesc>
    <profileDesc>
      <calendarDesc>
        <calendar xml:id="ah">
          <p>Anno Hegirae</p>
        </calendar>
      </calendarDesc>
    </profileDesc>
    <xenoData xml:space="preserve">
CREATED: 2024-04-15T09:07:55.042266+00:00
CREATED BY: eScriptorium vpassthistobuildcmd
IMAGE FILENAME: A121078413.tif
IMAGE WIDTH: 2382
IMAGE HEIGHT: 3838
</xenoData>
  </teiHeader>
  <text>
    <body>
      <div>
        <p>
          <lb/>1299
          <lb/>RUTILIUS Bernhardinus
          <lb/>Strasbourg, Cr. Mylius, 1538
          <lb/>Vete-] rum iuris con sultorum vitae, per Bern!] hardinum
          <lb/>Rutilium Iurisconsultum do!! ctiss. summa di!! ligentia
          <lb/>con scriptae.
          <lb/>Argentorati perCratonem My- I lium, Anno !l
          <lb/>M. D. XXXVIII. (Verso blanc.)
          <lb/>A la fin : Argentorati apudCratonem Mylium, An.
          <lb/>M. D. XXXVIII. 11 Men. Mart.
          <lb/>In-8°, car. rom., 10 ff. non ch., CCCLXXI pp. ch., titre courant,
          <lb/>réclames, notes marg., init. ornées C, H, P, titre encadré d’ornements et
          <lb/>de feuillages, en bas au milieu écusson avec une roue, aux coins Minerve
          <lb/>et Mercure.
          <lb/>Au verso du dernier f. marque typ. de Crato Mylius, H. &amp;amp; B.,
          <lb/>Planche XXV, n° 4.
          <lb/>fol. 2a non ch. : Nicolaus! Gerbelius Praeclaro! uiro D. Christophoro
          <lb/>Welsinger!!... — Argento-]Irati pridie Idus Novembr. Anno à Christo
          <lb/>nato!! M. D. XXXVII.
          <lb/>fol. 4b non ch.: epistola nuncupatoria. Amplissimo!) Cardinali Nicolao
          <lb/>Rodulpho... Bernhardinus Rutilius S. P. D... Rhomae, ex aedibus tuis,
          <lb/>Idibus Aprilis, M. D. XXXVI.
          <lb/>R. 100.852. Prov, inconnue. Oxford, Bibl. Bodleiana; Ritter, BM
          <lb/>Strasbourg n° 1846. Rel. anc.
          <lb/>2029
          <lb/>RYFF Walter Hermann
          <lb/>Strasbourg, J. Cammerlander, s. d.
          <lb/>Manual Buchlein.Von allerhandt Gifft, Wunden, unnd
          <lb/>Feldt Kranckheyten eyn kurtzer! Bericht. Durch O. Apolli¬
          <lb/>narem. Titre encadré de 3 pièces d’ornement juxtaposées.
          <lb/>Au-dessous, gravure sur bois : grand portique, à gauche Mar¬
          <lb/>silius Ficinus, assis, au milieu un jeune noble debout, à droite,
          <lb/>un autre homme debout, tout autour des banderolles avec
          <lb/>des inscriptions en vers allemands. La gravure est empruntée
          <lb/>au « Buch des lebens » de Marsilius Ficinus, Grüninger, 1508.
          <lb/>Getruckt zu Strasburg bei M. Jacob Cammerlander.
          <lb/>In-4°, car. goth., 4 ff. non ch., LXXI ff. ch. et 1 f. non ch., titre courant,
          <lb/>réclames, de nombreuses grav. se rapportant au texte, dont beaucoup
          <lb/>empruntées à des ouvrages de médecine antérieurs.
          <lb/>fol. 2a non ch. : Q. Apollinaris zum Leser.
          <lb/>Au verso du dernier f., marque typ. de J. Cammerlander. (H. &amp;amp; B.
          <lb/>Planche XXIV, n° 1; Silvestre n° 816), encadrée de 4 pièces d’ornement
          <lb/>juxtaposées.
          <lb/>R. 102.097. Prov. : Albert Cohn, Berlin, 5/VI, 1889; 45 M.
          <lb/>Note mss au verso du f. de garde, disant que l’antiquaire Baer à
          <lb/>Francfort-sur-M. a offert le 8/1x 1911 un exemplaire à 200 M, comme
          <lb/>exemplaire unique.
          <lb/>BN Paris : Rés. Td. 137.8.
          <lb/>Voir : Roth, F. W. E. : Hieronymus Brunschwyg und Walther Ryff,
          <lb/>zwei deutsche Botaniker des 16. Jahrh. Dans : Zeitschrift für Natur¬
          <lb/>wissenschaften 75 (1902), p. 102-123; 2) Rô̈ttinger, Heinrich : Die
        </p>
      </div>
    </body>
  </text>
</TEI>
