<?xml version='1.0' encoding='UTF-8'?>
<?xml-model href="https://raw.githubusercontent.com/OpenITI/tei_openiti/master/tei_openiti.rng" type="application/xml" schematypens="http://relaxng.org/ns/structure/1.0"?>
<?xml-model href="https://raw.githubusercontent.com/OpenITI/tei_openiti/master/tei_openiti.rng" type="application/xml" schematypens="http://purl.oclc.org/dsdl/schematron"?>
<TEI xmlns="http://www.tei-c.org/ns/1.0">
  <teiHeader>
    <fileDesc>
      <titleStmt>
        <title/>
      </titleStmt>
      <publicationStmt>
        <p/>
      </publicationStmt>
      <sourceDesc>
        <p/>
      </sourceDesc>
    </fileDesc>
    <profileDesc>
      <calendarDesc>
        <calendar xml:id="ah">
          <p>Anno Hegirae</p>
        </calendar>
      </calendarDesc>
    </profileDesc>
    <xenoData xml:space="preserve">
CREATED: 2024-04-15T09:07:45.826088+00:00
CREATED BY: eScriptorium vpassthistobuildcmd
IMAGE FILENAME: A121078116.tif
IMAGE WIDTH: 2314
IMAGE HEIGHT: 3848
</xenoData>
  </teiHeader>
  <text>
    <body>
      <div>
        <p>
          <lb/>1662
          <lb/>MELANCHTHON Philippus
          <lb/>Haguenau, J. Secer 1595
          <lb/>INSTITVTIO PVERILIS LITERA! RVM GRAECARVM. Phil.
          <lb/>Mel.Ioach. Camerarius Lectori. (2 dist.) Ncol. Gerbel¬
          <lb/>lius, (1 dist.)
          <lb/>Haganoae, apud lohan. Secerium. Anno M. D. XXV.
          <lb/>(Verso blanc.)
          <lb/>A la fin: Haganoae, per Johannem SeceriumAnno
          <lb/>M. D. XXV. (Verso blanc.)
          <lb/>titre courant.
          <lb/>In-4°, car. rom., grecs et hébreux, 36 ff. non ch., sign. aa–ii,
          <lb/>Fol. aa 2a: bande d’ornement, feuille de lierre.
          <lb/>R101.249. Prov.: BN Munich 7/V 1877; 0,50 M.
          <lb/>1521
          <lb/>MELANCHTHON Philippus
          <lb/>Haguenau, J. Secer 1525
          <lb/>(Feuille de lierre.) ORATto dicta in funere FRIDE RCHI
          <lb/>Saxoniae Ducis. ORATio de Legibus. ORATIO de Gradi¬
          <lb/>bus. PRAEFATIO in Æschinis &amp;amp; De mosthenis orationes.
          <lb/>ORATIO Critiae contra Therame nem ex Xenophonte.
          <lb/>PHIL. MEL. AVTORE. Haganoae, excudebat Johan. Secer.
          <lb/>Anno M. D. XXV. (Feuille de lierre.) Verso blanc.
          <lb/>A la fin: Haganoae excudebat fohan. Secer.! Anno. M. D.
          <lb/>XXV.
          <lb/>In-80, car. ital., 36 ff. non ch., sign. A-E, titre courant, récla¬
          <lb/>mes, init. à fig. Au verso du dernier f., marque typ. de J. Secer. (HCB
          <lb/>Planche LXX n° 7.)
          <lb/>R100.865. Prov.: BN Munich 7/V 1877; 0,40 M.
          <lb/>2ème ex.: R101.024. Prov.: A. Stuber, antiquaire à Wurtabourg
          <lb/>21/XI 1879; 3 M.
          <lb/>BN Paris, Rés. X. 2504.
          <lb/>1522
          <lb/>MELANCHTHON Philippus
          <lb/>Haguenau, J. Secer 1525
          <lb/>SOLO- MONIS SEN- TENTIAE, VER) sae ad Hebraicam
          <lb/>Veri tatem à PHIL. MELAN. (Feuille de lierre.) ARGENTO¬
          <lb/>RATI M. D. XXV.
          <lb/>A la fin: IOHANNI SECERIO EXCVDEBANTVR. (Verso blanc.)
          <lb/>In-8°, car. ital., 57 ff. non ch., sign. a-g, titre courant, réclames,
          <lb/>notes marg., init. ornée C, titre encadré.
          <lb/>Au verso du titre: (Feuille de lierre.) liber ad! lectorem. Iacob.
          <lb/>Micyl. (8 dist.)
        </p>
      </div>
    </body>
  </text>
</TEI>
