<?xml version='1.0' encoding='UTF-8'?>
<?xml-model href="https://raw.githubusercontent.com/OpenITI/tei_openiti/master/tei_openiti.rng" type="application/xml" schematypens="http://relaxng.org/ns/structure/1.0"?>
<?xml-model href="https://raw.githubusercontent.com/OpenITI/tei_openiti/master/tei_openiti.rng" type="application/xml" schematypens="http://purl.oclc.org/dsdl/schematron"?>
<TEI xmlns="http://www.tei-c.org/ns/1.0">
  <teiHeader>
    <fileDesc>
      <titleStmt>
        <title/>
      </titleStmt>
      <publicationStmt>
        <p/>
      </publicationStmt>
      <sourceDesc>
        <p/>
      </sourceDesc>
    </fileDesc>
    <profileDesc>
      <calendarDesc>
        <calendar xml:id="ah">
          <p>Anno Hegirae</p>
        </calendar>
      </calendarDesc>
    </profileDesc>
    <xenoData xml:space="preserve">
CREATED: 2024-04-15T09:07:54.382219+00:00
CREATED BY: eScriptorium vpassthistobuildcmd
IMAGE FILENAME: A121078397.tif
IMAGE WIDTH: 2370
IMAGE HEIGHT: 3838
</xenoData>
  </teiHeader>
  <text>
    <body>
      <div>
        <p>
          <lb/>In-8°, car. rom. et ital., 8 ff. non ch., 172 pp. ch., pour le premier livre;
          <lb/>448 pp. pour le second, titre courant, réclames, de nombreuses bandes
          <lb/>ornem. à la fin des chapitres, init. ornées.
          <lb/>Au verso du titre les armoiries de la maison de Salm et de Neubourg,
          <lb/>au-dessus: Symbolum et !! Arma Gentilitia illu-lstris &amp;amp; Generosi Comitis
          <lb/>Julii, Comi-Itis Salmensis &amp;amp; Neoburgensis &amp;amp;.
          <lb/>fol. 2a non ch. : Ad... D. Julium, 11 Comitem Salmae et Neobur-Ilgi ad
          <lb/>Œnum Freistadii... &amp;amp; Nicolai Reusneri!] Praefatio... Argentorati Calen¬
          <lb/>dis Il Quintil. M. D. XVC.
          <lb/>La 3e partie a un titre à part : Melissi !! Epigramma-(ta in Urbes
          <lb/>Ita-Jliae. Cum Eiusdem Odis,  ad Romam, Pont. !! Max. &amp;amp; Ducem
          <lb/>Venetum. Item Tetrasticha Amœbœa Melissi &amp;amp; Anomoei. Au¬
          <lb/>dessous, marque typ. de B. Jobin. (H. &amp;amp; B. Planche XXXVII. N° 5.)
          <lb/>Anno M. D. LXXXV.
          <lb/>In-8°, 16 ff. non ch., suivent 24 ff. non ch. à 2 col. (Index).
          <lb/>R. 101.505. Prov. : Don de la ville de Heilbronn, dont l’ex-libris de la
          <lb/>bibliothèque se trouve au verso du titre, collé sur les armoiries de la
          <lb/>maison de Salm et de Neubourg.
          <lb/>2000
          <lb/>REUSNER Nicolaus
          <lb/>Strasbourg, B. Jobin, 1585
          <lb/>Partitio, sive! ŒEconomia Iuris! Utriusque, civilis, et !
          <lb/>Canonici : In Usum Studiosorum IurisBrevibus et Illus¬
          <lb/>tribus Ta-] bellis comprehensa, delineata,A Nicolao
          <lb/>Reusnero Leorino, luris utriusque Doctore, et Antecessore
          <lb/>in Academia Argenti-nensi.
          <lb/>Marque typ. de Bern. Jobin (H. &amp;amp; B., Planche XXXVII, No 3 avec
          <lb/>la devise: Sapientia Constantia).
          <lb/>Cum gratia &amp;amp; Privilegio Caesareo.
          <lb/>Dans la place vide au milieu de la bande inférieure: Argentorati. ]
          <lb/>Apud Bernard. Iobinum. M. D. XVC. (Verso blanc.)
          <lb/>fol. A 2a non ch. : Ad... Principes, Fridericum et Philippum, 1! Norvegiae
          <lb/>Haeredes... (] Nicolai Reusneri IC. ( Praefatio (Bande ornem.)... Argen-Il
          <lb/>torati. Idibus Novembris Anno (I Christiano CID ID I XVIC.
          <lb/>A la fin, p. 135 entre deux bordures horizontales : Impressum
          <lb/>Argentorati apud Bernhardum Iobinum, 11 typis Mylianis. !1 1584.
          <lb/>In-4°, car. ital. et rom., 4 ff. non ch., 134 pp. ch. et 1 f. non ch., dont
          <lb/>le verso blanc, titre courant, réclames, grande et belle init. P avec un
          <lb/>grand-prêtre, tenant en main un encensoir, debout devant un bœuf;
          <lb/>titre rouge et noir.
          <lb/>R. 101.104. Prov. BM Breslau, 26/v. 1886.
          <lb/>Au verso blanc du titre, timbre des doubles de la Bibl. municipale de
          <lb/>Breslau : sign. R est avant sign. O qui termine le livre par erreur avec
          <lb/>p. 121 à 128, tandis que sign. R, pp. 129-134 précède la sign. A.
          <lb/>2001
          <lb/>REUSNER Nicolaus
          <lb/>Strasbourg, A. Bertram 1586,
          <lb/>Anathemata sive Arae Sepul- I] crales inclytae Fa¬
          <lb/>miliae Salmensis :Auspiciis inclyti et Magnanissimi
          <lb/>Herois O. Iulii Comitis Salmoe &amp;amp; !] Neoburgi ad Oenum &amp;amp;c
          <lb/>Sacr. Maiest. Imperial... Cum Elogiis &amp;amp; Epitaphiis
          <lb/>1283
        </p>
      </div>
    </body>
  </text>
</TEI>
