<?xml version='1.0' encoding='UTF-8'?>
<?xml-model href="https://raw.githubusercontent.com/OpenITI/tei_openiti/master/tei_openiti.rng" type="application/xml" schematypens="http://relaxng.org/ns/structure/1.0"?>
<?xml-model href="https://raw.githubusercontent.com/OpenITI/tei_openiti/master/tei_openiti.rng" type="application/xml" schematypens="http://purl.oclc.org/dsdl/schematron"?>
<TEI xmlns="http://www.tei-c.org/ns/1.0">
  <teiHeader>
    <fileDesc>
      <titleStmt>
        <title/>
      </titleStmt>
      <publicationStmt>
        <p/>
      </publicationStmt>
      <sourceDesc>
        <p/>
      </sourceDesc>
    </fileDesc>
    <profileDesc>
      <calendarDesc>
        <calendar xml:id="ah">
          <p>Anno Hegirae</p>
        </calendar>
      </calendarDesc>
    </profileDesc>
    <xenoData xml:space="preserve">
CREATED: 2024-04-15T09:07:44.082370+00:00
CREATED BY: eScriptorium vpassthistobuildcmd
IMAGE FILENAME: A121078051.tif
IMAGE WIDTH: 2346
IMAGE HEIGHT: 3846
</xenoData>
  </teiHeader>
  <text>
    <body>
      <div>
        <p>
          <lb/>omnium brevi compendio, firmaque memoria! apprehenden¬
          <lb/>darum, locupletissimaque vel oratione ex tempore per¬
          <lb/>tractan- darum, pertinent. VT ET! IN EANDEM QVORVNDAM
          <lb/>IN- terpretum scripti commentarii: quae omnia sequens
          <lb/>indica- bit pagina: &amp;amp; hoc demùm tempore coniunctim e¬
          <lb/>mendatiora locupletiora quam non nihil ! edita sunt.
          <lb/>ACCESSIT INDEX CVM CAPITVM, tùm rerum ac rerum
          <lb/>locupletissimus. (Marque typ. de Laz. Zetzner. H C.B Planche XLIX
          <lb/>n° 22.)
          <lb/>ARGENTINAE. Sumptibus LAZARI ZETZNERI. CID ID
          <lb/>XCIIX.
          <lb/>In-8°, car. rom., 12 ff. non ch., 1 f. plié, 992 pp. ch., 17 ff. non
          <lb/>ch. à 2 col. (Index), titre courant, réclames, quelques petites init, ornées.
          <lb/>Fol. 2a non ch.: (Vign.)... DOMINO IOANNI MARTINO] Säckl,
          <lb/>in Treffen, CARINTHIo.... — Datum Argen- torati Cal. Ian.
          <lb/>Anno CHRISTI M. D. XCIIX.... LAZARVS ZETZ-LNERVS, civis
          <lb/>&amp;amp; Biblio- pola Argentinensis. Suivent 8 ff. non ch. à 2 col.:
          <lb/>Elenchus.
          <lb/>VR101.063. Prov.: C. H. Beck, Nœrdlingen 13/VI 1887,GM.
          <lb/>Au milieu du titre: Adquisivit P. Engelbertus Schmitt. O. S. B.
          <lb/>Parochus in Gremsdorf.
          <lb/>Au recto du f. de garde: Raymundus Lullus chemicus. Act. erud.
          <lb/>1697 p. 181. haereseos accusatus, 1700 p. 62. Antonius Lullus. Rhetor
          <lb/>industrius, &amp;amp; edito de Oratione opusculo celebris, cujus quoque extant
          <lb/>Progymnasmata, Rhetorica, Basileae 1551. Quae est editio locupletior
          <lb/>&amp;amp; melior.
          <lb/>Reliure Parchemin, en haut lettres SRM, en bas 1608.
          <lb/>BN Paris, Z. 18997. Olschki, Florence, Catal. LXXXI (1912)
          <lb/>n° 122: Avec beaucoup de figures curieuses, des ff. hors textes et quel¬
          <lb/>ques figures mobiles, 50 frs. Brunet II12, 1233: Ce recueil imprimé
          <lb/>pour la première fois, à (Strasbourg, en 1598, in-8°, a encore été réim¬
          <lb/>primé en 1617; mais l’édition de 1651 (sumpt. nær. Laz. Zetzneri) est
          <lb/>1406
          <lb/>plus complète que les précédentes.
          <lb/>937
          <lb/>LUPOLDUS DE BEBENBURG
          <lb/>Strasbourg, M. Schurer 1508
          <lb/>LUPOLDUS DE IURIBUS ET I TRANSLATIONE IMPERII. ! In
          <lb/>Lupoldi Bebenburgii Epitome! De iuribus regni &amp;amp; imperii
          <lb/>Hexasthycon Seba- stiani Brant. (3 dist.) Beati Arnoldi ad
          <lb/>lectorem! Disthycon.
          <lb/>A la fin, à l&amp;#x27;avant-dernier f.: Mathias Schürerius Schlesta¬
          <lb/>tinus id ex officina sua impressoria Argentoraci emisit:
          <lb/>die vii. Julii. Anno! M. D. VIII.
        </p>
      </div>
    </body>
  </text>
</TEI>
