<?xml version='1.0' encoding='UTF-8'?>
<?xml-model href="https://raw.githubusercontent.com/OpenITI/tei_openiti/master/tei_openiti.rng" type="application/xml" schematypens="http://relaxng.org/ns/structure/1.0"?>
<?xml-model href="https://raw.githubusercontent.com/OpenITI/tei_openiti/master/tei_openiti.rng" type="application/xml" schematypens="http://purl.oclc.org/dsdl/schematron"?>
<TEI xmlns="http://www.tei-c.org/ns/1.0">
  <teiHeader>
    <fileDesc>
      <titleStmt>
        <title/>
      </titleStmt>
      <publicationStmt>
        <p/>
      </publicationStmt>
      <sourceDesc>
        <p/>
      </sourceDesc>
    </fileDesc>
    <profileDesc>
      <calendarDesc>
        <calendar xml:id="ah">
          <p>Anno Hegirae</p>
        </calendar>
      </calendarDesc>
    </profileDesc>
    <xenoData xml:space="preserve">
CREATED: 2024-04-15T09:07:45.781446+00:00
CREATED BY: eScriptorium vpassthistobuildcmd
IMAGE FILENAME: A121078113.tif
IMAGE WIDTH: 2316
IMAGE HEIGHT: 3848
</xenoData>
  </teiHeader>
  <text>
    <body>
      <div>
        <p>
          <lb/>In-8°, car. ital., 95 ff. ch. et 1 f. blanc, titre courant, réclames,
          <lb/>notes marg. belle, grande init. R, init. d’attente, titre encadré comme
          <lb/>n° 1506.
          <lb/>Pletenero! Phil. Melanch. S.... (Préface de 3 pp.)
          <lb/>Au verso du titre: Iuxta Pio Atque! erudito, viro D. Tilomano
          <lb/>R100.545 (D). Prov.: Don du prof. Dr J. Lessing, Berlin 26/V
          <lb/>1894. Notes mes.
          <lb/>1513
          <lb/>MELANCHTHON Philippus
          <lb/>Strasbourg, J. Herwagen 1523
          <lb/>(Feuille de lierre.) LOCI COMMVNES SEV HYPOTYPOSES
          <lb/>THÉO LOGICAE PHI-L LIP. MELAN. Recogniti ab Auctore.
          <lb/>Locorum communium Index.
          <lb/>A la fin avant la table: ARGENTORATI APVD IOHAN-NEM HER¬
          <lb/>VAGIVM DVODE. KALEN. IVNI. ANNO! M. D. XXIII.
          <lb/>In-8°, car. ital., 95 ff. ch., titre courant, réclames, notes marg.,
          <lb/>grande, belle init. R p. 3; titre encadré comme n° 1509.
          <lb/>Au verso du titre: Iuxta pio atque erudito viro D. Tilomano Ple¬
          <lb/>tenero Philip. Melanch.
          <lb/>R100.892. Prov.: Bœr a Co. Francfort-s.-M. 13/1111886; 15M.
          <lb/>Notes mss.; au titre: Liber rarissimus.
          <lb/>BM Strasbourg.
          <lb/>1514
          <lb/>MELANCHTHON Philippus
          <lb/>Haguenau, J. Secer 1523
          <lb/>IN OBSCV] RIORA ALIOVOT CAPITA GENESEOS PHIL.
          <lb/>MELANC. ANNOTATIO NES. Ex Foelicissima Haganoa,
          <lb/>per lohannem Secerium. (Verso blanc.)
          <lb/>A la fin: Haganoae, Ex Neacademia Iohan nis Secerii¬
          <lb/>Lauchensis. Anno Salutis M. D. XXIII. Men se Novembri.
          <lb/>Au recto du dernier f. blanc: marque typ. de J. Secer. (HCB
          <lb/>Planche LXX n° 6.)
          <lb/>In-8°, car, rom., 62 ff. non ch., sign. A-P, titre courant, récla¬
          <lb/>mes, notes marg., init. à fig., bandes d’ornement, titre encadré: bordures
          <lb/>supérieure et latérales, ornements; en bas, à gauche Mercure, à droite
          <lb/>Minerve avec un instrument de musique, tous deux assis.
          <lb/>Fol. A 3a: Nicola) us Gerbellius Stu! dioso ac pio Lecto ri... —
          <lb/>Argent. Anno M. D. XXIII. (2 pp.)
          <lb/>Fol. A 3a: In Gene) sin, Prae! fatio Phil.! Melanch! thonis. (4 pp.)
          <lb/>R 102.026. Prov. : Harrassowite, Leipzig 25/x 1917; 5 M. 40.
          <lb/>A l’intérieur de la couverture: W. Jackson.
          <lb/>2ème ex.: R 100.441. Prov.: BN Munich 7/V 1877; 0.30 M.
          <lb/>BN Paris A 6686; Oxford, Bibl. Bodleiana.
          <lb/>1515
          <lb/>999
        </p>
      </div>
    </body>
  </text>
</TEI>
