<?xml version='1.0' encoding='UTF-8'?>
<?xml-model href="https://raw.githubusercontent.com/OpenITI/tei_openiti/master/tei_openiti.rng" type="application/xml" schematypens="http://relaxng.org/ns/structure/1.0"?>
<?xml-model href="https://raw.githubusercontent.com/OpenITI/tei_openiti/master/tei_openiti.rng" type="application/xml" schematypens="http://purl.oclc.org/dsdl/schematron"?>
<TEI xmlns="http://www.tei-c.org/ns/1.0">
  <teiHeader>
    <fileDesc>
      <titleStmt>
        <title/>
      </titleStmt>
      <publicationStmt>
        <p/>
      </publicationStmt>
      <sourceDesc>
        <p/>
      </sourceDesc>
    </fileDesc>
    <profileDesc>
      <calendarDesc>
        <calendar xml:id="ah">
          <p>Anno Hegirae</p>
        </calendar>
      </calendarDesc>
    </profileDesc>
    <xenoData xml:space="preserve">
CREATED: 2024-04-15T09:07:54.814587+00:00
CREATED BY: eScriptorium vpassthistobuildcmd
IMAGE FILENAME: A121078411.tif
IMAGE WIDTH: 2368
IMAGE HEIGHT: 3842
</xenoData>
  </teiHeader>
  <text>
    <body>
      <div>
        <p>
          <lb/>1297
          <lb/>uff den xX. tag des monats !! Hornung. Jm iar, als man zalt von der
          <lb/>geburt Christi! Funffzehen hundert und dreyzehen.
          <lb/>fol. A 4a : Ein Ermanung, zu den schwan-Il gern frawen und hebammen.
          <lb/>(Vers allemands, 5 pp.)
          <lb/>fol. B 2b. Vorred.
          <lb/>R. 100.653. Prov. : Butsch, Augsbourg (Catal. II, n° 129), 24/xI, 1879;
          <lb/>16 M.
          <lb/>Proctor II, Sectio I, n° 10.148: Londres, British Museum; Schmidt VI,
          <lb/>p. 27, n° 34.
          <lb/>Bibliographie. Voir : Schottenloher II, nos 18213-18226. 2025
          <lb/>ROSSLIN Eucharius
          <lb/>Strasbourg, B. Beck, 1529
          <lb/>Der schwangern frauwen! und Hebammen Rosengarten.
          <lb/>Gravure sur bois: L’auteur présente son livre à Catherine de
          <lb/>Sachse, duchesse de Brunschwigk et de Lunebourg. (Verso
          <lb/>blanc.)
          <lb/>A la fin : Getruckt zu Straszburg, am Holtzmarckt! durch
          <lb/>Balthassar Beck. In dem Jar !! M. D. xxix.
          <lb/>In-4°, car. goth., 60 ff. non ch., sign. A-P, titre courant, init. ornées.
          <lb/>Gravures, dédicace etc., comme l’éd. de 1513.
          <lb/>R. 101.579. Prov. : Bibl. de l’ancienne Faculté de Médecine de
          <lb/>Strasbourg, dont le timbre se trouve au bas du titre.
          <lb/>2026
          <lb/>ROSSLIN Helisaeus
          <lb/>Strasbourg, B. Jobin, 1593
          <lb/>Der Elsäsz und gegen Lotringen grentzendenWaszga¬
          <lb/>wischen Gebirgs ge- legenheit, und Commoditeten inn
          <lb/>Vi-] ctualien und Mineralien: unnd dann der Mi-neralischen
          <lb/>Wassern, sonderlich dessen zu Nider-bronn Hanawischen
          <lb/>Liechtenbergischen gebiets, generation und wirckung.
          <lb/>Von alten Monumenten und ] gedächtnusz Zeichen, inn alten
          <lb/>Moneten unnd!! Müntzen, Schrifften und Characteren der
          <lb/>alten Ge-bäwen unnd Heusern : Sampt vielen andern
          <lb/>dieser Landen gedenckwürdigen sachen, Natürliche und
          <lb/>Politische, Geistlicheund Weltliche : Die Herrschafften und
          <lb/>Regementen, Religio-nen und Gottesdienst, Auch Kriegs¬
          <lb/>händel betreffende.Allen Liebhabern so wol der Anti-
          <lb/>quiteten unnd alten sachen, als der Natur ge-Il heimnussen, wie
          <lb/>auch zur nachrichtung jetzigen Kriegswesens!! im Elsasz zu
          <lb/>wissen nothwendig, nutzlich  und angenäm. !! Zu Ehren dem
          <lb/>Wolgebornen, Herrn Philip- sen Graffen zu Hanaw, Herrn
          <lb/>zu Liechten- berg und Ochssenstein, &amp;amp;c. Gestellt durch
          <lb/>iren Gnaden und unterthänigen He-! liseum Röszlin, der
          <lb/>Artzney Doctoren und der ReichstattHagenaw bestelten
          <lb/>Physicum.
          <lb/>Straszburg bei Bernhart Jobin. 1593. (Verso blanc.)
          <lb/>A la fin : (bande d’ornem.) Gedruckt zu Straszburg, I] bey
          <lb/>R. 82
        </p>
      </div>
    </body>
  </text>
</TEI>
