<?xml version='1.0' encoding='UTF-8'?>
<?xml-model href="https://raw.githubusercontent.com/OpenITI/tei_openiti/master/tei_openiti.rng" type="application/xml" schematypens="http://relaxng.org/ns/structure/1.0"?>
<?xml-model href="https://raw.githubusercontent.com/OpenITI/tei_openiti/master/tei_openiti.rng" type="application/xml" schematypens="http://purl.oclc.org/dsdl/schematron"?>
<TEI xmlns="http://www.tei-c.org/ns/1.0">
  <teiHeader>
    <fileDesc>
      <titleStmt>
        <title/>
      </titleStmt>
      <publicationStmt>
        <p/>
      </publicationStmt>
      <sourceDesc>
        <p/>
      </sourceDesc>
    </fileDesc>
    <profileDesc>
      <calendarDesc>
        <calendar xml:id="ah">
          <p>Anno Hegirae</p>
        </calendar>
      </calendarDesc>
    </profileDesc>
    <xenoData xml:space="preserve">
CREATED: 2024-04-15T09:07:45.253253+00:00
CREATED BY: eScriptorium vpassthistobuildcmd
IMAGE FILENAME: A121078091.tif
IMAGE WIDTH: 2320
IMAGE HEIGHT: 3844
</xenoData>
  </teiHeader>
  <text>
    <body>
      <div>
        <p>
          <lb/>Manes Sturmiani:
          <lb/>SIVE
          <lb/>Epicedia,
          <lb/>scriptain
          <lb/>OBITVMSVMMIVE¬
          <lb/>AID.IOAN.STVRMII:
          <lb/>unà Cum
          <lb/>PARENTALIIS
          <lb/>EIDEM MEMORIAR ET
          <lb/>gratitudinis ergò
          <lb/>factis,
          <lb/>DIVERSIS AMICIS
          <lb/>at discipulis.
          <lb/>ARGENTORATL
          <lb/>M. D. XC.
          <lb/>971
          <lb/>Fol. A 1a: AIATYHQXIE Vitae D. Ioan. Stur-mii.... (11 pp.)
          <lb/>Au recto de l’avant-dernier f.: Monument funéraire de J. Sturm:
          <lb/>bordures latérales, une colonne de chaque côté, bordure supérieure, sur
          <lb/>chaque colonne une femme, tenant une couronne au-dessus de J. Sturm,
          <lb/>dont le corps repose sur une pierre; bordure inférieure, socle avec 2 dist.:
          <lb/>Sturmins Loquitur.
          <lb/>Argentina tegit Corpus: mens vivit Olympo:
          <lb/>Fama per ora virûm: cœtera dispereunt.
          <lb/>Nunc vacuum mœstus cippum mihi ponit amicus:
          <lb/>Me colet hîc, grata est sicubi posteritas.
          <lb/>R102.322. Prov.: Donation Ed. Cunitz 1886.
          <lb/>BM Colmar.
          <lb/>R.62
          <lb/>1473
        </p>
      </div>
    </body>
  </text>
</TEI>
