<?xml version='1.0' encoding='UTF-8'?>
<?xml-model href="https://raw.githubusercontent.com/OpenITI/tei_openiti/master/tei_openiti.rng" type="application/xml" schematypens="http://relaxng.org/ns/structure/1.0"?>
<?xml-model href="https://raw.githubusercontent.com/OpenITI/tei_openiti/master/tei_openiti.rng" type="application/xml" schematypens="http://purl.oclc.org/dsdl/schematron"?>
<TEI xmlns="http://www.tei-c.org/ns/1.0">
  <teiHeader>
    <fileDesc>
      <titleStmt>
        <title/>
      </titleStmt>
      <publicationStmt>
        <p/>
      </publicationStmt>
      <sourceDesc>
        <p/>
      </sourceDesc>
    </fileDesc>
    <profileDesc>
      <calendarDesc>
        <calendar xml:id="ah">
          <p>Anno Hegirae</p>
        </calendar>
      </calendarDesc>
    </profileDesc>
    <xenoData xml:space="preserve">
CREATED: 2024-04-15T09:07:49.523531+00:00
CREATED BY: eScriptorium vpassthistobuildcmd
IMAGE FILENAME: A121078246.tif
IMAGE WIDTH: 2304
IMAGE HEIGHT: 3840
</xenoData>
  </teiHeader>
  <text>
    <body>
      <div>
        <p>
          <lb/>1132
          <lb/>PANVINIUS Onuphrius
          <lb/>Strasbourg, B. Jobin 1573
          <lb/>ACCVRATAE] EFFIGIES PONTIFICVM MAXIMORVM, NVMERO
          <lb/>XXVIII: AB Anno Christi MCCCLXXVIII, ad! aetatem
          <lb/>usque nostram praesidentium, ad vivum ex Romano pro¬
          <lb/>totypo expressae:  IISQVE SINGVLORVM PONTIFICVM ELOGIA,
          <lb/>EORVM) res gestas summatim comprehendentia, ab Onu¬
          <lb/>phrio Panvinio Veronense Fratre Eremita Augustiniano,
          <lb/>adiuncta, Germa- niceque interpretata. Eygenwissenliche
          <lb/>unnd wolgedenckwürdige Con- trafeytungen, oder Antlitz¬
          <lb/>gestaltungen der Römischen Bäpst, an der Zahl 28. von
          <lb/>dem 1378.Jar bisz auff den heut Stûlfähigen, künst¬
          <lb/>lich angebildet. Auch mit Summarischen ihres lebens
          <lb/>Rhûmschrifften, erstlich inn Latein, nachmals! durch ver¬
          <lb/>dolmetschung J. Fischaert. G. M. Teutsch, beschriben,
          <lb/>beide den Histori und auch Ge- mälsverständigen sehr
          <lb/>ergetz- lich und verständig.Mit Rö. Kay. May, Freyheit.
          <lb/>M. D. LXXIII. (Verso blanc.)
          <lb/>A la fin: ARGENTORATI! Anno salutis humanae M. D.
          <lb/>LXXIII. (8 feuilles de lierre en cercle, autour de 4 mains.)
          <lb/>Getruckt zu Straszburg, durch! Bernhart Jobin. (Verso
          <lb/>blanc.)
          <lb/>In-fol., car, rom. et goth., 48 ff. non ch. dont les 2 derniers blancs,
          <lb/>sign. A-L, titre courant, réclames, init, ornées et à fig.; titre encadré.
          <lb/>(H &amp;amp; B Planche XXXVIII n° 10.) 28 grav, : portraits de papes,
          <lb/>par Thobias Stimmer.
          <lb/>Fol. 2a:... Herrn ! Melchior, Bischoffen ẑ Basel, meinem gnä¬
          <lb/>digen Fürsten und Herrn... Geben in Straszburg, den vier unnd
          <lb/>zwentzigesten tag des Monats Fe- bruarii, auff Sanct Mathias Festdag,
          <lb/>des I. 5. 73. Jares.! Bernhard Jobin, Burger! zâ Straszburg. (Préface
          <lb/>de 4 pages et demie sur le métier des arts en Allemagne, parle entre
          <lb/>autre de l’autel d’Isenheim par Grunewald).
          <lb/>Fol. 4b: Compellatio ad... Dominum Melchiorem, Episcopum
          <lb/>Basileensem, Domino meo! Clementissimo. (10 dist, latins de Bernh.
          <lb/>Jobin.)
          <lb/>R10.397. Prov. : Bibl. Heitz, Strasbourg 1871.
          <lb/>2ème ex. R 10.146. Prov.: Don de la BM Hambourg 1871. Au
          <lb/>verso du f. de garde: ¿Aus der Menckel Auction N° 2748. Sehr wichtig
          <lb/>und eben so selten. Rumpf, Geschichte der Formschneidekunst p. 37.&amp;quot;
          <lb/>BM Strasbourg.
          <lb/>Andresen III 97, 145; Springer, Bilder aus der neuern Kunst¬
          <lb/>geschichte, p. 172.
          <lb/>Bœr. Francfort-s.-M., Catal, 500 (1907) n° 1261; 200 M. et
          <lb/>n° 1262; 54M.
          <lb/>1754
        </p>
      </div>
    </body>
  </text>
</TEI>
