<?xml version='1.0' encoding='UTF-8'?>
<?xml-model href="https://raw.githubusercontent.com/OpenITI/tei_openiti/master/tei_openiti.rng" type="application/xml" schematypens="http://relaxng.org/ns/structure/1.0"?>
<?xml-model href="https://raw.githubusercontent.com/OpenITI/tei_openiti/master/tei_openiti.rng" type="application/xml" schematypens="http://purl.oclc.org/dsdl/schematron"?>
<TEI xmlns="http://www.tei-c.org/ns/1.0">
  <teiHeader>
    <fileDesc>
      <titleStmt>
        <title/>
      </titleStmt>
      <publicationStmt>
        <p/>
      </publicationStmt>
      <sourceDesc>
        <p/>
      </sourceDesc>
    </fileDesc>
    <profileDesc>
      <calendarDesc>
        <calendar xml:id="ah">
          <p>Anno Hegirae</p>
        </calendar>
      </calendarDesc>
    </profileDesc>
    <xenoData xml:space="preserve">
CREATED: 2024-04-15T09:07:51.747742+00:00
CREATED BY: eScriptorium vpassthistobuildcmd
IMAGE FILENAME: A121078311.tif
IMAGE WIDTH: 2318
IMAGE HEIGHT: 3850
</xenoData>
  </teiHeader>
  <text>
    <body>
      <div>
        <p>
          <lb/>PICUS a MIRANDOLA Johannes
          <lb/>XVIIII.
          <lb/>EIsi leuut bripfulg
          <lb/>Nolgrhnonen Graurn Joan
          <lb/>nig Pisi un Miranuel su sei¬
          <lb/>nẽ uettern yn su rrmane
          <lb/>su tristenlichẽ leben uñ
          <lb/>su lert ber heilin? ꝗe
          <lb/>Iqmistt unaugrse¬
          <lb/>Hen prqeruusi
          <lb/>9
          <lb/>Strasbourg 1509
          <lb/>1197
          <lb/>Ou HFistibos A
          <lb/>Grav. sur bois : Un jeune clere présentant un écrit à un roi,
          <lb/>à côté de celui-ci un jeune noble.
        </p>
      </div>
    </body>
  </text>
</TEI>
