<?xml version='1.0' encoding='UTF-8'?>
<?xml-model href="https://raw.githubusercontent.com/OpenITI/tei_openiti/master/tei_openiti.rng" type="application/xml" schematypens="http://relaxng.org/ns/structure/1.0"?>
<?xml-model href="https://raw.githubusercontent.com/OpenITI/tei_openiti/master/tei_openiti.rng" type="application/xml" schematypens="http://purl.oclc.org/dsdl/schematron"?>
<TEI xmlns="http://www.tei-c.org/ns/1.0">
  <teiHeader>
    <fileDesc>
      <titleStmt>
        <title/>
      </titleStmt>
      <publicationStmt>
        <p/>
      </publicationStmt>
      <sourceDesc>
        <p/>
      </sourceDesc>
    </fileDesc>
    <profileDesc>
      <calendarDesc>
        <calendar xml:id="ah">
          <p>Anno Hegirae</p>
        </calendar>
      </calendarDesc>
    </profileDesc>
    <xenoData xml:space="preserve">
CREATED: 2024-04-15T09:07:53.424989+00:00
CREATED BY: eScriptorium vpassthistobuildcmd
IMAGE FILENAME: A121078361.tif
IMAGE WIDTH: 2336
IMAGE HEIGHT: 3850
</xenoData>
  </teiHeader>
  <text>
    <body>
      <div>
        <p>
          <lb/>CVI ACCESSIT ECCLESIASTES! Salomonis, eodem genere
          <lb/>Carminis, redditus. (Marque typ. de Crato Mylius. HE B
          <lb/>planche XXVII n° 5. Au-dessous: M. D. XLII.)
          <lb/>A la fin: ARGENTORATI APVD CRA] TONEM MYLIVM AN.
          <lb/>M. D. XLH. 1 MENSE SEPTEMBRI. (Au verso du fol. suivant marque
          <lb/>typ. de Cr. Mylius. H e B planche XXVIII n° 11; Silvestre n° 1266.)
          <lb/>In-8°, car. ital, et rom., 453 pp.4 5 ff. non ch., titre courant,
          <lb/>réclames, notes marg., init. ornées C, F. Au verso du titre: LECTORI
          <lb/>(4 dist. latins). Les dédicaces comme dans les 2 éditions précédentes.
          <lb/>R101.077. Prov.: Max Harrwitz, Berlin 6/1 1897; 12 M. 60.
          <lb/>Au milieu du titre:, Sum ex libris ante! Jak. Christ. Madelung 1717
          <lb/>nunc repositus in bibliothecam Breithaupt.&amp;quot;
          <lb/>1951
          <lb/>PSALTERIUM
          <lb/>Strasbourg, Cr. Mylius 1544
          <lb/>PSALTERIVM DAVIDIS CARMINE redditum per Eoba¬
          <lb/>num Hessum. Cum Annota- tionibus Viti Theodori Nori¬
          <lb/>bergensis, quae! Commentarii vice esse possunt.
          <lb/>CVI ACCESSIT ECCLESIASTES ( Salomonis, eodem genere
          <lb/>Carminis, redditus. (Marque typ. de Cr. Mylius. (HeB planche
          <lb/>XXVII n° 5.) Au-dessous: M. D. XLIIII.
          <lb/>A la fin: ARGENTORATI APVD! CRATONEM MYLIVM, L AN.
          <lb/>M. D. XLIIII MEN-LSE MARTIO, (Au verso du f. suivant marque typ.
          <lb/>de Cr. Mylius. H&amp;amp;B planche XXVIII n° 11; Silvestre n° 1266.)
          <lb/>In-8°, car. ital, et rom., 453 pp. 47 ff. non ch., les 2 derniers
          <lb/>blancs; titre courant, notes marg., réclames, init. à fig. C. L. Au verso
          <lb/>du titre: LECTORI (4 dist. lat.). Les dédicaces comme dans les 3 édi¬
          <lb/>tions précédentes.
          <lb/>R101.079. Prov.: Fréd. Muller &amp;amp; Co (Catal., Auteurs lat, n° 155),
          <lb/>Amsterdam 19/1 1888, 2 fl.
          <lb/>1952
          <lb/>1247
          <lb/>PSALTERIUM
          <lb/>Strasbourg, W. Kœpfel 1545
          <lb/>TAATHPION] Ilpogétoo xaì Bacihé-]oc toö Aaßtò....
          <lb/>Argentora. apud Vuolf. Cephal.
          <lb/>A la fin: EKTETYTOTAI) éy Apyevtívq tq̃ eAsobspã, è́v omiq
          <lb/>Bolgtoo Toö Kegahaíoo ’Ezoo (9) rñe l cornoige quov. ] dops.
          <lb/>Mnvi Bonòpontovt (°). (Au verso, marque typ. de W. Kœpfel. HEB
          <lb/>planche XVII n° Sa.)
          <lb/>In-160, car. grecs, 198 f. ch., 10 f. non ch. dont les 9 premiers
          <lb/>avec la table (car, rom.) et le dernier avec l’explicit; titre courant, ré¬
          <lb/>clames, init. d’attente; titre encadré. (H d B planche XVII n° Sb.).
        </p>
      </div>
    </body>
  </text>
</TEI>
