<?xml version='1.0' encoding='UTF-8'?>
<?xml-model href="https://raw.githubusercontent.com/OpenITI/tei_openiti/master/tei_openiti.rng" type="application/xml" schematypens="http://relaxng.org/ns/structure/1.0"?>
<?xml-model href="https://raw.githubusercontent.com/OpenITI/tei_openiti/master/tei_openiti.rng" type="application/xml" schematypens="http://purl.oclc.org/dsdl/schematron"?>
<TEI xmlns="http://www.tei-c.org/ns/1.0">
  <teiHeader>
    <fileDesc>
      <titleStmt>
        <title/>
      </titleStmt>
      <publicationStmt>
        <p/>
      </publicationStmt>
      <sourceDesc>
        <p/>
      </sourceDesc>
    </fileDesc>
    <profileDesc>
      <calendarDesc>
        <calendar xml:id="ah">
          <p>Anno Hegirae</p>
        </calendar>
      </calendarDesc>
    </profileDesc>
    <xenoData xml:space="preserve">
CREATED: 2024-04-15T09:07:48.806995+00:00
CREATED BY: eScriptorium vpassthistobuildcmd
IMAGE FILENAME: A121078221.tif
IMAGE WIDTH: 2304
IMAGE HEIGHT: 3848
</xenoData>
  </teiHeader>
  <text>
    <body>
      <div>
        <p>
          <lb/>Prothonotar, Subscripsi. Au verso blanc: Verbott dass kein Ferlin in
          <lb/>R 21 (21). Prov.: Bibl. Heitz, Strasbourg 1871. Signé: Jo. Mayer
          <lb/>den Würtshäusern gebruet, noch Kälbre, Hämel ausserhalb der Metzig
          <lb/>geschlachtet werden sollen.
          <lb/>2ème ex. R 22 (6). Même provenance et signature de Mayer.
          <lb/>1713
          <lb/>ORDONNANCE
          <lb/>Strasbourg 1546
          <lb/>WIr Ulman Bœcklin der Maister und der Rhat z0̂
          <lb/>Straszburg. Thun kunth. Demnach die Früch ten aber¬
          <lb/>mals inn so hohen auffwachs gestigen und kommen das
          <lb/>zubesorgen, wo nitt notwendig einsehens beschehe, das
          <lb/>sie zù noch höherem! werdt gerahten, und demnach hun¬
          <lb/>gers noth und anderer unraht volgen werde, Und solchs
          <lb/>allein aus dem, das diser Landsart die Früchten hin unnd
          <lb/>wider in Stetten unnd auff dem Landt, durch frembde
          <lb/>und heimsche, getroschen und ungetroschen, zu höherem
          <lb/>vorkauff für und auffkaufft worden. Das wir uns dan
          <lb/>gemeiner Landtschafft zû fürstand unnd gutem, mit den
          <lb/>nachbenannten Oberkheiten dises Lands vol- gender ord¬
          <lb/>nung verglichen haben... (Suit l’ordonnance.) —
          <lb/>Geben Mittwoch den dreize-henden lanuarii,... Fünff¬
          <lb/>zehenhundert, viertzig und sechs jar. (Verso blanc.)
          <lb/>Placard, in-fol., car. goth., 39 lignes, init. ornée W.
          <lb/>R 22 (2). Prov.: Bibl. Heitz, Strasbourg 1871. Au verso blanc:
          <lb/>Verordnung wegen den Früchten, 1546.
          <lb/>1714
          <lb/>1107
          <lb/>Strasbourg 1547
          <lb/>ORDONNANCE
          <lb/>NAch dem der Allmechtig das vergangen jar, die
          <lb/>Teütsche Nation mit gantz schwe ren kriegen heimgesûcht
          <lb/>hat, und noch heimsûcht...Derhalben so ge-bieten
          <lb/>und verbieten unsere Herren Meister, Rath, und die Ein
          <lb/>undzwentzig, das in diser Statt Straszburg, und der sel¬
          <lb/>bigen Oberkeit, von keinem burger... weder bei den
          <lb/>hochzeiten noch sonsten kein dantz gehalten werden, noch
          <lb/>niemands dantzen soll, bisz auff eins Erbarn Raths! wider
          <lb/>zûlassen, bei einer peen, drei pfundt pfennig...
          <lb/>Actum et Decretum Mitwoch den xv. Iunii. Anno &amp;amp;c.
          <lb/>xlvii. (Verso blanc.)
        </p>
      </div>
    </body>
  </text>
</TEI>
