<?xml version='1.0' encoding='UTF-8'?>
<?xml-model href="https://raw.githubusercontent.com/OpenITI/tei_openiti/master/tei_openiti.rng" type="application/xml" schematypens="http://relaxng.org/ns/structure/1.0"?>
<?xml-model href="https://raw.githubusercontent.com/OpenITI/tei_openiti/master/tei_openiti.rng" type="application/xml" schematypens="http://purl.oclc.org/dsdl/schematron"?>
<TEI xmlns="http://www.tei-c.org/ns/1.0">
  <teiHeader>
    <fileDesc>
      <titleStmt>
        <title/>
      </titleStmt>
      <publicationStmt>
        <p/>
      </publicationStmt>
      <sourceDesc>
        <p/>
      </sourceDesc>
    </fileDesc>
    <profileDesc>
      <calendarDesc>
        <calendar xml:id="ah">
          <p>Anno Hegirae</p>
        </calendar>
      </calendarDesc>
    </profileDesc>
    <xenoData xml:space="preserve">
CREATED: 2024-04-15T09:07:48.236659+00:00
CREATED BY: eScriptorium vpassthistobuildcmd
IMAGE FILENAME: A121078196.tif
IMAGE WIDTH: 2304
IMAGE HEIGHT: 3838
</xenoData>
  </teiHeader>
  <text>
    <body>
      <div>
        <p>
          <lb/>1082
          <lb/>IBon dem Jubel
          <lb/>Jlar.
          <lb/>Diß bũclin sagt gat offenbat)
          <lb/>von;wifeltigem Jubel Jat
          <lb/>Das ein bes Berten JBesu Corist
          <lb/>Dae ander des Bapste Jarmarce ist.
          <lb/>Melher oifs bũcblin recht besicot
          <lb/>Der laufft gen Rom omb Alblaß nict.
          <lb/>8
          <lb/>E
          <lb/>TNR
          <lb/>2
          <lb/>(Voir p. 1081)
        </p>
      </div>
    </body>
  </text>
</TEI>
