<?xml version='1.0' encoding='UTF-8'?>
<?xml-model href="https://raw.githubusercontent.com/OpenITI/tei_openiti/master/tei_openiti.rng" type="application/xml" schematypens="http://relaxng.org/ns/structure/1.0"?>
<?xml-model href="https://raw.githubusercontent.com/OpenITI/tei_openiti/master/tei_openiti.rng" type="application/xml" schematypens="http://purl.oclc.org/dsdl/schematron"?>
<TEI xmlns="http://www.tei-c.org/ns/1.0">
  <teiHeader>
    <fileDesc>
      <titleStmt>
        <title/>
      </titleStmt>
      <publicationStmt>
        <p/>
      </publicationStmt>
      <sourceDesc>
        <p/>
      </sourceDesc>
    </fileDesc>
    <profileDesc>
      <calendarDesc>
        <calendar xml:id="ah">
          <p>Anno Hegirae</p>
        </calendar>
      </calendarDesc>
    </profileDesc>
    <xenoData xml:space="preserve">
CREATED: 2024-04-15T09:07:50.852915+00:00
CREATED BY: eScriptorium vpassthistobuildcmd
IMAGE FILENAME: A121078287.tif
IMAGE WIDTH: 2310
IMAGE HEIGHT: 3848
</xenoData>
  </teiHeader>
  <text>
    <body>
      <div>
        <p>
          <lb/>1173
          <lb/>*R10.340 (2). Prov.: Trubner (Vente Zimberlin n° 557), Stras¬
          <lb/>bourg 29/IV 1886; 6M.
          <lb/>Schmidt, VII n° 17*, n’avant pas connu d’exemplaire, cite d’après
          <lb/>Panzer 6, 35, 72.
          <lb/>1829
          <lb/>PELBARTUS DE THEMESWAR
          <lb/>Haquenau, H. Gran 1507
          <lb/>Sermones Quadragesimales Pomerii fratris Pelbarti de
          <lb/>Themeswar divi ordinis sancti Franéisci.
          <lb/>—
          <lb/>A la fin: Sermones tripartiti Quadragesimales... im¬
          <lb/>pressique ac diligenter emendati; expensis circumspecti
          <lb/>viri archibibliopole Joannis Rynman de Oringaw in offi¬
          <lb/>cina industrii! Henrici Gran Finiunt feliciter Anno salutis
          <lb/>no- stre Millesimo quingentesimo septimo; in vigilia san
          <lb/>cti Thome apostoli.
          <lb/>In-fol., car. goth., 2 col., 96 ff. non ch., sign. a–g, titre courant,
          <lb/>init. d’attente.
          <lb/>R10341 (1). Prov.: Don de la, Furstlich Bentheim&amp;#x27;sche Bibl.
          <lb/>du convent de Frenswegen 1874. Fin du titre manque.
          <lb/>aème ex. R 10.428 (2). Don de la ville de Heilbronn 1871.
          <lb/>1830
          <lb/>PELBARTUS DE THEMESWAR
          <lb/>Haguenau, H. Gran 1507
          <lb/>Sermones Pomerii de Tem- pore Hyemales et Estivales.
          <lb/>A la fin: Sermones Pomerii de tempore: comportati
          <lb/>per fratrem Pelbartum de Themeswar profes sum divi or¬
          <lb/>dinis sancti Francisci impressi ae diligenter revi- si per
          <lb/>industrium Henricum Gran in imperiali oppido! Hagnaw:
          <lb/>expensis ac sumptibus providi Joannis Ryn man Finiunt
          <lb/>feliciter Anno salutis nostre Millesi moquingentesimo sep¬
          <lb/>timo, iii, nonas Octobris. (Verso blanc.)
          <lb/>In-fol., car. goth., 2 col., 233 ff. non ch., sign. a-2, AK, titre
          <lb/>courant, init. d’attente.
          <lb/>Au verso du titre qui est précédé d’une table de 12 ff. non ch. et
          <lb/>1 f. blanc: Prologus.
          <lb/>R10.428 (1). Prov.: Don de la ville de Heilbronn 1871; le ler f.
          <lb/>avant la table manque. Annotations mes. A Pintérieur du Ier plat:,Ex
          <lb/>legato Egregii viri Artium ac sacrae Theologiae doctoris domini Joannis
          <lb/>Krener ex Scherding Concionatoris Heylpronensis 1520.&amp;quot;
          <lb/>1831
        </p>
      </div>
    </body>
  </text>
</TEI>
