<?xml version='1.0' encoding='UTF-8'?>
<?xml-model href="https://raw.githubusercontent.com/OpenITI/tei_openiti/master/tei_openiti.rng" type="application/xml" schematypens="http://relaxng.org/ns/structure/1.0"?>
<?xml-model href="https://raw.githubusercontent.com/OpenITI/tei_openiti/master/tei_openiti.rng" type="application/xml" schematypens="http://purl.oclc.org/dsdl/schematron"?>
<TEI xmlns="http://www.tei-c.org/ns/1.0">
  <teiHeader>
    <fileDesc>
      <titleStmt>
        <title/>
      </titleStmt>
      <publicationStmt>
        <p/>
      </publicationStmt>
      <sourceDesc>
        <p/>
      </sourceDesc>
    </fileDesc>
    <profileDesc>
      <calendarDesc>
        <calendar xml:id="ah">
          <p>Anno Hegirae</p>
        </calendar>
      </calendarDesc>
    </profileDesc>
    <xenoData xml:space="preserve">
CREATED: 2024-04-15T09:07:53.988080+00:00
CREATED BY: eScriptorium vpassthistobuildcmd
IMAGE FILENAME: A121078384.tif
IMAGE WIDTH: 2358
IMAGE HEIGHT: 3848
</xenoData>
  </teiHeader>
  <text>
    <body>
      <div>
        <p>
          <lb/>1270
          <lb/>REISCH Gregorius
          <lb/>Fribourg, Jean Schott 1503
          <lb/>oo
          <lb/>7
          <lb/>HIAD
          <lb/>VILAS
          <lb/>MAIIORILIS
          <lb/>4
          <lb/>3
          <lb/>~
          <lb/>aRR2
          <lb/>3
          <lb/>ARTIITICI
          <lb/>PHIS
          <lb/>PHIA
          <lb/>Nu
          <lb/>00
          <lb/>IO1
          <lb/>Grav, sur bois symbolisant l&amp;#x27;en yclopédie des sciences: dans un grand
          <lb/>rond, une femme ailée, tenant de la droite un livre et de la gauche un sceptre;
          <lb/>elle a trois tétes sous une même couronne; à ses pieds, sept femmes plus
          <lb/>petites, personnifications des sept arts libéraux, chaerne avec ses attributs;
          <lb/>Au-dessus du cercle, à droite St. Augustin et St. Grégoire, à gauche St. Jérôme
          <lb/>et St. Ambroise. En bas, à droite Aristote, à gauche Sénèque, chacun assis et
          <lb/>écrivant dans un livre. (Verso blanc.)
        </p>
      </div>
    </body>
  </text>
</TEI>
