<?xml version='1.0' encoding='UTF-8'?>
<?xml-model href="https://raw.githubusercontent.com/OpenITI/tei_openiti/master/tei_openiti.rng" type="application/xml" schematypens="http://relaxng.org/ns/structure/1.0"?>
<?xml-model href="https://raw.githubusercontent.com/OpenITI/tei_openiti/master/tei_openiti.rng" type="application/xml" schematypens="http://purl.oclc.org/dsdl/schematron"?>
<TEI xmlns="http://www.tei-c.org/ns/1.0">
  <teiHeader>
    <fileDesc>
      <titleStmt>
        <title/>
      </titleStmt>
      <publicationStmt>
        <p/>
      </publicationStmt>
      <sourceDesc>
        <p/>
      </sourceDesc>
    </fileDesc>
    <profileDesc>
      <calendarDesc>
        <calendar xml:id="ah">
          <p>Anno Hegirae</p>
        </calendar>
      </calendarDesc>
    </profileDesc>
    <xenoData xml:space="preserve">
CREATED: 2024-04-15T09:07:50.242650+00:00
CREATED BY: eScriptorium vpassthistobuildcmd
IMAGE FILENAME: A121078265.tif
IMAGE WIDTH: 2304
IMAGE HEIGHT: 3844
</xenoData>
  </teiHeader>
  <text>
    <body>
      <div>
        <p>
          <lb/>tions mse.; au-dessus du titre :,Monasterii Seemanshausensis ordinis
          <lb/>R101.430. Prov.: BN Munich 28/XII 1877; 1 M. 50. Annota¬
          <lb/>Eremit. S. Augustini&amp;quot;; à l’intérieur de la couverture de derrière auto¬
          <lb/>graphe: Fr. Gabriel ord. Erem. S. Augustini.
          <lb/>les publia avec un titre et des types tout pareils en 1517. La désignation
          <lb/>Schmidt VII n° 5 attribue les sermons à Knobloch, parce qu’il
          <lb/>Sermones Parati vient du premier mot du premier sermon: Paratus est
          <lb/>judicare vivos et mortuos. (I. Pierre, 4. 5.)
          <lb/>1786
          <lb/>PARATUS
          <lb/>Haguenau, H. Gran 1506
          <lb/>Sermones Parati de tempore et de sanctis cum In¬
          <lb/>ventario quodam utili superaddito. (Verso blanc.)
          <lb/>A la fin: Sermones Parati per an ni circulum: de
          <lb/>Tempore et de San ctis; summa diligentia revisi: Im
          <lb/>pensis ae sumptibus circumspecti vi ri archibibliopole
          <lb/>loannis Ryn man de Oringaw: In officina industrii Hen¬
          <lb/>rici Gran Civis! in imperiali opido Hagenaw im! pressi:
          <lb/>finem sortiti sunt felicem: An- no virginei partus Sexto
          <lb/>supra Millesimum quingentesimum atque centesimum.
          <lb/>ipsa vigilia beatorum apostolorum Petri &amp;amp; Pauli.
          <lb/>In-4°, car. goth., 263 ff. non ch. dont le dernier f. blanc, sign.
          <lb/>a-2, A-O, titre courant, init. d’attente.
          <lb/>R 101.431. Prop.: BN Munich 28/XII 1877; 1 M. 50. En bas
          <lb/>du titre:,Ludwig Osterm&amp;quot;; à l’intérieur de la couverture:,Anndreas.
          <lb/>gas 1514&amp;quot;; fol. c 2a: Monasterii Benedictoburnii&amp;quot;
          <lb/>1787
          <lb/>PARATUS
          <lb/>Haguenau, H. Gran 1510
          <lb/>Sermones Parati de tempore et de sanctis cum In¬
          <lb/>ventario quodam utili superaddito. (Verso blanc.)
          <lb/>A la fin: Sermones Pa rati per anni circulum: de Tem¬
          <lb/>pore et de Sanctis: summa diligentia revisi: Im-pensis
          <lb/>ac sumptibus circumspecti vi- ri archibibliopole loannis
          <lb/>Rynman de Oringaw: In officina industrii Hen-rici Gran
          <lb/>Civis in imperiali opido Ha genaw impressi: finem sortiti
          <lb/>sunt felicem:Anno virginei partus Decimo super Mil
          <lb/>lesimum quingesimumque centesimum, ipsa vigilia Lucie
          <lb/>virginis et martyris.
          <lb/>In-4°, car. goth., 2 col., 262 ff. non ch. dont le dernier blanc,
          <lb/>sign. a-2, A-O, titre courant, init. d’attente.
          <lb/>R101.433. Prov.: BN Munich 28/XI1 1877; 1 M. 70. Annota¬
          <lb/>tions mss.; fol. C1a :, Mathias. 1. 5. 7 2. -Sum ex libris Sancti Michaelis.
          <lb/>Archangeli Sycherspergensis (?) : Coenobii patroni.&amp;quot; Sur la reliure en
          <lb/>haut: »W R St́, en bas, 1607.&amp;quot;
          <lb/>1788
          <lb/>1151
        </p>
      </div>
    </body>
  </text>
</TEI>
