<?xml version='1.0' encoding='UTF-8'?>
<?xml-model href="https://raw.githubusercontent.com/OpenITI/tei_openiti/master/tei_openiti.rng" type="application/xml" schematypens="http://relaxng.org/ns/structure/1.0"?>
<?xml-model href="https://raw.githubusercontent.com/OpenITI/tei_openiti/master/tei_openiti.rng" type="application/xml" schematypens="http://purl.oclc.org/dsdl/schematron"?>
<TEI xmlns="http://www.tei-c.org/ns/1.0">
  <teiHeader>
    <fileDesc>
      <titleStmt>
        <title/>
      </titleStmt>
      <publicationStmt>
        <p/>
      </publicationStmt>
      <sourceDesc>
        <p/>
      </sourceDesc>
    </fileDesc>
    <profileDesc>
      <calendarDesc>
        <calendar xml:id="ah">
          <p>Anno Hegirae</p>
        </calendar>
      </calendarDesc>
    </profileDesc>
    <xenoData xml:space="preserve">
CREATED: 2024-04-15T09:07:48.278665+00:00
CREATED BY: eScriptorium vpassthistobuildcmd
IMAGE FILENAME: A121078199.tif
IMAGE WIDTH: 2304
IMAGE HEIGHT: 3848
</xenoData>
  </teiHeader>
  <text>
    <body>
      <div>
        <p>
          <lb/>Post Oppianum sequuntur Disticha ultra centum de! rebus
          <lb/>variis oppido quam elegantissima, authoreLaurentio
          <lb/>Lippio Collensi, interprete li- brorum quinque Oppiani.
          <lb/>C. PLINII SECVNDI NATVRALIS HI! storiae libri duo, in quo¬
          <lb/>rum priori quidem tractat de naturis piscium, in altero
          <lb/>vero de medicinis ex aquatibus sive piscibus. PAVLI
          <lb/>ITEM IOVII DE PISCIBVS liber unus, qui est velut commen¬
          <lb/>tarius in priorem Plinii librum de piscibus, quemadmo¬
          <lb/>dum pri-or Plinii liber in Oppianum. Hos non contem¬
          <lb/>nendos authores lohannes Cae sarius, vir non mediocris
          <lb/>eruditionis, ad perpendiculum recognovit, casti-] gavit,
          <lb/>simulque &amp;amp; scholiis pas- sim explanavit.
          <lb/>ARGENTORATI EXCVDEBAT Ia- cobus Cammerlander
          <lb/>Moguntinus. Anno M. D. XXXIIII. Mense Februario.
          <lb/>(Verso blanc.)
          <lb/>A la fin: Anno M. D. XXXIIII. Argentorati. (Au verso
          <lb/>marque typ. de J. Cammerlander. HE B Planche XXIV n° 1 [en basl;
          <lb/>Silvestre n° 816.)
          <lb/>In-4°, car. rom., 4 ff. non ch., 152 ff. ch., titre courant, réclames,
          <lb/>notes marg., init. à fig. et init. ornées.
          <lb/>Fol. 2a non ch. : ... Domino Rei-nero è comitibus à Westerborch
          <lb/>Decano &amp;amp; Cano! nico insignis ac maioris ecclesiae Coloniensis... Ioannes
          <lb/>Caesarius... Moguntiae ex aedibus Domino rum Teutonicorum. An. M. D.
          <lb/>XXXIII. mense Septembri. (2 pp.) Suivent 4 pp. de table.
          <lb/>Fol. 1a ch.: Vita Oppiani Laurentii Lippii Collen- sis ad Lauren¬
          <lb/>tium Medicum.
          <lb/>R101.883. Prov.: Bibl. Hermann, Strasbourg. Note ms. au verso
          <lb/>du f. de garde: «Bibliothecae Hermannianae Argentorati.»
          <lb/>BN Paris S. 2924.
          <lb/>1670
          <lb/>OPSOPOEUS. Voir: OBSOPOEUS
          <lb/>OPUS MEDICINAE. Voir: GALEATIUS
          <lb/>ORA ANTARCTICA. Voir: VESPUCCI Amerigo
          <lb/>ORATIONES
          <lb/>Strasbourg, J. Knobloch 1516
          <lb/>SACRAE ECCLESIAE ORATIONES (QVAS VVLGO Collectas
          <lb/>vocamus) &amp;amp; hybernae &amp;amp; aestivae partium Tam de Tem¬
          <lb/>1085
        </p>
      </div>
    </body>
  </text>
</TEI>
