<?xml version='1.0' encoding='UTF-8'?>
<?xml-model href="https://raw.githubusercontent.com/OpenITI/tei_openiti/master/tei_openiti.rng" type="application/xml" schematypens="http://relaxng.org/ns/structure/1.0"?>
<?xml-model href="https://raw.githubusercontent.com/OpenITI/tei_openiti/master/tei_openiti.rng" type="application/xml" schematypens="http://purl.oclc.org/dsdl/schematron"?>
<TEI xmlns="http://www.tei-c.org/ns/1.0">
  <teiHeader>
    <fileDesc>
      <titleStmt>
        <title/>
      </titleStmt>
      <publicationStmt>
        <p/>
      </publicationStmt>
      <sourceDesc>
        <p/>
      </sourceDesc>
    </fileDesc>
    <profileDesc>
      <calendarDesc>
        <calendar xml:id="ah">
          <p>Anno Hegirae</p>
        </calendar>
      </calendarDesc>
    </profileDesc>
    <xenoData xml:space="preserve">
CREATED: 2024-04-15T09:07:54.020642+00:00
CREATED BY: eScriptorium vpassthistobuildcmd
IMAGE FILENAME: A121078386.tif
IMAGE WIDTH: 2360
IMAGE HEIGHT: 3854
</xenoData>
  </teiHeader>
  <text>
    <body>
      <div>
        <p>
          <lb/>1272
          <lb/>A la fin: Vers de Paul Voltz, empruntés à l&amp;#x27;édition originale;
          <lb/>au-dessous: Explicit philosophica Margarita. Castigatione acri
          <lb/>In nobili Helveciorum civitate Argentina Chalcogra- phatum
          <lb/>Per Joannem Grüninger Civem Argentinum in vigilia
          <lb/>Mathiae Anno incarnationis Salvatoris M. ceccc. iiji.! Va¬
          <lb/>lete &amp;amp; Plaudite.
          <lb/>In-4°, car, rom, 287 ff. non ch.. sign. B-Z, F ayant 24 ff.,
          <lb/>puis a-p. Contrefaçon de l’édition de Schott, 1503; quelques grav. ont
          <lb/>été ajoutées ou modifiées. C’est le premier ouvrage imprimé à Strasbourg
          <lb/>où l’on rencontre de l&amp;#x27;hébreu.
          <lb/>Schmidt I n° 66 cite outre l’exemplaire de Fribourg, un exem¬
          <lb/>plaire de la BN de Strasbourg, où il est introuvable. Je l’ai citée
          <lb/>d’après Schmidt, auquel je renvoie.
          <lb/>Un ex. au Catal. XX de l’Art ancien, Zurich, 1937 n° 171 pour
          <lb/>150 frs. suisses:, 287 leaves. With large woodcut on title, 38 fullpage
          <lb/>and half-page and many other woodcuts and diagrams, 1 folding plate
          <lb/>(musical diagrams). in-4°.... Proctor 9891. Rare second unauthorized edi¬
          <lb/>tion, containing for the first time the first Hebrew grammar, being also
          <lb/>the first book printed at Strassburg containing hebrew letters (according
          <lb/>to Schmidt). Smith, Rara arithmetica, p. 82... Sabin’s list, p. 2/3. Kri¬
          <lb/>steller N° 103 says that 29 of the cuts are new, 17 being rather exact
          <lb/>copies after the first edition...&amp;quot;
          <lb/>Brunet IV2, 1291.
          <lb/>1984
          <lb/>REISCH Gregorius
          <lb/>J. Schott 1504
          <lb/>Margarita Philosophica. (Même gravure que dans l&amp;#x27;édition de
          <lb/>1503.
          <lb/>A la fin après la table: Rursus exaratum pervigili, nova,
          <lb/>itemque secundaria hac opera Joannis Schotti Argenti¬
          <lb/>nensis. Chalckographi Civis; ad! 17. kalendas Apriles Anno
          <lb/>gratiae: 1504. Ad LectoremHoc nisi spectatur signa¬
          <lb/>tum nomine Schotti:Nunquam opus exactum candide
          <lb/>Lector emes. (Au verso du dernier f., marque typ. de J. Schott. HEB
          <lb/>planche IV n° 6; Silvestre n° 819.)
          <lb/>In-4°, car. rom., 329 ff. non ch., 1 f. blanc, sign. a-e, aa-tt,
          <lb/>titre courant, notes marg., init, ornée O et de nombreuses init. d’attente.
          <lb/>Mêmes grav, que dans l&amp;#x27;édition de 1503, en plus le typus geometriae et
          <lb/>plusieurs petites grav. L’édition de 1504 a paru à Bâle.
          <lb/>L’avertissement en bas de l&amp;#x27;explicit vise la contrefaçon de Gru¬
          <lb/>ninger.
          <lb/>Au verso du titre: Suo Gregorio Reisch generosi Comitis de! Zo¬
          <lb/>lern alumna Adam Wernherus Tema rensis.... Ex Heydelberga. iii. Ka¬
          <lb/>lendas Janua) rias. M. CCCC. LXXXXVI. (11 dist.)
          <lb/>Fol. tt 5a : Theodori Ulsenii Phrisii artium &amp;amp; medi- cinae Docto¬
          <lb/>ris... Ex Gymnasio Friburgensi. (10 dist.) Suivent des poésies de Jacques
          <lb/>Philomusus et de Udalr. Zasius.
        </p>
      </div>
    </body>
  </text>
</TEI>
